Linux 5.15.0-177-generic (node0.paper.datacntr-effcy-pg0.utah.cloudlab.us) 	07/11/26 	_x86_64_	(32 CPU)

00:20:10     CPU    %usr   %nice    %sys %iowait    %irq   %soft  %steal  %guest  %gnice   %idle
00:20:11     all    2.96    0.00    0.53    0.00    0.00    0.09    0.00    0.00    0.00   96.41
00:20:11       0    0.00    0.00    0.98    0.00    0.00    1.96    0.00    0.00    0.00   97.06
00:20:11       1    0.00    0.00    0.00    0.00    0.00    0.00    0.00    0.00    0.00  100.00
00:20:11       2    0.00    0.00    1.00    0.00    0.00    0.00    0.00    0.00    0.00   99.00
00:20:11       3    0.99    0.00    0.99    0.00    0.00    0.00    0.00    0.00    0.00   98.02
00:20:11       4    0.00    0.00    1.02    0.00    0.00    0.00    0.00    0.00    0.00   98.98
00:20:11       5    0.00    0.00    0.00    0.00    0.00    0.00    0.00    0.00    0.00  100.00
00:20:11       6    0.00    0.00    1.01    0.00    0.00    0.00    0.00    0.00    0.00   98.99
00:20:11       7    1.00    0.00    1.00    0.00    0.00    0.00    0.00    0.00    0.00   98.00
00:20:11       8    0.99    0.00    0.99    0.00    0.00    0.00    0.00    0.00    0.00   98.02
00:20:11       9    0.00    0.00    0.00    0.00    0.00    0.00    0.00    0.00    0.00  100.00
00:20:11      10    0.00    0.00    0.00    0.00    0.00    0.00    0.00    0.00    0.00  100.00
00:20:11      11    0.00    0.00    0.00    0.00    0.00    0.00    0.00    0.00    0.00  100.00
00:20:11      12    0.00    0.00    0.99    0.00    0.00    0.00    0.00    0.00    0.00   99.01
00:20:11      13    0.00    0.00    0.99    0.00    0.00    0.00    0.00    0.00    0.00   99.01
00:20:11      14    2.00    0.00    0.00    0.00    0.00    0.00    0.00    0.00    0.00   98.00
00:20:11      15    0.98    0.00    0.98    0.00    0.00    0.00    0.00    0.00    0.00   98.04
00:20:11      16    0.00    0.00    0.00    0.00    0.00    0.00    0.00    0.00    0.00  100.00
00:20:11      17    0.99    0.00    0.99    0.00    0.00    0.00    0.00    0.00    0.00   98.02
00:20:11      18   81.82    0.00    0.00    0.00    0.00    0.00    0.00    0.00    0.00   18.18
00:20:11      19    1.00    0.00    0.00    0.00    0.00    0.00    0.00    0.00    0.00   99.00
00:20:11      20    0.00    0.00    0.00    0.00    0.00    0.00    0.00    0.00    0.00  100.00
00:20:11      21    0.00    0.00    0.99    0.00    0.00    0.00    0.00    0.00    0.00   99.01
00:20:11      22    1.00    0.00    1.00    0.00    0.00    0.00    0.00    0.00    0.00   98.00
00:20:11      23    1.00    0.00    0.00    0.00    0.00    0.00    0.00    0.00    0.00   99.00
00:20:11      24    2.00    0.00    1.00    0.00    0.00    0.00    0.00    0.00    0.00   97.00
00:20:11      25    0.00    0.00    1.00    0.00    0.00    0.00    0.00    0.00    0.00   99.00
00:20:11      26    0.00    0.00    0.00    0.00    0.00    0.00    0.00    0.00    0.00  100.00
00:20:11      27    0.00    0.00    1.00    0.00    0.00    0.00    0.00    0.00    0.00   99.00
00:20:11      28    1.00    0.00    0.00    0.00    0.00    0.00    0.00    0.00    0.00   99.00
00:20:11      29    0.00    0.00    0.00    0.00    0.00    1.00    0.00    0.00    0.00   99.00
00:20:11      30    0.99    0.00    0.00    0.00    0.00    0.00    0.00    0.00    0.00   99.01
00:20:11      31    0.00    0.00    0.99    0.00    0.00    0.00    0.00    0.00    0.00   99.01

00:20:11     CPU    %usr   %nice    %sys %iowait    %irq   %soft  %steal  %guest  %gnice   %idle
00:20:12     all    3.16    0.00    0.00    0.00    0.00    0.00    0.00    0.00    0.00   96.84
00:20:12       0    0.00    0.00    0.00    0.00    0.00    0.00    0.00    0.00    0.00  100.00
00:20:12       1    0.00    0.00    0.00    0.00    0.00    0.00    0.00    0.00    0.00  100.00
00:20:12       2    0.00    0.00    0.00    0.00    0.00    0.00    0.00    0.00    0.00  100.00
00:20:12       3    0.00    0.00    0.00    0.00    0.00    0.00    0.00    0.00    0.00  100.00
00:20:12       4    0.00    0.00    0.00    0.00    0.00    0.00    0.00    0.00    0.00  100.00
00:20:12       5    0.00    0.00    0.00    0.00    0.00    0.00    0.00    0.00    0.00  100.00
00:20:12       6    0.00    0.00    0.00    0.00    0.00    0.00    0.00    0.00    0.00  100.00
00:20:12       7    0.00    0.00    0.00    0.00    0.00    0.00    0.00    0.00    0.00  100.00
00:20:12       8    0.00    0.00    0.00    0.00    0.00    0.00    0.00    0.00    0.00  100.00
00:20:12       9    0.00    0.00    0.00    0.00    0.00    0.00    0.00    0.00    0.00  100.00
00:20:12      10    0.99    0.00    0.00    0.00    0.00    0.00    0.00    0.00    0.00   99.01
00:20:12      11    0.00    0.00    0.00    0.00    0.00    0.00    0.00    0.00    0.00  100.00
00:20:12      12    0.00    0.00    0.00    0.00    0.00    0.00    0.00    0.00    0.00  100.00
00:20:12      13    0.00    0.00    0.00    0.00    0.00    0.00    0.00    0.00    0.00  100.00
00:20:12      14    0.00    0.00    0.00    0.00    0.00    0.00    0.00    0.00    0.00  100.00
00:20:12      15    0.00    0.00    0.00    0.00    0.00    0.00    0.00    0.00    0.00  100.00
00:20:12      16    0.00    0.00    0.00    0.00    0.00    0.00    0.00    0.00    0.00  100.00
00:20:12      17    0.00    0.00    0.00    0.00    0.00    0.00    0.00    0.00    0.00  100.00
00:20:12      18  100.00    0.00    0.00    0.00    0.00    0.00    0.00    0.00    0.00    0.00
00:20:12      19    0.00    0.00    0.00    0.00    0.00    0.00    0.00    0.00    0.00  100.00
00:20:12      20    0.00    0.00    0.00    0.00    0.00    0.00    0.00    0.00    0.00  100.00
00:20:12      21    0.00    0.00    0.00    0.00    0.00    0.00    0.00    0.00    0.00  100.00
00:20:12      22    0.00    0.00    0.00    0.00    0.00    0.00    0.00    0.00    0.00  100.00
00:20:12      23    0.00    0.00    0.00    0.00    0.00    0.00    0.00    0.00    0.00  100.00
00:20:12      24    0.00    0.00    0.00    0.00    0.00    0.00    0.00    0.00    0.00  100.00
00:20:12      25    0.00    0.00    0.00    0.00    0.00    0.00    0.00    0.00    0.00  100.00
00:20:12      26    0.00    0.00    0.00    0.00    0.00    0.00    0.00    0.00    0.00  100.00
00:20:12      27    0.00    0.00    0.00    0.00    0.00    0.00    0.00    0.00    0.00  100.00
00:20:12      28    0.00    0.00    0.00    0.00    0.00    0.00    0.00    0.00    0.00  100.00
00:20:12      29    0.00    0.00    0.00    0.00    0.00    0.00    0.00    0.00    0.00  100.00
00:20:12      30    0.00    0.00    0.00    0.00    0.00    0.00    0.00    0.00    0.00  100.00
00:20:12      31    0.00    0.00    0.00    0.00    0.00    0.00    0.00    0.00    0.00  100.00

00:20:12     CPU    %usr   %nice    %sys %iowait    %irq   %soft  %steal  %guest  %gnice   %idle
00:20:13     all    3.12    0.00    0.09    0.00    0.00    0.00    0.00    0.00    0.00   96.78
00:20:13       0    0.00    0.00    0.00    0.00    0.00    0.00    0.00    0.00    0.00  100.00
00:20:13       1    0.00    0.00    1.98    0.00    0.00    0.00    0.00    0.00    0.00   98.02
00:20:13       2    0.00    0.00    0.00    0.00    0.00    0.00    0.00    0.00    0.00  100.00
00:20:13       3    0.00    0.00    0.00    0.00    0.00    0.00    0.00    0.00    0.00  100.00
00:20:13       4    0.00    0.00    0.00    0.00    0.00    0.00    0.00    0.00    0.00  100.00
00:20:13       5    0.00    0.00    0.00    0.00    0.00    0.00    0.00    0.00    0.00  100.00
00:20:13       6    0.00    0.00    0.00    0.00    0.00    0.00    0.00    0.00    0.00  100.00
00:20:13       7    0.00    0.00    0.00    0.00    0.00    0.00    0.00    0.00    0.00  100.00
00:20:13       8    0.00    0.00    0.00    0.00    0.00    0.00    0.00    0.00    0.00  100.00
00:20:13       9    0.00    0.00    0.00    0.00    0.00    0.00    0.00    0.00    0.00  100.00
00:20:13      10    0.00    0.00    1.00    0.00    0.00    0.00    0.00    0.00    0.00   99.00
00:20:13      11    0.00    0.00    0.00    0.00    0.00    0.00    0.00    0.00    0.00  100.00
00:20:13      12    0.00    0.00    0.00    0.00    0.00    0.00    0.00    0.00    0.00  100.00
00:20:13      13    0.00    0.00    0.00    0.00    0.00    0.00    0.00    0.00    0.00  100.00
00:20:13      14    0.00    0.00    0.00    0.00    0.00    0.00    0.00    0.00    0.00  100.00
00:20:13      15    0.00    0.00    0.00    0.00    0.00    0.00    0.00    0.00    0.00  100.00
00:20:13      16    0.00    0.00    0.00    0.00    0.00    0.00    0.00    0.00    0.00  100.00
00:20:13      17    0.00    0.00    0.00    0.00    0.00    0.00    0.00    0.00    0.00  100.00
00:20:13      18  100.00    0.00    0.00    0.00    0.00    0.00    0.00    0.00    0.00    0.00
00:20:13      19    0.00    0.00    0.00    0.00    0.00    0.00    0.00    0.00    0.00  100.00
00:20:13      20    0.00    0.00    0.00    0.00    0.00    0.00    0.00    0.00    0.00  100.00
00:20:13      21    0.00    0.00    0.00    0.00    0.00    0.00    0.00    0.00    0.00  100.00
00:20:13      22    0.00    0.00    0.00    0.00    0.00    0.00    0.00    0.00    0.00  100.00
00:20:13      23    0.00    0.00    0.00    0.00    0.00    0.00    0.00    0.00    0.00  100.00
00:20:13      24    0.00    0.00    0.00    0.00    0.00    0.00    0.00    0.00    0.00  100.00
00:20:13      25    0.00    0.00    0.00    0.00    0.00    0.00    0.00    0.00    0.00  100.00
00:20:13      26    0.00    0.00    0.00    0.00    0.00    0.00    0.00    0.00    0.00  100.00
00:20:13      27    0.00    0.00    0.00    0.00    0.00    0.00    0.00    0.00    0.00  100.00
00:20:13      28    0.00    0.00    0.00    0.00    0.00    0.00    0.00    0.00    0.00  100.00
00:20:13      29    0.00    0.00    0.00    0.00    0.00    0.00    0.00    0.00    0.00  100.00
00:20:13      30    0.00    0.00    0.00    0.00    0.00    0.00    0.00    0.00    0.00  100.00
00:20:13      31    0.00    0.00    0.00    0.00    0.00    0.00    0.00    0.00    0.00  100.00

00:20:13     CPU    %usr   %nice    %sys %iowait    %irq   %soft  %steal  %guest  %gnice   %idle
00:20:14     all    3.12    0.00    0.06    0.00    0.00    0.00    0.00    0.00    0.00   96.81
00:20:14       0    0.00    0.00    0.00    0.00    0.00    0.00    0.00    0.00    0.00  100.00
00:20:14       1    0.00    0.00    1.96    0.00    0.00    0.00    0.00    0.00    0.00   98.04
00:20:14       2    0.00    0.00    0.00    0.00    0.00    0.00    0.00    0.00    0.00  100.00
00:20:14       3    0.00    0.00    0.00    0.00    0.00    0.00    0.00    0.00    0.00  100.00
00:20:14       4    0.00    0.00    0.00    0.00    0.00    0.00    0.00    0.00    0.00  100.00
00:20:14       5    0.00    0.00    0.00    0.00    0.00    0.00    0.00    0.00    0.00  100.00
00:20:14       6    0.00    0.00    0.00    0.00    0.00    0.00    0.00    0.00    0.00  100.00
00:20:14       7    0.00    0.00    0.00    0.00    0.00    0.00    0.00    0.00    0.00  100.00
00:20:14       8    0.00    0.00    0.00    0.00    0.00    0.00    0.00    0.00    0.00  100.00
00:20:14       9    0.00    0.00    0.00    0.00    0.00    0.00    0.00    0.00    0.00  100.00
00:20:14      10    0.00    0.00    0.00    0.00    0.00    0.00    0.00    0.00    0.00  100.00
00:20:14      11    0.00    0.00    0.00    0.00    0.00    0.00    0.00    0.00    0.00  100.00
00:20:14      12    0.00    0.00    0.00    0.00    0.00    0.00    0.00    0.00    0.00  100.00
00:20:14      13    0.00    0.00    0.00    0.00    0.00    0.00    0.00    0.00    0.00  100.00
00:20:14      14    0.00    0.00    0.00    0.00    0.00    0.00    0.00    0.00    0.00  100.00
00:20:14      15    0.00    0.00    0.00    0.00    0.00    0.00    0.00    0.00    0.00  100.00
00:20:14      16    0.00    0.00    0.00    0.00    0.00    0.00    0.00    0.00    0.00  100.00
00:20:14      17    0.00    0.00    0.00    0.00    0.00    0.00    0.00    0.00    0.00  100.00
00:20:14      18  100.00    0.00    0.00    0.00    0.00    0.00    0.00    0.00    0.00    0.00
00:20:14      19    0.00    0.00    0.00    0.00    0.00    0.00    0.00    0.00    0.00  100.00
00:20:14      20    0.00    0.00    0.00    0.00    0.00    0.00    0.00    0.00    0.00  100.00
00:20:14      21    0.00    0.00    0.00    0.00    0.00    0.00    0.00    0.00    0.00  100.00
00:20:14      22    0.00    0.00    0.00    0.00    0.00    0.00    0.00    0.00    0.00  100.00
00:20:14      23    0.00    0.00    0.00    0.00    0.00    0.00    0.00    0.00    0.00  100.00
00:20:14      24    0.00    0.00    0.00    0.00    0.00    0.00    0.00    0.00    0.00  100.00
00:20:14      25    0.00    0.00    0.00    0.00    0.00    0.00    0.00    0.00    0.00  100.00
00:20:14      26    0.00    0.00    0.00    0.00    0.00    0.00    0.00    0.00    0.00  100.00
00:20:14      27    0.00    0.00    0.00    0.00    0.00    0.00    0.00    0.00    0.00  100.00
00:20:14      28    0.00    0.00    0.00    0.00    0.00    0.00    0.00    0.00    0.00  100.00
00:20:14      29    0.00    0.00    0.00    0.00    0.00    0.00    0.00    0.00    0.00  100.00
00:20:14      30    0.00    0.00    0.00    0.00    0.00    0.00    0.00    0.00    0.00  100.00
00:20:14      31    0.00    0.00    0.00    0.00    0.00    0.00    0.00    0.00    0.00  100.00

00:20:14     CPU    %usr   %nice    %sys %iowait    %irq   %soft  %steal  %guest  %gnice   %idle
00:20:15     all    3.12    0.00    0.09    0.00    0.00    0.00    0.00    0.00    0.00   96.78
00:20:15       0    0.00    0.00    0.00    0.00    0.00    0.00    0.00    0.00    0.00  100.00
00:20:15       1    0.00    0.00    1.98    0.00    0.00    0.00    0.00    0.00    0.00   98.02
00:20:15       2    0.00    0.00    0.00    0.00    0.00    0.00    0.00    0.00    0.00  100.00
00:20:15       3    0.00    0.00    0.00    0.00    0.00    0.00    0.00    0.00    0.00  100.00
00:20:15       4    0.00    0.00    0.00    0.00    0.00    0.00    0.00    0.00    0.00  100.00
00:20:15       5    0.00    0.00    0.00    0.00    0.00    0.00    0.00    0.00    0.00  100.00
00:20:15       6    0.00    0.00    0.00    0.00    0.00    0.00    0.00    0.00    0.00  100.00
00:20:15       7    0.00    0.00    0.00    0.00    0.00    0.00    0.00    0.00    0.00  100.00
00:20:15       8    0.00    0.00    0.00    0.00    0.00    0.00    0.00    0.00    0.00  100.00
00:20:15       9    0.00    0.00    0.00    0.00    0.00    0.00    0.00    0.00    0.00  100.00
00:20:15      10    0.00    0.00    0.99    0.00    0.00    0.00    0.00    0.00    0.00   99.01
00:20:15      11    0.00    0.00    0.00    0.00    0.00    0.00    0.00    0.00    0.00  100.00
00:20:15      12    0.00    0.00    0.00    0.00    0.00    0.00    0.00    0.00    0.00  100.00
00:20:15      13    0.00    0.00    0.00    0.00    0.00    0.00    0.00    0.00    0.00  100.00
00:20:15      14    0.00    0.00    0.00    0.00    0.00    0.00    0.00    0.00    0.00  100.00
00:20:15      15    0.00    0.00    0.00    0.00    0.00    0.00    0.00    0.00    0.00  100.00
00:20:15      16    0.00    0.00    0.00    0.00    0.00    0.00    0.00    0.00    0.00  100.00
00:20:15      17    0.00    0.00    0.00    0.00    0.00    0.00    0.00    0.00    0.00  100.00
00:20:15      18  100.00    0.00    0.00    0.00    0.00    0.00    0.00    0.00    0.00    0.00
00:20:15      19    0.00    0.00    0.00    0.00    0.00    0.00    0.00    0.00    0.00  100.00
00:20:15      20    0.00    0.00    0.00    0.00    0.00    0.00    0.00    0.00    0.00  100.00
00:20:15      21    0.00    0.00    0.00    0.00    0.00    0.00    0.00    0.00    0.00  100.00
00:20:15      22    0.00    0.00    0.00    0.00    0.00    0.00    0.00    0.00    0.00  100.00
00:20:15      23    0.00    0.00    0.00    0.00    0.00    0.00    0.00    0.00    0.00  100.00
00:20:15      24    0.00    0.00    0.00    0.00    0.00    0.00    0.00    0.00    0.00  100.00
00:20:15      25    0.00    0.00    0.00    0.00    0.00    0.00    0.00    0.00    0.00  100.00
00:20:15      26    0.00    0.00    0.00    0.00    0.00    0.00    0.00    0.00    0.00  100.00
00:20:15      27    0.00    0.00    0.00    0.00    0.00    0.00    0.00    0.00    0.00  100.00
00:20:15      28    0.00    0.00    0.00    0.00    0.00    0.00    0.00    0.00    0.00  100.00
00:20:15      29    0.00    0.00    0.00    0.00    0.00    0.00    0.00    0.00    0.00  100.00
00:20:15      30    0.00    0.00    0.00    0.00    0.00    0.00    0.00    0.00    0.00  100.00
00:20:15      31    0.00    0.00    0.00    0.00    0.00    0.00    0.00    0.00    0.00  100.00

00:20:15     CPU    %usr   %nice    %sys %iowait    %irq   %soft  %steal  %guest  %gnice   %idle
00:20:16     all    3.13    0.00    0.03    0.00    0.00    0.00    0.00    0.00    0.00   96.84
00:20:16       0    0.00    0.00    0.00    0.00    0.00    0.00    0.00    0.00    0.00  100.00
00:20:16       1    0.00    0.00    1.00    0.00    0.00    0.00    0.00    0.00    0.00   99.00
00:20:16       2    0.00    0.00    0.00    0.00    0.00    0.00    0.00    0.00    0.00  100.00
00:20:16       3    0.00    0.00    0.00    0.00    0.00    0.00    0.00    0.00    0.00  100.00
00:20:16       4    0.00    0.00    0.00    0.00    0.00    0.00    0.00    0.00    0.00  100.00
00:20:16       5    0.00    0.00    0.00    0.00    0.00    0.00    0.00    0.00    0.00  100.00
00:20:16       6    0.00    0.00    0.00    0.00    0.00    0.00    0.00    0.00    0.00  100.00
00:20:16       7    0.00    0.00    0.00    0.00    0.00    0.00    0.00    0.00    0.00  100.00
00:20:16       8    0.00    0.00    0.00    0.00    0.00    0.00    0.00    0.00    0.00  100.00
00:20:16       9    0.00    0.00    0.00    0.00    0.00    0.00    0.00    0.00    0.00  100.00
00:20:16      10    0.00    0.00    0.00    0.00    0.00    0.00    0.00    0.00    0.00  100.00
00:20:16      11    0.00    0.00    0.00    0.00    0.00    0.00    0.00    0.00    0.00  100.00
00:20:16      12    0.00    0.00    0.00    0.00    0.00    0.00    0.00    0.00    0.00  100.00
00:20:16      13    0.00    0.00    0.00    0.00    0.00    0.00    0.00    0.00    0.00  100.00
00:20:16      14    0.00    0.00    0.00    0.00    0.00    0.00    0.00    0.00    0.00  100.00
00:20:16      15    0.00    0.00    0.00    0.00    0.00    0.00    0.00    0.00    0.00  100.00
00:20:16      16    0.00    0.00    0.00    0.00    0.00    0.00    0.00    0.00    0.00  100.00
00:20:16      17    0.00    0.00    0.00    0.00    0.00    0.00    0.00    0.00    0.00  100.00
00:20:16      18  100.00    0.00    0.00    0.00    0.00    0.00    0.00    0.00    0.00    0.00
00:20:16      19    0.00    0.00    0.00    0.00    0.00    0.00    0.00    0.00    0.00  100.00
00:20:16      20    0.00    0.00    0.00    0.00    0.00    0.00    0.00    0.00    0.00  100.00
00:20:16      21    0.00    0.00    0.00    0.00    0.00    0.00    0.00    0.00    0.00  100.00
00:20:16      22    0.00    0.00    0.00    0.00    0.00    0.00    0.00    0.00    0.00  100.00
00:20:16      23    0.00    0.00    0.00    0.00    0.00    0.00    0.00    0.00    0.00  100.00
00:20:16      24    0.00    0.00    0.00    0.00    0.00    0.00    0.00    0.00    0.00  100.00
00:20:16      25    0.00    0.00    0.00    0.00    0.00    0.00    0.00    0.00    0.00  100.00
00:20:16      26    0.00    0.00    0.00    0.00    0.00    0.00    0.00    0.00    0.00  100.00
00:20:16      27    0.00    0.00    0.00    0.00    0.00    0.00    0.00    0.00    0.00  100.00
00:20:16      28    0.00    0.00    0.00    0.00    0.00    0.00    0.00    0.00    0.00  100.00
00:20:16      29    0.00    0.00    0.00    0.00    0.00    0.00    0.00    0.00    0.00  100.00
00:20:16      30    0.00    0.00    0.00    0.00    0.00    0.00    0.00    0.00    0.00  100.00
00:20:16      31    0.00    0.00    0.00    0.00    0.00    0.00    0.00    0.00    0.00  100.00

00:20:16     CPU    %usr   %nice    %sys %iowait    %irq   %soft  %steal  %guest  %gnice   %idle
00:20:17     all    3.12    0.00    0.12    0.00    0.00    0.00    0.00    0.00    0.00   96.75
00:20:17       0    0.00    0.00    0.00    0.00    0.00    0.00    0.00    0.00    0.00  100.00
00:20:17       1    0.00    0.00    1.98    0.00    0.00    0.00    0.00    0.00    0.00   98.02
00:20:17       2    0.00    0.00    0.00    0.00    0.00    0.00    0.00    0.00    0.00  100.00
00:20:17       3    0.00    0.00    0.00    0.00    0.00    0.00    0.00    0.00    0.00  100.00
00:20:17       4    0.00    0.00    0.00    0.00    0.00    0.00    0.00    0.00    0.00  100.00
00:20:17       5    0.00    0.00    0.00    0.00    0.00    0.00    0.00    0.00    0.00  100.00
00:20:17       6    0.00    0.00    0.00    0.00    0.00    0.00    0.00    0.00    0.00  100.00
00:20:17       7    0.00    0.00    0.00    0.00    0.00    0.00    0.00    0.00    0.00  100.00
00:20:17       8    0.00    0.00    0.00    0.00    0.00    0.00    0.00    0.00    0.00  100.00
00:20:17       9    0.00    0.00    0.00    0.00    0.00    0.00    0.00    0.00    0.00  100.00
00:20:17      10    0.00    0.00    0.99    0.00    0.00    0.00    0.00    0.00    0.00   99.01
00:20:17      11    0.00    0.00    1.00    0.00    0.00    0.00    0.00    0.00    0.00   99.00
00:20:17      12    0.00    0.00    0.00    0.00    0.00    0.00    0.00    0.00    0.00  100.00
00:20:17      13    0.00    0.00    0.00    0.00    0.00    0.00    0.00    0.00    0.00  100.00
00:20:17      14    0.00    0.00    0.00    0.00    0.00    0.00    0.00    0.00    0.00  100.00
00:20:17      15    0.00    0.00    0.00    0.00    0.00    0.00    0.00    0.00    0.00  100.00
00:20:17      16    0.00    0.00    0.00    0.00    0.00    0.00    0.00    0.00    0.00  100.00
00:20:17      17    0.00    0.00    0.00    0.00    0.00    0.00    0.00    0.00    0.00  100.00
00:20:17      18  100.00    0.00    0.00    0.00    0.00    0.00    0.00    0.00    0.00    0.00
00:20:17      19    0.00    0.00    0.00    0.00    0.00    0.00    0.00    0.00    0.00  100.00
00:20:17      20    0.00    0.00    0.00    0.00    0.00    0.00    0.00    0.00    0.00  100.00
00:20:17      21    0.00    0.00    0.00    0.00    0.00    0.00    0.00    0.00    0.00  100.00
00:20:17      22    0.00    0.00    0.00    0.00    0.00    0.00    0.00    0.00    0.00  100.00
00:20:17      23    0.00    0.00    0.00    0.00    0.00    0.00    0.00    0.00    0.00  100.00
00:20:17      24    0.00    0.00    0.00    0.00    0.00    0.00    0.00    0.00    0.00  100.00
00:20:17      25    0.00    0.00    0.00    0.00    0.00    0.00    0.00    0.00    0.00  100.00
00:20:17      26    0.00    0.00    0.00    0.00    0.00    0.00    0.00    0.00    0.00  100.00
00:20:17      27    0.00    0.00    0.00    0.00    0.00    0.00    0.00    0.00    0.00  100.00
00:20:17      28    0.00    0.00    0.00    0.00    0.00    0.00    0.00    0.00    0.00  100.00
00:20:17      29    0.00    0.00    0.00    0.00    0.00    0.00    0.00    0.00    0.00  100.00
00:20:17      30    0.00    0.00    0.00    0.00    0.00    0.00    0.00    0.00    0.00  100.00
00:20:17      31    0.00    0.00    0.00    0.00    0.00    0.00    0.00    0.00    0.00  100.00

00:20:17     CPU    %usr   %nice    %sys %iowait    %irq   %soft  %steal  %guest  %gnice   %idle
00:20:18     all    3.16    0.00    0.06    0.00    0.00    0.03    0.00    0.00    0.00   96.75
00:20:18       0    0.00    0.00    0.00    0.00    0.00    0.00    0.00    0.00    0.00  100.00
00:20:18       1    0.00    0.00    1.96    0.00    0.00    0.00    0.00    0.00    0.00   98.04
00:20:18       2    0.00    0.00    0.00    0.00    0.00    0.00    0.00    0.00    0.00  100.00
00:20:18       3    0.00    0.00    0.00    0.00    0.00    0.00    0.00    0.00    0.00  100.00
00:20:18       4    0.00    0.00    0.00    0.00    0.00    0.00    0.00    0.00    0.00  100.00
00:20:18       5    0.00    0.00    0.00    0.00    0.00    0.00    0.00    0.00    0.00  100.00
00:20:18       6    1.00    0.00    0.00    0.00    0.00    0.00    0.00    0.00    0.00   99.00
00:20:18       7    0.00    0.00    0.00    0.00    0.00    0.00    0.00    0.00    0.00  100.00
00:20:18       8    0.00    0.00    0.00    0.00    0.00    0.00    0.00    0.00    0.00  100.00
00:20:18       9    0.00    0.00    0.00    0.00    0.00    0.00    0.00    0.00    0.00  100.00
00:20:18      10    0.00    0.00    0.00    0.00    0.00    0.00    0.00    0.00    0.00  100.00
00:20:18      11    0.00    0.00    0.00    0.00    0.00    0.00    0.00    0.00    0.00  100.00
00:20:18      12    0.00    0.00    0.00    0.00    0.00    0.00    0.00    0.00    0.00  100.00
00:20:18      13    0.00    0.00    0.00    0.00    0.00    0.00    0.00    0.00    0.00  100.00
00:20:18      14    0.00    0.00    0.00    0.00    0.00    0.00    0.00    0.00    0.00  100.00
00:20:18      15    0.00    0.00    0.00    0.00    0.00    0.00    0.00    0.00    0.00  100.00
00:20:18      16    0.00    0.00    0.00    0.00    0.00    0.99    0.00    0.00    0.00   99.01
00:20:18      17    0.00    0.00    0.00    0.00    0.00    0.00    0.00    0.00    0.00  100.00
00:20:18      18  100.00    0.00    0.00    0.00    0.00    0.00    0.00    0.00    0.00    0.00
00:20:18      19    0.00    0.00    0.00    0.00    0.00    0.00    0.00    0.00    0.00  100.00
00:20:18      20    0.00    0.00    0.00    0.00    0.00    0.00    0.00    0.00    0.00  100.00
00:20:18      21    0.00    0.00    0.00    0.00    0.00    0.00    0.00    0.00    0.00  100.00
00:20:18      22    0.00    0.00    0.00    0.00    0.00    0.00    0.00    0.00    0.00  100.00
00:20:18      23    0.00    0.00    0.00    0.00    0.00    0.00    0.00    0.00    0.00  100.00
00:20:18      24    0.00    0.00    0.00    0.00    0.00    0.00    0.00    0.00    0.00  100.00
00:20:18      25    0.00    0.00    0.00    0.00    0.00    0.00    0.00    0.00    0.00  100.00
00:20:18      26    0.00    0.00    0.00    0.00    0.00    0.00    0.00    0.00    0.00  100.00
00:20:18      27    0.00    0.00    0.00    0.00    0.00    0.00    0.00    0.00    0.00  100.00
00:20:18      28    0.00    0.00    0.00    0.00    0.00    0.00    0.00    0.00    0.00  100.00
00:20:18      29    0.00    0.00    0.00    0.00    0.00    0.00    0.00    0.00    0.00  100.00
00:20:18      30    0.00    0.00    0.00    0.00    0.00    0.00    0.00    0.00    0.00  100.00
00:20:18      31    0.00    0.00    0.00    0.00    0.00    0.00    0.00    0.00    0.00  100.00

00:20:18     CPU    %usr   %nice    %sys %iowait    %irq   %soft  %steal  %guest  %gnice   %idle
00:20:19     all    3.13    0.00    0.16    0.00    0.00    0.00    0.00    0.00    0.00   96.71
00:20:19       0    0.00    0.00    0.00    0.00    0.00    0.00    0.00    0.00    0.00  100.00
00:20:19       1    0.00    0.00    0.00    0.00    0.00    0.00    0.00    0.00    0.00  100.00
00:20:19       2    0.00    0.00    0.00    0.00    0.00    0.00    0.00    0.00    0.00  100.00
00:20:19       3    0.00    0.00    0.00    0.00    0.00    0.00    0.00    0.00    0.00  100.00
00:20:19       4    0.00    0.00    0.00    0.00    0.00    0.00    0.00    0.00    0.00  100.00
00:20:19       5    0.00    0.00    0.00    0.00    0.00    0.00    0.00    0.00    0.00  100.00
00:20:19       6    0.00    0.00    0.00    0.00    0.00    0.00    0.00    0.00    0.00  100.00
00:20:19       7    0.00    0.00    0.00    0.00    0.00    0.00    0.00    0.00    0.00  100.00
00:20:19       8    0.00    0.00    1.00    0.00    0.00    0.00    0.00    0.00    0.00   99.00
00:20:19       9    0.00    0.00    0.00    0.00    0.00    0.00    0.00    0.00    0.00  100.00
00:20:19      10    0.00    0.00    0.00    0.00    0.00    0.00    0.00    0.00    0.00  100.00
00:20:19      11    0.00    0.00    0.00    0.00    0.00    0.00    0.00    0.00    0.00  100.00
00:20:19      12    0.00    0.00    0.00    0.00    0.00    0.00    0.00    0.00    0.00  100.00
00:20:19      13    0.00    0.00    0.00    0.00    0.00    0.00    0.00    0.00    0.00  100.00
00:20:19      14    0.00    0.00    2.00    0.00    0.00    0.00    0.00    0.00    0.00   98.00
00:20:19      15    0.00    0.00    0.00    0.00    0.00    0.00    0.00    0.00    0.00  100.00
00:20:19      16    0.00    0.00    0.00    0.00    0.00    0.00    0.00    0.00    0.00  100.00
00:20:19      17    0.00    0.00    0.00    0.00    0.00    0.00    0.00    0.00    0.00  100.00
00:20:19      18  100.00    0.00    0.00    0.00    0.00    0.00    0.00    0.00    0.00    0.00
00:20:19      19    0.00    0.00    0.00    0.00    0.00    0.00    0.00    0.00    0.00  100.00
00:20:19      20    0.00    0.00    0.00    0.00    0.00    0.00    0.00    0.00    0.00  100.00
00:20:19      21    0.00    0.00    0.00    0.00    0.00    0.00    0.00    0.00    0.00  100.00
00:20:19      22    0.00    0.00    0.00    0.00    0.00    0.00    0.00    0.00    0.00  100.00
00:20:19      23    0.00    0.00    0.00    0.00    0.00    0.00    0.00    0.00    0.00  100.00
00:20:19      24    0.00    0.00    0.00    0.00    0.00    0.00    0.00    0.00    0.00  100.00
00:20:19      25    0.00    0.00    0.00    0.00    0.00    0.00    0.00    0.00    0.00  100.00
00:20:19      26    0.00    0.00    1.00    0.00    0.00    0.00    0.00    0.00    0.00   99.00
00:20:19      27    0.00    0.00    1.00    0.00    0.00    0.00    0.00    0.00    0.00   99.00
00:20:19      28    0.00    0.00    0.00    0.00    0.00    0.00    0.00    0.00    0.00  100.00
00:20:19      29    0.00    0.00    0.00    0.00    0.00    0.00    0.00    0.00    0.00  100.00
00:20:19      30    0.00    0.00    0.00    0.00    0.00    0.00    0.00    0.00    0.00  100.00
00:20:19      31    0.00    0.00    0.00    0.00    0.00    0.00    0.00    0.00    0.00  100.00

00:20:19     CPU    %usr   %nice    %sys %iowait    %irq   %soft  %steal  %guest  %gnice   %idle
00:20:20     all    3.13    0.00    0.03    0.00    0.00    0.00    0.00    0.00    0.00   96.84
00:20:20       0    0.00    0.00    0.00    0.00    0.00    0.00    0.00    0.00    0.00  100.00
00:20:20       1    0.00    0.00    0.00    0.00    0.00    0.00    0.00    0.00    0.00  100.00
00:20:20       2    0.00    0.00    0.00    0.00    0.00    0.00    0.00    0.00    0.00  100.00
00:20:20       3    0.00    0.00    0.00    0.00    0.00    0.00    0.00    0.00    0.00  100.00
00:20:20       4    0.00    0.00    0.00    0.00    0.00    0.00    0.00    0.00    0.00  100.00
00:20:20       5    0.00    0.00    0.00    0.00    0.00    0.00    0.00    0.00    0.00  100.00
00:20:20       6    0.00    0.00    0.99    0.00    0.00    0.00    0.00    0.00    0.00   99.01
00:20:20       7    0.00    0.00    0.00    0.00    0.00    0.00    0.00    0.00    0.00  100.00
00:20:20       8    0.00    0.00    0.00    0.00    0.00    0.00    0.00    0.00    0.00  100.00
00:20:20       9    0.00    0.00    0.00    0.00    0.00    0.00    0.00    0.00    0.00  100.00
00:20:20      10    0.00    0.00    0.00    0.00    0.00    0.00    0.00    0.00    0.00  100.00
00:20:20      11    0.00    0.00    0.00    0.00    0.00    0.00    0.00    0.00    0.00  100.00
00:20:20      12    0.00    0.00    0.00    0.00    0.00    0.00    0.00    0.00    0.00  100.00
00:20:20      13    0.00    0.00    0.00    0.00    0.00    0.00    0.00    0.00    0.00  100.00
00:20:20      14    0.00    0.00    0.00    0.00    0.00    0.00    0.00    0.00    0.00  100.00
00:20:20      15    0.00    0.00    0.00    0.00    0.00    0.00    0.00    0.00    0.00  100.00
00:20:20      16    0.00    0.00    0.00    0.00    0.00    0.00    0.00    0.00    0.00  100.00
00:20:20      17    0.00    0.00    0.00    0.00    0.00    0.00    0.00    0.00    0.00  100.00
00:20:20      18  100.00    0.00    0.00    0.00    0.00    0.00    0.00    0.00    0.00    0.00
00:20:20      19    0.00    0.00    0.00    0.00    0.00    0.00    0.00    0.00    0.00  100.00
00:20:20      20    0.00    0.00    0.00    0.00    0.00    0.00    0.00    0.00    0.00  100.00
00:20:20      21    0.00    0.00    0.00    0.00    0.00    0.00    0.00    0.00    0.00  100.00
00:20:20      22    0.00    0.00    0.00    0.00    0.00    0.00    0.00    0.00    0.00  100.00
00:20:20      23    0.00    0.00    0.00    0.00    0.00    0.00    0.00    0.00    0.00  100.00
00:20:20      24    0.00    0.00    0.00    0.00    0.00    0.00    0.00    0.00    0.00  100.00
00:20:20      25    0.00    0.00    0.00    0.00    0.00    0.00    0.00    0.00    0.00  100.00
00:20:20      26    0.00    0.00    0.00    0.00    0.00    0.00    0.00    0.00    0.00  100.00
00:20:20      27    0.00    0.00    0.00    0.00    0.00    0.00    0.00    0.00    0.00  100.00
00:20:20      28    0.00    0.00    0.00    0.00    0.00    0.00    0.00    0.00    0.00  100.00
00:20:20      29    0.00    0.00    0.00    0.00    0.00    0.00    0.00    0.00    0.00  100.00
00:20:20      30    0.00    0.00    0.00    0.00    0.00    0.00    0.00    0.00    0.00  100.00
00:20:20      31    0.00    0.00    0.00    0.00    0.00    0.00    0.00    0.00    0.00  100.00

00:20:20     CPU    %usr   %nice    %sys %iowait    %irq   %soft  %steal  %guest  %gnice   %idle
00:20:21     all    3.13    0.00    0.00    0.00    0.00    0.00    0.00    0.00    0.00   96.87
00:20:21       0    0.00    0.00    0.00    0.00    0.00    0.00    0.00    0.00    0.00  100.00
00:20:21       1    0.00    0.00    0.00    0.00    0.00    0.00    0.00    0.00    0.00  100.00
00:20:21       2    0.00    0.00    0.00    0.00    0.00    0.00    0.00    0.00    0.00  100.00
00:20:21       3    0.00    0.00    0.00    0.00    0.00    0.00    0.00    0.00    0.00  100.00
00:20:21       4    0.00    0.00    0.00    0.00    0.00    0.00    0.00    0.00    0.00  100.00
00:20:21       5    0.00    0.00    0.00    0.00    0.00    0.00    0.00    0.00    0.00  100.00
00:20:21       6    0.00    0.00    0.00    0.00    0.00    0.00    0.00    0.00    0.00  100.00
00:20:21       7    0.00    0.00    0.00    0.00    0.00    0.00    0.00    0.00    0.00  100.00
00:20:21       8    0.00    0.00    0.00    0.00    0.00    0.00    0.00    0.00    0.00  100.00
00:20:21       9    0.00    0.00    0.00    0.00    0.00    0.00    0.00    0.00    0.00  100.00
00:20:21      10    0.00    0.00    0.00    0.00    0.00    0.00    0.00    0.00    0.00  100.00
00:20:21      11    0.00    0.00    0.00    0.00    0.00    0.00    0.00    0.00    0.00  100.00
00:20:21      12    0.00    0.00    0.00    0.00    0.00    0.00    0.00    0.00    0.00  100.00
00:20:21      13    0.00    0.00    0.00    0.00    0.00    0.00    0.00    0.00    0.00  100.00
00:20:21      14    0.00    0.00    0.00    0.00    0.00    0.00    0.00    0.00    0.00  100.00
00:20:21      15    0.00    0.00    0.00    0.00    0.00    0.00    0.00    0.00    0.00  100.00
00:20:21      16    0.00    0.00    0.00    0.00    0.00    0.00    0.00    0.00    0.00  100.00
00:20:21      17    0.00    0.00    0.00    0.00    0.00    0.00    0.00    0.00    0.00  100.00
00:20:21      18  100.00    0.00    0.00    0.00    0.00    0.00    0.00    0.00    0.00    0.00
00:20:21      19    0.00    0.00    0.00    0.00    0.00    0.00    0.00    0.00    0.00  100.00
00:20:21      20    0.00    0.00    0.00    0.00    0.00    0.00    0.00    0.00    0.00  100.00
00:20:21      21    0.00    0.00    0.00    0.00    0.00    0.00    0.00    0.00    0.00  100.00
00:20:21      22    0.00    0.00    0.00    0.00    0.00    0.00    0.00    0.00    0.00  100.00
00:20:21      23    0.00    0.00    0.00    0.00    0.00    0.00    0.00    0.00    0.00  100.00
00:20:21      24    0.00    0.00    0.00    0.00    0.00    0.00    0.00    0.00    0.00  100.00
00:20:21      25    0.00    0.00    0.00    0.00    0.00    0.00    0.00    0.00    0.00  100.00
00:20:21      26    0.00    0.00    0.00    0.00    0.00    0.00    0.00    0.00    0.00  100.00
00:20:21      27    0.00    0.00    0.00    0.00    0.00    0.00    0.00    0.00    0.00  100.00
00:20:21      28    0.00    0.00    0.00    0.00    0.00    0.00    0.00    0.00    0.00  100.00
00:20:21      29    0.00    0.00    0.00    0.00    0.00    0.00    0.00    0.00    0.00  100.00
00:20:21      30    0.00    0.00    0.00    0.00    0.00    0.00    0.00    0.00    0.00  100.00
00:20:21      31    0.00    0.00    0.00    0.00    0.00    0.00    0.00    0.00    0.00  100.00

00:20:21     CPU    %usr   %nice    %sys %iowait    %irq   %soft  %steal  %guest  %gnice   %idle
00:20:22     all    3.12    0.00    0.09    0.00    0.00    0.00    0.00    0.00    0.00   96.78
00:20:22       0    0.00    0.00    0.00    0.00    0.00    0.00    0.00    0.00    0.00  100.00
00:20:22       1    0.00    0.00    1.00    0.00    0.00    0.00    0.00    0.00    0.00   99.00
00:20:22       2    0.00    0.00    0.99    0.00    0.00    0.00    0.00    0.00    0.00   99.01
00:20:22       3    0.00    0.00    0.00    0.00    0.00    0.00    0.00    0.00    0.00  100.00
00:20:22       4    0.00    0.00    0.00    0.00    0.00    0.00    0.00    0.00    0.00  100.00
00:20:22       5    0.00    0.00    0.00    0.00    0.00    0.00    0.00    0.00    0.00  100.00
00:20:22       6    0.00    0.00    0.00    0.00    0.00    0.00    0.00    0.00    0.00  100.00
00:20:22       7    0.00    0.00    0.00    0.00    0.00    0.00    0.00    0.00    0.00  100.00
00:20:22       8    0.00    0.00    0.00    0.00    0.00    0.00    0.00    0.00    0.00  100.00
00:20:22       9    0.00    0.00    0.00    0.00    0.00    0.00    0.00    0.00    0.00  100.00
00:20:22      10    0.00    0.00    0.00    0.00    0.00    0.00    0.00    0.00    0.00  100.00
00:20:22      11    0.00    0.00    0.99    0.00    0.00    0.00    0.00    0.00    0.00   99.01
00:20:22      12    0.00    0.00    0.00    0.00    0.00    0.00    0.00    0.00    0.00  100.00
00:20:22      13    0.00    0.00    0.00    0.00    0.00    0.00    0.00    0.00    0.00  100.00
00:20:22      14    0.00    0.00    0.00    0.00    0.00    0.00    0.00    0.00    0.00  100.00
00:20:22      15    0.00    0.00    0.00    0.00    0.00    0.00    0.00    0.00    0.00  100.00
00:20:22      16    0.00    0.00    0.00    0.00    0.00    0.00    0.00    0.00    0.00  100.00
00:20:22      17    0.00    0.00    0.00    0.00    0.00    0.00    0.00    0.00    0.00  100.00
00:20:22      18  100.00    0.00    0.00    0.00    0.00    0.00    0.00    0.00    0.00    0.00
00:20:22      19    0.00    0.00    0.00    0.00    0.00    0.00    0.00    0.00    0.00  100.00
00:20:22      20    0.00    0.00    0.00    0.00    0.00    0.00    0.00    0.00    0.00  100.00
00:20:22      21    0.00    0.00    0.00    0.00    0.00    0.00    0.00    0.00    0.00  100.00
00:20:22      22    0.00    0.00    0.00    0.00    0.00    0.00    0.00    0.00    0.00  100.00
00:20:22      23    0.00    0.00    0.00    0.00    0.00    0.00    0.00    0.00    0.00  100.00
00:20:22      24    0.00    0.00    0.00    0.00    0.00    0.00    0.00    0.00    0.00  100.00
00:20:22      25    0.00    0.00    0.00    0.00    0.00    0.00    0.00    0.00    0.00  100.00
00:20:22      26    0.00    0.00    0.00    0.00    0.00    0.00    0.00    0.00    0.00  100.00
00:20:22      27    0.00    0.00    0.00    0.00    0.00    0.00    0.00    0.00    0.00  100.00
00:20:22      28    0.00    0.00    0.00    0.00    0.00    0.00    0.00    0.00    0.00  100.00
00:20:22      29    0.00    0.00    0.00    0.00    0.00    0.00    0.00    0.00    0.00  100.00
00:20:22      30    0.00    0.00    0.00    0.00    0.00    0.00    0.00    0.00    0.00  100.00
00:20:22      31    0.00    0.00    0.00    0.00    0.00    0.00    0.00    0.00    0.00  100.00

00:20:22     CPU    %usr   %nice    %sys %iowait    %irq   %soft  %steal  %guest  %gnice   %idle
00:20:23     all    3.12    0.00    0.06    0.00    0.00    0.00    0.00    0.00    0.00   96.81
00:20:23       0    0.00    0.00    0.00    0.00    0.00    0.00    0.00    0.00    0.00  100.00
00:20:23       1    0.00    0.00    1.98    0.00    0.00    0.00    0.00    0.00    0.00   98.02
00:20:23       2    0.00    0.00    0.00    0.00    0.00    0.00    0.00    0.00    0.00  100.00
00:20:23       3    0.00    0.00    0.00    0.00    0.00    0.00    0.00    0.00    0.00  100.00
00:20:23       4    0.00    0.00    0.00    0.00    0.00    0.00    0.00    0.00    0.00  100.00
00:20:23       5    0.00    0.00    0.00    0.00    0.00    0.00    0.00    0.00    0.00  100.00
00:20:23       6    0.00    0.00    0.00    0.00    0.00    0.00    0.00    0.00    0.00  100.00
00:20:23       7    0.00    0.00    0.00    0.00    0.00    0.00    0.00    0.00    0.00  100.00
00:20:23       8    0.00    0.00    0.00    0.00    0.00    0.00    0.00    0.00    0.00  100.00
00:20:23       9    0.00    0.00    0.00    0.00    0.00    0.00    0.00    0.00    0.00  100.00
00:20:23      10    0.00    0.00    0.00    0.00    0.00    0.00    0.00    0.00    0.00  100.00
00:20:23      11    0.00    0.00    0.00    0.00    0.00    0.00    0.00    0.00    0.00  100.00
00:20:23      12    0.00    0.00    0.00    0.00    0.00    0.00    0.00    0.00    0.00  100.00
00:20:23      13    0.00    0.00    0.00    0.00    0.00    0.00    0.00    0.00    0.00  100.00
00:20:23      14    0.00    0.00    0.00    0.00    0.00    0.00    0.00    0.00    0.00  100.00
00:20:23      15    0.00    0.00    0.00    0.00    0.00    0.00    0.00    0.00    0.00  100.00
00:20:23      16    0.00    0.00    0.00    0.00    0.00    0.00    0.00    0.00    0.00  100.00
00:20:23      17    0.00    0.00    0.00    0.00    0.00    0.00    0.00    0.00    0.00  100.00
00:20:23      18  100.00    0.00    0.00    0.00    0.00    0.00    0.00    0.00    0.00    0.00
00:20:23      19    0.00    0.00    0.00    0.00    0.00    0.00    0.00    0.00    0.00  100.00
00:20:23      20    0.00    0.00    0.00    0.00    0.00    0.00    0.00    0.00    0.00  100.00
00:20:23      21    0.00    0.00    0.00    0.00    0.00    0.00    0.00    0.00    0.00  100.00
00:20:23      22    0.00    0.00    0.00    0.00    0.00    0.00    0.00    0.00    0.00  100.00
00:20:23      23    0.00    0.00    0.00    0.00    0.00    0.00    0.00    0.00    0.00  100.00
00:20:23      24    0.00    0.00    0.00    0.00    0.00    0.00    0.00    0.00    0.00  100.00
00:20:23      25    0.00    0.00    0.00    0.00    0.00    0.00    0.00    0.00    0.00  100.00
00:20:23      26    0.00    0.00    0.00    0.00    0.00    0.00    0.00    0.00    0.00  100.00
00:20:23      27    0.00    0.00    0.00    0.00    0.00    0.00    0.00    0.00    0.00  100.00
00:20:23      28    0.00    0.00    0.00    0.00    0.00    0.00    0.00    0.00    0.00  100.00
00:20:23      29    0.00    0.00    0.00    0.00    0.00    0.00    0.00    0.00    0.00  100.00
00:20:23      30    0.00    0.00    0.00    0.00    0.00    0.00    0.00    0.00    0.00  100.00
00:20:23      31    0.00    0.00    0.00    0.00    0.00    0.00    0.00    0.00    0.00  100.00

00:20:23     CPU    %usr   %nice    %sys %iowait    %irq   %soft  %steal  %guest  %gnice   %idle
00:20:24     all    3.15    0.00    0.06    0.00    0.00    0.00    0.00    0.00    0.00   96.78
00:20:24       0    0.00    0.00    0.00    0.00    0.00    0.00    0.00    0.00    0.00  100.00
00:20:24       1    0.98    0.00    1.96    0.00    0.00    0.00    0.00    0.00    0.00   97.06
00:20:24       2    0.00    0.00    0.00    0.00    0.00    0.00    0.00    0.00    0.00  100.00
00:20:24       3    0.00    0.00    0.00    0.00    0.00    0.00    0.00    0.00    0.00  100.00
00:20:24       4    0.00    0.00    0.00    0.00    0.00    0.00    0.00    0.00    0.00  100.00
00:20:24       5    0.00    0.00    0.00    0.00    0.00    0.00    0.00    0.00    0.00  100.00
00:20:24       6    0.00    0.00    0.00    0.00    0.00    0.00    0.00    0.00    0.00  100.00
00:20:24       7    0.00    0.00    0.00    0.00    0.00    0.00    0.00    0.00    0.00  100.00
00:20:24       8    0.00    0.00    0.00    0.00    0.00    0.00    0.00    0.00    0.00  100.00
00:20:24       9    0.00    0.00    0.00    0.00    0.00    0.00    0.00    0.00    0.00  100.00
00:20:24      10    0.00    0.00    0.00    0.00    0.00    0.00    0.00    0.00    0.00  100.00
00:20:24      11    0.00    0.00    0.00    0.00    0.00    0.00    0.00    0.00    0.00  100.00
00:20:24      12    0.00    0.00    0.00    0.00    0.00    0.00    0.00    0.00    0.00  100.00
00:20:24      13    0.00    0.00    0.00    0.00    0.00    0.00    0.00    0.00    0.00  100.00
00:20:24      14    0.00    0.00    0.00    0.00    0.00    0.00    0.00    0.00    0.00  100.00
00:20:24      15    0.00    0.00    0.00    0.00    0.00    0.00    0.00    0.00    0.00  100.00
00:20:24      16    0.00    0.00    0.00    0.00    0.00    0.00    0.00    0.00    0.00  100.00
00:20:24      17    0.00    0.00    0.00    0.00    0.00    0.00    0.00    0.00    0.00  100.00
00:20:24      18  100.00    0.00    0.00    0.00    0.00    0.00    0.00    0.00    0.00    0.00
00:20:24      19    0.00    0.00    0.00    0.00    0.00    0.00    0.00    0.00    0.00  100.00
00:20:24      20    0.00    0.00    0.00    0.00    0.00    0.00    0.00    0.00    0.00  100.00
00:20:24      21    0.00    0.00    0.00    0.00    0.00    0.00    0.00    0.00    0.00  100.00
00:20:24      22    0.00    0.00    0.00    0.00    0.00    0.00    0.00    0.00    0.00  100.00
00:20:24      23    0.00    0.00    0.00    0.00    0.00    0.00    0.00    0.00    0.00  100.00
00:20:24      24    0.00    0.00    0.00    0.00    0.00    0.00    0.00    0.00    0.00  100.00
00:20:24      25    0.00    0.00    0.00    0.00    0.00    0.00    0.00    0.00    0.00  100.00
00:20:24      26    0.00    0.00    0.00    0.00    0.00    0.00    0.00    0.00    0.00  100.00
00:20:24      27    0.00    0.00    0.00    0.00    0.00    0.00    0.00    0.00    0.00  100.00
00:20:24      28    0.00    0.00    0.00    0.00    0.00    0.00    0.00    0.00    0.00  100.00
00:20:24      29    0.00    0.00    0.00    0.00    0.00    0.00    0.00    0.00    0.00  100.00
00:20:24      30    0.00    0.00    0.00    0.00    0.00    0.00    0.00    0.00    0.00  100.00
00:20:24      31    0.00    0.00    0.00    0.00    0.00    0.00    0.00    0.00    0.00  100.00

00:20:24     CPU    %usr   %nice    %sys %iowait    %irq   %soft  %steal  %guest  %gnice   %idle
00:20:25     all    3.13    0.00    0.03    0.00    0.00    0.00    0.00    0.00    0.00   96.84
00:20:25       0    0.00    0.00    0.00    0.00    0.00    0.00    0.00    0.00    0.00  100.00
00:20:25       1    0.00    0.00    0.99    0.00    0.00    0.00    0.00    0.00    0.00   99.01
00:20:25       2    0.00    0.00    0.00    0.00    0.00    0.00    0.00    0.00    0.00  100.00
00:20:25       3    0.00    0.00    0.00    0.00    0.00    0.00    0.00    0.00    0.00  100.00
00:20:25       4    0.00    0.00    0.00    0.00    0.00    0.00    0.00    0.00    0.00  100.00
00:20:25       5    0.00    0.00    0.00    0.00    0.00    0.00    0.00    0.00    0.00  100.00
00:20:25       6    0.00    0.00    0.00    0.00    0.00    0.00    0.00    0.00    0.00  100.00
00:20:25       7    0.00    0.00    0.00    0.00    0.00    0.00    0.00    0.00    0.00  100.00
00:20:25       8    0.00    0.00    0.00    0.00    0.00    0.00    0.00    0.00    0.00  100.00
00:20:25       9    0.00    0.00    0.00    0.00    0.00    0.00    0.00    0.00    0.00  100.00
00:20:25      10    0.00    0.00    0.00    0.00    0.00    0.00    0.00    0.00    0.00  100.00
00:20:25      11    0.00    0.00    0.00    0.00    0.00    0.00    0.00    0.00    0.00  100.00
00:20:25      12    0.00    0.00    0.00    0.00    0.00    0.00    0.00    0.00    0.00  100.00
00:20:25      13    0.00    0.00    0.00    0.00    0.00    0.00    0.00    0.00    0.00  100.00
00:20:25      14    0.00    0.00    0.00    0.00    0.00    0.00    0.00    0.00    0.00  100.00
00:20:25      15    0.00    0.00    0.00    0.00    0.00    0.00    0.00    0.00    0.00  100.00
00:20:25      16    0.00    0.00    0.00    0.00    0.00    0.00    0.00    0.00    0.00  100.00
00:20:25      17    0.00    0.00    0.00    0.00    0.00    0.00    0.00    0.00    0.00  100.00
00:20:25      18  100.00    0.00    0.00    0.00    0.00    0.00    0.00    0.00    0.00    0.00
00:20:25      19    0.00    0.00    0.00    0.00    0.00    0.00    0.00    0.00    0.00  100.00
00:20:25      20    0.00    0.00    0.00    0.00    0.00    0.00    0.00    0.00    0.00  100.00
00:20:25      21    0.00    0.00    0.00    0.00    0.00    0.00    0.00    0.00    0.00  100.00
00:20:25      22    0.00    0.00    0.00    0.00    0.00    0.00    0.00    0.00    0.00  100.00
00:20:25      23    0.00    0.00    0.00    0.00    0.00    0.00    0.00    0.00    0.00  100.00
00:20:25      24    0.00    0.00    0.00    0.00    0.00    0.00    0.00    0.00    0.00  100.00
00:20:25      25    0.00    0.00    0.00    0.00    0.00    0.00    0.00    0.00    0.00  100.00
00:20:25      26    0.00    0.00    0.00    0.00    0.00    0.00    0.00    0.00    0.00  100.00
00:20:25      27    0.00    0.00    0.00    0.00    0.00    0.00    0.00    0.00    0.00  100.00
00:20:25      28    0.00    0.00    0.00    0.00    0.00    0.00    0.00    0.00    0.00  100.00
00:20:25      29    0.00    0.00    0.00    0.00    0.00    0.00    0.00    0.00    0.00  100.00
00:20:25      30    0.00    0.00    0.00    0.00    0.00    0.00    0.00    0.00    0.00  100.00
00:20:25      31    0.00    0.00    0.00    0.00    0.00    0.00    0.00    0.00    0.00  100.00

00:20:25     CPU    %usr   %nice    %sys %iowait    %irq   %soft  %steal  %guest  %gnice   %idle
00:20:26     all    3.12    0.00    0.06    0.00    0.00    0.00    0.00    0.00    0.00   96.81
00:20:26       0    0.00    0.00    0.00    0.00    0.00    0.00    0.00    0.00    0.00  100.00
00:20:26       1    0.00    0.00    1.98    0.00    0.00    0.00    0.00    0.00    0.00   98.02
00:20:26       2    0.00    0.00    0.00    0.00    0.00    0.00    0.00    0.00    0.00  100.00
00:20:26       3    0.00    0.00    0.00    0.00    0.00    0.00    0.00    0.00    0.00  100.00
00:20:26       4    0.00    0.00    0.00    0.00    0.00    0.00    0.00    0.00    0.00  100.00
00:20:26       5    0.00    0.00    0.00    0.00    0.00    0.00    0.00    0.00    0.00  100.00
00:20:26       6    0.00    0.00    0.00    0.00    0.00    0.00    0.00    0.00    0.00  100.00
00:20:26       7    0.00    0.00    0.00    0.00    0.00    0.00    0.00    0.00    0.00  100.00
00:20:26       8    0.00    0.00    0.00    0.00    0.00    0.00    0.00    0.00    0.00  100.00
00:20:26       9    0.00    0.00    0.00    0.00    0.00    0.00    0.00    0.00    0.00  100.00
00:20:26      10    0.00    0.00    0.00    0.00    0.00    0.00    0.00    0.00    0.00  100.00
00:20:26      11    0.00    0.00    0.00    0.00    0.00    0.00    0.00    0.00    0.00  100.00
00:20:26      12    0.00    0.00    0.00    0.00    0.00    0.00    0.00    0.00    0.00  100.00
00:20:26      13    0.00    0.00    0.00    0.00    0.00    0.00    0.00    0.00    0.00  100.00
00:20:26      14    0.00    0.00    0.00    0.00    0.00    0.00    0.00    0.00    0.00  100.00
00:20:26      15    0.00    0.00    0.00    0.00    0.00    0.00    0.00    0.00    0.00  100.00
00:20:26      16    0.00    0.00    0.00    0.00    0.00    0.00    0.00    0.00    0.00  100.00
00:20:26      17    0.00    0.00    0.00    0.00    0.00    0.00    0.00    0.00    0.00  100.00
00:20:26      18  100.00    0.00    0.00    0.00    0.00    0.00    0.00    0.00    0.00    0.00
00:20:26      19    0.00    0.00    0.00    0.00    0.00    0.00    0.00    0.00    0.00  100.00
00:20:26      20    0.00    0.00    0.00    0.00    0.00    0.00    0.00    0.00    0.00  100.00
00:20:26      21    0.00    0.00    0.00    0.00    0.00    0.00    0.00    0.00    0.00  100.00
00:20:26      22    0.00    0.00    0.00    0.00    0.00    0.00    0.00    0.00    0.00  100.00
00:20:26      23    0.00    0.00    0.00    0.00    0.00    0.00    0.00    0.00    0.00  100.00
00:20:26      24    0.00    0.00    0.00    0.00    0.00    0.00    0.00    0.00    0.00  100.00
00:20:26      25    0.00    0.00    0.00    0.00    0.00    0.00    0.00    0.00    0.00  100.00
00:20:26      26    0.00    0.00    0.00    0.00    0.00    0.00    0.00    0.00    0.00  100.00
00:20:26      27    0.00    0.00    0.00    0.00    0.00    0.00    0.00    0.00    0.00  100.00
00:20:26      28    0.00    0.00    0.00    0.00    0.00    0.00    0.00    0.00    0.00  100.00
00:20:26      29    0.00    0.00    0.00    0.00    0.00    0.00    0.00    0.00    0.00  100.00
00:20:26      30    0.00    0.00    0.00    0.00    0.00    0.00    0.00    0.00    0.00  100.00
00:20:26      31    0.00    0.00    0.00    0.00    0.00    0.00    0.00    0.00    0.00  100.00

00:20:26     CPU    %usr   %nice    %sys %iowait    %irq   %soft  %steal  %guest  %gnice   %idle
00:20:27     all    3.13    0.00    0.06    0.00    0.00    0.00    0.00    0.00    0.00   96.81
00:20:27       0    0.00    0.00    0.00    0.00    0.00    0.00    0.00    0.00    0.00  100.00
00:20:27       1    0.00    0.00    1.98    0.00    0.00    0.00    0.00    0.00    0.00   98.02
00:20:27       2    0.00    0.00    0.00    0.00    0.00    0.00    0.00    0.00    0.00  100.00
00:20:27       3    0.00    0.00    0.00    0.00    0.00    0.00    0.00    0.00    0.00  100.00
00:20:27       4    0.00    0.00    0.00    0.00    0.00    0.00    0.00    0.00    0.00  100.00
00:20:27       5    0.00    0.00    0.00    0.00    0.00    0.00    0.00    0.00    0.00  100.00
00:20:27       6    0.00    0.00    0.00    0.00    0.00    0.00    0.00    0.00    0.00  100.00
00:20:27       7    0.00    0.00    0.00    0.00    0.00    0.00    0.00    0.00    0.00  100.00
00:20:27       8    0.00    0.00    0.00    0.00    0.00    0.00    0.00    0.00    0.00  100.00
00:20:27       9    0.00    0.00    0.00    0.00    0.00    0.00    0.00    0.00    0.00  100.00
00:20:27      10    0.00    0.00    0.00    0.00    0.00    0.00    0.00    0.00    0.00  100.00
00:20:27      11    0.00    0.00    0.00    0.00    0.00    0.00    0.00    0.00    0.00  100.00
00:20:27      12    0.00    0.00    0.00    0.00    0.00    0.00    0.00    0.00    0.00  100.00
00:20:27      13    0.00    0.00    0.00    0.00    0.00    0.00    0.00    0.00    0.00  100.00
00:20:27      14    0.00    0.00    0.00    0.00    0.00    0.00    0.00    0.00    0.00  100.00
00:20:27      15    0.00    0.00    0.00    0.00    0.00    0.00    0.00    0.00    0.00  100.00
00:20:27      16    0.00    0.00    0.00    0.00    0.00    0.00    0.00    0.00    0.00  100.00
00:20:27      17    0.00    0.00    0.00    0.00    0.00    0.00    0.00    0.00    0.00  100.00
00:20:27      18  100.00    0.00    0.00    0.00    0.00    0.00    0.00    0.00    0.00    0.00
00:20:27      19    0.00    0.00    0.00    0.00    0.00    0.00    0.00    0.00    0.00  100.00
00:20:27      20    0.00    0.00    0.00    0.00    0.00    0.00    0.00    0.00    0.00  100.00
00:20:27      21    0.00    0.00    0.00    0.00    0.00    0.00    0.00    0.00    0.00  100.00
00:20:27      22    0.00    0.00    0.00    0.00    0.00    0.00    0.00    0.00    0.00  100.00
00:20:27      23    0.00    0.00    0.00    0.00    0.00    0.00    0.00    0.00    0.00  100.00
00:20:27      24    0.00    0.00    0.00    0.00    0.00    0.00    0.00    0.00    0.00  100.00
00:20:27      25    0.00    0.00    0.00    0.00    0.00    0.00    0.00    0.00    0.00  100.00
00:20:27      26    0.00    0.00    0.00    0.00    0.00    0.00    0.00    0.00    0.00  100.00
00:20:27      27    0.00    0.00    0.00    0.00    0.00    0.00    0.00    0.00    0.00  100.00
00:20:27      28    0.00    0.00    0.00    0.00    0.00    0.00    0.00    0.00    0.00  100.00
00:20:27      29    0.00    0.00    0.00    0.00    0.00    0.00    0.00    0.00    0.00  100.00
00:20:27      30    0.00    0.00    0.00    0.00    0.00    0.00    0.00    0.00    0.00  100.00
00:20:27      31    0.00    0.00    0.00    0.00    0.00    0.00    0.00    0.00    0.00  100.00

00:20:27     CPU    %usr   %nice    %sys %iowait    %irq   %soft  %steal  %guest  %gnice   %idle
00:20:28     all    3.12    0.00    0.09    0.00    0.00    0.00    0.00    0.00    0.00   96.78
00:20:28       0    0.00    0.00    0.00    0.00    0.00    0.00    0.00    0.00    0.00  100.00
00:20:28       1    0.00    0.00    1.96    0.00    0.00    0.00    0.00    0.00    0.00   98.04
00:20:28       2    0.00    0.00    0.00    0.00    0.00    0.00    0.00    0.00    0.00  100.00
00:20:28       3    0.00    0.00    0.00    0.00    0.00    0.00    0.00    0.00    0.00  100.00
00:20:28       4    0.00    0.00    0.00    0.00    0.00    0.00    0.00    0.00    0.00  100.00
00:20:28       5    0.00    0.00    0.00    0.00    0.00    0.00    0.00    0.00    0.00  100.00
00:20:28       6    0.00    0.00    0.00    0.00    0.00    0.00    0.00    0.00    0.00  100.00
00:20:28       7    0.00    0.00    0.00    0.00    0.00    0.00    0.00    0.00    0.00  100.00
00:20:28       8    0.00    0.00    0.00    0.00    0.00    0.00    0.00    0.00    0.00  100.00
00:20:28       9    0.00    0.00    0.00    0.00    0.00    0.00    0.00    0.00    0.00  100.00
00:20:28      10    0.00    0.00    0.00    0.00    0.00    0.00    0.00    0.00    0.00  100.00
00:20:28      11    0.00    0.00    0.00    0.00    0.00    0.00    0.00    0.00    0.00  100.00
00:20:28      12    0.00    0.00    0.00    0.00    0.00    0.00    0.00    0.00    0.00  100.00
00:20:28      13    0.00    0.00    0.00    0.00    0.00    0.00    0.00    0.00    0.00  100.00
00:20:28      14    0.00    0.00    0.00    0.00    0.00    0.00    0.00    0.00    0.00  100.00
00:20:28      15    0.00    0.00    0.00    0.00    0.00    0.00    0.00    0.00    0.00  100.00
00:20:28      16    0.00    0.00    0.00    0.00    0.00    0.00    0.00    0.00    0.00  100.00
00:20:28      17    0.00    0.00    0.00    0.00    0.00    0.00    0.00    0.00    0.00  100.00
00:20:28      18  100.00    0.00    0.00    0.00    0.00    0.00    0.00    0.00    0.00    0.00
00:20:28      19    0.00    0.00    0.00    0.00    0.00    0.00    0.00    0.00    0.00  100.00
00:20:28      20    0.00    0.00    0.00    0.00    0.00    0.00    0.00    0.00    0.00  100.00
00:20:28      21    0.00    0.00    0.00    0.00    0.00    0.00    0.00    0.00    0.00  100.00
00:20:28      22    0.00    0.00    0.00    0.00    0.00    0.00    0.00    0.00    0.00  100.00
00:20:28      23    0.00    0.00    0.00    0.00    0.00    0.00    0.00    0.00    0.00  100.00
00:20:28      24    0.00    0.00    0.00    0.00    0.00    0.00    0.00    0.00    0.00  100.00
00:20:28      25    0.00    0.00    0.00    0.00    0.00    0.00    0.00    0.00    0.00  100.00
00:20:28      26    0.00    0.00    0.99    0.00    0.00    0.00    0.00    0.00    0.00   99.01
00:20:28      27    0.00    0.00    0.00    0.00    0.00    0.00    0.00    0.00    0.00  100.00
00:20:28      28    0.00    0.00    0.00    0.00    0.00    0.00    0.00    0.00    0.00  100.00
00:20:28      29    0.00    0.00    0.00    0.00    0.00    0.00    0.00    0.00    0.00  100.00
00:20:28      30    0.00    0.00    0.00    0.00    0.00    0.00    0.00    0.00    0.00  100.00
00:20:28      31    0.00    0.00    0.00    0.00    0.00    0.00    0.00    0.00    0.00  100.00

00:20:28     CPU    %usr   %nice    %sys %iowait    %irq   %soft  %steal  %guest  %gnice   %idle
00:20:29     all    3.13    0.00    0.03    0.00    0.00    0.00    0.00    0.00    0.00   96.84
00:20:29       0    0.00    0.00    0.00    0.00    0.00    0.00    0.00    0.00    0.00  100.00
00:20:29       1    0.00    0.00    0.00    0.00    0.00    0.00    0.00    0.00    0.00  100.00
00:20:29       2    0.00    0.00    0.00    0.00    0.00    0.00    0.00    0.00    0.00  100.00
00:20:29       3    0.00    0.00    0.00    0.00    0.00    0.00    0.00    0.00    0.00  100.00
00:20:29       4    0.00    0.00    0.00    0.00    0.00    0.00    0.00    0.00    0.00  100.00
00:20:29       5    0.00    0.00    0.00    0.00    0.00    0.00    0.00    0.00    0.00  100.00
00:20:29       6    0.00    0.00    0.00    0.00    0.00    0.00    0.00    0.00    0.00  100.00
00:20:29       7    0.00    0.00    0.00    0.00    0.00    0.00    0.00    0.00    0.00  100.00
00:20:29       8    0.00    0.00    0.00    0.00    0.00    0.00    0.00    0.00    0.00  100.00
00:20:29       9    0.00    0.00    0.00    0.00    0.00    0.00    0.00    0.00    0.00  100.00
00:20:29      10    0.00    0.00    0.00    0.00    0.00    0.00    0.00    0.00    0.00  100.00
00:20:29      11    0.00    0.00    0.00    0.00    0.00    0.00    0.00    0.00    0.00  100.00
00:20:29      12    0.00    0.00    0.00    0.00    0.00    0.00    0.00    0.00    0.00  100.00
00:20:29      13    0.00    0.00    0.00    0.00    0.00    0.00    0.00    0.00    0.00  100.00
00:20:29      14    0.00    0.00    1.01    0.00    0.00    0.00    0.00    0.00    0.00   98.99
00:20:29      15    0.00    0.00    0.00    0.00    0.00    0.00    0.00    0.00    0.00  100.00
00:20:29      16    0.00    0.00    0.00    0.00    0.00    0.00    0.00    0.00    0.00  100.00
00:20:29      17    0.00    0.00    0.00    0.00    0.00    0.00    0.00    0.00    0.00  100.00
00:20:29      18  100.00    0.00    0.00    0.00    0.00    0.00    0.00    0.00    0.00    0.00
00:20:29      19    0.00    0.00    0.00    0.00    0.00    0.00    0.00    0.00    0.00  100.00
00:20:29      20    0.00    0.00    0.00    0.00    0.00    0.00    0.00    0.00    0.00  100.00
00:20:29      21    0.00    0.00    0.00    0.00    0.00    0.00    0.00    0.00    0.00  100.00
00:20:29      22    0.00    0.00    0.00    0.00    0.00    0.00    0.00    0.00    0.00  100.00
00:20:29      23    0.00    0.00    0.00    0.00    0.00    0.00    0.00    0.00    0.00  100.00
00:20:29      24    0.00    0.00    0.00    0.00    0.00    0.00    0.00    0.00    0.00  100.00
00:20:29      25    0.00    0.00    0.00    0.00    0.00    0.00    0.00    0.00    0.00  100.00
00:20:29      26    0.00    0.00    0.00    0.00    0.00    0.00    0.00    0.00    0.00  100.00
00:20:29      27    0.00    0.00    0.00    0.00    0.00    0.00    0.00    0.00    0.00  100.00
00:20:29      28    0.00    0.00    0.00    0.00    0.00    0.00    0.00    0.00    0.00  100.00
00:20:29      29    0.00    0.00    0.00    0.00    0.00    0.00    0.00    0.00    0.00  100.00
00:20:29      30    0.00    0.00    0.00    0.00    0.00    0.00    0.00    0.00    0.00  100.00
00:20:29      31    0.00    0.00    0.00    0.00    0.00    0.00    0.00    0.00    0.00  100.00

00:20:29     CPU    %usr   %nice    %sys %iowait    %irq   %soft  %steal  %guest  %gnice   %idle
00:20:30     all    3.13    0.00    0.03    0.00    0.00    0.00    0.00    0.00    0.00   96.84
00:20:30       0    0.00    0.00    0.00    0.00    0.00    0.00    0.00    0.00    0.00  100.00
00:20:30       1    0.00    0.00    0.00    0.00    0.00    0.00    0.00    0.00    0.00  100.00
00:20:30       2    0.00    0.00    0.00    0.00    0.00    0.00    0.00    0.00    0.00  100.00
00:20:30       3    0.00    0.00    0.99    0.00    0.00    0.00    0.00    0.00    0.00   99.01
00:20:30       4    0.00    0.00    0.00    0.00    0.00    0.00    0.00    0.00    0.00  100.00
00:20:30       5    0.00    0.00    0.00    0.00    0.00    0.00    0.00    0.00    0.00  100.00
00:20:30       6    0.00    0.00    0.00    0.00    0.00    0.00    0.00    0.00    0.00  100.00
00:20:30       7    0.00    0.00    0.00    0.00    0.00    0.00    0.00    0.00    0.00  100.00
00:20:30       8    0.00    0.00    0.00    0.00    0.00    0.00    0.00    0.00    0.00  100.00
00:20:30       9    0.00    0.00    0.00    0.00    0.00    0.00    0.00    0.00    0.00  100.00
00:20:30      10    0.00    0.00    0.00    0.00    0.00    0.00    0.00    0.00    0.00  100.00
00:20:30      11    0.00    0.00    0.00    0.00    0.00    0.00    0.00    0.00    0.00  100.00
00:20:30      12    0.00    0.00    0.00    0.00    0.00    0.00    0.00    0.00    0.00  100.00
00:20:30      13    0.00    0.00    0.00    0.00    0.00    0.00    0.00    0.00    0.00  100.00
00:20:30      14    0.00    0.00    0.00    0.00    0.00    0.00    0.00    0.00    0.00  100.00
00:20:30      15    0.00    0.00    0.00    0.00    0.00    0.00    0.00    0.00    0.00  100.00
00:20:30      16    0.00    0.00    0.00    0.00    0.00    0.00    0.00    0.00    0.00  100.00
00:20:30      17    0.00    0.00    0.00    0.00    0.00    0.00    0.00    0.00    0.00  100.00
00:20:30      18  100.00    0.00    0.00    0.00    0.00    0.00    0.00    0.00    0.00    0.00
00:20:30      19    0.00    0.00    0.00    0.00    0.00    0.00    0.00    0.00    0.00  100.00
00:20:30      20    0.00    0.00    0.00    0.00    0.00    0.00    0.00    0.00    0.00  100.00
00:20:30      21    0.00    0.00    0.00    0.00    0.00    0.00    0.00    0.00    0.00  100.00
00:20:30      22    0.00    0.00    0.00    0.00    0.00    0.00    0.00    0.00    0.00  100.00
00:20:30      23    0.00    0.00    0.00    0.00    0.00    0.00    0.00    0.00    0.00  100.00
00:20:30      24    0.00    0.00    0.00    0.00    0.00    0.00    0.00    0.00    0.00  100.00
00:20:30      25    0.00    0.00    0.00    0.00    0.00    0.00    0.00    0.00    0.00  100.00
00:20:30      26    0.00    0.00    0.00    0.00    0.00    0.00    0.00    0.00    0.00  100.00
00:20:30      27    0.00    0.00    0.00    0.00    0.00    0.00    0.00    0.00    0.00  100.00
00:20:30      28    0.00    0.00    0.00    0.00    0.00    0.00    0.00    0.00    0.00  100.00
00:20:30      29    0.00    0.00    0.00    0.00    0.00    0.00    0.00    0.00    0.00  100.00
00:20:30      30    0.00    0.00    0.00    0.00    0.00    0.00    0.00    0.00    0.00  100.00
00:20:30      31    0.00    0.00    0.00    0.00    0.00    0.00    0.00    0.00    0.00  100.00

00:20:30     CPU    %usr   %nice    %sys %iowait    %irq   %soft  %steal  %guest  %gnice   %idle
00:20:31     all    3.12    0.00    0.06    0.00    0.00    0.00    0.00    0.00    0.00   96.81
00:20:31       0    0.00    0.00    0.00    0.00    0.00    0.00    0.00    0.00    0.00  100.00
00:20:31       1    0.00    0.00    1.96    0.00    0.00    0.00    0.00    0.00    0.00   98.04
00:20:31       2    0.00    0.00    0.00    0.00    0.00    0.00    0.00    0.00    0.00  100.00
00:20:31       3    0.00    0.00    0.00    0.00    0.00    0.00    0.00    0.00    0.00  100.00
00:20:31       4    0.00    0.00    0.00    0.00    0.00    0.00    0.00    0.00    0.00  100.00
00:20:31       5    0.00    0.00    0.00    0.00    0.00    0.00    0.00    0.00    0.00  100.00
00:20:31       6    0.00    0.00    0.00    0.00    0.00    0.00    0.00    0.00    0.00  100.00
00:20:31       7    0.00    0.00    0.00    0.00    0.00    0.00    0.00    0.00    0.00  100.00
00:20:31       8    0.00    0.00    0.00    0.00    0.00    0.00    0.00    0.00    0.00  100.00
00:20:31       9    0.00    0.00    0.00    0.00    0.00    0.00    0.00    0.00    0.00  100.00
00:20:31      10    0.00    0.00    0.00    0.00    0.00    0.00    0.00    0.00    0.00  100.00
00:20:31      11    0.00    0.00    0.00    0.00    0.00    0.00    0.00    0.00    0.00  100.00
00:20:31      12    0.00    0.00    0.00    0.00    0.00    0.00    0.00    0.00    0.00  100.00
00:20:31      13    0.00    0.00    0.00    0.00    0.00    0.00    0.00    0.00    0.00  100.00
00:20:31      14    0.00    0.00    0.00    0.00    0.00    0.00    0.00    0.00    0.00  100.00
00:20:31      15    0.00    0.00    0.00    0.00    0.00    0.00    0.00    0.00    0.00  100.00
00:20:31      16    0.00    0.00    0.00    0.00    0.00    0.00    0.00    0.00    0.00  100.00
00:20:31      17    0.00    0.00    0.00    0.00    0.00    0.00    0.00    0.00    0.00  100.00
00:20:31      18  100.00    0.00    0.00    0.00    0.00    0.00    0.00    0.00    0.00    0.00
00:20:31      19    0.00    0.00    0.00    0.00    0.00    0.00    0.00    0.00    0.00  100.00
00:20:31      20    0.00    0.00    0.00    0.00    0.00    0.00    0.00    0.00    0.00  100.00
00:20:31      21    0.00    0.00    0.00    0.00    0.00    0.00    0.00    0.00    0.00  100.00
00:20:31      22    0.00    0.00    0.00    0.00    0.00    0.00    0.00    0.00    0.00  100.00
00:20:31      23    0.00    0.00    0.00    0.00    0.00    0.00    0.00    0.00    0.00  100.00
00:20:31      24    0.00    0.00    0.00    0.00    0.00    0.00    0.00    0.00    0.00  100.00
00:20:31      25    0.00    0.00    0.00    0.00    0.00    0.00    0.00    0.00    0.00  100.00
00:20:31      26    0.00    0.00    0.00    0.00    0.00    0.00    0.00    0.00    0.00  100.00
00:20:31      27    0.00    0.00    0.00    0.00    0.00    0.00    0.00    0.00    0.00  100.00
00:20:31      28    0.00    0.00    0.00    0.00    0.00    0.00    0.00    0.00    0.00  100.00
00:20:31      29    0.00    0.00    0.00    0.00    0.00    0.00    0.00    0.00    0.00  100.00
00:20:31      30    0.00    0.00    0.00    0.00    0.00    0.00    0.00    0.00    0.00  100.00
00:20:31      31    0.00    0.00    0.00    0.00    0.00    0.00    0.00    0.00    0.00  100.00

00:20:31     CPU    %usr   %nice    %sys %iowait    %irq   %soft  %steal  %guest  %gnice   %idle
00:20:32     all    3.13    0.00    0.00    0.00    0.00    0.00    0.00    0.00    0.00   96.87
00:20:32       0    0.00    0.00    0.00    0.00    0.00    0.00    0.00    0.00    0.00  100.00
00:20:32       1    0.00    0.00    0.00    0.00    0.00    0.00    0.00    0.00    0.00  100.00
00:20:32       2    0.00    0.00    0.00    0.00    0.00    0.00    0.00    0.00    0.00  100.00
00:20:32       3    0.00    0.00    0.00    0.00    0.00    0.00    0.00    0.00    0.00  100.00
00:20:32       4    0.00    0.00    0.00    0.00    0.00    0.00    0.00    0.00    0.00  100.00
00:20:32       5    0.00    0.00    0.00    0.00    0.00    0.00    0.00    0.00    0.00  100.00
00:20:32       6    0.00    0.00    0.00    0.00    0.00    0.00    0.00    0.00    0.00  100.00
00:20:32       7    0.00    0.00    0.00    0.00    0.00    0.00    0.00    0.00    0.00  100.00
00:20:32       8    0.00    0.00    0.00    0.00    0.00    0.00    0.00    0.00    0.00  100.00
00:20:32       9    0.00    0.00    0.00    0.00    0.00    0.00    0.00    0.00    0.00  100.00
00:20:32      10    0.00    0.00    0.00    0.00    0.00    0.00    0.00    0.00    0.00  100.00
00:20:32      11    0.00    0.00    0.00    0.00    0.00    0.00    0.00    0.00    0.00  100.00
00:20:32      12    0.00    0.00    0.00    0.00    0.00    0.00    0.00    0.00    0.00  100.00
00:20:32      13    0.00    0.00    0.00    0.00    0.00    0.00    0.00    0.00    0.00  100.00
00:20:32      14    0.00    0.00    0.00    0.00    0.00    0.00    0.00    0.00    0.00  100.00
00:20:32      15    0.00    0.00    0.00    0.00    0.00    0.00    0.00    0.00    0.00  100.00
00:20:32      16    0.00    0.00    0.00    0.00    0.00    0.00    0.00    0.00    0.00  100.00
00:20:32      17    0.00    0.00    0.00    0.00    0.00    0.00    0.00    0.00    0.00  100.00
00:20:32      18  100.00    0.00    0.00    0.00    0.00    0.00    0.00    0.00    0.00    0.00
00:20:32      19    0.00    0.00    0.00    0.00    0.00    0.00    0.00    0.00    0.00  100.00
00:20:32      20    0.00    0.00    0.00    0.00    0.00    0.00    0.00    0.00    0.00  100.00
00:20:32      21    0.00    0.00    0.00    0.00    0.00    0.00    0.00    0.00    0.00  100.00
00:20:32      22    0.00    0.00    0.00    0.00    0.00    0.00    0.00    0.00    0.00  100.00
00:20:32      23    0.00    0.00    0.00    0.00    0.00    0.00    0.00    0.00    0.00  100.00
00:20:32      24    0.00    0.00    0.00    0.00    0.00    0.00    0.00    0.00    0.00  100.00
00:20:32      25    0.00    0.00    0.00    0.00    0.00    0.00    0.00    0.00    0.00  100.00
00:20:32      26    0.00    0.00    0.00    0.00    0.00    0.00    0.00    0.00    0.00  100.00
00:20:32      27    0.00    0.00    0.00    0.00    0.00    0.00    0.00    0.00    0.00  100.00
00:20:32      28    0.00    0.00    0.00    0.00    0.00    0.00    0.00    0.00    0.00  100.00
00:20:32      29    0.00    0.00    0.00    0.00    0.00    0.00    0.00    0.00    0.00  100.00
00:20:32      30    0.00    0.00    0.00    0.00    0.00    0.00    0.00    0.00    0.00  100.00
00:20:32      31    0.00    0.00    0.00    0.00    0.00    0.00    0.00    0.00    0.00  100.00

00:20:32     CPU    %usr   %nice    %sys %iowait    %irq   %soft  %steal  %guest  %gnice   %idle
00:20:33     all    3.16    0.00    0.03    0.00    0.00    0.00    0.00    0.00    0.00   96.81
00:20:33       0    0.00    0.00    0.00    0.00    0.00    0.00    0.00    0.00    0.00  100.00
00:20:33       1    0.00    0.00    0.00    0.00    0.00    0.00    0.00    0.00    0.00  100.00
00:20:33       2   29.70    0.00    0.00    0.00    0.00    0.00    0.00    0.00    0.00   70.30
00:20:33       3    0.00    0.00    0.00    0.00    0.00    0.00    0.00    0.00    0.00  100.00
00:20:33       4    0.00    0.00    0.00    0.00    0.00    0.00    0.00    0.00    0.00  100.00
00:20:33       5    0.00    0.00    0.00    0.00    0.00    0.00    0.00    0.00    0.00  100.00
00:20:33       6    0.00    0.00    0.00    0.00    0.00    0.00    0.00    0.00    0.00  100.00
00:20:33       7    0.00    0.00    0.00    0.00    0.00    0.00    0.00    0.00    0.00  100.00
00:20:33       8    0.00    0.00    0.00    0.00    0.00    0.00    0.00    0.00    0.00  100.00
00:20:33       9    0.00    0.00    0.00    0.00    0.00    0.00    0.00    0.00    0.00  100.00
00:20:33      10    0.00    0.00    0.00    0.00    0.00    0.00    0.00    0.00    0.00  100.00
00:20:33      11    0.00    0.00    0.00    0.00    0.00    0.00    0.00    0.00    0.00  100.00
00:20:33      12    0.00    0.00    0.99    0.00    0.00    0.00    0.00    0.00    0.00   99.01
00:20:33      13    0.00    0.00    0.00    0.00    0.00    0.00    0.00    0.00    0.00  100.00
00:20:33      14    0.00    0.00    0.00    0.00    0.00    0.00    0.00    0.00    0.00  100.00
00:20:33      15    0.00    0.00    0.00    0.00    0.00    0.00    0.00    0.00    0.00  100.00
00:20:33      16    0.00    0.00    0.00    0.00    0.00    0.00    0.00    0.00    0.00  100.00
00:20:33      17    0.00    0.00    0.00    0.00    0.00    0.00    0.00    0.00    0.00  100.00
00:20:33      18   71.00    0.00    0.00    0.00    0.00    0.00    0.00    0.00    0.00   29.00
00:20:33      19    0.00    0.00    0.00    0.00    0.00    0.00    0.00    0.00    0.00  100.00
00:20:33      20    0.00    0.00    0.00    0.00    0.00    0.00    0.00    0.00    0.00  100.00
00:20:33      21    0.00    0.00    0.00    0.00    0.00    0.00    0.00    0.00    0.00  100.00
00:20:33      22    0.00    0.00    0.00    0.00    0.00    0.00    0.00    0.00    0.00  100.00
00:20:33      23    0.00    0.00    0.00    0.00    0.00    0.00    0.00    0.00    0.00  100.00
00:20:33      24    0.00    0.00    0.00    0.00    0.00    0.00    0.00    0.00    0.00  100.00
00:20:33      25    0.00    0.00    0.00    0.00    0.00    0.00    0.00    0.00    0.00  100.00
00:20:33      26    0.00    0.00    0.00    0.00    0.00    0.00    0.00    0.00    0.00  100.00
00:20:33      27    0.00    0.00    0.00    0.00    0.00    0.00    0.00    0.00    0.00  100.00
00:20:33      28    0.00    0.00    0.00    0.00    0.00    0.00    0.00    0.00    0.00  100.00
00:20:33      29    0.00    0.00    0.00    0.00    0.00    0.00    0.00    0.00    0.00  100.00
00:20:33      30    0.00    0.00    0.00    0.00    0.00    0.00    0.00    0.00    0.00  100.00
00:20:33      31    0.00    0.00    0.00    0.00    0.00    0.00    0.00    0.00    0.00  100.00

00:20:33     CPU    %usr   %nice    %sys %iowait    %irq   %soft  %steal  %guest  %gnice   %idle
00:20:34     all    3.10    0.00    0.00    0.00    0.00    0.00    0.00    0.00    0.00   96.90
00:20:34       0    0.00    0.00    0.00    0.00    0.00    0.00    0.00    0.00    0.00  100.00
00:20:34       1    0.00    0.00    0.00    0.00    0.00    0.00    0.00    0.00    0.00  100.00
00:20:34       2  100.00    0.00    0.00    0.00    0.00    0.00    0.00    0.00    0.00    0.00
00:20:34       3    0.00    0.00    0.00    0.00    0.00    0.00    0.00    0.00    0.00  100.00
00:20:34       4    0.00    0.00    0.00    0.00    0.00    0.00    0.00    0.00    0.00  100.00
00:20:34       5    0.00    0.00    0.00    0.00    0.00    0.00    0.00    0.00    0.00  100.00
00:20:34       6    0.00    0.00    0.00    0.00    0.00    0.00    0.00    0.00    0.00  100.00
00:20:34       7    0.00    0.00    0.00    0.00    0.00    0.00    0.00    0.00    0.00  100.00
00:20:34       8    0.00    0.00    0.00    0.00    0.00    0.00    0.00    0.00    0.00  100.00
00:20:34       9    0.00    0.00    0.00    0.00    0.00    0.00    0.00    0.00    0.00  100.00
00:20:34      10    0.00    0.00    0.00    0.00    0.00    0.00    0.00    0.00    0.00  100.00
00:20:34      11    0.00    0.00    0.00    0.00    0.00    0.00    0.00    0.00    0.00  100.00
00:20:34      12    0.00    0.00    0.00    0.00    0.00    0.00    0.00    0.00    0.00  100.00
00:20:34      13    0.00    0.00    0.00    0.00    0.00    0.00    0.00    0.00    0.00  100.00
00:20:34      14    0.00    0.00    0.00    0.00    0.00    0.00    0.00    0.00    0.00  100.00
00:20:34      15    0.00    0.00    0.00    0.00    0.00    0.00    0.00    0.00    0.00  100.00
00:20:34      16    0.00    0.00    0.00    0.00    0.00    0.00    0.00    0.00    0.00  100.00
00:20:34      17    0.00    0.00    0.00    0.00    0.00    0.00    0.00    0.00    0.00  100.00
00:20:34      18    0.00    0.00    0.00    0.00    0.00    0.00    0.00    0.00    0.00  100.00
00:20:34      19    0.00    0.00    0.00    0.00    0.00    0.00    0.00    0.00    0.00  100.00
00:20:34      20    0.00    0.00    0.00    0.00    0.00    0.00    0.00    0.00    0.00  100.00
00:20:34      21    0.00    0.00    0.00    0.00    0.00    0.00    0.00    0.00    0.00  100.00
00:20:34      22    0.00    0.00    0.00    0.00    0.00    0.00    0.00    0.00    0.00  100.00
00:20:34      23    0.00    0.00    0.00    0.00    0.00    0.00    0.00    0.00    0.00  100.00
00:20:34      24    0.00    0.00    0.00    0.00    0.00    0.00    0.00    0.00    0.00  100.00
00:20:34      25    0.00    0.00    0.00    0.00    0.00    0.00    0.00    0.00    0.00  100.00
00:20:34      26    0.00    0.00    0.00    0.00    0.00    0.00    0.00    0.00    0.00  100.00
00:20:34      27    0.00    0.00    0.00    0.00    0.00    0.00    0.00    0.00    0.00  100.00
00:20:34      28    0.00    0.00    0.00    0.00    0.00    0.00    0.00    0.00    0.00  100.00
00:20:34      29    0.00    0.00    0.00    0.00    0.00    0.00    0.00    0.00    0.00  100.00
00:20:34      30    0.00    0.00    0.00    0.00    0.00    0.00    0.00    0.00    0.00  100.00
00:20:34      31    0.00    0.00    0.00    0.00    0.00    0.00    0.00    0.00    0.00  100.00

00:20:34     CPU    %usr   %nice    %sys %iowait    %irq   %soft  %steal  %guest  %gnice   %idle
00:20:35     all    3.06    0.00    0.06    0.00    0.00    0.00    0.00    0.00    0.00   96.88
00:20:35       0    0.00    0.00    0.00    0.00    0.00    0.00    0.00    0.00    0.00  100.00
00:20:35       1    0.00    0.00    0.00    0.00    0.00    0.00    0.00    0.00    0.00  100.00
00:20:35       2   98.00    0.00    2.00    0.00    0.00    0.00    0.00    0.00    0.00    0.00
00:20:35       3    0.00    0.00    0.00    0.00    0.00    0.00    0.00    0.00    0.00  100.00
00:20:35       4    0.00    0.00    0.00    0.00    0.00    0.00    0.00    0.00    0.00  100.00
00:20:35       5    0.00    0.00    0.00    0.00    0.00    0.00    0.00    0.00    0.00  100.00
00:20:35       6    0.00    0.00    0.00    0.00    0.00    0.00    0.00    0.00    0.00  100.00
00:20:35       7    0.00    0.00    0.00    0.00    0.00    0.00    0.00    0.00    0.00  100.00
00:20:35       8    0.00    0.00    0.00    0.00    0.00    0.00    0.00    0.00    0.00  100.00
00:20:35       9    0.00    0.00    0.00    0.00    0.00    0.00    0.00    0.00    0.00  100.00
00:20:35      10    0.00    0.00    0.00    0.00    0.00    0.00    0.00    0.00    0.00  100.00
00:20:35      11    0.00    0.00    0.00    0.00    0.00    0.00    0.00    0.00    0.00  100.00
00:20:35      12    0.00    0.00    0.00    0.00    0.00    0.00    0.00    0.00    0.00  100.00
00:20:35      13    0.00    0.00    0.00    0.00    0.00    0.00    0.00    0.00    0.00  100.00
00:20:35      14    0.00    0.00    0.00    0.00    0.00    0.00    0.00    0.00    0.00  100.00
00:20:35      15    0.00    0.00    0.00    0.00    0.00    0.00    0.00    0.00    0.00  100.00
00:20:35      16    0.00    0.00    0.00    0.00    0.00    0.00    0.00    0.00    0.00  100.00
00:20:35      17    0.00    0.00    0.00    0.00    0.00    0.00    0.00    0.00    0.00  100.00
00:20:35      18    0.00    0.00    0.00    0.00    0.00    0.00    0.00    0.00    0.00  100.00
00:20:35      19    0.00    0.00    0.00    0.00    0.00    0.00    0.00    0.00    0.00  100.00
00:20:35      20    0.00    0.00    0.00    0.00    0.00    0.00    0.00    0.00    0.00  100.00
00:20:35      21    0.00    0.00    0.00    0.00    0.00    0.00    0.00    0.00    0.00  100.00
00:20:35      22    0.00    0.00    0.00    0.00    0.00    0.00    0.00    0.00    0.00  100.00
00:20:35      23    0.00    0.00    0.00    0.00    0.00    0.00    0.00    0.00    0.00  100.00
00:20:35      24    0.00    0.00    0.00    0.00    0.00    0.00    0.00    0.00    0.00  100.00
00:20:35      25    0.00    0.00    0.00    0.00    0.00    0.00    0.00    0.00    0.00  100.00
00:20:35      26    0.00    0.00    0.00    0.00    0.00    0.00    0.00    0.00    0.00  100.00
00:20:35      27    0.00    0.00    0.00    0.00    0.00    0.00    0.00    0.00    0.00  100.00
00:20:35      28    0.00    0.00    0.00    0.00    0.00    0.00    0.00    0.00    0.00  100.00
00:20:35      29    0.00    0.00    0.00    0.00    0.00    0.00    0.00    0.00    0.00  100.00
00:20:35      30    0.00    0.00    0.00    0.00    0.00    0.00    0.00    0.00    0.00  100.00
00:20:35      31    0.00    0.00    0.00    0.00    0.00    0.00    0.00    0.00    0.00  100.00

00:20:35     CPU    %usr   %nice    %sys %iowait    %irq   %soft  %steal  %guest  %gnice   %idle
00:20:36     all    3.09    0.00    0.09    0.00    0.00    0.00    0.00    0.00    0.00   96.81
00:20:36       0    0.00    0.00    0.00    0.00    0.00    0.00    0.00    0.00    0.00  100.00
00:20:36       1    0.00    0.00    0.00    0.00    0.00    0.00    0.00    0.00    0.00  100.00
00:20:36       2   98.00    0.00    2.00    0.00    0.00    0.00    0.00    0.00    0.00    0.00
00:20:36       3    0.99    0.00    0.00    0.00    0.00    0.00    0.00    0.00    0.00   99.01
00:20:36       4    0.00    0.00    0.00    0.00    0.00    0.00    0.00    0.00    0.00  100.00
00:20:36       5    0.00    0.00    0.00    0.00    0.00    0.00    0.00    0.00    0.00  100.00
00:20:36       6    0.00    0.00    0.00    0.00    0.00    0.00    0.00    0.00    0.00  100.00
00:20:36       7    0.00    0.00    0.00    0.00    0.00    0.00    0.00    0.00    0.00  100.00
00:20:36       8    0.00    0.00    0.00    0.00    0.00    0.00    0.00    0.00    0.00  100.00
00:20:36       9    0.00    0.00    0.00    0.00    0.00    0.00    0.00    0.00    0.00  100.00
00:20:36      10    0.00    0.00    0.00    0.00    0.00    0.00    0.00    0.00    0.00  100.00
00:20:36      11    0.00    0.00    0.00    0.00    0.00    0.00    0.00    0.00    0.00  100.00
00:20:36      12    0.00    0.00    0.00    0.00    0.00    0.00    0.00    0.00    0.00  100.00
00:20:36      13    0.00    0.00    0.00    0.00    0.00    0.00    0.00    0.00    0.00  100.00
00:20:36      14    0.00    0.00    0.99    0.00    0.00    0.00    0.00    0.00    0.00   99.01
00:20:36      15    0.00    0.00    0.00    0.00    0.00    0.00    0.00    0.00    0.00  100.00
00:20:36      16    0.00    0.00    0.00    0.00    0.00    0.00    0.00    0.00    0.00  100.00
00:20:36      17    0.00    0.00    0.00    0.00    0.00    0.00    0.00    0.00    0.00  100.00
00:20:36      18    0.00    0.00    0.00    0.00    0.00    0.00    0.00    0.00    0.00  100.00
00:20:36      19    0.00    0.00    0.00    0.00    0.00    0.00    0.00    0.00    0.00  100.00
00:20:36      20    0.00    0.00    0.00    0.00    0.00    0.00    0.00    0.00    0.00  100.00
00:20:36      21    0.00    0.00    0.00    0.00    0.00    0.00    0.00    0.00    0.00  100.00
00:20:36      22    0.00    0.00    0.00    0.00    0.00    0.00    0.00    0.00    0.00  100.00
00:20:36      23    0.00    0.00    0.00    0.00    0.00    0.00    0.00    0.00    0.00  100.00
00:20:36      24    0.00    0.00    0.00    0.00    0.00    0.00    0.00    0.00    0.00  100.00
00:20:36      25    0.00    0.00    0.00    0.00    0.00    0.00    0.00    0.00    0.00  100.00
00:20:36      26    0.00    0.00    0.00    0.00    0.00    0.00    0.00    0.00    0.00  100.00
00:20:36      27    0.00    0.00    0.00    0.00    0.00    0.00    0.00    0.00    0.00  100.00
00:20:36      28    0.00    0.00    0.00    0.00    0.00    0.00    0.00    0.00    0.00  100.00
00:20:36      29    0.00    0.00    0.00    0.00    0.00    0.00    0.00    0.00    0.00  100.00
00:20:36      30    0.00    0.00    0.00    0.00    0.00    0.00    0.00    0.00    0.00  100.00
00:20:36      31    0.00    0.00    0.00    0.00    0.00    0.00    0.00    0.00    0.00  100.00

00:20:36     CPU    %usr   %nice    %sys %iowait    %irq   %soft  %steal  %guest  %gnice   %idle
00:20:37     all    3.06    0.00    0.16    0.00    0.00    0.00    0.00    0.00    0.00   96.78
00:20:37       0    0.00    0.00    0.00    0.00    0.00    0.00    0.00    0.00    0.00  100.00
00:20:37       1    0.00    0.00    1.98    0.00    0.00    0.00    0.00    0.00    0.00   98.02
00:20:37       2   97.00    0.00    3.00    0.00    0.00    0.00    0.00    0.00    0.00    0.00
00:20:37       3    0.00    0.00    0.00    0.00    0.00    0.00    0.00    0.00    0.00  100.00
00:20:37       4    0.00    0.00    0.00    0.00    0.00    0.00    0.00    0.00    0.00  100.00
00:20:37       5    0.00    0.00    0.00    0.00    0.00    0.00    0.00    0.00    0.00  100.00
00:20:37       6    0.00    0.00    0.00    0.00    0.00    0.00    0.00    0.00    0.00  100.00
00:20:37       7    0.99    0.00    0.00    0.00    0.00    0.00    0.00    0.00    0.00   99.01
00:20:37       8    0.00    0.00    0.00    0.00    0.00    0.00    0.00    0.00    0.00  100.00
00:20:37       9    0.00    0.00    0.00    0.00    0.00    0.00    0.00    0.00    0.00  100.00
00:20:37      10    0.00    0.00    0.00    0.00    0.00    0.00    0.00    0.00    0.00  100.00
00:20:37      11    0.00    0.00    0.00    0.00    0.00    0.00    0.00    0.00    0.00  100.00
00:20:37      12    0.00    0.00    0.00    0.00    0.00    0.00    0.00    0.00    0.00  100.00
00:20:37      13    0.00    0.00    0.00    0.00    0.00    0.00    0.00    0.00    0.00  100.00
00:20:37      14    0.00    0.00    0.00    0.00    0.00    0.00    0.00    0.00    0.00  100.00
00:20:37      15    0.00    0.00    0.00    0.00    0.00    0.00    0.00    0.00    0.00  100.00
00:20:37      16    0.00    0.00    0.00    0.00    0.00    0.00    0.00    0.00    0.00  100.00
00:20:37      17    0.00    0.00    0.00    0.00    0.00    0.00    0.00    0.00    0.00  100.00
00:20:37      18    0.00    0.00    0.00    0.00    0.00    0.00    0.00    0.00    0.00  100.00
00:20:37      19    0.00    0.00    0.00    0.00    0.00    0.00    0.00    0.00    0.00  100.00
00:20:37      20    0.00    0.00    0.00    0.00    0.00    0.00    0.00    0.00    0.00  100.00
00:20:37      21    0.00    0.00    0.00    0.00    0.00    0.00    0.00    0.00    0.00  100.00
00:20:37      22    0.00    0.00    0.00    0.00    0.00    0.00    0.00    0.00    0.00  100.00
00:20:37      23    0.00    0.00    0.00    0.00    0.00    0.00    0.00    0.00    0.00  100.00
00:20:37      24    0.00    0.00    0.00    0.00    0.00    0.00    0.00    0.00    0.00  100.00
00:20:37      25    0.00    0.00    0.00    0.00    0.00    0.00    0.00    0.00    0.00  100.00
00:20:37      26    0.00    0.00    0.00    0.00    0.00    0.00    0.00    0.00    0.00  100.00
00:20:37      27    0.00    0.00    0.00    0.00    0.00    0.00    0.00    0.00    0.00  100.00
00:20:37      28    0.00    0.00    0.00    0.00    0.00    0.00    0.00    0.00    0.00  100.00
00:20:37      29    0.00    0.00    0.00    0.00    0.00    0.00    0.00    0.00    0.00  100.00
00:20:37      30    0.00    0.00    0.00    0.00    0.00    0.00    0.00    0.00    0.00  100.00
00:20:37      31    0.00    0.00    0.00    0.00    0.00    0.00    0.00    0.00    0.00  100.00

00:20:37     CPU    %usr   %nice    %sys %iowait    %irq   %soft  %steal  %guest  %gnice   %idle
00:20:38     all    3.03    0.00    0.09    0.00    0.00    0.00    0.00    0.00    0.00   96.87
00:20:38       0    0.00    0.00    0.00    0.00    0.00    0.00    0.00    0.00    0.00  100.00
00:20:38       1    0.00    0.00    0.00    0.00    0.00    0.00    0.00    0.00    0.00  100.00
00:20:38       2   97.00    0.00    3.00    0.00    0.00    0.00    0.00    0.00    0.00    0.00
00:20:38       3    0.00    0.00    0.00    0.00    0.00    0.00    0.00    0.00    0.00  100.00
00:20:38       4    0.00    0.00    0.00    0.00    0.00    0.00    0.00    0.00    0.00  100.00
00:20:38       5    0.00    0.00    0.00    0.00    0.00    0.00    0.00    0.00    0.00  100.00
00:20:38       6    0.00    0.00    0.00    0.00    0.00    0.00    0.00    0.00    0.00  100.00
00:20:38       7    0.00    0.00    0.00    0.00    0.00    0.00    0.00    0.00    0.00  100.00
00:20:38       8    0.00    0.00    0.00    0.00    0.00    0.00    0.00    0.00    0.00  100.00
00:20:38       9    0.00    0.00    0.00    0.00    0.00    0.00    0.00    0.00    0.00  100.00
00:20:38      10    0.00    0.00    0.00    0.00    0.00    0.00    0.00    0.00    0.00  100.00
00:20:38      11    0.00    0.00    0.00    0.00    0.00    0.00    0.00    0.00    0.00  100.00
00:20:38      12    0.00    0.00    0.00    0.00    0.00    0.00    0.00    0.00    0.00  100.00
00:20:38      13    0.00    0.00    0.00    0.00    0.00    0.00    0.00    0.00    0.00  100.00
00:20:38      14    0.00    0.00    0.00    0.00    0.00    0.00    0.00    0.00    0.00  100.00
00:20:38      15    0.00    0.00    0.00    0.00    0.00    0.00    0.00    0.00    0.00  100.00
00:20:38      16    0.00    0.00    0.00    0.00    0.00    0.00    0.00    0.00    0.00  100.00
00:20:38      17    0.00    0.00    0.00    0.00    0.00    0.00    0.00    0.00    0.00  100.00
00:20:38      18    0.00    0.00    0.00    0.00    0.00    0.00    0.00    0.00    0.00  100.00
00:20:38      19    0.00    0.00    0.00    0.00    0.00    0.00    0.00    0.00    0.00  100.00
00:20:38      20    0.00    0.00    0.00    0.00    0.00    0.00    0.00    0.00    0.00  100.00
00:20:38      21    0.00    0.00    0.00    0.00    0.00    0.00    0.00    0.00    0.00  100.00
00:20:38      22    0.00    0.00    0.00    0.00    0.00    0.00    0.00    0.00    0.00  100.00
00:20:38      23    0.00    0.00    0.00    0.00    0.00    0.00    0.00    0.00    0.00  100.00
00:20:38      24    0.00    0.00    0.00    0.00    0.00    0.00    0.00    0.00    0.00  100.00
00:20:38      25    0.00    0.00    0.00    0.00    0.00    0.00    0.00    0.00    0.00  100.00
00:20:38      26    0.00    0.00    0.00    0.00    0.00    0.00    0.00    0.00    0.00  100.00
00:20:38      27    0.00    0.00    0.00    0.00    0.00    0.00    0.00    0.00    0.00  100.00
00:20:38      28    0.00    0.00    0.00    0.00    0.00    0.00    0.00    0.00    0.00  100.00
00:20:38      29    0.00    0.00    0.00    0.00    0.00    0.00    0.00    0.00    0.00  100.00
00:20:38      30    0.00    0.00    0.00    0.00    0.00    0.00    0.00    0.00    0.00  100.00
00:20:38      31    0.00    0.00    0.00    0.00    0.00    0.00    0.00    0.00    0.00  100.00

00:20:38     CPU    %usr   %nice    %sys %iowait    %irq   %soft  %steal  %guest  %gnice   %idle
00:20:39     all    3.06    0.00    0.13    0.00    0.00    0.00    0.00    0.00    0.00   96.81
00:20:39       0    0.00    0.00    0.00    0.00    0.00    0.00    0.00    0.00    0.00  100.00
00:20:39       1    0.00    0.00    0.00    0.00    0.00    0.00    0.00    0.00    0.00  100.00
00:20:39       2   96.04    0.00    3.96    0.00    0.00    0.00    0.00    0.00    0.00    0.00
00:20:39       3    0.00    0.00    0.00    0.00    0.00    0.00    0.00    0.00    0.00  100.00
00:20:39       4    0.00    0.00    0.00    0.00    0.00    0.00    0.00    0.00    0.00  100.00
00:20:39       5    0.00    0.00    0.00    0.00    0.00    0.00    0.00    0.00    0.00  100.00
00:20:39       6    0.00    0.00    0.00    0.00    0.00    0.00    0.00    0.00    0.00  100.00
00:20:39       7    0.00    0.00    0.00    0.00    0.00    0.00    0.00    0.00    0.00  100.00
00:20:39       8    0.00    0.00    0.00    0.00    0.00    0.00    0.00    0.00    0.00  100.00
00:20:39       9    0.00    0.00    0.00    0.00    0.00    0.00    0.00    0.00    0.00  100.00
00:20:39      10    0.00    0.00    0.00    0.00    0.00    0.00    0.00    0.00    0.00  100.00
00:20:39      11    0.00    0.00    0.00    0.00    0.00    0.00    0.00    0.00    0.00  100.00
00:20:39      12    0.00    0.00    0.00    0.00    0.00    0.00    0.00    0.00    0.00  100.00
00:20:39      13    0.00    0.00    0.00    0.00    0.00    0.00    0.00    0.00    0.00  100.00
00:20:39      14    1.00    0.00    0.00    0.00    0.00    0.00    0.00    0.00    0.00   99.00
00:20:39      15    0.00    0.00    0.00    0.00    0.00    0.00    0.00    0.00    0.00  100.00
00:20:39      16    0.00    0.00    0.00    0.00    0.00    0.00    0.00    0.00    0.00  100.00
00:20:39      17    0.00    0.00    0.00    0.00    0.00    0.00    0.00    0.00    0.00  100.00
00:20:39      18    0.00    0.00    0.00    0.00    0.00    0.00    0.00    0.00    0.00  100.00
00:20:39      19    0.00    0.00    0.00    0.00    0.00    0.00    0.00    0.00    0.00  100.00
00:20:39      20    0.00    0.00    0.00    0.00    0.00    0.00    0.00    0.00    0.00  100.00
00:20:39      21    0.00    0.00    0.00    0.00    0.00    0.00    0.00    0.00    0.00  100.00
00:20:39      22    0.00    0.00    0.00    0.00    0.00    0.00    0.00    0.00    0.00  100.00
00:20:39      23    0.00    0.00    0.00    0.00    0.00    0.00    0.00    0.00    0.00  100.00
00:20:39      24    0.00    0.00    0.00    0.00    0.00    0.00    0.00    0.00    0.00  100.00
00:20:39      25    0.00    0.00    0.00    0.00    0.00    0.00    0.00    0.00    0.00  100.00
00:20:39      26    0.00    0.00    0.00    0.00    0.00    0.00    0.00    0.00    0.00  100.00
00:20:39      27    0.00    0.00    0.00    0.00    0.00    0.00    0.00    0.00    0.00  100.00
00:20:39      28    0.00    0.00    0.00    0.00    0.00    0.00    0.00    0.00    0.00  100.00
00:20:39      29    0.00    0.00    0.00    0.00    0.00    0.00    0.00    0.00    0.00  100.00
00:20:39      30    0.00    0.00    0.00    0.00    0.00    0.00    0.00    0.00    0.00  100.00
00:20:39      31    0.00    0.00    0.00    0.00    0.00    0.00    0.00    0.00    0.00  100.00

00:20:39     CPU    %usr   %nice    %sys %iowait    %irq   %soft  %steal  %guest  %gnice   %idle
00:20:40     all    3.00    0.00    0.13    0.00    0.00    0.00    0.00    0.00    0.00   96.87
00:20:40       0    0.00    0.00    0.00    0.00    0.00    0.00    0.00    0.00    0.00  100.00
00:20:40       1    0.00    0.00    0.00    0.00    0.00    0.00    0.00    0.00    0.00  100.00
00:20:40       2   96.97    0.00    3.03    0.00    0.00    0.00    0.00    0.00    0.00    0.00
00:20:40       3    0.00    0.00    0.99    0.00    0.00    0.00    0.00    0.00    0.00   99.01
00:20:40       4    0.00    0.00    0.00    0.00    0.00    0.00    0.00    0.00    0.00  100.00
00:20:40       5    0.00    0.00    0.00    0.00    0.00    0.00    0.00    0.00    0.00  100.00
00:20:40       6    0.00    0.00    0.00    0.00    0.00    0.00    0.00    0.00    0.00  100.00
00:20:40       7    0.00    0.00    0.00    0.00    0.00    0.00    0.00    0.00    0.00  100.00
00:20:40       8    0.00    0.00    0.00    0.00    0.00    0.00    0.00    0.00    0.00  100.00
00:20:40       9    0.00    0.00    0.00    0.00    0.00    0.00    0.00    0.00    0.00  100.00
00:20:40      10    0.00    0.00    0.00    0.00    0.00    0.00    0.00    0.00    0.00  100.00
00:20:40      11    0.00    0.00    0.00    0.00    0.00    0.00    0.00    0.00    0.00  100.00
00:20:40      12    0.00    0.00    0.00    0.00    0.00    0.00    0.00    0.00    0.00  100.00
00:20:40      13    0.00    0.00    0.00    0.00    0.00    0.00    0.00    0.00    0.00  100.00
00:20:40      14    0.00    0.00    0.00    0.00    0.00    0.00    0.00    0.00    0.00  100.00
00:20:40      15    0.00    0.00    0.00    0.00    0.00    0.00    0.00    0.00    0.00  100.00
00:20:40      16    0.00    0.00    0.00    0.00    0.00    0.00    0.00    0.00    0.00  100.00
00:20:40      17    0.00    0.00    0.00    0.00    0.00    0.00    0.00    0.00    0.00  100.00
00:20:40      18    0.00    0.00    0.00    0.00    0.00    0.00    0.00    0.00    0.00  100.00
00:20:40      19    0.00    0.00    0.00    0.00    0.00    0.00    0.00    0.00    0.00  100.00
00:20:40      20    0.00    0.00    0.00    0.00    0.00    0.00    0.00    0.00    0.00  100.00
00:20:40      21    0.00    0.00    0.00    0.00    0.00    0.00    0.00    0.00    0.00  100.00
00:20:40      22    0.00    0.00    0.00    0.00    0.00    0.00    0.00    0.00    0.00  100.00
00:20:40      23    0.00    0.00    0.00    0.00    0.00    0.00    0.00    0.00    0.00  100.00
00:20:40      24    0.00    0.00    0.00    0.00    0.00    0.00    0.00    0.00    0.00  100.00
00:20:40      25    0.00    0.00    0.00    0.00    0.00    0.00    0.00    0.00    0.00  100.00
00:20:40      26    0.00    0.00    0.00    0.00    0.00    0.00    0.00    0.00    0.00  100.00
00:20:40      27    0.00    0.00    0.00    0.00    0.00    0.00    0.00    0.00    0.00  100.00
00:20:40      28    0.00    0.00    0.00    0.00    0.00    0.00    0.00    0.00    0.00  100.00
00:20:40      29    0.00    0.00    0.00    0.00    0.00    0.00    0.00    0.00    0.00  100.00
00:20:40      30    0.00    0.00    0.00    0.00    0.00    0.00    0.00    0.00    0.00  100.00
00:20:40      31    0.00    0.00    0.00    0.00    0.00    0.00    0.00    0.00    0.00  100.00

00:20:40     CPU    %usr   %nice    %sys %iowait    %irq   %soft  %steal  %guest  %gnice   %idle
00:20:41     all    3.03    0.00    0.13    0.00    0.00    0.00    0.00    0.00    0.00   96.84
00:20:41       0    0.00    0.00    0.00    0.00    0.00    0.00    0.00    0.00    0.00  100.00
00:20:41       1    0.00    0.00    0.00    0.00    0.00    0.00    0.00    0.00    0.00  100.00
00:20:41       2   96.00    0.00    4.00    0.00    0.00    0.00    0.00    0.00    0.00    0.00
00:20:41       3    0.00    0.00    0.00    0.00    0.00    0.00    0.00    0.00    0.00  100.00
00:20:41       4    0.00    0.00    0.00    0.00    0.00    0.00    0.00    0.00    0.00  100.00
00:20:41       5    0.00    0.00    0.00    0.00    0.00    0.00    0.00    0.00    0.00  100.00
00:20:41       6    1.00    0.00    0.00    0.00    0.00    0.00    0.00    0.00    0.00   99.00
00:20:41       7    0.00    0.00    0.00    0.00    0.00    0.00    0.00    0.00    0.00  100.00
00:20:41       8    0.00    0.00    0.00    0.00    0.00    0.00    0.00    0.00    0.00  100.00
00:20:41       9    0.00    0.00    0.00    0.00    0.00    0.00    0.00    0.00    0.00  100.00
00:20:41      10    0.00    0.00    0.00    0.00    0.00    0.00    0.00    0.00    0.00  100.00
00:20:41      11    0.00    0.00    0.00    0.00    0.00    0.00    0.00    0.00    0.00  100.00
00:20:41      12    0.00    0.00    0.00    0.00    0.00    0.00    0.00    0.00    0.00  100.00
00:20:41      13    0.00    0.00    0.00    0.00    0.00    0.00    0.00    0.00    0.00  100.00
00:20:41      14    0.00    0.00    0.00    0.00    0.00    0.00    0.00    0.00    0.00  100.00
00:20:41      15    0.00    0.00    0.00    0.00    0.00    0.00    0.00    0.00    0.00  100.00
00:20:41      16    0.00    0.00    0.00    0.00    0.00    0.00    0.00    0.00    0.00  100.00
00:20:41      17    0.00    0.00    0.00    0.00    0.00    0.00    0.00    0.00    0.00  100.00
00:20:41      18    0.00    0.00    0.00    0.00    0.00    0.00    0.00    0.00    0.00  100.00
00:20:41      19    0.00    0.00    0.00    0.00    0.00    0.00    0.00    0.00    0.00  100.00
00:20:41      20    0.00    0.00    0.00    0.00    0.00    0.00    0.00    0.00    0.00  100.00
00:20:41      21    0.00    0.00    0.00    0.00    0.00    0.00    0.00    0.00    0.00  100.00
00:20:41      22    0.00    0.00    0.00    0.00    0.00    0.00    0.00    0.00    0.00  100.00
00:20:41      23    0.00    0.00    0.00    0.00    0.00    0.00    0.00    0.00    0.00  100.00
00:20:41      24    0.00    0.00    0.00    0.00    0.00    0.00    0.00    0.00    0.00  100.00
00:20:41      25    0.00    0.00    0.00    0.00    0.00    0.00    0.00    0.00    0.00  100.00
00:20:41      26    0.00    0.00    0.00    0.00    0.00    0.00    0.00    0.00    0.00  100.00
00:20:41      27    0.00    0.00    0.00    0.00    0.00    0.00    0.00    0.00    0.00  100.00
00:20:41      28    0.00    0.00    0.00    0.00    0.00    0.00    0.00    0.00    0.00  100.00
00:20:41      29    0.00    0.00    0.00    0.00    0.00    0.00    0.00    0.00    0.00  100.00
00:20:41      30    0.00    0.00    0.00    0.00    0.00    0.00    0.00    0.00    0.00  100.00
00:20:41      31    0.00    0.00    0.00    0.00    0.00    0.00    0.00    0.00    0.00  100.00

00:20:41     CPU    %usr   %nice    %sys %iowait    %irq   %soft  %steal  %guest  %gnice   %idle
00:20:42     all    3.03    0.00    0.16    0.00    0.00    0.00    0.00    0.00    0.00   96.81
00:20:42       0    0.00    0.00    0.00    0.00    0.00    0.00    0.00    0.00    0.00  100.00
00:20:42       1    0.00    0.00    1.00    0.00    0.00    0.00    0.00    0.00    0.00   99.00
00:20:42       2   97.00    0.00    3.00    0.00    0.00    0.00    0.00    0.00    0.00    0.00
00:20:42       3    0.00    0.00    0.00    0.00    0.00    0.00    0.00    0.00    0.00  100.00
00:20:42       4    0.00    0.00    0.00    0.00    0.00    0.00    0.00    0.00    0.00  100.00
00:20:42       5    0.00    0.00    0.00    0.00    0.00    0.00    0.00    0.00    0.00  100.00
00:20:42       6    0.00    0.00    0.00    0.00    0.00    0.00    0.00    0.00    0.00  100.00
00:20:42       7    0.00    0.00    0.00    0.00    0.00    0.00    0.00    0.00    0.00  100.00
00:20:42       8    0.00    0.00    0.00    0.00    0.00    0.00    0.00    0.00    0.00  100.00
00:20:42       9    0.00    0.00    0.00    0.00    0.00    0.00    0.00    0.00    0.00  100.00
00:20:42      10    0.00    0.00    0.00    0.00    0.00    0.00    0.00    0.00    0.00  100.00
00:20:42      11    0.00    0.00    0.00    0.00    0.00    0.00    0.00    0.00    0.00  100.00
00:20:42      12    0.00    0.00    0.00    0.00    0.00    0.00    0.00    0.00    0.00  100.00
00:20:42      13    0.00    0.00    0.00    0.00    0.00    0.00    0.00    0.00    0.00  100.00
00:20:42      14    0.00    0.00    0.00    0.00    0.00    0.00    0.00    0.00    0.00  100.00
00:20:42      15    0.00    0.00    0.00    0.00    0.00    0.00    0.00    0.00    0.00  100.00
00:20:42      16    0.00    0.00    0.00    0.00    0.00    0.00    0.00    0.00    0.00  100.00
00:20:42      17    0.00    0.00    0.00    0.00    0.00    0.00    0.00    0.00    0.00  100.00
00:20:42      18    0.00    0.00    0.00    0.00    0.00    0.00    0.00    0.00    0.00  100.00
00:20:42      19    0.00    0.00    0.00    0.00    0.00    0.00    0.00    0.00    0.00  100.00
00:20:42      20    0.00    0.00    0.00    0.00    0.00    0.00    0.00    0.00    0.00  100.00
00:20:42      21    0.00    0.00    1.00    0.00    0.00    0.00    0.00    0.00    0.00   99.00
00:20:42      22    0.00    0.00    0.00    0.00    0.00    0.00    0.00    0.00    0.00  100.00
00:20:42      23    0.00    0.00    0.00    0.00    0.00    0.00    0.00    0.00    0.00  100.00
00:20:42      24    0.00    0.00    0.00    0.00    0.00    0.00    0.00    0.00    0.00  100.00
00:20:42      25    0.00    0.00    0.00    0.00    0.00    0.00    0.00    0.00    0.00  100.00
00:20:42      26    0.00    0.00    0.00    0.00    0.00    0.00    0.00    0.00    0.00  100.00
00:20:42      27    0.00    0.00    0.00    0.00    0.00    0.00    0.00    0.00    0.00  100.00
00:20:42      28    0.00    0.00    0.00    0.00    0.00    0.00    0.00    0.00    0.00  100.00
00:20:42      29    0.00    0.00    0.00    0.00    0.00    0.00    0.00    0.00    0.00  100.00
00:20:42      30    0.00    0.00    0.00    0.00    0.00    0.00    0.00    0.00    0.00  100.00
00:20:42      31    0.00    0.00    0.00    0.00    0.00    0.00    0.00    0.00    0.00  100.00

00:20:42     CPU    %usr   %nice    %sys %iowait    %irq   %soft  %steal  %guest  %gnice   %idle
00:20:43     all    3.09    0.00    0.12    0.00    0.00    0.00    0.00    0.00    0.00   96.78
00:20:43       0    0.00    0.00    0.00    0.00    0.00    0.00    0.00    0.00    0.00  100.00
00:20:43       1    0.00    0.00    1.98    0.00    0.00    0.00    0.00    0.00    0.00   98.02
00:20:43       2   98.02    0.00    1.98    0.00    0.00    0.00    0.00    0.00    0.00    0.00
00:20:43       3    0.00    0.00    0.00    0.00    0.00    0.00    0.00    0.00    0.00  100.00
00:20:43       4    0.00    0.00    0.00    0.00    0.00    0.00    0.00    0.00    0.00  100.00
00:20:43       5    0.00    0.00    0.00    0.00    0.00    0.00    0.00    0.00    0.00  100.00
00:20:43       6    0.00    0.00    0.00    0.00    0.00    0.00    0.00    0.00    0.00  100.00
00:20:43       7    0.00    0.00    0.00    0.00    0.00    0.00    0.00    0.00    0.00  100.00
00:20:43       8    0.00    0.00    0.00    0.00    0.00    0.00    0.00    0.00    0.00  100.00
00:20:43       9    0.00    0.00    0.00    0.00    0.00    0.00    0.00    0.00    0.00  100.00
00:20:43      10    0.00    0.00    0.00    0.00    0.00    0.00    0.00    0.00    0.00  100.00
00:20:43      11    0.00    0.00    0.00    0.00    0.00    0.00    0.00    0.00    0.00  100.00
00:20:43      12    0.00    0.00    0.00    0.00    0.00    0.00    0.00    0.00    0.00  100.00
00:20:43      13    0.00    0.00    0.00    0.00    0.00    0.00    0.00    0.00    0.00  100.00
00:20:43      14    0.00    0.00    0.00    0.00    0.00    0.00    0.00    0.00    0.00  100.00
00:20:43      15    0.00    0.00    0.00    0.00    0.00    0.00    0.00    0.00    0.00  100.00
00:20:43      16    0.00    0.00    0.00    0.00    0.00    0.00    0.00    0.00    0.00  100.00
00:20:43      17    0.00    0.00    0.00    0.00    0.00    0.00    0.00    0.00    0.00  100.00
00:20:43      18    0.00    0.00    0.00    0.00    0.00    0.00    0.00    0.00    0.00  100.00
00:20:43      19    0.00    0.00    0.00    0.00    0.00    0.00    0.00    0.00    0.00  100.00
00:20:43      20    0.00    0.00    0.00    0.00    0.00    0.00    0.00    0.00    0.00  100.00
00:20:43      21    0.00    0.00    0.00    0.00    0.00    0.00    0.00    0.00    0.00  100.00
00:20:43      22    0.00    0.00    0.00    0.00    0.00    0.00    0.00    0.00    0.00  100.00
00:20:43      23    0.00    0.00    0.00    0.00    0.00    0.00    0.00    0.00    0.00  100.00
00:20:43      24    0.00    0.00    0.00    0.00    0.00    0.00    0.00    0.00    0.00  100.00
00:20:43      25    0.00    0.00    0.00    0.00    0.00    0.00    0.00    0.00    0.00  100.00
00:20:43      26    0.00    0.00    0.00    0.00    0.00    0.00    0.00    0.00    0.00  100.00
00:20:43      27    0.00    0.00    0.00    0.00    0.00    0.00    0.00    0.00    0.00  100.00
00:20:43      28    0.00    0.00    0.00    0.00    0.00    0.00    0.00    0.00    0.00  100.00
00:20:43      29    0.00    0.00    0.00    0.00    0.00    0.00    0.00    0.00    0.00  100.00
00:20:43      30    0.00    0.00    0.00    0.00    0.00    0.00    0.00    0.00    0.00  100.00
00:20:43      31    0.00    0.00    0.00    0.00    0.00    0.00    0.00    0.00    0.00  100.00

00:20:43     CPU    %usr   %nice    %sys %iowait    %irq   %soft  %steal  %guest  %gnice   %idle
00:20:44     all    3.07    0.00    0.03    0.00    0.00    0.00    0.00    0.00    0.00   96.90
00:20:44       0    0.00    0.00    0.00    0.00    0.00    0.00    0.00    0.00    0.00  100.00
00:20:44       1    0.00    0.00    0.00    0.00    0.00    0.00    0.00    0.00    0.00  100.00
00:20:44       2   98.99    0.00    1.01    0.00    0.00    0.00    0.00    0.00    0.00    0.00
00:20:44       3    0.00    0.00    0.00    0.00    0.00    0.00    0.00    0.00    0.00  100.00
00:20:44       4    0.00    0.00    0.00    0.00    0.00    0.00    0.00    0.00    0.00  100.00
00:20:44       5    0.00    0.00    0.00    0.00    0.00    0.00    0.00    0.00    0.00  100.00
00:20:44       6    0.00    0.00    0.00    0.00    0.00    0.00    0.00    0.00    0.00  100.00
00:20:44       7    0.00    0.00    0.00    0.00    0.00    0.00    0.00    0.00    0.00  100.00
00:20:44       8    0.00    0.00    0.00    0.00    0.00    0.00    0.00    0.00    0.00  100.00
00:20:44       9    0.00    0.00    0.00    0.00    0.00    0.00    0.00    0.00    0.00  100.00
00:20:44      10    0.00    0.00    0.00    0.00    0.00    0.00    0.00    0.00    0.00  100.00
00:20:44      11    0.00    0.00    0.00    0.00    0.00    0.00    0.00    0.00    0.00  100.00
00:20:44      12    0.00    0.00    0.00    0.00    0.00    0.00    0.00    0.00    0.00  100.00
00:20:44      13    0.00    0.00    0.00    0.00    0.00    0.00    0.00    0.00    0.00  100.00
00:20:44      14    0.00    0.00    0.00    0.00    0.00    0.00    0.00    0.00    0.00  100.00
00:20:44      15    0.00    0.00    0.00    0.00    0.00    0.00    0.00    0.00    0.00  100.00
00:20:44      16    0.00    0.00    0.00    0.00    0.00    0.00    0.00    0.00    0.00  100.00
00:20:44      17    0.00    0.00    0.00    0.00    0.00    0.00    0.00    0.00    0.00  100.00
00:20:44      18    0.00    0.00    0.00    0.00    0.00    0.00    0.00    0.00    0.00  100.00
00:20:44      19    0.00    0.00    0.00    0.00    0.00    0.00    0.00    0.00    0.00  100.00
00:20:44      20    0.00    0.00    0.00    0.00    0.00    0.00    0.00    0.00    0.00  100.00
00:20:44      21    0.00    0.00    0.00    0.00    0.00    0.00    0.00    0.00    0.00  100.00
00:20:44      22    0.00    0.00    0.00    0.00    0.00    0.00    0.00    0.00    0.00  100.00
00:20:44      23    0.00    0.00    0.00    0.00    0.00    0.00    0.00    0.00    0.00  100.00
00:20:44      24    0.00    0.00    0.00    0.00    0.00    0.00    0.00    0.00    0.00  100.00
00:20:44      25    0.00    0.00    0.00    0.00    0.00    0.00    0.00    0.00    0.00  100.00
00:20:44      26    0.00    0.00    0.00    0.00    0.00    0.00    0.00    0.00    0.00  100.00
00:20:44      27    0.00    0.00    0.00    0.00    0.00    0.00    0.00    0.00    0.00  100.00
00:20:44      28    0.00    0.00    0.00    0.00    0.00    0.00    0.00    0.00    0.00  100.00
00:20:44      29    0.00    0.00    0.00    0.00    0.00    0.00    0.00    0.00    0.00  100.00
00:20:44      30    0.00    0.00    0.00    0.00    0.00    0.00    0.00    0.00    0.00  100.00
00:20:44      31    0.00    0.00    0.00    0.00    0.00    0.00    0.00    0.00    0.00  100.00

00:20:44     CPU    %usr   %nice    %sys %iowait    %irq   %soft  %steal  %guest  %gnice   %idle
00:20:45     all    3.12    0.00    0.03    0.00    0.00    0.00    0.00    0.00    0.00   96.84
00:20:45       0    0.00    0.00    0.00    0.00    0.00    0.00    0.00    0.00    0.00  100.00
00:20:45       1    0.00    0.00    0.00    0.00    0.00    0.00    0.00    0.00    0.00  100.00
00:20:45       2   99.01    0.00    0.99    0.00    0.00    0.00    0.00    0.00    0.00    0.00
00:20:45       3    0.00    0.00    0.00    0.00    0.00    0.00    0.00    0.00    0.00  100.00
00:20:45       4    0.00    0.00    0.00    0.00    0.00    0.00    0.00    0.00    0.00  100.00
00:20:45       5    0.00    0.00    0.00    0.00    0.00    0.00    0.00    0.00    0.00  100.00
00:20:45       6    0.00    0.00    0.00    0.00    0.00    0.00    0.00    0.00    0.00  100.00
00:20:45       7    0.00    0.00    0.00    0.00    0.00    0.00    0.00    0.00    0.00  100.00
00:20:45       8    0.00    0.00    0.00    0.00    0.00    0.00    0.00    0.00    0.00  100.00
00:20:45       9    0.00    0.00    0.00    0.00    0.00    0.00    0.00    0.00    0.00  100.00
00:20:45      10    0.00    0.00    0.00    0.00    0.00    0.00    0.00    0.00    0.00  100.00
00:20:45      11    0.00    0.00    0.00    0.00    0.00    0.00    0.00    0.00    0.00  100.00
00:20:45      12    0.00    0.00    0.00    0.00    0.00    0.00    0.00    0.00    0.00  100.00
00:20:45      13    0.00    0.00    0.00    0.00    0.00    0.00    0.00    0.00    0.00  100.00
00:20:45      14    0.00    0.00    0.00    0.00    0.00    0.00    0.00    0.00    0.00  100.00
00:20:45      15    0.00    0.00    0.00    0.00    0.00    0.00    0.00    0.00    0.00  100.00
00:20:45      16    0.00    0.00    0.00    0.00    0.00    0.00    0.00    0.00    0.00  100.00
00:20:45      17    0.00    0.00    0.00    0.00    0.00    0.00    0.00    0.00    0.00  100.00
00:20:45      18    0.00    0.00    0.00    0.00    0.00    0.00    0.00    0.00    0.00  100.00
00:20:45      19    0.00    0.00    0.00    0.00    0.00    0.00    0.00    0.00    0.00  100.00
00:20:45      20    0.00    0.00    0.00    0.00    0.00    0.00    0.00    0.00    0.00  100.00
00:20:45      21    0.00    0.00    0.00    0.00    0.00    0.00    0.00    0.00    0.00  100.00
00:20:45      22    0.00    0.00    0.00    0.00    0.00    0.00    0.00    0.00    0.00  100.00
00:20:45      23    0.00    0.00    0.00    0.00    0.00    0.00    0.00    0.00    0.00  100.00
00:20:45      24    0.00    0.00    0.00    0.00    0.00    0.00    0.00    0.00    0.00  100.00
00:20:45      25    0.00    0.00    0.00    0.00    0.00    0.00    0.00    0.00    0.00  100.00
00:20:45      26    0.00    0.00    0.00    0.00    0.00    0.00    0.00    0.00    0.00  100.00
00:20:45      27    0.00    0.00    0.00    0.00    0.00    0.00    0.00    0.00    0.00  100.00
00:20:45      28    0.00    0.00    0.00    0.00    0.00    0.00    0.00    0.00    0.00  100.00
00:20:45      29    0.00    0.00    0.00    0.00    0.00    0.00    0.00    0.00    0.00  100.00
00:20:45      30    0.00    0.00    0.00    0.00    0.00    0.00    0.00    0.00    0.00  100.00
00:20:45      31    0.00    0.00    0.00    0.00    0.00    0.00    0.00    0.00    0.00  100.00

00:20:45     CPU    %usr   %nice    %sys %iowait    %irq   %soft  %steal  %guest  %gnice   %idle
00:20:46     all    3.12    0.00    0.03    0.00    0.00    0.00    0.00    0.00    0.00   96.84
00:20:46       0    0.00    0.00    0.00    0.00    0.00    0.00    0.00    0.00    0.00  100.00
00:20:46       1    0.99    0.00    0.99    0.00    0.00    0.00    0.00    0.00    0.00   98.02
00:20:46       2  100.00    0.00    0.00    0.00    0.00    0.00    0.00    0.00    0.00    0.00
00:20:46       3    0.00    0.00    0.00    0.00    0.00    0.00    0.00    0.00    0.00  100.00
00:20:46       4    0.00    0.00    0.00    0.00    0.00    0.00    0.00    0.00    0.00  100.00
00:20:46       5    0.00    0.00    0.00    0.00    0.00    0.00    0.00    0.00    0.00  100.00
00:20:46       6    0.00    0.00    0.00    0.00    0.00    0.00    0.00    0.00    0.00  100.00
00:20:46       7    0.00    0.00    0.00    0.00    0.00    0.00    0.00    0.00    0.00  100.00
00:20:46       8    0.00    0.00    0.00    0.00    0.00    0.00    0.00    0.00    0.00  100.00
00:20:46       9    0.00    0.00    0.00    0.00    0.00    0.00    0.00    0.00    0.00  100.00
00:20:46      10    0.00    0.00    0.00    0.00    0.00    0.00    0.00    0.00    0.00  100.00
00:20:46      11    0.00    0.00    0.00    0.00    0.00    0.00    0.00    0.00    0.00  100.00
00:20:46      12    0.00    0.00    0.00    0.00    0.00    0.00    0.00    0.00    0.00  100.00
00:20:46      13    0.00    0.00    0.00    0.00    0.00    0.00    0.00    0.00    0.00  100.00
00:20:46      14    0.00    0.00    0.00    0.00    0.00    0.00    0.00    0.00    0.00  100.00
00:20:46      15    0.00    0.00    0.00    0.00    0.00    0.00    0.00    0.00    0.00  100.00
00:20:46      16    0.00    0.00    0.00    0.00    0.00    0.00    0.00    0.00    0.00  100.00
00:20:46      17    0.00    0.00    0.00    0.00    0.00    0.00    0.00    0.00    0.00  100.00
00:20:46      18    0.00    0.00    0.00    0.00    0.00    0.00    0.00    0.00    0.00  100.00
00:20:46      19    0.00    0.00    0.00    0.00    0.00    0.00    0.00    0.00    0.00  100.00
00:20:46      20    0.00    0.00    0.00    0.00    0.00    0.00    0.00    0.00    0.00  100.00
00:20:46      21    0.00    0.00    0.00    0.00    0.00    0.00    0.00    0.00    0.00  100.00
00:20:46      22    0.00    0.00    0.00    0.00    0.00    0.00    0.00    0.00    0.00  100.00
00:20:46      23    0.00    0.00    0.00    0.00    0.00    0.00    0.00    0.00    0.00  100.00
00:20:46      24    0.00    0.00    0.00    0.00    0.00    0.00    0.00    0.00    0.00  100.00
00:20:46      25    0.00    0.00    0.00    0.00    0.00    0.00    0.00    0.00    0.00  100.00
00:20:46      26    0.00    0.00    0.00    0.00    0.00    0.00    0.00    0.00    0.00  100.00
00:20:46      27    0.00    0.00    0.00    0.00    0.00    0.00    0.00    0.00    0.00  100.00
00:20:46      28    0.00    0.00    0.00    0.00    0.00    0.00    0.00    0.00    0.00  100.00
00:20:46      29    0.00    0.00    0.00    0.00    0.00    0.00    0.00    0.00    0.00  100.00
00:20:46      30    0.00    0.00    0.00    0.00    0.00    0.00    0.00    0.00    0.00  100.00
00:20:46      31    0.00    0.00    0.00    0.00    0.00    0.00    0.00    0.00    0.00  100.00

00:20:46     CPU    %usr   %nice    %sys %iowait    %irq   %soft  %steal  %guest  %gnice   %idle
00:20:47     all    3.12    0.00    0.09    0.00    0.00    0.00    0.00    0.00    0.00   96.78
00:20:47       0    0.00    0.00    0.00    0.00    0.00    0.00    0.00    0.00    0.00  100.00
00:20:47       1    0.00    0.00    1.98    0.00    0.00    0.00    0.00    0.00    0.00   98.02
00:20:47       2  100.00    0.00    0.00    0.00    0.00    0.00    0.00    0.00    0.00    0.00
00:20:47       3    0.00    0.00    0.00    0.00    0.00    0.00    0.00    0.00    0.00  100.00
00:20:47       4    0.00    0.00    0.00    0.00    0.00    0.00    0.00    0.00    0.00  100.00
00:20:47       5    0.00    0.00    0.00    0.00    0.00    0.00    0.00    0.00    0.00  100.00
00:20:47       6    0.00    0.00    0.00    0.00    0.00    0.00    0.00    0.00    0.00  100.00
00:20:47       7    0.00    0.00    0.00    0.00    0.00    0.00    0.00    0.00    0.00  100.00
00:20:47       8    0.00    0.00    0.00    0.00    0.00    0.00    0.00    0.00    0.00  100.00
00:20:47       9    0.00    0.00    0.00    0.00    0.00    0.00    0.00    0.00    0.00  100.00
00:20:47      10    0.00    0.00    0.00    0.00    0.00    0.00    0.00    0.00    0.00  100.00
00:20:47      11    0.00    0.00    0.99    0.00    0.00    0.00    0.00    0.00    0.00   99.01
00:20:47      12    0.00    0.00    0.00    0.00    0.00    0.00    0.00    0.00    0.00  100.00
00:20:47      13    0.00    0.00    0.00    0.00    0.00    0.00    0.00    0.00    0.00  100.00
00:20:47      14    0.00    0.00    0.00    0.00    0.00    0.00    0.00    0.00    0.00  100.00
00:20:47      15    0.00    0.00    0.00    0.00    0.00    0.00    0.00    0.00    0.00  100.00
00:20:47      16    0.00    0.00    0.00    0.00    0.00    0.00    0.00    0.00    0.00  100.00
00:20:47      17    0.00    0.00    0.00    0.00    0.00    0.00    0.00    0.00    0.00  100.00
00:20:47      18    0.00    0.00    0.00    0.00    0.00    0.00    0.00    0.00    0.00  100.00
00:20:47      19    0.00    0.00    0.00    0.00    0.00    0.00    0.00    0.00    0.00  100.00
00:20:47      20    0.00    0.00    0.00    0.00    0.00    0.00    0.00    0.00    0.00  100.00
00:20:47      21    0.00    0.00    0.00    0.00    0.00    0.00    0.00    0.00    0.00  100.00
00:20:47      22    0.00    0.00    0.00    0.00    0.00    0.00    0.00    0.00    0.00  100.00
00:20:47      23    0.00    0.00    0.00    0.00    0.00    0.00    0.00    0.00    0.00  100.00
00:20:47      24    0.00    0.00    0.00    0.00    0.00    0.00    0.00    0.00    0.00  100.00
00:20:47      25    0.00    0.00    0.00    0.00    0.00    0.00    0.00    0.00    0.00  100.00
00:20:47      26    0.00    0.00    0.00    0.00    0.00    0.00    0.00    0.00    0.00  100.00
00:20:47      27    0.00    0.00    0.00    0.00    0.00    0.00    0.00    0.00    0.00  100.00
00:20:47      28    0.00    0.00    0.00    0.00    0.00    0.00    0.00    0.00    0.00  100.00
00:20:47      29    0.00    0.00    0.00    0.00    0.00    0.00    0.00    0.00    0.00  100.00
00:20:47      30    0.00    0.00    0.00    0.00    0.00    0.00    0.00    0.00    0.00  100.00
00:20:47      31    0.00    0.00    0.00    0.00    0.00    0.00    0.00    0.00    0.00  100.00

00:20:47     CPU    %usr   %nice    %sys %iowait    %irq   %soft  %steal  %guest  %gnice   %idle
00:20:48     all    3.09    0.00    0.12    0.00    0.00    0.00    0.00    0.00    0.00   96.78
00:20:48       0    0.00    0.00    0.00    0.00    0.00    0.00    0.00    0.00    0.00  100.00
00:20:48       1    0.00    0.00    0.99    0.00    0.00    0.00    0.00    0.00    0.00   99.01
00:20:48       2   98.02    0.00    1.98    0.00    0.00    0.00    0.00    0.00    0.00    0.00
00:20:48       3    0.00    0.00    0.00    0.00    0.00    0.00    0.00    0.00    0.00  100.00
00:20:48       4    0.00    0.00    1.00    0.00    0.00    0.00    0.00    0.00    0.00   99.00
00:20:48       5    0.00    0.00    0.00    0.00    0.00    0.00    0.00    0.00    0.00  100.00
00:20:48       6    0.00    0.00    0.00    0.00    0.00    0.00    0.00    0.00    0.00  100.00
00:20:48       7    0.00    0.00    0.00    0.00    0.00    0.00    0.00    0.00    0.00  100.00
00:20:48       8    0.00    0.00    0.00    0.00    0.00    0.00    0.00    0.00    0.00  100.00
00:20:48       9    0.00    0.00    0.00    0.00    0.00    0.00    0.00    0.00    0.00  100.00
00:20:48      10    0.00    0.00    0.00    0.00    0.00    0.00    0.00    0.00    0.00  100.00
00:20:48      11    0.00    0.00    0.00    0.00    0.00    0.00    0.00    0.00    0.00  100.00
00:20:48      12    0.00    0.00    0.00    0.00    0.00    0.00    0.00    0.00    0.00  100.00
00:20:48      13    0.00    0.00    0.00    0.00    0.00    0.00    0.00    0.00    0.00  100.00
00:20:48      14    0.00    0.00    0.00    0.00    0.00    0.00    0.00    0.00    0.00  100.00
00:20:48      15    0.00    0.00    0.00    0.00    0.00    0.00    0.00    0.00    0.00  100.00
00:20:48      16    0.00    0.00    0.00    0.00    0.00    0.00    0.00    0.00    0.00  100.00
00:20:48      17    0.00    0.00    0.00    0.00    0.00    0.00    0.00    0.00    0.00  100.00
00:20:48      18    0.00    0.00    0.00    0.00    0.00    0.00    0.00    0.00    0.00  100.00
00:20:48      19    0.00    0.00    0.00    0.00    0.00    0.00    0.00    0.00    0.00  100.00
00:20:48      20    0.00    0.00    0.00    0.00    0.00    0.00    0.00    0.00    0.00  100.00
00:20:48      21    0.00    0.00    0.00    0.00    0.00    0.00    0.00    0.00    0.00  100.00
00:20:48      22    0.00    0.00    0.00    0.00    0.00    0.00    0.00    0.00    0.00  100.00
00:20:48      23    0.00    0.00    0.00    0.00    0.00    0.00    0.00    0.00    0.00  100.00
00:20:48      24    0.00    0.00    0.00    0.00    0.00    0.00    0.00    0.00    0.00  100.00
00:20:48      25    0.00    0.00    0.00    0.00    0.00    0.00    0.00    0.00    0.00  100.00
00:20:48      26    0.00    0.00    0.00    0.00    0.00    0.00    0.00    0.00    0.00  100.00
00:20:48      27    0.00    0.00    0.00    0.00    0.00    0.00    0.00    0.00    0.00  100.00
00:20:48      28    0.00    0.00    0.00    0.00    0.00    0.00    0.00    0.00    0.00  100.00
00:20:48      29    0.00    0.00    0.00    0.00    0.00    0.00    0.00    0.00    0.00  100.00
00:20:48      30    0.00    0.00    0.00    0.00    0.00    0.00    0.00    0.00    0.00  100.00
00:20:48      31    0.00    0.00    0.00    0.00    0.00    0.00    0.00    0.00    0.00  100.00

00:20:48     CPU    %usr   %nice    %sys %iowait    %irq   %soft  %steal  %guest  %gnice   %idle
00:20:49     all    3.13    0.00    0.13    0.00    0.00    0.00    0.00    0.00    0.00   96.75
00:20:49       0    0.00    0.00    0.00    0.00    0.00    0.00    0.00    0.00    0.00  100.00
00:20:49       1    0.00    0.00    0.00    0.00    0.00    0.00    0.00    0.00    0.00  100.00
00:20:49       2   95.96    0.00    1.01    0.00    0.00    0.00    0.00    0.00    0.00    3.03
00:20:49       3    0.00    0.00    0.00    0.00    0.00    0.00    0.00    0.00    0.00  100.00
00:20:49       4    0.00    0.00    0.00    0.00    0.00    0.00    0.00    0.00    0.00  100.00
00:20:49       5    0.00    0.00    0.00    0.00    0.00    0.00    0.00    0.00    0.00  100.00
00:20:49       6    0.00    0.00    0.00    0.00    0.00    0.00    0.00    0.00    0.00  100.00
00:20:49       7    0.00    0.00    0.00    0.00    0.00    0.00    0.00    0.00    0.00  100.00
00:20:49       8    0.00    0.00    0.00    0.00    0.00    0.00    0.00    0.00    0.00  100.00
00:20:49       9    0.00    0.00    0.00    0.00    0.00    0.00    0.00    0.00    0.00  100.00
00:20:49      10    0.00    0.00    0.00    0.00    0.00    0.00    0.00    0.00    0.00  100.00
00:20:49      11    0.00    0.00    0.00    0.00    0.00    0.00    0.00    0.00    0.00  100.00
00:20:49      12    0.00    0.00    0.99    0.00    0.00    0.00    0.00    0.00    0.00   99.01
00:20:49      13    0.00    0.00    0.00    0.00    0.00    0.00    0.00    0.00    0.00  100.00
00:20:49      14    0.99    0.00    1.98    0.00    0.00    0.00    0.00    0.00    0.00   97.03
00:20:49      15    0.00    0.00    0.00    0.00    0.00    0.00    0.00    0.00    0.00  100.00
00:20:49      16    0.00    0.00    0.00    0.00    0.00    0.00    0.00    0.00    0.00  100.00
00:20:49      17    0.00    0.00    0.00    0.00    0.00    0.00    0.00    0.00    0.00  100.00
00:20:49      18    4.00    0.00    0.00    0.00    0.00    0.00    0.00    0.00    0.00   96.00
00:20:49      19    0.00    0.00    0.00    0.00    0.00    0.00    0.00    0.00    0.00  100.00
00:20:49      20    0.00    0.00    0.00    0.00    0.00    0.00    0.00    0.00    0.00  100.00
00:20:49      21    0.00    0.00    0.00    0.00    0.00    0.00    0.00    0.00    0.00  100.00
00:20:49      22    0.00    0.00    0.00    0.00    0.00    0.00    0.00    0.00    0.00  100.00
00:20:49      23    0.00    0.00    0.00    0.00    0.00    0.00    0.00    0.00    0.00  100.00
00:20:49      24    0.00    0.00    0.00    0.00    0.00    0.00    0.00    0.00    0.00  100.00
00:20:49      25    0.00    0.00    0.00    0.00    0.00    0.00    0.00    0.00    0.00  100.00
00:20:49      26    0.00    0.00    0.00    0.00    0.00    0.00    0.00    0.00    0.00  100.00
00:20:49      27    0.00    0.00    0.00    0.00    0.00    0.00    0.00    0.00    0.00  100.00
00:20:49      28    0.00    0.00    0.00    0.00    0.00    0.00    0.00    0.00    0.00  100.00
00:20:49      29    0.00    0.00    0.00    0.00    0.00    0.00    0.00    0.00    0.00  100.00
00:20:49      30    0.00    0.00    0.00    0.00    0.00    0.00    0.00    0.00    0.00  100.00
00:20:49      31    0.00    0.00    0.00    0.00    0.00    0.00    0.00    0.00    0.00  100.00

00:20:49     CPU    %usr   %nice    %sys %iowait    %irq   %soft  %steal  %guest  %gnice   %idle
00:20:50     all    3.07    0.00    0.03    0.00    0.00    0.00    0.00    0.00    0.00   96.90
00:20:50       0    0.00    0.00    0.00    0.00    0.00    0.00    0.00    0.00    0.00  100.00
00:20:50       1    0.00    0.00    0.00    0.00    0.00    0.00    0.00    0.00    0.00  100.00
00:20:50       2    0.00    0.00    0.00    0.00    0.00    0.00    0.00    0.00    0.00  100.00
00:20:50       3    0.00    0.00    0.00    0.00    0.00    0.00    0.00    0.00    0.00  100.00
00:20:50       4    0.00    0.00    0.00    0.00    0.00    0.00    0.00    0.00    0.00  100.00
00:20:50       5    0.00    0.00    0.00    0.00    0.00    0.00    0.00    0.00    0.00  100.00
00:20:50       6    0.00    0.00    0.00    0.00    0.00    0.00    0.00    0.00    0.00  100.00
00:20:50       7    0.00    0.00    0.00    0.00    0.00    0.00    0.00    0.00    0.00  100.00
00:20:50       8    0.00    0.00    0.00    0.00    0.00    0.00    0.00    0.00    0.00  100.00
00:20:50       9    0.00    0.00    0.00    0.00    0.00    0.00    0.00    0.00    0.00  100.00
00:20:50      10    0.00    0.00    0.00    0.00    0.00    0.00    0.00    0.00    0.00  100.00
00:20:50      11    0.00    0.00    0.00    0.00    0.00    0.00    0.00    0.00    0.00  100.00
00:20:50      12    0.00    0.00    0.00    0.00    0.00    0.00    0.00    0.00    0.00  100.00
00:20:50      13    0.00    0.00    0.00    0.00    0.00    0.00    0.00    0.00    0.00  100.00
00:20:50      14    0.00    0.00    0.00    0.00    0.00    0.00    0.00    0.00    0.00  100.00
00:20:50      15    0.00    0.00    0.00    0.00    0.00    0.00    0.00    0.00    0.00  100.00
00:20:50      16    0.00    0.00    0.00    0.00    0.00    0.00    0.00    0.00    0.00  100.00
00:20:50      17    0.00    0.00    0.00    0.00    0.00    0.00    0.00    0.00    0.00  100.00
00:20:50      18   98.99    0.00    1.01    0.00    0.00    0.00    0.00    0.00    0.00    0.00
00:20:50      19    0.00    0.00    0.00    0.00    0.00    0.00    0.00    0.00    0.00  100.00
00:20:50      20    0.00    0.00    0.00    0.00    0.00    0.00    0.00    0.00    0.00  100.00
00:20:50      21    0.00    0.00    0.00    0.00    0.00    0.00    0.00    0.00    0.00  100.00
00:20:50      22    0.00    0.00    0.00    0.00    0.00    0.00    0.00    0.00    0.00  100.00
00:20:50      23    0.00    0.00    0.00    0.00    0.00    0.00    0.00    0.00    0.00  100.00
00:20:50      24    0.00    0.00    0.00    0.00    0.00    0.00    0.00    0.00    0.00  100.00
00:20:50      25    0.00    0.00    0.00    0.00    0.00    0.00    0.00    0.00    0.00  100.00
00:20:50      26    0.00    0.00    0.00    0.00    0.00    0.00    0.00    0.00    0.00  100.00
00:20:50      27    0.00    0.00    0.00    0.00    0.00    0.00    0.00    0.00    0.00  100.00
00:20:50      28    0.00    0.00    0.00    0.00    0.00    0.00    0.00    0.00    0.00  100.00
00:20:50      29    0.00    0.00    0.00    0.00    0.00    0.00    0.00    0.00    0.00  100.00
00:20:50      30    0.00    0.00    0.00    0.00    0.00    0.00    0.00    0.00    0.00  100.00
00:20:50      31    0.00    0.00    0.00    0.00    0.00    0.00    0.00    0.00    0.00  100.00

00:20:50     CPU    %usr   %nice    %sys %iowait    %irq   %soft  %steal  %guest  %gnice   %idle
00:20:51     all    3.12    0.00    0.06    0.00    0.00    0.00    0.00    0.00    0.00   96.81
00:20:51       0    0.00    0.00    0.00    0.00    0.00    0.00    0.00    0.00    0.00  100.00
00:20:51       1    0.00    0.00    0.99    0.00    0.00    0.00    0.00    0.00    0.00   99.01
00:20:51       2    0.00    0.00    0.00    0.00    0.00    0.00    0.00    0.00    0.00  100.00
00:20:51       3    0.00    0.00    0.00    0.00    0.00    0.00    0.00    0.00    0.00  100.00
00:20:51       4    0.00    0.00    0.00    0.00    0.00    0.00    0.00    0.00    0.00  100.00
00:20:51       5    0.00    0.00    0.00    0.00    0.00    0.00    0.00    0.00    0.00  100.00
00:20:51       6    0.00    0.00    0.00    0.00    0.00    0.00    0.00    0.00    0.00  100.00
00:20:51       7    0.00    0.00    0.00    0.00    0.00    0.00    0.00    0.00    0.00  100.00
00:20:51       8    0.00    0.00    0.00    0.00    0.00    0.00    0.00    0.00    0.00  100.00
00:20:51       9    0.00    0.00    0.00    0.00    0.00    0.00    0.00    0.00    0.00  100.00
00:20:51      10    0.00    0.00    0.00    0.00    0.00    0.00    0.00    0.00    0.00  100.00
00:20:51      11    0.00    0.00    0.00    0.00    0.00    0.00    0.00    0.00    0.00  100.00
00:20:51      12    0.00    0.00    0.00    0.00    0.00    0.00    0.00    0.00    0.00  100.00
00:20:51      13    0.00    0.00    0.00    0.00    0.00    0.00    0.00    0.00    0.00  100.00
00:20:51      14    0.00    0.00    0.00    0.00    0.00    0.00    0.00    0.00    0.00  100.00
00:20:51      15    0.00    0.00    0.00    0.00    0.00    0.00    0.00    0.00    0.00  100.00
00:20:51      16    0.00    0.00    0.00    0.00    0.00    0.00    0.00    0.00    0.00  100.00
00:20:51      17    0.00    0.00    0.00    0.00    0.00    0.00    0.00    0.00    0.00  100.00
00:20:51      18   99.01    0.00    0.99    0.00    0.00    0.00    0.00    0.00    0.00    0.00
00:20:51      19    0.00    0.00    0.00    0.00    0.00    0.00    0.00    0.00    0.00  100.00
00:20:51      20    0.00    0.00    0.00    0.00    0.00    0.00    0.00    0.00    0.00  100.00
00:20:51      21    0.00    0.00    0.00    0.00    0.00    0.00    0.00    0.00    0.00  100.00
00:20:51      22    0.00    0.00    0.00    0.00    0.00    0.00    0.00    0.00    0.00  100.00
00:20:51      23    0.00    0.00    0.00    0.00    0.00    0.00    0.00    0.00    0.00  100.00
00:20:51      24    0.00    0.00    0.00    0.00    0.00    0.00    0.00    0.00    0.00  100.00
00:20:51      25    0.00    0.00    0.00    0.00    0.00    0.00    0.00    0.00    0.00  100.00
00:20:51      26    0.00    0.00    0.00    0.00    0.00    0.00    0.00    0.00    0.00  100.00
00:20:51      27    0.00    0.00    0.00    0.00    0.00    0.00    0.00    0.00    0.00  100.00
00:20:51      28    0.00    0.00    0.00    0.00    0.00    0.00    0.00    0.00    0.00  100.00
00:20:51      29    0.00    0.00    0.00    0.00    0.00    0.00    0.00    0.00    0.00  100.00
00:20:51      30    0.00    0.00    0.00    0.00    0.00    0.00    0.00    0.00    0.00  100.00
00:20:51      31    0.00    0.00    0.00    0.00    0.00    0.00    0.00    0.00    0.00  100.00

00:20:51     CPU    %usr   %nice    %sys %iowait    %irq   %soft  %steal  %guest  %gnice   %idle
00:20:52     all    3.13    0.00    0.09    0.00    0.00    0.00    0.00    0.00    0.00   96.78
00:20:52       0    0.00    0.00    0.00    0.00    0.00    0.00    0.00    0.00    0.00  100.00
00:20:52       1    0.98    0.00    1.96    0.00    0.00    0.00    0.00    0.00    0.00   97.06
00:20:52       2    0.00    0.00    0.00    0.00    0.00    0.00    0.00    0.00    0.00  100.00
00:20:52       3    0.00    0.00    0.00    0.00    0.00    0.00    0.00    0.00    0.00  100.00
00:20:52       4    0.00    0.00    0.00    0.00    0.00    0.00    0.00    0.00    0.00  100.00
00:20:52       5    0.00    0.00    0.00    0.00    0.00    0.00    0.00    0.00    0.00  100.00
00:20:52       6    0.00    0.00    0.00    0.00    0.00    0.00    0.00    0.00    0.00  100.00
00:20:52       7    0.00    0.00    0.00    0.00    0.00    0.00    0.00    0.00    0.00  100.00
00:20:52       8    0.00    0.00    0.00    0.00    0.00    0.00    0.00    0.00    0.00  100.00
00:20:52       9    0.00    0.00    0.00    0.00    0.00    0.00    0.00    0.00    0.00  100.00
00:20:52      10    0.00    0.00    0.00    0.00    0.00    0.00    0.00    0.00    0.00  100.00
00:20:52      11    0.00    0.00    0.00    0.00    0.00    0.00    0.00    0.00    0.00  100.00
00:20:52      12    0.00    0.00    0.00    0.00    0.00    0.00    0.00    0.00    0.00  100.00
00:20:52      13    0.00    0.00    0.00    0.00    0.00    0.00    0.00    0.00    0.00  100.00
00:20:52      14    0.00    0.00    0.00    0.00    0.00    0.00    0.00    0.00    0.00  100.00
00:20:52      15    0.00    0.00    0.00    0.00    0.00    0.00    0.00    0.00    0.00  100.00
00:20:52      16    0.00    0.00    0.00    0.00    0.00    0.00    0.00    0.00    0.00  100.00
00:20:52      17    0.00    0.00    0.00    0.00    0.00    0.00    0.00    0.00    0.00  100.00
00:20:52      18   99.00    0.00    1.00    0.00    0.00    0.00    0.00    0.00    0.00    0.00
00:20:52      19    0.00    0.00    0.00    0.00    0.00    0.00    0.00    0.00    0.00  100.00
00:20:52      20    0.00    0.00    0.00    0.00    0.00    0.00    0.00    0.00    0.00  100.00
00:20:52      21    0.00    0.00    0.00    0.00    0.00    0.00    0.00    0.00    0.00  100.00
00:20:52      22    0.00    0.00    0.00    0.00    0.00    0.00    0.00    0.00    0.00  100.00
00:20:52      23    0.00    0.00    0.00    0.00    0.00    0.00    0.00    0.00    0.00  100.00
00:20:52      24    0.00    0.00    0.00    0.00    0.00    0.00    0.00    0.00    0.00  100.00
00:20:52      25    0.00    0.00    0.00    0.00    0.00    0.00    0.00    0.00    0.00  100.00
00:20:52      26    0.00    0.00    0.00    0.00    0.00    0.00    0.00    0.00    0.00  100.00
00:20:52      27    0.00    0.00    0.00    0.00    0.00    0.00    0.00    0.00    0.00  100.00
00:20:52      28    0.00    0.00    0.00    0.00    0.00    0.00    0.00    0.00    0.00  100.00
00:20:52      29    0.00    0.00    0.00    0.00    0.00    0.00    0.00    0.00    0.00  100.00
00:20:52      30    0.00    0.00    0.00    0.00    0.00    0.00    0.00    0.00    0.00  100.00
00:20:52      31    0.00    0.00    0.00    0.00    0.00    0.00    0.00    0.00    0.00  100.00

00:20:52     CPU    %usr   %nice    %sys %iowait    %irq   %soft  %steal  %guest  %gnice   %idle
00:20:53     all    3.06    0.00    0.12    0.00    0.00    0.00    0.00    0.00    0.00   96.81
00:20:53       0    0.00    0.00    0.00    0.00    0.00    0.00    0.00    0.00    0.00  100.00
00:20:53       1    0.00    0.00    1.00    0.00    0.00    0.00    0.00    0.00    0.00   99.00
00:20:53       2    0.00    0.00    0.00    0.00    0.00    0.00    0.00    0.00    0.00  100.00
00:20:53       3    0.00    0.00    0.99    0.00    0.00    0.00    0.00    0.00    0.00   99.01
00:20:53       4    0.00    0.00    0.00    0.00    0.00    0.00    0.00    0.00    0.00  100.00
00:20:53       5    0.00    0.00    0.00    0.00    0.00    0.00    0.00    0.00    0.00  100.00
00:20:53       6    0.00    0.00    0.00    0.00    0.00    0.00    0.00    0.00    0.00  100.00
00:20:53       7    0.00    0.00    0.00    0.00    0.00    0.00    0.00    0.00    0.00  100.00
00:20:53       8    0.00    0.00    0.00    0.00    0.00    0.00    0.00    0.00    0.00  100.00
00:20:53       9    0.00    0.00    0.00    0.00    0.00    0.00    0.00    0.00    0.00  100.00
00:20:53      10    0.00    0.00    0.00    0.00    0.00    0.00    0.00    0.00    0.00  100.00
00:20:53      11    0.00    0.00    0.00    0.00    0.00    0.00    0.00    0.00    0.00  100.00
00:20:53      12    0.00    0.00    0.00    0.00    0.00    0.00    0.00    0.00    0.00  100.00
00:20:53      13    0.00    0.00    0.00    0.00    0.00    0.00    0.00    0.00    0.00  100.00
00:20:53      14    0.00    0.00    0.00    0.00    0.00    0.00    0.00    0.00    0.00  100.00
00:20:53      15    0.00    0.00    0.00    0.00    0.00    0.00    0.00    0.00    0.00  100.00
00:20:53      16    0.00    0.00    0.00    0.00    0.00    0.00    0.00    0.00    0.00  100.00
00:20:53      17    0.00    0.00    0.00    0.00    0.00    0.00    0.00    0.00    0.00  100.00
00:20:53      18   98.00    0.00    2.00    0.00    0.00    0.00    0.00    0.00    0.00    0.00
00:20:53      19    0.00    0.00    0.00    0.00    0.00    0.00    0.00    0.00    0.00  100.00
00:20:53      20    0.00    0.00    0.00    0.00    0.00    0.00    0.00    0.00    0.00  100.00
00:20:53      21    0.00    0.00    0.00    0.00    0.00    0.00    0.00    0.00    0.00  100.00
00:20:53      22    0.00    0.00    0.00    0.00    0.00    0.00    0.00    0.00    0.00  100.00
00:20:53      23    0.00    0.00    0.00    0.00    0.00    0.00    0.00    0.00    0.00  100.00
00:20:53      24    0.00    0.00    0.00    0.00    0.00    0.00    0.00    0.00    0.00  100.00
00:20:53      25    0.00    0.00    0.00    0.00    0.00    0.00    0.00    0.00    0.00  100.00
00:20:53      26    0.00    0.00    0.00    0.00    0.00    0.00    0.00    0.00    0.00  100.00
00:20:53      27    0.00    0.00    0.00    0.00    0.00    0.00    0.00    0.00    0.00  100.00
00:20:53      28    0.00    0.00    0.00    0.00    0.00    0.00    0.00    0.00    0.00  100.00
00:20:53      29    0.00    0.00    0.00    0.00    0.00    0.00    0.00    0.00    0.00  100.00
00:20:53      30    0.00    0.00    0.00    0.00    0.00    0.00    0.00    0.00    0.00  100.00
00:20:53      31    0.00    0.00    0.00    0.00    0.00    0.00    0.00    0.00    0.00  100.00

00:20:53     CPU    %usr   %nice    %sys %iowait    %irq   %soft  %steal  %guest  %gnice   %idle
00:20:54     all    3.13    0.00    0.03    0.00    0.00    0.00    0.00    0.00    0.00   96.84
00:20:54       0    0.00    0.00    0.00    0.00    0.00    0.00    0.00    0.00    0.00  100.00
00:20:54       1    0.00    0.00    1.00    0.00    0.00    0.00    0.00    0.00    0.00   99.00
00:20:54       2    0.00    0.00    0.00    0.00    0.00    0.00    0.00    0.00    0.00  100.00
00:20:54       3    0.00    0.00    0.00    0.00    0.00    0.00    0.00    0.00    0.00  100.00
00:20:54       4    0.00    0.00    0.00    0.00    0.00    0.00    0.00    0.00    0.00  100.00
00:20:54       5    0.00    0.00    0.00    0.00    0.00    0.00    0.00    0.00    0.00  100.00
00:20:54       6    0.00    0.00    0.00    0.00    0.00    0.00    0.00    0.00    0.00  100.00
00:20:54       7    0.00    0.00    0.00    0.00    0.00    0.00    0.00    0.00    0.00  100.00
00:20:54       8    0.00    0.00    0.00    0.00    0.00    0.00    0.00    0.00    0.00  100.00
00:20:54       9    0.00    0.00    0.00    0.00    0.00    0.00    0.00    0.00    0.00  100.00
00:20:54      10    0.00    0.00    0.00    0.00    0.00    0.00    0.00    0.00    0.00  100.00
00:20:54      11    0.00    0.00    0.00    0.00    0.00    0.00    0.00    0.00    0.00  100.00
00:20:54      12    0.00    0.00    0.00    0.00    0.00    0.00    0.00    0.00    0.00  100.00
00:20:54      13    0.00    0.00    0.00    0.00    0.00    0.00    0.00    0.00    0.00  100.00
00:20:54      14    0.00    0.00    0.00    0.00    0.00    0.00    0.00    0.00    0.00  100.00
00:20:54      15    0.00    0.00    0.00    0.00    0.00    0.00    0.00    0.00    0.00  100.00
00:20:54      16    0.00    0.00    0.00    0.00    0.00    0.00    0.00    0.00    0.00  100.00
00:20:54      17    0.00    0.00    0.00    0.00    0.00    0.00    0.00    0.00    0.00  100.00
00:20:54      18  100.00    0.00    0.00    0.00    0.00    0.00    0.00    0.00    0.00    0.00
00:20:54      19    0.00    0.00    0.00    0.00    0.00    0.00    0.00    0.00    0.00  100.00
00:20:54      20    0.00    0.00    0.00    0.00    0.00    0.00    0.00    0.00    0.00  100.00
00:20:54      21    0.00    0.00    0.00    0.00    0.00    0.00    0.00    0.00    0.00  100.00
00:20:54      22    0.00    0.00    0.00    0.00    0.00    0.00    0.00    0.00    0.00  100.00
00:20:54      23    0.00    0.00    0.00    0.00    0.00    0.00    0.00    0.00    0.00  100.00
00:20:54      24    0.00    0.00    0.00    0.00    0.00    0.00    0.00    0.00    0.00  100.00
00:20:54      25    0.00    0.00    0.00    0.00    0.00    0.00    0.00    0.00    0.00  100.00
00:20:54      26    0.00    0.00    0.00    0.00    0.00    0.00    0.00    0.00    0.00  100.00
00:20:54      27    0.00    0.00    0.00    0.00    0.00    0.00    0.00    0.00    0.00  100.00
00:20:54      28    0.00    0.00    0.00    0.00    0.00    0.00    0.00    0.00    0.00  100.00
00:20:54      29    0.00    0.00    0.00    0.00    0.00    0.00    0.00    0.00    0.00  100.00
00:20:54      30    0.00    0.00    0.00    0.00    0.00    0.00    0.00    0.00    0.00  100.00
00:20:54      31    0.00    0.00    0.00    0.00    0.00    0.00    0.00    0.00    0.00  100.00

00:20:54     CPU    %usr   %nice    %sys %iowait    %irq   %soft  %steal  %guest  %gnice   %idle
00:20:55     all    3.10    0.00    0.03    0.00    0.00    0.00    0.00    0.00    0.00   96.87
00:20:55       0    0.00    0.00    0.00    0.00    0.00    0.00    0.00    0.00    0.00  100.00
00:20:55       1    0.00    0.00    0.00    0.00    0.00    0.00    0.00    0.00    0.00  100.00
00:20:55       2    0.00    0.00    0.00    0.00    0.00    0.00    0.00    0.00    0.00  100.00
00:20:55       3    0.00    0.00    0.00    0.00    0.00    0.00    0.00    0.00    0.00  100.00
00:20:55       4    0.00    0.00    0.00    0.00    0.00    0.00    0.00    0.00    0.00  100.00
00:20:55       5    0.00    0.00    0.00    0.00    0.00    0.00    0.00    0.00    0.00  100.00
00:20:55       6    0.00    0.00    0.00    0.00    0.00    0.00    0.00    0.00    0.00  100.00
00:20:55       7    0.00    0.00    0.00    0.00    0.00    0.00    0.00    0.00    0.00  100.00
00:20:55       8    0.00    0.00    0.00    0.00    0.00    0.00    0.00    0.00    0.00  100.00
00:20:55       9    0.00    0.00    0.00    0.00    0.00    0.00    0.00    0.00    0.00  100.00
00:20:55      10    0.00    0.00    0.00    0.00    0.00    0.00    0.00    0.00    0.00  100.00
00:20:55      11    0.00    0.00    0.00    0.00    0.00    0.00    0.00    0.00    0.00  100.00
00:20:55      12    0.00    0.00    0.00    0.00    0.00    0.00    0.00    0.00    0.00  100.00
00:20:55      13    0.00    0.00    0.00    0.00    0.00    0.00    0.00    0.00    0.00  100.00
00:20:55      14    0.00    0.00    1.00    0.00    0.00    0.00    0.00    0.00    0.00   99.00
00:20:55      15    0.00    0.00    0.00    0.00    0.00    0.00    0.00    0.00    0.00  100.00
00:20:55      16    0.00    0.00    0.00    0.00    0.00    0.00    0.00    0.00    0.00  100.00
00:20:55      17    0.00    0.00    0.00    0.00    0.00    0.00    0.00    0.00    0.00  100.00
00:20:55      18  100.00    0.00    0.00    0.00    0.00    0.00    0.00    0.00    0.00    0.00
00:20:55      19    0.00    0.00    0.00    0.00    0.00    0.00    0.00    0.00    0.00  100.00
00:20:55      20    0.00    0.00    0.00    0.00    0.00    0.00    0.00    0.00    0.00  100.00
00:20:55      21    0.00    0.00    0.00    0.00    0.00    0.00    0.00    0.00    0.00  100.00
00:20:55      22    0.00    0.00    0.00    0.00    0.00    0.00    0.00    0.00    0.00  100.00
00:20:55      23    0.00    0.00    0.00    0.00    0.00    0.00    0.00    0.00    0.00  100.00
00:20:55      24    0.00    0.00    0.00    0.00    0.00    0.00    0.00    0.00    0.00  100.00
00:20:55      25    0.00    0.00    0.00    0.00    0.00    0.00    0.00    0.00    0.00  100.00
00:20:55      26    0.00    0.00    0.00    0.00    0.00    0.00    0.00    0.00    0.00  100.00
00:20:55      27    0.00    0.00    0.00    0.00    0.00    0.00    0.00    0.00    0.00  100.00
00:20:55      28    0.00    0.00    0.00    0.00    0.00    0.00    0.00    0.00    0.00  100.00
00:20:55      29    0.00    0.00    0.00    0.00    0.00    0.00    0.00    0.00    0.00  100.00
00:20:55      30    0.00    0.00    0.00    0.00    0.00    0.00    0.00    0.00    0.00  100.00
00:20:55      31    0.00    0.00    0.00    0.00    0.00    0.00    0.00    0.00    0.00  100.00

00:20:55     CPU    %usr   %nice    %sys %iowait    %irq   %soft  %steal  %guest  %gnice   %idle
00:20:56     all    3.06    0.00    0.12    0.00    0.00    0.00    0.00    0.00    0.00   96.81
00:20:56       0    0.00    0.00    0.00    0.00    0.00    0.00    0.00    0.00    0.00  100.00
00:20:56       1    0.00    0.00    0.00    0.00    0.00    0.00    0.00    0.00    0.00  100.00
00:20:56       2    0.00    0.00    0.00    0.00    0.00    0.00    0.00    0.00    0.00  100.00
00:20:56       3    0.00    0.00    0.00    0.00    0.00    0.00    0.00    0.00    0.00  100.00
00:20:56       4    0.00    0.00    0.00    0.00    0.00    0.00    0.00    0.00    0.00  100.00
00:20:56       5    0.00    0.00    0.00    0.00    0.00    0.00    0.00    0.00    0.00  100.00
00:20:56       6    0.00    0.00    0.00    0.00    0.00    0.00    0.00    0.00    0.00  100.00
00:20:56       7    0.00    0.00    0.00    0.00    0.00    0.00    0.00    0.00    0.00  100.00
00:20:56       8    0.00    0.00    0.00    0.00    0.00    0.00    0.00    0.00    0.00  100.00
00:20:56       9    0.00    0.00    0.00    0.00    0.00    0.00    0.00    0.00    0.00  100.00
00:20:56      10    0.00    0.00    0.00    0.00    0.00    0.00    0.00    0.00    0.00  100.00
00:20:56      11    0.00    0.00    0.00    0.00    0.00    0.00    0.00    0.00    0.00  100.00
00:20:56      12    0.00    0.00    0.00    0.00    0.00    0.00    0.00    0.00    0.00  100.00
00:20:56      13    0.00    0.00    0.00    0.00    0.00    0.00    0.00    0.00    0.00  100.00
00:20:56      14    0.00    0.00    0.00    0.00    0.00    0.00    0.00    0.00    0.00  100.00
00:20:56      15    0.00    0.00    0.00    0.00    0.00    0.00    0.00    0.00    0.00  100.00
00:20:56      16    0.00    0.00    0.00    0.00    0.00    0.00    0.00    0.00    0.00  100.00
00:20:56      17    0.00    0.00    0.99    0.00    0.00    0.00    0.00    0.00    0.00   99.01
00:20:56      18   97.03    0.00    2.97    0.00    0.00    0.00    0.00    0.00    0.00    0.00
00:20:56      19    0.00    0.00    0.00    0.00    0.00    0.00    0.00    0.00    0.00  100.00
00:20:56      20    0.00    0.00    0.00    0.00    0.00    0.00    0.00    0.00    0.00  100.00
00:20:56      21    0.00    0.00    0.00    0.00    0.00    0.00    0.00    0.00    0.00  100.00
00:20:56      22    0.00    0.00    0.00    0.00    0.00    0.00    0.00    0.00    0.00  100.00
00:20:56      23    0.00    0.00    0.00    0.00    0.00    0.00    0.00    0.00    0.00  100.00
00:20:56      24    0.00    0.00    0.00    0.00    0.00    0.00    0.00    0.00    0.00  100.00
00:20:56      25    0.00    0.00    0.00    0.00    0.00    0.00    0.00    0.00    0.00  100.00
00:20:56      26    0.00    0.00    0.00    0.00    0.00    0.00    0.00    0.00    0.00  100.00
00:20:56      27    0.00    0.00    0.00    0.00    0.00    0.00    0.00    0.00    0.00  100.00
00:20:56      28    0.00    0.00    0.00    0.00    0.00    0.00    0.00    0.00    0.00  100.00
00:20:56      29    0.00    0.00    0.00    0.00    0.00    0.00    0.00    0.00    0.00  100.00
00:20:56      30    0.00    0.00    0.00    0.00    0.00    0.00    0.00    0.00    0.00  100.00
00:20:56      31    0.00    0.00    0.00    0.00    0.00    0.00    0.00    0.00    0.00  100.00

00:20:56     CPU    %usr   %nice    %sys %iowait    %irq   %soft  %steal  %guest  %gnice   %idle
00:20:57     all    3.06    0.00    0.06    0.00    0.00    0.00    0.00    0.00    0.00   96.87
00:20:57       0    0.00    0.00    0.00    0.00    0.00    0.00    0.00    0.00    0.00  100.00
00:20:57       1    0.00    0.00    0.00    0.00    0.00    0.00    0.00    0.00    0.00  100.00
00:20:57       2    0.00    0.00    0.00    0.00    0.00    0.00    0.00    0.00    0.00  100.00
00:20:57       3    0.00    0.00    0.00    0.00    0.00    0.00    0.00    0.00    0.00  100.00
00:20:57       4    0.00    0.00    0.00    0.00    0.00    0.00    0.00    0.00    0.00  100.00
00:20:57       5    0.00    0.00    0.00    0.00    0.00    0.00    0.00    0.00    0.00  100.00
00:20:57       6    0.00    0.00    0.00    0.00    0.00    0.00    0.00    0.00    0.00  100.00
00:20:57       7    0.00    0.00    0.00    0.00    0.00    0.00    0.00    0.00    0.00  100.00
00:20:57       8    0.00    0.00    0.00    0.00    0.00    0.00    0.00    0.00    0.00  100.00
00:20:57       9    0.00    0.00    0.00    0.00    0.00    0.00    0.00    0.00    0.00  100.00
00:20:57      10    0.00    0.00    0.00    0.00    0.00    0.00    0.00    0.00    0.00  100.00
00:20:57      11    0.00    0.00    0.99    0.00    0.00    0.00    0.00    0.00    0.00   99.01
00:20:57      12    0.00    0.00    0.00    0.00    0.00    0.00    0.00    0.00    0.00  100.00
00:20:57      13    0.00    0.00    0.00    0.00    0.00    0.00    0.00    0.00    0.00  100.00
00:20:57      14    0.00    0.00    0.00    0.00    0.00    0.00    0.00    0.00    0.00  100.00
00:20:57      15    0.00    0.00    0.00    0.00    0.00    0.00    0.00    0.00    0.00  100.00
00:20:57      16    0.00    0.00    0.00    0.00    0.00    0.00    0.00    0.00    0.00  100.00
00:20:57      17    0.00    0.00    0.00    0.00    0.00    0.00    0.00    0.00    0.00  100.00
00:20:57      18   98.99    0.00    1.01    0.00    0.00    0.00    0.00    0.00    0.00    0.00
00:20:57      19    0.00    0.00    0.00    0.00    0.00    0.00    0.00    0.00    0.00  100.00
00:20:57      20    0.00    0.00    0.00    0.00    0.00    0.00    0.00    0.00    0.00  100.00
00:20:57      21    0.00    0.00    0.00    0.00    0.00    0.00    0.00    0.00    0.00  100.00
00:20:57      22    0.00    0.00    0.00    0.00    0.00    0.00    0.00    0.00    0.00  100.00
00:20:57      23    0.00    0.00    0.00    0.00    0.00    0.00    0.00    0.00    0.00  100.00
00:20:57      24    0.00    0.00    0.00    0.00    0.00    0.00    0.00    0.00    0.00  100.00
00:20:57      25    0.00    0.00    0.00    0.00    0.00    0.00    0.00    0.00    0.00  100.00
00:20:57      26    0.00    0.00    0.00    0.00    0.00    0.00    0.00    0.00    0.00  100.00
00:20:57      27    0.00    0.00    0.00    0.00    0.00    0.00    0.00    0.00    0.00  100.00
00:20:57      28    0.00    0.00    0.00    0.00    0.00    0.00    0.00    0.00    0.00  100.00
00:20:57      29    0.00    0.00    0.00    0.00    0.00    0.00    0.00    0.00    0.00  100.00
00:20:57      30    0.00    0.00    0.00    0.00    0.00    0.00    0.00    0.00    0.00  100.00
00:20:57      31    0.00    0.00    0.00    0.00    0.00    0.00    0.00    0.00    0.00  100.00

00:20:57     CPU    %usr   %nice    %sys %iowait    %irq   %soft  %steal  %guest  %gnice   %idle
00:20:58     all    3.09    0.00    0.19    0.00    0.00    0.00    0.00    0.00    0.00   96.72
00:20:58       0    0.00    0.00    0.00    0.00    0.00    0.00    0.00    0.00    0.00  100.00
00:20:58       1    0.00    0.00    1.96    0.00    0.00    0.00    0.00    0.00    0.00   98.04
00:20:58       2    0.00    0.00    0.00    0.00    0.00    0.00    0.00    0.00    0.00  100.00
00:20:58       3    0.00    0.00    0.00    0.00    0.00    0.00    0.00    0.00    0.00  100.00
00:20:58       4    0.00    0.00    0.00    0.00    0.00    0.00    0.00    0.00    0.00  100.00
00:20:58       5    0.00    0.00    0.00    0.00    0.00    0.00    0.00    0.00    0.00  100.00
00:20:58       6    0.00    0.00    0.00    0.00    0.00    0.00    0.00    0.00    0.00  100.00
00:20:58       7    0.00    0.00    0.00    0.00    0.00    0.00    0.00    0.00    0.00  100.00
00:20:58       8    0.00    0.00    0.00    0.00    0.00    0.00    0.00    0.00    0.00  100.00
00:20:58       9    0.00    0.00    0.00    0.00    0.00    0.00    0.00    0.00    0.00  100.00
00:20:58      10    0.00    0.00    0.00    0.00    0.00    0.00    0.00    0.00    0.00  100.00
00:20:58      11    0.00    0.00    0.00    0.00    0.00    0.00    0.00    0.00    0.00  100.00
00:20:58      12    0.00    0.00    0.00    0.00    0.00    0.00    0.00    0.00    0.00  100.00
00:20:58      13    0.00    0.00    0.00    0.00    0.00    0.00    0.00    0.00    0.00  100.00
00:20:58      14    0.00    0.00    0.00    0.00    0.00    0.00    0.00    0.00    0.00  100.00
00:20:58      15    0.00    0.00    0.00    0.00    0.00    0.00    0.00    0.00    0.00  100.00
00:20:58      16    0.00    0.00    0.00    0.00    0.00    0.00    0.00    0.00    0.00  100.00
00:20:58      17    0.00    0.00    0.00    0.00    0.00    0.00    0.00    0.00    0.00  100.00
00:20:58      18   98.02    0.00    1.98    0.00    0.00    0.00    0.00    0.00    0.00    0.00
00:20:58      19    0.00    0.00    0.00    0.00    0.00    0.00    0.00    0.00    0.00  100.00
00:20:58      20    0.00    0.00    0.99    0.00    0.00    0.00    0.00    0.00    0.00   99.01
00:20:58      21    0.00    0.00    0.99    0.00    0.00    0.00    0.00    0.00    0.00   99.01
00:20:58      22    0.00    0.00    0.00    0.00    0.00    0.00    0.00    0.00    0.00  100.00
00:20:58      23    0.00    0.00    0.00    0.00    0.00    0.00    0.00    0.00    0.00  100.00
00:20:58      24    0.00    0.00    0.00    0.00    0.00    0.00    0.00    0.00    0.00  100.00
00:20:58      25    0.00    0.00    0.00    0.00    0.00    0.00    0.00    0.00    0.00  100.00
00:20:58      26    0.00    0.00    0.00    0.00    0.00    0.00    0.00    0.00    0.00  100.00
00:20:58      27    0.00    0.00    0.00    0.00    0.00    0.00    0.00    0.00    0.00  100.00
00:20:58      28    0.00    0.00    0.00    0.00    0.00    0.00    0.00    0.00    0.00  100.00
00:20:58      29    0.00    0.00    0.00    0.00    0.00    0.00    0.00    0.00    0.00  100.00
00:20:58      30    0.00    0.00    0.00    0.00    0.00    0.00    0.00    0.00    0.00  100.00
00:20:58      31    0.00    0.00    0.00    0.00    0.00    0.00    0.00    0.00    0.00  100.00

00:20:58     CPU    %usr   %nice    %sys %iowait    %irq   %soft  %steal  %guest  %gnice   %idle
00:20:59     all    3.13    0.00    0.03    0.00    0.00    0.00    0.00    0.00    0.00   96.84
00:20:59       0    0.00    0.00    0.00    0.00    0.00    0.00    0.00    0.00    0.00  100.00
00:20:59       1    0.00    0.00    0.00    0.00    0.00    0.00    0.00    0.00    0.00  100.00
00:20:59       2    0.00    0.00    0.00    0.00    0.00    0.00    0.00    0.00    0.00  100.00
00:20:59       3    0.00    0.00    0.00    0.00    0.00    0.00    0.00    0.00    0.00  100.00
00:20:59       4    1.00    0.00    1.00    0.00    0.00    0.00    0.00    0.00    0.00   98.00
00:20:59       5    0.00    0.00    0.00    0.00    0.00    0.00    0.00    0.00    0.00  100.00
00:20:59       6    0.00    0.00    0.00    0.00    0.00    0.00    0.00    0.00    0.00  100.00
00:20:59       7    0.00    0.00    0.00    0.00    0.00    0.00    0.00    0.00    0.00  100.00
00:20:59       8    0.00    0.00    0.00    0.00    0.00    0.00    0.00    0.00    0.00  100.00
00:20:59       9    0.00    0.00    0.00    0.00    0.00    0.00    0.00    0.00    0.00  100.00
00:20:59      10    0.00    0.00    0.00    0.00    0.00    0.00    0.00    0.00    0.00  100.00
00:20:59      11    0.00    0.00    0.00    0.00    0.00    0.00    0.00    0.00    0.00  100.00
00:20:59      12    0.00    0.00    0.00    0.00    0.00    0.00    0.00    0.00    0.00  100.00
00:20:59      13    0.00    0.00    0.00    0.00    0.00    0.00    0.00    0.00    0.00  100.00
00:20:59      14    0.00    0.00    0.00    0.00    0.00    0.00    0.00    0.00    0.00  100.00
00:20:59      15    0.00    0.00    0.00    0.00    0.00    0.00    0.00    0.00    0.00  100.00
00:20:59      16    0.00    0.00    0.00    0.00    0.00    0.00    0.00    0.00    0.00  100.00
00:20:59      17    0.00    0.00    0.00    0.00    0.00    0.00    0.00    0.00    0.00  100.00
00:20:59      18  100.00    0.00    0.00    0.00    0.00    0.00    0.00    0.00    0.00    0.00
00:20:59      19    0.00    0.00    0.00    0.00    0.00    0.00    0.00    0.00    0.00  100.00
00:20:59      20    0.00    0.00    0.00    0.00    0.00    0.00    0.00    0.00    0.00  100.00
00:20:59      21    0.00    0.00    0.00    0.00    0.00    0.00    0.00    0.00    0.00  100.00
00:20:59      22    0.00    0.00    0.00    0.00    0.00    0.00    0.00    0.00    0.00  100.00
00:20:59      23    0.00    0.00    0.00    0.00    0.00    0.00    0.00    0.00    0.00  100.00
00:20:59      24    0.00    0.00    0.00    0.00    0.00    0.00    0.00    0.00    0.00  100.00
00:20:59      25    0.00    0.00    0.00    0.00    0.00    0.00    0.00    0.00    0.00  100.00
00:20:59      26    0.00    0.00    0.00    0.00    0.00    0.00    0.00    0.00    0.00  100.00
00:20:59      27    0.00    0.00    0.00    0.00    0.00    0.00    0.00    0.00    0.00  100.00
00:20:59      28    0.00    0.00    0.00    0.00    0.00    0.00    0.00    0.00    0.00  100.00
00:20:59      29    0.00    0.00    0.00    0.00    0.00    0.00    0.00    0.00    0.00  100.00
00:20:59      30    0.00    0.00    0.00    0.00    0.00    0.00    0.00    0.00    0.00  100.00
00:20:59      31    0.00    0.00    0.00    0.00    0.00    0.00    0.00    0.00    0.00  100.00

00:20:59     CPU    %usr   %nice    %sys %iowait    %irq   %soft  %steal  %guest  %gnice   %idle
00:21:00     all    3.10    0.00    0.06    0.00    0.00    0.00    0.00    0.00    0.00   96.84
00:21:00       0    0.00    0.00    0.00    0.00    0.00    0.00    0.00    0.00    0.00  100.00
00:21:00       1    0.00    0.00    0.00    0.00    0.00    0.00    0.00    0.00    0.00  100.00
00:21:00       2    0.00    0.00    0.00    0.00    0.00    0.00    0.00    0.00    0.00  100.00
00:21:00       3    0.00    0.00    0.00    0.00    0.00    0.00    0.00    0.00    0.00  100.00
00:21:00       4    0.00    0.00    0.00    0.00    0.00    0.00    0.00    0.00    0.00  100.00
00:21:00       5    0.00    0.00    0.00    0.00    0.00    0.00    0.00    0.00    0.00  100.00
00:21:00       6    0.00    0.00    0.00    0.00    0.00    0.00    0.00    0.00    0.00  100.00
00:21:00       7    0.00    0.00    0.00    0.00    0.00    0.00    0.00    0.00    0.00  100.00
00:21:00       8    0.00    0.00    0.00    0.00    0.00    0.00    0.00    0.00    0.00  100.00
00:21:00       9    0.00    0.00    0.00    0.00    0.00    0.00    0.00    0.00    0.00  100.00
00:21:00      10    0.00    0.00    0.00    0.00    0.00    0.00    0.00    0.00    0.00  100.00
00:21:00      11    0.00    0.00    0.00    0.00    0.00    0.00    0.00    0.00    0.00  100.00
00:21:00      12    0.00    0.00    0.00    0.00    0.00    0.00    0.00    0.00    0.00  100.00
00:21:00      13    0.00    0.00    0.00    0.00    0.00    0.00    0.00    0.00    0.00  100.00
00:21:00      14    0.00    0.00    0.00    0.00    0.00    0.00    0.00    0.00    0.00  100.00
00:21:00      15    0.00    0.00    0.00    0.00    0.00    0.00    0.00    0.00    0.00  100.00
00:21:00      16    0.00    0.00    0.00    0.00    0.00    0.00    0.00    0.00    0.00  100.00
00:21:00      17    0.00    0.00    0.00    0.00    0.00    0.00    0.00    0.00    0.00  100.00
00:21:00      18   98.02    0.00    1.98    0.00    0.00    0.00    0.00    0.00    0.00    0.00
00:21:00      19    0.00    0.00    0.00    0.00    0.00    0.00    0.00    0.00    0.00  100.00
00:21:00      20    0.00    0.00    0.00    0.00    0.00    0.00    0.00    0.00    0.00  100.00
00:21:00      21    0.00    0.00    0.00    0.00    0.00    0.00    0.00    0.00    0.00  100.00
00:21:00      22    0.00    0.00    0.00    0.00    0.00    0.00    0.00    0.00    0.00  100.00
00:21:00      23    0.00    0.00    0.00    0.00    0.00    0.00    0.00    0.00    0.00  100.00
00:21:00      24    0.00    0.00    0.00    0.00    0.00    0.00    0.00    0.00    0.00  100.00
00:21:00      25    0.00    0.00    0.00    0.00    0.00    0.00    0.00    0.00    0.00  100.00
00:21:00      26    0.00    0.00    0.00    0.00    0.00    0.00    0.00    0.00    0.00  100.00
00:21:00      27    0.00    0.00    0.00    0.00    0.00    0.00    0.00    0.00    0.00  100.00
00:21:00      28    0.00    0.00    0.00    0.00    0.00    0.00    0.00    0.00    0.00  100.00
00:21:00      29    0.00    0.00    0.00    0.00    0.00    0.00    0.00    0.00    0.00  100.00
00:21:00      30    0.00    0.00    0.00    0.00    0.00    0.00    0.00    0.00    0.00  100.00
00:21:00      31    0.00    0.00    0.00    0.00    0.00    0.00    0.00    0.00    0.00  100.00

00:21:00     CPU    %usr   %nice    %sys %iowait    %irq   %soft  %steal  %guest  %gnice   %idle
00:21:01     all    3.09    0.00    0.03    0.00    0.00    0.00    0.00    0.00    0.00   96.87
00:21:01       0    0.00    0.00    0.00    0.00    0.00    0.00    0.00    0.00    0.00  100.00
00:21:01       1    0.00    0.00    0.00    0.00    0.00    0.00    0.00    0.00    0.00  100.00
00:21:01       2    0.00    0.00    0.00    0.00    0.00    0.00    0.00    0.00    0.00  100.00
00:21:01       3    0.00    0.00    0.00    0.00    0.00    0.00    0.00    0.00    0.00  100.00
00:21:01       4    0.00    0.00    0.00    0.00    0.00    0.00    0.00    0.00    0.00  100.00
00:21:01       5    0.00    0.00    0.00    0.00    0.00    0.00    0.00    0.00    0.00  100.00
00:21:01       6    0.00    0.00    0.00    0.00    0.00    0.00    0.00    0.00    0.00  100.00
00:21:01       7    0.00    0.00    0.00    0.00    0.00    0.00    0.00    0.00    0.00  100.00
00:21:01       8    0.00    0.00    0.00    0.00    0.00    0.00    0.00    0.00    0.00  100.00
00:21:01       9    0.00    0.00    0.00    0.00    0.00    0.00    0.00    0.00    0.00  100.00
00:21:01      10    0.00    0.00    0.00    0.00    0.00    0.00    0.00    0.00    0.00  100.00
00:21:01      11    0.00    0.00    0.00    0.00    0.00    0.00    0.00    0.00    0.00  100.00
00:21:01      12    0.00    0.00    0.00    0.00    0.00    0.00    0.00    0.00    0.00  100.00
00:21:01      13    0.00    0.00    0.00    0.00    0.00    0.00    0.00    0.00    0.00  100.00
00:21:01      14    0.00    0.00    0.00    0.00    0.00    0.00    0.00    0.00    0.00  100.00
00:21:01      15    0.00    0.00    0.00    0.00    0.00    0.00    0.00    0.00    0.00  100.00
00:21:01      16    0.00    0.00    0.00    0.00    0.00    0.00    0.00    0.00    0.00  100.00
00:21:01      17    0.00    0.00    0.00    0.00    0.00    0.00    0.00    0.00    0.00  100.00
00:21:01      18   99.00    0.00    1.00    0.00    0.00    0.00    0.00    0.00    0.00    0.00
00:21:01      19    0.00    0.00    0.00    0.00    0.00    0.00    0.00    0.00    0.00  100.00
00:21:01      20    0.00    0.00    0.00    0.00    0.00    0.00    0.00    0.00    0.00  100.00
00:21:01      21    0.00    0.00    0.00    0.00    0.00    0.00    0.00    0.00    0.00  100.00
00:21:01      22    0.00    0.00    0.00    0.00    0.00    0.00    0.00    0.00    0.00  100.00
00:21:01      23    0.00    0.00    0.00    0.00    0.00    0.00    0.00    0.00    0.00  100.00
00:21:01      24    0.00    0.00    0.00    0.00    0.00    0.00    0.00    0.00    0.00  100.00
00:21:01      25    0.00    0.00    0.00    0.00    0.00    0.00    0.00    0.00    0.00  100.00
00:21:01      26    0.00    0.00    0.00    0.00    0.00    0.00    0.00    0.00    0.00  100.00
00:21:01      27    0.00    0.00    0.00    0.00    0.00    0.00    0.00    0.00    0.00  100.00
00:21:01      28    0.00    0.00    0.00    0.00    0.00    0.00    0.00    0.00    0.00  100.00
00:21:01      29    0.00    0.00    0.00    0.00    0.00    0.00    0.00    0.00    0.00  100.00
00:21:01      30    0.00    0.00    0.00    0.00    0.00    0.00    0.00    0.00    0.00  100.00
00:21:01      31    0.00    0.00    0.00    0.00    0.00    0.00    0.00    0.00    0.00  100.00

00:21:01     CPU    %usr   %nice    %sys %iowait    %irq   %soft  %steal  %guest  %gnice   %idle
00:21:02     all    3.09    0.00    0.16    0.00    0.00    0.00    0.00    0.00    0.00   96.75
00:21:02       0    0.00    0.00    0.00    0.00    0.00    0.00    0.00    0.00    0.00  100.00
00:21:02       1    0.00    0.00    1.00    0.00    0.00    0.00    0.00    0.00    0.00   99.00
00:21:02       2    0.00    0.00    0.00    0.00    0.00    0.00    0.00    0.00    0.00  100.00
00:21:02       3    0.00    0.00    0.00    0.00    0.00    0.00    0.00    0.00    0.00  100.00
00:21:02       4    0.00    0.00    0.00    0.00    0.00    0.00    0.00    0.00    0.00  100.00
00:21:02       5    0.00    0.00    0.00    0.00    0.00    0.00    0.00    0.00    0.00  100.00
00:21:02       6    0.00    0.00    0.00    0.00    0.00    0.00    0.00    0.00    0.00  100.00
00:21:02       7    0.00    0.00    0.99    0.00    0.00    0.00    0.00    0.00    0.00   99.01
00:21:02       8    0.00    0.00    0.00    0.00    0.00    0.00    0.00    0.00    0.00  100.00
00:21:02       9    0.00    0.00    0.00    0.00    0.00    0.00    0.00    0.00    0.00  100.00
00:21:02      10    0.00    0.00    0.00    0.00    0.00    0.00    0.00    0.00    0.00  100.00
00:21:02      11    0.00    0.00    0.00    0.00    0.00    0.00    0.00    0.00    0.00  100.00
00:21:02      12    0.00    0.00    0.00    0.00    0.00    0.00    0.00    0.00    0.00  100.00
00:21:02      13    0.00    0.00    0.99    0.00    0.00    0.00    0.00    0.00    0.00   99.01
00:21:02      14    0.00    0.00    0.99    0.00    0.00    0.00    0.00    0.00    0.00   99.01
00:21:02      15    0.00    0.00    0.00    0.00    0.00    0.00    0.00    0.00    0.00  100.00
00:21:02      16    0.00    0.00    0.00    0.00    0.00    0.00    0.00    0.00    0.00  100.00
00:21:02      17    0.00    0.00    0.00    0.00    0.00    0.00    0.00    0.00    0.00  100.00
00:21:02      18   99.00    0.00    1.00    0.00    0.00    0.00    0.00    0.00    0.00    0.00
00:21:02      19    0.00    0.00    0.00    0.00    0.00    0.00    0.00    0.00    0.00  100.00
00:21:02      20    0.00    0.00    0.00    0.00    0.00    0.00    0.00    0.00    0.00  100.00
00:21:02      21    0.00    0.00    0.00    0.00    0.00    0.00    0.00    0.00    0.00  100.00
00:21:02      22    0.00    0.00    0.00    0.00    0.00    0.00    0.00    0.00    0.00  100.00
00:21:02      23    0.00    0.00    0.00    0.00    0.00    0.00    0.00    0.00    0.00  100.00
00:21:02      24    0.00    0.00    0.00    0.00    0.00    0.00    0.00    0.00    0.00  100.00
00:21:02      25    0.00    0.00    0.00    0.00    0.00    0.00    0.00    0.00    0.00  100.00
00:21:02      26    0.00    0.00    0.00    0.00    0.00    0.00    0.00    0.00    0.00  100.00
00:21:02      27    0.00    0.00    0.00    0.00    0.00    0.00    0.00    0.00    0.00  100.00
00:21:02      28    0.00    0.00    0.00    0.00    0.00    0.00    0.00    0.00    0.00  100.00
00:21:02      29    0.00    0.00    0.00    0.00    0.00    0.00    0.00    0.00    0.00  100.00
00:21:02      30    0.00    0.00    0.00    0.00    0.00    0.00    0.00    0.00    0.00  100.00
00:21:02      31    0.00    0.00    0.00    0.00    0.00    0.00    0.00    0.00    0.00  100.00

00:21:02     CPU    %usr   %nice    %sys %iowait    %irq   %soft  %steal  %guest  %gnice   %idle
00:21:03     all    3.06    0.00    0.09    0.00    0.00    0.00    0.00    0.00    0.00   96.84
00:21:03       0    0.00    0.00    0.00    0.00    0.00    0.00    0.00    0.00    0.00  100.00
00:21:03       1    0.00    0.00    1.00    0.00    0.00    0.00    0.00    0.00    0.00   99.00
00:21:03       2    0.00    0.00    0.00    0.00    0.00    0.00    0.00    0.00    0.00  100.00
00:21:03       3    0.00    0.00    0.00    0.00    0.00    0.00    0.00    0.00    0.00  100.00
00:21:03       4    0.00    0.00    0.00    0.00    0.00    0.00    0.00    0.00    0.00  100.00
00:21:03       5    0.00    0.00    0.00    0.00    0.00    0.00    0.00    0.00    0.00  100.00
00:21:03       6    0.00    0.00    0.00    0.00    0.00    0.00    0.00    0.00    0.00  100.00
00:21:03       7    0.00    0.00    0.00    0.00    0.00    0.00    0.00    0.00    0.00  100.00
00:21:03       8    0.00    0.00    0.00    0.00    0.00    0.00    0.00    0.00    0.00  100.00
00:21:03       9    0.00    0.00    0.00    0.00    0.00    0.00    0.00    0.00    0.00  100.00
00:21:03      10    0.00    0.00    0.00    0.00    0.00    0.00    0.00    0.00    0.00  100.00
00:21:03      11    0.00    0.00    0.00    0.00    0.00    0.00    0.00    0.00    0.00  100.00
00:21:03      12    0.00    0.00    0.00    0.00    0.00    0.00    0.00    0.00    0.00  100.00
00:21:03      13    0.00    0.00    0.00    0.00    0.00    0.00    0.00    0.00    0.00  100.00
00:21:03      14    0.00    0.00    0.00    0.00    0.00    0.00    0.00    0.00    0.00  100.00
00:21:03      15    0.00    0.00    0.00    0.00    0.00    0.00    0.00    0.00    0.00  100.00
00:21:03      16    0.00    0.00    0.00    0.00    0.00    0.00    0.00    0.00    0.00  100.00
00:21:03      17    0.00    0.00    0.00    0.00    0.00    0.00    0.00    0.00    0.00  100.00
00:21:03      18   98.00    0.00    2.00    0.00    0.00    0.00    0.00    0.00    0.00    0.00
00:21:03      19    0.00    0.00    0.00    0.00    0.00    0.00    0.00    0.00    0.00  100.00
00:21:03      20    0.00    0.00    0.00    0.00    0.00    0.00    0.00    0.00    0.00  100.00
00:21:03      21    0.00    0.00    0.00    0.00    0.00    0.00    0.00    0.00    0.00  100.00
00:21:03      22    0.00    0.00    0.00    0.00    0.00    0.00    0.00    0.00    0.00  100.00
00:21:03      23    0.00    0.00    0.00    0.00    0.00    0.00    0.00    0.00    0.00  100.00
00:21:03      24    0.00    0.00    0.00    0.00    0.00    0.00    0.00    0.00    0.00  100.00
00:21:03      25    0.00    0.00    0.00    0.00    0.00    0.00    0.00    0.00    0.00  100.00
00:21:03      26    0.00    0.00    0.00    0.00    0.00    0.00    0.00    0.00    0.00  100.00
00:21:03      27    0.00    0.00    0.00    0.00    0.00    0.00    0.00    0.00    0.00  100.00
00:21:03      28    0.00    0.00    0.00    0.00    0.00    0.00    0.00    0.00    0.00  100.00
00:21:03      29    0.00    0.00    0.00    0.00    0.00    0.00    0.00    0.00    0.00  100.00
00:21:03      30    0.00    0.00    0.00    0.00    0.00    0.00    0.00    0.00    0.00  100.00
00:21:03      31    0.00    0.00    0.00    0.00    0.00    0.00    0.00    0.00    0.00  100.00

00:21:03     CPU    %usr   %nice    %sys %iowait    %irq   %soft  %steal  %guest  %gnice   %idle
00:21:04     all    3.09    0.00    0.03    0.00    0.00    0.00    0.00    0.00    0.00   96.87
00:21:04       0    0.00    0.00    0.00    0.00    0.00    0.00    0.00    0.00    0.00  100.00
00:21:04       1    0.00    0.00    0.00    0.00    0.00    0.00    0.00    0.00    0.00  100.00
00:21:04       2    6.00    0.00    0.00    0.00    0.00    0.00    0.00    0.00    0.00   94.00
00:21:04       3    0.00    0.00    0.00    0.00    0.00    0.00    0.00    0.00    0.00  100.00
00:21:04       4    0.00    0.00    0.00    0.00    0.00    0.00    0.00    0.00    0.00  100.00
00:21:04       5    0.00    0.00    0.00    0.00    0.00    0.00    0.00    0.00    0.00  100.00
00:21:04       6    0.00    0.00    0.00    0.00    0.00    0.00    0.00    0.00    0.00  100.00
00:21:04       7    0.00    0.00    0.00    0.00    0.00    0.00    0.00    0.00    0.00  100.00
00:21:04       8    0.00    0.00    0.00    0.00    0.00    0.00    0.00    0.00    0.00  100.00
00:21:04       9    0.00    0.00    0.00    0.00    0.00    0.00    0.00    0.00    0.00  100.00
00:21:04      10    0.00    0.00    0.00    0.00    0.00    0.00    0.00    0.00    0.00  100.00
00:21:04      11    0.00    0.00    0.00    0.00    0.00    0.00    0.00    0.00    0.00  100.00
00:21:04      12    0.00    0.00    0.00    0.00    0.00    0.00    0.00    0.00    0.00  100.00
00:21:04      13    0.00    0.00    0.00    0.00    0.00    0.00    0.00    0.00    0.00  100.00
00:21:04      14    0.00    0.00    0.00    0.00    0.00    0.00    0.00    0.00    0.00  100.00
00:21:04      15    0.00    0.00    0.00    0.00    0.00    0.00    0.00    0.00    0.00  100.00
00:21:04      16    0.00    0.00    0.00    0.00    0.00    0.00    0.00    0.00    0.00  100.00
00:21:04      17    0.00    0.00    0.00    0.00    0.00    0.00    0.00    0.00    0.00  100.00
00:21:04      18   92.08    0.00    0.99    0.00    0.00    0.00    0.00    0.00    0.00    6.93
00:21:04      19    0.00    0.00    0.00    0.00    0.00    0.00    0.00    0.00    0.00  100.00
00:21:04      20    0.00    0.00    0.00    0.00    0.00    0.00    0.00    0.00    0.00  100.00
00:21:04      21    0.00    0.00    0.00    0.00    0.00    0.00    0.00    0.00    0.00  100.00
00:21:04      22    0.00    0.00    0.00    0.00    0.00    0.00    0.00    0.00    0.00  100.00
00:21:04      23    0.00    0.00    0.00    0.00    0.00    0.00    0.00    0.00    0.00  100.00
00:21:04      24    0.00    0.00    0.00    0.00    0.00    0.00    0.00    0.00    0.00  100.00
00:21:04      25    0.00    0.00    0.00    0.00    0.00    0.00    0.00    0.00    0.00  100.00
00:21:04      26    0.00    0.00    0.00    0.00    0.00    0.00    0.00    0.00    0.00  100.00
00:21:04      27    0.00    0.00    0.00    0.00    0.00    0.00    0.00    0.00    0.00  100.00
00:21:04      28    0.00    0.00    0.00    0.00    0.00    0.00    0.00    0.00    0.00  100.00
00:21:04      29    0.00    0.00    0.00    0.00    0.00    0.00    0.00    0.00    0.00  100.00
00:21:04      30    0.00    0.00    0.00    0.00    0.00    0.00    0.00    0.00    0.00  100.00
00:21:04      31    0.00    0.00    0.00    0.00    0.00    0.00    0.00    0.00    0.00  100.00

00:21:04     CPU    %usr   %nice    %sys %iowait    %irq   %soft  %steal  %guest  %gnice   %idle
00:21:05     all    3.10    0.00    0.03    0.00    0.00    0.00    0.00    0.00    0.00   96.87
00:21:05       0    0.00    0.00    0.00    0.00    0.00    0.00    0.00    0.00    0.00  100.00
00:21:05       1    0.00    0.00    0.00    0.00    0.00    0.00    0.00    0.00    0.00  100.00
00:21:05       2   99.00    0.00    1.00    0.00    0.00    0.00    0.00    0.00    0.00    0.00
00:21:05       3    0.00    0.00    0.00    0.00    0.00    0.00    0.00    0.00    0.00  100.00
00:21:05       4    0.00    0.00    0.00    0.00    0.00    0.00    0.00    0.00    0.00  100.00
00:21:05       5    0.00    0.00    0.00    0.00    0.00    0.00    0.00    0.00    0.00  100.00
00:21:05       6    0.00    0.00    0.00    0.00    0.00    0.00    0.00    0.00    0.00  100.00
00:21:05       7    0.00    0.00    0.00    0.00    0.00    0.00    0.00    0.00    0.00  100.00
00:21:05       8    0.00    0.00    0.00    0.00    0.00    0.00    0.00    0.00    0.00  100.00
00:21:05       9    0.00    0.00    0.00    0.00    0.00    0.00    0.00    0.00    0.00  100.00
00:21:05      10    0.00    0.00    0.00    0.00    0.00    0.00    0.00    0.00    0.00  100.00
00:21:05      11    0.00    0.00    0.00    0.00    0.00    0.00    0.00    0.00    0.00  100.00
00:21:05      12    0.00    0.00    0.00    0.00    0.00    0.00    0.00    0.00    0.00  100.00
00:21:05      13    0.00    0.00    0.00    0.00    0.00    0.00    0.00    0.00    0.00  100.00
00:21:05      14    0.00    0.00    0.00    0.00    0.00    0.00    0.00    0.00    0.00  100.00
00:21:05      15    0.00    0.00    0.00    0.00    0.00    0.00    0.00    0.00    0.00  100.00
00:21:05      16    0.00    0.00    0.00    0.00    0.00    0.00    0.00    0.00    0.00  100.00
00:21:05      17    0.00    0.00    0.00    0.00    0.00    0.00    0.00    0.00    0.00  100.00
00:21:05      18    0.00    0.00    0.00    0.00    0.00    0.00    0.00    0.00    0.00  100.00
00:21:05      19    0.00    0.00    0.00    0.00    0.00    0.00    0.00    0.00    0.00  100.00
00:21:05      20    0.00    0.00    0.00    0.00    0.00    0.00    0.00    0.00    0.00  100.00
00:21:05      21    0.00    0.00    0.00    0.00    0.00    0.00    0.00    0.00    0.00  100.00
00:21:05      22    0.00    0.00    0.00    0.00    0.00    0.00    0.00    0.00    0.00  100.00
00:21:05      23    0.00    0.00    0.00    0.00    0.00    0.00    0.00    0.00    0.00  100.00
00:21:05      24    0.00    0.00    0.00    0.00    0.00    0.00    0.00    0.00    0.00  100.00
00:21:05      25    0.00    0.00    0.00    0.00    0.00    0.00    0.00    0.00    0.00  100.00
00:21:05      26    0.00    0.00    0.00    0.00    0.00    0.00    0.00    0.00    0.00  100.00
00:21:05      27    0.00    0.00    0.00    0.00    0.00    0.00    0.00    0.00    0.00  100.00
00:21:05      28    0.00    0.00    0.00    0.00    0.00    0.00    0.00    0.00    0.00  100.00
00:21:05      29    0.00    0.00    0.00    0.00    0.00    0.00    0.00    0.00    0.00  100.00
00:21:05      30    0.00    0.00    0.00    0.00    0.00    0.00    0.00    0.00    0.00  100.00
00:21:05      31    0.00    0.00    0.00    0.00    0.00    0.00    0.00    0.00    0.00  100.00

00:21:05     CPU    %usr   %nice    %sys %iowait    %irq   %soft  %steal  %guest  %gnice   %idle
00:21:06     all    3.13    0.00    0.03    0.00    0.00    0.00    0.00    0.00    0.00   96.84
00:21:06       0    0.00    0.00    0.00    0.00    0.00    0.00    0.00    0.00    0.00  100.00
00:21:06       1    0.00    0.00    1.00    0.00    0.00    0.00    0.00    0.00    0.00   99.00
00:21:06       2  100.00    0.00    0.00    0.00    0.00    0.00    0.00    0.00    0.00    0.00
00:21:06       3    0.00    0.00    0.00    0.00    0.00    0.00    0.00    0.00    0.00  100.00
00:21:06       4    0.00    0.00    0.00    0.00    0.00    0.00    0.00    0.00    0.00  100.00
00:21:06       5    0.00    0.00    0.00    0.00    0.00    0.00    0.00    0.00    0.00  100.00
00:21:06       6    0.00    0.00    0.00    0.00    0.00    0.00    0.00    0.00    0.00  100.00
00:21:06       7    0.00    0.00    0.00    0.00    0.00    0.00    0.00    0.00    0.00  100.00
00:21:06       8    0.00    0.00    0.00    0.00    0.00    0.00    0.00    0.00    0.00  100.00
00:21:06       9    0.00    0.00    0.00    0.00    0.00    0.00    0.00    0.00    0.00  100.00
00:21:06      10    0.00    0.00    0.00    0.00    0.00    0.00    0.00    0.00    0.00  100.00
00:21:06      11    0.00    0.00    0.00    0.00    0.00    0.00    0.00    0.00    0.00  100.00
00:21:06      12    0.00    0.00    0.00    0.00    0.00    0.00    0.00    0.00    0.00  100.00
00:21:06      13    0.00    0.00    0.00    0.00    0.00    0.00    0.00    0.00    0.00  100.00
00:21:06      14    0.00    0.00    0.00    0.00    0.00    0.00    0.00    0.00    0.00  100.00
00:21:06      15    0.00    0.00    0.00    0.00    0.00    0.00    0.00    0.00    0.00  100.00
00:21:06      16    0.00    0.00    0.00    0.00    0.00    0.00    0.00    0.00    0.00  100.00
00:21:06      17    0.00    0.00    0.00    0.00    0.00    0.00    0.00    0.00    0.00  100.00
00:21:06      18    0.00    0.00    0.00    0.00    0.00    0.00    0.00    0.00    0.00  100.00
00:21:06      19    0.00    0.00    0.00    0.00    0.00    0.00    0.00    0.00    0.00  100.00
00:21:06      20    0.00    0.00    0.00    0.00    0.00    0.00    0.00    0.00    0.00  100.00
00:21:06      21    0.00    0.00    0.00    0.00    0.00    0.00    0.00    0.00    0.00  100.00
00:21:06      22    0.00    0.00    0.00    0.00    0.00    0.00    0.00    0.00    0.00  100.00
00:21:06      23    0.00    0.00    0.00    0.00    0.00    0.00    0.00    0.00    0.00  100.00
00:21:06      24    0.00    0.00    0.00    0.00    0.00    0.00    0.00    0.00    0.00  100.00
00:21:06      25    0.00    0.00    0.00    0.00    0.00    0.00    0.00    0.00    0.00  100.00
00:21:06      26    0.00    0.00    0.00    0.00    0.00    0.00    0.00    0.00    0.00  100.00
00:21:06      27    0.00    0.00    0.00    0.00    0.00    0.00    0.00    0.00    0.00  100.00
00:21:06      28    0.00    0.00    0.00    0.00    0.00    0.00    0.00    0.00    0.00  100.00
00:21:06      29    0.00    0.00    0.00    0.00    0.00    0.00    0.00    0.00    0.00  100.00
00:21:06      30    0.00    0.00    0.00    0.00    0.00    0.00    0.00    0.00    0.00  100.00
00:21:06      31    0.00    0.00    0.00    0.00    0.00    0.00    0.00    0.00    0.00  100.00

00:21:06     CPU    %usr   %nice    %sys %iowait    %irq   %soft  %steal  %guest  %gnice   %idle
00:21:07     all    3.07    0.00    0.03    0.00    0.00    0.00    0.00    0.00    0.00   96.90
00:21:07       0    0.00    0.00    0.00    0.00    0.00    0.00    0.00    0.00    0.00  100.00
00:21:07       1    0.00    0.00    0.00    0.00    0.00    0.00    0.00    0.00    0.00  100.00
00:21:07       2   98.99    0.00    1.01    0.00    0.00    0.00    0.00    0.00    0.00    0.00
00:21:07       3    0.00    0.00    0.00    0.00    0.00    0.00    0.00    0.00    0.00  100.00
00:21:07       4    0.00    0.00    0.00    0.00    0.00    0.00    0.00    0.00    0.00  100.00
00:21:07       5    0.00    0.00    0.00    0.00    0.00    0.00    0.00    0.00    0.00  100.00
00:21:07       6    0.00    0.00    0.00    0.00    0.00    0.00    0.00    0.00    0.00  100.00
00:21:07       7    0.00    0.00    0.00    0.00    0.00    0.00    0.00    0.00    0.00  100.00
00:21:07       8    0.00    0.00    0.00    0.00    0.00    0.00    0.00    0.00    0.00  100.00
00:21:07       9    0.00    0.00    0.00    0.00    0.00    0.00    0.00    0.00    0.00  100.00
00:21:07      10    0.00    0.00    0.00    0.00    0.00    0.00    0.00    0.00    0.00  100.00
00:21:07      11    0.00    0.00    0.00    0.00    0.00    0.00    0.00    0.00    0.00  100.00
00:21:07      12    0.00    0.00    0.00    0.00    0.00    0.00    0.00    0.00    0.00  100.00
00:21:07      13    0.00    0.00    0.00    0.00    0.00    0.00    0.00    0.00    0.00  100.00
00:21:07      14    0.00    0.00    0.00    0.00    0.00    0.00    0.00    0.00    0.00  100.00
00:21:07      15    0.00    0.00    0.00    0.00    0.00    0.00    0.00    0.00    0.00  100.00
00:21:07      16    0.00    0.00    0.00    0.00    0.00    0.00    0.00    0.00    0.00  100.00
00:21:07      17    0.00    0.00    0.00    0.00    0.00    0.00    0.00    0.00    0.00  100.00
00:21:07      18    0.00    0.00    0.00    0.00    0.00    0.00    0.00    0.00    0.00  100.00
00:21:07      19    0.00    0.00    0.00    0.00    0.00    0.00    0.00    0.00    0.00  100.00
00:21:07      20    0.00    0.00    0.00    0.00    0.00    0.00    0.00    0.00    0.00  100.00
00:21:07      21    0.00    0.00    0.00    0.00    0.00    0.00    0.00    0.00    0.00  100.00
00:21:07      22    0.00    0.00    0.00    0.00    0.00    0.00    0.00    0.00    0.00  100.00
00:21:07      23    0.00    0.00    0.00    0.00    0.00    0.00    0.00    0.00    0.00  100.00
00:21:07      24    0.00    0.00    0.00    0.00    0.00    0.00    0.00    0.00    0.00  100.00
00:21:07      25    0.00    0.00    0.00    0.00    0.00    0.00    0.00    0.00    0.00  100.00
00:21:07      26    0.00    0.00    0.00    0.00    0.00    0.00    0.00    0.00    0.00  100.00
00:21:07      27    0.00    0.00    0.00    0.00    0.00    0.00    0.00    0.00    0.00  100.00
00:21:07      28    0.00    0.00    0.00    0.00    0.00    0.00    0.00    0.00    0.00  100.00
00:21:07      29    0.00    0.00    0.00    0.00    0.00    0.00    0.00    0.00    0.00  100.00
00:21:07      30    0.00    0.00    0.00    0.00    0.00    0.00    0.00    0.00    0.00  100.00
00:21:07      31    0.00    0.00    0.00    0.00    0.00    0.00    0.00    0.00    0.00  100.00

00:21:07     CPU    %usr   %nice    %sys %iowait    %irq   %soft  %steal  %guest  %gnice   %idle
00:21:08     all    3.09    0.00    0.06    0.00    0.00    0.00    0.00    0.00    0.00   96.84
00:21:08       0    0.00    0.00    0.00    0.00    0.00    0.00    0.00    0.00    0.00  100.00
00:21:08       1    0.00    0.00    0.00    0.00    0.00    0.00    0.00    0.00    0.00  100.00
00:21:08       2   98.02    0.00    1.98    0.00    0.00    0.00    0.00    0.00    0.00    0.00
00:21:08       3    0.00    0.00    0.00    0.00    0.00    0.00    0.00    0.00    0.00  100.00
00:21:08       4    0.00    0.00    0.00    0.00    0.00    0.00    0.00    0.00    0.00  100.00
00:21:08       5    0.00    0.00    0.00    0.00    0.00    0.00    0.00    0.00    0.00  100.00
00:21:08       6    0.00    0.00    0.00    0.00    0.00    0.00    0.00    0.00    0.00  100.00
00:21:08       7    0.00    0.00    0.00    0.00    0.00    0.00    0.00    0.00    0.00  100.00
00:21:08       8    0.00    0.00    0.00    0.00    0.00    0.00    0.00    0.00    0.00  100.00
00:21:08       9    0.00    0.00    0.00    0.00    0.00    0.00    0.00    0.00    0.00  100.00
00:21:08      10    0.00    0.00    0.00    0.00    0.00    0.00    0.00    0.00    0.00  100.00
00:21:08      11    0.00    0.00    0.00    0.00    0.00    0.00    0.00    0.00    0.00  100.00
00:21:08      12    0.00    0.00    0.00    0.00    0.00    0.00    0.00    0.00    0.00  100.00
00:21:08      13    0.00    0.00    0.00    0.00    0.00    0.00    0.00    0.00    0.00  100.00
00:21:08      14    0.00    0.00    0.00    0.00    0.00    0.00    0.00    0.00    0.00  100.00
00:21:08      15    0.00    0.00    0.00    0.00    0.00    0.00    0.00    0.00    0.00  100.00
00:21:08      16    0.00    0.00    0.00    0.00    0.00    0.00    0.00    0.00    0.00  100.00
00:21:08      17    0.00    0.00    0.00    0.00    0.00    0.00    0.00    0.00    0.00  100.00
00:21:08      18    0.00    0.00    0.00    0.00    0.00    0.00    0.00    0.00    0.00  100.00
00:21:08      19    0.00    0.00    0.00    0.00    0.00    0.00    0.00    0.00    0.00  100.00
00:21:08      20    0.00    0.00    0.00    0.00    0.00    0.00    0.00    0.00    0.00  100.00
00:21:08      21    0.00    0.00    0.00    0.00    0.00    0.00    0.00    0.00    0.00  100.00
00:21:08      22    0.00    0.00    0.00    0.00    0.00    0.00    0.00    0.00    0.00  100.00
00:21:08      23    0.00    0.00    0.00    0.00    0.00    0.00    0.00    0.00    0.00  100.00
00:21:08      24    0.00    0.00    0.00    0.00    0.00    0.00    0.00    0.00    0.00  100.00
00:21:08      25    0.00    0.00    0.00    0.00    0.00    0.00    0.00    0.00    0.00  100.00
00:21:08      26    0.00    0.00    0.00    0.00    0.00    0.00    0.00    0.00    0.00  100.00
00:21:08      27    0.00    0.00    0.00    0.00    0.00    0.00    0.00    0.00    0.00  100.00
00:21:08      28    0.00    0.00    0.00    0.00    0.00    0.00    0.00    0.00    0.00  100.00
00:21:08      29    0.00    0.00    0.00    0.00    0.00    0.00    0.00    0.00    0.00  100.00
00:21:08      30    0.00    0.00    0.00    0.00    0.00    0.00    0.00    0.00    0.00  100.00
00:21:08      31    0.00    0.00    0.00    0.00    0.00    0.00    0.00    0.00    0.00  100.00

00:21:08     CPU    %usr   %nice    %sys %iowait    %irq   %soft  %steal  %guest  %gnice   %idle
00:21:09     all    3.09    0.00    0.16    0.00    0.00    0.00    0.00    0.00    0.00   96.75
00:21:09       0    0.00    0.00    0.00    0.00    0.00    0.00    0.00    0.00    0.00  100.00
00:21:09       1    0.00    0.00    1.98    0.00    0.00    0.00    0.00    0.00    0.00   98.02
00:21:09       2   98.00    0.00    2.00    0.00    0.00    0.00    0.00    0.00    0.00    0.00
00:21:09       3    0.00    0.00    0.00    0.00    0.00    0.00    0.00    0.00    0.00  100.00
00:21:09       4    1.00    0.00    0.00    0.00    0.00    0.00    0.00    0.00    0.00   99.00
00:21:09       5    0.00    0.00    0.00    0.00    0.00    0.00    0.00    0.00    0.00  100.00
00:21:09       6    0.00    0.00    0.00    0.00    0.00    0.00    0.00    0.00    0.00  100.00
00:21:09       7    0.00    0.00    0.00    0.00    0.00    0.00    0.00    0.00    0.00  100.00
00:21:09       8    0.00    0.00    0.00    0.00    0.00    0.00    0.00    0.00    0.00  100.00
00:21:09       9    0.00    0.00    0.00    0.00    0.00    0.00    0.00    0.00    0.00  100.00
00:21:09      10    0.00    0.00    0.00    0.00    0.00    0.00    0.00    0.00    0.00  100.00
00:21:09      11    0.00    0.00    0.00    0.00    0.00    0.00    0.00    0.00    0.00  100.00
00:21:09      12    0.00    0.00    0.00    0.00    0.00    0.00    0.00    0.00    0.00  100.00
00:21:09      13    0.00    0.00    0.00    0.00    0.00    0.00    0.00    0.00    0.00  100.00
00:21:09      14    0.00    0.00    1.01    0.00    0.00    0.00    0.00    0.00    0.00   98.99
00:21:09      15    0.00    0.00    0.00    0.00    0.00    0.00    0.00    0.00    0.00  100.00
00:21:09      16    0.00    0.00    0.00    0.00    0.00    0.00    0.00    0.00    0.00  100.00
00:21:09      17    0.00    0.00    0.00    0.00    0.00    0.00    0.00    0.00    0.00  100.00
00:21:09      18    0.00    0.00    0.00    0.00    0.00    0.00    0.00    0.00    0.00  100.00
00:21:09      19    0.00    0.00    0.00    0.00    0.00    0.00    0.00    0.00    0.00  100.00
00:21:09      20    0.00    0.00    0.00    0.00    0.00    0.00    0.00    0.00    0.00  100.00
00:21:09      21    0.00    0.00    0.00    0.00    0.00    0.00    0.00    0.00    0.00  100.00
00:21:09      22    0.00    0.00    0.00    0.00    0.00    0.00    0.00    0.00    0.00  100.00
00:21:09      23    0.00    0.00    0.00    0.00    0.00    0.00    0.00    0.00    0.00  100.00
00:21:09      24    0.00    0.00    0.00    0.00    0.00    0.00    0.00    0.00    0.00  100.00
00:21:09      25    0.00    0.00    0.00    0.00    0.00    0.00    0.00    0.00    0.00  100.00
00:21:09      26    0.00    0.00    0.00    0.00    0.00    0.00    0.00    0.00    0.00  100.00
00:21:09      27    0.00    0.00    0.00    0.00    0.00    0.00    0.00    0.00    0.00  100.00
00:21:09      28    0.00    0.00    0.00    0.00    0.00    0.00    0.00    0.00    0.00  100.00
00:21:09      29    0.00    0.00    0.00    0.00    0.00    0.00    0.00    0.00    0.00  100.00
00:21:09      30    0.00    0.00    0.00    0.00    0.00    0.00    0.00    0.00    0.00  100.00
00:21:09      31    0.00    0.00    0.00    0.00    0.00    0.00    0.00    0.00    0.00  100.00

00:21:09     CPU    %usr   %nice    %sys %iowait    %irq   %soft  %steal  %guest  %gnice   %idle
00:21:10     all    3.06    0.00    0.03    0.00    0.00    0.00    0.00    0.00    0.00   96.90
00:21:10       0    0.00    0.00    0.00    0.00    0.00    0.00    0.00    0.00    0.00  100.00
00:21:10       1    0.00    0.00    0.00    0.00    0.00    0.00    0.00    0.00    0.00  100.00
00:21:10       2   98.99    0.00    1.01    0.00    0.00    0.00    0.00    0.00    0.00    0.00
00:21:10       3    0.00    0.00    0.00    0.00    0.00    0.00    0.00    0.00    0.00  100.00
00:21:10       4    0.00    0.00    0.00    0.00    0.00    0.00    0.00    0.00    0.00  100.00
00:21:10       5    0.00    0.00    0.00    0.00    0.00    0.00    0.00    0.00    0.00  100.00
00:21:10       6    0.00    0.00    0.00    0.00    0.00    0.00    0.00    0.00    0.00  100.00
00:21:10       7    0.00    0.00    0.00    0.00    0.00    0.00    0.00    0.00    0.00  100.00
00:21:10       8    0.00    0.00    0.00    0.00    0.00    0.00    0.00    0.00    0.00  100.00
00:21:10       9    0.00    0.00    0.00    0.00    0.00    0.00    0.00    0.00    0.00  100.00
00:21:10      10    0.00    0.00    0.00    0.00    0.00    0.00    0.00    0.00    0.00  100.00
00:21:10      11    0.00    0.00    0.00    0.00    0.00    0.00    0.00    0.00    0.00  100.00
00:21:10      12    0.00    0.00    0.00    0.00    0.00    0.00    0.00    0.00    0.00  100.00
00:21:10      13    0.00    0.00    0.00    0.00    0.00    0.00    0.00    0.00    0.00  100.00
00:21:10      14    0.00    0.00    0.00    0.00    0.00    0.00    0.00    0.00    0.00  100.00
00:21:10      15    0.00    0.00    0.00    0.00    0.00    0.00    0.00    0.00    0.00  100.00
00:21:10      16    0.00    0.00    0.00    0.00    0.00    0.00    0.00    0.00    0.00  100.00
00:21:10      17    0.00    0.00    0.00    0.00    0.00    0.00    0.00    0.00    0.00  100.00
00:21:10      18    0.00    0.00    0.00    0.00    0.00    0.00    0.00    0.00    0.00  100.00
00:21:10      19    0.00    0.00    0.00    0.00    0.00    0.00    0.00    0.00    0.00  100.00
00:21:10      20    0.00    0.00    0.00    0.00    0.00    0.00    0.00    0.00    0.00  100.00
00:21:10      21    0.00    0.00    0.00    0.00    0.00    0.00    0.00    0.00    0.00  100.00
00:21:10      22    0.00    0.00    0.00    0.00    0.00    0.00    0.00    0.00    0.00  100.00
00:21:10      23    0.00    0.00    0.00    0.00    0.00    0.00    0.00    0.00    0.00  100.00
00:21:10      24    0.00    0.00    0.00    0.00    0.00    0.00    0.00    0.00    0.00  100.00
00:21:10      25    0.00    0.00    0.00    0.00    0.00    0.00    0.00    0.00    0.00  100.00
00:21:10      26    0.00    0.00    0.00    0.00    0.00    0.00    0.00    0.00    0.00  100.00
00:21:10      27    0.00    0.00    0.00    0.00    0.00    0.00    0.00    0.00    0.00  100.00
00:21:10      28    0.00    0.00    0.00    0.00    0.00    0.00    0.00    0.00    0.00  100.00
00:21:10      29    0.00    0.00    0.00    0.00    0.00    0.00    0.00    0.00    0.00  100.00
00:21:10      30    0.00    0.00    0.00    0.00    0.00    0.00    0.00    0.00    0.00  100.00
00:21:10      31    0.00    0.00    0.00    0.00    0.00    0.00    0.00    0.00    0.00  100.00

00:21:10     CPU    %usr   %nice    %sys %iowait    %irq   %soft  %steal  %guest  %gnice   %idle
00:21:11     all    3.12    0.00    0.06    0.00    0.00    0.00    0.00    0.00    0.00   96.81
00:21:11       0    0.00    0.00    0.00    0.00    0.00    0.00    0.00    0.00    0.00  100.00
00:21:11       1    0.00    0.00    0.00    0.00    0.00    0.00    0.00    0.00    0.00  100.00
00:21:11       2   98.02    0.00    1.98    0.00    0.00    0.00    0.00    0.00    0.00    0.00
00:21:11       3    0.00    0.00    0.00    0.00    0.00    0.00    0.00    0.00    0.00  100.00
00:21:11       4    0.00    0.00    0.00    0.00    0.00    0.00    0.00    0.00    0.00  100.00
00:21:11       5    0.00    0.00    0.00    0.00    0.00    0.00    0.00    0.00    0.00  100.00
00:21:11       6    0.00    0.00    0.00    0.00    0.00    0.00    0.00    0.00    0.00  100.00
00:21:11       7    0.00    0.00    0.00    0.00    0.00    0.00    0.00    0.00    0.00  100.00
00:21:11       8    0.00    0.00    0.00    0.00    0.00    0.00    0.00    0.00    0.00  100.00
00:21:11       9    0.00    0.00    0.00    0.00    0.00    0.00    0.00    0.00    0.00  100.00
00:21:11      10    0.00    0.00    0.00    0.00    0.00    0.00    0.00    0.00    0.00  100.00
00:21:11      11    0.00    0.00    0.00    0.00    0.00    0.00    0.00    0.00    0.00  100.00
00:21:11      12    0.00    0.00    0.00    0.00    0.00    0.00    0.00    0.00    0.00  100.00
00:21:11      13    0.00    0.00    0.00    0.00    0.00    0.00    0.00    0.00    0.00  100.00
00:21:11      14    0.99    0.00    0.00    0.00    0.00    0.00    0.00    0.00    0.00   99.01
00:21:11      15    0.00    0.00    0.00    0.00    0.00    0.00    0.00    0.00    0.00  100.00
00:21:11      16    0.00    0.00    0.00    0.00    0.00    0.00    0.00    0.00    0.00  100.00
00:21:11      17    0.00    0.00    0.00    0.00    0.00    0.00    0.00    0.00    0.00  100.00
00:21:11      18    0.00    0.00    0.00    0.00    0.00    0.00    0.00    0.00    0.00  100.00
00:21:11      19    0.00    0.00    0.00    0.00    0.00    0.00    0.00    0.00    0.00  100.00
00:21:11      20    0.00    0.00    0.00    0.00    0.00    0.00    0.00    0.00    0.00  100.00
00:21:11      21    0.00    0.00    0.00    0.00    0.00    0.00    0.00    0.00    0.00  100.00
00:21:11      22    0.00    0.00    0.00    0.00    0.00    0.00    0.00    0.00    0.00  100.00
00:21:11      23    0.00    0.00    0.00    0.00    0.00    0.00    0.00    0.00    0.00  100.00
00:21:11      24    0.00    0.00    0.00    0.00    0.00    0.00    0.00    0.00    0.00  100.00
00:21:11      25    0.00    0.00    0.00    0.00    0.00    0.00    0.00    0.00    0.00  100.00
00:21:11      26    0.00    0.00    0.00    0.00    0.00    0.00    0.00    0.00    0.00  100.00
00:21:11      27    0.00    0.00    0.00    0.00    0.00    0.00    0.00    0.00    0.00  100.00
00:21:11      28    0.00    0.00    0.00    0.00    0.00    0.00    0.00    0.00    0.00  100.00
00:21:11      29    0.00    0.00    0.00    0.00    0.00    0.00    0.00    0.00    0.00  100.00
00:21:11      30    0.00    0.00    0.00    0.00    0.00    0.00    0.00    0.00    0.00  100.00
00:21:11      31    0.00    0.00    0.00    0.00    0.00    0.00    0.00    0.00    0.00  100.00

00:21:11     CPU    %usr   %nice    %sys %iowait    %irq   %soft  %steal  %guest  %gnice   %idle
00:21:12     all    3.07    0.00    0.06    0.00    0.00    0.00    0.00    0.00    0.00   96.87
00:21:12       0    0.00    0.00    0.00    0.00    0.00    0.00    0.00    0.00    0.00  100.00
00:21:12       1    0.00    0.00    0.00    0.00    0.00    0.00    0.00    0.00    0.00  100.00
00:21:12       2   57.58    0.00    1.01    0.00    0.00    0.00    0.00    0.00    0.00   41.41
00:21:12       3    0.99    0.00    0.00    0.00    0.00    0.00    0.00    0.00    0.00   99.01
00:21:12       4    0.00    0.00    0.00    0.00    0.00    0.00    0.00    0.00    0.00  100.00
00:21:12       5    0.00    0.00    0.00    0.00    0.00    0.00    0.00    0.00    0.00  100.00
00:21:12       6    0.00    0.00    0.00    0.00    0.00    0.00    0.00    0.00    0.00  100.00
00:21:12       7    0.00    0.00    0.00    0.00    0.00    0.00    0.00    0.00    0.00  100.00
00:21:12       8   40.40    0.00    0.00    0.00    0.00    0.00    0.00    0.00    0.00   59.60
00:21:12       9    0.00    0.00    0.00    0.00    0.00    0.00    0.00    0.00    0.00  100.00
00:21:12      10    0.00    0.00    0.00    0.00    0.00    0.00    0.00    0.00    0.00  100.00
00:21:12      11    0.00    0.00    0.00    0.00    0.00    0.00    0.00    0.00    0.00  100.00
00:21:12      12    0.00    0.00    0.00    0.00    0.00    0.00    0.00    0.00    0.00  100.00
00:21:12      13    0.00    0.00    0.00    0.00    0.00    0.00    0.00    0.00    0.00  100.00
00:21:12      14    0.00    0.00    0.00    0.00    0.00    0.00    0.00    0.00    0.00  100.00
00:21:12      15    0.00    0.00    0.99    0.00    0.00    0.00    0.00    0.00    0.00   99.01
00:21:12      16    0.00    0.00    0.00    0.00    0.00    0.00    0.00    0.00    0.00  100.00
00:21:12      17    0.00    0.00    0.00    0.00    0.00    0.00    0.00    0.00    0.00  100.00
00:21:12      18    0.00    0.00    0.00    0.00    0.00    0.00    0.00    0.00    0.00  100.00
00:21:12      19    0.00    0.00    0.00    0.00    0.00    0.00    0.00    0.00    0.00  100.00
00:21:12      20    0.00    0.00    0.00    0.00    0.00    0.00    0.00    0.00    0.00  100.00
00:21:12      21    0.00    0.00    0.00    0.00    0.00    0.00    0.00    0.00    0.00  100.00
00:21:12      22    0.00    0.00    0.00    0.00    0.00    0.00    0.00    0.00    0.00  100.00
00:21:12      23    0.00    0.00    0.00    0.00    0.00    0.00    0.00    0.00    0.00  100.00
00:21:12      24    0.00    0.00    0.00    0.00    0.00    0.00    0.00    0.00    0.00  100.00
00:21:12      25    0.00    0.00    0.00    0.00    0.00    0.00    0.00    0.00    0.00  100.00
00:21:12      26    0.00    0.00    0.00    0.00    0.00    0.00    0.00    0.00    0.00  100.00
00:21:12      27    0.00    0.00    0.00    0.00    0.00    0.00    0.00    0.00    0.00  100.00
00:21:12      28    0.00    0.00    0.00    0.00    0.00    0.00    0.00    0.00    0.00  100.00
00:21:12      29    0.00    0.00    0.00    0.00    0.00    0.00    0.00    0.00    0.00  100.00
00:21:12      30    0.00    0.00    0.00    0.00    0.00    0.00    0.00    0.00    0.00  100.00
00:21:12      31    0.00    0.00    0.00    0.00    0.00    0.00    0.00    0.00    0.00  100.00

00:21:12     CPU    %usr   %nice    %sys %iowait    %irq   %soft  %steal  %guest  %gnice   %idle
00:21:13     all    3.12    0.00    0.12    0.00    0.00    0.00    0.00    0.00    0.00   96.75
00:21:13       0    0.00    0.00    0.00    0.00    0.00    0.00    0.00    0.00    0.00  100.00
00:21:13       1    0.00    0.00    1.98    0.00    0.00    0.00    0.00    0.00    0.00   98.02
00:21:13       2    0.00    0.00    0.00    0.00    0.00    0.00    0.00    0.00    0.00  100.00
00:21:13       3    0.00    0.00    0.99    0.00    0.00    0.00    0.00    0.00    0.00   99.01
00:21:13       4    0.00    0.00    0.00    0.00    0.00    0.00    0.00    0.00    0.00  100.00
00:21:13       5    0.00    0.00    0.00    0.00    0.00    0.00    0.00    0.00    0.00  100.00
00:21:13       6    0.00    0.00    0.00    0.00    0.00    0.00    0.00    0.00    0.00  100.00
00:21:13       7    0.00    0.00    0.00    0.00    0.00    0.00    0.00    0.00    0.00  100.00
00:21:13       8   99.01    0.00    0.99    0.00    0.00    0.00    0.00    0.00    0.00    0.00
00:21:13       9    0.00    0.00    0.00    0.00    0.00    0.00    0.00    0.00    0.00  100.00
00:21:13      10    0.00    0.00    0.00    0.00    0.00    0.00    0.00    0.00    0.00  100.00
00:21:13      11    0.00    0.00    0.00    0.00    0.00    0.00    0.00    0.00    0.00  100.00
00:21:13      12    0.00    0.00    0.00    0.00    0.00    0.00    0.00    0.00    0.00  100.00
00:21:13      13    0.00    0.00    0.00    0.00    0.00    0.00    0.00    0.00    0.00  100.00
00:21:13      14    0.00    0.00    0.00    0.00    0.00    0.00    0.00    0.00    0.00  100.00
00:21:13      15    0.00    0.00    0.00    0.00    0.00    0.00    0.00    0.00    0.00  100.00
00:21:13      16    0.00    0.00    0.00    0.00    0.00    0.00    0.00    0.00    0.00  100.00
00:21:13      17    0.00    0.00    0.00    0.00    0.00    0.00    0.00    0.00    0.00  100.00
00:21:13      18    0.00    0.00    0.00    0.00    0.00    0.00    0.00    0.00    0.00  100.00
00:21:13      19    0.00    0.00    0.00    0.00    0.00    0.00    0.00    0.00    0.00  100.00
00:21:13      20    0.00    0.00    0.00    0.00    0.00    0.00    0.00    0.00    0.00  100.00
00:21:13      21    0.00    0.00    0.00    0.00    0.00    0.00    0.00    0.00    0.00  100.00
00:21:13      22    0.00    0.00    0.00    0.00    0.00    0.00    0.00    0.00    0.00  100.00
00:21:13      23    0.00    0.00    0.00    0.00    0.00    0.00    0.00    0.00    0.00  100.00
00:21:13      24    0.00    0.00    0.00    0.00    0.00    0.00    0.00    0.00    0.00  100.00
00:21:13      25    0.00    0.00    0.00    0.00    0.00    0.00    0.00    0.00    0.00  100.00
00:21:13      26    0.00    0.00    0.00    0.00    0.00    0.00    0.00    0.00    0.00  100.00
00:21:13      27    0.00    0.00    0.00    0.00    0.00    0.00    0.00    0.00    0.00  100.00
00:21:13      28    0.00    0.00    0.00    0.00    0.00    0.00    0.00    0.00    0.00  100.00
00:21:13      29    0.00    0.00    0.00    0.00    0.00    0.00    0.00    0.00    0.00  100.00
00:21:13      30    0.00    0.00    0.00    0.00    0.00    0.00    0.00    0.00    0.00  100.00
00:21:13      31    0.00    0.00    0.00    0.00    0.00    0.00    0.00    0.00    0.00  100.00

00:21:13     CPU    %usr   %nice    %sys %iowait    %irq   %soft  %steal  %guest  %gnice   %idle
00:21:14     all    3.09    0.00    0.06    0.00    0.00    0.00    0.00    0.00    0.00   96.84
00:21:14       0    0.00    0.00    0.00    0.00    0.00    0.00    0.00    0.00    0.00  100.00
00:21:14       1    0.00    0.00    0.00    0.00    0.00    0.00    0.00    0.00    0.00  100.00
00:21:14       2    0.00    0.00    0.00    0.00    0.00    0.00    0.00    0.00    0.00  100.00
00:21:14       3    0.00    0.00    0.00    0.00    0.00    0.00    0.00    0.00    0.00  100.00
00:21:14       4    0.00    0.00    0.00    0.00    0.00    0.00    0.00    0.00    0.00  100.00
00:21:14       5    0.00    0.00    0.00    0.00    0.00    0.00    0.00    0.00    0.00  100.00
00:21:14       6    0.00    0.00    0.00    0.00    0.00    0.00    0.00    0.00    0.00  100.00
00:21:14       7    0.00    0.00    0.00    0.00    0.00    0.00    0.00    0.00    0.00  100.00
00:21:14       8   99.00    0.00    1.00    0.00    0.00    0.00    0.00    0.00    0.00    0.00
00:21:14       9    0.00    0.00    0.00    0.00    0.00    0.00    0.00    0.00    0.00  100.00
00:21:14      10    0.00    0.00    0.00    0.00    0.00    0.00    0.00    0.00    0.00  100.00
00:21:14      11    0.00    0.00    0.00    0.00    0.00    0.00    0.00    0.00    0.00  100.00
00:21:14      12    0.00    0.00    0.99    0.00    0.00    0.00    0.00    0.00    0.00   99.01
00:21:14      13    0.00    0.00    0.00    0.00    0.00    0.00    0.00    0.00    0.00  100.00
00:21:14      14    0.00    0.00    0.00    0.00    0.00    0.00    0.00    0.00    0.00  100.00
00:21:14      15    0.00    0.00    0.00    0.00    0.00    0.00    0.00    0.00    0.00  100.00
00:21:14      16    0.00    0.00    0.00    0.00    0.00    0.00    0.00    0.00    0.00  100.00
00:21:14      17    0.00    0.00    0.00    0.00    0.00    0.00    0.00    0.00    0.00  100.00
00:21:14      18    0.00    0.00    0.00    0.00    0.00    0.00    0.00    0.00    0.00  100.00
00:21:14      19    0.00    0.00    0.00    0.00    0.00    0.00    0.00    0.00    0.00  100.00
00:21:14      20    0.00    0.00    0.00    0.00    0.00    0.00    0.00    0.00    0.00  100.00
00:21:14      21    0.00    0.00    0.00    0.00    0.00    0.00    0.00    0.00    0.00  100.00
00:21:14      22    0.00    0.00    0.00    0.00    0.00    0.00    0.00    0.00    0.00  100.00
00:21:14      23    0.00    0.00    0.00    0.00    0.00    0.00    0.00    0.00    0.00  100.00
00:21:14      24    0.00    0.00    0.00    0.00    0.00    0.00    0.00    0.00    0.00  100.00
00:21:14      25    0.00    0.00    0.00    0.00    0.00    0.00    0.00    0.00    0.00  100.00
00:21:14      26    0.00    0.00    0.00    0.00    0.00    0.00    0.00    0.00    0.00  100.00
00:21:14      27    0.00    0.00    0.00    0.00    0.00    0.00    0.00    0.00    0.00  100.00
00:21:14      28    0.00    0.00    0.00    0.00    0.00    0.00    0.00    0.00    0.00  100.00
00:21:14      29    0.00    0.00    0.00    0.00    0.00    0.00    0.00    0.00    0.00  100.00
00:21:14      30    0.00    0.00    0.00    0.00    0.00    0.00    0.00    0.00    0.00  100.00
00:21:14      31    0.00    0.00    0.00    0.00    0.00    0.00    0.00    0.00    0.00  100.00

00:21:14     CPU    %usr   %nice    %sys %iowait    %irq   %soft  %steal  %guest  %gnice   %idle
00:21:15     all    3.06    0.00    0.12    0.00    0.00    0.00    0.00    0.00    0.00   96.81
00:21:15       0    0.00    0.00    0.00    0.00    0.00    0.00    0.00    0.00    0.00  100.00
00:21:15       1    0.00    0.00    1.00    0.00    0.00    0.00    0.00    0.00    0.00   99.00
00:21:15       2    0.00    0.00    0.00    0.00    0.00    0.00    0.00    0.00    0.00  100.00
00:21:15       3    0.00    0.00    0.00    0.00    0.00    0.00    0.00    0.00    0.00  100.00
00:21:15       4    0.00    0.00    0.00    0.00    0.00    0.00    0.00    0.00    0.00  100.00
00:21:15       5    0.00    0.00    0.00    0.00    0.00    0.00    0.00    0.00    0.00  100.00
00:21:15       6    0.00    0.00    0.00    0.00    0.00    0.00    0.00    0.00    0.00  100.00
00:21:15       7    0.00    0.00    0.00    0.00    0.00    0.00    0.00    0.00    0.00  100.00
00:21:15       8   98.00    0.00    2.00    0.00    0.00    0.00    0.00    0.00    0.00    0.00
00:21:15       9    0.00    0.00    0.00    0.00    0.00    0.00    0.00    0.00    0.00  100.00
00:21:15      10    0.00    0.00    0.00    0.00    0.00    0.00    0.00    0.00    0.00  100.00
00:21:15      11    0.00    0.00    0.00    0.00    0.00    0.00    0.00    0.00    0.00  100.00
00:21:15      12    0.00    0.00    0.00    0.00    0.00    0.00    0.00    0.00    0.00  100.00
00:21:15      13    0.00    0.00    0.00    0.00    0.00    0.00    0.00    0.00    0.00  100.00
00:21:15      14    0.00    0.00    0.99    0.00    0.00    0.00    0.00    0.00    0.00   99.01
00:21:15      15    0.00    0.00    0.00    0.00    0.00    0.00    0.00    0.00    0.00  100.00
00:21:15      16    0.00    0.00    0.00    0.00    0.00    0.00    0.00    0.00    0.00  100.00
00:21:15      17    0.00    0.00    0.00    0.00    0.00    0.00    0.00    0.00    0.00  100.00
00:21:15      18    0.00    0.00    0.00    0.00    0.00    0.00    0.00    0.00    0.00  100.00
00:21:15      19    0.00    0.00    0.00    0.00    0.00    0.00    0.00    0.00    0.00  100.00
00:21:15      20    0.00    0.00    0.00    0.00    0.00    0.00    0.00    0.00    0.00  100.00
00:21:15      21    0.00    0.00    0.00    0.00    0.00    0.00    0.00    0.00    0.00  100.00
00:21:15      22    0.00    0.00    0.00    0.00    0.00    0.00    0.00    0.00    0.00  100.00
00:21:15      23    0.00    0.00    0.00    0.00    0.00    0.00    0.00    0.00    0.00  100.00
00:21:15      24    0.00    0.00    0.00    0.00    0.00    0.00    0.00    0.00    0.00  100.00
00:21:15      25    0.00    0.00    0.00    0.00    0.00    0.00    0.00    0.00    0.00  100.00
00:21:15      26    0.00    0.00    0.00    0.00    0.00    0.00    0.00    0.00    0.00  100.00
00:21:15      27    0.00    0.00    0.00    0.00    0.00    0.00    0.00    0.00    0.00  100.00
00:21:15      28    0.00    0.00    0.00    0.00    0.00    0.00    0.00    0.00    0.00  100.00
00:21:15      29    0.00    0.00    0.00    0.00    0.00    0.00    0.00    0.00    0.00  100.00
00:21:15      30    0.00    0.00    0.00    0.00    0.00    0.00    0.00    0.00    0.00  100.00
00:21:15      31    0.00    0.00    0.00    0.00    0.00    0.00    0.00    0.00    0.00  100.00

Average:     CPU    %usr   %nice    %sys %iowait    %irq   %soft  %steal  %guest  %gnice   %idle
Average:     all    3.10    0.00    0.08    0.00    0.00    0.00    0.00    0.00    0.00   96.82
Average:       0    0.00    0.00    0.02    0.00    0.00    0.03    0.00    0.00    0.00   99.95
Average:       1    0.05    0.00    0.75    0.00    0.00    0.00    0.00    0.00    0.00   99.20
Average:       2   36.14    0.00    0.66    0.00    0.00    0.00    0.00    0.00    0.00   63.19
Average:       3    0.05    0.00    0.08    0.00    0.00    0.00    0.00    0.00    0.00   99.88
Average:       4    0.03    0.00    0.05    0.00    0.00    0.00    0.00    0.00    0.00   99.92
Average:       5    0.00    0.00    0.00    0.00    0.00    0.00    0.00    0.00    0.00  100.00
Average:       6    0.03    0.00    0.03    0.00    0.00    0.00    0.00    0.00    0.00   99.94
Average:       7    0.03    0.00    0.03    0.00    0.00    0.00    0.00    0.00    0.00   99.94
Average:       8    5.20    0.00    0.09    0.00    0.00    0.00    0.00    0.00    0.00   94.71
Average:       9    0.00    0.00    0.00    0.00    0.00    0.00    0.00    0.00    0.00  100.00
Average:      10    0.02    0.00    0.05    0.00    0.00    0.00    0.00    0.00    0.00   99.94
Average:      11    0.00    0.00    0.06    0.00    0.00    0.00    0.00    0.00    0.00   99.94
Average:      12    0.00    0.00    0.06    0.00    0.00    0.00    0.00    0.00    0.00   99.94
Average:      13    0.00    0.00    0.03    0.00    0.00    0.00    0.00    0.00    0.00   99.97
Average:      14    0.08    0.00    0.15    0.00    0.00    0.00    0.00    0.00    0.00   99.77
Average:      15    0.02    0.00    0.03    0.00    0.00    0.00    0.00    0.00    0.00   99.95
Average:      16    0.00    0.00    0.00    0.00    0.00    0.02    0.00    0.00    0.00   99.98
Average:      17    0.02    0.00    0.03    0.00    0.00    0.00    0.00    0.00    0.00   99.95
Average:      18   57.42    0.00    0.28    0.00    0.00    0.00    0.00    0.00    0.00   42.31
Average:      19    0.02    0.00    0.00    0.00    0.00    0.00    0.00    0.00    0.00   99.98
Average:      20    0.00    0.00    0.02    0.00    0.00    0.00    0.00    0.00    0.00   99.98
Average:      21    0.00    0.00    0.05    0.00    0.00    0.00    0.00    0.00    0.00   99.95
Average:      22    0.02    0.00    0.02    0.00    0.00    0.00    0.00    0.00    0.00   99.97
Average:      23    0.02    0.00    0.00    0.00    0.00    0.00    0.00    0.00    0.00   99.98
Average:      24    0.03    0.00    0.02    0.00    0.00    0.00    0.00    0.00    0.00   99.95
Average:      25    0.00    0.00    0.02    0.00    0.00    0.00    0.00    0.00    0.00   99.98
Average:      26    0.00    0.00    0.03    0.00    0.00    0.00    0.00    0.00    0.00   99.97
Average:      27    0.00    0.00    0.03    0.00    0.00    0.00    0.00    0.00    0.00   99.97
Average:      28    0.02    0.00    0.00    0.00    0.00    0.00    0.00    0.00    0.00   99.98
Average:      29    0.00    0.00    0.00    0.00    0.00    0.02    0.00    0.00    0.00   99.98
Average:      30    0.02    0.00    0.00    0.00    0.00    0.00    0.00    0.00    0.00   99.98
Average:      31    0.00    0.00    0.02    0.00    0.00    0.00    0.00    0.00    0.00   99.98
