Linux 5.15.0-177-generic (node0.paper.datacntr-effcy-pg0.utah.cloudlab.us) 	07/11/26 	_x86_64_	(32 CPU)

00:16:46     CPU    %usr   %nice    %sys %iowait    %irq   %soft  %steal  %guest  %gnice   %idle
00:16:47     all    3.01    0.00    0.31    0.00    0.00    0.06    0.00    0.00    0.00   96.62
00:16:47       0    0.00    0.00    0.99    0.00    0.00    0.00    0.00    0.00    0.00   99.01
00:16:47       1    0.00    0.00    0.00    0.00    0.00    1.00    0.00    0.00    0.00   99.00
00:16:47       2    0.00    0.00    0.00    0.00    0.00    0.00    0.00    0.00    0.00  100.00
00:16:47       3    0.00    0.00    0.00    0.00    0.00    0.00    0.00    0.00    0.00  100.00
00:16:47       4    0.00    0.00    0.00    0.00    0.00    0.00    0.00    0.00    0.00  100.00
00:16:47       5    0.99    0.00    0.00    0.00    0.00    0.00    0.00    0.00    0.00   99.01
00:16:47       6    0.99    0.00    0.99    0.00    0.00    0.00    0.00    0.00    0.00   98.02
00:16:47       7    0.99    0.00    0.00    0.00    0.00    0.00    0.00    0.00    0.00   99.01
00:16:47       8    0.00    0.00    0.00    0.00    0.00    0.00    0.00    0.00    0.00  100.00
00:16:47       9    0.00    0.00    0.00    0.00    0.00    0.00    0.00    0.00    0.00  100.00
00:16:47      10    1.00    0.00    1.00    0.00    0.00    0.00    0.00    0.00    0.00   98.00
00:16:47      11    1.01    0.00    0.00    0.00    0.00    0.00    0.00    0.00    0.00   98.99
00:16:47      12    0.00    0.00    1.00    0.00    0.00    0.00    0.00    0.00    0.00   99.00
00:16:47      13    0.00    0.00    0.00    0.00    0.00    0.00    0.00    0.00    0.00  100.00
00:16:47      14    0.00    0.00    1.00    0.00    0.00    0.00    0.00    0.00    0.00   99.00
00:16:47      15    1.00    0.00    0.00    0.00    0.00    0.00    0.00    0.00    0.00   99.00
00:16:47      16    0.00    0.00    1.00    0.00    0.00    1.00    0.00    0.00    0.00   98.00
00:16:47      17    0.00    0.00    0.00    0.00    0.00    0.00    0.00    0.00    0.00  100.00
00:16:47      18   80.00    0.00    0.00    0.00    0.00    0.00    0.00    0.00    0.00   20.00
00:16:47      19    1.00    0.00    0.00    0.00    0.00    0.00    0.00    0.00    0.00   99.00
00:16:47      20    0.00    0.00    0.00    0.00    0.00    0.00    0.00    0.00    0.00  100.00
00:16:47      21    1.01    0.00    0.00    0.00    0.00    0.00    0.00    0.00    0.00   98.99
00:16:47      22    1.00    0.00    0.00    0.00    0.00    0.00    0.00    0.00    0.00   99.00
00:16:47      23    0.00    0.00    0.00    0.00    0.00    0.00    0.00    0.00    0.00  100.00
00:16:47      24    1.00    0.00    1.00    0.00    0.00    0.00    0.00    0.00    0.00   98.00
00:16:47      25    1.00    0.00    0.00    0.00    0.00    0.00    0.00    0.00    0.00   99.00
00:16:47      26    0.00    0.00    1.00    0.00    0.00    0.00    0.00    0.00    0.00   99.00
00:16:47      27    2.02    0.00    0.00    0.00    0.00    0.00    0.00    0.00    0.00   97.98
00:16:47      28    1.00    0.00    0.00    0.00    0.00    0.00    0.00    0.00    0.00   99.00
00:16:47      29    0.00    0.00    0.00    0.00    0.00    0.00    0.00    0.00    0.00  100.00
00:16:47      30    1.98    0.00    1.98    0.00    0.00    0.00    0.00    0.00    0.00   96.04
00:16:47      31    0.00    0.00    0.00    0.00    0.00    0.00    0.00    0.00    0.00  100.00

00:16:47     CPU    %usr   %nice    %sys %iowait    %irq   %soft  %steal  %guest  %gnice   %idle
00:16:48     all    3.16    0.00    0.03    0.00    0.00    0.00    0.00    0.00    0.00   96.81
00:16:48       0    0.00    0.00    0.00    0.00    0.00    0.00    0.00    0.00    0.00  100.00
00:16:48       1    0.00    0.00    0.00    0.00    0.00    0.00    0.00    0.00    0.00  100.00
00:16:48       2    0.00    0.00    0.00    0.00    0.00    0.00    0.00    0.00    0.00  100.00
00:16:48       3    0.00    0.00    0.00    0.00    0.00    0.00    0.00    0.00    0.00  100.00
00:16:48       4    0.00    0.00    1.00    0.00    0.00    0.00    0.00    0.00    0.00   99.00
00:16:48       5    0.00    0.00    0.00    0.00    0.00    0.00    0.00    0.00    0.00  100.00
00:16:48       6    0.00    0.00    0.00    0.00    0.00    0.00    0.00    0.00    0.00  100.00
00:16:48       7    0.00    0.00    0.00    0.00    0.00    0.00    0.00    0.00    0.00  100.00
00:16:48       8    0.00    0.00    0.00    0.00    0.00    0.00    0.00    0.00    0.00  100.00
00:16:48       9    0.99    0.00    0.00    0.00    0.00    0.00    0.00    0.00    0.00   99.01
00:16:48      10    0.00    0.00    0.00    0.00    0.00    0.00    0.00    0.00    0.00  100.00
00:16:48      11    0.00    0.00    0.00    0.00    0.00    0.00    0.00    0.00    0.00  100.00
00:16:48      12    0.00    0.00    0.00    0.00    0.00    0.00    0.00    0.00    0.00  100.00
00:16:48      13    0.00    0.00    0.00    0.00    0.00    0.00    0.00    0.00    0.00  100.00
00:16:48      14    0.00    0.00    0.00    0.00    0.00    0.00    0.00    0.00    0.00  100.00
00:16:48      15    0.00    0.00    0.00    0.00    0.00    0.00    0.00    0.00    0.00  100.00
00:16:48      16    0.00    0.00    0.00    0.00    0.00    0.00    0.00    0.00    0.00  100.00
00:16:48      17    0.00    0.00    0.00    0.00    0.00    0.00    0.00    0.00    0.00  100.00
00:16:48      18  100.00    0.00    0.00    0.00    0.00    0.00    0.00    0.00    0.00    0.00
00:16:48      19    0.00    0.00    0.00    0.00    0.00    0.00    0.00    0.00    0.00  100.00
00:16:48      20    0.00    0.00    0.00    0.00    0.00    0.00    0.00    0.00    0.00  100.00
00:16:48      21    0.00    0.00    0.00    0.00    0.00    0.00    0.00    0.00    0.00  100.00
00:16:48      22    0.00    0.00    0.00    0.00    0.00    0.00    0.00    0.00    0.00  100.00
00:16:48      23    0.00    0.00    0.00    0.00    0.00    0.00    0.00    0.00    0.00  100.00
00:16:48      24    0.00    0.00    0.00    0.00    0.00    0.00    0.00    0.00    0.00  100.00
00:16:48      25    0.00    0.00    0.00    0.00    0.00    0.00    0.00    0.00    0.00  100.00
00:16:48      26    0.00    0.00    0.00    0.00    0.00    0.00    0.00    0.00    0.00  100.00
00:16:48      27    0.00    0.00    0.00    0.00    0.00    0.00    0.00    0.00    0.00  100.00
00:16:48      28    0.00    0.00    0.00    0.00    0.00    0.00    0.00    0.00    0.00  100.00
00:16:48      29    0.00    0.00    0.00    0.00    0.00    0.00    0.00    0.00    0.00  100.00
00:16:48      30    0.00    0.00    0.00    0.00    0.00    0.00    0.00    0.00    0.00  100.00
00:16:48      31    0.00    0.00    0.00    0.00    0.00    0.00    0.00    0.00    0.00  100.00

00:16:48     CPU    %usr   %nice    %sys %iowait    %irq   %soft  %steal  %guest  %gnice   %idle
00:16:49     all    3.13    0.00    0.00    0.00    0.00    0.00    0.00    0.00    0.00   96.87
00:16:49       0    0.00    0.00    0.00    0.00    0.00    0.00    0.00    0.00    0.00  100.00
00:16:49       1    0.00    0.00    0.00    0.00    0.00    0.00    0.00    0.00    0.00  100.00
00:16:49       2    0.00    0.00    0.00    0.00    0.00    0.00    0.00    0.00    0.00  100.00
00:16:49       3    0.00    0.00    0.00    0.00    0.00    0.00    0.00    0.00    0.00  100.00
00:16:49       4    0.00    0.00    0.00    0.00    0.00    0.00    0.00    0.00    0.00  100.00
00:16:49       5    0.00    0.00    0.00    0.00    0.00    0.00    0.00    0.00    0.00  100.00
00:16:49       6    0.00    0.00    0.00    0.00    0.00    0.00    0.00    0.00    0.00  100.00
00:16:49       7    0.00    0.00    0.00    0.00    0.00    0.00    0.00    0.00    0.00  100.00
00:16:49       8    0.00    0.00    0.00    0.00    0.00    0.00    0.00    0.00    0.00  100.00
00:16:49       9    0.00    0.00    0.00    0.00    0.00    0.00    0.00    0.00    0.00  100.00
00:16:49      10    0.00    0.00    0.00    0.00    0.00    0.00    0.00    0.00    0.00  100.00
00:16:49      11    0.00    0.00    0.00    0.00    0.00    0.00    0.00    0.00    0.00  100.00
00:16:49      12    0.00    0.00    0.00    0.00    0.00    0.00    0.00    0.00    0.00  100.00
00:16:49      13    0.00    0.00    0.00    0.00    0.00    0.00    0.00    0.00    0.00  100.00
00:16:49      14    0.00    0.00    0.00    0.00    0.00    0.00    0.00    0.00    0.00  100.00
00:16:49      15    0.00    0.00    0.00    0.00    0.00    0.00    0.00    0.00    0.00  100.00
00:16:49      16    0.00    0.00    0.00    0.00    0.00    0.00    0.00    0.00    0.00  100.00
00:16:49      17    0.00    0.00    0.00    0.00    0.00    0.00    0.00    0.00    0.00  100.00
00:16:49      18  100.00    0.00    0.00    0.00    0.00    0.00    0.00    0.00    0.00    0.00
00:16:49      19    0.00    0.00    0.00    0.00    0.00    0.00    0.00    0.00    0.00  100.00
00:16:49      20    0.00    0.00    0.00    0.00    0.00    0.00    0.00    0.00    0.00  100.00
00:16:49      21    0.00    0.00    0.00    0.00    0.00    0.00    0.00    0.00    0.00  100.00
00:16:49      22    0.00    0.00    0.00    0.00    0.00    0.00    0.00    0.00    0.00  100.00
00:16:49      23    0.00    0.00    0.00    0.00    0.00    0.00    0.00    0.00    0.00  100.00
00:16:49      24    0.00    0.00    0.00    0.00    0.00    0.00    0.00    0.00    0.00  100.00
00:16:49      25    0.00    0.00    0.00    0.00    0.00    0.00    0.00    0.00    0.00  100.00
00:16:49      26    0.00    0.00    0.00    0.00    0.00    0.00    0.00    0.00    0.00  100.00
00:16:49      27    0.00    0.00    0.00    0.00    0.00    0.00    0.00    0.00    0.00  100.00
00:16:49      28    0.00    0.00    0.00    0.00    0.00    0.00    0.00    0.00    0.00  100.00
00:16:49      29    0.00    0.00    0.00    0.00    0.00    0.00    0.00    0.00    0.00  100.00
00:16:49      30    0.00    0.00    0.00    0.00    0.00    0.00    0.00    0.00    0.00  100.00
00:16:49      31    0.00    0.00    0.00    0.00    0.00    0.00    0.00    0.00    0.00  100.00

00:16:49     CPU    %usr   %nice    %sys %iowait    %irq   %soft  %steal  %guest  %gnice   %idle
00:16:50     all    3.12    0.00    0.06    0.00    0.00    0.00    0.00    0.00    0.00   96.81
00:16:50       0    0.00    0.00    0.00    0.00    0.00    0.00    0.00    0.00    0.00  100.00
00:16:50       1    0.00    0.00    0.00    0.00    0.00    0.00    0.00    0.00    0.00  100.00
00:16:50       2    0.00    0.00    0.00    0.00    0.00    0.00    0.00    0.00    0.00  100.00
00:16:50       3    0.00    0.00    0.00    0.00    0.00    0.00    0.00    0.00    0.00  100.00
00:16:50       4    0.00    0.00    1.96    0.00    0.00    0.00    0.00    0.00    0.00   98.04
00:16:50       5    0.00    0.00    0.00    0.00    0.00    0.00    0.00    0.00    0.00  100.00
00:16:50       6    0.00    0.00    0.00    0.00    0.00    0.00    0.00    0.00    0.00  100.00
00:16:50       7    0.00    0.00    0.00    0.00    0.00    0.00    0.00    0.00    0.00  100.00
00:16:50       8    0.00    0.00    0.00    0.00    0.00    0.00    0.00    0.00    0.00  100.00
00:16:50       9    0.00    0.00    0.00    0.00    0.00    0.00    0.00    0.00    0.00  100.00
00:16:50      10    0.00    0.00    0.00    0.00    0.00    0.00    0.00    0.00    0.00  100.00
00:16:50      11    0.00    0.00    0.00    0.00    0.00    0.00    0.00    0.00    0.00  100.00
00:16:50      12    0.00    0.00    0.00    0.00    0.00    0.00    0.00    0.00    0.00  100.00
00:16:50      13    0.00    0.00    0.00    0.00    0.00    0.00    0.00    0.00    0.00  100.00
00:16:50      14    0.00    0.00    0.00    0.00    0.00    0.00    0.00    0.00    0.00  100.00
00:16:50      15    0.00    0.00    0.00    0.00    0.00    0.00    0.00    0.00    0.00  100.00
00:16:50      16    0.00    0.00    0.00    0.00    0.00    0.00    0.00    0.00    0.00  100.00
00:16:50      17    0.00    0.00    0.00    0.00    0.00    0.00    0.00    0.00    0.00  100.00
00:16:50      18  100.00    0.00    0.00    0.00    0.00    0.00    0.00    0.00    0.00    0.00
00:16:50      19    0.00    0.00    0.00    0.00    0.00    0.00    0.00    0.00    0.00  100.00
00:16:50      20    0.00    0.00    0.00    0.00    0.00    0.00    0.00    0.00    0.00  100.00
00:16:50      21    0.00    0.00    0.00    0.00    0.00    0.00    0.00    0.00    0.00  100.00
00:16:50      22    0.00    0.00    0.00    0.00    0.00    0.00    0.00    0.00    0.00  100.00
00:16:50      23    0.00    0.00    0.00    0.00    0.00    0.00    0.00    0.00    0.00  100.00
00:16:50      24    0.00    0.00    0.00    0.00    0.00    0.00    0.00    0.00    0.00  100.00
00:16:50      25    0.00    0.00    0.00    0.00    0.00    0.00    0.00    0.00    0.00  100.00
00:16:50      26    0.00    0.00    0.00    0.00    0.00    0.00    0.00    0.00    0.00  100.00
00:16:50      27    0.00    0.00    0.00    0.00    0.00    0.00    0.00    0.00    0.00  100.00
00:16:50      28    0.00    0.00    0.00    0.00    0.00    0.00    0.00    0.00    0.00  100.00
00:16:50      29    0.00    0.00    0.00    0.00    0.00    0.00    0.00    0.00    0.00  100.00
00:16:50      30    0.00    0.00    0.00    0.00    0.00    0.00    0.00    0.00    0.00  100.00
00:16:50      31    0.00    0.00    0.00    0.00    0.00    0.00    0.00    0.00    0.00  100.00

00:16:50     CPU    %usr   %nice    %sys %iowait    %irq   %soft  %steal  %guest  %gnice   %idle
00:16:51     all    3.13    0.00    0.00    0.00    0.00    0.00    0.00    0.00    0.00   96.87
00:16:51       0    0.00    0.00    0.00    0.00    0.00    0.00    0.00    0.00    0.00  100.00
00:16:51       1    0.00    0.00    0.00    0.00    0.00    0.00    0.00    0.00    0.00  100.00
00:16:51       2    0.00    0.00    0.00    0.00    0.00    0.00    0.00    0.00    0.00  100.00
00:16:51       3    0.00    0.00    0.00    0.00    0.00    0.00    0.00    0.00    0.00  100.00
00:16:51       4    0.00    0.00    0.00    0.00    0.00    0.00    0.00    0.00    0.00  100.00
00:16:51       5    0.00    0.00    0.00    0.00    0.00    0.00    0.00    0.00    0.00  100.00
00:16:51       6    0.00    0.00    0.00    0.00    0.00    0.00    0.00    0.00    0.00  100.00
00:16:51       7    0.00    0.00    0.00    0.00    0.00    0.00    0.00    0.00    0.00  100.00
00:16:51       8    0.00    0.00    0.00    0.00    0.00    0.00    0.00    0.00    0.00  100.00
00:16:51       9    0.00    0.00    0.00    0.00    0.00    0.00    0.00    0.00    0.00  100.00
00:16:51      10    0.00    0.00    0.00    0.00    0.00    0.00    0.00    0.00    0.00  100.00
00:16:51      11    0.00    0.00    0.00    0.00    0.00    0.00    0.00    0.00    0.00  100.00
00:16:51      12    0.00    0.00    0.00    0.00    0.00    0.00    0.00    0.00    0.00  100.00
00:16:51      13    0.00    0.00    0.00    0.00    0.00    0.00    0.00    0.00    0.00  100.00
00:16:51      14    0.00    0.00    0.00    0.00    0.00    0.00    0.00    0.00    0.00  100.00
00:16:51      15    0.00    0.00    0.00    0.00    0.00    0.00    0.00    0.00    0.00  100.00
00:16:51      16    0.00    0.00    0.00    0.00    0.00    0.00    0.00    0.00    0.00  100.00
00:16:51      17    0.00    0.00    0.00    0.00    0.00    0.00    0.00    0.00    0.00  100.00
00:16:51      18  100.00    0.00    0.00    0.00    0.00    0.00    0.00    0.00    0.00    0.00
00:16:51      19    0.00    0.00    0.00    0.00    0.00    0.00    0.00    0.00    0.00  100.00
00:16:51      20    0.00    0.00    0.00    0.00    0.00    0.00    0.00    0.00    0.00  100.00
00:16:51      21    0.00    0.00    0.00    0.00    0.00    0.00    0.00    0.00    0.00  100.00
00:16:51      22    0.00    0.00    0.00    0.00    0.00    0.00    0.00    0.00    0.00  100.00
00:16:51      23    0.00    0.00    0.00    0.00    0.00    0.00    0.00    0.00    0.00  100.00
00:16:51      24    0.00    0.00    0.00    0.00    0.00    0.00    0.00    0.00    0.00  100.00
00:16:51      25    0.00    0.00    0.00    0.00    0.00    0.00    0.00    0.00    0.00  100.00
00:16:51      26    0.00    0.00    0.00    0.00    0.00    0.00    0.00    0.00    0.00  100.00
00:16:51      27    0.00    0.00    0.00    0.00    0.00    0.00    0.00    0.00    0.00  100.00
00:16:51      28    0.00    0.00    0.00    0.00    0.00    0.00    0.00    0.00    0.00  100.00
00:16:51      29    0.00    0.00    0.00    0.00    0.00    0.00    0.00    0.00    0.00  100.00
00:16:51      30    0.00    0.00    0.00    0.00    0.00    0.00    0.00    0.00    0.00  100.00
00:16:51      31    0.00    0.00    0.00    0.00    0.00    0.00    0.00    0.00    0.00  100.00

00:16:51     CPU    %usr   %nice    %sys %iowait    %irq   %soft  %steal  %guest  %gnice   %idle
00:16:52     all    3.13    0.00    0.06    0.00    0.00    0.00    0.00    0.00    0.00   96.81
00:16:52       0    0.00    0.00    1.00    0.00    0.00    0.00    0.00    0.00    0.00   99.00
00:16:52       1    0.00    0.00    0.00    0.00    0.00    0.00    0.00    0.00    0.00  100.00
00:16:52       2    0.00    0.00    0.00    0.00    0.00    0.00    0.00    0.00    0.00  100.00
00:16:52       3    0.00    0.00    0.00    0.00    0.00    0.00    0.00    0.00    0.00  100.00
00:16:52       4    0.00    0.00    1.00    0.00    0.00    0.00    0.00    0.00    0.00   99.00
00:16:52       5    0.00    0.00    0.00    0.00    0.00    0.00    0.00    0.00    0.00  100.00
00:16:52       6    0.00    0.00    0.00    0.00    0.00    0.00    0.00    0.00    0.00  100.00
00:16:52       7    0.00    0.00    0.00    0.00    0.00    0.00    0.00    0.00    0.00  100.00
00:16:52       8    0.00    0.00    0.00    0.00    0.00    0.00    0.00    0.00    0.00  100.00
00:16:52       9    0.00    0.00    0.00    0.00    0.00    0.00    0.00    0.00    0.00  100.00
00:16:52      10    0.00    0.00    0.00    0.00    0.00    0.00    0.00    0.00    0.00  100.00
00:16:52      11    0.00    0.00    0.00    0.00    0.00    0.00    0.00    0.00    0.00  100.00
00:16:52      12    0.00    0.00    0.00    0.00    0.00    0.00    0.00    0.00    0.00  100.00
00:16:52      13    0.00    0.00    0.00    0.00    0.00    0.00    0.00    0.00    0.00  100.00
00:16:52      14    0.00    0.00    0.00    0.00    0.00    0.00    0.00    0.00    0.00  100.00
00:16:52      15    0.00    0.00    0.00    0.00    0.00    0.00    0.00    0.00    0.00  100.00
00:16:52      16    0.00    0.00    0.00    0.00    0.00    0.00    0.00    0.00    0.00  100.00
00:16:52      17    0.00    0.00    0.00    0.00    0.00    0.00    0.00    0.00    0.00  100.00
00:16:52      18  100.00    0.00    0.00    0.00    0.00    0.00    0.00    0.00    0.00    0.00
00:16:52      19    0.00    0.00    0.00    0.00    0.00    0.00    0.00    0.00    0.00  100.00
00:16:52      20    0.00    0.00    0.00    0.00    0.00    0.00    0.00    0.00    0.00  100.00
00:16:52      21    0.00    0.00    0.00    0.00    0.00    0.00    0.00    0.00    0.00  100.00
00:16:52      22    0.00    0.00    0.00    0.00    0.00    0.00    0.00    0.00    0.00  100.00
00:16:52      23    0.00    0.00    0.00    0.00    0.00    0.00    0.00    0.00    0.00  100.00
00:16:52      24    0.00    0.00    0.00    0.00    0.00    0.00    0.00    0.00    0.00  100.00
00:16:52      25    0.00    0.00    0.00    0.00    0.00    0.00    0.00    0.00    0.00  100.00
00:16:52      26    0.00    0.00    0.00    0.00    0.00    0.00    0.00    0.00    0.00  100.00
00:16:52      27    0.00    0.00    0.00    0.00    0.00    0.00    0.00    0.00    0.00  100.00
00:16:52      28    0.00    0.00    0.00    0.00    0.00    0.00    0.00    0.00    0.00  100.00
00:16:52      29    0.00    0.00    0.00    0.00    0.00    0.00    0.00    0.00    0.00  100.00
00:16:52      30    0.00    0.00    0.00    0.00    0.00    0.00    0.00    0.00    0.00  100.00
00:16:52      31    0.00    0.00    0.00    0.00    0.00    0.00    0.00    0.00    0.00  100.00

00:16:52     CPU    %usr   %nice    %sys %iowait    %irq   %soft  %steal  %guest  %gnice   %idle
00:16:53     all    3.13    0.00    0.00    0.00    0.00    0.00    0.00    0.00    0.00   96.87
00:16:53       0    0.00    0.00    0.00    0.00    0.00    0.00    0.00    0.00    0.00  100.00
00:16:53       1    0.00    0.00    0.00    0.00    0.00    0.00    0.00    0.00    0.00  100.00
00:16:53       2    0.00    0.00    0.00    0.00    0.00    0.00    0.00    0.00    0.00  100.00
00:16:53       3    0.00    0.00    0.00    0.00    0.00    0.00    0.00    0.00    0.00  100.00
00:16:53       4    0.00    0.00    0.00    0.00    0.00    0.00    0.00    0.00    0.00  100.00
00:16:53       5    0.00    0.00    0.00    0.00    0.00    0.00    0.00    0.00    0.00  100.00
00:16:53       6    0.00    0.00    0.00    0.00    0.00    0.00    0.00    0.00    0.00  100.00
00:16:53       7    0.00    0.00    0.00    0.00    0.00    0.00    0.00    0.00    0.00  100.00
00:16:53       8    0.00    0.00    0.00    0.00    0.00    0.00    0.00    0.00    0.00  100.00
00:16:53       9    0.00    0.00    0.00    0.00    0.00    0.00    0.00    0.00    0.00  100.00
00:16:53      10    0.00    0.00    0.00    0.00    0.00    0.00    0.00    0.00    0.00  100.00
00:16:53      11    0.00    0.00    0.00    0.00    0.00    0.00    0.00    0.00    0.00  100.00
00:16:53      12    0.00    0.00    0.00    0.00    0.00    0.00    0.00    0.00    0.00  100.00
00:16:53      13    0.00    0.00    0.00    0.00    0.00    0.00    0.00    0.00    0.00  100.00
00:16:53      14    0.00    0.00    0.00    0.00    0.00    0.00    0.00    0.00    0.00  100.00
00:16:53      15    0.00    0.00    0.00    0.00    0.00    0.00    0.00    0.00    0.00  100.00
00:16:53      16    0.00    0.00    0.00    0.00    0.00    0.00    0.00    0.00    0.00  100.00
00:16:53      17    0.00    0.00    0.00    0.00    0.00    0.00    0.00    0.00    0.00  100.00
00:16:53      18  100.00    0.00    0.00    0.00    0.00    0.00    0.00    0.00    0.00    0.00
00:16:53      19    0.00    0.00    0.00    0.00    0.00    0.00    0.00    0.00    0.00  100.00
00:16:53      20    0.00    0.00    0.00    0.00    0.00    0.00    0.00    0.00    0.00  100.00
00:16:53      21    0.00    0.00    0.00    0.00    0.00    0.00    0.00    0.00    0.00  100.00
00:16:53      22    0.00    0.00    0.00    0.00    0.00    0.00    0.00    0.00    0.00  100.00
00:16:53      23    0.00    0.00    0.00    0.00    0.00    0.00    0.00    0.00    0.00  100.00
00:16:53      24    0.00    0.00    0.00    0.00    0.00    0.00    0.00    0.00    0.00  100.00
00:16:53      25    0.00    0.00    0.00    0.00    0.00    0.00    0.00    0.00    0.00  100.00
00:16:53      26    0.00    0.00    0.00    0.00    0.00    0.00    0.00    0.00    0.00  100.00
00:16:53      27    0.00    0.00    0.00    0.00    0.00    0.00    0.00    0.00    0.00  100.00
00:16:53      28    0.00    0.00    0.00    0.00    0.00    0.00    0.00    0.00    0.00  100.00
00:16:53      29    0.00    0.00    0.00    0.00    0.00    0.00    0.00    0.00    0.00  100.00
00:16:53      30    0.00    0.00    0.00    0.00    0.00    0.00    0.00    0.00    0.00  100.00
00:16:53      31    0.00    0.00    0.00    0.00    0.00    0.00    0.00    0.00    0.00  100.00

00:16:53     CPU    %usr   %nice    %sys %iowait    %irq   %soft  %steal  %guest  %gnice   %idle
00:16:54     all    3.16    0.00    0.00    0.00    0.00    0.00    0.00    0.00    0.00   96.84
00:16:54       0    0.00    0.00    0.00    0.00    0.00    0.00    0.00    0.00    0.00  100.00
00:16:54       1    0.00    0.00    0.00    0.00    0.00    0.00    0.00    0.00    0.00  100.00
00:16:54       2    0.00    0.00    0.00    0.00    0.00    0.00    0.00    0.00    0.00  100.00
00:16:54       3    0.00    0.00    0.00    0.00    0.00    0.00    0.00    0.00    0.00  100.00
00:16:54       4    0.99    0.00    0.00    0.00    0.00    0.00    0.00    0.00    0.00   99.01
00:16:54       5    0.00    0.00    0.00    0.00    0.00    0.00    0.00    0.00    0.00  100.00
00:16:54       6    0.00    0.00    0.00    0.00    0.00    0.00    0.00    0.00    0.00  100.00
00:16:54       7    0.00    0.00    0.00    0.00    0.00    0.00    0.00    0.00    0.00  100.00
00:16:54       8    0.00    0.00    0.00    0.00    0.00    0.00    0.00    0.00    0.00  100.00
00:16:54       9    0.00    0.00    0.00    0.00    0.00    0.00    0.00    0.00    0.00  100.00
00:16:54      10    0.00    0.00    0.00    0.00    0.00    0.00    0.00    0.00    0.00  100.00
00:16:54      11    0.00    0.00    0.00    0.00    0.00    0.00    0.00    0.00    0.00  100.00
00:16:54      12    0.00    0.00    0.00    0.00    0.00    0.00    0.00    0.00    0.00  100.00
00:16:54      13    0.00    0.00    0.00    0.00    0.00    0.00    0.00    0.00    0.00  100.00
00:16:54      14    0.00    0.00    0.00    0.00    0.00    0.00    0.00    0.00    0.00  100.00
00:16:54      15    0.00    0.00    0.00    0.00    0.00    0.00    0.00    0.00    0.00  100.00
00:16:54      16    0.00    0.00    0.00    0.00    0.00    0.00    0.00    0.00    0.00  100.00
00:16:54      17    0.00    0.00    0.00    0.00    0.00    0.00    0.00    0.00    0.00  100.00
00:16:54      18  100.00    0.00    0.00    0.00    0.00    0.00    0.00    0.00    0.00    0.00
00:16:54      19    0.00    0.00    0.00    0.00    0.00    0.00    0.00    0.00    0.00  100.00
00:16:54      20    0.00    0.00    0.00    0.00    0.00    0.00    0.00    0.00    0.00  100.00
00:16:54      21    0.00    0.00    0.00    0.00    0.00    0.00    0.00    0.00    0.00  100.00
00:16:54      22    0.00    0.00    0.00    0.00    0.00    0.00    0.00    0.00    0.00  100.00
00:16:54      23    0.00    0.00    0.00    0.00    0.00    0.00    0.00    0.00    0.00  100.00
00:16:54      24    0.00    0.00    0.00    0.00    0.00    0.00    0.00    0.00    0.00  100.00
00:16:54      25    0.00    0.00    0.00    0.00    0.00    0.00    0.00    0.00    0.00  100.00
00:16:54      26    0.00    0.00    0.00    0.00    0.00    0.00    0.00    0.00    0.00  100.00
00:16:54      27    0.00    0.00    0.00    0.00    0.00    0.00    0.00    0.00    0.00  100.00
00:16:54      28    0.00    0.00    0.00    0.00    0.00    0.00    0.00    0.00    0.00  100.00
00:16:54      29    0.00    0.00    0.00    0.00    0.00    0.00    0.00    0.00    0.00  100.00
00:16:54      30    0.00    0.00    0.00    0.00    0.00    0.00    0.00    0.00    0.00  100.00
00:16:54      31    0.00    0.00    0.00    0.00    0.00    0.00    0.00    0.00    0.00  100.00

00:16:54     CPU    %usr   %nice    %sys %iowait    %irq   %soft  %steal  %guest  %gnice   %idle
00:16:55     all    3.12    0.00    0.03    0.00    0.00    0.00    0.00    0.00    0.00   96.84
00:16:55       0    0.00    0.00    0.00    0.00    0.00    0.00    0.00    0.00    0.00  100.00
00:16:55       1    0.00    0.00    0.00    0.00    0.00    0.00    0.00    0.00    0.00  100.00
00:16:55       2    0.00    0.00    0.00    0.00    0.00    0.00    0.00    0.00    0.00  100.00
00:16:55       3    0.00    0.00    0.00    0.00    0.00    0.00    0.00    0.00    0.00  100.00
00:16:55       4    0.00    0.00    1.00    0.00    0.00    0.00    0.00    0.00    0.00   99.00
00:16:55       5    0.00    0.00    0.00    0.00    0.00    0.00    0.00    0.00    0.00  100.00
00:16:55       6    0.00    0.00    0.00    0.00    0.00    0.00    0.00    0.00    0.00  100.00
00:16:55       7    0.00    0.00    0.00    0.00    0.00    0.00    0.00    0.00    0.00  100.00
00:16:55       8    0.00    0.00    0.00    0.00    0.00    0.00    0.00    0.00    0.00  100.00
00:16:55       9    0.00    0.00    0.00    0.00    0.00    0.00    0.00    0.00    0.00  100.00
00:16:55      10    0.00    0.00    0.00    0.00    0.00    0.00    0.00    0.00    0.00  100.00
00:16:55      11    0.00    0.00    0.00    0.00    0.00    0.00    0.00    0.00    0.00  100.00
00:16:55      12    0.00    0.00    0.00    0.00    0.00    0.00    0.00    0.00    0.00  100.00
00:16:55      13    0.00    0.00    0.00    0.00    0.00    0.00    0.00    0.00    0.00  100.00
00:16:55      14    0.00    0.00    0.00    0.00    0.00    0.00    0.00    0.00    0.00  100.00
00:16:55      15    0.00    0.00    0.00    0.00    0.00    0.00    0.00    0.00    0.00  100.00
00:16:55      16    0.00    0.00    0.00    0.00    0.00    0.00    0.00    0.00    0.00  100.00
00:16:55      17    0.00    0.00    0.00    0.00    0.00    0.00    0.00    0.00    0.00  100.00
00:16:55      18  100.00    0.00    0.00    0.00    0.00    0.00    0.00    0.00    0.00    0.00
00:16:55      19    0.00    0.00    0.00    0.00    0.00    0.00    0.00    0.00    0.00  100.00
00:16:55      20    0.00    0.00    0.00    0.00    0.00    0.00    0.00    0.00    0.00  100.00
00:16:55      21    0.00    0.00    0.00    0.00    0.00    0.00    0.00    0.00    0.00  100.00
00:16:55      22    0.00    0.00    0.00    0.00    0.00    0.00    0.00    0.00    0.00  100.00
00:16:55      23    0.00    0.00    0.00    0.00    0.00    0.00    0.00    0.00    0.00  100.00
00:16:55      24    0.00    0.00    0.00    0.00    0.00    0.00    0.00    0.00    0.00  100.00
00:16:55      25    0.00    0.00    0.00    0.00    0.00    0.00    0.00    0.00    0.00  100.00
00:16:55      26    0.00    0.00    0.00    0.00    0.00    0.00    0.00    0.00    0.00  100.00
00:16:55      27    0.00    0.00    0.00    0.00    0.00    0.00    0.00    0.00    0.00  100.00
00:16:55      28    0.00    0.00    0.00    0.00    0.00    0.00    0.00    0.00    0.00  100.00
00:16:55      29    0.00    0.00    0.00    0.00    0.00    0.00    0.00    0.00    0.00  100.00
00:16:55      30    0.00    0.00    0.00    0.00    0.00    0.00    0.00    0.00    0.00  100.00
00:16:55      31    0.00    0.00    0.00    0.00    0.00    0.00    0.00    0.00    0.00  100.00

00:16:55     CPU    %usr   %nice    %sys %iowait    %irq   %soft  %steal  %guest  %gnice   %idle
00:16:56     all    3.19    0.00    0.06    0.00    0.00    0.00    0.00    0.00    0.00   96.75
00:16:56       0    0.00    0.00    0.00    0.00    0.00    0.00    0.00    0.00    0.00  100.00
00:16:56       1    0.00    0.00    0.00    0.00    0.00    0.00    0.00    0.00    0.00  100.00
00:16:56       2    0.00    0.00    0.00    0.00    0.00    0.00    0.00    0.00    0.00  100.00
00:16:56       3    0.00    0.00    0.00    0.00    0.00    0.00    0.00    0.00    0.00  100.00
00:16:56       4    1.96    0.00    0.98    0.00    0.00    0.00    0.00    0.00    0.00   97.06
00:16:56       5    0.00    0.00    0.00    0.00    0.00    0.00    0.00    0.00    0.00  100.00
00:16:56       6    0.00    0.00    0.00    0.00    0.00    0.00    0.00    0.00    0.00  100.00
00:16:56       7    0.00    0.00    0.00    0.00    0.00    0.00    0.00    0.00    0.00  100.00
00:16:56       8    0.00    0.00    0.00    0.00    0.00    0.00    0.00    0.00    0.00  100.00
00:16:56       9    0.00    0.00    0.00    0.00    0.00    0.00    0.00    0.00    0.00  100.00
00:16:56      10    0.00    0.00    0.00    0.00    0.00    0.00    0.00    0.00    0.00  100.00
00:16:56      11    0.00    0.00    1.00    0.00    0.00    0.00    0.00    0.00    0.00   99.00
00:16:56      12    0.00    0.00    0.00    0.00    0.00    0.00    0.00    0.00    0.00  100.00
00:16:56      13    0.00    0.00    0.00    0.00    0.00    0.00    0.00    0.00    0.00  100.00
00:16:56      14    0.00    0.00    0.00    0.00    0.00    0.00    0.00    0.00    0.00  100.00
00:16:56      15    0.00    0.00    0.00    0.00    0.00    0.00    0.00    0.00    0.00  100.00
00:16:56      16    0.00    0.00    0.00    0.00    0.00    0.00    0.00    0.00    0.00  100.00
00:16:56      17    0.00    0.00    0.00    0.00    0.00    0.00    0.00    0.00    0.00  100.00
00:16:56      18  100.00    0.00    0.00    0.00    0.00    0.00    0.00    0.00    0.00    0.00
00:16:56      19    0.00    0.00    0.00    0.00    0.00    0.00    0.00    0.00    0.00  100.00
00:16:56      20    0.00    0.00    0.00    0.00    0.00    0.00    0.00    0.00    0.00  100.00
00:16:56      21    0.00    0.00    0.00    0.00    0.00    0.00    0.00    0.00    0.00  100.00
00:16:56      22    0.00    0.00    0.00    0.00    0.00    0.00    0.00    0.00    0.00  100.00
00:16:56      23    0.00    0.00    0.00    0.00    0.00    0.00    0.00    0.00    0.00  100.00
00:16:56      24    0.00    0.00    0.00    0.00    0.00    0.00    0.00    0.00    0.00  100.00
00:16:56      25    0.00    0.00    0.00    0.00    0.00    0.00    0.00    0.00    0.00  100.00
00:16:56      26    0.00    0.00    0.00    0.00    0.00    0.00    0.00    0.00    0.00  100.00
00:16:56      27    0.00    0.00    0.00    0.00    0.00    0.00    0.00    0.00    0.00  100.00
00:16:56      28    0.00    0.00    0.00    0.00    0.00    0.00    0.00    0.00    0.00  100.00
00:16:56      29    0.00    0.00    0.00    0.00    0.00    0.00    0.00    0.00    0.00  100.00
00:16:56      30    0.00    0.00    0.00    0.00    0.00    0.00    0.00    0.00    0.00  100.00
00:16:56      31    0.00    0.00    0.00    0.00    0.00    0.00    0.00    0.00    0.00  100.00

00:16:56     CPU    %usr   %nice    %sys %iowait    %irq   %soft  %steal  %guest  %gnice   %idle
00:16:57     all    3.12    0.00    0.09    0.00    0.00    0.00    0.00    0.00    0.00   96.78
00:16:57       0    0.00    0.00    0.99    0.00    0.00    0.00    0.00    0.00    0.00   99.01
00:16:57       1    0.00    0.00    0.00    0.00    0.00    0.00    0.00    0.00    0.00  100.00
00:16:57       2    0.00    0.00    0.00    0.00    0.00    0.00    0.00    0.00    0.00  100.00
00:16:57       3    0.00    0.00    0.00    0.00    0.00    0.00    0.00    0.00    0.00  100.00
00:16:57       4    0.00    0.00    1.96    0.00    0.00    0.00    0.00    0.00    0.00   98.04
00:16:57       5    0.00    0.00    0.00    0.00    0.00    0.00    0.00    0.00    0.00  100.00
00:16:57       6    0.00    0.00    0.00    0.00    0.00    0.00    0.00    0.00    0.00  100.00
00:16:57       7    0.00    0.00    0.00    0.00    0.00    0.00    0.00    0.00    0.00  100.00
00:16:57       8    0.00    0.00    0.00    0.00    0.00    0.00    0.00    0.00    0.00  100.00
00:16:57       9    0.00    0.00    0.00    0.00    0.00    0.00    0.00    0.00    0.00  100.00
00:16:57      10    0.00    0.00    0.00    0.00    0.00    0.00    0.00    0.00    0.00  100.00
00:16:57      11    0.00    0.00    0.00    0.00    0.00    0.00    0.00    0.00    0.00  100.00
00:16:57      12    0.00    0.00    0.00    0.00    0.00    0.00    0.00    0.00    0.00  100.00
00:16:57      13    0.00    0.00    0.00    0.00    0.00    0.00    0.00    0.00    0.00  100.00
00:16:57      14    0.00    0.00    0.00    0.00    0.00    0.00    0.00    0.00    0.00  100.00
00:16:57      15    0.00    0.00    0.00    0.00    0.00    0.00    0.00    0.00    0.00  100.00
00:16:57      16    0.00    0.00    0.00    0.00    0.00    0.00    0.00    0.00    0.00  100.00
00:16:57      17    0.00    0.00    0.00    0.00    0.00    0.00    0.00    0.00    0.00  100.00
00:16:57      18  100.00    0.00    0.00    0.00    0.00    0.00    0.00    0.00    0.00    0.00
00:16:57      19    0.00    0.00    0.00    0.00    0.00    0.00    0.00    0.00    0.00  100.00
00:16:57      20    0.00    0.00    0.00    0.00    0.00    0.00    0.00    0.00    0.00  100.00
00:16:57      21    0.00    0.00    0.00    0.00    0.00    0.00    0.00    0.00    0.00  100.00
00:16:57      22    0.00    0.00    0.00    0.00    0.00    0.00    0.00    0.00    0.00  100.00
00:16:57      23    0.00    0.00    0.00    0.00    0.00    0.00    0.00    0.00    0.00  100.00
00:16:57      24    0.00    0.00    0.00    0.00    0.00    0.00    0.00    0.00    0.00  100.00
00:16:57      25    0.00    0.00    0.00    0.00    0.00    0.00    0.00    0.00    0.00  100.00
00:16:57      26    0.00    0.00    0.00    0.00    0.00    0.00    0.00    0.00    0.00  100.00
00:16:57      27    0.00    0.00    0.00    0.00    0.00    0.00    0.00    0.00    0.00  100.00
00:16:57      28    0.00    0.00    0.00    0.00    0.00    0.00    0.00    0.00    0.00  100.00
00:16:57      29    0.00    0.00    0.00    0.00    0.00    0.00    0.00    0.00    0.00  100.00
00:16:57      30    0.00    0.00    0.00    0.00    0.00    0.00    0.00    0.00    0.00  100.00
00:16:57      31    0.00    0.00    0.00    0.00    0.00    0.00    0.00    0.00    0.00  100.00

00:16:57     CPU    %usr   %nice    %sys %iowait    %irq   %soft  %steal  %guest  %gnice   %idle
00:16:58     all    3.16    0.00    0.00    0.00    0.00    0.00    0.00    0.00    0.00   96.84
00:16:58       0    0.00    0.00    0.00    0.00    0.00    0.00    0.00    0.00    0.00  100.00
00:16:58       1    0.00    0.00    0.00    0.00    0.00    0.00    0.00    0.00    0.00  100.00
00:16:58       2    0.00    0.00    0.00    0.00    0.00    0.00    0.00    0.00    0.00  100.00
00:16:58       3    0.00    0.00    0.00    0.00    0.00    0.00    0.00    0.00    0.00  100.00
00:16:58       4    1.00    0.00    0.00    0.00    0.00    0.00    0.00    0.00    0.00   99.00
00:16:58       5    0.00    0.00    0.00    0.00    0.00    0.00    0.00    0.00    0.00  100.00
00:16:58       6    0.00    0.00    0.00    0.00    0.00    0.00    0.00    0.00    0.00  100.00
00:16:58       7    0.00    0.00    0.00    0.00    0.00    0.00    0.00    0.00    0.00  100.00
00:16:58       8    0.00    0.00    0.00    0.00    0.00    0.00    0.00    0.00    0.00  100.00
00:16:58       9    0.00    0.00    0.00    0.00    0.00    0.00    0.00    0.00    0.00  100.00
00:16:58      10    0.00    0.00    0.00    0.00    0.00    0.00    0.00    0.00    0.00  100.00
00:16:58      11    0.00    0.00    0.00    0.00    0.00    0.00    0.00    0.00    0.00  100.00
00:16:58      12    0.00    0.00    0.00    0.00    0.00    0.00    0.00    0.00    0.00  100.00
00:16:58      13    0.00    0.00    0.00    0.00    0.00    0.00    0.00    0.00    0.00  100.00
00:16:58      14    0.00    0.00    0.00    0.00    0.00    0.00    0.00    0.00    0.00  100.00
00:16:58      15    0.00    0.00    0.00    0.00    0.00    0.00    0.00    0.00    0.00  100.00
00:16:58      16    0.00    0.00    0.00    0.00    0.00    0.00    0.00    0.00    0.00  100.00
00:16:58      17    0.00    0.00    0.00    0.00    0.00    0.00    0.00    0.00    0.00  100.00
00:16:58      18  100.00    0.00    0.00    0.00    0.00    0.00    0.00    0.00    0.00    0.00
00:16:58      19    0.00    0.00    0.00    0.00    0.00    0.00    0.00    0.00    0.00  100.00
00:16:58      20    0.00    0.00    0.00    0.00    0.00    0.00    0.00    0.00    0.00  100.00
00:16:58      21    0.00    0.00    0.00    0.00    0.00    0.00    0.00    0.00    0.00  100.00
00:16:58      22    0.00    0.00    0.00    0.00    0.00    0.00    0.00    0.00    0.00  100.00
00:16:58      23    0.00    0.00    0.00    0.00    0.00    0.00    0.00    0.00    0.00  100.00
00:16:58      24    0.00    0.00    0.00    0.00    0.00    0.00    0.00    0.00    0.00  100.00
00:16:58      25    0.00    0.00    0.00    0.00    0.00    0.00    0.00    0.00    0.00  100.00
00:16:58      26    0.00    0.00    0.00    0.00    0.00    0.00    0.00    0.00    0.00  100.00
00:16:58      27    0.00    0.00    0.00    0.00    0.00    0.00    0.00    0.00    0.00  100.00
00:16:58      28    0.00    0.00    0.00    0.00    0.00    0.00    0.00    0.00    0.00  100.00
00:16:58      29    0.00    0.00    0.00    0.00    0.00    0.00    0.00    0.00    0.00  100.00
00:16:58      30    0.00    0.00    0.00    0.00    0.00    0.00    0.00    0.00    0.00  100.00
00:16:58      31    0.00    0.00    0.00    0.00    0.00    0.00    0.00    0.00    0.00  100.00

00:16:58     CPU    %usr   %nice    %sys %iowait    %irq   %soft  %steal  %guest  %gnice   %idle
00:16:59     all    3.12    0.00    0.06    0.00    0.00    0.00    0.00    0.00    0.00   96.81
00:16:59       0    0.00    0.00    0.99    0.00    0.00    0.00    0.00    0.00    0.00   99.01
00:16:59       1    0.00    0.00    0.00    0.00    0.00    0.00    0.00    0.00    0.00  100.00
00:16:59       2    0.00    0.00    0.00    0.00    0.00    0.00    0.00    0.00    0.00  100.00
00:16:59       3    0.00    0.00    0.00    0.00    0.00    0.00    0.00    0.00    0.00  100.00
00:16:59       4    0.00    0.00    0.00    0.00    0.00    0.00    0.00    0.00    0.00  100.00
00:16:59       5    0.00    0.00    0.00    0.00    0.00    0.00    0.00    0.00    0.00  100.00
00:16:59       6    0.00    0.00    0.00    0.00    0.00    0.00    0.00    0.00    0.00  100.00
00:16:59       7    0.00    0.00    0.00    0.00    0.00    0.00    0.00    0.00    0.00  100.00
00:16:59       8    0.00    0.00    0.00    0.00    0.00    0.00    0.00    0.00    0.00  100.00
00:16:59       9    0.00    0.00    0.00    0.00    0.00    0.00    0.00    0.00    0.00  100.00
00:16:59      10    0.00    0.00    0.00    0.00    0.00    0.00    0.00    0.00    0.00  100.00
00:16:59      11    0.00    0.00    0.00    0.00    0.00    0.00    0.00    0.00    0.00  100.00
00:16:59      12    0.00    0.00    0.00    0.00    0.00    0.00    0.00    0.00    0.00  100.00
00:16:59      13    0.00    0.00    0.00    0.00    0.00    0.00    0.00    0.00    0.00  100.00
00:16:59      14    0.00    0.00    0.00    0.00    0.00    0.00    0.00    0.00    0.00  100.00
00:16:59      15    0.00    0.00    0.00    0.00    0.00    0.00    0.00    0.00    0.00  100.00
00:16:59      16    0.00    0.00    0.00    0.00    0.00    0.00    0.00    0.00    0.00  100.00
00:16:59      17    0.00    0.00    0.00    0.00    0.00    0.00    0.00    0.00    0.00  100.00
00:16:59      18  100.00    0.00    0.00    0.00    0.00    0.00    0.00    0.00    0.00    0.00
00:16:59      19    0.00    0.00    0.00    0.00    0.00    0.00    0.00    0.00    0.00  100.00
00:16:59      20    0.00    0.00    0.00    0.00    0.00    0.00    0.00    0.00    0.00  100.00
00:16:59      21    0.00    0.00    0.00    0.00    0.00    0.00    0.00    0.00    0.00  100.00
00:16:59      22    0.00    0.00    0.00    0.00    0.00    0.00    0.00    0.00    0.00  100.00
00:16:59      23    0.00    0.00    0.00    0.00    0.00    0.00    0.00    0.00    0.00  100.00
00:16:59      24    0.00    0.00    0.00    0.00    0.00    0.00    0.00    0.00    0.00  100.00
00:16:59      25    0.00    0.00    0.00    0.00    0.00    0.00    0.00    0.00    0.00  100.00
00:16:59      26    0.00    0.00    0.99    0.00    0.00    0.00    0.00    0.00    0.00   99.01
00:16:59      27    0.00    0.00    0.00    0.00    0.00    0.00    0.00    0.00    0.00  100.00
00:16:59      28    0.00    0.00    0.00    0.00    0.00    0.00    0.00    0.00    0.00  100.00
00:16:59      29    0.00    0.00    0.00    0.00    0.00    0.00    0.00    0.00    0.00  100.00
00:16:59      30    0.00    0.00    0.00    0.00    0.00    0.00    0.00    0.00    0.00  100.00
00:16:59      31    0.00    0.00    0.00    0.00    0.00    0.00    0.00    0.00    0.00  100.00

00:16:59     CPU    %usr   %nice    %sys %iowait    %irq   %soft  %steal  %guest  %gnice   %idle
00:17:00     all    3.13    0.00    0.03    0.00    0.00    0.00    0.00    0.00    0.00   96.84
00:17:00       0    0.00    0.00    0.00    0.00    0.00    0.00    0.00    0.00    0.00  100.00
00:17:00       1    0.00    0.00    0.00    0.00    0.00    0.00    0.00    0.00    0.00  100.00
00:17:00       2    0.00    0.00    0.00    0.00    0.00    0.00    0.00    0.00    0.00  100.00
00:17:00       3    0.00    0.00    0.00    0.00    0.00    0.00    0.00    0.00    0.00  100.00
00:17:00       4    0.00    0.00    1.00    0.00    0.00    0.00    0.00    0.00    0.00   99.00
00:17:00       5    0.00    0.00    0.00    0.00    0.00    0.00    0.00    0.00    0.00  100.00
00:17:00       6    0.00    0.00    0.00    0.00    0.00    0.00    0.00    0.00    0.00  100.00
00:17:00       7    0.00    0.00    0.00    0.00    0.00    0.00    0.00    0.00    0.00  100.00
00:17:00       8    0.00    0.00    0.00    0.00    0.00    0.00    0.00    0.00    0.00  100.00
00:17:00       9    0.00    0.00    0.00    0.00    0.00    0.00    0.00    0.00    0.00  100.00
00:17:00      10    0.00    0.00    0.00    0.00    0.00    0.00    0.00    0.00    0.00  100.00
00:17:00      11    0.00    0.00    0.00    0.00    0.00    0.00    0.00    0.00    0.00  100.00
00:17:00      12    0.00    0.00    0.00    0.00    0.00    0.00    0.00    0.00    0.00  100.00
00:17:00      13    0.00    0.00    0.00    0.00    0.00    0.00    0.00    0.00    0.00  100.00
00:17:00      14    0.00    0.00    0.00    0.00    0.00    0.00    0.00    0.00    0.00  100.00
00:17:00      15    0.00    0.00    0.00    0.00    0.00    0.00    0.00    0.00    0.00  100.00
00:17:00      16    0.00    0.00    0.00    0.00    0.00    0.00    0.00    0.00    0.00  100.00
00:17:00      17    0.00    0.00    0.00    0.00    0.00    0.00    0.00    0.00    0.00  100.00
00:17:00      18  100.00    0.00    0.00    0.00    0.00    0.00    0.00    0.00    0.00    0.00
00:17:00      19    0.00    0.00    0.00    0.00    0.00    0.00    0.00    0.00    0.00  100.00
00:17:00      20    0.00    0.00    0.00    0.00    0.00    0.00    0.00    0.00    0.00  100.00
00:17:00      21    0.00    0.00    0.00    0.00    0.00    0.00    0.00    0.00    0.00  100.00
00:17:00      22    0.00    0.00    0.00    0.00    0.00    0.00    0.00    0.00    0.00  100.00
00:17:00      23    0.00    0.00    0.00    0.00    0.00    0.00    0.00    0.00    0.00  100.00
00:17:00      24    0.00    0.00    0.00    0.00    0.00    0.00    0.00    0.00    0.00  100.00
00:17:00      25    0.00    0.00    0.00    0.00    0.00    0.00    0.00    0.00    0.00  100.00
00:17:00      26    0.00    0.00    0.00    0.00    0.00    0.00    0.00    0.00    0.00  100.00
00:17:00      27    0.00    0.00    0.00    0.00    0.00    0.00    0.00    0.00    0.00  100.00
00:17:00      28    0.00    0.00    0.00    0.00    0.00    0.00    0.00    0.00    0.00  100.00
00:17:00      29    0.00    0.00    0.00    0.00    0.00    0.00    0.00    0.00    0.00  100.00
00:17:00      30    0.00    0.00    0.00    0.00    0.00    0.00    0.00    0.00    0.00  100.00
00:17:00      31    0.00    0.00    0.00    0.00    0.00    0.00    0.00    0.00    0.00  100.00

00:17:00     CPU    %usr   %nice    %sys %iowait    %irq   %soft  %steal  %guest  %gnice   %idle
00:17:01     all    3.13    0.00    0.03    0.00    0.00    0.00    0.00    0.00    0.00   96.84
00:17:01       0    0.00    0.00    0.00    0.00    0.00    0.00    0.00    0.00    0.00  100.00
00:17:01       1    0.00    0.00    0.00    0.00    0.00    0.00    0.00    0.00    0.00  100.00
00:17:01       2    0.00    0.00    0.00    0.00    0.00    0.00    0.00    0.00    0.00  100.00
00:17:01       3    0.00    0.00    0.00    0.00    0.00    0.00    0.00    0.00    0.00  100.00
00:17:01       4    0.00    0.00    0.00    0.00    0.00    0.00    0.00    0.00    0.00  100.00
00:17:01       5    0.00    0.00    0.00    0.00    0.00    0.00    0.00    0.00    0.00  100.00
00:17:01       6    0.00    0.00    0.00    0.00    0.00    0.00    0.00    0.00    0.00  100.00
00:17:01       7    0.00    0.00    0.00    0.00    0.00    0.00    0.00    0.00    0.00  100.00
00:17:01       8    0.00    0.00    0.00    0.00    0.00    0.00    0.00    0.00    0.00  100.00
00:17:01       9    0.00    0.00    0.00    0.00    0.00    0.00    0.00    0.00    0.00  100.00
00:17:01      10    0.00    0.00    0.00    0.00    0.00    0.00    0.00    0.00    0.00  100.00
00:17:01      11    0.00    0.00    0.00    0.00    0.00    0.00    0.00    0.00    0.00  100.00
00:17:01      12    0.00    0.00    0.99    0.00    0.00    0.00    0.00    0.00    0.00   99.01
00:17:01      13    0.00    0.00    0.00    0.00    0.00    0.00    0.00    0.00    0.00  100.00
00:17:01      14    0.00    0.00    0.00    0.00    0.00    0.00    0.00    0.00    0.00  100.00
00:17:01      15    0.00    0.00    0.00    0.00    0.00    0.00    0.00    0.00    0.00  100.00
00:17:01      16    0.00    0.00    0.00    0.00    0.00    0.00    0.00    0.00    0.00  100.00
00:17:01      17    0.00    0.00    0.00    0.00    0.00    0.00    0.00    0.00    0.00  100.00
00:17:01      18  100.00    0.00    0.00    0.00    0.00    0.00    0.00    0.00    0.00    0.00
00:17:01      19    0.00    0.00    0.00    0.00    0.00    0.00    0.00    0.00    0.00  100.00
00:17:01      20    0.00    0.00    0.00    0.00    0.00    0.00    0.00    0.00    0.00  100.00
00:17:01      21    0.00    0.00    0.00    0.00    0.00    0.00    0.00    0.00    0.00  100.00
00:17:01      22    0.00    0.00    0.00    0.00    0.00    0.00    0.00    0.00    0.00  100.00
00:17:01      23    0.00    0.00    0.00    0.00    0.00    0.00    0.00    0.00    0.00  100.00
00:17:01      24    0.00    0.00    0.00    0.00    0.00    0.00    0.00    0.00    0.00  100.00
00:17:01      25    0.00    0.00    0.00    0.00    0.00    0.00    0.00    0.00    0.00  100.00
00:17:01      26    0.00    0.00    0.00    0.00    0.00    0.00    0.00    0.00    0.00  100.00
00:17:01      27    0.00    0.00    0.00    0.00    0.00    0.00    0.00    0.00    0.00  100.00
00:17:01      28    0.00    0.00    0.00    0.00    0.00    0.00    0.00    0.00    0.00  100.00
00:17:01      29    0.00    0.00    0.00    0.00    0.00    0.00    0.00    0.00    0.00  100.00
00:17:01      30    0.00    0.00    0.00    0.00    0.00    0.00    0.00    0.00    0.00  100.00
00:17:01      31    0.00    0.00    0.00    0.00    0.00    0.00    0.00    0.00    0.00  100.00

00:17:01     CPU    %usr   %nice    %sys %iowait    %irq   %soft  %steal  %guest  %gnice   %idle
00:17:02     all    3.12    0.00    0.06    0.00    0.00    0.00    0.00    0.00    0.00   96.81
00:17:02       0    0.00    0.00    0.00    0.00    0.00    0.00    0.00    0.00    0.00  100.00
00:17:02       1    0.00    0.00    0.00    0.00    0.00    0.00    0.00    0.00    0.00  100.00
00:17:02       2    0.00    0.00    0.00    0.00    0.00    0.00    0.00    0.00    0.00  100.00
00:17:02       3    0.00    0.00    0.00    0.00    0.00    0.00    0.00    0.00    0.00  100.00
00:17:02       4    0.00    0.00    1.00    0.00    0.00    0.00    0.00    0.00    0.00   99.00
00:17:02       5    0.00    0.00    0.00    0.00    0.00    0.00    0.00    0.00    0.00  100.00
00:17:02       6    0.00    0.00    0.99    0.00    0.00    0.00    0.00    0.00    0.00   99.01
00:17:02       7    0.00    0.00    0.00    0.00    0.00    0.00    0.00    0.00    0.00  100.00
00:17:02       8    0.00    0.00    0.00    0.00    0.00    0.00    0.00    0.00    0.00  100.00
00:17:02       9    0.00    0.00    0.00    0.00    0.00    0.00    0.00    0.00    0.00  100.00
00:17:02      10    0.00    0.00    0.00    0.00    0.00    0.00    0.00    0.00    0.00  100.00
00:17:02      11    0.00    0.00    0.00    0.00    0.00    0.00    0.00    0.00    0.00  100.00
00:17:02      12    0.00    0.00    0.00    0.00    0.00    0.00    0.00    0.00    0.00  100.00
00:17:02      13    0.00    0.00    0.00    0.00    0.00    0.00    0.00    0.00    0.00  100.00
00:17:02      14    0.00    0.00    0.00    0.00    0.00    0.00    0.00    0.00    0.00  100.00
00:17:02      15    0.00    0.00    0.00    0.00    0.00    0.00    0.00    0.00    0.00  100.00
00:17:02      16    0.00    0.00    0.00    0.00    0.00    0.00    0.00    0.00    0.00  100.00
00:17:02      17    0.00    0.00    0.00    0.00    0.00    0.00    0.00    0.00    0.00  100.00
00:17:02      18  100.00    0.00    0.00    0.00    0.00    0.00    0.00    0.00    0.00    0.00
00:17:02      19    0.00    0.00    0.00    0.00    0.00    0.00    0.00    0.00    0.00  100.00
00:17:02      20    0.00    0.00    0.00    0.00    0.00    0.00    0.00    0.00    0.00  100.00
00:17:02      21    0.00    0.00    0.00    0.00    0.00    0.00    0.00    0.00    0.00  100.00
00:17:02      22    0.00    0.00    0.00    0.00    0.00    0.00    0.00    0.00    0.00  100.00
00:17:02      23    0.00    0.00    0.00    0.00    0.00    0.00    0.00    0.00    0.00  100.00
00:17:02      24    0.00    0.00    0.00    0.00    0.00    0.00    0.00    0.00    0.00  100.00
00:17:02      25    0.00    0.00    0.00    0.00    0.00    0.00    0.00    0.00    0.00  100.00
00:17:02      26    0.00    0.00    0.00    0.00    0.00    0.00    0.00    0.00    0.00  100.00
00:17:02      27    0.00    0.00    0.00    0.00    0.00    0.00    0.00    0.00    0.00  100.00
00:17:02      28    0.00    0.00    0.00    0.00    0.00    0.00    0.00    0.00    0.00  100.00
00:17:02      29    0.00    0.00    0.00    0.00    0.00    0.00    0.00    0.00    0.00  100.00
00:17:02      30    0.00    0.00    0.00    0.00    0.00    0.00    0.00    0.00    0.00  100.00
00:17:02      31    0.00    0.00    0.00    0.00    0.00    0.00    0.00    0.00    0.00  100.00

00:17:02     CPU    %usr   %nice    %sys %iowait    %irq   %soft  %steal  %guest  %gnice   %idle
00:17:03     all    3.15    0.00    0.06    0.00    0.00    0.00    0.00    0.00    0.00   96.78
00:17:03       0    0.99    0.00    0.00    0.00    0.00    0.00    0.00    0.00    0.00   99.01
00:17:03       1    0.00    0.00    0.00    0.00    0.00    0.00    0.00    0.00    0.00  100.00
00:17:03       2    0.00    0.00    0.00    0.00    0.00    0.00    0.00    0.00    0.00  100.00
00:17:03       3    0.00    0.00    0.00    0.00    0.00    0.00    0.00    0.00    0.00  100.00
00:17:03       4    0.00    0.00    1.96    0.00    0.00    0.00    0.00    0.00    0.00   98.04
00:17:03       5    0.00    0.00    0.00    0.00    0.00    0.00    0.00    0.00    0.00  100.00
00:17:03       6    0.00    0.00    0.00    0.00    0.00    0.00    0.00    0.00    0.00  100.00
00:17:03       7    0.00    0.00    0.00    0.00    0.00    0.00    0.00    0.00    0.00  100.00
00:17:03       8    0.00    0.00    0.00    0.00    0.00    0.00    0.00    0.00    0.00  100.00
00:17:03       9    0.00    0.00    0.00    0.00    0.00    0.00    0.00    0.00    0.00  100.00
00:17:03      10    0.00    0.00    0.00    0.00    0.00    0.00    0.00    0.00    0.00  100.00
00:17:03      11    0.00    0.00    0.00    0.00    0.00    0.00    0.00    0.00    0.00  100.00
00:17:03      12    0.00    0.00    0.00    0.00    0.00    0.00    0.00    0.00    0.00  100.00
00:17:03      13    0.00    0.00    0.00    0.00    0.00    0.00    0.00    0.00    0.00  100.00
00:17:03      14    0.00    0.00    0.00    0.00    0.00    0.00    0.00    0.00    0.00  100.00
00:17:03      15    0.00    0.00    0.00    0.00    0.00    0.00    0.00    0.00    0.00  100.00
00:17:03      16    0.00    0.00    0.00    0.00    0.00    0.00    0.00    0.00    0.00  100.00
00:17:03      17    0.00    0.00    0.00    0.00    0.00    0.00    0.00    0.00    0.00  100.00
00:17:03      18  100.00    0.00    0.00    0.00    0.00    0.00    0.00    0.00    0.00    0.00
00:17:03      19    0.00    0.00    0.00    0.00    0.00    0.00    0.00    0.00    0.00  100.00
00:17:03      20    0.00    0.00    0.00    0.00    0.00    0.00    0.00    0.00    0.00  100.00
00:17:03      21    0.00    0.00    0.00    0.00    0.00    0.00    0.00    0.00    0.00  100.00
00:17:03      22    0.00    0.00    0.00    0.00    0.00    0.00    0.00    0.00    0.00  100.00
00:17:03      23    0.00    0.00    0.00    0.00    0.00    0.00    0.00    0.00    0.00  100.00
00:17:03      24    0.00    0.00    0.00    0.00    0.00    0.00    0.00    0.00    0.00  100.00
00:17:03      25    0.00    0.00    0.00    0.00    0.00    0.00    0.00    0.00    0.00  100.00
00:17:03      26    0.00    0.00    0.00    0.00    0.00    0.00    0.00    0.00    0.00  100.00
00:17:03      27    0.00    0.00    0.00    0.00    0.00    0.00    0.00    0.00    0.00  100.00
00:17:03      28    0.00    0.00    0.00    0.00    0.00    0.00    0.00    0.00    0.00  100.00
00:17:03      29    0.00    0.00    0.00    0.00    0.00    0.00    0.00    0.00    0.00  100.00
00:17:03      30    0.00    0.00    0.00    0.00    0.00    0.00    0.00    0.00    0.00  100.00
00:17:03      31    0.00    0.00    0.00    0.00    0.00    0.00    0.00    0.00    0.00  100.00

00:17:03     CPU    %usr   %nice    %sys %iowait    %irq   %soft  %steal  %guest  %gnice   %idle
00:17:04     all    3.12    0.00    0.06    0.00    0.00    0.00    0.00    0.00    0.00   96.81
00:17:04       0    0.00    0.00    0.99    0.00    0.00    0.00    0.00    0.00    0.00   99.01
00:17:04       1    0.00    0.00    0.00    0.00    0.00    0.00    0.00    0.00    0.00  100.00
00:17:04       2    0.00    0.00    0.00    0.00    0.00    0.00    0.00    0.00    0.00  100.00
00:17:04       3    0.00    0.00    0.00    0.00    0.00    0.00    0.00    0.00    0.00  100.00
00:17:04       4    0.00    0.00    0.00    0.00    0.00    0.00    0.00    0.00    0.00  100.00
00:17:04       5    0.00    0.00    0.00    0.00    0.00    0.00    0.00    0.00    0.00  100.00
00:17:04       6    0.00    0.00    0.00    0.00    0.00    0.00    0.00    0.00    0.00  100.00
00:17:04       7    0.00    0.00    0.00    0.00    0.00    0.00    0.00    0.00    0.00  100.00
00:17:04       8    0.00    0.00    0.00    0.00    0.00    0.00    0.00    0.00    0.00  100.00
00:17:04       9    0.00    0.00    0.00    0.00    0.00    0.00    0.00    0.00    0.00  100.00
00:17:04      10    0.00    0.00    0.00    0.00    0.00    0.00    0.00    0.00    0.00  100.00
00:17:04      11    0.00    0.00    0.00    0.00    0.00    0.00    0.00    0.00    0.00  100.00
00:17:04      12    0.00    0.00    0.00    0.00    0.00    0.00    0.00    0.00    0.00  100.00
00:17:04      13    0.00    0.00    0.00    0.00    0.00    0.00    0.00    0.00    0.00  100.00
00:17:04      14    0.00    0.00    0.00    0.00    0.00    0.00    0.00    0.00    0.00  100.00
00:17:04      15    0.00    0.00    0.00    0.00    0.00    0.00    0.00    0.00    0.00  100.00
00:17:04      16    0.00    0.00    0.00    0.00    0.00    0.00    0.00    0.00    0.00  100.00
00:17:04      17    0.00    0.00    0.00    0.00    0.00    0.00    0.00    0.00    0.00  100.00
00:17:04      18  100.00    0.00    0.00    0.00    0.00    0.00    0.00    0.00    0.00    0.00
00:17:04      19    0.00    0.00    0.00    0.00    0.00    0.00    0.00    0.00    0.00  100.00
00:17:04      20    0.00    0.00    0.00    0.00    0.00    0.00    0.00    0.00    0.00  100.00
00:17:04      21    0.00    0.00    1.00    0.00    0.00    0.00    0.00    0.00    0.00   99.00
00:17:04      22    0.00    0.00    0.00    0.00    0.00    0.00    0.00    0.00    0.00  100.00
00:17:04      23    0.00    0.00    0.00    0.00    0.00    0.00    0.00    0.00    0.00  100.00
00:17:04      24    0.00    0.00    0.00    0.00    0.00    0.00    0.00    0.00    0.00  100.00
00:17:04      25    0.00    0.00    0.00    0.00    0.00    0.00    0.00    0.00    0.00  100.00
00:17:04      26    0.00    0.00    0.00    0.00    0.00    0.00    0.00    0.00    0.00  100.00
00:17:04      27    0.00    0.00    0.00    0.00    0.00    0.00    0.00    0.00    0.00  100.00
00:17:04      28    0.00    0.00    0.00    0.00    0.00    0.00    0.00    0.00    0.00  100.00
00:17:04      29    0.00    0.00    0.00    0.00    0.00    0.00    0.00    0.00    0.00  100.00
00:17:04      30    0.00    0.00    0.00    0.00    0.00    0.00    0.00    0.00    0.00  100.00
00:17:04      31    0.00    0.00    0.00    0.00    0.00    0.00    0.00    0.00    0.00  100.00

00:17:04     CPU    %usr   %nice    %sys %iowait    %irq   %soft  %steal  %guest  %gnice   %idle
00:17:05     all    3.13    0.00    0.00    0.00    0.00    0.00    0.00    0.00    0.00   96.87
00:17:05       0    0.00    0.00    0.00    0.00    0.00    0.00    0.00    0.00    0.00  100.00
00:17:05       1    0.00    0.00    0.00    0.00    0.00    0.00    0.00    0.00    0.00  100.00
00:17:05       2    0.00    0.00    0.00    0.00    0.00    0.00    0.00    0.00    0.00  100.00
00:17:05       3    0.00    0.00    0.00    0.00    0.00    0.00    0.00    0.00    0.00  100.00
00:17:05       4    0.00    0.00    0.00    0.00    0.00    0.00    0.00    0.00    0.00  100.00
00:17:05       5    0.00    0.00    0.00    0.00    0.00    0.00    0.00    0.00    0.00  100.00
00:17:05       6    0.00    0.00    0.00    0.00    0.00    0.00    0.00    0.00    0.00  100.00
00:17:05       7    0.00    0.00    0.00    0.00    0.00    0.00    0.00    0.00    0.00  100.00
00:17:05       8    0.00    0.00    0.00    0.00    0.00    0.00    0.00    0.00    0.00  100.00
00:17:05       9    0.00    0.00    0.00    0.00    0.00    0.00    0.00    0.00    0.00  100.00
00:17:05      10    0.00    0.00    0.00    0.00    0.00    0.00    0.00    0.00    0.00  100.00
00:17:05      11    0.00    0.00    0.00    0.00    0.00    0.00    0.00    0.00    0.00  100.00
00:17:05      12    0.00    0.00    0.00    0.00    0.00    0.00    0.00    0.00    0.00  100.00
00:17:05      13    0.00    0.00    0.00    0.00    0.00    0.00    0.00    0.00    0.00  100.00
00:17:05      14    0.00    0.00    0.00    0.00    0.00    0.00    0.00    0.00    0.00  100.00
00:17:05      15    0.00    0.00    0.00    0.00    0.00    0.00    0.00    0.00    0.00  100.00
00:17:05      16    0.00    0.00    0.00    0.00    0.00    0.00    0.00    0.00    0.00  100.00
00:17:05      17    0.00    0.00    0.00    0.00    0.00    0.00    0.00    0.00    0.00  100.00
00:17:05      18  100.00    0.00    0.00    0.00    0.00    0.00    0.00    0.00    0.00    0.00
00:17:05      19    0.00    0.00    0.00    0.00    0.00    0.00    0.00    0.00    0.00  100.00
00:17:05      20    0.00    0.00    0.00    0.00    0.00    0.00    0.00    0.00    0.00  100.00
00:17:05      21    0.00    0.00    0.00    0.00    0.00    0.00    0.00    0.00    0.00  100.00
00:17:05      22    0.00    0.00    0.00    0.00    0.00    0.00    0.00    0.00    0.00  100.00
00:17:05      23    0.00    0.00    0.00    0.00    0.00    0.00    0.00    0.00    0.00  100.00
00:17:05      24    0.00    0.00    0.00    0.00    0.00    0.00    0.00    0.00    0.00  100.00
00:17:05      25    0.00    0.00    0.00    0.00    0.00    0.00    0.00    0.00    0.00  100.00
00:17:05      26    0.00    0.00    0.00    0.00    0.00    0.00    0.00    0.00    0.00  100.00
00:17:05      27    0.00    0.00    0.00    0.00    0.00    0.00    0.00    0.00    0.00  100.00
00:17:05      28    0.00    0.00    0.00    0.00    0.00    0.00    0.00    0.00    0.00  100.00
00:17:05      29    0.00    0.00    0.00    0.00    0.00    0.00    0.00    0.00    0.00  100.00
00:17:05      30    0.00    0.00    0.00    0.00    0.00    0.00    0.00    0.00    0.00  100.00
00:17:05      31    0.00    0.00    0.00    0.00    0.00    0.00    0.00    0.00    0.00  100.00

00:17:05     CPU    %usr   %nice    %sys %iowait    %irq   %soft  %steal  %guest  %gnice   %idle
00:17:06     all    3.16    0.00    0.03    0.00    0.00    0.00    0.00    0.00    0.00   96.81
00:17:06       0    0.00    0.00    0.00    0.00    0.00    0.00    0.00    0.00    0.00  100.00
00:17:06       1    0.00    0.00    0.00    0.00    0.00    0.00    0.00    0.00    0.00  100.00
00:17:06       2    0.00    0.00    0.00    0.00    0.00    0.00    0.00    0.00    0.00  100.00
00:17:06       3    0.00    0.00    0.00    0.00    0.00    0.00    0.00    0.00    0.00  100.00
00:17:06       4    0.00    0.00    0.00    0.00    0.00    0.00    0.00    0.00    0.00  100.00
00:17:06       5    0.00    0.00    0.00    0.00    0.00    0.00    0.00    0.00    0.00  100.00
00:17:06       6    0.00    0.00    0.00    0.00    0.00    0.00    0.00    0.00    0.00  100.00
00:17:06       7    0.00    0.00    0.00    0.00    0.00    0.00    0.00    0.00    0.00  100.00
00:17:06       8    0.00    0.00    0.00    0.00    0.00    0.00    0.00    0.00    0.00  100.00
00:17:06       9    0.00    0.00    0.00    0.00    0.00    0.00    0.00    0.00    0.00  100.00
00:17:06      10    0.00    0.00    0.00    0.00    0.00    0.00    0.00    0.00    0.00  100.00
00:17:06      11    0.00    0.00    0.00    0.00    0.00    0.00    0.00    0.00    0.00  100.00
00:17:06      12    0.00    0.00    0.00    0.00    0.00    0.00    0.00    0.00    0.00  100.00
00:17:06      13    0.00    0.00    0.00    0.00    0.00    0.00    0.00    0.00    0.00  100.00
00:17:06      14    0.00    0.00    0.00    0.00    0.00    0.00    0.00    0.00    0.00  100.00
00:17:06      15    0.00    0.00    0.00    0.00    0.00    0.00    0.00    0.00    0.00  100.00
00:17:06      16    0.00    0.00    0.00    0.00    0.00    0.00    0.00    0.00    0.00  100.00
00:17:06      17    0.00    0.00    0.00    0.00    0.00    0.00    0.00    0.00    0.00  100.00
00:17:06      18  100.00    0.00    0.00    0.00    0.00    0.00    0.00    0.00    0.00    0.00
00:17:06      19    0.00    0.00    0.00    0.00    0.00    0.00    0.00    0.00    0.00  100.00
00:17:06      20    0.00    0.00    0.00    0.00    0.00    0.00    0.00    0.00    0.00  100.00
00:17:06      21    0.00    0.00    0.99    0.00    0.00    0.00    0.00    0.00    0.00   99.01
00:17:06      22    0.00    0.00    0.00    0.00    0.00    0.00    0.00    0.00    0.00  100.00
00:17:06      23    0.00    0.00    0.00    0.00    0.00    0.00    0.00    0.00    0.00  100.00
00:17:06      24    0.00    0.00    0.00    0.00    0.00    0.00    0.00    0.00    0.00  100.00
00:17:06      25    0.00    0.00    0.00    0.00    0.00    0.00    0.00    0.00    0.00  100.00
00:17:06      26    0.00    0.00    0.00    0.00    0.00    0.00    0.00    0.00    0.00  100.00
00:17:06      27    0.00    0.00    0.00    0.00    0.00    0.00    0.00    0.00    0.00  100.00
00:17:06      28    0.00    0.00    0.00    0.00    0.00    0.00    0.00    0.00    0.00  100.00
00:17:06      29    0.00    0.00    0.00    0.00    0.00    0.00    0.00    0.00    0.00  100.00
00:17:06      30    0.00    0.00    0.00    0.00    0.00    0.00    0.00    0.00    0.00  100.00
00:17:06      31    0.99    0.00    0.00    0.00    0.00    0.00    0.00    0.00    0.00   99.01

00:17:06     CPU    %usr   %nice    %sys %iowait    %irq   %soft  %steal  %guest  %gnice   %idle
00:17:07     all    3.15    0.00    0.09    0.00    0.00    0.00    0.00    0.00    0.00   96.75
00:17:07       0    0.00    0.00    0.99    0.00    0.00    0.00    0.00    0.00    0.00   99.01
00:17:07       1    0.00    0.00    0.00    0.00    0.00    0.00    0.00    0.00    0.00  100.00
00:17:07       2    0.00    0.00    0.00    0.00    0.00    0.00    0.00    0.00    0.00  100.00
00:17:07       3    0.00    0.00    0.00    0.00    0.00    0.00    0.00    0.00    0.00  100.00
00:17:07       4    0.00    0.00    0.00    0.00    0.00    0.00    0.00    0.00    0.00  100.00
00:17:07       5    0.00    0.00    0.00    0.00    0.00    0.00    0.00    0.00    0.00  100.00
00:17:07       6    0.00    0.00    0.00    0.00    0.00    0.00    0.00    0.00    0.00  100.00
00:17:07       7    0.00    0.00    0.00    0.00    0.00    0.00    0.00    0.00    0.00  100.00
00:17:07       8    0.00    0.00    0.00    0.00    0.00    0.00    0.00    0.00    0.00  100.00
00:17:07       9    0.00    0.00    0.00    0.00    0.00    0.00    0.00    0.00    0.00  100.00
00:17:07      10    0.00    0.00    0.00    0.00    0.00    0.00    0.00    0.00    0.00  100.00
00:17:07      11    0.00    0.00    0.00    0.00    0.00    0.00    0.00    0.00    0.00  100.00
00:17:07      12    0.00    0.00    0.00    0.00    0.00    0.00    0.00    0.00    0.00  100.00
00:17:07      13    0.00    0.00    0.00    0.00    0.00    0.00    0.00    0.00    0.00  100.00
00:17:07      14    0.00    0.00    0.00    0.00    0.00    0.00    0.00    0.00    0.00  100.00
00:17:07      15    0.00    0.00    0.00    0.00    0.00    0.00    0.00    0.00    0.00  100.00
00:17:07      16    0.00    0.00    0.00    0.00    0.00    0.00    0.00    0.00    0.00  100.00
00:17:07      17    0.00    0.00    0.00    0.00    0.00    0.00    0.00    0.00    0.00  100.00
00:17:07      18  100.00    0.00    0.00    0.00    0.00    0.00    0.00    0.00    0.00    0.00
00:17:07      19    0.00    0.00    0.00    0.00    0.00    0.00    0.00    0.00    0.00  100.00
00:17:07      20    0.00    0.00    0.00    0.00    0.00    0.00    0.00    0.00    0.00  100.00
00:17:07      21    0.98    0.00    1.96    0.00    0.00    0.00    0.00    0.00    0.00   97.06
00:17:07      22    0.00    0.00    0.00    0.00    0.00    0.00    0.00    0.00    0.00  100.00
00:17:07      23    0.00    0.00    0.00    0.00    0.00    0.00    0.00    0.00    0.00  100.00
00:17:07      24    0.00    0.00    0.00    0.00    0.00    0.00    0.00    0.00    0.00  100.00
00:17:07      25    0.00    0.00    0.00    0.00    0.00    0.00    0.00    0.00    0.00  100.00
00:17:07      26    0.00    0.00    0.00    0.00    0.00    0.00    0.00    0.00    0.00  100.00
00:17:07      27    0.00    0.00    0.00    0.00    0.00    0.00    0.00    0.00    0.00  100.00
00:17:07      28    0.00    0.00    0.00    0.00    0.00    0.00    0.00    0.00    0.00  100.00
00:17:07      29    0.00    0.00    0.00    0.00    0.00    0.00    0.00    0.00    0.00  100.00
00:17:07      30    0.00    0.00    0.00    0.00    0.00    0.00    0.00    0.00    0.00  100.00
00:17:07      31    0.00    0.00    0.00    0.00    0.00    0.00    0.00    0.00    0.00  100.00

00:17:07     CPU    %usr   %nice    %sys %iowait    %irq   %soft  %steal  %guest  %gnice   %idle
00:17:08     all    3.13    0.00    0.03    0.00    0.00    0.00    0.00    0.00    0.00   96.84
00:17:08       0    0.00    0.00    0.00    0.00    0.00    0.00    0.00    0.00    0.00  100.00
00:17:08       1    0.00    0.00    0.00    0.00    0.00    0.00    0.00    0.00    0.00  100.00
00:17:08       2    0.00    0.00    0.00    0.00    0.00    0.00    0.00    0.00    0.00  100.00
00:17:08       3    0.00    0.00    0.00    0.00    0.00    0.00    0.00    0.00    0.00  100.00
00:17:08       4    0.00    0.00    0.00    0.00    0.00    0.00    0.00    0.00    0.00  100.00
00:17:08       5    0.00    0.00    0.00    0.00    0.00    0.00    0.00    0.00    0.00  100.00
00:17:08       6    0.00    0.00    0.00    0.00    0.00    0.00    0.00    0.00    0.00  100.00
00:17:08       7    0.00    0.00    0.00    0.00    0.00    0.00    0.00    0.00    0.00  100.00
00:17:08       8    0.00    0.00    0.00    0.00    0.00    0.00    0.00    0.00    0.00  100.00
00:17:08       9    0.00    0.00    0.00    0.00    0.00    0.00    0.00    0.00    0.00  100.00
00:17:08      10    0.00    0.00    0.00    0.00    0.00    0.00    0.00    0.00    0.00  100.00
00:17:08      11    0.00    0.00    0.00    0.00    0.00    0.00    0.00    0.00    0.00  100.00
00:17:08      12    0.00    0.00    0.00    0.00    0.00    0.00    0.00    0.00    0.00  100.00
00:17:08      13    0.00    0.00    0.00    0.00    0.00    0.00    0.00    0.00    0.00  100.00
00:17:08      14    0.00    0.00    0.00    0.00    0.00    0.00    0.00    0.00    0.00  100.00
00:17:08      15    0.00    0.00    0.00    0.00    0.00    0.00    0.00    0.00    0.00  100.00
00:17:08      16    0.00    0.00    0.00    0.00    0.00    0.00    0.00    0.00    0.00  100.00
00:17:08      17    0.00    0.00    0.00    0.00    0.00    0.00    0.00    0.00    0.00  100.00
00:17:08      18  100.00    0.00    0.00    0.00    0.00    0.00    0.00    0.00    0.00    0.00
00:17:08      19    0.00    0.00    0.00    0.00    0.00    0.00    0.00    0.00    0.00  100.00
00:17:08      20    0.00    0.00    0.00    0.00    0.00    0.00    0.00    0.00    0.00  100.00
00:17:08      21    0.00    0.00    1.00    0.00    0.00    0.00    0.00    0.00    0.00   99.00
00:17:08      22    0.00    0.00    0.00    0.00    0.00    0.00    0.00    0.00    0.00  100.00
00:17:08      23    0.00    0.00    0.00    0.00    0.00    0.00    0.00    0.00    0.00  100.00
00:17:08      24    0.00    0.00    0.00    0.00    0.00    0.00    0.00    0.00    0.00  100.00
00:17:08      25    0.00    0.00    0.00    0.00    0.00    0.00    0.00    0.00    0.00  100.00
00:17:08      26    0.00    0.00    0.00    0.00    0.00    0.00    0.00    0.00    0.00  100.00
00:17:08      27    0.00    0.00    0.00    0.00    0.00    0.00    0.00    0.00    0.00  100.00
00:17:08      28    0.00    0.00    0.00    0.00    0.00    0.00    0.00    0.00    0.00  100.00
00:17:08      29    0.00    0.00    0.00    0.00    0.00    0.00    0.00    0.00    0.00  100.00
00:17:08      30    0.00    0.00    0.00    0.00    0.00    0.00    0.00    0.00    0.00  100.00
00:17:08      31    0.00    0.00    0.00    0.00    0.00    0.00    0.00    0.00    0.00  100.00

00:17:08     CPU    %usr   %nice    %sys %iowait    %irq   %soft  %steal  %guest  %gnice   %idle
00:17:09     all    3.12    0.00    0.06    0.00    0.00    0.00    0.00    0.00    0.00   96.81
00:17:09       0    0.00    0.00    0.00    0.00    0.00    0.00    0.00    0.00    0.00  100.00
00:17:09       1    0.00    0.00    0.00    0.00    0.00    0.00    0.00    0.00    0.00  100.00
00:17:09       2    0.00    0.00    0.00    0.00    0.00    0.00    0.00    0.00    0.00  100.00
00:17:09       3    0.00    0.00    0.00    0.00    0.00    0.00    0.00    0.00    0.00  100.00
00:17:09       4    0.00    0.00    0.00    0.00    0.00    0.00    0.00    0.00    0.00  100.00
00:17:09       5    0.00    0.00    0.00    0.00    0.00    0.00    0.00    0.00    0.00  100.00
00:17:09       6    0.00    0.00    0.00    0.00    0.00    0.00    0.00    0.00    0.00  100.00
00:17:09       7    0.00    0.00    0.00    0.00    0.00    0.00    0.00    0.00    0.00  100.00
00:17:09       8    0.00    0.00    0.00    0.00    0.00    0.00    0.00    0.00    0.00  100.00
00:17:09       9    0.00    0.00    0.00    0.00    0.00    0.00    0.00    0.00    0.00  100.00
00:17:09      10    0.00    0.00    0.00    0.00    0.00    0.00    0.00    0.00    0.00  100.00
00:17:09      11    0.00    0.00    0.00    0.00    0.00    0.00    0.00    0.00    0.00  100.00
00:17:09      12    0.00    0.00    0.00    0.00    0.00    0.00    0.00    0.00    0.00  100.00
00:17:09      13    0.00    0.00    0.00    0.00    0.00    0.00    0.00    0.00    0.00  100.00
00:17:09      14    0.00    0.00    0.00    0.00    0.00    0.00    0.00    0.00    0.00  100.00
00:17:09      15    0.00    0.00    0.00    0.00    0.00    0.00    0.00    0.00    0.00  100.00
00:17:09      16    0.00    0.00    0.00    0.00    0.00    0.00    0.00    0.00    0.00  100.00
00:17:09      17    0.00    0.00    0.00    0.00    0.00    0.00    0.00    0.00    0.00  100.00
00:17:09      18  100.00    0.00    0.00    0.00    0.00    0.00    0.00    0.00    0.00    0.00
00:17:09      19    0.00    0.00    0.00    0.00    0.00    0.00    0.00    0.00    0.00  100.00
00:17:09      20    0.00    0.00    0.00    0.00    0.00    0.00    0.00    0.00    0.00  100.00
00:17:09      21    0.00    0.00    1.98    0.00    0.00    0.00    0.00    0.00    0.00   98.02
00:17:09      22    0.00    0.00    0.00    0.00    0.00    0.00    0.00    0.00    0.00  100.00
00:17:09      23    0.00    0.00    0.00    0.00    0.00    0.00    0.00    0.00    0.00  100.00
00:17:09      24    0.00    0.00    0.00    0.00    0.00    0.00    0.00    0.00    0.00  100.00
00:17:09      25    0.00    0.00    0.00    0.00    0.00    0.00    0.00    0.00    0.00  100.00
00:17:09      26    0.00    0.00    0.00    0.00    0.00    0.00    0.00    0.00    0.00  100.00
00:17:09      27    0.00    0.00    0.00    0.00    0.00    0.00    0.00    0.00    0.00  100.00
00:17:09      28    0.00    0.00    0.00    0.00    0.00    0.00    0.00    0.00    0.00  100.00
00:17:09      29    0.00    0.00    0.00    0.00    0.00    0.00    0.00    0.00    0.00  100.00
00:17:09      30    0.00    0.00    0.00    0.00    0.00    0.00    0.00    0.00    0.00  100.00
00:17:09      31    0.00    0.00    0.00    0.00    0.00    0.00    0.00    0.00    0.00  100.00

00:17:09     CPU    %usr   %nice    %sys %iowait    %irq   %soft  %steal  %guest  %gnice   %idle
00:17:10     all    3.18    0.00    0.09    0.00    0.00    0.00    0.00    0.00    0.00   96.72
00:17:10       0    0.00    0.00    1.00    0.00    0.00    0.00    0.00    0.00    0.00   99.00
00:17:10       1    0.00    0.00    0.00    0.00    0.00    0.00    0.00    0.00    0.00  100.00
00:17:10       2    0.00    0.00    0.00    0.00    0.00    0.00    0.00    0.00    0.00  100.00
00:17:10       3    0.00    0.00    0.00    0.00    0.00    0.00    0.00    0.00    0.00  100.00
00:17:10       4    0.00    0.00    0.00    0.00    0.00    0.00    0.00    0.00    0.00  100.00
00:17:10       5    0.00    0.00    0.00    0.00    0.00    0.00    0.00    0.00    0.00  100.00
00:17:10       6    0.99    0.00    0.00    0.00    0.00    0.00    0.00    0.00    0.00   99.01
00:17:10       7    0.00    0.00    0.00    0.00    0.00    0.00    0.00    0.00    0.00  100.00
00:17:10       8    0.00    0.00    0.00    0.00    0.00    0.00    0.00    0.00    0.00  100.00
00:17:10       9    0.99    0.00    0.00    0.00    0.00    0.00    0.00    0.00    0.00   99.01
00:17:10      10    0.00    0.00    0.00    0.00    0.00    0.00    0.00    0.00    0.00  100.00
00:17:10      11    0.00    0.00    0.00    0.00    0.00    0.00    0.00    0.00    0.00  100.00
00:17:10      12    0.00    0.00    0.00    0.00    0.00    0.00    0.00    0.00    0.00  100.00
00:17:10      13    0.00    0.00    0.00    0.00    0.00    0.00    0.00    0.00    0.00  100.00
00:17:10      14    0.00    0.00    0.00    0.00    0.00    0.00    0.00    0.00    0.00  100.00
00:17:10      15    0.00    0.00    0.00    0.00    0.00    0.00    0.00    0.00    0.00  100.00
00:17:10      16    0.00    0.00    0.00    0.00    0.00    0.00    0.00    0.00    0.00  100.00
00:17:10      17    0.00    0.00    0.00    0.00    0.00    0.00    0.00    0.00    0.00  100.00
00:17:10      18   99.01    0.00    0.99    0.00    0.00    0.00    0.00    0.00    0.00    0.00
00:17:10      19    0.00    0.00    0.00    0.00    0.00    0.00    0.00    0.00    0.00  100.00
00:17:10      20    0.00    0.00    0.00    0.00    0.00    0.00    0.00    0.00    0.00  100.00
00:17:10      21    0.00    0.00    0.99    0.00    0.00    0.00    0.00    0.00    0.00   99.01
00:17:10      22    0.00    0.00    0.00    0.00    0.00    0.00    0.00    0.00    0.00  100.00
00:17:10      23    0.00    0.00    0.00    0.00    0.00    0.00    0.00    0.00    0.00  100.00
00:17:10      24    0.00    0.00    0.00    0.00    0.00    0.00    0.00    0.00    0.00  100.00
00:17:10      25    0.00    0.00    0.00    0.00    0.00    0.00    0.00    0.00    0.00  100.00
00:17:10      26    0.00    0.00    0.00    0.00    0.00    0.00    0.00    0.00    0.00  100.00
00:17:10      27    0.00    0.00    0.00    0.00    0.00    0.00    0.00    0.00    0.00  100.00
00:17:10      28    0.00    0.00    0.00    0.00    0.00    0.00    0.00    0.00    0.00  100.00
00:17:10      29    0.00    0.00    0.00    0.00    0.00    0.00    0.00    0.00    0.00  100.00
00:17:10      30    0.00    0.00    0.00    0.00    0.00    0.00    0.00    0.00    0.00  100.00
00:17:10      31    0.00    0.00    0.00    0.00    0.00    0.00    0.00    0.00    0.00  100.00

00:17:10     CPU    %usr   %nice    %sys %iowait    %irq   %soft  %steal  %guest  %gnice   %idle
00:17:11     all    3.09    0.00    0.09    0.00    0.00    0.00    0.00    0.00    0.00   96.81
00:17:11       0    0.00    0.00    0.00    0.00    0.00    0.00    0.00    0.00    0.00  100.00
00:17:11       1    0.00    0.00    0.00    0.00    0.00    0.00    0.00    0.00    0.00  100.00
00:17:11       2    0.00    0.00    0.00    0.00    0.00    0.00    0.00    0.00    0.00  100.00
00:17:11       3    0.00    0.00    0.00    0.00    0.00    0.00    0.00    0.00    0.00  100.00
00:17:11       4    0.00    0.00    0.00    0.00    0.00    0.00    0.00    0.00    0.00  100.00
00:17:11       5    0.00    0.00    0.00    0.00    0.00    0.00    0.00    0.00    0.00  100.00
00:17:11       6    0.00    0.00    0.00    0.00    0.00    0.00    0.00    0.00    0.00  100.00
00:17:11       7    0.00    0.00    0.00    0.00    0.00    0.00    0.00    0.00    0.00  100.00
00:17:11       8    0.00    0.00    0.00    0.00    0.00    0.00    0.00    0.00    0.00  100.00
00:17:11       9    0.00    0.00    0.00    0.00    0.00    0.00    0.00    0.00    0.00  100.00
00:17:11      10    0.00    0.00    0.00    0.00    0.00    0.00    0.00    0.00    0.00  100.00
00:17:11      11    0.00    0.00    0.00    0.00    0.00    0.00    0.00    0.00    0.00  100.00
00:17:11      12    0.00    0.00    0.00    0.00    0.00    0.00    0.00    0.00    0.00  100.00
00:17:11      13    0.00    0.00    0.00    0.00    0.00    0.00    0.00    0.00    0.00  100.00
00:17:11      14    0.00    0.00    0.00    0.00    0.00    0.00    0.00    0.00    0.00  100.00
00:17:11      15    0.00    0.00    0.00    0.00    0.00    0.00    0.00    0.00    0.00  100.00
00:17:11      16    0.00    0.00    0.00    0.00    0.00    0.00    0.00    0.00    0.00  100.00
00:17:11      17    0.00    0.00    0.00    0.00    0.00    0.00    0.00    0.00    0.00  100.00
00:17:11      18   99.00    0.00    1.00    0.00    0.00    0.00    0.00    0.00    0.00    0.00
00:17:11      19    0.00    0.00    0.00    0.00    0.00    0.00    0.00    0.00    0.00  100.00
00:17:11      20    0.00    0.00    0.00    0.00    0.00    0.00    0.00    0.00    0.00  100.00
00:17:11      21    0.00    0.00    1.98    0.00    0.00    0.00    0.00    0.00    0.00   98.02
00:17:11      22    0.00    0.00    0.00    0.00    0.00    0.00    0.00    0.00    0.00  100.00
00:17:11      23    0.00    0.00    0.00    0.00    0.00    0.00    0.00    0.00    0.00  100.00
00:17:11      24    0.00    0.00    0.00    0.00    0.00    0.00    0.00    0.00    0.00  100.00
00:17:11      25    0.00    0.00    0.00    0.00    0.00    0.00    0.00    0.00    0.00  100.00
00:17:11      26    0.00    0.00    0.00    0.00    0.00    0.00    0.00    0.00    0.00  100.00
00:17:11      27    0.00    0.00    0.00    0.00    0.00    0.00    0.00    0.00    0.00  100.00
00:17:11      28    0.00    0.00    0.00    0.00    0.00    0.00    0.00    0.00    0.00  100.00
00:17:11      29    0.00    0.00    0.00    0.00    0.00    0.00    0.00    0.00    0.00  100.00
00:17:11      30    0.00    0.00    0.00    0.00    0.00    0.00    0.00    0.00    0.00  100.00
00:17:11      31    0.00    0.00    0.00    0.00    0.00    0.00    0.00    0.00    0.00  100.00

00:17:11     CPU    %usr   %nice    %sys %iowait    %irq   %soft  %steal  %guest  %gnice   %idle
00:17:12     all    3.03    0.00    0.13    0.03    0.00    0.00    0.00    0.00    0.00   96.81
00:17:12       0    0.00    0.00    0.99    0.00    0.00    0.00    0.00    0.00    0.00   99.01
00:17:12       1    0.00    0.00    0.00    0.99    0.00    0.00    0.00    0.00    0.00   99.01
00:17:12       2    0.00    0.00    0.00    0.00    0.00    0.00    0.00    0.00    0.00  100.00
00:17:12       3    0.00    0.00    0.00    0.00    0.00    0.00    0.00    0.00    0.00  100.00
00:17:12       4    0.00    0.00    0.00    0.00    0.00    0.00    0.00    0.00    0.00  100.00
00:17:12       5    0.00    0.00    0.00    0.00    0.00    0.00    0.00    0.00    0.00  100.00
00:17:12       6    0.00    0.00    0.00    0.00    0.00    0.00    0.00    0.00    0.00  100.00
00:17:12       7    0.00    0.00    0.00    0.00    0.00    0.00    0.00    0.00    0.00  100.00
00:17:12       8    0.00    0.00    0.00    0.00    0.00    0.00    0.00    0.00    0.00  100.00
00:17:12       9    0.00    0.00    0.00    0.00    0.00    0.00    0.00    0.00    0.00  100.00
00:17:12      10    0.00    0.00    0.00    0.00    0.00    0.00    0.00    0.00    0.00  100.00
00:17:12      11    0.00    0.00    0.00    0.00    0.00    0.00    0.00    0.00    0.00  100.00
00:17:12      12    0.00    0.00    0.00    0.00    0.00    0.00    0.00    0.00    0.00  100.00
00:17:12      13    0.00    0.00    0.00    0.00    0.00    0.00    0.00    0.00    0.00  100.00
00:17:12      14    0.00    0.00    0.00    0.00    0.00    0.00    0.00    0.00    0.00  100.00
00:17:12      15    0.00    0.00    0.00    0.00    0.00    0.00    0.00    0.00    0.00  100.00
00:17:12      16    0.00    0.00    0.00    0.00    0.00    0.00    0.00    0.00    0.00  100.00
00:17:12      17    0.00    0.00    0.00    0.00    0.00    0.00    0.00    0.00    0.00  100.00
00:17:12      18   97.98    0.00    2.02    0.00    0.00    0.00    0.00    0.00    0.00    0.00
00:17:12      19    0.00    0.00    0.00    0.00    0.00    0.00    0.00    0.00    0.00  100.00
00:17:12      20    0.00    0.00    0.00    0.00    0.00    0.00    0.00    0.00    0.00  100.00
00:17:12      21    0.00    0.00    1.00    0.00    0.00    0.00    0.00    0.00    0.00   99.00
00:17:12      22    0.00    0.00    0.00    0.00    0.00    0.00    0.00    0.00    0.00  100.00
00:17:12      23    0.00    0.00    0.00    0.00    0.00    0.00    0.00    0.00    0.00  100.00
00:17:12      24    0.00    0.00    0.00    0.00    0.00    0.00    0.00    0.00    0.00  100.00
00:17:12      25    0.00    0.00    0.00    0.00    0.00    0.00    0.00    0.00    0.00  100.00
00:17:12      26    0.00    0.00    0.00    0.00    0.00    0.00    0.00    0.00    0.00  100.00
00:17:12      27    0.00    0.00    0.00    0.00    0.00    0.00    0.00    0.00    0.00  100.00
00:17:12      28    0.00    0.00    0.00    0.00    0.00    0.00    0.00    0.00    0.00  100.00
00:17:12      29    0.00    0.00    0.00    0.00    0.00    0.00    0.00    0.00    0.00  100.00
00:17:12      30    0.00    0.00    0.00    0.00    0.00    0.00    0.00    0.00    0.00  100.00
00:17:12      31    0.00    0.00    0.00    0.00    0.00    0.00    0.00    0.00    0.00  100.00

00:17:12     CPU    %usr   %nice    %sys %iowait    %irq   %soft  %steal  %guest  %gnice   %idle
00:17:13     all    3.00    0.00    0.19    0.00    0.00    0.00    0.00    0.00    0.00   96.81
00:17:13       0    0.00    0.00    0.00    0.00    0.00    0.00    0.00    0.00    0.00  100.00
00:17:13       1    0.00    0.00    0.00    0.00    0.00    0.00    0.00    0.00    0.00  100.00
00:17:13       2    0.00    0.00    0.00    0.00    0.00    0.00    0.00    0.00    0.00  100.00
00:17:13       3    0.00    0.00    0.00    0.00    0.00    0.00    0.00    0.00    0.00  100.00
00:17:13       4    0.00    0.00    0.00    0.00    0.00    0.00    0.00    0.00    0.00  100.00
00:17:13       5    0.00    0.00    0.00    0.00    0.00    0.00    0.00    0.00    0.00  100.00
00:17:13       6    0.00    0.00    0.00    0.00    0.00    0.00    0.00    0.00    0.00  100.00
00:17:13       7    0.00    0.00    0.00    0.00    0.00    0.00    0.00    0.00    0.00  100.00
00:17:13       8    0.00    0.00    0.00    0.00    0.00    0.00    0.00    0.00    0.00  100.00
00:17:13       9    0.00    0.00    0.00    0.00    0.00    0.00    0.00    0.00    0.00  100.00
00:17:13      10    0.00    0.00    0.00    0.00    0.00    0.00    0.00    0.00    0.00  100.00
00:17:13      11    0.00    0.00    0.00    0.00    0.00    0.00    0.00    0.00    0.00  100.00
00:17:13      12    0.00    0.00    0.00    0.00    0.00    0.00    0.00    0.00    0.00  100.00
00:17:13      13    0.00    0.00    0.00    0.00    0.00    0.00    0.00    0.00    0.00  100.00
00:17:13      14    0.00    0.00    0.00    0.00    0.00    0.00    0.00    0.00    0.00  100.00
00:17:13      15    0.00    0.00    0.00    0.00    0.00    0.00    0.00    0.00    0.00  100.00
00:17:13      16    0.00    0.00    0.00    0.00    0.00    0.00    0.00    0.00    0.00  100.00
00:17:13      17    0.00    0.00    0.00    0.00    0.00    0.00    0.00    0.00    0.00  100.00
00:17:13      18   96.00    0.00    4.00    0.00    0.00    0.00    0.00    0.00    0.00    0.00
00:17:13      19    0.00    0.00    0.00    0.00    0.00    0.00    0.00    0.00    0.00  100.00
00:17:13      20    0.00    0.00    0.00    0.00    0.00    0.00    0.00    0.00    0.00  100.00
00:17:13      21    0.00    0.00    1.96    0.00    0.00    0.00    0.00    0.00    0.00   98.04
00:17:13      22    0.00    0.00    0.00    0.00    0.00    0.00    0.00    0.00    0.00  100.00
00:17:13      23    0.00    0.00    0.00    0.00    0.00    0.00    0.00    0.00    0.00  100.00
00:17:13      24    0.00    0.00    0.00    0.00    0.00    0.00    0.00    0.00    0.00  100.00
00:17:13      25    0.00    0.00    0.00    0.00    0.00    0.00    0.00    0.00    0.00  100.00
00:17:13      26    0.00    0.00    0.00    0.00    0.00    0.00    0.00    0.00    0.00  100.00
00:17:13      27    0.00    0.00    0.00    0.00    0.00    0.00    0.00    0.00    0.00  100.00
00:17:13      28    0.00    0.00    0.00    0.00    0.00    0.00    0.00    0.00    0.00  100.00
00:17:13      29    0.00    0.00    0.00    0.00    0.00    0.00    0.00    0.00    0.00  100.00
00:17:13      30    0.00    0.00    0.00    0.00    0.00    0.00    0.00    0.00    0.00  100.00
00:17:13      31    0.00    0.00    0.00    0.00    0.00    0.00    0.00    0.00    0.00  100.00

00:17:13     CPU    %usr   %nice    %sys %iowait    %irq   %soft  %steal  %guest  %gnice   %idle
00:17:14     all    3.03    0.00    0.19    0.00    0.00    0.00    0.00    0.00    0.00   96.78
00:17:14       0    0.00    0.00    0.00    0.00    0.00    0.00    0.00    0.00    0.00  100.00
00:17:14       1    0.00    0.00    0.00    0.00    0.00    0.00    0.00    0.00    0.00  100.00
00:17:14       2    0.00    0.00    0.00    0.00    0.00    0.00    0.00    0.00    0.00  100.00
00:17:14       3    0.00    0.00    0.00    0.00    0.00    0.00    0.00    0.00    0.00  100.00
00:17:14       4    0.00    0.00    0.00    0.00    0.00    0.00    0.00    0.00    0.00  100.00
00:17:14       5    0.00    0.00    0.00    0.00    0.00    0.00    0.00    0.00    0.00  100.00
00:17:14       6    0.00    0.00    0.00    0.00    0.00    0.00    0.00    0.00    0.00  100.00
00:17:14       7    0.00    0.00    0.00    0.00    0.00    0.00    0.00    0.00    0.00  100.00
00:17:14       8    0.00    0.00    0.00    0.00    0.00    0.00    0.00    0.00    0.00  100.00
00:17:14       9    0.00    0.00    0.00    0.00    0.00    0.00    0.00    0.00    0.00  100.00
00:17:14      10    0.00    0.00    0.00    0.00    0.00    0.00    0.00    0.00    0.00  100.00
00:17:14      11    0.00    0.00    0.00    0.00    0.00    0.00    0.00    0.00    0.00  100.00
00:17:14      12    0.00    0.00    0.00    0.00    0.00    0.00    0.00    0.00    0.00  100.00
00:17:14      13    0.00    0.00    0.00    0.00    0.00    0.00    0.00    0.00    0.00  100.00
00:17:14      14    0.00    0.00    0.00    0.00    0.00    0.00    0.00    0.00    0.00  100.00
00:17:14      15    0.00    0.00    0.00    0.00    0.00    0.00    0.00    0.00    0.00  100.00
00:17:14      16    0.00    0.00    0.00    0.00    0.00    0.00    0.00    0.00    0.00  100.00
00:17:14      17    0.00    0.00    0.00    0.00    0.00    0.00    0.00    0.00    0.00  100.00
00:17:14      18   97.00    0.00    3.00    0.00    0.00    0.00    0.00    0.00    0.00    0.00
00:17:14      19    0.00    0.00    0.00    0.00    0.00    0.00    0.00    0.00    0.00  100.00
00:17:14      20    0.00    0.00    0.00    0.00    0.00    0.00    0.00    0.00    0.00  100.00
00:17:14      21    0.00    0.00    2.94    0.00    0.00    0.00    0.00    0.00    0.00   97.06
00:17:14      22    0.00    0.00    0.00    0.00    0.00    0.00    0.00    0.00    0.00  100.00
00:17:14      23    0.00    0.00    0.00    0.00    0.00    0.00    0.00    0.00    0.00  100.00
00:17:14      24    0.00    0.00    0.00    0.00    0.00    0.00    0.00    0.00    0.00  100.00
00:17:14      25    0.00    0.00    0.00    0.00    0.00    0.00    0.00    0.00    0.00  100.00
00:17:14      26    0.00    0.00    0.00    0.00    0.00    0.00    0.00    0.00    0.00  100.00
00:17:14      27    0.00    0.00    0.00    0.00    0.00    0.00    0.00    0.00    0.00  100.00
00:17:14      28    0.00    0.00    0.00    0.00    0.00    0.00    0.00    0.00    0.00  100.00
00:17:14      29    0.00    0.00    0.00    0.00    0.00    0.00    0.00    0.00    0.00  100.00
00:17:14      30    0.00    0.00    0.00    0.00    0.00    0.00    0.00    0.00    0.00  100.00
00:17:14      31    0.00    0.00    0.00    0.00    0.00    0.00    0.00    0.00    0.00  100.00

00:17:14     CPU    %usr   %nice    %sys %iowait    %irq   %soft  %steal  %guest  %gnice   %idle
00:17:15     all    3.12    0.00    0.12    0.00    0.00    0.00    0.00    0.00    0.00   96.75
00:17:15       0    0.99    0.00    0.00    0.00    0.00    0.00    0.00    0.00    0.00   99.01
00:17:15       1    0.00    0.00    0.00    0.00    0.00    0.00    0.00    0.00    0.00  100.00
00:17:15       2    0.00    0.00    0.00    0.00    0.00    0.00    0.00    0.00    0.00  100.00
00:17:15       3    0.00    0.00    0.00    0.00    0.00    0.00    0.00    0.00    0.00  100.00
00:17:15       4    0.00    0.00    0.00    0.00    0.00    0.00    0.00    0.00    0.00  100.00
00:17:15       5    0.00    0.00    0.00    0.00    0.00    0.00    0.00    0.00    0.00  100.00
00:17:15       6    0.00    0.00    0.00    0.00    0.00    0.00    0.00    0.00    0.00  100.00
00:17:15       7    0.00    0.00    0.00    0.00    0.00    0.00    0.00    0.00    0.00  100.00
00:17:15       8    0.00    0.00    0.00    0.00    0.00    0.00    0.00    0.00    0.00  100.00
00:17:15       9    0.00    0.00    0.00    0.00    0.00    0.00    0.00    0.00    0.00  100.00
00:17:15      10    0.99    0.00    0.00    0.00    0.00    0.00    0.00    0.00    0.00   99.01
00:17:15      11    0.00    0.00    0.00    0.00    0.00    0.00    0.00    0.00    0.00  100.00
00:17:15      12    0.00    0.00    0.00    0.00    0.00    0.00    0.00    0.00    0.00  100.00
00:17:15      13    0.00    0.00    0.00    0.00    0.00    0.00    0.00    0.00    0.00  100.00
00:17:15      14    0.00    0.00    0.00    0.00    0.00    0.00    0.00    0.00    0.00  100.00
00:17:15      15    0.00    0.00    0.00    0.00    0.00    0.00    0.00    0.00    0.00  100.00
00:17:15      16    0.00    0.00    0.00    0.00    0.00    0.00    0.00    0.00    0.00  100.00
00:17:15      17    0.00    0.00    0.00    0.00    0.00    0.00    0.00    0.00    0.00  100.00
00:17:15      18   97.03    0.00    2.97    0.00    0.00    0.00    0.00    0.00    0.00    0.00
00:17:15      19    0.00    0.00    0.00    0.00    0.00    0.00    0.00    0.00    0.00  100.00
00:17:15      20    0.00    0.00    0.00    0.00    0.00    0.00    0.00    0.00    0.00  100.00
00:17:15      21    0.00    0.00    1.00    0.00    0.00    0.00    0.00    0.00    0.00   99.00
00:17:15      22    0.00    0.00    0.00    0.00    0.00    0.00    0.00    0.00    0.00  100.00
00:17:15      23    0.00    0.00    0.00    0.00    0.00    0.00    0.00    0.00    0.00  100.00
00:17:15      24    0.00    0.00    0.00    0.00    0.00    0.00    0.00    0.00    0.00  100.00
00:17:15      25    0.00    0.00    0.00    0.00    0.00    0.00    0.00    0.00    0.00  100.00
00:17:15      26    0.00    0.00    0.00    0.00    0.00    0.00    0.00    0.00    0.00  100.00
00:17:15      27    0.00    0.00    0.00    0.00    0.00    0.00    0.00    0.00    0.00  100.00
00:17:15      28    0.00    0.00    0.00    0.00    0.00    0.00    0.00    0.00    0.00  100.00
00:17:15      29    0.00    0.00    0.00    0.00    0.00    0.00    0.00    0.00    0.00  100.00
00:17:15      30    0.00    0.00    0.00    0.00    0.00    0.00    0.00    0.00    0.00  100.00
00:17:15      31    0.00    0.00    0.00    0.00    0.00    0.00    0.00    0.00    0.00  100.00

00:17:15     CPU    %usr   %nice    %sys %iowait    %irq   %soft  %steal  %guest  %gnice   %idle
00:17:16     all    3.00    0.00    0.19    0.00    0.00    0.00    0.00    0.00    0.00   96.81
00:17:16       0    0.00    0.00    0.99    0.00    0.00    0.00    0.00    0.00    0.00   99.01
00:17:16       1    0.00    0.00    0.00    0.00    0.00    0.00    0.00    0.00    0.00  100.00
00:17:16       2   90.00    0.00    3.00    0.00    0.00    0.00    0.00    0.00    0.00    7.00
00:17:16       3    0.00    0.00    0.00    0.00    0.00    0.00    0.00    0.00    0.00  100.00
00:17:16       4    0.00    0.00    0.00    0.00    0.00    0.00    0.00    0.00    0.00  100.00
00:17:16       5    0.00    0.00    0.00    0.00    0.00    0.00    0.00    0.00    0.00  100.00
00:17:16       6    0.00    0.00    0.00    0.00    0.00    0.00    0.00    0.00    0.00  100.00
00:17:16       7    0.00    0.00    0.00    0.00    0.00    0.00    0.00    0.00    0.00  100.00
00:17:16       8    0.00    0.00    0.00    0.00    0.00    0.00    0.00    0.00    0.00  100.00
00:17:16       9    0.00    0.00    0.00    0.00    0.00    0.00    0.00    0.00    0.00  100.00
00:17:16      10    0.00    0.00    0.00    0.00    0.00    0.00    0.00    0.00    0.00  100.00
00:17:16      11    0.00    0.00    0.99    0.00    0.00    0.00    0.00    0.00    0.00   99.01
00:17:16      12    0.00    0.00    0.00    0.00    0.00    0.00    0.00    0.00    0.00  100.00
00:17:16      13    0.00    0.00    0.00    0.00    0.00    0.00    0.00    0.00    0.00  100.00
00:17:16      14    0.00    0.00    0.00    0.00    0.00    0.00    0.00    0.00    0.00  100.00
00:17:16      15    0.00    0.00    0.00    0.00    0.00    0.00    0.00    0.00    0.00  100.00
00:17:16      16    0.00    0.00    0.00    0.00    0.00    0.00    0.00    0.00    0.00  100.00
00:17:16      17    0.00    0.00    0.00    0.00    0.00    0.00    0.00    0.00    0.00  100.00
00:17:16      18    6.06    0.00    0.00    0.00    0.00    0.00    0.00    0.00    0.00   93.94
00:17:16      19    0.00    0.00    0.00    0.00    0.00    0.00    0.00    0.00    0.00  100.00
00:17:16      20    0.00    0.00    0.00    0.00    0.00    0.00    0.00    0.00    0.00  100.00
00:17:16      21    0.00    0.00    0.99    0.00    0.00    0.00    0.00    0.00    0.00   99.01
00:17:16      22    0.00    0.00    0.00    0.00    0.00    0.00    0.00    0.00    0.00  100.00
00:17:16      23    0.00    0.00    0.00    0.00    0.00    0.00    0.00    0.00    0.00  100.00
00:17:16      24    0.00    0.00    0.00    0.00    0.00    0.00    0.00    0.00    0.00  100.00
00:17:16      25    0.00    0.00    0.00    0.00    0.00    0.00    0.00    0.00    0.00  100.00
00:17:16      26    0.00    0.00    0.00    0.00    0.00    0.00    0.00    0.00    0.00  100.00
00:17:16      27    0.00    0.00    0.00    0.00    0.00    0.00    0.00    0.00    0.00  100.00
00:17:16      28    0.00    0.00    0.00    0.00    0.00    0.00    0.00    0.00    0.00  100.00
00:17:16      29    0.00    0.00    0.00    0.00    0.00    0.00    0.00    0.00    0.00  100.00
00:17:16      30    0.00    0.00    0.00    0.00    0.00    0.00    0.00    0.00    0.00  100.00
00:17:16      31    0.00    0.00    0.00    0.00    0.00    0.00    0.00    0.00    0.00  100.00

00:17:16     CPU    %usr   %nice    %sys %iowait    %irq   %soft  %steal  %guest  %gnice   %idle
00:17:17     all    3.03    0.00    0.16    0.00    0.00    0.00    0.00    0.00    0.00   96.81
00:17:17       0    0.00    0.00    0.00    0.00    0.00    0.00    0.00    0.00    0.00  100.00
00:17:17       1    0.00    0.00    0.00    0.00    0.00    0.00    0.00    0.00    0.00  100.00
00:17:17       2   97.00    0.00    3.00    0.00    0.00    0.00    0.00    0.00    0.00    0.00
00:17:17       3    0.00    0.00    0.00    0.00    0.00    0.00    0.00    0.00    0.00  100.00
00:17:17       4    0.00    0.00    0.00    0.00    0.00    0.00    0.00    0.00    0.00  100.00
00:17:17       5    0.00    0.00    0.00    0.00    0.00    0.00    0.00    0.00    0.00  100.00
00:17:17       6    0.00    0.00    0.00    0.00    0.00    0.00    0.00    0.00    0.00  100.00
00:17:17       7    0.00    0.00    0.00    0.00    0.00    0.00    0.00    0.00    0.00  100.00
00:17:17       8    0.00    0.00    0.00    0.00    0.00    0.00    0.00    0.00    0.00  100.00
00:17:17       9    0.00    0.00    0.00    0.00    0.00    0.00    0.00    0.00    0.00  100.00
00:17:17      10    0.00    0.00    0.00    0.00    0.00    0.00    0.00    0.00    0.00  100.00
00:17:17      11    0.00    0.00    0.00    0.00    0.00    0.00    0.00    0.00    0.00  100.00
00:17:17      12    0.00    0.00    0.00    0.00    0.00    0.00    0.00    0.00    0.00  100.00
00:17:17      13    0.00    0.00    0.00    0.00    0.00    0.00    0.00    0.00    0.00  100.00
00:17:17      14    0.00    0.00    0.00    0.00    0.00    0.00    0.00    0.00    0.00  100.00
00:17:17      15    0.00    0.00    0.00    0.00    0.00    0.00    0.00    0.00    0.00  100.00
00:17:17      16    0.00    0.00    0.00    0.00    0.00    0.00    0.00    0.00    0.00  100.00
00:17:17      17    0.00    0.00    0.00    0.00    0.00    0.00    0.00    0.00    0.00  100.00
00:17:17      18    0.00    0.00    0.00    0.00    0.00    0.00    0.00    0.00    0.00  100.00
00:17:17      19    0.00    0.00    0.00    0.00    0.00    0.00    0.00    0.00    0.00  100.00
00:17:17      20    0.00    0.00    0.00    0.00    0.00    0.00    0.00    0.00    0.00  100.00
00:17:17      21    0.00    0.00    1.98    0.00    0.00    0.00    0.00    0.00    0.00   98.02
00:17:17      22    0.00    0.00    0.00    0.00    0.00    0.00    0.00    0.00    0.00  100.00
00:17:17      23    0.00    0.00    0.00    0.00    0.00    0.00    0.00    0.00    0.00  100.00
00:17:17      24    0.00    0.00    0.00    0.00    0.00    0.00    0.00    0.00    0.00  100.00
00:17:17      25    0.00    0.00    0.00    0.00    0.00    0.00    0.00    0.00    0.00  100.00
00:17:17      26    0.00    0.00    0.00    0.00    0.00    0.00    0.00    0.00    0.00  100.00
00:17:17      27    0.00    0.00    0.00    0.00    0.00    0.00    0.00    0.00    0.00  100.00
00:17:17      28    0.00    0.00    0.00    0.00    0.00    0.00    0.00    0.00    0.00  100.00
00:17:17      29    0.00    0.00    0.00    0.00    0.00    0.00    0.00    0.00    0.00  100.00
00:17:17      30    0.00    0.00    0.00    0.00    0.00    0.00    0.00    0.00    0.00  100.00
00:17:17      31    0.00    0.00    0.00    0.00    0.00    0.00    0.00    0.00    0.00  100.00

00:17:17     CPU    %usr   %nice    %sys %iowait    %irq   %soft  %steal  %guest  %gnice   %idle
00:17:18     all    3.09    0.00    0.09    0.00    0.00    0.00    0.00    0.00    0.00   96.81
00:17:18       0    0.00    0.00    0.99    0.00    0.00    0.00    0.00    0.00    0.00   99.01
00:17:18       1    0.00    0.00    0.00    0.00    0.00    0.00    0.00    0.00    0.00  100.00
00:17:18       2   99.00    0.00    1.00    0.00    0.00    0.00    0.00    0.00    0.00    0.00
00:17:18       3    0.00    0.00    0.00    0.00    0.00    0.00    0.00    0.00    0.00  100.00
00:17:18       4    0.00    0.00    0.00    0.00    0.00    0.00    0.00    0.00    0.00  100.00
00:17:18       5    0.00    0.00    0.00    0.00    0.00    0.00    0.00    0.00    0.00  100.00
00:17:18       6    0.00    0.00    0.00    0.00    0.00    0.00    0.00    0.00    0.00  100.00
00:17:18       7    0.00    0.00    0.00    0.00    0.00    0.00    0.00    0.00    0.00  100.00
00:17:18       8    0.00    0.00    0.00    0.00    0.00    0.00    0.00    0.00    0.00  100.00
00:17:18       9    0.00    0.00    0.00    0.00    0.00    0.00    0.00    0.00    0.00  100.00
00:17:18      10    0.00    0.00    0.00    0.00    0.00    0.00    0.00    0.00    0.00  100.00
00:17:18      11    0.00    0.00    0.00    0.00    0.00    0.00    0.00    0.00    0.00  100.00
00:17:18      12    0.00    0.00    0.00    0.00    0.00    0.00    0.00    0.00    0.00  100.00
00:17:18      13    0.00    0.00    0.99    0.00    0.00    0.00    0.00    0.00    0.00   99.01
00:17:18      14    0.00    0.00    0.00    0.00    0.00    0.00    0.00    0.00    0.00  100.00
00:17:18      15    0.00    0.00    0.00    0.00    0.00    0.00    0.00    0.00    0.00  100.00
00:17:18      16    0.00    0.00    0.00    0.00    0.00    0.00    0.00    0.00    0.00  100.00
00:17:18      17    0.00    0.00    0.00    0.00    0.00    0.00    0.00    0.00    0.00  100.00
00:17:18      18    0.00    0.00    0.00    0.00    0.00    0.00    0.00    0.00    0.00  100.00
00:17:18      19    0.00    0.00    0.00    0.00    0.00    0.00    0.00    0.00    0.00  100.00
00:17:18      20    0.00    0.00    0.00    0.00    0.00    0.00    0.00    0.00    0.00  100.00
00:17:18      21    0.00    0.00    0.00    0.00    0.00    0.00    0.00    0.00    0.00  100.00
00:17:18      22    0.00    0.00    0.00    0.00    0.00    0.00    0.00    0.00    0.00  100.00
00:17:18      23    0.00    0.00    0.00    0.00    0.00    0.00    0.00    0.00    0.00  100.00
00:17:18      24    0.00    0.00    0.00    0.00    0.00    0.00    0.00    0.00    0.00  100.00
00:17:18      25    0.00    0.00    0.00    0.00    0.00    0.00    0.00    0.00    0.00  100.00
00:17:18      26    0.00    0.00    0.00    0.00    0.00    0.00    0.00    0.00    0.00  100.00
00:17:18      27    0.00    0.00    0.00    0.00    0.00    0.00    0.00    0.00    0.00  100.00
00:17:18      28    0.00    0.00    0.00    0.00    0.00    0.00    0.00    0.00    0.00  100.00
00:17:18      29    0.00    0.00    0.00    0.00    0.00    0.00    0.00    0.00    0.00  100.00
00:17:18      30    0.00    0.00    0.00    0.00    0.00    0.00    0.00    0.00    0.00  100.00
00:17:18      31    0.00    0.00    0.00    0.00    0.00    0.00    0.00    0.00    0.00  100.00

00:17:18     CPU    %usr   %nice    %sys %iowait    %irq   %soft  %steal  %guest  %gnice   %idle
00:17:19     all    3.10    0.00    0.06    0.00    0.00    0.00    0.00    0.00    0.00   96.84
00:17:19       0    0.00    0.00    0.00    0.00    0.00    0.00    0.00    0.00    0.00  100.00
00:17:19       1    0.00    0.00    0.00    0.00    0.00    0.00    0.00    0.00    0.00  100.00
00:17:19       2   98.00    0.00    2.00    0.00    0.00    0.00    0.00    0.00    0.00    0.00
00:17:19       3    0.00    0.00    0.00    0.00    0.00    0.00    0.00    0.00    0.00  100.00
00:17:19       4    0.00    0.00    0.00    0.00    0.00    0.00    0.00    0.00    0.00  100.00
00:17:19       5    0.00    0.00    0.00    0.00    0.00    0.00    0.00    0.00    0.00  100.00
00:17:19       6    0.00    0.00    0.00    0.00    0.00    0.00    0.00    0.00    0.00  100.00
00:17:19       7    0.00    0.00    0.00    0.00    0.00    0.00    0.00    0.00    0.00  100.00
00:17:19       8    0.00    0.00    0.00    0.00    0.00    0.00    0.00    0.00    0.00  100.00
00:17:19       9    0.00    0.00    0.00    0.00    0.00    0.00    0.00    0.00    0.00  100.00
00:17:19      10    0.00    0.00    0.00    0.00    0.00    0.00    0.00    0.00    0.00  100.00
00:17:19      11    0.00    0.00    0.00    0.00    0.00    0.00    0.00    0.00    0.00  100.00
00:17:19      12    0.00    0.00    0.00    0.00    0.00    0.00    0.00    0.00    0.00  100.00
00:17:19      13    0.00    0.00    0.00    0.00    0.00    0.00    0.00    0.00    0.00  100.00
00:17:19      14    0.00    0.00    0.00    0.00    0.00    0.00    0.00    0.00    0.00  100.00
00:17:19      15    0.00    0.00    0.00    0.00    0.00    0.00    0.00    0.00    0.00  100.00
00:17:19      16    0.00    0.00    0.00    0.00    0.00    0.00    0.00    0.00    0.00  100.00
00:17:19      17    0.00    0.00    0.00    0.00    0.00    0.00    0.00    0.00    0.00  100.00
00:17:19      18    0.00    0.00    0.00    0.00    0.00    0.00    0.00    0.00    0.00  100.00
00:17:19      19    0.00    0.00    0.00    0.00    0.00    0.00    0.00    0.00    0.00  100.00
00:17:19      20    1.00    0.00    0.00    0.00    0.00    0.00    0.00    0.00    0.00   99.00
00:17:19      21    0.00    0.00    0.00    0.00    0.00    0.00    0.00    0.00    0.00  100.00
00:17:19      22    0.00    0.00    0.00    0.00    0.00    0.00    0.00    0.00    0.00  100.00
00:17:19      23    0.00    0.00    0.00    0.00    0.00    0.00    0.00    0.00    0.00  100.00
00:17:19      24    0.00    0.00    0.00    0.00    0.00    0.00    0.00    0.00    0.00  100.00
00:17:19      25    0.00    0.00    0.00    0.00    0.00    0.00    0.00    0.00    0.00  100.00
00:17:19      26    0.00    0.00    0.00    0.00    0.00    0.00    0.00    0.00    0.00  100.00
00:17:19      27    0.00    0.00    0.00    0.00    0.00    0.00    0.00    0.00    0.00  100.00
00:17:19      28    0.00    0.00    0.00    0.00    0.00    0.00    0.00    0.00    0.00  100.00
00:17:19      29    0.00    0.00    0.00    0.00    0.00    0.00    0.00    0.00    0.00  100.00
00:17:19      30    0.00    0.00    0.00    0.00    0.00    0.00    0.00    0.00    0.00  100.00
00:17:19      31    0.00    0.00    0.00    0.00    0.00    0.00    0.00    0.00    0.00  100.00

00:17:19     CPU    %usr   %nice    %sys %iowait    %irq   %soft  %steal  %guest  %gnice   %idle
00:17:20     all    3.13    0.00    0.03    0.00    0.00    0.00    0.00    0.00    0.00   96.84
00:17:20       0    0.00    0.00    0.00    0.00    0.00    0.00    0.00    0.00    0.00  100.00
00:17:20       1    0.00    0.00    0.00    0.00    0.00    0.00    0.00    0.00    0.00  100.00
00:17:20       2   99.00    0.00    1.00    0.00    0.00    0.00    0.00    0.00    0.00    0.00
00:17:20       3    0.00    0.00    0.00    0.00    0.00    0.00    0.00    0.00    0.00  100.00
00:17:20       4    0.00    0.00    0.00    0.00    0.00    0.00    0.00    0.00    0.00  100.00
00:17:20       5    0.00    0.00    0.00    0.00    0.00    0.00    0.00    0.00    0.00  100.00
00:17:20       6    0.00    0.00    0.00    0.00    0.00    0.00    0.00    0.00    0.00  100.00
00:17:20       7    0.00    0.00    0.00    0.00    0.00    0.00    0.00    0.00    0.00  100.00
00:17:20       8    0.00    0.00    0.00    0.00    0.00    0.00    0.00    0.00    0.00  100.00
00:17:20       9    0.00    0.00    0.00    0.00    0.00    0.00    0.00    0.00    0.00  100.00
00:17:20      10    0.00    0.00    0.00    0.00    0.00    0.00    0.00    0.00    0.00  100.00
00:17:20      11    0.00    0.00    0.00    0.00    0.00    0.00    0.00    0.00    0.00  100.00
00:17:20      12    0.00    0.00    0.00    0.00    0.00    0.00    0.00    0.00    0.00  100.00
00:17:20      13    0.00    0.00    0.00    0.00    0.00    0.00    0.00    0.00    0.00  100.00
00:17:20      14    0.00    0.00    0.00    0.00    0.00    0.00    0.00    0.00    0.00  100.00
00:17:20      15    0.00    0.00    0.00    0.00    0.00    0.00    0.00    0.00    0.00  100.00
00:17:20      16    0.00    0.00    0.00    0.00    0.00    0.00    0.00    0.00    0.00  100.00
00:17:20      17    0.00    0.00    0.00    0.00    0.00    0.00    0.00    0.00    0.00  100.00
00:17:20      18    0.00    0.00    0.00    0.00    0.00    0.00    0.00    0.00    0.00  100.00
00:17:20      19    0.00    0.00    0.00    0.00    0.00    0.00    0.00    0.00    0.00  100.00
00:17:20      20    0.00    0.00    0.00    0.00    0.00    0.00    0.00    0.00    0.00  100.00
00:17:20      21    0.99    0.00    0.00    0.00    0.00    0.00    0.00    0.00    0.00   99.01
00:17:20      22    0.00    0.00    0.00    0.00    0.00    0.00    0.00    0.00    0.00  100.00
00:17:20      23    0.00    0.00    0.00    0.00    0.00    0.00    0.00    0.00    0.00  100.00
00:17:20      24    0.00    0.00    0.00    0.00    0.00    0.00    0.00    0.00    0.00  100.00
00:17:20      25    0.00    0.00    0.00    0.00    0.00    0.00    0.00    0.00    0.00  100.00
00:17:20      26    0.00    0.00    0.00    0.00    0.00    0.00    0.00    0.00    0.00  100.00
00:17:20      27    0.00    0.00    0.00    0.00    0.00    0.00    0.00    0.00    0.00  100.00
00:17:20      28    0.00    0.00    0.00    0.00    0.00    0.00    0.00    0.00    0.00  100.00
00:17:20      29    0.00    0.00    0.00    0.00    0.00    0.00    0.00    0.00    0.00  100.00
00:17:20      30    0.00    0.00    0.00    0.00    0.00    0.00    0.00    0.00    0.00  100.00
00:17:20      31    0.00    0.00    0.00    0.00    0.00    0.00    0.00    0.00    0.00  100.00

00:17:20     CPU    %usr   %nice    %sys %iowait    %irq   %soft  %steal  %guest  %gnice   %idle
00:17:21     all    3.12    0.00    0.12    0.00    0.00    0.00    0.00    0.00    0.00   96.75
00:17:21       0    0.00    0.00    0.99    0.00    0.00    0.00    0.00    0.00    0.00   99.01
00:17:21       1    0.00    0.00    0.00    0.00    0.00    0.00    0.00    0.00    0.00  100.00
00:17:21       2   99.00    0.00    1.00    0.00    0.00    0.00    0.00    0.00    0.00    0.00
00:17:21       3    0.00    0.00    0.00    0.00    0.00    0.00    0.00    0.00    0.00  100.00
00:17:21       4    0.00    0.00    0.00    0.00    0.00    0.00    0.00    0.00    0.00  100.00
00:17:21       5    0.00    0.00    0.00    0.00    0.00    0.00    0.00    0.00    0.00  100.00
00:17:21       6    0.00    0.00    0.00    0.00    0.00    0.00    0.00    0.00    0.00  100.00
00:17:21       7    0.00    0.00    0.00    0.00    0.00    0.00    0.00    0.00    0.00  100.00
00:17:21       8    0.00    0.00    0.00    0.00    0.00    0.00    0.00    0.00    0.00  100.00
00:17:21       9    0.00    0.00    0.99    0.00    0.00    0.00    0.00    0.00    0.00   99.01
00:17:21      10    0.00    0.00    0.00    0.00    0.00    0.00    0.00    0.00    0.00  100.00
00:17:21      11    0.00    0.00    0.00    0.00    0.00    0.00    0.00    0.00    0.00  100.00
00:17:21      12    0.00    0.00    0.00    0.00    0.00    0.00    0.00    0.00    0.00  100.00
00:17:21      13    0.00    0.00    0.00    0.00    0.00    0.00    0.00    0.00    0.00  100.00
00:17:21      14    0.00    0.00    0.00    0.00    0.00    0.00    0.00    0.00    0.00  100.00
00:17:21      15    0.99    0.00    0.00    0.00    0.00    0.00    0.00    0.00    0.00   99.01
00:17:21      16    0.00    0.00    0.00    0.00    0.00    0.00    0.00    0.00    0.00  100.00
00:17:21      17    0.00    0.00    0.00    0.00    0.00    0.00    0.00    0.00    0.00  100.00
00:17:21      18    0.00    0.00    0.00    0.00    0.00    0.00    0.00    0.00    0.00  100.00
00:17:21      19    0.00    0.00    0.00    0.00    0.00    0.00    0.00    0.00    0.00  100.00
00:17:21      20    0.00    0.00    0.00    0.00    0.00    0.00    0.00    0.00    0.00  100.00
00:17:21      21    0.00    0.00    1.00    0.00    0.00    0.00    0.00    0.00    0.00   99.00
00:17:21      22    0.00    0.00    0.00    0.00    0.00    0.00    0.00    0.00    0.00  100.00
00:17:21      23    0.00    0.00    0.00    0.00    0.00    0.00    0.00    0.00    0.00  100.00
00:17:21      24    0.00    0.00    0.00    0.00    0.00    0.00    0.00    0.00    0.00  100.00
00:17:21      25    0.00    0.00    0.00    0.00    0.00    0.00    0.00    0.00    0.00  100.00
00:17:21      26    0.00    0.00    0.00    0.00    0.00    0.00    0.00    0.00    0.00  100.00
00:17:21      27    0.00    0.00    0.00    0.00    0.00    0.00    0.00    0.00    0.00  100.00
00:17:21      28    0.00    0.00    0.00    0.00    0.00    0.00    0.00    0.00    0.00  100.00
00:17:21      29    0.00    0.00    0.00    0.00    0.00    0.00    0.00    0.00    0.00  100.00
00:17:21      30    0.00    0.00    0.00    0.00    0.00    0.00    0.00    0.00    0.00  100.00
00:17:21      31    0.00    0.00    0.00    0.00    0.00    0.00    0.00    0.00    0.00  100.00

00:17:21     CPU    %usr   %nice    %sys %iowait    %irq   %soft  %steal  %guest  %gnice   %idle
00:17:22     all    3.13    0.00    0.00    0.00    0.00    0.00    0.00    0.00    0.00   96.87
00:17:22       0    0.00    0.00    0.00    0.00    0.00    0.00    0.00    0.00    0.00  100.00
00:17:22       1    0.00    0.00    0.00    0.00    0.00    0.00    0.00    0.00    0.00  100.00
00:17:22       2  100.00    0.00    0.00    0.00    0.00    0.00    0.00    0.00    0.00    0.00
00:17:22       3    0.00    0.00    0.00    0.00    0.00    0.00    0.00    0.00    0.00  100.00
00:17:22       4    0.00    0.00    0.00    0.00    0.00    0.00    0.00    0.00    0.00  100.00
00:17:22       5    0.00    0.00    0.00    0.00    0.00    0.00    0.00    0.00    0.00  100.00
00:17:22       6    0.00    0.00    0.00    0.00    0.00    0.00    0.00    0.00    0.00  100.00
00:17:22       7    0.00    0.00    0.00    0.00    0.00    0.00    0.00    0.00    0.00  100.00
00:17:22       8    0.00    0.00    0.00    0.00    0.00    0.00    0.00    0.00    0.00  100.00
00:17:22       9    0.00    0.00    0.00    0.00    0.00    0.00    0.00    0.00    0.00  100.00
00:17:22      10    0.00    0.00    0.00    0.00    0.00    0.00    0.00    0.00    0.00  100.00
00:17:22      11    0.00    0.00    0.00    0.00    0.00    0.00    0.00    0.00    0.00  100.00
00:17:22      12    0.00    0.00    0.00    0.00    0.00    0.00    0.00    0.00    0.00  100.00
00:17:22      13    0.00    0.00    0.00    0.00    0.00    0.00    0.00    0.00    0.00  100.00
00:17:22      14    0.00    0.00    0.00    0.00    0.00    0.00    0.00    0.00    0.00  100.00
00:17:22      15    0.00    0.00    0.00    0.00    0.00    0.00    0.00    0.00    0.00  100.00
00:17:22      16    0.00    0.00    0.00    0.00    0.00    0.00    0.00    0.00    0.00  100.00
00:17:22      17    0.00    0.00    0.00    0.00    0.00    0.00    0.00    0.00    0.00  100.00
00:17:22      18    0.00    0.00    0.00    0.00    0.00    0.00    0.00    0.00    0.00  100.00
00:17:22      19    0.00    0.00    0.00    0.00    0.00    0.00    0.00    0.00    0.00  100.00
00:17:22      20    0.00    0.00    0.00    0.00    0.00    0.00    0.00    0.00    0.00  100.00
00:17:22      21    0.00    0.00    0.00    0.00    0.00    0.00    0.00    0.00    0.00  100.00
00:17:22      22    0.00    0.00    0.00    0.00    0.00    0.00    0.00    0.00    0.00  100.00
00:17:22      23    0.00    0.00    0.00    0.00    0.00    0.00    0.00    0.00    0.00  100.00
00:17:22      24    0.00    0.00    0.00    0.00    0.00    0.00    0.00    0.00    0.00  100.00
00:17:22      25    0.00    0.00    0.00    0.00    0.00    0.00    0.00    0.00    0.00  100.00
00:17:22      26    0.00    0.00    0.00    0.00    0.00    0.00    0.00    0.00    0.00  100.00
00:17:22      27    0.00    0.00    0.00    0.00    0.00    0.00    0.00    0.00    0.00  100.00
00:17:22      28    0.00    0.00    0.00    0.00    0.00    0.00    0.00    0.00    0.00  100.00
00:17:22      29    0.00    0.00    0.00    0.00    0.00    0.00    0.00    0.00    0.00  100.00
00:17:22      30    0.00    0.00    0.00    0.00    0.00    0.00    0.00    0.00    0.00  100.00
00:17:22      31    0.00    0.00    0.00    0.00    0.00    0.00    0.00    0.00    0.00  100.00

00:17:22     CPU    %usr   %nice    %sys %iowait    %irq   %soft  %steal  %guest  %gnice   %idle
00:17:23     all    3.06    0.00    0.16    0.00    0.00    0.00    0.00    0.00    0.00   96.78
00:17:23       0    0.00    0.00    1.00    0.00    0.00    0.00    0.00    0.00    0.00   99.00
00:17:23       1    0.00    0.00    0.00    0.00    0.00    0.00    0.00    0.00    0.00  100.00
00:17:23       2   98.00    0.00    2.00    0.00    0.00    0.00    0.00    0.00    0.00    0.00
00:17:23       3    0.00    0.00    0.00    0.00    0.00    0.00    0.00    0.00    0.00  100.00
00:17:23       4    0.00    0.00    0.00    0.00    0.00    0.00    0.00    0.00    0.00  100.00
00:17:23       5    0.00    0.00    0.00    0.00    0.00    0.00    0.00    0.00    0.00  100.00
00:17:23       6    0.00    0.00    0.00    0.00    0.00    0.00    0.00    0.00    0.00  100.00
00:17:23       7    0.00    0.00    0.00    0.00    0.00    0.00    0.00    0.00    0.00  100.00
00:17:23       8    0.00    0.00    0.00    0.00    0.00    0.00    0.00    0.00    0.00  100.00
00:17:23       9    0.00    0.00    0.00    0.00    0.00    0.00    0.00    0.00    0.00  100.00
00:17:23      10    0.00    0.00    0.99    0.00    0.00    0.00    0.00    0.00    0.00   99.01
00:17:23      11    0.00    0.00    0.00    0.00    0.00    0.00    0.00    0.00    0.00  100.00
00:17:23      12    0.00    0.00    0.00    0.00    0.00    0.00    0.00    0.00    0.00  100.00
00:17:23      13    0.00    0.00    0.00    0.00    0.00    0.00    0.00    0.00    0.00  100.00
00:17:23      14    0.00    0.00    0.00    0.00    0.00    0.00    0.00    0.00    0.00  100.00
00:17:23      15    0.00    0.00    0.00    0.00    0.00    0.00    0.00    0.00    0.00  100.00
00:17:23      16    0.00    0.00    0.00    0.00    0.00    0.00    0.00    0.00    0.00  100.00
00:17:23      17    0.00    0.00    0.00    0.00    0.00    0.00    0.00    0.00    0.00  100.00
00:17:23      18    0.00    0.00    0.00    0.00    0.00    0.00    0.00    0.00    0.00  100.00
00:17:23      19    0.00    0.00    0.00    0.00    0.00    0.00    0.00    0.00    0.00  100.00
00:17:23      20    0.00    0.00    0.00    0.00    0.00    0.00    0.00    0.00    0.00  100.00
00:17:23      21    0.00    0.00    0.99    0.00    0.00    0.00    0.00    0.00    0.00   99.01
00:17:23      22    0.00    0.00    0.00    0.00    0.00    0.00    0.00    0.00    0.00  100.00
00:17:23      23    0.00    0.00    0.00    0.00    0.00    0.00    0.00    0.00    0.00  100.00
00:17:23      24    0.00    0.00    0.00    0.00    0.00    0.00    0.00    0.00    0.00  100.00
00:17:23      25    0.00    0.00    0.00    0.00    0.00    0.00    0.00    0.00    0.00  100.00
00:17:23      26    0.00    0.00    0.00    0.00    0.00    0.00    0.00    0.00    0.00  100.00
00:17:23      27    0.00    0.00    0.00    0.00    0.00    0.00    0.00    0.00    0.00  100.00
00:17:23      28    0.00    0.00    0.00    0.00    0.00    0.00    0.00    0.00    0.00  100.00
00:17:23      29    0.00    0.00    0.00    0.00    0.00    0.00    0.00    0.00    0.00  100.00
00:17:23      30    0.00    0.00    0.00    0.00    0.00    0.00    0.00    0.00    0.00  100.00
00:17:23      31    0.00    0.00    0.00    0.00    0.00    0.00    0.00    0.00    0.00  100.00

00:17:23     CPU    %usr   %nice    %sys %iowait    %irq   %soft  %steal  %guest  %gnice   %idle
00:17:24     all    3.13    0.00    0.03    0.00    0.00    0.00    0.00    0.00    0.00   96.84
00:17:24       0    0.00    0.00    0.00    0.00    0.00    0.00    0.00    0.00    0.00  100.00
00:17:24       1    0.00    0.00    0.00    0.00    0.00    0.00    0.00    0.00    0.00  100.00
00:17:24       2  100.00    0.00    0.00    0.00    0.00    0.00    0.00    0.00    0.00    0.00
00:17:24       3    0.00    0.00    0.00    0.00    0.00    0.00    0.00    0.00    0.00  100.00
00:17:24       4    0.00    0.00    0.00    0.00    0.00    0.00    0.00    0.00    0.00  100.00
00:17:24       5    0.00    0.00    0.00    0.00    0.00    0.00    0.00    0.00    0.00  100.00
00:17:24       6    0.00    0.00    0.00    0.00    0.00    0.00    0.00    0.00    0.00  100.00
00:17:24       7    0.00    0.00    0.00    0.00    0.00    0.00    0.00    0.00    0.00  100.00
00:17:24       8    0.00    0.00    0.00    0.00    0.00    0.00    0.00    0.00    0.00  100.00
00:17:24       9    0.00    0.00    0.00    0.00    0.00    0.00    0.00    0.00    0.00  100.00
00:17:24      10    0.00    0.00    0.00    0.00    0.00    0.00    0.00    0.00    0.00  100.00
00:17:24      11    0.00    0.00    0.00    0.00    0.00    0.00    0.00    0.00    0.00  100.00
00:17:24      12    0.00    0.00    0.00    0.00    0.00    0.00    0.00    0.00    0.00  100.00
00:17:24      13    0.00    0.00    0.00    0.00    0.00    0.00    0.00    0.00    0.00  100.00
00:17:24      14    0.00    0.00    0.00    0.00    0.00    0.00    0.00    0.00    0.00  100.00
00:17:24      15    0.00    0.00    0.00    0.00    0.00    0.00    0.00    0.00    0.00  100.00
00:17:24      16    0.00    0.00    0.00    0.00    0.00    0.00    0.00    0.00    0.00  100.00
00:17:24      17    0.00    0.00    0.00    0.00    0.00    0.00    0.00    0.00    0.00  100.00
00:17:24      18    0.00    0.00    0.00    0.00    0.00    0.00    0.00    0.00    0.00  100.00
00:17:24      19    0.00    0.00    0.00    0.00    0.00    0.00    0.00    0.00    0.00  100.00
00:17:24      20    0.00    0.00    0.00    0.00    0.00    0.00    0.00    0.00    0.00  100.00
00:17:24      21    0.00    0.00    1.00    0.00    0.00    0.00    0.00    0.00    0.00   99.00
00:17:24      22    0.00    0.00    0.00    0.00    0.00    0.00    0.00    0.00    0.00  100.00
00:17:24      23    0.00    0.00    0.00    0.00    0.00    0.00    0.00    0.00    0.00  100.00
00:17:24      24    0.00    0.00    0.00    0.00    0.00    0.00    0.00    0.00    0.00  100.00
00:17:24      25    0.00    0.00    0.00    0.00    0.00    0.00    0.00    0.00    0.00  100.00
00:17:24      26    0.00    0.00    0.00    0.00    0.00    0.00    0.00    0.00    0.00  100.00
00:17:24      27    0.00    0.00    0.00    0.00    0.00    0.00    0.00    0.00    0.00  100.00
00:17:24      28    0.00    0.00    0.00    0.00    0.00    0.00    0.00    0.00    0.00  100.00
00:17:24      29    0.00    0.00    0.00    0.00    0.00    0.00    0.00    0.00    0.00  100.00
00:17:24      30    0.00    0.00    0.00    0.00    0.00    0.00    0.00    0.00    0.00  100.00
00:17:24      31    0.00    0.00    0.00    0.00    0.00    0.00    0.00    0.00    0.00  100.00

00:17:24     CPU    %usr   %nice    %sys %iowait    %irq   %soft  %steal  %guest  %gnice   %idle
00:17:25     all    3.06    0.00    0.09    0.00    0.00    0.00    0.00    0.00    0.00   96.84
00:17:25       0    0.00    0.00    0.00    0.00    0.00    0.00    0.00    0.00    0.00  100.00
00:17:25       1    0.00    0.00    0.00    0.00    0.00    0.00    0.00    0.00    0.00  100.00
00:17:25       2   98.00    0.00    2.00    0.00    0.00    0.00    0.00    0.00    0.00    0.00
00:17:25       3    0.00    0.00    0.00    0.00    0.00    0.00    0.00    0.00    0.00  100.00
00:17:25       4    0.00    0.00    0.00    0.00    0.00    0.00    0.00    0.00    0.00  100.00
00:17:25       5    0.00    0.00    0.00    0.00    0.00    0.00    0.00    0.00    0.00  100.00
00:17:25       6    0.00    0.00    0.00    0.00    0.00    0.00    0.00    0.00    0.00  100.00
00:17:25       7    0.00    0.00    0.00    0.00    0.00    0.00    0.00    0.00    0.00  100.00
00:17:25       8    0.00    0.00    0.00    0.00    0.00    0.00    0.00    0.00    0.00  100.00
00:17:25       9    0.00    0.00    0.00    0.00    0.00    0.00    0.00    0.00    0.00  100.00
00:17:25      10    0.00    0.00    1.00    0.00    0.00    0.00    0.00    0.00    0.00   99.00
00:17:25      11    0.00    0.00    0.00    0.00    0.00    0.00    0.00    0.00    0.00  100.00
00:17:25      12    0.00    0.00    0.00    0.00    0.00    0.00    0.00    0.00    0.00  100.00
00:17:25      13    0.00    0.00    0.00    0.00    0.00    0.00    0.00    0.00    0.00  100.00
00:17:25      14    0.00    0.00    0.00    0.00    0.00    0.00    0.00    0.00    0.00  100.00
00:17:25      15    0.00    0.00    0.00    0.00    0.00    0.00    0.00    0.00    0.00  100.00
00:17:25      16    0.00    0.00    0.00    0.00    0.00    0.00    0.00    0.00    0.00  100.00
00:17:25      17    0.00    0.00    0.00    0.00    0.00    0.00    0.00    0.00    0.00  100.00
00:17:25      18    0.00    0.00    0.00    0.00    0.00    0.00    0.00    0.00    0.00  100.00
00:17:25      19    0.00    0.00    0.00    0.00    0.00    0.00    0.00    0.00    0.00  100.00
00:17:25      20    0.00    0.00    0.00    0.00    0.00    0.00    0.00    0.00    0.00  100.00
00:17:25      21    0.00    0.00    0.00    0.00    0.00    0.00    0.00    0.00    0.00  100.00
00:17:25      22    0.00    0.00    0.00    0.00    0.00    0.00    0.00    0.00    0.00  100.00
00:17:25      23    0.00    0.00    0.00    0.00    0.00    0.00    0.00    0.00    0.00  100.00
00:17:25      24    0.00    0.00    0.00    0.00    0.00    0.00    0.00    0.00    0.00  100.00
00:17:25      25    0.00    0.00    0.00    0.00    0.00    0.00    0.00    0.00    0.00  100.00
00:17:25      26    0.00    0.00    0.00    0.00    0.00    0.00    0.00    0.00    0.00  100.00
00:17:25      27    0.00    0.00    0.00    0.00    0.00    0.00    0.00    0.00    0.00  100.00
00:17:25      28    0.00    0.00    0.00    0.00    0.00    0.00    0.00    0.00    0.00  100.00
00:17:25      29    0.00    0.00    0.00    0.00    0.00    0.00    0.00    0.00    0.00  100.00
00:17:25      30    0.00    0.00    0.00    0.00    0.00    0.00    0.00    0.00    0.00  100.00
00:17:25      31    0.00    0.00    0.00    0.00    0.00    0.00    0.00    0.00    0.00  100.00

00:17:25     CPU    %usr   %nice    %sys %iowait    %irq   %soft  %steal  %guest  %gnice   %idle
00:17:26     all    3.12    0.00    0.06    0.00    0.00    0.00    0.00    0.00    0.00   96.81
00:17:26       0    0.00    0.00    0.99    0.00    0.00    0.00    0.00    0.00    0.00   99.01
00:17:26       1    0.00    0.00    0.00    0.00    0.00    0.00    0.00    0.00    0.00  100.00
00:17:26       2  100.00    0.00    0.00    0.00    0.00    0.00    0.00    0.00    0.00    0.00
00:17:26       3    0.00    0.00    0.00    0.00    0.00    0.00    0.00    0.00    0.00  100.00
00:17:26       4    0.00    0.00    0.00    0.00    0.00    0.00    0.00    0.00    0.00  100.00
00:17:26       5    0.00    0.00    0.00    0.00    0.00    0.00    0.00    0.00    0.00  100.00
00:17:26       6    0.00    0.00    0.00    0.00    0.00    0.00    0.00    0.00    0.00  100.00
00:17:26       7    0.00    0.00    0.00    0.00    0.00    0.00    0.00    0.00    0.00  100.00
00:17:26       8    0.00    0.00    0.00    0.00    0.00    0.00    0.00    0.00    0.00  100.00
00:17:26       9    0.00    0.00    0.00    0.00    0.00    0.00    0.00    0.00    0.00  100.00
00:17:26      10    0.00    0.00    0.00    0.00    0.00    0.00    0.00    0.00    0.00  100.00
00:17:26      11    0.00    0.00    0.00    0.00    0.00    0.00    0.00    0.00    0.00  100.00
00:17:26      12    0.00    0.00    0.00    0.00    0.00    0.00    0.00    0.00    0.00  100.00
00:17:26      13    0.00    0.00    0.00    0.00    0.00    0.00    0.00    0.00    0.00  100.00
00:17:26      14    0.00    0.00    0.00    0.00    0.00    0.00    0.00    0.00    0.00  100.00
00:17:26      15    0.00    0.00    0.00    0.00    0.00    0.00    0.00    0.00    0.00  100.00
00:17:26      16    0.00    0.00    0.00    0.00    0.00    0.00    0.00    0.00    0.00  100.00
00:17:26      17    0.00    0.00    0.00    0.00    0.00    0.00    0.00    0.00    0.00  100.00
00:17:26      18    0.00    0.00    0.00    0.00    0.00    0.00    0.00    0.00    0.00  100.00
00:17:26      19    0.00    0.00    0.00    0.00    0.00    0.00    0.00    0.00    0.00  100.00
00:17:26      20    0.00    0.00    0.00    0.00    0.00    0.00    0.00    0.00    0.00  100.00
00:17:26      21    0.00    0.00    0.00    0.00    0.00    0.00    0.00    0.00    0.00  100.00
00:17:26      22    0.00    0.00    0.00    0.00    0.00    0.00    0.00    0.00    0.00  100.00
00:17:26      23    0.00    0.00    0.00    0.00    0.00    0.00    0.00    0.00    0.00  100.00
00:17:26      24    0.00    0.00    0.00    0.00    0.00    0.00    0.00    0.00    0.00  100.00
00:17:26      25    0.00    0.00    0.00    0.00    0.00    0.00    0.00    0.00    0.00  100.00
00:17:26      26    0.00    0.00    0.00    0.00    0.00    0.00    0.00    0.00    0.00  100.00
00:17:26      27    0.00    0.00    0.00    0.00    0.00    0.00    0.00    0.00    0.00  100.00
00:17:26      28    0.00    0.00    0.00    0.00    0.00    0.00    0.00    0.00    0.00  100.00
00:17:26      29    0.00    0.00    0.00    0.00    0.00    0.00    0.00    0.00    0.00  100.00
00:17:26      30    0.00    0.00    0.99    0.00    0.00    0.00    0.00    0.00    0.00   99.01
00:17:26      31    0.00    0.00    0.00    0.00    0.00    0.00    0.00    0.00    0.00  100.00

00:17:26     CPU    %usr   %nice    %sys %iowait    %irq   %soft  %steal  %guest  %gnice   %idle
00:17:27     all    3.13    0.00    0.00    0.00    0.00    0.00    0.00    0.00    0.00   96.87
00:17:27       0    0.00    0.00    0.00    0.00    0.00    0.00    0.00    0.00    0.00  100.00
00:17:27       1    0.00    0.00    0.00    0.00    0.00    0.00    0.00    0.00    0.00  100.00
00:17:27       2  100.00    0.00    0.00    0.00    0.00    0.00    0.00    0.00    0.00    0.00
00:17:27       3    0.00    0.00    0.00    0.00    0.00    0.00    0.00    0.00    0.00  100.00
00:17:27       4    0.00    0.00    0.00    0.00    0.00    0.00    0.00    0.00    0.00  100.00
00:17:27       5    0.00    0.00    0.00    0.00    0.00    0.00    0.00    0.00    0.00  100.00
00:17:27       6    0.00    0.00    0.00    0.00    0.00    0.00    0.00    0.00    0.00  100.00
00:17:27       7    0.00    0.00    0.00    0.00    0.00    0.00    0.00    0.00    0.00  100.00
00:17:27       8    0.00    0.00    0.00    0.00    0.00    0.00    0.00    0.00    0.00  100.00
00:17:27       9    0.00    0.00    0.00    0.00    0.00    0.00    0.00    0.00    0.00  100.00
00:17:27      10    0.00    0.00    0.00    0.00    0.00    0.00    0.00    0.00    0.00  100.00
00:17:27      11    0.00    0.00    0.00    0.00    0.00    0.00    0.00    0.00    0.00  100.00
00:17:27      12    0.00    0.00    0.00    0.00    0.00    0.00    0.00    0.00    0.00  100.00
00:17:27      13    0.00    0.00    0.00    0.00    0.00    0.00    0.00    0.00    0.00  100.00
00:17:27      14    0.00    0.00    0.00    0.00    0.00    0.00    0.00    0.00    0.00  100.00
00:17:27      15    0.00    0.00    0.00    0.00    0.00    0.00    0.00    0.00    0.00  100.00
00:17:27      16    0.00    0.00    0.00    0.00    0.00    0.00    0.00    0.00    0.00  100.00
00:17:27      17    0.00    0.00    0.00    0.00    0.00    0.00    0.00    0.00    0.00  100.00
00:17:27      18    0.00    0.00    0.00    0.00    0.00    0.00    0.00    0.00    0.00  100.00
00:17:27      19    0.00    0.00    0.00    0.00    0.00    0.00    0.00    0.00    0.00  100.00
00:17:27      20    0.00    0.00    0.00    0.00    0.00    0.00    0.00    0.00    0.00  100.00
00:17:27      21    0.00    0.00    0.00    0.00    0.00    0.00    0.00    0.00    0.00  100.00
00:17:27      22    0.00    0.00    0.00    0.00    0.00    0.00    0.00    0.00    0.00  100.00
00:17:27      23    0.00    0.00    0.00    0.00    0.00    0.00    0.00    0.00    0.00  100.00
00:17:27      24    0.00    0.00    0.00    0.00    0.00    0.00    0.00    0.00    0.00  100.00
00:17:27      25    0.00    0.00    0.00    0.00    0.00    0.00    0.00    0.00    0.00  100.00
00:17:27      26    0.00    0.00    0.00    0.00    0.00    0.00    0.00    0.00    0.00  100.00
00:17:27      27    0.00    0.00    0.00    0.00    0.00    0.00    0.00    0.00    0.00  100.00
00:17:27      28    0.00    0.00    0.00    0.00    0.00    0.00    0.00    0.00    0.00  100.00
00:17:27      29    0.00    0.00    0.00    0.00    0.00    0.00    0.00    0.00    0.00  100.00
00:17:27      30    0.00    0.00    0.00    0.00    0.00    0.00    0.00    0.00    0.00  100.00
00:17:27      31    0.00    0.00    0.00    0.00    0.00    0.00    0.00    0.00    0.00  100.00

00:17:27     CPU    %usr   %nice    %sys %iowait    %irq   %soft  %steal  %guest  %gnice   %idle
00:17:28     all    3.06    0.00    0.12    0.00    0.00    0.00    0.00    0.00    0.00   96.81
00:17:28       0    0.00    0.00    1.00    0.00    0.00    0.00    0.00    0.00    0.00   99.00
00:17:28       1    0.00    0.00    0.00    0.00    0.00    0.00    0.00    0.00    0.00  100.00
00:17:28       2   98.00    0.00    2.00    0.00    0.00    0.00    0.00    0.00    0.00    0.00
00:17:28       3    0.00    0.00    0.00    0.00    0.00    0.00    0.00    0.00    0.00  100.00
00:17:28       4    0.00    0.00    0.00    0.00    0.00    0.00    0.00    0.00    0.00  100.00
00:17:28       5    0.00    0.00    0.00    0.00    0.00    0.00    0.00    0.00    0.00  100.00
00:17:28       6    0.00    0.00    0.00    0.00    0.00    0.00    0.00    0.00    0.00  100.00
00:17:28       7    0.00    0.00    0.00    0.00    0.00    0.00    0.00    0.00    0.00  100.00
00:17:28       8    0.00    0.00    0.00    0.00    0.00    0.00    0.00    0.00    0.00  100.00
00:17:28       9    0.00    0.00    0.00    0.00    0.00    0.00    0.00    0.00    0.00  100.00
00:17:28      10    0.00    0.00    0.00    0.00    0.00    0.00    0.00    0.00    0.00  100.00
00:17:28      11    0.00    0.00    0.00    0.00    0.00    0.00    0.00    0.00    0.00  100.00
00:17:28      12    0.00    0.00    0.00    0.00    0.00    0.00    0.00    0.00    0.00  100.00
00:17:28      13    0.00    0.00    0.00    0.00    0.00    0.00    0.00    0.00    0.00  100.00
00:17:28      14    0.00    0.00    0.00    0.00    0.00    0.00    0.00    0.00    0.00  100.00
00:17:28      15    0.00    0.00    0.00    0.00    0.00    0.00    0.00    0.00    0.00  100.00
00:17:28      16    0.00    0.00    0.00    0.00    0.00    0.00    0.00    0.00    0.00  100.00
00:17:28      17    0.00    0.00    0.00    0.00    0.00    0.00    0.00    0.00    0.00  100.00
00:17:28      18    0.00    0.00    0.00    0.00    0.00    0.00    0.00    0.00    0.00  100.00
00:17:28      19    0.00    0.00    0.00    0.00    0.00    0.00    0.00    0.00    0.00  100.00
00:17:28      20    0.00    0.00    0.00    0.00    0.00    0.00    0.00    0.00    0.00  100.00
00:17:28      21    0.00    0.00    1.00    0.00    0.00    0.00    0.00    0.00    0.00   99.00
00:17:28      22    0.00    0.00    0.00    0.00    0.00    0.00    0.00    0.00    0.00  100.00
00:17:28      23    0.00    0.00    0.00    0.00    0.00    0.00    0.00    0.00    0.00  100.00
00:17:28      24    0.00    0.00    0.00    0.00    0.00    0.00    0.00    0.00    0.00  100.00
00:17:28      25    0.00    0.00    0.00    0.00    0.00    0.00    0.00    0.00    0.00  100.00
00:17:28      26    0.00    0.00    0.00    0.00    0.00    0.00    0.00    0.00    0.00  100.00
00:17:28      27    0.00    0.00    0.00    0.00    0.00    0.00    0.00    0.00    0.00  100.00
00:17:28      28    0.00    0.00    0.00    0.00    0.00    0.00    0.00    0.00    0.00  100.00
00:17:28      29    0.00    0.00    0.00    0.00    0.00    0.00    0.00    0.00    0.00  100.00
00:17:28      30    0.00    0.00    0.00    0.00    0.00    0.00    0.00    0.00    0.00  100.00
00:17:28      31    0.00    0.00    0.00    0.00    0.00    0.00    0.00    0.00    0.00  100.00

00:17:28     CPU    %usr   %nice    %sys %iowait    %irq   %soft  %steal  %guest  %gnice   %idle
00:17:29     all    3.07    0.00    0.09    0.00    0.00    0.00    0.00    0.00    0.00   96.84
00:17:29       0    0.00    0.00    0.00    0.00    0.00    0.00    0.00    0.00    0.00  100.00
00:17:29       1    0.00    0.00    0.00    0.00    0.00    0.00    0.00    0.00    0.00  100.00
00:17:29       2   98.00    0.00    2.00    0.00    0.00    0.00    0.00    0.00    0.00    0.00
00:17:29       3    0.00    0.00    0.00    0.00    0.00    0.00    0.00    0.00    0.00  100.00
00:17:29       4    0.00    0.00    0.00    0.00    0.00    0.00    0.00    0.00    0.00  100.00
00:17:29       5    0.00    0.00    0.00    0.00    0.00    0.00    0.00    0.00    0.00  100.00
00:17:29       6    0.00    0.00    0.00    0.00    0.00    0.00    0.00    0.00    0.00  100.00
00:17:29       7    0.00    0.00    0.00    0.00    0.00    0.00    0.00    0.00    0.00  100.00
00:17:29       8    0.00    0.00    0.00    0.00    0.00    0.00    0.00    0.00    0.00  100.00
00:17:29       9    0.00    0.00    0.00    0.00    0.00    0.00    0.00    0.00    0.00  100.00
00:17:29      10    0.00    0.00    0.00    0.00    0.00    0.00    0.00    0.00    0.00  100.00
00:17:29      11    0.00    0.00    0.00    0.00    0.00    0.00    0.00    0.00    0.00  100.00
00:17:29      12    0.00    0.00    0.00    0.00    0.00    0.00    0.00    0.00    0.00  100.00
00:17:29      13    0.00    0.00    0.00    0.00    0.00    0.00    0.00    0.00    0.00  100.00
00:17:29      14    0.00    0.00    0.00    0.00    0.00    0.00    0.00    0.00    0.00  100.00
00:17:29      15    0.00    0.00    0.00    0.00    0.00    0.00    0.00    0.00    0.00  100.00
00:17:29      16    0.00    0.00    0.00    0.00    0.00    0.00    0.00    0.00    0.00  100.00
00:17:29      17    0.00    0.00    0.00    0.00    0.00    0.00    0.00    0.00    0.00  100.00
00:17:29      18    0.00    0.00    0.00    0.00    0.00    0.00    0.00    0.00    0.00  100.00
00:17:29      19    0.00    0.00    0.00    0.00    0.00    0.00    0.00    0.00    0.00  100.00
00:17:29      20    0.00    0.00    0.00    0.00    0.00    0.00    0.00    0.00    0.00  100.00
00:17:29      21    0.00    0.00    1.00    0.00    0.00    0.00    0.00    0.00    0.00   99.00
00:17:29      22    0.00    0.00    0.00    0.00    0.00    0.00    0.00    0.00    0.00  100.00
00:17:29      23    0.00    0.00    0.00    0.00    0.00    0.00    0.00    0.00    0.00  100.00
00:17:29      24    0.00    0.00    0.00    0.00    0.00    0.00    0.00    0.00    0.00  100.00
00:17:29      25    0.00    0.00    0.00    0.00    0.00    0.00    0.00    0.00    0.00  100.00
00:17:29      26    0.00    0.00    0.00    0.00    0.00    0.00    0.00    0.00    0.00  100.00
00:17:29      27    0.00    0.00    0.00    0.00    0.00    0.00    0.00    0.00    0.00  100.00
00:17:29      28    0.00    0.00    0.00    0.00    0.00    0.00    0.00    0.00    0.00  100.00
00:17:29      29    0.00    0.00    0.00    0.00    0.00    0.00    0.00    0.00    0.00  100.00
00:17:29      30    0.00    0.00    0.00    0.00    0.00    0.00    0.00    0.00    0.00  100.00
00:17:29      31    0.00    0.00    0.00    0.00    0.00    0.00    0.00    0.00    0.00  100.00

00:17:29     CPU    %usr   %nice    %sys %iowait    %irq   %soft  %steal  %guest  %gnice   %idle
00:17:30     all    3.15    0.00    0.06    0.00    0.00    0.00    0.00    0.00    0.00   96.78
00:17:30       0    0.00    0.00    0.00    0.00    0.00    0.00    0.00    0.00    0.00  100.00
00:17:30       1    0.00    0.00    0.00    0.00    0.00    0.00    0.00    0.00    0.00  100.00
00:17:30       2   99.00    0.00    1.00    0.00    0.00    0.00    0.00    0.00    0.00    0.00
00:17:30       3    0.00    0.00    0.00    0.00    0.00    0.00    0.00    0.00    0.00  100.00
00:17:30       4    0.00    0.00    0.00    0.00    0.00    0.00    0.00    0.00    0.00  100.00
00:17:30       5    0.00    0.00    0.00    0.00    0.00    0.00    0.00    0.00    0.00  100.00
00:17:30       6    0.00    0.00    0.00    0.00    0.00    0.00    0.00    0.00    0.00  100.00
00:17:30       7    0.00    0.00    0.00    0.00    0.00    0.00    0.00    0.00    0.00  100.00
00:17:30       8    0.00    0.00    0.00    0.00    0.00    0.00    0.00    0.00    0.00  100.00
00:17:30       9    0.00    0.00    0.00    0.00    0.00    0.00    0.00    0.00    0.00  100.00
00:17:30      10    0.00    0.00    0.00    0.00    0.00    0.00    0.00    0.00    0.00  100.00
00:17:30      11    0.00    0.00    0.00    0.00    0.00    0.00    0.00    0.00    0.00  100.00
00:17:30      12    0.00    0.00    0.00    0.00    0.00    0.00    0.00    0.00    0.00  100.00
00:17:30      13    0.00    0.00    0.00    0.00    0.00    0.00    0.00    0.00    0.00  100.00
00:17:30      14    0.00    0.00    0.00    0.00    0.00    0.00    0.00    0.00    0.00  100.00
00:17:30      15    0.00    0.00    0.00    0.00    0.00    0.00    0.00    0.00    0.00  100.00
00:17:30      16    0.00    0.00    0.00    0.00    0.00    0.00    0.00    0.00    0.00  100.00
00:17:30      17    0.00    0.00    0.00    0.00    0.00    0.00    0.00    0.00    0.00  100.00
00:17:30      18    0.00    0.00    0.00    0.00    0.00    0.00    0.00    0.00    0.00  100.00
00:17:30      19    0.00    0.00    0.00    0.00    0.00    0.00    0.00    0.00    0.00  100.00
00:17:30      20    0.00    0.00    0.00    0.00    0.00    0.00    0.00    0.00    0.00  100.00
00:17:30      21    1.94    0.00    0.97    0.00    0.00    0.00    0.00    0.00    0.00   97.09
00:17:30      22    0.00    0.00    0.00    0.00    0.00    0.00    0.00    0.00    0.00  100.00
00:17:30      23    0.00    0.00    0.00    0.00    0.00    0.00    0.00    0.00    0.00  100.00
00:17:30      24    0.00    0.00    0.00    0.00    0.00    0.00    0.00    0.00    0.00  100.00
00:17:30      25    0.00    0.00    0.00    0.00    0.00    0.00    0.00    0.00    0.00  100.00
00:17:30      26    0.00    0.00    0.00    0.00    0.00    0.00    0.00    0.00    0.00  100.00
00:17:30      27    0.00    0.00    0.00    0.00    0.00    0.00    0.00    0.00    0.00  100.00
00:17:30      28    0.00    0.00    0.00    0.00    0.00    0.00    0.00    0.00    0.00  100.00
00:17:30      29    0.00    0.00    0.00    0.00    0.00    0.00    0.00    0.00    0.00  100.00
00:17:30      30    0.00    0.00    0.00    0.00    0.00    0.00    0.00    0.00    0.00  100.00
00:17:30      31    0.00    0.00    0.00    0.00    0.00    0.00    0.00    0.00    0.00  100.00

00:17:30     CPU    %usr   %nice    %sys %iowait    %irq   %soft  %steal  %guest  %gnice   %idle
00:17:31     all    3.09    0.00    0.06    0.00    0.00    0.00    0.00    0.00    0.00   96.84
00:17:31       0    0.00    0.00    0.99    0.00    0.00    0.00    0.00    0.00    0.00   99.01
00:17:31       1    0.00    0.00    0.00    0.00    0.00    0.00    0.00    0.00    0.00  100.00
00:17:31       2   99.00    0.00    1.00    0.00    0.00    0.00    0.00    0.00    0.00    0.00
00:17:31       3    0.00    0.00    0.00    0.00    0.00    0.00    0.00    0.00    0.00  100.00
00:17:31       4    0.00    0.00    0.00    0.00    0.00    0.00    0.00    0.00    0.00  100.00
00:17:31       5    0.00    0.00    0.00    0.00    0.00    0.00    0.00    0.00    0.00  100.00
00:17:31       6    0.00    0.00    0.00    0.00    0.00    0.00    0.00    0.00    0.00  100.00
00:17:31       7    0.00    0.00    0.00    0.00    0.00    0.00    0.00    0.00    0.00  100.00
00:17:31       8    0.00    0.00    0.00    0.00    0.00    0.00    0.00    0.00    0.00  100.00
00:17:31       9    0.00    0.00    0.00    0.00    0.00    0.00    0.00    0.00    0.00  100.00
00:17:31      10    0.00    0.00    0.00    0.00    0.00    0.00    0.00    0.00    0.00  100.00
00:17:31      11    0.00    0.00    0.00    0.00    0.00    0.00    0.00    0.00    0.00  100.00
00:17:31      12    0.00    0.00    0.00    0.00    0.00    0.00    0.00    0.00    0.00  100.00
00:17:31      13    0.00    0.00    0.00    0.00    0.00    0.00    0.00    0.00    0.00  100.00
00:17:31      14    0.00    0.00    0.00    0.00    0.00    0.00    0.00    0.00    0.00  100.00
00:17:31      15    0.00    0.00    0.00    0.00    0.00    0.00    0.00    0.00    0.00  100.00
00:17:31      16    0.00    0.00    0.00    0.00    0.00    0.00    0.00    0.00    0.00  100.00
00:17:31      17    0.00    0.00    0.00    0.00    0.00    0.00    0.00    0.00    0.00  100.00
00:17:31      18    0.00    0.00    0.00    0.00    0.00    0.00    0.00    0.00    0.00  100.00
00:17:31      19    0.00    0.00    0.00    0.00    0.00    0.00    0.00    0.00    0.00  100.00
00:17:31      20    0.00    0.00    0.00    0.00    0.00    0.00    0.00    0.00    0.00  100.00
00:17:31      21    0.00    0.00    0.00    0.00    0.00    0.00    0.00    0.00    0.00  100.00
00:17:31      22    0.00    0.00    0.00    0.00    0.00    0.00    0.00    0.00    0.00  100.00
00:17:31      23    0.00    0.00    0.00    0.00    0.00    0.00    0.00    0.00    0.00  100.00
00:17:31      24    0.00    0.00    0.00    0.00    0.00    0.00    0.00    0.00    0.00  100.00
00:17:31      25    0.00    0.00    0.00    0.00    0.00    0.00    0.00    0.00    0.00  100.00
00:17:31      26    0.00    0.00    0.00    0.00    0.00    0.00    0.00    0.00    0.00  100.00
00:17:31      27    0.00    0.00    0.00    0.00    0.00    0.00    0.00    0.00    0.00  100.00
00:17:31      28    0.00    0.00    0.00    0.00    0.00    0.00    0.00    0.00    0.00  100.00
00:17:31      29    0.00    0.00    0.00    0.00    0.00    0.00    0.00    0.00    0.00  100.00
00:17:31      30    0.00    0.00    0.00    0.00    0.00    0.00    0.00    0.00    0.00  100.00
00:17:31      31    0.00    0.00    0.00    0.00    0.00    0.00    0.00    0.00    0.00  100.00

00:17:31     CPU    %usr   %nice    %sys %iowait    %irq   %soft  %steal  %guest  %gnice   %idle
00:17:32     all    3.06    0.00    0.09    0.00    0.00    0.00    0.00    0.00    0.00   96.84
00:17:32       0    0.00    0.00    0.00    0.00    0.00    0.00    0.00    0.00    0.00  100.00
00:17:32       1    0.00    0.00    0.99    0.00    0.00    0.00    0.00    0.00    0.00   99.01
00:17:32       2   98.00    0.00    2.00    0.00    0.00    0.00    0.00    0.00    0.00    0.00
00:17:32       3    0.00    0.00    0.00    0.00    0.00    0.00    0.00    0.00    0.00  100.00
00:17:32       4    0.00    0.00    0.00    0.00    0.00    0.00    0.00    0.00    0.00  100.00
00:17:32       5    0.00    0.00    0.00    0.00    0.00    0.00    0.00    0.00    0.00  100.00
00:17:32       6    0.00    0.00    0.00    0.00    0.00    0.00    0.00    0.00    0.00  100.00
00:17:32       7    0.00    0.00    0.00    0.00    0.00    0.00    0.00    0.00    0.00  100.00
00:17:32       8    0.00    0.00    0.00    0.00    0.00    0.00    0.00    0.00    0.00  100.00
00:17:32       9    0.00    0.00    0.00    0.00    0.00    0.00    0.00    0.00    0.00  100.00
00:17:32      10    0.00    0.00    0.00    0.00    0.00    0.00    0.00    0.00    0.00  100.00
00:17:32      11    0.00    0.00    0.00    0.00    0.00    0.00    0.00    0.00    0.00  100.00
00:17:32      12    0.00    0.00    0.00    0.00    0.00    0.00    0.00    0.00    0.00  100.00
00:17:32      13    0.00    0.00    0.00    0.00    0.00    0.00    0.00    0.00    0.00  100.00
00:17:32      14    0.00    0.00    0.00    0.00    0.00    0.00    0.00    0.00    0.00  100.00
00:17:32      15    0.00    0.00    0.00    0.00    0.00    0.00    0.00    0.00    0.00  100.00
00:17:32      16    0.00    0.00    0.00    0.00    0.00    0.00    0.00    0.00    0.00  100.00
00:17:32      17    0.00    0.00    0.00    0.00    0.00    0.00    0.00    0.00    0.00  100.00
00:17:32      18    0.00    0.00    0.00    0.00    0.00    0.00    0.00    0.00    0.00  100.00
00:17:32      19    0.00    0.00    0.00    0.00    0.00    0.00    0.00    0.00    0.00  100.00
00:17:32      20    0.00    0.00    0.00    0.00    0.00    0.00    0.00    0.00    0.00  100.00
00:17:32      21    0.00    0.00    0.00    0.00    0.00    0.00    0.00    0.00    0.00  100.00
00:17:32      22    0.00    0.00    0.00    0.00    0.00    0.00    0.00    0.00    0.00  100.00
00:17:32      23    0.00    0.00    0.00    0.00    0.00    0.00    0.00    0.00    0.00  100.00
00:17:32      24    0.00    0.00    0.00    0.00    0.00    0.00    0.00    0.00    0.00  100.00
00:17:32      25    0.00    0.00    0.00    0.00    0.00    0.00    0.00    0.00    0.00  100.00
00:17:32      26    0.00    0.00    0.00    0.00    0.00    0.00    0.00    0.00    0.00  100.00
00:17:32      27    0.00    0.00    0.00    0.00    0.00    0.00    0.00    0.00    0.00  100.00
00:17:32      28    0.00    0.00    0.00    0.00    0.00    0.00    0.00    0.00    0.00  100.00
00:17:32      29    0.00    0.00    0.00    0.00    0.00    0.00    0.00    0.00    0.00  100.00
00:17:32      30    0.00    0.00    0.00    0.00    0.00    0.00    0.00    0.00    0.00  100.00
00:17:32      31    0.00    0.00    0.00    0.00    0.00    0.00    0.00    0.00    0.00  100.00

00:17:32     CPU    %usr   %nice    %sys %iowait    %irq   %soft  %steal  %guest  %gnice   %idle
00:17:33     all    3.09    0.00    0.03    0.00    0.00    0.00    0.00    0.00    0.00   96.88
00:17:33       0    0.00    0.00    0.00    0.00    0.00    0.00    0.00    0.00    0.00  100.00
00:17:33       1    0.00    0.00    0.00    0.00    0.00    0.00    0.00    0.00    0.00  100.00
00:17:33       2   99.00    0.00    1.00    0.00    0.00    0.00    0.00    0.00    0.00    0.00
00:17:33       3    0.00    0.00    0.00    0.00    0.00    0.00    0.00    0.00    0.00  100.00
00:17:33       4    0.00    0.00    0.00    0.00    0.00    0.00    0.00    0.00    0.00  100.00
00:17:33       5    0.00    0.00    0.00    0.00    0.00    0.00    0.00    0.00    0.00  100.00
00:17:33       6    0.00    0.00    0.00    0.00    0.00    0.00    0.00    0.00    0.00  100.00
00:17:33       7    0.00    0.00    0.00    0.00    0.00    0.00    0.00    0.00    0.00  100.00
00:17:33       8    0.00    0.00    0.00    0.00    0.00    0.00    0.00    0.00    0.00  100.00
00:17:33       9    0.00    0.00    0.00    0.00    0.00    0.00    0.00    0.00    0.00  100.00
00:17:33      10    0.00    0.00    0.00    0.00    0.00    0.00    0.00    0.00    0.00  100.00
00:17:33      11    0.00    0.00    0.00    0.00    0.00    0.00    0.00    0.00    0.00  100.00
00:17:33      12    0.00    0.00    0.00    0.00    0.00    0.00    0.00    0.00    0.00  100.00
00:17:33      13    0.00    0.00    0.00    0.00    0.00    0.00    0.00    0.00    0.00  100.00
00:17:33      14    0.00    0.00    0.00    0.00    0.00    0.00    0.00    0.00    0.00  100.00
00:17:33      15    0.00    0.00    0.00    0.00    0.00    0.00    0.00    0.00    0.00  100.00
00:17:33      16    0.00    0.00    0.00    0.00    0.00    0.00    0.00    0.00    0.00  100.00
00:17:33      17    0.00    0.00    0.00    0.00    0.00    0.00    0.00    0.00    0.00  100.00
00:17:33      18    0.00    0.00    0.00    0.00    0.00    0.00    0.00    0.00    0.00  100.00
00:17:33      19    0.00    0.00    0.00    0.00    0.00    0.00    0.00    0.00    0.00  100.00
00:17:33      20    0.00    0.00    0.00    0.00    0.00    0.00    0.00    0.00    0.00  100.00
00:17:33      21    0.00    0.00    0.00    0.00    0.00    0.00    0.00    0.00    0.00  100.00
00:17:33      22    0.00    0.00    0.00    0.00    0.00    0.00    0.00    0.00    0.00  100.00
00:17:33      23    0.00    0.00    0.00    0.00    0.00    0.00    0.00    0.00    0.00  100.00
00:17:33      24    0.00    0.00    0.00    0.00    0.00    0.00    0.00    0.00    0.00  100.00
00:17:33      25    0.00    0.00    0.00    0.00    0.00    0.00    0.00    0.00    0.00  100.00
00:17:33      26    0.00    0.00    0.00    0.00    0.00    0.00    0.00    0.00    0.00  100.00
00:17:33      27    0.00    0.00    0.00    0.00    0.00    0.00    0.00    0.00    0.00  100.00
00:17:33      28    0.00    0.00    0.00    0.00    0.00    0.00    0.00    0.00    0.00  100.00
00:17:33      29    0.00    0.00    0.00    0.00    0.00    0.00    0.00    0.00    0.00  100.00
00:17:33      30    0.00    0.00    0.00    0.00    0.00    0.00    0.00    0.00    0.00  100.00
00:17:33      31    0.00    0.00    0.00    0.00    0.00    0.00    0.00    0.00    0.00  100.00

00:17:33     CPU    %usr   %nice    %sys %iowait    %irq   %soft  %steal  %guest  %gnice   %idle
00:17:34     all    3.13    0.00    0.03    0.00    0.00    0.00    0.00    0.00    0.00   96.84
00:17:34       0    0.00    0.00    0.99    0.00    0.00    0.00    0.00    0.00    0.00   99.01
00:17:34       1    0.00    0.00    0.00    0.00    0.00    0.00    0.00    0.00    0.00  100.00
00:17:34       2  100.00    0.00    0.00    0.00    0.00    0.00    0.00    0.00    0.00    0.00
00:17:34       3    0.00    0.00    0.00    0.00    0.00    0.00    0.00    0.00    0.00  100.00
00:17:34       4    0.00    0.00    0.00    0.00    0.00    0.00    0.00    0.00    0.00  100.00
00:17:34       5    0.00    0.00    0.00    0.00    0.00    0.00    0.00    0.00    0.00  100.00
00:17:34       6    0.00    0.00    0.00    0.00    0.00    0.00    0.00    0.00    0.00  100.00
00:17:34       7    0.00    0.00    0.00    0.00    0.00    0.00    0.00    0.00    0.00  100.00
00:17:34       8    0.00    0.00    0.00    0.00    0.00    0.00    0.00    0.00    0.00  100.00
00:17:34       9    0.00    0.00    0.00    0.00    0.00    0.00    0.00    0.00    0.00  100.00
00:17:34      10    0.00    0.00    0.00    0.00    0.00    0.00    0.00    0.00    0.00  100.00
00:17:34      11    0.00    0.00    0.00    0.00    0.00    0.00    0.00    0.00    0.00  100.00
00:17:34      12    0.00    0.00    0.00    0.00    0.00    0.00    0.00    0.00    0.00  100.00
00:17:34      13    0.00    0.00    0.00    0.00    0.00    0.00    0.00    0.00    0.00  100.00
00:17:34      14    0.00    0.00    0.00    0.00    0.00    0.00    0.00    0.00    0.00  100.00
00:17:34      15    0.00    0.00    0.00    0.00    0.00    0.00    0.00    0.00    0.00  100.00
00:17:34      16    0.00    0.00    0.00    0.00    0.00    0.00    0.00    0.00    0.00  100.00
00:17:34      17    0.00    0.00    0.00    0.00    0.00    0.00    0.00    0.00    0.00  100.00
00:17:34      18    0.00    0.00    0.00    0.00    0.00    0.00    0.00    0.00    0.00  100.00
00:17:34      19    0.00    0.00    0.00    0.00    0.00    0.00    0.00    0.00    0.00  100.00
00:17:34      20    0.00    0.00    0.00    0.00    0.00    0.00    0.00    0.00    0.00  100.00
00:17:34      21    0.00    0.00    0.00    0.00    0.00    0.00    0.00    0.00    0.00  100.00
00:17:34      22    0.00    0.00    0.00    0.00    0.00    0.00    0.00    0.00    0.00  100.00
00:17:34      23    0.00    0.00    0.00    0.00    0.00    0.00    0.00    0.00    0.00  100.00
00:17:34      24    0.00    0.00    0.00    0.00    0.00    0.00    0.00    0.00    0.00  100.00
00:17:34      25    0.00    0.00    0.00    0.00    0.00    0.00    0.00    0.00    0.00  100.00
00:17:34      26    0.00    0.00    0.00    0.00    0.00    0.00    0.00    0.00    0.00  100.00
00:17:34      27    0.00    0.00    0.00    0.00    0.00    0.00    0.00    0.00    0.00  100.00
00:17:34      28    0.00    0.00    0.00    0.00    0.00    0.00    0.00    0.00    0.00  100.00
00:17:34      29    0.00    0.00    0.00    0.00    0.00    0.00    0.00    0.00    0.00  100.00
00:17:34      30    0.00    0.00    0.00    0.00    0.00    0.00    0.00    0.00    0.00  100.00
00:17:34      31    0.00    0.00    0.00    0.00    0.00    0.00    0.00    0.00    0.00  100.00

00:17:34     CPU    %usr   %nice    %sys %iowait    %irq   %soft  %steal  %guest  %gnice   %idle
00:17:35     all    3.09    0.00    0.09    0.00    0.00    0.00    0.00    0.00    0.00   96.81
00:17:35       0    0.00    0.00    0.00    0.00    0.00    0.00    0.00    0.00    0.00  100.00
00:17:35       1    0.00    0.00    0.00    0.00    0.00    0.00    0.00    0.00    0.00  100.00
00:17:35       2   99.00    0.00    1.00    0.00    0.00    0.00    0.00    0.00    0.00    0.00
00:17:35       3    0.00    0.00    0.00    0.00    0.00    0.00    0.00    0.00    0.00  100.00
00:17:35       4    0.00    0.00    0.00    0.00    0.00    0.00    0.00    0.00    0.00  100.00
00:17:35       5    0.00    0.00    0.00    0.00    0.00    0.00    0.00    0.00    0.00  100.00
00:17:35       6    0.00    0.00    0.00    0.00    0.00    0.00    0.00    0.00    0.00  100.00
00:17:35       7    0.00    0.00    0.00    0.00    0.00    0.00    0.00    0.00    0.00  100.00
00:17:35       8    0.00    0.00    0.00    0.00    0.00    0.00    0.00    0.00    0.00  100.00
00:17:35       9    0.00    0.00    0.99    0.00    0.00    0.00    0.00    0.00    0.00   99.01
00:17:35      10    0.00    0.00    0.00    0.00    0.00    0.00    0.00    0.00    0.00  100.00
00:17:35      11    0.00    0.00    0.00    0.00    0.00    0.00    0.00    0.00    0.00  100.00
00:17:35      12    0.00    0.00    0.00    0.00    0.00    0.00    0.00    0.00    0.00  100.00
00:17:35      13    0.00    0.00    0.00    0.00    0.00    0.00    0.00    0.00    0.00  100.00
00:17:35      14    0.00    0.00    0.00    0.00    0.00    0.00    0.00    0.00    0.00  100.00
00:17:35      15    0.00    0.00    0.00    0.00    0.00    0.00    0.00    0.00    0.00  100.00
00:17:35      16    0.00    0.00    0.00    0.00    0.00    0.00    0.00    0.00    0.00  100.00
00:17:35      17    0.00    0.00    0.00    0.00    0.00    0.00    0.00    0.00    0.00  100.00
00:17:35      18    0.00    0.00    0.00    0.00    0.00    0.00    0.00    0.00    0.00  100.00
00:17:35      19    0.00    0.00    0.00    0.00    0.00    0.00    0.00    0.00    0.00  100.00
00:17:35      20    0.00    0.00    0.00    0.00    0.00    0.00    0.00    0.00    0.00  100.00
00:17:35      21    0.00    0.00    1.00    0.00    0.00    0.00    0.00    0.00    0.00   99.00
00:17:35      22    0.00    0.00    0.00    0.00    0.00    0.00    0.00    0.00    0.00  100.00
00:17:35      23    0.00    0.00    0.00    0.00    0.00    0.00    0.00    0.00    0.00  100.00
00:17:35      24    0.00    0.00    0.00    0.00    0.00    0.00    0.00    0.00    0.00  100.00
00:17:35      25    0.00    0.00    0.00    0.00    0.00    0.00    0.00    0.00    0.00  100.00
00:17:35      26    0.00    0.00    0.00    0.00    0.00    0.00    0.00    0.00    0.00  100.00
00:17:35      27    0.00    0.00    0.00    0.00    0.00    0.00    0.00    0.00    0.00  100.00
00:17:35      28    0.00    0.00    0.00    0.00    0.00    0.00    0.00    0.00    0.00  100.00
00:17:35      29    0.00    0.00    0.00    0.00    0.00    0.00    0.00    0.00    0.00  100.00
00:17:35      30    0.00    0.00    0.00    0.00    0.00    0.00    0.00    0.00    0.00  100.00
00:17:35      31    0.00    0.00    0.00    0.00    0.00    0.00    0.00    0.00    0.00  100.00

00:17:35     CPU    %usr   %nice    %sys %iowait    %irq   %soft  %steal  %guest  %gnice   %idle
00:17:36     all    3.09    0.00    0.03    0.00    0.00    0.00    0.00    0.00    0.00   96.87
00:17:36       0    0.00    0.00    0.00    0.00    0.00    0.00    0.00    0.00    0.00  100.00
00:17:36       1    0.00    0.00    0.00    0.00    0.00    0.00    0.00    0.00    0.00  100.00
00:17:36       2   99.00    0.00    1.00    0.00    0.00    0.00    0.00    0.00    0.00    0.00
00:17:36       3    0.00    0.00    0.00    0.00    0.00    0.00    0.00    0.00    0.00  100.00
00:17:36       4    0.00    0.00    0.00    0.00    0.00    0.00    0.00    0.00    0.00  100.00
00:17:36       5    0.00    0.00    0.00    0.00    0.00    0.00    0.00    0.00    0.00  100.00
00:17:36       6    0.00    0.00    0.00    0.00    0.00    0.00    0.00    0.00    0.00  100.00
00:17:36       7    0.00    0.00    0.00    0.00    0.00    0.00    0.00    0.00    0.00  100.00
00:17:36       8    0.00    0.00    0.00    0.00    0.00    0.00    0.00    0.00    0.00  100.00
00:17:36       9    0.00    0.00    0.00    0.00    0.00    0.00    0.00    0.00    0.00  100.00
00:17:36      10    0.00    0.00    0.00    0.00    0.00    0.00    0.00    0.00    0.00  100.00
00:17:36      11    0.00    0.00    0.00    0.00    0.00    0.00    0.00    0.00    0.00  100.00
00:17:36      12    0.00    0.00    0.00    0.00    0.00    0.00    0.00    0.00    0.00  100.00
00:17:36      13    0.00    0.00    0.00    0.00    0.00    0.00    0.00    0.00    0.00  100.00
00:17:36      14    0.00    0.00    0.00    0.00    0.00    0.00    0.00    0.00    0.00  100.00
00:17:36      15    0.00    0.00    0.00    0.00    0.00    0.00    0.00    0.00    0.00  100.00
00:17:36      16    0.00    0.00    0.00    0.00    0.00    0.00    0.00    0.00    0.00  100.00
00:17:36      17    0.00    0.00    0.00    0.00    0.00    0.00    0.00    0.00    0.00  100.00
00:17:36      18    0.00    0.00    0.00    0.00    0.00    0.00    0.00    0.00    0.00  100.00
00:17:36      19    0.00    0.00    0.00    0.00    0.00    0.00    0.00    0.00    0.00  100.00
00:17:36      20    0.00    0.00    0.00    0.00    0.00    0.00    0.00    0.00    0.00  100.00
00:17:36      21    0.00    0.00    0.00    0.00    0.00    0.00    0.00    0.00    0.00  100.00
00:17:36      22    0.00    0.00    0.00    0.00    0.00    0.00    0.00    0.00    0.00  100.00
00:17:36      23    0.00    0.00    0.00    0.00    0.00    0.00    0.00    0.00    0.00  100.00
00:17:36      24    0.00    0.00    0.00    0.00    0.00    0.00    0.00    0.00    0.00  100.00
00:17:36      25    0.00    0.00    0.00    0.00    0.00    0.00    0.00    0.00    0.00  100.00
00:17:36      26    0.00    0.00    0.00    0.00    0.00    0.00    0.00    0.00    0.00  100.00
00:17:36      27    0.00    0.00    0.00    0.00    0.00    0.00    0.00    0.00    0.00  100.00
00:17:36      28    0.00    0.00    0.00    0.00    0.00    0.00    0.00    0.00    0.00  100.00
00:17:36      29    0.00    0.00    0.00    0.00    0.00    0.00    0.00    0.00    0.00  100.00
00:17:36      30    0.00    0.00    0.00    0.00    0.00    0.00    0.00    0.00    0.00  100.00
00:17:36      31    0.00    0.00    0.00    0.00    0.00    0.00    0.00    0.00    0.00  100.00

00:17:36     CPU    %usr   %nice    %sys %iowait    %irq   %soft  %steal  %guest  %gnice   %idle
00:17:37     all    3.10    0.00    0.06    0.00    0.00    0.00    0.00    0.00    0.00   96.84
00:17:37       0    0.00    0.00    0.00    0.00    0.00    0.00    0.00    0.00    0.00  100.00
00:17:37       1    0.00    0.00    0.00    0.00    0.00    0.00    0.00    0.00    0.00  100.00
00:17:37       2   99.00    0.00    1.00    0.00    0.00    0.00    0.00    0.00    0.00    0.00
00:17:37       3    0.00    0.00    0.00    0.00    0.00    0.00    0.00    0.00    0.00  100.00
00:17:37       4    0.00    0.00    0.00    0.00    0.00    0.00    0.00    0.00    0.00  100.00
00:17:37       5    0.00    0.00    0.00    0.00    0.00    0.00    0.00    0.00    0.00  100.00
00:17:37       6    0.00    0.00    0.00    0.00    0.00    0.00    0.00    0.00    0.00  100.00
00:17:37       7    0.00    0.00    0.00    0.00    0.00    0.00    0.00    0.00    0.00  100.00
00:17:37       8    0.00    0.00    0.00    0.00    0.00    0.00    0.00    0.00    0.00  100.00
00:17:37       9    0.00    0.00    0.00    0.00    0.00    0.00    0.00    0.00    0.00  100.00
00:17:37      10    0.00    0.00    0.00    0.00    0.00    0.00    0.00    0.00    0.00  100.00
00:17:37      11    0.00    0.00    0.00    0.00    0.00    0.00    0.00    0.00    0.00  100.00
00:17:37      12    0.00    0.00    0.99    0.00    0.00    0.00    0.00    0.00    0.00   99.01
00:17:37      13    0.00    0.00    0.00    0.00    0.00    0.00    0.00    0.00    0.00  100.00
00:17:37      14    0.00    0.00    0.00    0.00    0.00    0.00    0.00    0.00    0.00  100.00
00:17:37      15    0.00    0.00    0.00    0.00    0.00    0.00    0.00    0.00    0.00  100.00
00:17:37      16    0.00    0.00    0.00    0.00    0.00    0.00    0.00    0.00    0.00  100.00
00:17:37      17    0.00    0.00    0.00    0.00    0.00    0.00    0.00    0.00    0.00  100.00
00:17:37      18    0.00    0.00    0.00    0.00    0.00    0.00    0.00    0.00    0.00  100.00
00:17:37      19    0.00    0.00    0.00    0.00    0.00    0.00    0.00    0.00    0.00  100.00
00:17:37      20    0.00    0.00    0.00    0.00    0.00    0.00    0.00    0.00    0.00  100.00
00:17:37      21    0.00    0.00    0.00    0.00    0.00    0.00    0.00    0.00    0.00  100.00
00:17:37      22    0.00    0.00    0.00    0.00    0.00    0.00    0.00    0.00    0.00  100.00
00:17:37      23    0.00    0.00    0.00    0.00    0.00    0.00    0.00    0.00    0.00  100.00
00:17:37      24    0.00    0.00    0.00    0.00    0.00    0.00    0.00    0.00    0.00  100.00
00:17:37      25    0.00    0.00    0.00    0.00    0.00    0.00    0.00    0.00    0.00  100.00
00:17:37      26    0.00    0.00    0.00    0.00    0.00    0.00    0.00    0.00    0.00  100.00
00:17:37      27    0.00    0.00    0.00    0.00    0.00    0.00    0.00    0.00    0.00  100.00
00:17:37      28    0.00    0.00    0.00    0.00    0.00    0.00    0.00    0.00    0.00  100.00
00:17:37      29    0.00    0.00    0.00    0.00    0.00    0.00    0.00    0.00    0.00  100.00
00:17:37      30    0.00    0.00    0.00    0.00    0.00    0.00    0.00    0.00    0.00  100.00
00:17:37      31    0.00    0.00    0.00    0.00    0.00    0.00    0.00    0.00    0.00  100.00

00:17:37     CPU    %usr   %nice    %sys %iowait    %irq   %soft  %steal  %guest  %gnice   %idle
00:17:38     all    3.06    0.00    0.12    0.00    0.00    0.00    0.00    0.00    0.00   96.81
00:17:38       0    0.00    0.00    0.99    0.00    0.00    0.00    0.00    0.00    0.00   99.01
00:17:38       1    0.00    0.00    0.00    0.00    0.00    0.00    0.00    0.00    0.00  100.00
00:17:38       2   98.00    0.00    2.00    0.00    0.00    0.00    0.00    0.00    0.00    0.00
00:17:38       3    0.00    0.00    0.00    0.00    0.00    0.00    0.00    0.00    0.00  100.00
00:17:38       4    0.00    0.00    0.00    0.00    0.00    0.00    0.00    0.00    0.00  100.00
00:17:38       5    0.00    0.00    0.00    0.00    0.00    0.00    0.00    0.00    0.00  100.00
00:17:38       6    0.00    0.00    0.00    0.00    0.00    0.00    0.00    0.00    0.00  100.00
00:17:38       7    0.00    0.00    0.00    0.00    0.00    0.00    0.00    0.00    0.00  100.00
00:17:38       8    0.00    0.00    0.00    0.00    0.00    0.00    0.00    0.00    0.00  100.00
00:17:38       9    0.00    0.00    0.00    0.00    0.00    0.00    0.00    0.00    0.00  100.00
00:17:38      10    0.00    0.00    0.00    0.00    0.00    0.00    0.00    0.00    0.00  100.00
00:17:38      11    0.00    0.00    0.00    0.00    0.00    0.00    0.00    0.00    0.00  100.00
00:17:38      12    0.00    0.00    0.00    0.00    0.00    0.00    0.00    0.00    0.00  100.00
00:17:38      13    0.00    0.00    0.00    0.00    0.00    0.00    0.00    0.00    0.00  100.00
00:17:38      14    0.00    0.00    0.00    0.00    0.00    0.00    0.00    0.00    0.00  100.00
00:17:38      15    0.00    0.00    0.00    0.00    0.00    0.00    0.00    0.00    0.00  100.00
00:17:38      16    0.00    0.00    0.00    0.00    0.00    0.00    0.00    0.00    0.00  100.00
00:17:38      17    0.00    0.00    0.00    0.00    0.00    0.00    0.00    0.00    0.00  100.00
00:17:38      18    0.00    0.00    0.00    0.00    0.00    0.00    0.00    0.00    0.00  100.00
00:17:38      19    0.00    0.00    0.00    0.00    0.00    0.00    0.00    0.00    0.00  100.00
00:17:38      20    0.00    0.00    0.00    0.00    0.00    0.00    0.00    0.00    0.00  100.00
00:17:38      21    0.00    0.00    1.00    0.00    0.00    0.00    0.00    0.00    0.00   99.00
00:17:38      22    0.00    0.00    0.00    0.00    0.00    0.00    0.00    0.00    0.00  100.00
00:17:38      23    0.00    0.00    0.00    0.00    0.00    0.00    0.00    0.00    0.00  100.00
00:17:38      24    0.00    0.00    0.00    0.00    0.00    0.00    0.00    0.00    0.00  100.00
00:17:38      25    0.00    0.00    0.00    0.00    0.00    0.00    0.00    0.00    0.00  100.00
00:17:38      26    0.00    0.00    0.00    0.00    0.00    0.00    0.00    0.00    0.00  100.00
00:17:38      27    0.00    0.00    0.00    0.00    0.00    0.00    0.00    0.00    0.00  100.00
00:17:38      28    0.00    0.00    0.00    0.00    0.00    0.00    0.00    0.00    0.00  100.00
00:17:38      29    0.00    0.00    0.00    0.00    0.00    0.00    0.00    0.00    0.00  100.00
00:17:38      30    0.00    0.00    0.00    0.00    0.00    0.00    0.00    0.00    0.00  100.00
00:17:38      31    0.00    0.00    0.00    0.00    0.00    0.00    0.00    0.00    0.00  100.00

00:17:38     CPU    %usr   %nice    %sys %iowait    %irq   %soft  %steal  %guest  %gnice   %idle
00:17:39     all    3.09    0.00    0.12    0.00    0.00    0.00    0.00    0.00    0.00   96.78
00:17:39       0    0.00    0.00    0.99    0.00    0.00    0.00    0.00    0.00    0.00   99.01
00:17:39       1    0.00    0.00    0.00    0.00    0.00    0.00    0.00    0.00    0.00  100.00
00:17:39       2   98.02    0.00    1.98    0.00    0.00    0.00    0.00    0.00    0.00    0.00
00:17:39       3    0.00    0.00    0.00    0.00    0.00    0.00    0.00    0.00    0.00  100.00
00:17:39       4    0.00    0.00    0.00    0.00    0.00    0.00    0.00    0.00    0.00  100.00
00:17:39       5    0.00    0.00    0.00    0.00    0.00    0.00    0.00    0.00    0.00  100.00
00:17:39       6    0.00    0.00    0.00    0.00    0.00    0.00    0.00    0.00    0.00  100.00
00:17:39       7    0.00    0.00    0.00    0.00    0.00    0.00    0.00    0.00    0.00  100.00
00:17:39       8    0.00    0.00    0.00    0.00    0.00    0.00    0.00    0.00    0.00  100.00
00:17:39       9    0.00    0.00    0.00    0.00    0.00    0.00    0.00    0.00    0.00  100.00
00:17:39      10    0.00    0.00    0.00    0.00    0.00    0.00    0.00    0.00    0.00  100.00
00:17:39      11    0.00    0.00    0.00    0.00    0.00    0.00    0.00    0.00    0.00  100.00
00:17:39      12    0.00    0.00    0.00    0.00    0.00    0.00    0.00    0.00    0.00  100.00
00:17:39      13    0.00    0.00    0.00    0.00    0.00    0.00    0.00    0.00    0.00  100.00
00:17:39      14    0.00    0.00    0.00    0.00    0.00    0.00    0.00    0.00    0.00  100.00
00:17:39      15    0.00    0.00    0.00    0.00    0.00    0.00    0.00    0.00    0.00  100.00
00:17:39      16    0.00    0.00    0.00    0.00    0.00    0.00    0.00    0.00    0.00  100.00
00:17:39      17    0.00    0.00    0.00    0.00    0.00    0.00    0.00    0.00    0.00  100.00
00:17:39      18    0.00    0.00    0.00    0.00    0.00    0.00    0.00    0.00    0.00  100.00
00:17:39      19    0.00    0.00    0.00    0.00    0.00    0.00    0.00    0.00    0.00  100.00
00:17:39      20    0.00    0.00    0.00    0.00    0.00    0.00    0.00    0.00    0.00  100.00
00:17:39      21    0.00    0.00    1.00    0.00    0.00    0.00    0.00    0.00    0.00   99.00
00:17:39      22    0.00    0.00    0.00    0.00    0.00    0.00    0.00    0.00    0.00  100.00
00:17:39      23    0.00    0.00    0.00    0.00    0.00    0.00    0.00    0.00    0.00  100.00
00:17:39      24    0.00    0.00    0.00    0.00    0.00    0.00    0.00    0.00    0.00  100.00
00:17:39      25    0.00    0.00    0.00    0.00    0.00    0.00    0.00    0.00    0.00  100.00
00:17:39      26    0.00    0.00    0.00    0.00    0.00    0.00    0.00    0.00    0.00  100.00
00:17:39      27    0.00    0.00    0.00    0.00    0.00    0.00    0.00    0.00    0.00  100.00
00:17:39      28    0.00    0.00    0.00    0.00    0.00    0.00    0.00    0.00    0.00  100.00
00:17:39      29    0.00    0.00    0.00    0.00    0.00    0.00    0.00    0.00    0.00  100.00
00:17:39      30    0.00    0.00    0.00    0.00    0.00    0.00    0.00    0.00    0.00  100.00
00:17:39      31    0.00    0.00    0.00    0.00    0.00    0.00    0.00    0.00    0.00  100.00

00:17:39     CPU    %usr   %nice    %sys %iowait    %irq   %soft  %steal  %guest  %gnice   %idle
00:17:40     all    3.10    0.00    0.03    0.00    0.00    0.00    0.00    0.00    0.00   96.87
00:17:40       0    0.00    0.00    0.00    0.00    0.00    0.00    0.00    0.00    0.00  100.00
00:17:40       1    0.00    0.00    0.00    0.00    0.00    0.00    0.00    0.00    0.00  100.00
00:17:40       2  100.00    0.00    0.00    0.00    0.00    0.00    0.00    0.00    0.00    0.00
00:17:40       3    0.00    0.00    0.00    0.00    0.00    0.00    0.00    0.00    0.00  100.00
00:17:40       4    0.00    0.00    0.00    0.00    0.00    0.00    0.00    0.00    0.00  100.00
00:17:40       5    0.00    0.00    0.00    0.00    0.00    0.00    0.00    0.00    0.00  100.00
00:17:40       6    0.00    0.00    0.00    0.00    0.00    0.00    0.00    0.00    0.00  100.00
00:17:40       7    0.00    0.00    0.00    0.00    0.00    0.00    0.00    0.00    0.00  100.00
00:17:40       8    0.00    0.00    0.00    0.00    0.00    0.00    0.00    0.00    0.00  100.00
00:17:40       9    0.00    0.00    0.00    0.00    0.00    0.00    0.00    0.00    0.00  100.00
00:17:40      10    0.00    0.00    1.00    0.00    0.00    0.00    0.00    0.00    0.00   99.00
00:17:40      11    0.00    0.00    0.00    0.00    0.00    0.00    0.00    0.00    0.00  100.00
00:17:40      12    0.00    0.00    0.00    0.00    0.00    0.00    0.00    0.00    0.00  100.00
00:17:40      13    0.00    0.00    0.00    0.00    0.00    0.00    0.00    0.00    0.00  100.00
00:17:40      14    0.00    0.00    0.00    0.00    0.00    0.00    0.00    0.00    0.00  100.00
00:17:40      15    0.00    0.00    0.00    0.00    0.00    0.00    0.00    0.00    0.00  100.00
00:17:40      16    0.00    0.00    0.00    0.00    0.00    0.00    0.00    0.00    0.00  100.00
00:17:40      17    0.00    0.00    0.00    0.00    0.00    0.00    0.00    0.00    0.00  100.00
00:17:40      18    0.00    0.00    0.00    0.00    0.00    0.00    0.00    0.00    0.00  100.00
00:17:40      19    0.00    0.00    0.00    0.00    0.00    0.00    0.00    0.00    0.00  100.00
00:17:40      20    0.00    0.00    0.00    0.00    0.00    0.00    0.00    0.00    0.00  100.00
00:17:40      21    0.00    0.00    0.00    0.00    0.00    0.00    0.00    0.00    0.00  100.00
00:17:40      22    0.00    0.00    0.00    0.00    0.00    0.00    0.00    0.00    0.00  100.00
00:17:40      23    0.00    0.00    0.00    0.00    0.00    0.00    0.00    0.00    0.00  100.00
00:17:40      24    0.00    0.00    0.00    0.00    0.00    0.00    0.00    0.00    0.00  100.00
00:17:40      25    0.00    0.00    0.00    0.00    0.00    0.00    0.00    0.00    0.00  100.00
00:17:40      26    0.00    0.00    0.00    0.00    0.00    0.00    0.00    0.00    0.00  100.00
00:17:40      27    0.00    0.00    0.00    0.00    0.00    0.00    0.00    0.00    0.00  100.00
00:17:40      28    0.00    0.00    0.00    0.00    0.00    0.00    0.00    0.00    0.00  100.00
00:17:40      29    0.00    0.00    0.00    0.00    0.00    0.00    0.00    0.00    0.00  100.00
00:17:40      30    0.00    0.00    0.00    0.00    0.00    0.00    0.00    0.00    0.00  100.00
00:17:40      31    0.00    0.00    0.00    0.00    0.00    0.00    0.00    0.00    0.00  100.00

00:17:40     CPU    %usr   %nice    %sys %iowait    %irq   %soft  %steal  %guest  %gnice   %idle
00:17:41     all    3.07    0.00    0.06    0.00    0.00    0.00    0.00    0.00    0.00   96.87
00:17:41       0    0.00    0.00    0.00    0.00    0.00    0.00    0.00    0.00    0.00  100.00
00:17:41       1    0.00    0.00    0.00    0.00    0.00    0.00    0.00    0.00    0.00  100.00
00:17:41       2   98.00    0.00    2.00    0.00    0.00    0.00    0.00    0.00    0.00    0.00
00:17:41       3    0.00    0.00    0.00    0.00    0.00    0.00    0.00    0.00    0.00  100.00
00:17:41       4    0.00    0.00    0.00    0.00    0.00    0.00    0.00    0.00    0.00  100.00
00:17:41       5    0.00    0.00    0.00    0.00    0.00    0.00    0.00    0.00    0.00  100.00
00:17:41       6    0.00    0.00    0.00    0.00    0.00    0.00    0.00    0.00    0.00  100.00
00:17:41       7    0.00    0.00    0.00    0.00    0.00    0.00    0.00    0.00    0.00  100.00
00:17:41       8    0.00    0.00    0.00    0.00    0.00    0.00    0.00    0.00    0.00  100.00
00:17:41       9    0.00    0.00    0.00    0.00    0.00    0.00    0.00    0.00    0.00  100.00
00:17:41      10    0.00    0.00    0.00    0.00    0.00    0.00    0.00    0.00    0.00  100.00
00:17:41      11    0.00    0.00    0.00    0.00    0.00    0.00    0.00    0.00    0.00  100.00
00:17:41      12    0.00    0.00    0.00    0.00    0.00    0.00    0.00    0.00    0.00  100.00
00:17:41      13    0.00    0.00    0.00    0.00    0.00    0.00    0.00    0.00    0.00  100.00
00:17:41      14    0.00    0.00    0.00    0.00    0.00    0.00    0.00    0.00    0.00  100.00
00:17:41      15    0.00    0.00    0.00    0.00    0.00    0.00    0.00    0.00    0.00  100.00
00:17:41      16    0.00    0.00    0.00    0.00    0.00    0.00    0.00    0.00    0.00  100.00
00:17:41      17    0.00    0.00    0.00    0.00    0.00    0.00    0.00    0.00    0.00  100.00
00:17:41      18    0.00    0.00    0.00    0.00    0.00    0.00    0.00    0.00    0.00  100.00
00:17:41      19    0.00    0.00    0.00    0.00    0.00    0.00    0.00    0.00    0.00  100.00
00:17:41      20    0.00    0.00    0.00    0.00    0.00    0.00    0.00    0.00    0.00  100.00
00:17:41      21    0.00    0.00    0.00    0.00    0.00    0.00    0.00    0.00    0.00  100.00
00:17:41      22    0.00    0.00    0.00    0.00    0.00    0.00    0.00    0.00    0.00  100.00
00:17:41      23    0.00    0.00    0.00    0.00    0.00    0.00    0.00    0.00    0.00  100.00
00:17:41      24    0.00    0.00    0.00    0.00    0.00    0.00    0.00    0.00    0.00  100.00
00:17:41      25    0.00    0.00    0.00    0.00    0.00    0.00    0.00    0.00    0.00  100.00
00:17:41      26    0.00    0.00    0.00    0.00    0.00    0.00    0.00    0.00    0.00  100.00
00:17:41      27    0.00    0.00    0.00    0.00    0.00    0.00    0.00    0.00    0.00  100.00
00:17:41      28    0.00    0.00    0.00    0.00    0.00    0.00    0.00    0.00    0.00  100.00
00:17:41      29    0.00    0.00    0.00    0.00    0.00    0.00    0.00    0.00    0.00  100.00
00:17:41      30    0.00    0.00    0.00    0.00    0.00    0.00    0.00    0.00    0.00  100.00
00:17:41      31    0.00    0.00    0.00    0.00    0.00    0.00    0.00    0.00    0.00  100.00

00:17:41     CPU    %usr   %nice    %sys %iowait    %irq   %soft  %steal  %guest  %gnice   %idle
00:17:42     all    3.12    0.00    0.06    0.00    0.00    0.00    0.00    0.00    0.00   96.81
00:17:42       0    0.00    0.00    0.00    0.00    0.00    0.00    0.00    0.00    0.00  100.00
00:17:42       1    0.00    0.00    0.00    0.00    0.00    0.00    0.00    0.00    0.00  100.00
00:17:42       2   99.01    0.00    0.99    0.00    0.00    0.00    0.00    0.00    0.00    0.00
00:17:42       3    0.00    0.00    0.00    0.00    0.00    0.00    0.00    0.00    0.00  100.00
00:17:42       4    0.00    0.00    0.00    0.00    0.00    0.00    0.00    0.00    0.00  100.00
00:17:42       5    0.00    0.00    0.00    0.00    0.00    0.00    0.00    0.00    0.00  100.00
00:17:42       6    0.00    0.00    0.00    0.00    0.00    0.00    0.00    0.00    0.00  100.00
00:17:42       7    0.00    0.00    0.00    0.00    0.00    0.00    0.00    0.00    0.00  100.00
00:17:42       8    0.00    0.00    0.00    0.00    0.00    0.00    0.00    0.00    0.00  100.00
00:17:42       9    0.00    0.00    0.00    0.00    0.00    0.00    0.00    0.00    0.00  100.00
00:17:42      10    0.00    0.00    0.00    0.00    0.00    0.00    0.00    0.00    0.00  100.00
00:17:42      11    0.00    0.00    0.00    0.00    0.00    0.00    0.00    0.00    0.00  100.00
00:17:42      12    0.00    0.00    0.00    0.00    0.00    0.00    0.00    0.00    0.00  100.00
00:17:42      13    0.00    0.00    0.00    0.00    0.00    0.00    0.00    0.00    0.00  100.00
00:17:42      14    0.00    0.00    0.00    0.00    0.00    0.00    0.00    0.00    0.00  100.00
00:17:42      15    0.00    0.00    0.00    0.00    0.00    0.00    0.00    0.00    0.00  100.00
00:17:42      16    0.00    0.00    0.00    0.00    0.00    0.00    0.00    0.00    0.00  100.00
00:17:42      17    0.00    0.00    0.00    0.00    0.00    0.00    0.00    0.00    0.00  100.00
00:17:42      18    0.00    0.00    0.00    0.00    0.00    0.00    0.00    0.00    0.00  100.00
00:17:42      19    0.00    0.00    0.00    0.00    0.00    0.00    0.00    0.00    0.00  100.00
00:17:42      20    0.00    0.00    0.00    0.00    0.00    0.00    0.00    0.00    0.00  100.00
00:17:42      21    0.00    0.00    1.00    0.00    0.00    0.00    0.00    0.00    0.00   99.00
00:17:42      22    0.00    0.00    0.00    0.00    0.00    0.00    0.00    0.00    0.00  100.00
00:17:42      23    0.00    0.00    0.00    0.00    0.00    0.00    0.00    0.00    0.00  100.00
00:17:42      24    0.00    0.00    0.00    0.00    0.00    0.00    0.00    0.00    0.00  100.00
00:17:42      25    0.00    0.00    0.00    0.00    0.00    0.00    0.00    0.00    0.00  100.00
00:17:42      26    0.00    0.00    0.00    0.00    0.00    0.00    0.00    0.00    0.00  100.00
00:17:42      27    0.00    0.00    0.00    0.00    0.00    0.00    0.00    0.00    0.00  100.00
00:17:42      28    0.00    0.00    0.00    0.00    0.00    0.00    0.00    0.00    0.00  100.00
00:17:42      29    0.00    0.00    0.00    0.00    0.00    0.00    0.00    0.00    0.00  100.00
00:17:42      30    0.00    0.00    0.00    0.00    0.00    0.00    0.00    0.00    0.00  100.00
00:17:42      31    0.00    0.00    0.00    0.00    0.00    0.00    0.00    0.00    0.00  100.00

00:17:42     CPU    %usr   %nice    %sys %iowait    %irq   %soft  %steal  %guest  %gnice   %idle
00:17:43     all    3.09    0.00    0.00    0.00    0.00    0.00    0.00    0.00    0.00   96.91
00:17:43       0    0.00    0.00    0.00    0.00    0.00    0.00    0.00    0.00    0.00  100.00
00:17:43       1    0.00    0.00    0.00    0.00    0.00    0.00    0.00    0.00    0.00  100.00
00:17:43       2  100.00    0.00    0.00    0.00    0.00    0.00    0.00    0.00    0.00    0.00
00:17:43       3    0.00    0.00    0.00    0.00    0.00    0.00    0.00    0.00    0.00  100.00
00:17:43       4    0.00    0.00    0.00    0.00    0.00    0.00    0.00    0.00    0.00  100.00
00:17:43       5    0.00    0.00    0.00    0.00    0.00    0.00    0.00    0.00    0.00  100.00
00:17:43       6    0.00    0.00    0.00    0.00    0.00    0.00    0.00    0.00    0.00  100.00
00:17:43       7    0.00    0.00    0.00    0.00    0.00    0.00    0.00    0.00    0.00  100.00
00:17:43       8    0.00    0.00    0.00    0.00    0.00    0.00    0.00    0.00    0.00  100.00
00:17:43       9    0.00    0.00    0.00    0.00    0.00    0.00    0.00    0.00    0.00  100.00
00:17:43      10    0.00    0.00    0.00    0.00    0.00    0.00    0.00    0.00    0.00  100.00
00:17:43      11    0.00    0.00    0.00    0.00    0.00    0.00    0.00    0.00    0.00  100.00
00:17:43      12    0.00    0.00    0.00    0.00    0.00    0.00    0.00    0.00    0.00  100.00
00:17:43      13    0.00    0.00    0.00    0.00    0.00    0.00    0.00    0.00    0.00  100.00
00:17:43      14    0.00    0.00    0.00    0.00    0.00    0.00    0.00    0.00    0.00  100.00
00:17:43      15    0.00    0.00    0.00    0.00    0.00    0.00    0.00    0.00    0.00  100.00
00:17:43      16    0.00    0.00    0.00    0.00    0.00    0.00    0.00    0.00    0.00  100.00
00:17:43      17    0.00    0.00    0.00    0.00    0.00    0.00    0.00    0.00    0.00  100.00
00:17:43      18    0.00    0.00    0.00    0.00    0.00    0.00    0.00    0.00    0.00  100.00
00:17:43      19    0.00    0.00    0.00    0.00    0.00    0.00    0.00    0.00    0.00  100.00
00:17:43      20    0.00    0.00    0.00    0.00    0.00    0.00    0.00    0.00    0.00  100.00
00:17:43      21    0.00    0.00    0.00    0.00    0.00    0.00    0.00    0.00    0.00  100.00
00:17:43      22    0.00    0.00    0.00    0.00    0.00    0.00    0.00    0.00    0.00  100.00
00:17:43      23    0.00    0.00    0.00    0.00    0.00    0.00    0.00    0.00    0.00  100.00
00:17:43      24    0.00    0.00    0.00    0.00    0.00    0.00    0.00    0.00    0.00  100.00
00:17:43      25    0.00    0.00    0.00    0.00    0.00    0.00    0.00    0.00    0.00  100.00
00:17:43      26    0.00    0.00    0.00    0.00    0.00    0.00    0.00    0.00    0.00  100.00
00:17:43      27    0.00    0.00    0.00    0.00    0.00    0.00    0.00    0.00    0.00  100.00
00:17:43      28    0.00    0.00    0.00    0.00    0.00    0.00    0.00    0.00    0.00  100.00
00:17:43      29    0.00    0.00    0.00    0.00    0.00    0.00    0.00    0.00    0.00  100.00
00:17:43      30    0.00    0.00    0.00    0.00    0.00    0.00    0.00    0.00    0.00  100.00
00:17:43      31    0.00    0.00    0.00    0.00    0.00    0.00    0.00    0.00    0.00  100.00

00:17:43     CPU    %usr   %nice    %sys %iowait    %irq   %soft  %steal  %guest  %gnice   %idle
00:17:44     all    3.09    0.00    0.06    0.00    0.00    0.00    0.00    0.00    0.00   96.84
00:17:44       0    0.00    0.00    0.00    0.00    0.00    0.00    0.00    0.00    0.00  100.00
00:17:44       1    0.00    0.00    0.00    0.00    0.00    0.00    0.00    0.00    0.00  100.00
00:17:44       2   98.02    0.00    1.98    0.00    0.00    0.00    0.00    0.00    0.00    0.00
00:17:44       3    0.00    0.00    0.00    0.00    0.00    0.00    0.00    0.00    0.00  100.00
00:17:44       4    0.00    0.00    0.00    0.00    0.00    0.00    0.00    0.00    0.00  100.00
00:17:44       5    0.00    0.00    0.00    0.00    0.00    0.00    0.00    0.00    0.00  100.00
00:17:44       6    0.00    0.00    0.00    0.00    0.00    0.00    0.00    0.00    0.00  100.00
00:17:44       7    0.00    0.00    0.00    0.00    0.00    0.00    0.00    0.00    0.00  100.00
00:17:44       8    0.00    0.00    0.00    0.00    0.00    0.00    0.00    0.00    0.00  100.00
00:17:44       9    0.00    0.00    0.00    0.00    0.00    0.00    0.00    0.00    0.00  100.00
00:17:44      10    0.00    0.00    0.00    0.00    0.00    0.00    0.00    0.00    0.00  100.00
00:17:44      11    0.00    0.00    0.00    0.00    0.00    0.00    0.00    0.00    0.00  100.00
00:17:44      12    0.00    0.00    0.00    0.00    0.00    0.00    0.00    0.00    0.00  100.00
00:17:44      13    0.00    0.00    0.00    0.00    0.00    0.00    0.00    0.00    0.00  100.00
00:17:44      14    0.00    0.00    0.00    0.00    0.00    0.00    0.00    0.00    0.00  100.00
00:17:44      15    0.00    0.00    0.00    0.00    0.00    0.00    0.00    0.00    0.00  100.00
00:17:44      16    0.00    0.00    0.00    0.00    0.00    0.00    0.00    0.00    0.00  100.00
00:17:44      17    0.00    0.00    0.00    0.00    0.00    0.00    0.00    0.00    0.00  100.00
00:17:44      18    0.00    0.00    0.00    0.00    0.00    0.00    0.00    0.00    0.00  100.00
00:17:44      19    0.00    0.00    0.00    0.00    0.00    0.00    0.00    0.00    0.00  100.00
00:17:44      20    0.00    0.00    0.00    0.00    0.00    0.00    0.00    0.00    0.00  100.00
00:17:44      21    0.00    0.00    0.00    0.00    0.00    0.00    0.00    0.00    0.00  100.00
00:17:44      22    0.00    0.00    0.00    0.00    0.00    0.00    0.00    0.00    0.00  100.00
00:17:44      23    0.00    0.00    0.00    0.00    0.00    0.00    0.00    0.00    0.00  100.00
00:17:44      24    0.00    0.00    0.00    0.00    0.00    0.00    0.00    0.00    0.00  100.00
00:17:44      25    0.00    0.00    0.00    0.00    0.00    0.00    0.00    0.00    0.00  100.00
00:17:44      26    0.00    0.00    0.00    0.00    0.00    0.00    0.00    0.00    0.00  100.00
00:17:44      27    0.00    0.00    0.00    0.00    0.00    0.00    0.00    0.00    0.00  100.00
00:17:44      28    0.00    0.00    0.00    0.00    0.00    0.00    0.00    0.00    0.00  100.00
00:17:44      29    0.00    0.00    0.00    0.00    0.00    0.00    0.00    0.00    0.00  100.00
00:17:44      30    0.00    0.00    0.00    0.00    0.00    0.00    0.00    0.00    0.00  100.00
00:17:44      31    0.00    0.00    0.00    0.00    0.00    0.00    0.00    0.00    0.00  100.00

00:17:44     CPU    %usr   %nice    %sys %iowait    %irq   %soft  %steal  %guest  %gnice   %idle
00:17:45     all    3.10    0.00    0.03    0.00    0.00    0.00    0.00    0.00    0.00   96.87
00:17:45       0    0.00    0.00    0.00    0.00    0.00    0.00    0.00    0.00    0.00  100.00
00:17:45       1    0.00    0.00    0.00    0.00    0.00    0.00    0.00    0.00    0.00  100.00
00:17:45       2  100.00    0.00    0.00    0.00    0.00    0.00    0.00    0.00    0.00    0.00
00:17:45       3    0.00    0.00    0.00    0.00    0.00    0.00    0.00    0.00    0.00  100.00
00:17:45       4    0.00    0.00    0.00    0.00    0.00    0.00    0.00    0.00    0.00  100.00
00:17:45       5    0.00    0.00    0.00    0.00    0.00    0.00    0.00    0.00    0.00  100.00
00:17:45       6    0.00    0.00    0.00    0.00    0.00    0.00    0.00    0.00    0.00  100.00
00:17:45       7    0.00    0.00    0.00    0.00    0.00    0.00    0.00    0.00    0.00  100.00
00:17:45       8    0.00    0.00    0.00    0.00    0.00    0.00    0.00    0.00    0.00  100.00
00:17:45       9    0.00    0.00    0.99    0.00    0.00    0.00    0.00    0.00    0.00   99.01
00:17:45      10    0.00    0.00    0.00    0.00    0.00    0.00    0.00    0.00    0.00  100.00
00:17:45      11    0.00    0.00    0.00    0.00    0.00    0.00    0.00    0.00    0.00  100.00
00:17:45      12    0.00    0.00    0.00    0.00    0.00    0.00    0.00    0.00    0.00  100.00
00:17:45      13    0.00    0.00    0.00    0.00    0.00    0.00    0.00    0.00    0.00  100.00
00:17:45      14    0.00    0.00    0.00    0.00    0.00    0.00    0.00    0.00    0.00  100.00
00:17:45      15    0.00    0.00    0.00    0.00    0.00    0.00    0.00    0.00    0.00  100.00
00:17:45      16    0.00    0.00    0.00    0.00    0.00    0.00    0.00    0.00    0.00  100.00
00:17:45      17    0.00    0.00    0.00    0.00    0.00    0.00    0.00    0.00    0.00  100.00
00:17:45      18    0.00    0.00    0.00    0.00    0.00    0.00    0.00    0.00    0.00  100.00
00:17:45      19    0.00    0.00    0.00    0.00    0.00    0.00    0.00    0.00    0.00  100.00
00:17:45      20    0.00    0.00    0.00    0.00    0.00    0.00    0.00    0.00    0.00  100.00
00:17:45      21    0.00    0.00    0.00    0.00    0.00    0.00    0.00    0.00    0.00  100.00
00:17:45      22    0.00    0.00    0.00    0.00    0.00    0.00    0.00    0.00    0.00  100.00
00:17:45      23    0.00    0.00    0.00    0.00    0.00    0.00    0.00    0.00    0.00  100.00
00:17:45      24    0.00    0.00    0.00    0.00    0.00    0.00    0.00    0.00    0.00  100.00
00:17:45      25    0.00    0.00    0.00    0.00    0.00    0.00    0.00    0.00    0.00  100.00
00:17:45      26    0.00    0.00    0.00    0.00    0.00    0.00    0.00    0.00    0.00  100.00
00:17:45      27    0.00    0.00    0.00    0.00    0.00    0.00    0.00    0.00    0.00  100.00
00:17:45      28    0.00    0.00    0.00    0.00    0.00    0.00    0.00    0.00    0.00  100.00
00:17:45      29    0.00    0.00    0.00    0.00    0.00    0.00    0.00    0.00    0.00  100.00
00:17:45      30    0.00    0.00    0.00    0.00    0.00    0.00    0.00    0.00    0.00  100.00
00:17:45      31    0.00    0.00    0.00    0.00    0.00    0.00    0.00    0.00    0.00  100.00

00:17:45     CPU    %usr   %nice    %sys %iowait    %irq   %soft  %steal  %guest  %gnice   %idle
00:17:46     all    3.06    0.00    0.12    0.00    0.00    0.00    0.00    0.00    0.00   96.81
00:17:46       0    0.00    0.00    0.00    0.00    0.00    0.00    0.00    0.00    0.00  100.00
00:17:46       1    0.00    0.00    0.00    0.00    0.00    0.00    0.00    0.00    0.00  100.00
00:17:46       2   98.00    0.00    2.00    0.00    0.00    0.00    0.00    0.00    0.00    0.00
00:17:46       3    0.00    0.00    0.00    0.00    0.00    0.00    0.00    0.00    0.00  100.00
00:17:46       4    0.00    0.00    0.00    0.00    0.00    0.00    0.00    0.00    0.00  100.00
00:17:46       5    0.00    0.00    0.00    0.00    0.00    0.00    0.00    0.00    0.00  100.00
00:17:46       6    0.00    0.00    0.00    0.00    0.00    0.00    0.00    0.00    0.00  100.00
00:17:46       7    0.00    0.00    0.00    0.00    0.00    0.00    0.00    0.00    0.00  100.00
00:17:46       8    0.00    0.00    0.00    0.00    0.00    0.00    0.00    0.00    0.00  100.00
00:17:46       9    0.00    0.00    0.00    0.00    0.00    0.00    0.00    0.00    0.00  100.00
00:17:46      10    0.00    0.00    0.00    0.00    0.00    0.00    0.00    0.00    0.00  100.00
00:17:46      11    0.00    0.00    1.00    0.00    0.00    0.00    0.00    0.00    0.00   99.00
00:17:46      12    0.00    0.00    0.00    0.00    0.00    0.00    0.00    0.00    0.00  100.00
00:17:46      13    0.00    0.00    0.00    0.00    0.00    0.00    0.00    0.00    0.00  100.00
00:17:46      14    0.00    0.00    0.00    0.00    0.00    0.00    0.00    0.00    0.00  100.00
00:17:46      15    0.00    0.00    0.00    0.00    0.00    0.00    0.00    0.00    0.00  100.00
00:17:46      16    0.00    0.00    0.00    0.00    0.00    0.00    0.00    0.00    0.00  100.00
00:17:46      17    0.00    0.00    0.00    0.00    0.00    0.00    0.00    0.00    0.00  100.00
00:17:46      18    0.00    0.00    0.00    0.00    0.00    0.00    0.00    0.00    0.00  100.00
00:17:46      19    0.00    0.00    0.00    0.00    0.00    0.00    0.00    0.00    0.00  100.00
00:17:46      20    0.00    0.00    0.00    0.00    0.00    0.00    0.00    0.00    0.00  100.00
00:17:46      21    0.00    0.00    0.99    0.00    0.00    0.00    0.00    0.00    0.00   99.01
00:17:46      22    0.00    0.00    0.00    0.00    0.00    0.00    0.00    0.00    0.00  100.00
00:17:46      23    0.00    0.00    0.00    0.00    0.00    0.00    0.00    0.00    0.00  100.00
00:17:46      24    0.00    0.00    0.00    0.00    0.00    0.00    0.00    0.00    0.00  100.00
00:17:46      25    0.00    0.00    0.00    0.00    0.00    0.00    0.00    0.00    0.00  100.00
00:17:46      26    0.00    0.00    0.00    0.00    0.00    0.00    0.00    0.00    0.00  100.00
00:17:46      27    0.00    0.00    0.00    0.00    0.00    0.00    0.00    0.00    0.00  100.00
00:17:46      28    0.00    0.00    0.00    0.00    0.00    0.00    0.00    0.00    0.00  100.00
00:17:46      29    0.00    0.00    0.00    0.00    0.00    0.00    0.00    0.00    0.00  100.00
00:17:46      30    0.00    0.00    0.00    0.00    0.00    0.00    0.00    0.00    0.00  100.00
00:17:46      31    0.00    0.00    0.00    0.00    0.00    0.00    0.00    0.00    0.00  100.00

00:17:46     CPU    %usr   %nice    %sys %iowait    %irq   %soft  %steal  %guest  %gnice   %idle
00:17:47     all    3.12    0.00    0.09    0.00    0.00    0.03    0.00    0.00    0.00   96.75
00:17:47       0    0.00    0.00    0.00    0.00    0.00    0.99    0.00    0.00    0.00   99.01
00:17:47       1    0.00    0.00    0.00    0.00    0.00    0.00    0.00    0.00    0.00  100.00
00:17:47       2   99.00    0.00    1.00    0.00    0.00    0.00    0.00    0.00    0.00    0.00
00:17:47       3    0.00    0.00    0.00    0.00    0.00    0.00    0.00    0.00    0.00  100.00
00:17:47       4    0.00    0.00    0.00    0.00    0.00    0.00    0.00    0.00    0.00  100.00
00:17:47       5    0.00    0.00    0.00    0.00    0.00    0.00    0.00    0.00    0.00  100.00
00:17:47       6    0.00    0.00    0.00    0.00    0.00    0.00    0.00    0.00    0.00  100.00
00:17:47       7    0.00    0.00    0.00    0.00    0.00    0.00    0.00    0.00    0.00  100.00
00:17:47       8    0.00    0.00    0.00    0.00    0.00    0.00    0.00    0.00    0.00  100.00
00:17:47       9    0.00    0.00    0.00    0.00    0.00    0.00    0.00    0.00    0.00  100.00
00:17:47      10    0.00    0.00    0.00    0.00    0.00    0.00    0.00    0.00    0.00  100.00
00:17:47      11    0.00    0.00    0.00    0.00    0.00    0.00    0.00    0.00    0.00  100.00
00:17:47      12    0.00    0.00    0.00    0.00    0.00    0.00    0.00    0.00    0.00  100.00
00:17:47      13    0.00    0.00    0.00    0.00    0.00    0.00    0.00    0.00    0.00  100.00
00:17:47      14    0.00    0.00    0.00    0.00    0.00    0.00    0.00    0.00    0.00  100.00
00:17:47      15    0.00    0.00    0.00    0.00    0.00    0.00    0.00    0.00    0.00  100.00
00:17:47      16    0.00    0.00    0.00    0.00    0.00    0.00    0.00    0.00    0.00  100.00
00:17:47      17    0.00    0.00    0.00    0.00    0.00    0.00    0.00    0.00    0.00  100.00
00:17:47      18    0.00    0.00    0.00    0.00    0.00    0.00    0.00    0.00    0.00  100.00
00:17:47      19    0.00    0.00    0.00    0.00    0.00    0.00    0.00    0.00    0.00  100.00
00:17:47      20    0.00    0.00    0.00    0.00    0.00    0.00    0.00    0.00    0.00  100.00
00:17:47      21    0.98    0.00    1.96    0.00    0.00    0.00    0.00    0.00    0.00   97.06
00:17:47      22    0.00    0.00    0.00    0.00    0.00    0.00    0.00    0.00    0.00  100.00
00:17:47      23    0.00    0.00    0.00    0.00    0.00    0.00    0.00    0.00    0.00  100.00
00:17:47      24    0.00    0.00    0.00    0.00    0.00    0.00    0.00    0.00    0.00  100.00
00:17:47      25    0.00    0.00    0.00    0.00    0.00    0.00    0.00    0.00    0.00  100.00
00:17:47      26    0.00    0.00    0.00    0.00    0.00    0.00    0.00    0.00    0.00  100.00
00:17:47      27    0.00    0.00    0.00    0.00    0.00    0.00    0.00    0.00    0.00  100.00
00:17:47      28    0.00    0.00    0.00    0.00    0.00    0.00    0.00    0.00    0.00  100.00
00:17:47      29    0.00    0.00    0.00    0.00    0.00    0.00    0.00    0.00    0.00  100.00
00:17:47      30    0.00    0.00    0.00    0.00    0.00    0.00    0.00    0.00    0.00  100.00
00:17:47      31    0.00    0.00    0.00    0.00    0.00    0.00    0.00    0.00    0.00  100.00

00:17:47     CPU    %usr   %nice    %sys %iowait    %irq   %soft  %steal  %guest  %gnice   %idle
00:17:48     all    3.09    0.00    0.12    0.00    0.00    0.00    0.00    0.00    0.00   96.78
00:17:48       0    0.00    0.00    0.00    0.00    0.00    0.00    0.00    0.00    0.00  100.00
00:17:48       1    0.00    0.00    0.00    0.00    0.00    0.00    0.00    0.00    0.00  100.00
00:17:48       2   98.02    0.00    1.98    0.00    0.00    0.00    0.00    0.00    0.00    0.00
00:17:48       3    0.00    0.00    0.00    0.00    0.00    0.00    0.00    0.00    0.00  100.00
00:17:48       4    0.00    0.00    0.00    0.00    0.00    0.00    0.00    0.00    0.00  100.00
00:17:48       5    0.00    0.00    0.00    0.00    0.00    0.00    0.00    0.00    0.00  100.00
00:17:48       6    0.00    0.00    0.00    0.00    0.00    0.00    0.00    0.00    0.00  100.00
00:17:48       7    0.00    0.00    0.00    0.00    0.00    0.00    0.00    0.00    0.00  100.00
00:17:48       8    0.00    0.00    0.00    0.00    0.00    0.00    0.00    0.00    0.00  100.00
00:17:48       9    0.00    0.00    0.00    0.00    0.00    0.00    0.00    0.00    0.00  100.00
00:17:48      10    0.00    0.00    0.00    0.00    0.00    0.00    0.00    0.00    0.00  100.00
00:17:48      11    0.00    0.00    0.00    0.00    0.00    0.00    0.00    0.00    0.00  100.00
00:17:48      12    0.00    0.00    0.00    0.00    0.00    0.00    0.00    0.00    0.00  100.00
00:17:48      13    0.00    0.00    0.00    0.00    0.00    0.00    0.00    0.00    0.00  100.00
00:17:48      14    0.00    0.00    0.00    0.00    0.00    0.00    0.00    0.00    0.00  100.00
00:17:48      15    0.00    0.00    0.00    0.00    0.00    0.00    0.00    0.00    0.00  100.00
00:17:48      16    0.00    0.00    0.00    0.00    0.00    0.00    0.00    0.00    0.00  100.00
00:17:48      17    0.00    0.00    0.00    0.00    0.00    0.00    0.00    0.00    0.00  100.00
00:17:48      18    0.00    0.00    0.00    0.00    0.00    0.00    0.00    0.00    0.00  100.00
00:17:48      19    0.00    0.00    0.00    0.00    0.00    0.00    0.00    0.00    0.00  100.00
00:17:48      20    0.00    0.00    0.00    0.00    0.00    0.00    0.00    0.00    0.00  100.00
00:17:48      21    0.00    0.00    1.00    0.00    0.00    0.00    0.00    0.00    0.00   99.00
00:17:48      22    0.00    0.00    0.00    0.00    0.00    0.00    0.00    0.00    0.00  100.00
00:17:48      23    0.00    0.00    0.99    0.00    0.00    0.00    0.00    0.00    0.00   99.01
00:17:48      24    0.00    0.00    0.00    0.00    0.00    0.00    0.00    0.00    0.00  100.00
00:17:48      25    0.00    0.00    0.00    0.00    0.00    0.00    0.00    0.00    0.00  100.00
00:17:48      26    0.00    0.00    0.00    0.00    0.00    0.00    0.00    0.00    0.00  100.00
00:17:48      27    0.00    0.00    0.00    0.00    0.00    0.00    0.00    0.00    0.00  100.00
00:17:48      28    0.00    0.00    0.00    0.00    0.00    0.00    0.00    0.00    0.00  100.00
00:17:48      29    0.00    0.00    0.00    0.00    0.00    0.00    0.00    0.00    0.00  100.00
00:17:48      30    0.00    0.00    0.00    0.00    0.00    0.00    0.00    0.00    0.00  100.00
00:17:48      31    0.00    0.00    0.00    0.00    0.00    0.00    0.00    0.00    0.00  100.00

00:17:48     CPU    %usr   %nice    %sys %iowait    %irq   %soft  %steal  %guest  %gnice   %idle
00:17:49     all    3.10    0.00    0.03    0.00    0.00    0.00    0.00    0.00    0.00   96.87
00:17:49       0    0.00    0.00    0.00    0.00    0.00    0.00    0.00    0.00    0.00  100.00
00:17:49       1    0.00    0.00    0.00    0.00    0.00    0.00    0.00    0.00    0.00  100.00
00:17:49       2   99.00    0.00    1.00    0.00    0.00    0.00    0.00    0.00    0.00    0.00
00:17:49       3    0.00    0.00    0.00    0.00    0.00    0.00    0.00    0.00    0.00  100.00
00:17:49       4    0.00    0.00    0.00    0.00    0.00    0.00    0.00    0.00    0.00  100.00
00:17:49       5    0.00    0.00    0.00    0.00    0.00    0.00    0.00    0.00    0.00  100.00
00:17:49       6    0.00    0.00    0.00    0.00    0.00    0.00    0.00    0.00    0.00  100.00
00:17:49       7    0.00    0.00    0.00    0.00    0.00    0.00    0.00    0.00    0.00  100.00
00:17:49       8    0.00    0.00    0.00    0.00    0.00    0.00    0.00    0.00    0.00  100.00
00:17:49       9    0.00    0.00    0.00    0.00    0.00    0.00    0.00    0.00    0.00  100.00
00:17:49      10    0.00    0.00    0.00    0.00    0.00    0.00    0.00    0.00    0.00  100.00
00:17:49      11    0.00    0.00    0.00    0.00    0.00    0.00    0.00    0.00    0.00  100.00
00:17:49      12    0.00    0.00    0.00    0.00    0.00    0.00    0.00    0.00    0.00  100.00
00:17:49      13    0.00    0.00    0.00    0.00    0.00    0.00    0.00    0.00    0.00  100.00
00:17:49      14    0.00    0.00    0.00    0.00    0.00    0.00    0.00    0.00    0.00  100.00
00:17:49      15    0.00    0.00    0.00    0.00    0.00    0.00    0.00    0.00    0.00  100.00
00:17:49      16    0.00    0.00    0.00    0.00    0.00    0.00    0.00    0.00    0.00  100.00
00:17:49      17    0.00    0.00    0.00    0.00    0.00    0.00    0.00    0.00    0.00  100.00
00:17:49      18    0.00    0.00    0.00    0.00    0.00    0.00    0.00    0.00    0.00  100.00
00:17:49      19    0.00    0.00    0.00    0.00    0.00    0.00    0.00    0.00    0.00  100.00
00:17:49      20    0.00    0.00    0.00    0.00    0.00    0.00    0.00    0.00    0.00  100.00
00:17:49      21    0.00    0.00    0.00    0.00    0.00    0.00    0.00    0.00    0.00  100.00
00:17:49      22    0.00    0.00    0.00    0.00    0.00    0.00    0.00    0.00    0.00  100.00
00:17:49      23    0.00    0.00    0.00    0.00    0.00    0.00    0.00    0.00    0.00  100.00
00:17:49      24    0.00    0.00    0.00    0.00    0.00    0.00    0.00    0.00    0.00  100.00
00:17:49      25    0.00    0.00    0.00    0.00    0.00    0.00    0.00    0.00    0.00  100.00
00:17:49      26    0.00    0.00    0.00    0.00    0.00    0.00    0.00    0.00    0.00  100.00
00:17:49      27    0.00    0.00    0.00    0.00    0.00    0.00    0.00    0.00    0.00  100.00
00:17:49      28    0.00    0.00    0.00    0.00    0.00    0.00    0.00    0.00    0.00  100.00
00:17:49      29    0.00    0.00    0.00    0.00    0.00    0.00    0.00    0.00    0.00  100.00
00:17:49      30    0.00    0.00    0.00    0.00    0.00    0.00    0.00    0.00    0.00  100.00
00:17:49      31    0.00    0.00    0.00    0.00    0.00    0.00    0.00    0.00    0.00  100.00

00:17:49     CPU    %usr   %nice    %sys %iowait    %irq   %soft  %steal  %guest  %gnice   %idle
00:17:50     all    3.07    0.00    0.03    0.00    0.00    0.00    0.00    0.00    0.00   96.90
00:17:50       0    0.00    0.00    0.00    0.00    0.00    0.00    0.00    0.00    0.00  100.00
00:17:50       1    0.00    0.00    0.00    0.00    0.00    0.00    0.00    0.00    0.00  100.00
00:17:50       2   98.99    0.00    1.01    0.00    0.00    0.00    0.00    0.00    0.00    0.00
00:17:50       3    0.00    0.00    0.00    0.00    0.00    0.00    0.00    0.00    0.00  100.00
00:17:50       4    0.00    0.00    0.00    0.00    0.00    0.00    0.00    0.00    0.00  100.00
00:17:50       5    0.00    0.00    0.00    0.00    0.00    0.00    0.00    0.00    0.00  100.00
00:17:50       6    0.00    0.00    0.00    0.00    0.00    0.00    0.00    0.00    0.00  100.00
00:17:50       7    0.00    0.00    0.00    0.00    0.00    0.00    0.00    0.00    0.00  100.00
00:17:50       8    0.00    0.00    0.00    0.00    0.00    0.00    0.00    0.00    0.00  100.00
00:17:50       9    0.00    0.00    0.00    0.00    0.00    0.00    0.00    0.00    0.00  100.00
00:17:50      10    0.00    0.00    0.00    0.00    0.00    0.00    0.00    0.00    0.00  100.00
00:17:50      11    0.00    0.00    0.00    0.00    0.00    0.00    0.00    0.00    0.00  100.00
00:17:50      12    0.00    0.00    0.00    0.00    0.00    0.00    0.00    0.00    0.00  100.00
00:17:50      13    0.00    0.00    0.00    0.00    0.00    0.00    0.00    0.00    0.00  100.00
00:17:50      14    0.00    0.00    0.00    0.00    0.00    0.00    0.00    0.00    0.00  100.00
00:17:50      15    0.00    0.00    0.00    0.00    0.00    0.00    0.00    0.00    0.00  100.00
00:17:50      16    0.00    0.00    0.00    0.00    0.00    0.00    0.00    0.00    0.00  100.00
00:17:50      17    0.00    0.00    0.00    0.00    0.00    0.00    0.00    0.00    0.00  100.00
00:17:50      18    0.00    0.00    0.00    0.00    0.00    0.00    0.00    0.00    0.00  100.00
00:17:50      19    0.00    0.00    0.00    0.00    0.00    0.00    0.00    0.00    0.00  100.00
00:17:50      20    0.00    0.00    0.00    0.00    0.00    0.00    0.00    0.00    0.00  100.00
00:17:50      21    0.00    0.00    0.00    0.00    0.00    0.00    0.00    0.00    0.00  100.00
00:17:50      22    0.00    0.00    0.00    0.00    0.00    0.00    0.00    0.00    0.00  100.00
00:17:50      23    0.00    0.00    0.00    0.00    0.00    0.00    0.00    0.00    0.00  100.00
00:17:50      24    0.00    0.00    0.00    0.00    0.00    0.00    0.00    0.00    0.00  100.00
00:17:50      25    0.00    0.00    0.00    0.00    0.00    0.00    0.00    0.00    0.00  100.00
00:17:50      26    0.00    0.00    0.00    0.00    0.00    0.00    0.00    0.00    0.00  100.00
00:17:50      27    0.00    0.00    0.00    0.00    0.00    0.00    0.00    0.00    0.00  100.00
00:17:50      28    0.00    0.00    0.00    0.00    0.00    0.00    0.00    0.00    0.00  100.00
00:17:50      29    0.00    0.00    0.00    0.00    0.00    0.00    0.00    0.00    0.00  100.00
00:17:50      30    0.00    0.00    0.00    0.00    0.00    0.00    0.00    0.00    0.00  100.00
00:17:50      31    0.00    0.00    0.00    0.00    0.00    0.00    0.00    0.00    0.00  100.00

00:17:50     CPU    %usr   %nice    %sys %iowait    %irq   %soft  %steal  %guest  %gnice   %idle
00:17:51     all    3.12    0.00    0.06    0.00    0.00    0.00    0.00    0.00    0.00   96.81
00:17:51       0    0.00    0.00    0.00    0.00    0.00    0.00    0.00    0.00    0.00  100.00
00:17:51       1    0.00    0.00    0.00    0.00    0.00    0.00    0.00    0.00    0.00  100.00
00:17:51       2  100.00    0.00    0.00    0.00    0.00    0.00    0.00    0.00    0.00    0.00
00:17:51       3    0.00    0.00    0.00    0.00    0.00    0.00    0.00    0.00    0.00  100.00
00:17:51       4    0.00    0.00    0.00    0.00    0.00    0.00    0.00    0.00    0.00  100.00
00:17:51       5    0.00    0.00    0.00    0.00    0.00    0.00    0.00    0.00    0.00  100.00
00:17:51       6    0.00    0.00    0.00    0.00    0.00    0.00    0.00    0.00    0.00  100.00
00:17:51       7    0.00    0.00    0.99    0.00    0.00    0.00    0.00    0.00    0.00   99.01
00:17:51       8    0.00    0.00    0.00    0.00    0.00    0.00    0.00    0.00    0.00  100.00
00:17:51       9    0.00    0.00    0.00    0.00    0.00    0.00    0.00    0.00    0.00  100.00
00:17:51      10    0.00    0.00    0.00    0.00    0.00    0.00    0.00    0.00    0.00  100.00
00:17:51      11    0.00    0.00    0.00    0.00    0.00    0.00    0.00    0.00    0.00  100.00
00:17:51      12    0.00    0.00    0.00    0.00    0.00    0.00    0.00    0.00    0.00  100.00
00:17:51      13    0.00    0.00    0.00    0.00    0.00    0.00    0.00    0.00    0.00  100.00
00:17:51      14    0.00    0.00    0.00    0.00    0.00    0.00    0.00    0.00    0.00  100.00
00:17:51      15    0.00    0.00    0.00    0.00    0.00    0.00    0.00    0.00    0.00  100.00
00:17:51      16    0.00    0.00    0.00    0.00    0.00    0.00    0.00    0.00    0.00  100.00
00:17:51      17    0.00    0.00    0.00    0.00    0.00    0.00    0.00    0.00    0.00  100.00
00:17:51      18    0.00    0.00    0.00    0.00    0.00    0.00    0.00    0.00    0.00  100.00
00:17:51      19    0.00    0.00    0.00    0.00    0.00    0.00    0.00    0.00    0.00  100.00
00:17:51      20    0.00    0.00    0.00    0.00    0.00    0.00    0.00    0.00    0.00  100.00
00:17:51      21    0.00    0.00    1.00    0.00    0.00    0.00    0.00    0.00    0.00   99.00
00:17:51      22    0.00    0.00    0.00    0.00    0.00    0.00    0.00    0.00    0.00  100.00
00:17:51      23    0.00    0.00    0.00    0.00    0.00    0.00    0.00    0.00    0.00  100.00
00:17:51      24    0.00    0.00    0.00    0.00    0.00    0.00    0.00    0.00    0.00  100.00
00:17:51      25    0.00    0.00    0.00    0.00    0.00    0.00    0.00    0.00    0.00  100.00
00:17:51      26    0.00    0.00    0.00    0.00    0.00    0.00    0.00    0.00    0.00  100.00
00:17:51      27    0.00    0.00    0.00    0.00    0.00    0.00    0.00    0.00    0.00  100.00
00:17:51      28    0.00    0.00    0.00    0.00    0.00    0.00    0.00    0.00    0.00  100.00
00:17:51      29    0.00    0.00    0.00    0.00    0.00    0.00    0.00    0.00    0.00  100.00
00:17:51      30    0.00    0.00    0.00    0.00    0.00    0.00    0.00    0.00    0.00  100.00
00:17:51      31    0.00    0.00    0.00    0.00    0.00    0.00    0.00    0.00    0.00  100.00

Average:     CPU    %usr   %nice    %sys %iowait    %irq   %soft  %steal  %guest  %gnice   %idle
Average:     all    3.10    0.00    0.07    0.00    0.00    0.00    0.00    0.00    0.00   96.82
Average:       0    0.03    0.00    0.28    0.00    0.00    0.02    0.00    0.00    0.00   99.68
Average:       1    0.00    0.00    0.02    0.02    0.00    0.02    0.00    0.00    0.00   99.95
Average:       2   54.62    0.00    0.66    0.00    0.00    0.00    0.00    0.00    0.00   44.72
Average:       3    0.00    0.00    0.00    0.00    0.00    0.00    0.00    0.00    0.00  100.00
Average:       4    0.06    0.00    0.18    0.00    0.00    0.00    0.00    0.00    0.00   99.75
Average:       5    0.02    0.00    0.00    0.00    0.00    0.00    0.00    0.00    0.00   99.98
Average:       6    0.03    0.00    0.03    0.00    0.00    0.00    0.00    0.00    0.00   99.94
Average:       7    0.02    0.00    0.02    0.00    0.00    0.00    0.00    0.00    0.00   99.97
Average:       8    0.00    0.00    0.00    0.00    0.00    0.00    0.00    0.00    0.00  100.00
Average:       9    0.03    0.00    0.05    0.00    0.00    0.00    0.00    0.00    0.00   99.92
Average:      10    0.03    0.00    0.06    0.00    0.00    0.00    0.00    0.00    0.00   99.91
Average:      11    0.02    0.00    0.05    0.00    0.00    0.00    0.00    0.00    0.00   99.94
Average:      12    0.00    0.00    0.05    0.00    0.00    0.00    0.00    0.00    0.00   99.95
Average:      13    0.00    0.00    0.02    0.00    0.00    0.00    0.00    0.00    0.00   99.98
Average:      14    0.00    0.00    0.02    0.00    0.00    0.00    0.00    0.00    0.00   99.98
Average:      15    0.03    0.00    0.00    0.00    0.00    0.00    0.00    0.00    0.00   99.97
Average:      16    0.00    0.00    0.02    0.00    0.00    0.02    0.00    0.00    0.00   99.97
Average:      17    0.00    0.00    0.00    0.00    0.00    0.00    0.00    0.00    0.00  100.00
Average:      18   44.20    0.00    0.22    0.00    0.00    0.00    0.00    0.00    0.00   55.58
Average:      19    0.02    0.00    0.00    0.00    0.00    0.00    0.00    0.00    0.00   99.98
Average:      20    0.02    0.00    0.00    0.00    0.00    0.00    0.00    0.00    0.00   99.98
Average:      21    0.09    0.00    0.54    0.00    0.00    0.00    0.00    0.00    0.00   99.37
Average:      22    0.02    0.00    0.00    0.00    0.00    0.00    0.00    0.00    0.00   99.98
Average:      23    0.00    0.00    0.02    0.00    0.00    0.00    0.00    0.00    0.00   99.98
Average:      24    0.02    0.00    0.02    0.00    0.00    0.00    0.00    0.00    0.00   99.97
Average:      25    0.02    0.00    0.00    0.00    0.00    0.00    0.00    0.00    0.00   99.98
Average:      26    0.00    0.00    0.03    0.00    0.00    0.00    0.00    0.00    0.00   99.97
Average:      27    0.03    0.00    0.00    0.00    0.00    0.00    0.00    0.00    0.00   99.97
Average:      28    0.02    0.00    0.00    0.00    0.00    0.00    0.00    0.00    0.00   99.98
Average:      29    0.00    0.00    0.00    0.00    0.00    0.00    0.00    0.00    0.00  100.00
Average:      30    0.03    0.00    0.05    0.00    0.00    0.00    0.00    0.00    0.00   99.92
Average:      31    0.02    0.00    0.00    0.00    0.00    0.00    0.00    0.00    0.00   99.98
