DEPRECATED: The legacy builder is deprecated and will be removed in a future release.
            Install the buildx component to build images with BuildKit:
            https://docs.docker.com/go/buildx/

Sending build context to Docker daemon  306.1MB
Step 1/40 : FROM ubuntu:focal
 ---> 8feb4d8ca535
Step 2/40 : RUN apt update && DEBIAN_FRONTEND=noninteractive apt install -y     python3     python3-pip     python2     git     sudo     wget     cmake     binutils     libunwind-dev     libboost-dev     zlib1g-dev     libsnappy-dev     liblz4-dev     doxygen     libconfig++-dev     libboost-dev     vim     bc     unzip     zip     gosu     linux-tools-generic     gdb     graphviz     curl     clang-tidy-18  && update-alternatives --install /usr/bin/clang-tidy clang-tidy       /usr/bin/clang-tidy-18 100
 ---> Running in 38cab04f3a60
[91m
WARNING: apt does not have a stable CLI interface. Use with caution in scripts.

[0mGet:1 http://archive.ubuntu.com/ubuntu focal InRelease [265 kB]
Get:2 http://security.ubuntu.com/ubuntu focal-security InRelease [128 kB]
Get:3 http://security.ubuntu.com/ubuntu focal-security/multiverse amd64 Packages [32.5 kB]
Get:4 http://archive.ubuntu.com/ubuntu focal-updates InRelease [128 kB]
Get:5 http://security.ubuntu.com/ubuntu focal-security/restricted amd64 Packages [4710 kB]
Get:6 http://archive.ubuntu.com/ubuntu focal-backports InRelease [128 kB]
Get:7 http://archive.ubuntu.com/ubuntu focal/main amd64 Packages [1275 kB]
Get:8 http://archive.ubuntu.com/ubuntu focal/restricted amd64 Packages [33.4 kB]
Get:9 http://archive.ubuntu.com/ubuntu focal/universe amd64 Packages [11.3 MB]
Get:10 http://security.ubuntu.com/ubuntu focal-security/main amd64 Packages [4368 kB]
Get:11 http://security.ubuntu.com/ubuntu focal-security/universe amd64 Packages [1300 kB]
Get:12 http://archive.ubuntu.com/ubuntu focal/multiverse amd64 Packages [177 kB]
Get:13 http://archive.ubuntu.com/ubuntu focal-updates/universe amd64 Packages [1588 kB]
Get:14 http://archive.ubuntu.com/ubuntu focal-updates/multiverse amd64 Packages [36.2 kB]
Get:15 http://archive.ubuntu.com/ubuntu focal-updates/main amd64 Packages [4850 kB]
Get:16 http://archive.ubuntu.com/ubuntu focal-updates/restricted amd64 Packages [4904 kB]
Get:17 http://archive.ubuntu.com/ubuntu focal-backports/main amd64 Packages [54.7 kB]
Get:18 http://archive.ubuntu.com/ubuntu focal-backports/universe amd64 Packages [28.4 kB]
Fetched 35.3 MB in 3s (10.3 MB/s)
Reading package lists...
Building dependency tree...
Reading state information...
5 packages can be upgraded. Run 'apt list --upgradable' to see them.
[91m
WARNING: apt does not have a stable CLI interface. Use with caution in scripts.

[0mReading package lists...
Building dependency tree...
Reading state information...
The following additional packages will be installed:
  alsa-topology-conf alsa-ucm-conf binfmt-support binutils-common
  binutils-x86-64-linux-gnu build-essential ca-certificates clang-18
  clang-tools-18 cmake-data cpp cpp-9 dirmngr distro-info-data dpkg-dev
  fakeroot file fontconfig fontconfig-config fonts-dejavu-core
  fonts-liberation g++ g++-9 gcc gcc-9 gcc-9-base gdbserver git-man gnupg
  gnupg-l10n gnupg-utils gpg gpg-agent gpg-wks-client gpg-wks-server gpgconf
  gpgsm gpgv icu-devtools krb5-locales less lib32gcc-s1 lib32stdc++6
  libalgorithm-diff-perl libalgorithm-diff-xs-perl libalgorithm-merge-perl
  libann0 libarchive13 libasan5 libasan6 libasn1-8-heimdal libasound2
  libasound2-data libassuan0 libatomic1 libbabeltrace1 libbinutils
  libboost1.71-dev libbrotli1 libbsd0 libc-dev-bin libc6 libc6-dbg libc6-dev
  libc6-i386 libcairo2 libcanberra0 libcap2 libcbor0.6 libcc1-0 libcdt5
  libcgraph6 libclang-common-18-dev libclang-cpp18 libclang-rt-18-dev
  libclang1-10 libclang1-18 libconfig++9v5 libconfig-dev libconfig-doc
  libconfig9 libcrypt-dev libctf-nobfd0 libctf0 libcurl3-gnutls libcurl4
  libdatrie1 libdpkg-perl libdw1 libedit2 libelf1 liberror-perl libexpat1
  libexpat1-dev libfakeroot libffi-dev libfido2-1 libfile-fcntllock-perl
  libfontconfig1 libfreetype6 libfribidi0 libgc1c2 libgcc-10-dev libgcc-9-dev
  libgd3 libgdbm-compat4 libgdbm6 libglib2.0-0 libglib2.0-data libgomp1
  libgpm2 libgraphite2-3 libgssapi-krb5-2 libgssapi3-heimdal libgts-0.7-5
  libgts-bin libgvc6 libgvpr2 libharfbuzz0b libhcrypto4-heimdal
  libheimbase1-heimdal libheimntlm0-heimdal libhx509-5-heimdal libice6
  libicu-dev libicu66 libisl22 libitm1 libjbig0 libjpeg-turbo8 libjpeg8
  libjsoncpp1 libk5crypto3 libkeyutils1 libkrb5-26-heimdal libkrb5-3
  libkrb5support0 libksba8 liblab-gamut1 libldap-2.4-2 libldap-common
  libllvm10 libllvm18 liblocale-gettext-perl liblsan0 libltdl7 liblzma-dev
  libmagic-mgc libmagic1 libmpc3 libmpdec2 libmpfr6 libncurses-dev
  libnghttp2-14 libnpth0 libnuma1 libobjc-10-dev libobjc4 libogg0
  libpango-1.0-0 libpangocairo-1.0-0 libpangoft2-1.0-0 libpathplan4 libpci3
  libperl5.30 libpfm4 libpipeline1 libpixman-1-0 libpng16-16 libpsl5
  libpython2-stdlib libpython2.7-minimal libpython2.7-stdlib libpython3-dev
  libpython3-stdlib libpython3.8 libpython3.8-dev libpython3.8-minimal
  libpython3.8-stdlib libquadmath0 libreadline8 librhash0 libroken18-heimdal
  librtmp1 libsasl2-2 libsasl2-modules libsasl2-modules-db libslang2 libsm6
  libsnappy1v5 libsqlite3-0 libssh-4 libssl1.1 libstdc++-10-dev
  libstdc++-9-dev libtdb1 libthai-data libthai0 libtiff5 libtsan0 libubsan1
  libunwind8 libuv1 libvorbis0a libvorbisfile3 libwebp6 libwind0-heimdal
  libx11-6 libx11-data libxapian30 libxau6 libxaw7 libxcb-render0 libxcb-shm0
  libxcb1 libxdmcp6 libxext6 libxml2 libxml2-dev libxmu6 libxmuu1 libxpm4
  libxrender1 libxt6 libyaml-0-2 libz3-4 libz3-dev linux-libc-dev
  linux-tools-5.4.0-216 linux-tools-5.4.0-216-generic linux-tools-common
  llvm-18 llvm-18-dev llvm-18-linker-tools llvm-18-runtime llvm-18-tools
  lsb-release make manpages manpages-dev mime-support netbase openssh-client
  openssl patch pci.ids perl perl-modules-5.30 pinentry-curses pkg-config
  publicsuffix python-pip-whl python2-minimal python2.7 python2.7-minimal
  python3-dev python3-distutils python3-lib2to3 python3-minimal
  python3-pkg-resources python3-pygments python3-setuptools python3-wheel
  python3-yaml python3.8 python3.8-dev python3.8-minimal readline-common
  shared-mime-info sound-theme-freedesktop tzdata ucf vim-common vim-runtime
  x11-common xauth xdg-user-dirs xxd xz-utils
Suggested packages:
  binutils-doc clang-18-doc wasi-libc cmake-doc ninja-build cpp-doc
  gcc-9-locales dbus-user-session libpam-systemd pinentry-gnome3 tor
  doxygen-latex doxygen-doc doxygen-gui debian-keyring g++-multilib
  g++-9-multilib gcc-9-doc gcc-multilib autoconf automake libtool flex bison
  gcc-doc gcc-9-multilib gdb-doc gettext-base git-daemon-run
  | git-daemon-sysvinit git-doc git-el git-email git-gui gitk gitweb git-cvs
  git-mediawiki git-svn parcimonie xloadimage scdaemon gsfonts graphviz-doc
  lrzip libasound2-plugins alsa-utils libboost-doc libboost1.71-doc
  libboost-atomic1.71-dev libboost-chrono1.71-dev libboost-container1.71-dev
  libboost-context1.71-dev libboost-contract1.71-dev
  libboost-coroutine1.71-dev libboost-date-time1.71-dev
  libboost-exception1.71-dev libboost-fiber1.71-dev
  libboost-filesystem1.71-dev libboost-graph1.71-dev
  libboost-graph-parallel1.71-dev libboost-iostreams1.71-dev
  libboost-locale1.71-dev libboost-log1.71-dev libboost-math1.71-dev
  libboost-mpi1.71-dev libboost-mpi-python1.71-dev libboost-numpy1.71-dev
  libboost-program-options1.71-dev libboost-python1.71-dev
  libboost-random1.71-dev libboost-regex1.71-dev
  libboost-serialization1.71-dev libboost-stacktrace1.71-dev
  libboost-system1.71-dev libboost-test1.71-dev libboost-thread1.71-dev
  libboost-timer1.71-dev libboost-type-erasure1.71-dev libboost-wave1.71-dev
  libboost1.71-tools-dev libmpfrc++-dev libntl-dev glibc-doc locales
  libcanberra-gtk0 libcanberra-pulse bzr libgd-tools gdbm-l10n gpm krb5-doc
  krb5-user icu-doc liblzma-doc ncurses-doc libsasl2-modules-gssapi-mit
  | libsasl2-modules-gssapi-heimdal libsasl2-modules-ldap libsasl2-modules-otp
  libsasl2-modules-sql libstdc++-10-doc libstdc++-9-doc xapian-tools
  llvm-18-doc make-doc man-browser keychain libpam-ssh monkeysphere
  ssh-askpass ed diffutils-doc perl-doc libterm-readline-gnu-perl
  | libterm-readline-perl-perl libb-debug-perl liblocale-codes-perl
  pinentry-doc python2-doc python-tk python2.7-doc python3-doc python3-tk
  python3-venv python-pygments-doc ttf-bitstream-vera python-setuptools-doc
  python3.8-venv python3.8-doc readline-doc ctags vim-doc vim-scripts
The following NEW packages will be installed:
  alsa-topology-conf alsa-ucm-conf bc binfmt-support binutils binutils-common
  binutils-x86-64-linux-gnu build-essential ca-certificates clang-18
  clang-tidy-18 clang-tools-18 cmake cmake-data cpp cpp-9 curl dirmngr
  distro-info-data doxygen dpkg-dev fakeroot file fontconfig fontconfig-config
  fonts-dejavu-core fonts-liberation g++ g++-9 gcc gcc-9 gcc-9-base gdb
  gdbserver git git-man gnupg gnupg-l10n gnupg-utils gosu gpg gpg-agent
  gpg-wks-client gpg-wks-server gpgconf gpgsm graphviz icu-devtools
  krb5-locales less lib32gcc-s1 lib32stdc++6 libalgorithm-diff-perl
  libalgorithm-diff-xs-perl libalgorithm-merge-perl libann0 libarchive13
  libasan5 libasan6 libasn1-8-heimdal libasound2 libasound2-data libassuan0
  libatomic1 libbabeltrace1 libbinutils libboost-dev libboost1.71-dev
  libbrotli1 libbsd0 libc-dev-bin libc6-dbg libc6-dev libc6-i386 libcairo2
  libcanberra0 libcap2 libcbor0.6 libcc1-0 libcdt5 libcgraph6
  libclang-common-18-dev libclang-cpp18 libclang-rt-18-dev libclang1-10
  libclang1-18 libconfig++-dev libconfig++9v5 libconfig-dev libconfig-doc
  libconfig9 libcrypt-dev libctf-nobfd0 libctf0 libcurl3-gnutls libcurl4
  libdatrie1 libdpkg-perl libdw1 libedit2 libelf1 liberror-perl libexpat1
  libexpat1-dev libfakeroot libffi-dev libfido2-1 libfile-fcntllock-perl
  libfontconfig1 libfreetype6 libfribidi0 libgc1c2 libgcc-10-dev libgcc-9-dev
  libgd3 libgdbm-compat4 libgdbm6 libglib2.0-0 libglib2.0-data libgomp1
  libgpm2 libgraphite2-3 libgssapi-krb5-2 libgssapi3-heimdal libgts-0.7-5
  libgts-bin libgvc6 libgvpr2 libharfbuzz0b libhcrypto4-heimdal
  libheimbase1-heimdal libheimntlm0-heimdal libhx509-5-heimdal libice6
  libicu-dev libicu66 libisl22 libitm1 libjbig0 libjpeg-turbo8 libjpeg8
  libjsoncpp1 libk5crypto3 libkeyutils1 libkrb5-26-heimdal libkrb5-3
  libkrb5support0 libksba8 liblab-gamut1 libldap-2.4-2 libldap-common
  libllvm10 libllvm18 liblocale-gettext-perl liblsan0 libltdl7 liblz4-dev
  liblzma-dev libmagic-mgc libmagic1 libmpc3 libmpdec2 libmpfr6 libncurses-dev
  libnghttp2-14 libnpth0 libnuma1 libobjc-10-dev libobjc4 libogg0
  libpango-1.0-0 libpangocairo-1.0-0 libpangoft2-1.0-0 libpathplan4 libpci3
  libperl5.30 libpfm4 libpipeline1 libpixman-1-0 libpng16-16 libpsl5
  libpython2-stdlib libpython2.7-minimal libpython2.7-stdlib libpython3-dev
  libpython3-stdlib libpython3.8 libpython3.8-dev libpython3.8-minimal
  libpython3.8-stdlib libquadmath0 libreadline8 librhash0 libroken18-heimdal
  librtmp1 libsasl2-2 libsasl2-modules libsasl2-modules-db libslang2 libsm6
  libsnappy-dev libsnappy1v5 libsqlite3-0 libssh-4 libssl1.1 libstdc++-10-dev
  libstdc++-9-dev libtdb1 libthai-data libthai0 libtiff5 libtsan0 libubsan1
  libunwind-dev libunwind8 libuv1 libvorbis0a libvorbisfile3 libwebp6
  libwind0-heimdal libx11-6 libx11-data libxapian30 libxau6 libxaw7
  libxcb-render0 libxcb-shm0 libxcb1 libxdmcp6 libxext6 libxml2 libxml2-dev
  libxmu6 libxmuu1 libxpm4 libxrender1 libxt6 libyaml-0-2 libz3-4 libz3-dev
  linux-libc-dev linux-tools-5.4.0-216 linux-tools-5.4.0-216-generic
  linux-tools-common linux-tools-generic llvm-18 llvm-18-dev
  llvm-18-linker-tools llvm-18-runtime llvm-18-tools lsb-release make manpages
  manpages-dev mime-support netbase openssh-client openssl patch pci.ids perl
  perl-modules-5.30 pinentry-curses pkg-config publicsuffix python-pip-whl
  python2 python2-minimal python2.7 python2.7-minimal python3 python3-dev
  python3-distutils python3-lib2to3 python3-minimal python3-pip
  python3-pkg-resources python3-pygments python3-setuptools python3-wheel
  python3-yaml python3.8 python3.8-dev python3.8-minimal readline-common
  shared-mime-info sound-theme-freedesktop sudo tzdata ucf unzip vim
  vim-common vim-runtime wget x11-common xauth xdg-user-dirs xxd xz-utils zip
  zlib1g-dev
The following packages will be upgraded:
  gpgv libc6
2 upgraded, 302 newly installed, 0 to remove and 3 not upgraded.
Need to get 356 MB of archives.
After this operation, 1892 MB of additional disk space will be used.
Get:1 http://archive.ubuntu.com/ubuntu focal-updates/main amd64 libc6 amd64 2.31-0ubuntu9.18 [2720 kB]
Get:2 http://archive.ubuntu.com/ubuntu focal/main amd64 liblocale-gettext-perl amd64 1.07-4 [17.1 kB]
Get:3 http://archive.ubuntu.com/ubuntu focal-updates/main amd64 libssl1.1 amd64 1.1.1f-1ubuntu2.24 [1323 kB]
Get:4 http://archive.ubuntu.com/ubuntu focal-updates/main amd64 libpython3.8-minimal amd64 3.8.10-0ubuntu1~20.04.18 [721 kB]
Get:5 http://archive.ubuntu.com/ubuntu focal-updates/main amd64 libexpat1 amd64 2.2.9-1ubuntu0.8 [75.6 kB]
Get:6 http://archive.ubuntu.com/ubuntu focal-updates/main amd64 python3.8-minimal amd64 3.8.10-0ubuntu1~20.04.18 [1900 kB]
Get:7 http://archive.ubuntu.com/ubuntu focal/main amd64 python3-minimal amd64 3.8.2-0ubuntu2 [23.6 kB]
Get:8 http://archive.ubuntu.com/ubuntu focal/main amd64 mime-support all 3.64ubuntu1 [30.6 kB]
Get:9 http://archive.ubuntu.com/ubuntu focal/main amd64 libmpdec2 amd64 2.4.2-3 [81.1 kB]
Get:10 http://archive.ubuntu.com/ubuntu focal/main amd64 readline-common all 8.0-4 [53.5 kB]
Get:11 http://archive.ubuntu.com/ubuntu focal/main amd64 libreadline8 amd64 8.0-4 [131 kB]
Get:12 http://archive.ubuntu.com/ubuntu focal-updates/main amd64 libsqlite3-0 amd64 3.31.1-4ubuntu0.7 [549 kB]
Get:13 http://archive.ubuntu.com/ubuntu focal-updates/main amd64 libpython3.8-stdlib amd64 3.8.10-0ubuntu1~20.04.18 [1676 kB]
Get:14 http://archive.ubuntu.com/ubuntu focal-updates/main amd64 python3.8 amd64 3.8.10-0ubuntu1~20.04.18 [387 kB]
Get:15 http://archive.ubuntu.com/ubuntu focal/main amd64 libpython3-stdlib amd64 3.8.2-0ubuntu2 [7068 B]
Get:16 http://archive.ubuntu.com/ubuntu focal/main amd64 python3 amd64 3.8.2-0ubuntu2 [47.6 kB]
Get:17 http://archive.ubuntu.com/ubuntu focal-updates/main amd64 perl-modules-5.30 all 5.30.0-9ubuntu0.5 [2739 kB]
Get:18 http://archive.ubuntu.com/ubuntu focal/main amd64 libgdbm6 amd64 1.18.1-5 [27.4 kB]
Get:19 http://archive.ubuntu.com/ubuntu focal/main amd64 libgdbm-compat4 amd64 1.18.1-5 [6244 B]
Get:20 http://archive.ubuntu.com/ubuntu focal-updates/main amd64 libperl5.30 amd64 5.30.0-9ubuntu0.5 [3941 kB]
Get:21 http://archive.ubuntu.com/ubuntu focal-updates/main amd64 perl amd64 5.30.0-9ubuntu0.5 [224 kB]
Get:22 http://archive.ubuntu.com/ubuntu focal-updates/universe amd64 libpython2.7-minimal amd64 2.7.18-1~20.04.7 [336 kB]
Get:23 http://archive.ubuntu.com/ubuntu focal-updates/universe amd64 python2.7-minimal amd64 2.7.18-1~20.04.7 [1278 kB]
Get:24 http://archive.ubuntu.com/ubuntu focal/universe amd64 python2-minimal amd64 2.7.17-2ubuntu4 [27.5 kB]
Get:25 http://archive.ubuntu.com/ubuntu focal-updates/universe amd64 libpython2.7-stdlib amd64 2.7.18-1~20.04.7 [1889 kB]
Get:26 http://archive.ubuntu.com/ubuntu focal-updates/universe amd64 python2.7 amd64 2.7.18-1~20.04.7 [248 kB]
Get:27 http://archive.ubuntu.com/ubuntu focal/universe amd64 libpython2-stdlib amd64 2.7.17-2ubuntu4 [7072 B]
Get:28 http://archive.ubuntu.com/ubuntu focal/universe amd64 python2 amd64 2.7.17-2ubuntu4 [26.5 kB]
Get:29 http://archive.ubuntu.com/ubuntu focal-updates/main amd64 gpgv amd64 2.2.19-3ubuntu2.5 [200 kB]
Get:30 http://archive.ubuntu.com/ubuntu focal-updates/main amd64 openssl amd64 1.1.1f-1ubuntu2.24 [621 kB]
Get:31 http://archive.ubuntu.com/ubuntu focal-updates/main amd64 ca-certificates all 20240203~20.04.1 [159 kB]
Get:32 http://archive.ubuntu.com/ubuntu focal-updates/main amd64 distro-info-data all 0.43ubuntu1.20 [5040 B]
Get:33 http://archive.ubuntu.com/ubuntu focal/main amd64 libmagic-mgc amd64 1:5.38-4 [218 kB]
Get:34 http://archive.ubuntu.com/ubuntu focal/main amd64 libmagic1 amd64 1:5.38-4 [75.9 kB]
Get:35 http://archive.ubuntu.com/ubuntu focal/main amd64 file amd64 1:5.38-4 [23.3 kB]
Get:36 http://archive.ubuntu.com/ubuntu focal-updates/main amd64 less amd64 551-1ubuntu0.3 [123 kB]
Get:37 http://archive.ubuntu.com/ubuntu focal/main amd64 libbsd0 amd64 0.10.0-1 [45.4 kB]
Get:38 http://archive.ubuntu.com/ubuntu focal-updates/main amd64 libcap2 amd64 1:2.32-1ubuntu0.2 [15.7 kB]
Get:39 http://archive.ubuntu.com/ubuntu focal-updates/main amd64 libelf1 amd64 0.176-1.1ubuntu0.1 [44.2 kB]
Get:40 http://archive.ubuntu.com/ubuntu focal-updates/main amd64 libfribidi0 amd64 1.0.8-2ubuntu0.1 [24.2 kB]
Get:41 http://archive.ubuntu.com/ubuntu focal-updates/main amd64 libglib2.0-0 amd64 2.64.6-1~ubuntu20.04.9 [1290 kB]
Get:42 http://archive.ubuntu.com/ubuntu focal-updates/main amd64 libglib2.0-data all 2.64.6-1~ubuntu20.04.9 [5836 B]
Get:43 http://archive.ubuntu.com/ubuntu focal-updates/main amd64 tzdata all 2025b-0ubuntu0.20.04.1 [300 kB]
Get:44 http://archive.ubuntu.com/ubuntu focal-updates/main amd64 libicu66 amd64 66.1-2ubuntu2.1 [8515 kB]
Get:45 http://archive.ubuntu.com/ubuntu focal/main amd64 libslang2 amd64 2.3.2-4 [429 kB]
Get:46 http://archive.ubuntu.com/ubuntu focal-updates/main amd64 libxml2 amd64 2.9.10+dfsg-5ubuntu0.20.04.10 [640 kB]
Get:47 http://archive.ubuntu.com/ubuntu focal/main amd64 libyaml-0-2 amd64 0.2.2-1 [48.9 kB]
Get:48 http://archive.ubuntu.com/ubuntu focal/main amd64 lsb-release all 11.1.0ubuntu2 [10.6 kB]
Get:49 http://archive.ubuntu.com/ubuntu focal/main amd64 netbase all 6.1 [13.1 kB]
Get:50 http://archive.ubuntu.com/ubuntu focal-updates/main amd64 python3-pkg-resources all 45.2.0-1ubuntu0.3 [130 kB]
Get:51 http://archive.ubuntu.com/ubuntu focal-updates/main amd64 python3-yaml amd64 5.3.1-1ubuntu0.1 [136 kB]
Get:52 http://archive.ubuntu.com/ubuntu focal/main amd64 shared-mime-info amd64 1.15-1 [430 kB]
Get:53 http://archive.ubuntu.com/ubuntu focal-updates/main amd64 sudo amd64 1.8.31-1ubuntu1.5 [515 kB]
Get:54 http://archive.ubuntu.com/ubuntu focal/main amd64 ucf all 3.0038+nmu1 [51.6 kB]
Get:55 http://archive.ubuntu.com/ubuntu focal-updates/main amd64 xxd amd64 2:8.1.2269-1ubuntu5.32 [50.0 kB]
Get:56 http://archive.ubuntu.com/ubuntu focal-updates/main amd64 vim-common all 2:8.1.2269-1ubuntu5.32 [84.9 kB]
Get:57 http://archive.ubuntu.com/ubuntu focal/main amd64 xdg-user-dirs amd64 0.17-2ubuntu1 [48.3 kB]
Get:58 http://archive.ubuntu.com/ubuntu focal-updates/main amd64 xz-utils amd64 5.2.4-1ubuntu1.1 [82.6 kB]
Get:59 http://archive.ubuntu.com/ubuntu focal-updates/main amd64 krb5-locales all 1.17-6ubuntu4.11 [12.0 kB]
Get:60 http://archive.ubuntu.com/ubuntu focal/main amd64 libcbor0.6 amd64 0.6.0-0ubuntu1 [21.1 kB]
Get:61 http://archive.ubuntu.com/ubuntu focal/main amd64 libedit2 amd64 3.1-20191231-1 [87.0 kB]
Get:62 http://archive.ubuntu.com/ubuntu focal/main amd64 libfido2-1 amd64 1.3.1-1ubuntu2 [47.9 kB]
Get:63 http://archive.ubuntu.com/ubuntu focal-updates/main amd64 libkrb5support0 amd64 1.17-6ubuntu4.11 [31.5 kB]
Get:64 http://archive.ubuntu.com/ubuntu focal-updates/main amd64 libk5crypto3 amd64 1.17-6ubuntu4.11 [80.3 kB]
Get:65 http://archive.ubuntu.com/ubuntu focal-updates/main amd64 libkeyutils1 amd64 1.6-6ubuntu1.1 [10.3 kB]
Get:66 http://archive.ubuntu.com/ubuntu focal-updates/main amd64 libkrb5-3 amd64 1.17-6ubuntu4.11 [330 kB]
Get:67 http://archive.ubuntu.com/ubuntu focal-updates/main amd64 libgssapi-krb5-2 amd64 1.17-6ubuntu4.11 [121 kB]
Get:68 http://archive.ubuntu.com/ubuntu focal/main amd64 libnuma1 amd64 2.0.12-1 [20.8 kB]
Get:69 http://archive.ubuntu.com/ubuntu focal/main amd64 pci.ids all 0.0~2020.03.20-1 [217 kB]
Get:70 http://archive.ubuntu.com/ubuntu focal-updates/main amd64 libpci3 amd64 1:3.6.4-1ubuntu0.20.04.1 [26.9 kB]
Get:71 http://archive.ubuntu.com/ubuntu focal/main amd64 libpipeline1 amd64 1.5.2-2build1 [27.7 kB]
Get:72 http://archive.ubuntu.com/ubuntu focal/main amd64 libpng16-16 amd64 1.6.37-2 [179 kB]
Get:73 http://archive.ubuntu.com/ubuntu focal/main amd64 libpsl5 amd64 0.21.0-1ubuntu1 [51.5 kB]
Get:74 http://archive.ubuntu.com/ubuntu focal-updates/main amd64 libuv1 amd64 1.34.2-1ubuntu1.5 [80.9 kB]
Get:75 http://archive.ubuntu.com/ubuntu focal/main amd64 libxau6 amd64 1:1.0.9-0ubuntu1 [7488 B]
Get:76 http://archive.ubuntu.com/ubuntu focal/main amd64 libxdmcp6 amd64 1:1.1.3-0ubuntu1 [10.6 kB]
Get:77 http://archive.ubuntu.com/ubuntu focal/main amd64 libxcb1 amd64 1.14-2 [44.7 kB]
Get:78 http://archive.ubuntu.com/ubuntu focal-updates/main amd64 libx11-data all 2:1.6.9-2ubuntu1.6 [114 kB]
Get:79 http://archive.ubuntu.com/ubuntu focal-updates/main amd64 libx11-6 amd64 2:1.6.9-2ubuntu1.6 [577 kB]
Get:80 http://archive.ubuntu.com/ubuntu focal/main amd64 libxext6 amd64 2:1.3.4-0ubuntu1 [29.1 kB]
Get:81 http://archive.ubuntu.com/ubuntu focal/main amd64 libxmuu1 amd64 2:1.1.3-0ubuntu1 [9728 B]
Get:82 http://archive.ubuntu.com/ubuntu focal/main amd64 manpages all 5.05-1 [1314 kB]
Get:83 http://archive.ubuntu.com/ubuntu focal-updates/main amd64 openssh-client amd64 1:8.2p1-4ubuntu0.13 [670 kB]
Get:84 http://archive.ubuntu.com/ubuntu focal/main amd64 publicsuffix all 20200303.0012-1 [111 kB]
Get:85 http://archive.ubuntu.com/ubuntu focal-updates/main amd64 wget amd64 1.20.3-1ubuntu2.1 [349 kB]
Get:86 http://archive.ubuntu.com/ubuntu focal/main amd64 xauth amd64 1:1.1-0ubuntu1 [25.0 kB]
Get:87 http://archive.ubuntu.com/ubuntu focal/main amd64 alsa-topology-conf all 1.2.2-1 [7364 B]
Get:88 http://archive.ubuntu.com/ubuntu focal-updates/main amd64 alsa-ucm-conf all 1.2.2-1ubuntu0.13 [27.0 kB]
Get:89 http://archive.ubuntu.com/ubuntu focal/main amd64 bc amd64 1.07.1-2build1 [86.3 kB]
Get:90 http://archive.ubuntu.com/ubuntu focal/universe amd64 binfmt-support amd64 2.2.0-2 [58.2 kB]
Get:91 http://archive.ubuntu.com/ubuntu focal-updates/main amd64 binutils-common amd64 2.34-6ubuntu1.11 [208 kB]
Get:92 http://archive.ubuntu.com/ubuntu focal-updates/main amd64 libbinutils amd64 2.34-6ubuntu1.11 [475 kB]
Get:93 http://archive.ubuntu.com/ubuntu focal-updates/main amd64 libctf-nobfd0 amd64 2.34-6ubuntu1.11 [48.2 kB]
Get:94 http://archive.ubuntu.com/ubuntu focal-updates/main amd64 libctf0 amd64 2.34-6ubuntu1.11 [46.6 kB]
Get:95 http://archive.ubuntu.com/ubuntu focal-updates/main amd64 binutils-x86-64-linux-gnu amd64 2.34-6ubuntu1.11 [1612 kB]
Get:96 http://archive.ubuntu.com/ubuntu focal-updates/main amd64 binutils amd64 2.34-6ubuntu1.11 [3380 B]
Get:97 http://archive.ubuntu.com/ubuntu focal-updates/main amd64 libc-dev-bin amd64 2.31-0ubuntu9.18 [71.7 kB]
Get:98 http://archive.ubuntu.com/ubuntu focal-updates/main amd64 linux-libc-dev amd64 5.4.0-216.236 [1111 kB]
Get:99 http://archive.ubuntu.com/ubuntu focal/main amd64 libcrypt-dev amd64 1:4.4.10-10ubuntu4 [104 kB]
Get:100 http://archive.ubuntu.com/ubuntu focal-updates/main amd64 libc6-dev amd64 2.31-0ubuntu9.18 [2520 kB]
Get:101 http://archive.ubuntu.com/ubuntu focal-updates/main amd64 gcc-9-base amd64 9.4.0-1ubuntu1~20.04.2 [18.9 kB]
Get:102 http://archive.ubuntu.com/ubuntu focal/main amd64 libisl22 amd64 0.22.1-1 [592 kB]
Get:103 http://archive.ubuntu.com/ubuntu focal/main amd64 libmpfr6 amd64 4.0.2-1 [240 kB]
Get:104 http://archive.ubuntu.com/ubuntu focal/main amd64 libmpc3 amd64 1.1.0-1 [40.8 kB]
Get:105 http://archive.ubuntu.com/ubuntu focal-updates/main amd64 cpp-9 amd64 9.4.0-1ubuntu1~20.04.2 [7502 kB]
Get:106 http://archive.ubuntu.com/ubuntu focal/main amd64 cpp amd64 4:9.3.0-1ubuntu2 [27.6 kB]
Get:107 http://archive.ubuntu.com/ubuntu focal-updates/main amd64 libcc1-0 amd64 10.5.0-1ubuntu1~20.04 [48.8 kB]
Get:108 http://archive.ubuntu.com/ubuntu focal-updates/main amd64 libgomp1 amd64 10.5.0-1ubuntu1~20.04 [102 kB]
Get:109 http://archive.ubuntu.com/ubuntu focal-updates/main amd64 libitm1 amd64 10.5.0-1ubuntu1~20.04 [26.2 kB]
Get:110 http://archive.ubuntu.com/ubuntu focal-updates/main amd64 libatomic1 amd64 10.5.0-1ubuntu1~20.04 [9284 B]
Get:111 http://archive.ubuntu.com/ubuntu focal-updates/main amd64 libasan5 amd64 9.4.0-1ubuntu1~20.04.2 [2752 kB]
Get:112 http://archive.ubuntu.com/ubuntu focal-updates/main amd64 liblsan0 amd64 10.5.0-1ubuntu1~20.04 [835 kB]
Get:113 http://archive.ubuntu.com/ubuntu focal-updates/main amd64 libtsan0 amd64 10.5.0-1ubuntu1~20.04 [2016 kB]
Get:114 http://archive.ubuntu.com/ubuntu focal-updates/main amd64 libubsan1 amd64 10.5.0-1ubuntu1~20.04 [785 kB]
Get:115 http://archive.ubuntu.com/ubuntu focal-updates/main amd64 libquadmath0 amd64 10.5.0-1ubuntu1~20.04 [146 kB]
Get:116 http://archive.ubuntu.com/ubuntu focal-updates/main amd64 libgcc-9-dev amd64 9.4.0-1ubuntu1~20.04.2 [2359 kB]
Get:117 http://archive.ubuntu.com/ubuntu focal-updates/main amd64 gcc-9 amd64 9.4.0-1ubuntu1~20.04.2 [8276 kB]
Get:118 http://archive.ubuntu.com/ubuntu focal/main amd64 gcc amd64 4:9.3.0-1ubuntu2 [5208 B]
Get:119 http://archive.ubuntu.com/ubuntu focal-updates/main amd64 libstdc++-9-dev amd64 9.4.0-1ubuntu1~20.04.2 [1722 kB]
Get:120 http://archive.ubuntu.com/ubuntu focal-updates/main amd64 g++-9 amd64 9.4.0-1ubuntu1~20.04.2 [8421 kB]
Get:121 http://archive.ubuntu.com/ubuntu focal/main amd64 g++ amd64 4:9.3.0-1ubuntu2 [1604 B]
Get:122 http://archive.ubuntu.com/ubuntu focal/main amd64 make amd64 4.2.1-1.2 [162 kB]
Get:123 http://archive.ubuntu.com/ubuntu focal-updates/main amd64 libdpkg-perl all 1.19.7ubuntu3.2 [231 kB]
Get:124 http://archive.ubuntu.com/ubuntu focal/main amd64 patch amd64 2.7.6-6 [105 kB]
Get:125 http://archive.ubuntu.com/ubuntu focal-updates/main amd64 dpkg-dev all 1.19.7ubuntu3.2 [679 kB]
Get:126 http://archive.ubuntu.com/ubuntu focal-updates/main amd64 build-essential amd64 12.8ubuntu1.1 [4664 B]
Get:127 http://archive.ubuntu.com/ubuntu focal-updates/universe amd64 libllvm18 amd64 1:18.1.8-11~20.04.2 [24.8 MB]
Get:128 http://archive.ubuntu.com/ubuntu focal-updates/universe amd64 libclang-cpp18 amd64 1:18.1.8-11~20.04.2 [12.3 MB]
Get:129 http://archive.ubuntu.com/ubuntu focal-updates/main amd64 libasan6 amd64 10.5.0-1ubuntu1~20.04 [2064 kB]
Get:130 http://archive.ubuntu.com/ubuntu focal-updates/main amd64 libgcc-10-dev amd64 10.5.0-1ubuntu1~20.04 [2344 kB]
Get:131 http://archive.ubuntu.com/ubuntu focal-updates/universe amd64 libstdc++-10-dev amd64 10.5.0-1ubuntu1~20.04 [1781 kB]
Get:132 http://archive.ubuntu.com/ubuntu focal/main amd64 libgc1c2 amd64 1:7.6.4-0.4ubuntu1 [83.9 kB]
Get:133 http://archive.ubuntu.com/ubuntu focal-updates/universe amd64 libobjc4 amd64 10.5.0-1ubuntu1~20.04 [42.8 kB]
Get:134 http://archive.ubuntu.com/ubuntu focal-updates/universe amd64 libobjc-10-dev amd64 10.5.0-1ubuntu1~20.04 [175 kB]
Get:135 http://archive.ubuntu.com/ubuntu focal-updates/universe amd64 libclang-common-18-dev amd64 1:18.1.8-11~20.04.2 [693 kB]
Get:136 http://archive.ubuntu.com/ubuntu focal-updates/universe amd64 llvm-18-linker-tools amd64 1:18.1.8-11~20.04.2 [1203 kB]
Get:137 http://archive.ubuntu.com/ubuntu focal-updates/universe amd64 libclang1-18 amd64 1:18.1.8-11~20.04.2 [7094 kB]
Get:138 http://archive.ubuntu.com/ubuntu focal-updates/universe amd64 clang-18 amd64 1:18.1.8-11~20.04.2 [67.3 kB]
Get:139 http://archive.ubuntu.com/ubuntu focal-updates/universe amd64 clang-tools-18 amd64 1:18.1.8-11~20.04.2 [8222 kB]
Get:140 http://archive.ubuntu.com/ubuntu focal-updates/universe amd64 clang-tidy-18 amd64 1:18.1.8-11~20.04.2 [4405 kB]
Get:141 http://archive.ubuntu.com/ubuntu focal-updates/main amd64 cmake-data all 3.16.3-1ubuntu1.20.04.1 [1613 kB]
Get:142 http://archive.ubuntu.com/ubuntu focal-updates/main amd64 libarchive13 amd64 3.4.0-2ubuntu1.5 [327 kB]
Get:143 http://archive.ubuntu.com/ubuntu focal-updates/main amd64 libbrotli1 amd64 1.0.7-6ubuntu0.1 [267 kB]
Get:144 http://archive.ubuntu.com/ubuntu focal-updates/main amd64 libroken18-heimdal amd64 7.7.0+dfsg-1ubuntu1.4 [42.5 kB]
Get:145 http://archive.ubuntu.com/ubuntu focal-updates/main amd64 libasn1-8-heimdal amd64 7.7.0+dfsg-1ubuntu1.4 [181 kB]
Get:146 http://archive.ubuntu.com/ubuntu focal-updates/main amd64 libheimbase1-heimdal amd64 7.7.0+dfsg-1ubuntu1.4 [30.4 kB]
Get:147 http://archive.ubuntu.com/ubuntu focal-updates/main amd64 libhcrypto4-heimdal amd64 7.7.0+dfsg-1ubuntu1.4 [88.1 kB]
Get:148 http://archive.ubuntu.com/ubuntu focal-updates/main amd64 libwind0-heimdal amd64 7.7.0+dfsg-1ubuntu1.4 [47.7 kB]
Get:149 http://archive.ubuntu.com/ubuntu focal-updates/main amd64 libhx509-5-heimdal amd64 7.7.0+dfsg-1ubuntu1.4 [107 kB]
Get:150 http://archive.ubuntu.com/ubuntu focal-updates/main amd64 libkrb5-26-heimdal amd64 7.7.0+dfsg-1ubuntu1.4 [207 kB]
Get:151 http://archive.ubuntu.com/ubuntu focal-updates/main amd64 libheimntlm0-heimdal amd64 7.7.0+dfsg-1ubuntu1.4 [15.1 kB]
Get:152 http://archive.ubuntu.com/ubuntu focal-updates/main amd64 libgssapi3-heimdal amd64 7.7.0+dfsg-1ubuntu1.4 [96.5 kB]
Get:153 http://archive.ubuntu.com/ubuntu focal-updates/main amd64 libsasl2-modules-db amd64 2.1.27+dfsg-2ubuntu0.1 [14.7 kB]
Get:154 http://archive.ubuntu.com/ubuntu focal-updates/main amd64 libsasl2-2 amd64 2.1.27+dfsg-2ubuntu0.1 [49.3 kB]
Get:155 http://archive.ubuntu.com/ubuntu focal-updates/main amd64 libldap-common all 2.4.49+dfsg-2ubuntu1.10 [16.5 kB]
Get:156 http://archive.ubuntu.com/ubuntu focal-updates/main amd64 libldap-2.4-2 amd64 2.4.49+dfsg-2ubuntu1.10 [155 kB]
Get:157 http://archive.ubuntu.com/ubuntu focal-updates/main amd64 libnghttp2-14 amd64 1.40.0-1ubuntu0.3 [79.9 kB]
Get:158 http://archive.ubuntu.com/ubuntu focal/main amd64 librtmp1 amd64 2.4+20151223.gitfa8646d.1-2build1 [54.9 kB]
Get:159 http://archive.ubuntu.com/ubuntu focal-updates/main amd64 libssh-4 amd64 0.9.3-2ubuntu2.5 [171 kB]
Get:160 http://archive.ubuntu.com/ubuntu focal-updates/main amd64 libcurl4 amd64 7.68.0-1ubuntu2.25 [235 kB]
Get:161 http://archive.ubuntu.com/ubuntu focal/main amd64 libjsoncpp1 amd64 1.7.4-3.1ubuntu2 [75.6 kB]
Get:162 http://archive.ubuntu.com/ubuntu focal/main amd64 librhash0 amd64 1.3.9-1 [113 kB]
Get:163 http://archive.ubuntu.com/ubuntu focal-updates/main amd64 cmake amd64 3.16.3-1ubuntu1.20.04.1 [3668 kB]
Get:164 http://archive.ubuntu.com/ubuntu focal-updates/main amd64 curl amd64 7.68.0-1ubuntu2.25 [162 kB]
Get:165 http://archive.ubuntu.com/ubuntu focal/main amd64 libassuan0 amd64 2.5.3-7ubuntu2 [35.7 kB]
Get:166 http://archive.ubuntu.com/ubuntu focal-updates/main amd64 gpgconf amd64 2.2.19-3ubuntu2.5 [124 kB]
Get:167 http://archive.ubuntu.com/ubuntu focal-updates/main amd64 libksba8 amd64 1.3.5-2ubuntu0.20.04.2 [95.2 kB]
Get:168 http://archive.ubuntu.com/ubuntu focal/main amd64 libnpth0 amd64 1.6-1 [7736 B]
Get:169 http://archive.ubuntu.com/ubuntu focal-updates/main amd64 dirmngr amd64 2.2.19-3ubuntu2.5 [330 kB]
Get:170 http://archive.ubuntu.com/ubuntu focal/main amd64 libllvm10 amd64 1:10.0.0-4ubuntu1 [15.3 MB]
Get:171 http://archive.ubuntu.com/ubuntu focal/universe amd64 libclang1-10 amd64 1:10.0.0-4ubuntu1 [7571 kB]
Get:172 http://archive.ubuntu.com/ubuntu focal/universe amd64 libxapian30 amd64 1.4.14-2 [661 kB]
Get:173 http://archive.ubuntu.com/ubuntu focal/universe amd64 doxygen amd64 1.8.17-0ubuntu2 [9630 kB]
Get:174 http://archive.ubuntu.com/ubuntu focal/main amd64 libfakeroot amd64 1.24-1 [25.7 kB]
Get:175 http://archive.ubuntu.com/ubuntu focal/main amd64 fakeroot amd64 1.24-1 [62.6 kB]
Get:176 http://archive.ubuntu.com/ubuntu focal-updates/main amd64 libfreetype6 amd64 2.10.1-2ubuntu0.4 [341 kB]
Get:177 http://archive.ubuntu.com/ubuntu focal/main amd64 fonts-dejavu-core all 2.37-1 [1041 kB]
Get:178 http://archive.ubuntu.com/ubuntu focal/main amd64 fonts-liberation all 1:1.07.4-11 [822 kB]
Get:179 http://archive.ubuntu.com/ubuntu focal/main amd64 fontconfig-config all 2.13.1-2ubuntu3 [28.8 kB]
Get:180 http://archive.ubuntu.com/ubuntu focal/main amd64 libfontconfig1 amd64 2.13.1-2ubuntu3 [114 kB]
Get:181 http://archive.ubuntu.com/ubuntu focal/main amd64 fontconfig amd64 2.13.1-2ubuntu3 [171 kB]
Get:182 http://archive.ubuntu.com/ubuntu focal-updates/main amd64 libdw1 amd64 0.176-1.1ubuntu0.1 [226 kB]
Get:183 http://archive.ubuntu.com/ubuntu focal/main amd64 libbabeltrace1 amd64 1.5.8-1build1 [156 kB]
Get:184 http://archive.ubuntu.com/ubuntu focal-updates/main amd64 libpython3.8 amd64 3.8.10-0ubuntu1~20.04.18 [1625 kB]
Get:185 http://archive.ubuntu.com/ubuntu focal-updates/main amd64 gdb amd64 9.2-0ubuntu1~20.04.2 [3221 kB]
Get:186 http://archive.ubuntu.com/ubuntu focal-updates/main amd64 gdbserver amd64 9.2-0ubuntu1~20.04.2 [222 kB]
Get:187 http://archive.ubuntu.com/ubuntu focal-updates/main amd64 libcurl3-gnutls amd64 7.68.0-1ubuntu2.25 [233 kB]
Get:188 http://archive.ubuntu.com/ubuntu focal/main amd64 liberror-perl all 0.17029-1 [26.5 kB]
Get:189 http://archive.ubuntu.com/ubuntu focal-updates/main amd64 git-man all 1:2.25.1-1ubuntu3.14 [887 kB]
Get:190 http://archive.ubuntu.com/ubuntu focal-updates/main amd64 git amd64 1:2.25.1-1ubuntu3.14 [4613 kB]
Get:191 http://archive.ubuntu.com/ubuntu focal-updates/main amd64 gnupg-l10n all 2.2.19-3ubuntu2.5 [51.9 kB]
Get:192 http://archive.ubuntu.com/ubuntu focal-updates/main amd64 gnupg-utils amd64 2.2.19-3ubuntu2.5 [481 kB]
Get:193 http://archive.ubuntu.com/ubuntu focal-updates/main amd64 gpg amd64 2.2.19-3ubuntu2.5 [483 kB]
Get:194 http://archive.ubuntu.com/ubuntu focal/main amd64 pinentry-curses amd64 1.1.0-3build1 [36.3 kB]
Get:195 http://archive.ubuntu.com/ubuntu focal-updates/main amd64 gpg-agent amd64 2.2.19-3ubuntu2.5 [232 kB]
Get:196 http://archive.ubuntu.com/ubuntu focal-updates/main amd64 gpg-wks-client amd64 2.2.19-3ubuntu2.5 [97.8 kB]
Get:197 http://archive.ubuntu.com/ubuntu focal-updates/main amd64 gpg-wks-server amd64 2.2.19-3ubuntu2.5 [90.0 kB]
Get:198 http://archive.ubuntu.com/ubuntu focal-updates/main amd64 gpgsm amd64 2.2.19-3ubuntu2.5 [217 kB]
Get:199 http://archive.ubuntu.com/ubuntu focal-updates/main amd64 gnupg all 2.2.19-3ubuntu2.5 [259 kB]
Get:200 http://archive.ubuntu.com/ubuntu focal/universe amd64 libann0 amd64 1.1.2+doc-7build1 [26.0 kB]
Get:201 http://archive.ubuntu.com/ubuntu focal/universe amd64 libcdt5 amd64 2.42.2-3build2 [18.7 kB]
Get:202 http://archive.ubuntu.com/ubuntu focal/universe amd64 libcgraph6 amd64 2.42.2-3build2 [41.3 kB]
Get:203 http://archive.ubuntu.com/ubuntu focal-updates/main amd64 libjpeg-turbo8 amd64 2.0.3-0ubuntu1.20.04.3 [118 kB]
Get:204 http://archive.ubuntu.com/ubuntu focal/main amd64 libjpeg8 amd64 8c-2ubuntu8 [2194 B]
Get:205 http://archive.ubuntu.com/ubuntu focal-updates/main amd64 libjbig0 amd64 2.1-3.1ubuntu0.20.04.1 [27.3 kB]
Get:206 http://archive.ubuntu.com/ubuntu focal-updates/main amd64 libwebp6 amd64 0.6.1-2ubuntu0.20.04.3 [185 kB]
Get:207 http://archive.ubuntu.com/ubuntu focal-updates/main amd64 libtiff5 amd64 4.1.0+git191117-2ubuntu0.20.04.14 [164 kB]
Get:208 http://archive.ubuntu.com/ubuntu focal-updates/main amd64 libxpm4 amd64 1:3.5.12-1ubuntu0.20.04.2 [34.9 kB]
Get:209 http://archive.ubuntu.com/ubuntu focal-updates/main amd64 libgd3 amd64 2.2.5-5.2ubuntu2.4 [118 kB]
Get:210 http://archive.ubuntu.com/ubuntu focal/universe amd64 libgts-0.7-5 amd64 0.7.6+darcs121130-4 [150 kB]
Get:211 http://archive.ubuntu.com/ubuntu focal-updates/main amd64 libpixman-1-0 amd64 0.38.4-0ubuntu2.1 [227 kB]
Get:212 http://archive.ubuntu.com/ubuntu focal/main amd64 libxcb-render0 amd64 1.14-2 [14.8 kB]
Get:213 http://archive.ubuntu.com/ubuntu focal/main amd64 libxcb-shm0 amd64 1.14-2 [5584 B]
Get:214 http://archive.ubuntu.com/ubuntu focal/main amd64 libxrender1 amd64 1:0.9.10-1 [18.7 kB]
Get:215 http://archive.ubuntu.com/ubuntu focal/main amd64 libcairo2 amd64 1.16.0-4ubuntu1 [583 kB]
Get:216 http://archive.ubuntu.com/ubuntu focal/main amd64 libltdl7 amd64 2.4.6-14 [38.5 kB]
Get:217 http://archive.ubuntu.com/ubuntu focal/main amd64 libgraphite2-3 amd64 1.3.13-11build1 [73.5 kB]
Get:218 http://archive.ubuntu.com/ubuntu focal-updates/main amd64 libharfbuzz0b amd64 2.6.4-1ubuntu4.3 [391 kB]
Get:219 http://archive.ubuntu.com/ubuntu focal/main amd64 libthai-data all 0.1.28-3 [134 kB]
Get:220 http://archive.ubuntu.com/ubuntu focal/main amd64 libdatrie1 amd64 0.2.12-3 [18.7 kB]
Get:221 http://archive.ubuntu.com/ubuntu focal/main amd64 libthai0 amd64 0.1.28-3 [18.1 kB]
Get:222 http://archive.ubuntu.com/ubuntu focal/main amd64 libpango-1.0-0 amd64 1.44.7-2ubuntu4 [162 kB]
Get:223 http://archive.ubuntu.com/ubuntu focal/main amd64 libpangoft2-1.0-0 amd64 1.44.7-2ubuntu4 [34.9 kB]
Get:224 http://archive.ubuntu.com/ubuntu focal/main amd64 libpangocairo-1.0-0 amd64 1.44.7-2ubuntu4 [24.8 kB]
Get:225 http://archive.ubuntu.com/ubuntu focal/universe amd64 libpathplan4 amd64 2.42.2-3build2 [21.9 kB]
Get:226 http://archive.ubuntu.com/ubuntu focal/universe amd64 libgvc6 amd64 2.42.2-3build2 [647 kB]
Get:227 http://archive.ubuntu.com/ubuntu focal/universe amd64 libgvpr2 amd64 2.42.2-3build2 [167 kB]
Get:228 http://archive.ubuntu.com/ubuntu focal/universe amd64 liblab-gamut1 amd64 2.42.2-3build2 [177 kB]
Get:229 http://archive.ubuntu.com/ubuntu focal/main amd64 x11-common all 1:7.7+19ubuntu14 [22.3 kB]
Get:230 http://archive.ubuntu.com/ubuntu focal/main amd64 libice6 amd64 2:1.0.10-0ubuntu1 [41.0 kB]
Get:231 http://archive.ubuntu.com/ubuntu focal/main amd64 libsm6 amd64 2:1.2.3-1 [16.1 kB]
Get:232 http://archive.ubuntu.com/ubuntu focal/main amd64 libxt6 amd64 1:1.1.5-1 [160 kB]
Get:233 http://archive.ubuntu.com/ubuntu focal/main amd64 libxmu6 amd64 2:1.1.3-0ubuntu1 [45.8 kB]
Get:234 http://archive.ubuntu.com/ubuntu focal/main amd64 libxaw7 amd64 2:1.0.13-1 [173 kB]
Get:235 http://archive.ubuntu.com/ubuntu focal/universe amd64 graphviz amd64 2.42.2-3build2 [590 kB]
Get:236 http://archive.ubuntu.com/ubuntu focal-updates/main amd64 icu-devtools amd64 66.1-2ubuntu2.1 [189 kB]
Get:237 http://archive.ubuntu.com/ubuntu focal-updates/main amd64 libc6-i386 amd64 2.31-0ubuntu9.18 [2729 kB]
Get:238 http://archive.ubuntu.com/ubuntu focal-updates/main amd64 lib32gcc-s1 amd64 10.5.0-1ubuntu1~20.04 [49.1 kB]
Get:239 http://archive.ubuntu.com/ubuntu focal/main amd64 libalgorithm-diff-perl all 1.19.03-2 [46.6 kB]
Get:240 http://archive.ubuntu.com/ubuntu focal/main amd64 libalgorithm-diff-xs-perl amd64 0.04-6 [11.3 kB]
Get:241 http://archive.ubuntu.com/ubuntu focal/main amd64 libalgorithm-merge-perl all 0.08-3 [12.0 kB]
Get:242 http://archive.ubuntu.com/ubuntu focal-updates/main amd64 libasound2-data all 1.2.2-2.1ubuntu2.5 [20.1 kB]
Get:243 http://archive.ubuntu.com/ubuntu focal-updates/main amd64 libasound2 amd64 1.2.2-2.1ubuntu2.5 [335 kB]
Get:244 http://archive.ubuntu.com/ubuntu focal/main amd64 libboost1.71-dev amd64 1.71.0-6ubuntu6 [9068 kB]
Get:245 http://archive.ubuntu.com/ubuntu focal/main amd64 libboost-dev amd64 1.71.0.0ubuntu2 [3596 B]
Get:246 http://archive.ubuntu.com/ubuntu focal-updates/main amd64 libtdb1 amd64 1.4.5-0ubuntu0.20.04.1 [44.2 kB]
Get:247 http://archive.ubuntu.com/ubuntu focal/main amd64 libogg0 amd64 1.3.4-0ubuntu1 [24.0 kB]
Get:248 http://archive.ubuntu.com/ubuntu focal/main amd64 libvorbis0a amd64 1.3.6-2ubuntu1 [87.0 kB]
Get:249 http://archive.ubuntu.com/ubuntu focal/main amd64 libvorbisfile3 amd64 1.3.6-2ubuntu1 [16.1 kB]
Get:250 http://archive.ubuntu.com/ubuntu focal/main amd64 sound-theme-freedesktop all 0.8-2ubuntu1 [384 kB]
Get:251 http://archive.ubuntu.com/ubuntu focal/main amd64 libcanberra0 amd64 0.30-7ubuntu1 [38.1 kB]
Get:252 http://archive.ubuntu.com/ubuntu focal-updates/main amd64 lib32stdc++6 amd64 10.5.0-1ubuntu1~20.04 [522 kB]
Get:253 http://archive.ubuntu.com/ubuntu focal-updates/universe amd64 libclang-rt-18-dev amd64 1:18.1.8-11~20.04.2 [3462 kB]
Get:254 http://archive.ubuntu.com/ubuntu focal/universe amd64 libconfig++9v5 amd64 1.5-0.4build1 [32.2 kB]
Get:255 http://archive.ubuntu.com/ubuntu focal/universe amd64 libconfig9 amd64 1.5-0.4build1 [22.3 kB]
Get:256 http://archive.ubuntu.com/ubuntu focal/main amd64 pkg-config amd64 0.29.1-0ubuntu4 [45.5 kB]
Get:257 http://archive.ubuntu.com/ubuntu focal/universe amd64 libconfig-dev amd64 1.5-0.4build1 [51.7 kB]
Get:258 http://archive.ubuntu.com/ubuntu focal/universe amd64 libconfig++-dev amd64 1.5-0.4build1 [35.2 kB]
Get:259 http://archive.ubuntu.com/ubuntu focal/universe amd64 libconfig-doc all 1.5-0.4build1 [306 kB]
Get:260 http://archive.ubuntu.com/ubuntu focal-updates/main amd64 libexpat1-dev amd64 2.2.9-1ubuntu0.8 [117 kB]
Get:261 http://archive.ubuntu.com/ubuntu focal/main amd64 libfile-fcntllock-perl amd64 0.22-3build4 [33.1 kB]
Get:262 http://archive.ubuntu.com/ubuntu focal/main amd64 libgpm2 amd64 1.20.7-5 [15.1 kB]
Get:263 http://archive.ubuntu.com/ubuntu focal/universe amd64 libgts-bin amd64 0.7.6+darcs121130-4 [41.3 kB]
Get:264 http://archive.ubuntu.com/ubuntu focal-updates/main amd64 libicu-dev amd64 66.1-2ubuntu2.1 [9451 kB]
Get:265 http://archive.ubuntu.com/ubuntu focal-updates/main amd64 libncurses-dev amd64 6.2-0ubuntu2.1 [340 kB]
Get:266 http://archive.ubuntu.com/ubuntu focal-updates/main amd64 libpython3.8-dev amd64 3.8.10-0ubuntu1~20.04.18 [3950 kB]
Get:267 http://archive.ubuntu.com/ubuntu focal/main amd64 libpython3-dev amd64 3.8.2-0ubuntu2 [7236 B]
Get:268 http://archive.ubuntu.com/ubuntu focal-updates/main amd64 libsasl2-modules amd64 2.1.27+dfsg-2ubuntu0.1 [48.8 kB]
Get:269 http://archive.ubuntu.com/ubuntu focal-updates/main amd64 libunwind8 amd64 1.2.1-9ubuntu0.1 [47.7 kB]
Get:270 http://archive.ubuntu.com/ubuntu focal-updates/main amd64 liblzma-dev amd64 5.2.4-1ubuntu1.1 [147 kB]
Get:271 http://archive.ubuntu.com/ubuntu focal-updates/main amd64 libunwind-dev amd64 1.2.1-9ubuntu0.1 [472 kB]
Get:272 http://archive.ubuntu.com/ubuntu focal-updates/main amd64 libxml2-dev amd64 2.9.10+dfsg-5ubuntu0.20.04.10 [735 kB]
Get:273 http://archive.ubuntu.com/ubuntu focal-updates/main amd64 linux-tools-common all 5.4.0-216.236 [197 kB]
Get:274 http://archive.ubuntu.com/ubuntu focal-updates/main amd64 linux-tools-5.4.0-216 amd64 5.4.0-216.236 [5599 kB]
Get:275 http://archive.ubuntu.com/ubuntu focal-updates/main amd64 linux-tools-5.4.0-216-generic amd64 5.4.0-216.236 [2000 B]
Get:276 http://archive.ubuntu.com/ubuntu focal-updates/main amd64 linux-tools-generic amd64 5.4.0.216.208 [2336 B]
Get:277 http://archive.ubuntu.com/ubuntu focal-updates/universe amd64 llvm-18-runtime amd64 1:18.1.8-11~20.04.2 [484 kB]
Get:278 http://archive.ubuntu.com/ubuntu focal/main amd64 libpfm4 amd64 4.10.1+git20-g7700f49-2 [266 kB]
Get:279 http://archive.ubuntu.com/ubuntu focal-updates/universe amd64 llvm-18 amd64 1:18.1.8-11~20.04.2 [22.6 MB]
Get:280 http://archive.ubuntu.com/ubuntu focal/main amd64 libffi-dev amd64 3.3-4 [57.0 kB]
Get:281 http://archive.ubuntu.com/ubuntu focal-updates/main amd64 python3-pygments all 2.3.1+dfsg-1ubuntu2.2 [579 kB]
Get:282 http://archive.ubuntu.com/ubuntu focal-updates/universe amd64 llvm-18-tools amd64 1:18.1.8-11~20.04.2 [468 kB]
Get:283 http://archive.ubuntu.com/ubuntu focal/universe amd64 libz3-4 amd64 4.8.7-4build1 [6792 kB]
Get:284 http://archive.ubuntu.com/ubuntu focal/universe amd64 libz3-dev amd64 4.8.7-4build1 [67.5 kB]
Get:285 http://archive.ubuntu.com/ubuntu focal-updates/universe amd64 llvm-18-dev amd64 1:18.1.8-11~20.04.2 [41.8 MB]
Get:286 http://archive.ubuntu.com/ubuntu focal/main amd64 manpages-dev all 5.05-1 [2266 kB]
Get:287 http://archive.ubuntu.com/ubuntu focal-updates/universe amd64 python-pip-whl all 20.0.2-5ubuntu1.11 [1808 kB]
Get:288 http://archive.ubuntu.com/ubuntu focal-updates/main amd64 zlib1g-dev amd64 1:1.2.11.dfsg-2ubuntu1.5 [155 kB]
Get:289 http://archive.ubuntu.com/ubuntu focal-updates/main amd64 python3.8-dev amd64 3.8.10-0ubuntu1~20.04.18 [514 kB]
Get:290 http://archive.ubuntu.com/ubuntu focal-updates/main amd64 python3-lib2to3 all 3.8.10-0ubuntu1~20.04 [76.3 kB]
Get:291 http://archive.ubuntu.com/ubuntu focal-updates/main amd64 python3-distutils all 3.8.10-0ubuntu1~20.04 [141 kB]
Get:292 http://archive.ubuntu.com/ubuntu focal/main amd64 python3-dev amd64 3.8.2-0ubuntu2 [1212 B]
Get:293 http://archive.ubuntu.com/ubuntu focal-updates/main amd64 python3-setuptools all 45.2.0-1ubuntu0.3 [330 kB]
Get:294 http://archive.ubuntu.com/ubuntu focal-updates/universe amd64 python3-wheel all 0.34.2-1ubuntu0.1 [23.9 kB]
Get:295 http://archive.ubuntu.com/ubuntu focal-updates/universe amd64 python3-pip all 20.0.2-5ubuntu1.11 [231 kB]
Get:296 http://archive.ubuntu.com/ubuntu focal-updates/main amd64 unzip amd64 6.0-25ubuntu1.2 [169 kB]
Get:297 http://archive.ubuntu.com/ubuntu focal-updates/main amd64 vim-runtime all 2:8.1.2269-1ubuntu5.32 [5876 kB]
Get:298 http://archive.ubuntu.com/ubuntu focal-updates/main amd64 vim amd64 2:8.1.2269-1ubuntu5.32 [1241 kB]
Get:299 http://archive.ubuntu.com/ubuntu focal/main amd64 zip amd64 3.0-11build1 [167 kB]
Get:300 http://archive.ubuntu.com/ubuntu focal-updates/universe amd64 gosu amd64 1.10-1ubuntu0.20.04.2 [525 kB]
Get:301 http://archive.ubuntu.com/ubuntu focal-updates/main amd64 libc6-dbg amd64 2.31-0ubuntu9.18 [20.2 MB]
Get:302 http://archive.ubuntu.com/ubuntu focal-updates/main amd64 liblz4-dev amd64 1.9.2-2ubuntu0.20.04.1 [74.9 kB]
Get:303 http://archive.ubuntu.com/ubuntu focal/main amd64 libsnappy1v5 amd64 1.1.8-1build1 [16.7 kB]
Get:304 http://archive.ubuntu.com/ubuntu focal/main amd64 libsnappy-dev amd64 1.1.8-1build1 [29.0 kB]
[91mdebconf: delaying package configuration, since apt-utils is not installed
[0mFetched 356 MB in 25s (14.4 MB/s)
(Reading database ... (Reading database ... 5%(Reading database ... 10%(Reading database ... 15%(Reading database ... 20%(Reading database ... 25%(Reading database ... 30%(Reading database ... 35%(Reading database ... 40%(Reading database ... 45%(Reading database ... 50%(Reading database ... 55%(Reading database ... 60%(Reading database ... 65%(Reading database ... 70%(Reading database ... 75%(Reading database ... 80%(Reading database ... 85%(Reading database ... 90%(Reading database ... 95%(Reading database ... 100%(Reading database ... 4124 files and directories currently installed.)
Preparing to unpack .../libc6_2.31-0ubuntu9.18_amd64.deb ...
Unpacking libc6:amd64 (2.31-0ubuntu9.18) over (2.31-0ubuntu9.17) ...
Setting up libc6:amd64 (2.31-0ubuntu9.18) ...
Selecting previously unselected package liblocale-gettext-perl.
(Reading database ... (Reading database ... 5%(Reading database ... 10%(Reading database ... 15%(Reading database ... 20%(Reading database ... 25%(Reading database ... 30%(Reading database ... 35%(Reading database ... 40%(Reading database ... 45%(Reading database ... 50%(Reading database ... 55%(Reading database ... 60%(Reading database ... 65%(Reading database ... 70%(Reading database ... 75%(Reading database ... 80%(Reading database ... 85%(Reading database ... 90%(Reading database ... 95%(Reading database ... 100%(Reading database ... 4124 files and directories currently installed.)
Preparing to unpack .../liblocale-gettext-perl_1.07-4_amd64.deb ...
Unpacking liblocale-gettext-perl (1.07-4) ...
Selecting previously unselected package libssl1.1:amd64.
Preparing to unpack .../libssl1.1_1.1.1f-1ubuntu2.24_amd64.deb ...
Unpacking libssl1.1:amd64 (1.1.1f-1ubuntu2.24) ...
Selecting previously unselected package libpython3.8-minimal:amd64.
Preparing to unpack .../libpython3.8-minimal_3.8.10-0ubuntu1~20.04.18_amd64.deb ...
Unpacking libpython3.8-minimal:amd64 (3.8.10-0ubuntu1~20.04.18) ...
Selecting previously unselected package libexpat1:amd64.
Preparing to unpack .../libexpat1_2.2.9-1ubuntu0.8_amd64.deb ...
Unpacking libexpat1:amd64 (2.2.9-1ubuntu0.8) ...
Selecting previously unselected package python3.8-minimal.
Preparing to unpack .../python3.8-minimal_3.8.10-0ubuntu1~20.04.18_amd64.deb ...
Unpacking python3.8-minimal (3.8.10-0ubuntu1~20.04.18) ...
Setting up libssl1.1:amd64 (1.1.1f-1ubuntu2.24) ...
Setting up libpython3.8-minimal:amd64 (3.8.10-0ubuntu1~20.04.18) ...
Setting up libexpat1:amd64 (2.2.9-1ubuntu0.8) ...
Setting up python3.8-minimal (3.8.10-0ubuntu1~20.04.18) ...
Selecting previously unselected package python3-minimal.
(Reading database ... (Reading database ... 5%(Reading database ... 10%(Reading database ... 15%(Reading database ... 20%(Reading database ... 25%(Reading database ... 30%(Reading database ... 35%(Reading database ... 40%(Reading database ... 45%(Reading database ... 50%(Reading database ... 55%(Reading database ... 60%(Reading database ... 65%(Reading database ... 70%(Reading database ... 75%(Reading database ... 80%(Reading database ... 85%(Reading database ... 90%(Reading database ... 95%(Reading database ... 100%(Reading database ... 4439 files and directories currently installed.)
Preparing to unpack .../0-python3-minimal_3.8.2-0ubuntu2_amd64.deb ...
Unpacking python3-minimal (3.8.2-0ubuntu2) ...
Selecting previously unselected package mime-support.
Preparing to unpack .../1-mime-support_3.64ubuntu1_all.deb ...
Unpacking mime-support (3.64ubuntu1) ...
Selecting previously unselected package libmpdec2:amd64.
Preparing to unpack .../2-libmpdec2_2.4.2-3_amd64.deb ...
Unpacking libmpdec2:amd64 (2.4.2-3) ...
Selecting previously unselected package readline-common.
Preparing to unpack .../3-readline-common_8.0-4_all.deb ...
Unpacking readline-common (8.0-4) ...
Selecting previously unselected package libreadline8:amd64.
Preparing to unpack .../4-libreadline8_8.0-4_amd64.deb ...
Unpacking libreadline8:amd64 (8.0-4) ...
Selecting previously unselected package libsqlite3-0:amd64.
Preparing to unpack .../5-libsqlite3-0_3.31.1-4ubuntu0.7_amd64.deb ...
Unpacking libsqlite3-0:amd64 (3.31.1-4ubuntu0.7) ...
Selecting previously unselected package libpython3.8-stdlib:amd64.
Preparing to unpack .../6-libpython3.8-stdlib_3.8.10-0ubuntu1~20.04.18_amd64.deb ...
Unpacking libpython3.8-stdlib:amd64 (3.8.10-0ubuntu1~20.04.18) ...
Selecting previously unselected package python3.8.
Preparing to unpack .../7-python3.8_3.8.10-0ubuntu1~20.04.18_amd64.deb ...
Unpacking python3.8 (3.8.10-0ubuntu1~20.04.18) ...
Selecting previously unselected package libpython3-stdlib:amd64.
Preparing to unpack .../8-libpython3-stdlib_3.8.2-0ubuntu2_amd64.deb ...
Unpacking libpython3-stdlib:amd64 (3.8.2-0ubuntu2) ...
Setting up python3-minimal (3.8.2-0ubuntu2) ...
Selecting previously unselected package python3.
(Reading database ... (Reading database ... 5%(Reading database ... 10%(Reading database ... 15%(Reading database ... 20%(Reading database ... 25%(Reading database ... 30%(Reading database ... 35%(Reading database ... 40%(Reading database ... 45%(Reading database ... 50%(Reading database ... 55%(Reading database ... 60%(Reading database ... 65%(Reading database ... 70%(Reading database ... 75%(Reading database ... 80%(Reading database ... 85%(Reading database ... 90%(Reading database ... 95%(Reading database ... 100%(Reading database ... 4869 files and directories currently installed.)
Preparing to unpack .../00-python3_3.8.2-0ubuntu2_amd64.deb ...
Unpacking python3 (3.8.2-0ubuntu2) ...
Selecting previously unselected package perl-modules-5.30.
Preparing to unpack .../01-perl-modules-5.30_5.30.0-9ubuntu0.5_all.deb ...
Unpacking perl-modules-5.30 (5.30.0-9ubuntu0.5) ...
Selecting previously unselected package libgdbm6:amd64.
Preparing to unpack .../02-libgdbm6_1.18.1-5_amd64.deb ...
Unpacking libgdbm6:amd64 (1.18.1-5) ...
Selecting previously unselected package libgdbm-compat4:amd64.
Preparing to unpack .../03-libgdbm-compat4_1.18.1-5_amd64.deb ...
Unpacking libgdbm-compat4:amd64 (1.18.1-5) ...
Selecting previously unselected package libperl5.30:amd64.
Preparing to unpack .../04-libperl5.30_5.30.0-9ubuntu0.5_amd64.deb ...
Unpacking libperl5.30:amd64 (5.30.0-9ubuntu0.5) ...
Selecting previously unselected package perl.
Preparing to unpack .../05-perl_5.30.0-9ubuntu0.5_amd64.deb ...
Unpacking perl (5.30.0-9ubuntu0.5) ...
Selecting previously unselected package libpython2.7-minimal:amd64.
Preparing to unpack .../06-libpython2.7-minimal_2.7.18-1~20.04.7_amd64.deb ...
Unpacking libpython2.7-minimal:amd64 (2.7.18-1~20.04.7) ...
Selecting previously unselected package python2.7-minimal.
Preparing to unpack .../07-python2.7-minimal_2.7.18-1~20.04.7_amd64.deb ...
Unpacking python2.7-minimal (2.7.18-1~20.04.7) ...
Selecting previously unselected package python2-minimal.
Preparing to unpack .../08-python2-minimal_2.7.17-2ubuntu4_amd64.deb ...
Unpacking python2-minimal (2.7.17-2ubuntu4) ...
Selecting previously unselected package libpython2.7-stdlib:amd64.
Preparing to unpack .../09-libpython2.7-stdlib_2.7.18-1~20.04.7_amd64.deb ...
Unpacking libpython2.7-stdlib:amd64 (2.7.18-1~20.04.7) ...
Selecting previously unselected package python2.7.
Preparing to unpack .../10-python2.7_2.7.18-1~20.04.7_amd64.deb ...
Unpacking python2.7 (2.7.18-1~20.04.7) ...
Selecting previously unselected package libpython2-stdlib:amd64.
Preparing to unpack .../11-libpython2-stdlib_2.7.17-2ubuntu4_amd64.deb ...
Unpacking libpython2-stdlib:amd64 (2.7.17-2ubuntu4) ...
Setting up libpython2.7-minimal:amd64 (2.7.18-1~20.04.7) ...
Setting up python2.7-minimal (2.7.18-1~20.04.7) ...
Setting up python2-minimal (2.7.17-2ubuntu4) ...
Selecting previously unselected package python2.
(Reading database ... (Reading database ... 5%(Reading database ... 10%(Reading database ... 15%(Reading database ... 20%(Reading database ... 25%(Reading database ... 30%(Reading database ... 35%(Reading database ... 40%(Reading database ... 45%(Reading database ... 50%(Reading database ... 55%(Reading database ... 60%(Reading database ... 65%(Reading database ... 70%(Reading database ... 75%(Reading database ... 80%(Reading database ... 85%(Reading database ... 90%(Reading database ... 95%(Reading database ... 100%(Reading database ... 7599 files and directories currently installed.)
Preparing to unpack .../python2_2.7.17-2ubuntu4_amd64.deb ...
Unpacking python2 (2.7.17-2ubuntu4) ...
Preparing to unpack .../gpgv_2.2.19-3ubuntu2.5_amd64.deb ...
Unpacking gpgv (2.2.19-3ubuntu2.5) over (2.2.19-3ubuntu2.4) ...
Setting up gpgv (2.2.19-3ubuntu2.5) ...
Selecting previously unselected package openssl.
(Reading database ... (Reading database ... 5%(Reading database ... 10%(Reading database ... 15%(Reading database ... 20%(Reading database ... 25%(Reading database ... 30%(Reading database ... 35%(Reading database ... 40%(Reading database ... 45%(Reading database ... 50%(Reading database ... 55%(Reading database ... 60%(Reading database ... 65%(Reading database ... 70%(Reading database ... 75%(Reading database ... 80%(Reading database ... 85%(Reading database ... 90%(Reading database ... 95%(Reading database ... 100%(Reading database ... 7631 files and directories currently installed.)
Preparing to unpack .../000-openssl_1.1.1f-1ubuntu2.24_amd64.deb ...
Unpacking openssl (1.1.1f-1ubuntu2.24) ...
Selecting previously unselected package ca-certificates.
Preparing to unpack .../001-ca-certificates_20240203~20.04.1_all.deb ...
Unpacking ca-certificates (20240203~20.04.1) ...
Selecting previously unselected package distro-info-data.
Preparing to unpack .../002-distro-info-data_0.43ubuntu1.20_all.deb ...
Unpacking distro-info-data (0.43ubuntu1.20) ...
Selecting previously unselected package libmagic-mgc.
Preparing to unpack .../003-libmagic-mgc_1%3a5.38-4_amd64.deb ...
Unpacking libmagic-mgc (1:5.38-4) ...
Selecting previously unselected package libmagic1:amd64.
Preparing to unpack .../004-libmagic1_1%3a5.38-4_amd64.deb ...
Unpacking libmagic1:amd64 (1:5.38-4) ...
Selecting previously unselected package file.
Preparing to unpack .../005-file_1%3a5.38-4_amd64.deb ...
Unpacking file (1:5.38-4) ...
Selecting previously unselected package less.
Preparing to unpack .../006-less_551-1ubuntu0.3_amd64.deb ...
Unpacking less (551-1ubuntu0.3) ...
Selecting previously unselected package libbsd0:amd64.
Preparing to unpack .../007-libbsd0_0.10.0-1_amd64.deb ...
Unpacking libbsd0:amd64 (0.10.0-1) ...
Selecting previously unselected package libcap2:amd64.
Preparing to unpack .../008-libcap2_1%3a2.32-1ubuntu0.2_amd64.deb ...
Unpacking libcap2:amd64 (1:2.32-1ubuntu0.2) ...
Selecting previously unselected package libelf1:amd64.
Preparing to unpack .../009-libelf1_0.176-1.1ubuntu0.1_amd64.deb ...
Unpacking libelf1:amd64 (0.176-1.1ubuntu0.1) ...
Selecting previously unselected package libfribidi0:amd64.
Preparing to unpack .../010-libfribidi0_1.0.8-2ubuntu0.1_amd64.deb ...
Unpacking libfribidi0:amd64 (1.0.8-2ubuntu0.1) ...
Selecting previously unselected package libglib2.0-0:amd64.
Preparing to unpack .../011-libglib2.0-0_2.64.6-1~ubuntu20.04.9_amd64.deb ...
Unpacking libglib2.0-0:amd64 (2.64.6-1~ubuntu20.04.9) ...
Selecting previously unselected package libglib2.0-data.
Preparing to unpack .../012-libglib2.0-data_2.64.6-1~ubuntu20.04.9_all.deb ...
Unpacking libglib2.0-data (2.64.6-1~ubuntu20.04.9) ...
Selecting previously unselected package tzdata.
Preparing to unpack .../013-tzdata_2025b-0ubuntu0.20.04.1_all.deb ...
Unpacking tzdata (2025b-0ubuntu0.20.04.1) ...
Selecting previously unselected package libicu66:amd64.
Preparing to unpack .../014-libicu66_66.1-2ubuntu2.1_amd64.deb ...
Unpacking libicu66:amd64 (66.1-2ubuntu2.1) ...
Selecting previously unselected package libslang2:amd64.
Preparing to unpack .../015-libslang2_2.3.2-4_amd64.deb ...
Unpacking libslang2:amd64 (2.3.2-4) ...
Selecting previously unselected package libxml2:amd64.
Preparing to unpack .../016-libxml2_2.9.10+dfsg-5ubuntu0.20.04.10_amd64.deb ...
Unpacking libxml2:amd64 (2.9.10+dfsg-5ubuntu0.20.04.10) ...
Selecting previously unselected package libyaml-0-2:amd64.
Preparing to unpack .../017-libyaml-0-2_0.2.2-1_amd64.deb ...
Unpacking libyaml-0-2:amd64 (0.2.2-1) ...
Selecting previously unselected package lsb-release.
Preparing to unpack .../018-lsb-release_11.1.0ubuntu2_all.deb ...
Unpacking lsb-release (11.1.0ubuntu2) ...
Selecting previously unselected package netbase.
Preparing to unpack .../019-netbase_6.1_all.deb ...
Unpacking netbase (6.1) ...
Selecting previously unselected package python3-pkg-resources.
Preparing to unpack .../020-python3-pkg-resources_45.2.0-1ubuntu0.3_all.deb ...
Unpacking python3-pkg-resources (45.2.0-1ubuntu0.3) ...
Selecting previously unselected package python3-yaml.
Preparing to unpack .../021-python3-yaml_5.3.1-1ubuntu0.1_amd64.deb ...
Unpacking python3-yaml (5.3.1-1ubuntu0.1) ...
Selecting previously unselected package shared-mime-info.
Preparing to unpack .../022-shared-mime-info_1.15-1_amd64.deb ...
Unpacking shared-mime-info (1.15-1) ...
Selecting previously unselected package sudo.
Preparing to unpack .../023-sudo_1.8.31-1ubuntu1.5_amd64.deb ...
Unpacking sudo (1.8.31-1ubuntu1.5) ...
Selecting previously unselected package ucf.
Preparing to unpack .../024-ucf_3.0038+nmu1_all.deb ...
Moving old data out of the way
Unpacking ucf (3.0038+nmu1) ...
Selecting previously unselected package xxd.
Preparing to unpack .../025-xxd_2%3a8.1.2269-1ubuntu5.32_amd64.deb ...
Unpacking xxd (2:8.1.2269-1ubuntu5.32) ...
Selecting previously unselected package vim-common.
Preparing to unpack .../026-vim-common_2%3a8.1.2269-1ubuntu5.32_all.deb ...
Unpacking vim-common (2:8.1.2269-1ubuntu5.32) ...
Selecting previously unselected package xdg-user-dirs.
Preparing to unpack .../027-xdg-user-dirs_0.17-2ubuntu1_amd64.deb ...
Unpacking xdg-user-dirs (0.17-2ubuntu1) ...
Selecting previously unselected package xz-utils.
Preparing to unpack .../028-xz-utils_5.2.4-1ubuntu1.1_amd64.deb ...
Unpacking xz-utils (5.2.4-1ubuntu1.1) ...
Selecting previously unselected package krb5-locales.
Preparing to unpack .../029-krb5-locales_1.17-6ubuntu4.11_all.deb ...
Unpacking krb5-locales (1.17-6ubuntu4.11) ...
Selecting previously unselected package libcbor0.6:amd64.
Preparing to unpack .../030-libcbor0.6_0.6.0-0ubuntu1_amd64.deb ...
Unpacking libcbor0.6:amd64 (0.6.0-0ubuntu1) ...
Selecting previously unselected package libedit2:amd64.
Preparing to unpack .../031-libedit2_3.1-20191231-1_amd64.deb ...
Unpacking libedit2:amd64 (3.1-20191231-1) ...
Selecting previously unselected package libfido2-1:amd64.
Preparing to unpack .../032-libfido2-1_1.3.1-1ubuntu2_amd64.deb ...
Unpacking libfido2-1:amd64 (1.3.1-1ubuntu2) ...
Selecting previously unselected package libkrb5support0:amd64.
Preparing to unpack .../033-libkrb5support0_1.17-6ubuntu4.11_amd64.deb ...
Unpacking libkrb5support0:amd64 (1.17-6ubuntu4.11) ...
Selecting previously unselected package libk5crypto3:amd64.
Preparing to unpack .../034-libk5crypto3_1.17-6ubuntu4.11_amd64.deb ...
Unpacking libk5crypto3:amd64 (1.17-6ubuntu4.11) ...
Selecting previously unselected package libkeyutils1:amd64.
Preparing to unpack .../035-libkeyutils1_1.6-6ubuntu1.1_amd64.deb ...
Unpacking libkeyutils1:amd64 (1.6-6ubuntu1.1) ...
Selecting previously unselected package libkrb5-3:amd64.
Preparing to unpack .../036-libkrb5-3_1.17-6ubuntu4.11_amd64.deb ...
Unpacking libkrb5-3:amd64 (1.17-6ubuntu4.11) ...
Selecting previously unselected package libgssapi-krb5-2:amd64.
Preparing to unpack .../037-libgssapi-krb5-2_1.17-6ubuntu4.11_amd64.deb ...
Unpacking libgssapi-krb5-2:amd64 (1.17-6ubuntu4.11) ...
Selecting previously unselected package libnuma1:amd64.
Preparing to unpack .../038-libnuma1_2.0.12-1_amd64.deb ...
Unpacking libnuma1:amd64 (2.0.12-1) ...
Selecting previously unselected package pci.ids.
Preparing to unpack .../039-pci.ids_0.0~2020.03.20-1_all.deb ...
Unpacking pci.ids (0.0~2020.03.20-1) ...
Selecting previously unselected package libpci3:amd64.
Preparing to unpack .../040-libpci3_1%3a3.6.4-1ubuntu0.20.04.1_amd64.deb ...
Unpacking libpci3:amd64 (1:3.6.4-1ubuntu0.20.04.1) ...
Selecting previously unselected package libpipeline1:amd64.
Preparing to unpack .../041-libpipeline1_1.5.2-2build1_amd64.deb ...
Unpacking libpipeline1:amd64 (1.5.2-2build1) ...
Selecting previously unselected package libpng16-16:amd64.
Preparing to unpack .../042-libpng16-16_1.6.37-2_amd64.deb ...
Unpacking libpng16-16:amd64 (1.6.37-2) ...
Selecting previously unselected package libpsl5:amd64.
Preparing to unpack .../043-libpsl5_0.21.0-1ubuntu1_amd64.deb ...
Unpacking libpsl5:amd64 (0.21.0-1ubuntu1) ...
Selecting previously unselected package libuv1:amd64.
Preparing to unpack .../044-libuv1_1.34.2-1ubuntu1.5_amd64.deb ...
Unpacking libuv1:amd64 (1.34.2-1ubuntu1.5) ...
Selecting previously unselected package libxau6:amd64.
Preparing to unpack .../045-libxau6_1%3a1.0.9-0ubuntu1_amd64.deb ...
Unpacking libxau6:amd64 (1:1.0.9-0ubuntu1) ...
Selecting previously unselected package libxdmcp6:amd64.
Preparing to unpack .../046-libxdmcp6_1%3a1.1.3-0ubuntu1_amd64.deb ...
Unpacking libxdmcp6:amd64 (1:1.1.3-0ubuntu1) ...
Selecting previously unselected package libxcb1:amd64.
Preparing to unpack .../047-libxcb1_1.14-2_amd64.deb ...
Unpacking libxcb1:amd64 (1.14-2) ...
Selecting previously unselected package libx11-data.
Preparing to unpack .../048-libx11-data_2%3a1.6.9-2ubuntu1.6_all.deb ...
Unpacking libx11-data (2:1.6.9-2ubuntu1.6) ...
Selecting previously unselected package libx11-6:amd64.
Preparing to unpack .../049-libx11-6_2%3a1.6.9-2ubuntu1.6_amd64.deb ...
Unpacking libx11-6:amd64 (2:1.6.9-2ubuntu1.6) ...
Selecting previously unselected package libxext6:amd64.
Preparing to unpack .../050-libxext6_2%3a1.3.4-0ubuntu1_amd64.deb ...
Unpacking libxext6:amd64 (2:1.3.4-0ubuntu1) ...
Selecting previously unselected package libxmuu1:amd64.
Preparing to unpack .../051-libxmuu1_2%3a1.1.3-0ubuntu1_amd64.deb ...
Unpacking libxmuu1:amd64 (2:1.1.3-0ubuntu1) ...
Selecting previously unselected package manpages.
Preparing to unpack .../052-manpages_5.05-1_all.deb ...
Unpacking manpages (5.05-1) ...
Selecting previously unselected package openssh-client.
Preparing to unpack .../053-openssh-client_1%3a8.2p1-4ubuntu0.13_amd64.deb ...
Unpacking openssh-client (1:8.2p1-4ubuntu0.13) ...
Selecting previously unselected package publicsuffix.
Preparing to unpack .../054-publicsuffix_20200303.0012-1_all.deb ...
Unpacking publicsuffix (20200303.0012-1) ...
Selecting previously unselected package wget.
Preparing to unpack .../055-wget_1.20.3-1ubuntu2.1_amd64.deb ...
Unpacking wget (1.20.3-1ubuntu2.1) ...
Selecting previously unselected package xauth.
Preparing to unpack .../056-xauth_1%3a1.1-0ubuntu1_amd64.deb ...
Unpacking xauth (1:1.1-0ubuntu1) ...
Selecting previously unselected package alsa-topology-conf.
Preparing to unpack .../057-alsa-topology-conf_1.2.2-1_all.deb ...
Unpacking alsa-topology-conf (1.2.2-1) ...
Selecting previously unselected package alsa-ucm-conf.
Preparing to unpack .../058-alsa-ucm-conf_1.2.2-1ubuntu0.13_all.deb ...
Unpacking alsa-ucm-conf (1.2.2-1ubuntu0.13) ...
Selecting previously unselected package bc.
Preparing to unpack .../059-bc_1.07.1-2build1_amd64.deb ...
Unpacking bc (1.07.1-2build1) ...
Selecting previously unselected package binfmt-support.
Preparing to unpack .../060-binfmt-support_2.2.0-2_amd64.deb ...
Unpacking binfmt-support (2.2.0-2) ...
Selecting previously unselected package binutils-common:amd64.
Preparing to unpack .../061-binutils-common_2.34-6ubuntu1.11_amd64.deb ...
Unpacking binutils-common:amd64 (2.34-6ubuntu1.11) ...
Selecting previously unselected package libbinutils:amd64.
Preparing to unpack .../062-libbinutils_2.34-6ubuntu1.11_amd64.deb ...
Unpacking libbinutils:amd64 (2.34-6ubuntu1.11) ...
Selecting previously unselected package libctf-nobfd0:amd64.
Preparing to unpack .../063-libctf-nobfd0_2.34-6ubuntu1.11_amd64.deb ...
Unpacking libctf-nobfd0:amd64 (2.34-6ubuntu1.11) ...
Selecting previously unselected package libctf0:amd64.
Preparing to unpack .../064-libctf0_2.34-6ubuntu1.11_amd64.deb ...
Unpacking libctf0:amd64 (2.34-6ubuntu1.11) ...
Selecting previously unselected package binutils-x86-64-linux-gnu.
Preparing to unpack .../065-binutils-x86-64-linux-gnu_2.34-6ubuntu1.11_amd64.deb ...
Unpacking binutils-x86-64-linux-gnu (2.34-6ubuntu1.11) ...
Selecting previously unselected package binutils.
Preparing to unpack .../066-binutils_2.34-6ubuntu1.11_amd64.deb ...
Unpacking binutils (2.34-6ubuntu1.11) ...
Selecting previously unselected package libc-dev-bin.
Preparing to unpack .../067-libc-dev-bin_2.31-0ubuntu9.18_amd64.deb ...
Unpacking libc-dev-bin (2.31-0ubuntu9.18) ...
Selecting previously unselected package linux-libc-dev:amd64.
Preparing to unpack .../068-linux-libc-dev_5.4.0-216.236_amd64.deb ...
Unpacking linux-libc-dev:amd64 (5.4.0-216.236) ...
Selecting previously unselected package libcrypt-dev:amd64.
Preparing to unpack .../069-libcrypt-dev_1%3a4.4.10-10ubuntu4_amd64.deb ...
Unpacking libcrypt-dev:amd64 (1:4.4.10-10ubuntu4) ...
Selecting previously unselected package libc6-dev:amd64.
Preparing to unpack .../070-libc6-dev_2.31-0ubuntu9.18_amd64.deb ...
Unpacking libc6-dev:amd64 (2.31-0ubuntu9.18) ...
Selecting previously unselected package gcc-9-base:amd64.
Preparing to unpack .../071-gcc-9-base_9.4.0-1ubuntu1~20.04.2_amd64.deb ...
Unpacking gcc-9-base:amd64 (9.4.0-1ubuntu1~20.04.2) ...
Selecting previously unselected package libisl22:amd64.
Preparing to unpack .../072-libisl22_0.22.1-1_amd64.deb ...
Unpacking libisl22:amd64 (0.22.1-1) ...
Selecting previously unselected package libmpfr6:amd64.
Preparing to unpack .../073-libmpfr6_4.0.2-1_amd64.deb ...
Unpacking libmpfr6:amd64 (4.0.2-1) ...
Selecting previously unselected package libmpc3:amd64.
Preparing to unpack .../074-libmpc3_1.1.0-1_amd64.deb ...
Unpacking libmpc3:amd64 (1.1.0-1) ...
Selecting previously unselected package cpp-9.
Preparing to unpack .../075-cpp-9_9.4.0-1ubuntu1~20.04.2_amd64.deb ...
Unpacking cpp-9 (9.4.0-1ubuntu1~20.04.2) ...
Selecting previously unselected package cpp.
Preparing to unpack .../076-cpp_4%3a9.3.0-1ubuntu2_amd64.deb ...
Unpacking cpp (4:9.3.0-1ubuntu2) ...
Selecting previously unselected package libcc1-0:amd64.
Preparing to unpack .../077-libcc1-0_10.5.0-1ubuntu1~20.04_amd64.deb ...
Unpacking libcc1-0:amd64 (10.5.0-1ubuntu1~20.04) ...
Selecting previously unselected package libgomp1:amd64.
Preparing to unpack .../078-libgomp1_10.5.0-1ubuntu1~20.04_amd64.deb ...
Unpacking libgomp1:amd64 (10.5.0-1ubuntu1~20.04) ...
Selecting previously unselected package libitm1:amd64.
Preparing to unpack .../079-libitm1_10.5.0-1ubuntu1~20.04_amd64.deb ...
Unpacking libitm1:amd64 (10.5.0-1ubuntu1~20.04) ...
Selecting previously unselected package libatomic1:amd64.
Preparing to unpack .../080-libatomic1_10.5.0-1ubuntu1~20.04_amd64.deb ...
Unpacking libatomic1:amd64 (10.5.0-1ubuntu1~20.04) ...
Selecting previously unselected package libasan5:amd64.
Preparing to unpack .../081-libasan5_9.4.0-1ubuntu1~20.04.2_amd64.deb ...
Unpacking libasan5:amd64 (9.4.0-1ubuntu1~20.04.2) ...
Selecting previously unselected package liblsan0:amd64.
Preparing to unpack .../082-liblsan0_10.5.0-1ubuntu1~20.04_amd64.deb ...
Unpacking liblsan0:amd64 (10.5.0-1ubuntu1~20.04) ...
Selecting previously unselected package libtsan0:amd64.
Preparing to unpack .../083-libtsan0_10.5.0-1ubuntu1~20.04_amd64.deb ...
Unpacking libtsan0:amd64 (10.5.0-1ubuntu1~20.04) ...
Selecting previously unselected package libubsan1:amd64.
Preparing to unpack .../084-libubsan1_10.5.0-1ubuntu1~20.04_amd64.deb ...
Unpacking libubsan1:amd64 (10.5.0-1ubuntu1~20.04) ...
Selecting previously unselected package libquadmath0:amd64.
Preparing to unpack .../085-libquadmath0_10.5.0-1ubuntu1~20.04_amd64.deb ...
Unpacking libquadmath0:amd64 (10.5.0-1ubuntu1~20.04) ...
Selecting previously unselected package libgcc-9-dev:amd64.
Preparing to unpack .../086-libgcc-9-dev_9.4.0-1ubuntu1~20.04.2_amd64.deb ...
Unpacking libgcc-9-dev:amd64 (9.4.0-1ubuntu1~20.04.2) ...
Selecting previously unselected package gcc-9.
Preparing to unpack .../087-gcc-9_9.4.0-1ubuntu1~20.04.2_amd64.deb ...
Unpacking gcc-9 (9.4.0-1ubuntu1~20.04.2) ...
Selecting previously unselected package gcc.
Preparing to unpack .../088-gcc_4%3a9.3.0-1ubuntu2_amd64.deb ...
Unpacking gcc (4:9.3.0-1ubuntu2) ...
Selecting previously unselected package libstdc++-9-dev:amd64.
Preparing to unpack .../089-libstdc++-9-dev_9.4.0-1ubuntu1~20.04.2_amd64.deb ...
Unpacking libstdc++-9-dev:amd64 (9.4.0-1ubuntu1~20.04.2) ...
Selecting previously unselected package g++-9.
Preparing to unpack .../090-g++-9_9.4.0-1ubuntu1~20.04.2_amd64.deb ...
Unpacking g++-9 (9.4.0-1ubuntu1~20.04.2) ...
Selecting previously unselected package g++.
Preparing to unpack .../091-g++_4%3a9.3.0-1ubuntu2_amd64.deb ...
Unpacking g++ (4:9.3.0-1ubuntu2) ...
Selecting previously unselected package make.
Preparing to unpack .../092-make_4.2.1-1.2_amd64.deb ...
Unpacking make (4.2.1-1.2) ...
Selecting previously unselected package libdpkg-perl.
Preparing to unpack .../093-libdpkg-perl_1.19.7ubuntu3.2_all.deb ...
Unpacking libdpkg-perl (1.19.7ubuntu3.2) ...
Selecting previously unselected package patch.
Preparing to unpack .../094-patch_2.7.6-6_amd64.deb ...
Unpacking patch (2.7.6-6) ...
Selecting previously unselected package dpkg-dev.
Preparing to unpack .../095-dpkg-dev_1.19.7ubuntu3.2_all.deb ...
Unpacking dpkg-dev (1.19.7ubuntu3.2) ...
Selecting previously unselected package build-essential.
Preparing to unpack .../096-build-essential_12.8ubuntu1.1_amd64.deb ...
Unpacking build-essential (12.8ubuntu1.1) ...
Selecting previously unselected package libllvm18:amd64.
Preparing to unpack .../097-libllvm18_1%3a18.1.8-11~20.04.2_amd64.deb ...
Unpacking libllvm18:amd64 (1:18.1.8-11~20.04.2) ...
Selecting previously unselected package libclang-cpp18.
Preparing to unpack .../098-libclang-cpp18_1%3a18.1.8-11~20.04.2_amd64.deb ...
Unpacking libclang-cpp18 (1:18.1.8-11~20.04.2) ...
Selecting previously unselected package libasan6:amd64.
Preparing to unpack .../099-libasan6_10.5.0-1ubuntu1~20.04_amd64.deb ...
Unpacking libasan6:amd64 (10.5.0-1ubuntu1~20.04) ...
Selecting previously unselected package libgcc-10-dev:amd64.
Preparing to unpack .../100-libgcc-10-dev_10.5.0-1ubuntu1~20.04_amd64.deb ...
Unpacking libgcc-10-dev:amd64 (10.5.0-1ubuntu1~20.04) ...
Selecting previously unselected package libstdc++-10-dev:amd64.
Preparing to unpack .../101-libstdc++-10-dev_10.5.0-1ubuntu1~20.04_amd64.deb ...
Unpacking libstdc++-10-dev:amd64 (10.5.0-1ubuntu1~20.04) ...
Selecting previously unselected package libgc1c2:amd64.
Preparing to unpack .../102-libgc1c2_1%3a7.6.4-0.4ubuntu1_amd64.deb ...
Unpacking libgc1c2:amd64 (1:7.6.4-0.4ubuntu1) ...
Selecting previously unselected package libobjc4:amd64.
Preparing to unpack .../103-libobjc4_10.5.0-1ubuntu1~20.04_amd64.deb ...
Unpacking libobjc4:amd64 (10.5.0-1ubuntu1~20.04) ...
Selecting previously unselected package libobjc-10-dev:amd64.
Preparing to unpack .../104-libobjc-10-dev_10.5.0-1ubuntu1~20.04_amd64.deb ...
Unpacking libobjc-10-dev:amd64 (10.5.0-1ubuntu1~20.04) ...
Selecting previously unselected package libclang-common-18-dev:amd64.
Preparing to unpack .../105-libclang-common-18-dev_1%3a18.1.8-11~20.04.2_amd64.deb ...
Unpacking libclang-common-18-dev:amd64 (1:18.1.8-11~20.04.2) ...
Selecting previously unselected package llvm-18-linker-tools.
Preparing to unpack .../106-llvm-18-linker-tools_1%3a18.1.8-11~20.04.2_amd64.deb ...
Unpacking llvm-18-linker-tools (1:18.1.8-11~20.04.2) ...
Selecting previously unselected package libclang1-18.
Preparing to unpack .../107-libclang1-18_1%3a18.1.8-11~20.04.2_amd64.deb ...
Unpacking libclang1-18 (1:18.1.8-11~20.04.2) ...
Selecting previously unselected package clang-18.
Preparing to unpack .../108-clang-18_1%3a18.1.8-11~20.04.2_amd64.deb ...
Unpacking clang-18 (1:18.1.8-11~20.04.2) ...
Selecting previously unselected package clang-tools-18.
Preparing to unpack .../109-clang-tools-18_1%3a18.1.8-11~20.04.2_amd64.deb ...
Unpacking clang-tools-18 (1:18.1.8-11~20.04.2) ...
Selecting previously unselected package clang-tidy-18.
Preparing to unpack .../110-clang-tidy-18_1%3a18.1.8-11~20.04.2_amd64.deb ...
Unpacking clang-tidy-18 (1:18.1.8-11~20.04.2) ...
Selecting previously unselected package cmake-data.
Preparing to unpack .../111-cmake-data_3.16.3-1ubuntu1.20.04.1_all.deb ...
Unpacking cmake-data (3.16.3-1ubuntu1.20.04.1) ...
Selecting previously unselected package libarchive13:amd64.
Preparing to unpack .../112-libarchive13_3.4.0-2ubuntu1.5_amd64.deb ...
Unpacking libarchive13:amd64 (3.4.0-2ubuntu1.5) ...
Selecting previously unselected package libbrotli1:amd64.
Preparing to unpack .../113-libbrotli1_1.0.7-6ubuntu0.1_amd64.deb ...
Unpacking libbrotli1:amd64 (1.0.7-6ubuntu0.1) ...
Selecting previously unselected package libroken18-heimdal:amd64.
Preparing to unpack .../114-libroken18-heimdal_7.7.0+dfsg-1ubuntu1.4_amd64.deb ...
Unpacking libroken18-heimdal:amd64 (7.7.0+dfsg-1ubuntu1.4) ...
Selecting previously unselected package libasn1-8-heimdal:amd64.
Preparing to unpack .../115-libasn1-8-heimdal_7.7.0+dfsg-1ubuntu1.4_amd64.deb ...
Unpacking libasn1-8-heimdal:amd64 (7.7.0+dfsg-1ubuntu1.4) ...
Selecting previously unselected package libheimbase1-heimdal:amd64.
Preparing to unpack .../116-libheimbase1-heimdal_7.7.0+dfsg-1ubuntu1.4_amd64.deb ...
Unpacking libheimbase1-heimdal:amd64 (7.7.0+dfsg-1ubuntu1.4) ...
Selecting previously unselected package libhcrypto4-heimdal:amd64.
Preparing to unpack .../117-libhcrypto4-heimdal_7.7.0+dfsg-1ubuntu1.4_amd64.deb ...
Unpacking libhcrypto4-heimdal:amd64 (7.7.0+dfsg-1ubuntu1.4) ...
Selecting previously unselected package libwind0-heimdal:amd64.
Preparing to unpack .../118-libwind0-heimdal_7.7.0+dfsg-1ubuntu1.4_amd64.deb ...
Unpacking libwind0-heimdal:amd64 (7.7.0+dfsg-1ubuntu1.4) ...
Selecting previously unselected package libhx509-5-heimdal:amd64.
Preparing to unpack .../119-libhx509-5-heimdal_7.7.0+dfsg-1ubuntu1.4_amd64.deb ...
Unpacking libhx509-5-heimdal:amd64 (7.7.0+dfsg-1ubuntu1.4) ...
Selecting previously unselected package libkrb5-26-heimdal:amd64.
Preparing to unpack .../120-libkrb5-26-heimdal_7.7.0+dfsg-1ubuntu1.4_amd64.deb ...
Unpacking libkrb5-26-heimdal:amd64 (7.7.0+dfsg-1ubuntu1.4) ...
Selecting previously unselected package libheimntlm0-heimdal:amd64.
Preparing to unpack .../121-libheimntlm0-heimdal_7.7.0+dfsg-1ubuntu1.4_amd64.deb ...
Unpacking libheimntlm0-heimdal:amd64 (7.7.0+dfsg-1ubuntu1.4) ...
Selecting previously unselected package libgssapi3-heimdal:amd64.
Preparing to unpack .../122-libgssapi3-heimdal_7.7.0+dfsg-1ubuntu1.4_amd64.deb ...
Unpacking libgssapi3-heimdal:amd64 (7.7.0+dfsg-1ubuntu1.4) ...
Selecting previously unselected package libsasl2-modules-db:amd64.
Preparing to unpack .../123-libsasl2-modules-db_2.1.27+dfsg-2ubuntu0.1_amd64.deb ...
Unpacking libsasl2-modules-db:amd64 (2.1.27+dfsg-2ubuntu0.1) ...
Selecting previously unselected package libsasl2-2:amd64.
Preparing to unpack .../124-libsasl2-2_2.1.27+dfsg-2ubuntu0.1_amd64.deb ...
Unpacking libsasl2-2:amd64 (2.1.27+dfsg-2ubuntu0.1) ...
Selecting previously unselected package libldap-common.
Preparing to unpack .../125-libldap-common_2.4.49+dfsg-2ubuntu1.10_all.deb ...
Unpacking libldap-common (2.4.49+dfsg-2ubuntu1.10) ...
Selecting previously unselected package libldap-2.4-2:amd64.
Preparing to unpack .../126-libldap-2.4-2_2.4.49+dfsg-2ubuntu1.10_amd64.deb ...
Unpacking libldap-2.4-2:amd64 (2.4.49+dfsg-2ubuntu1.10) ...
Selecting previously unselected package libnghttp2-14:amd64.
Preparing to unpack .../127-libnghttp2-14_1.40.0-1ubuntu0.3_amd64.deb ...
Unpacking libnghttp2-14:amd64 (1.40.0-1ubuntu0.3) ...
Selecting previously unselected package librtmp1:amd64.
Preparing to unpack .../128-librtmp1_2.4+20151223.gitfa8646d.1-2build1_amd64.deb ...
Unpacking librtmp1:amd64 (2.4+20151223.gitfa8646d.1-2build1) ...
Selecting previously unselected package libssh-4:amd64.
Preparing to unpack .../129-libssh-4_0.9.3-2ubuntu2.5_amd64.deb ...
Unpacking libssh-4:amd64 (0.9.3-2ubuntu2.5) ...
Selecting previously unselected package libcurl4:amd64.
Preparing to unpack .../130-libcurl4_7.68.0-1ubuntu2.25_amd64.deb ...
Unpacking libcurl4:amd64 (7.68.0-1ubuntu2.25) ...
Selecting previously unselected package libjsoncpp1:amd64.
Preparing to unpack .../131-libjsoncpp1_1.7.4-3.1ubuntu2_amd64.deb ...
Unpacking libjsoncpp1:amd64 (1.7.4-3.1ubuntu2) ...
Selecting previously unselected package librhash0:amd64.
Preparing to unpack .../132-librhash0_1.3.9-1_amd64.deb ...
Unpacking librhash0:amd64 (1.3.9-1) ...
Selecting previously unselected package cmake.
Preparing to unpack .../133-cmake_3.16.3-1ubuntu1.20.04.1_amd64.deb ...
Unpacking cmake (3.16.3-1ubuntu1.20.04.1) ...
Selecting previously unselected package curl.
Preparing to unpack .../134-curl_7.68.0-1ubuntu2.25_amd64.deb ...
Unpacking curl (7.68.0-1ubuntu2.25) ...
Selecting previously unselected package libassuan0:amd64.
Preparing to unpack .../135-libassuan0_2.5.3-7ubuntu2_amd64.deb ...
Unpacking libassuan0:amd64 (2.5.3-7ubuntu2) ...
Selecting previously unselected package gpgconf.
Preparing to unpack .../136-gpgconf_2.2.19-3ubuntu2.5_amd64.deb ...
Unpacking gpgconf (2.2.19-3ubuntu2.5) ...
Selecting previously unselected package libksba8:amd64.
Preparing to unpack .../137-libksba8_1.3.5-2ubuntu0.20.04.2_amd64.deb ...
Unpacking libksba8:amd64 (1.3.5-2ubuntu0.20.04.2) ...
Selecting previously unselected package libnpth0:amd64.
Preparing to unpack .../138-libnpth0_1.6-1_amd64.deb ...
Unpacking libnpth0:amd64 (1.6-1) ...
Selecting previously unselected package dirmngr.
Preparing to unpack .../139-dirmngr_2.2.19-3ubuntu2.5_amd64.deb ...
Unpacking dirmngr (2.2.19-3ubuntu2.5) ...
Selecting previously unselected package libllvm10:amd64.
Preparing to unpack .../140-libllvm10_1%3a10.0.0-4ubuntu1_amd64.deb ...
Unpacking libllvm10:amd64 (1:10.0.0-4ubuntu1) ...
Selecting previously unselected package libclang1-10.
Preparing to unpack .../141-libclang1-10_1%3a10.0.0-4ubuntu1_amd64.deb ...
Unpacking libclang1-10 (1:10.0.0-4ubuntu1) ...
Selecting previously unselected package libxapian30:amd64.
Preparing to unpack .../142-libxapian30_1.4.14-2_amd64.deb ...
Unpacking libxapian30:amd64 (1.4.14-2) ...
Selecting previously unselected package doxygen.
Preparing to unpack .../143-doxygen_1.8.17-0ubuntu2_amd64.deb ...
Unpacking doxygen (1.8.17-0ubuntu2) ...
Selecting previously unselected package libfakeroot:amd64.
Preparing to unpack .../144-libfakeroot_1.24-1_amd64.deb ...
Unpacking libfakeroot:amd64 (1.24-1) ...
Selecting previously unselected package fakeroot.
Preparing to unpack .../145-fakeroot_1.24-1_amd64.deb ...
Unpacking fakeroot (1.24-1) ...
Selecting previously unselected package libfreetype6:amd64.
Preparing to unpack .../146-libfreetype6_2.10.1-2ubuntu0.4_amd64.deb ...
Unpacking libfreetype6:amd64 (2.10.1-2ubuntu0.4) ...
Selecting previously unselected package fonts-dejavu-core.
Preparing to unpack .../147-fonts-dejavu-core_2.37-1_all.deb ...
Unpacking fonts-dejavu-core (2.37-1) ...
Selecting previously unselected package fonts-liberation.
Preparing to unpack .../148-fonts-liberation_1%3a1.07.4-11_all.deb ...
Unpacking fonts-liberation (1:1.07.4-11) ...
Selecting previously unselected package fontconfig-config.
Preparing to unpack .../149-fontconfig-config_2.13.1-2ubuntu3_all.deb ...
Unpacking fontconfig-config (2.13.1-2ubuntu3) ...
Selecting previously unselected package libfontconfig1:amd64.
Preparing to unpack .../150-libfontconfig1_2.13.1-2ubuntu3_amd64.deb ...
Unpacking libfontconfig1:amd64 (2.13.1-2ubuntu3) ...
Selecting previously unselected package fontconfig.
Preparing to unpack .../151-fontconfig_2.13.1-2ubuntu3_amd64.deb ...
Unpacking fontconfig (2.13.1-2ubuntu3) ...
Selecting previously unselected package libdw1:amd64.
Preparing to unpack .../152-libdw1_0.176-1.1ubuntu0.1_amd64.deb ...
Unpacking libdw1:amd64 (0.176-1.1ubuntu0.1) ...
Selecting previously unselected package libbabeltrace1:amd64.
Preparing to unpack .../153-libbabeltrace1_1.5.8-1build1_amd64.deb ...
Unpacking libbabeltrace1:amd64 (1.5.8-1build1) ...
Selecting previously unselected package libpython3.8:amd64.
Preparing to unpack .../154-libpython3.8_3.8.10-0ubuntu1~20.04.18_amd64.deb ...
Unpacking libpython3.8:amd64 (3.8.10-0ubuntu1~20.04.18) ...
Selecting previously unselected package gdb.
Preparing to unpack .../155-gdb_9.2-0ubuntu1~20.04.2_amd64.deb ...
Unpacking gdb (9.2-0ubuntu1~20.04.2) ...
Selecting previously unselected package gdbserver.
Preparing to unpack .../156-gdbserver_9.2-0ubuntu1~20.04.2_amd64.deb ...
Unpacking gdbserver (9.2-0ubuntu1~20.04.2) ...
Selecting previously unselected package libcurl3-gnutls:amd64.
Preparing to unpack .../157-libcurl3-gnutls_7.68.0-1ubuntu2.25_amd64.deb ...
Unpacking libcurl3-gnutls:amd64 (7.68.0-1ubuntu2.25) ...
Selecting previously unselected package liberror-perl.
Preparing to unpack .../158-liberror-perl_0.17029-1_all.deb ...
Unpacking liberror-perl (0.17029-1) ...
Selecting previously unselected package git-man.
Preparing to unpack .../159-git-man_1%3a2.25.1-1ubuntu3.14_all.deb ...
Unpacking git-man (1:2.25.1-1ubuntu3.14) ...
Selecting previously unselected package git.
Preparing to unpack .../160-git_1%3a2.25.1-1ubuntu3.14_amd64.deb ...
Unpacking git (1:2.25.1-1ubuntu3.14) ...
Selecting previously unselected package gnupg-l10n.
Preparing to unpack .../161-gnupg-l10n_2.2.19-3ubuntu2.5_all.deb ...
Unpacking gnupg-l10n (2.2.19-3ubuntu2.5) ...
Selecting previously unselected package gnupg-utils.
Preparing to unpack .../162-gnupg-utils_2.2.19-3ubuntu2.5_amd64.deb ...
Unpacking gnupg-utils (2.2.19-3ubuntu2.5) ...
Selecting previously unselected package gpg.
Preparing to unpack .../163-gpg_2.2.19-3ubuntu2.5_amd64.deb ...
Unpacking gpg (2.2.19-3ubuntu2.5) ...
Selecting previously unselected package pinentry-curses.
Preparing to unpack .../164-pinentry-curses_1.1.0-3build1_amd64.deb ...
Unpacking pinentry-curses (1.1.0-3build1) ...
Selecting previously unselected package gpg-agent.
Preparing to unpack .../165-gpg-agent_2.2.19-3ubuntu2.5_amd64.deb ...
Unpacking gpg-agent (2.2.19-3ubuntu2.5) ...
Selecting previously unselected package gpg-wks-client.
Preparing to unpack .../166-gpg-wks-client_2.2.19-3ubuntu2.5_amd64.deb ...
Unpacking gpg-wks-client (2.2.19-3ubuntu2.5) ...
Selecting previously unselected package gpg-wks-server.
Preparing to unpack .../167-gpg-wks-server_2.2.19-3ubuntu2.5_amd64.deb ...
Unpacking gpg-wks-server (2.2.19-3ubuntu2.5) ...
Selecting previously unselected package gpgsm.
Preparing to unpack .../168-gpgsm_2.2.19-3ubuntu2.5_amd64.deb ...
Unpacking gpgsm (2.2.19-3ubuntu2.5) ...
Selecting previously unselected package gnupg.
Preparing to unpack .../169-gnupg_2.2.19-3ubuntu2.5_all.deb ...
Unpacking gnupg (2.2.19-3ubuntu2.5) ...
Selecting previously unselected package libann0.
Preparing to unpack .../170-libann0_1.1.2+doc-7build1_amd64.deb ...
Unpacking libann0 (1.1.2+doc-7build1) ...
Selecting previously unselected package libcdt5:amd64.
Preparing to unpack .../171-libcdt5_2.42.2-3build2_amd64.deb ...
Unpacking libcdt5:amd64 (2.42.2-3build2) ...
Selecting previously unselected package libcgraph6:amd64.
Preparing to unpack .../172-libcgraph6_2.42.2-3build2_amd64.deb ...
Unpacking libcgraph6:amd64 (2.42.2-3build2) ...
Selecting previously unselected package libjpeg-turbo8:amd64.
Preparing to unpack .../173-libjpeg-turbo8_2.0.3-0ubuntu1.20.04.3_amd64.deb ...
Unpacking libjpeg-turbo8:amd64 (2.0.3-0ubuntu1.20.04.3) ...
Selecting previously unselected package libjpeg8:amd64.
Preparing to unpack .../174-libjpeg8_8c-2ubuntu8_amd64.deb ...
Unpacking libjpeg8:amd64 (8c-2ubuntu8) ...
Selecting previously unselected package libjbig0:amd64.
Preparing to unpack .../175-libjbig0_2.1-3.1ubuntu0.20.04.1_amd64.deb ...
Unpacking libjbig0:amd64 (2.1-3.1ubuntu0.20.04.1) ...
Selecting previously unselected package libwebp6:amd64.
Preparing to unpack .../176-libwebp6_0.6.1-2ubuntu0.20.04.3_amd64.deb ...
Unpacking libwebp6:amd64 (0.6.1-2ubuntu0.20.04.3) ...
Selecting previously unselected package libtiff5:amd64.
Preparing to unpack .../177-libtiff5_4.1.0+git191117-2ubuntu0.20.04.14_amd64.deb ...
Unpacking libtiff5:amd64 (4.1.0+git191117-2ubuntu0.20.04.14) ...
Selecting previously unselected package libxpm4:amd64.
Preparing to unpack .../178-libxpm4_1%3a3.5.12-1ubuntu0.20.04.2_amd64.deb ...
Unpacking libxpm4:amd64 (1:3.5.12-1ubuntu0.20.04.2) ...
Selecting previously unselected package libgd3:amd64.
Preparing to unpack .../179-libgd3_2.2.5-5.2ubuntu2.4_amd64.deb ...
Unpacking libgd3:amd64 (2.2.5-5.2ubuntu2.4) ...
Selecting previously unselected package libgts-0.7-5:amd64.
Preparing to unpack .../180-libgts-0.7-5_0.7.6+darcs121130-4_amd64.deb ...
Unpacking libgts-0.7-5:amd64 (0.7.6+darcs121130-4) ...
Selecting previously unselected package libpixman-1-0:amd64.
Preparing to unpack .../181-libpixman-1-0_0.38.4-0ubuntu2.1_amd64.deb ...
Unpacking libpixman-1-0:amd64 (0.38.4-0ubuntu2.1) ...
Selecting previously unselected package libxcb-render0:amd64.
Preparing to unpack .../182-libxcb-render0_1.14-2_amd64.deb ...
Unpacking libxcb-render0:amd64 (1.14-2) ...
Selecting previously unselected package libxcb-shm0:amd64.
Preparing to unpack .../183-libxcb-shm0_1.14-2_amd64.deb ...
Unpacking libxcb-shm0:amd64 (1.14-2) ...
Selecting previously unselected package libxrender1:amd64.
Preparing to unpack .../184-libxrender1_1%3a0.9.10-1_amd64.deb ...
Unpacking libxrender1:amd64 (1:0.9.10-1) ...
Selecting previously unselected package libcairo2:amd64.
Preparing to unpack .../185-libcairo2_1.16.0-4ubuntu1_amd64.deb ...
Unpacking libcairo2:amd64 (1.16.0-4ubuntu1) ...
Selecting previously unselected package libltdl7:amd64.
Preparing to unpack .../186-libltdl7_2.4.6-14_amd64.deb ...
Unpacking libltdl7:amd64 (2.4.6-14) ...
Selecting previously unselected package libgraphite2-3:amd64.
Preparing to unpack .../187-libgraphite2-3_1.3.13-11build1_amd64.deb ...
Unpacking libgraphite2-3:amd64 (1.3.13-11build1) ...
Selecting previously unselected package libharfbuzz0b:amd64.
Preparing to unpack .../188-libharfbuzz0b_2.6.4-1ubuntu4.3_amd64.deb ...
Unpacking libharfbuzz0b:amd64 (2.6.4-1ubuntu4.3) ...
Selecting previously unselected package libthai-data.
Preparing to unpack .../189-libthai-data_0.1.28-3_all.deb ...
Unpacking libthai-data (0.1.28-3) ...
Selecting previously unselected package libdatrie1:amd64.
Preparing to unpack .../190-libdatrie1_0.2.12-3_amd64.deb ...
Unpacking libdatrie1:amd64 (0.2.12-3) ...
Selecting previously unselected package libthai0:amd64.
Preparing to unpack .../191-libthai0_0.1.28-3_amd64.deb ...
Unpacking libthai0:amd64 (0.1.28-3) ...
Selecting previously unselected package libpango-1.0-0:amd64.
Preparing to unpack .../192-libpango-1.0-0_1.44.7-2ubuntu4_amd64.deb ...
Unpacking libpango-1.0-0:amd64 (1.44.7-2ubuntu4) ...
Selecting previously unselected package libpangoft2-1.0-0:amd64.
Preparing to unpack .../193-libpangoft2-1.0-0_1.44.7-2ubuntu4_amd64.deb ...
Unpacking libpangoft2-1.0-0:amd64 (1.44.7-2ubuntu4) ...
Selecting previously unselected package libpangocairo-1.0-0:amd64.
Preparing to unpack .../194-libpangocairo-1.0-0_1.44.7-2ubuntu4_amd64.deb ...
Unpacking libpangocairo-1.0-0:amd64 (1.44.7-2ubuntu4) ...
Selecting previously unselected package libpathplan4:amd64.
Preparing to unpack .../195-libpathplan4_2.42.2-3build2_amd64.deb ...
Unpacking libpathplan4:amd64 (2.42.2-3build2) ...
Selecting previously unselected package libgvc6.
Preparing to unpack .../196-libgvc6_2.42.2-3build2_amd64.deb ...
Unpacking libgvc6 (2.42.2-3build2) ...
Selecting previously unselected package libgvpr2:amd64.
Preparing to unpack .../197-libgvpr2_2.42.2-3build2_amd64.deb ...
Unpacking libgvpr2:amd64 (2.42.2-3build2) ...
Selecting previously unselected package liblab-gamut1:amd64.
Preparing to unpack .../198-liblab-gamut1_2.42.2-3build2_amd64.deb ...
Unpacking liblab-gamut1:amd64 (2.42.2-3build2) ...
Selecting previously unselected package x11-common.
Preparing to unpack .../199-x11-common_1%3a7.7+19ubuntu14_all.deb ...
dpkg-query: no packages found matching nux-tools
Unpacking x11-common (1:7.7+19ubuntu14) ...
Selecting previously unselected package libice6:amd64.
Preparing to unpack .../200-libice6_2%3a1.0.10-0ubuntu1_amd64.deb ...
Unpacking libice6:amd64 (2:1.0.10-0ubuntu1) ...
Selecting previously unselected package libsm6:amd64.
Preparing to unpack .../201-libsm6_2%3a1.2.3-1_amd64.deb ...
Unpacking libsm6:amd64 (2:1.2.3-1) ...
Selecting previously unselected package libxt6:amd64.
Preparing to unpack .../202-libxt6_1%3a1.1.5-1_amd64.deb ...
Unpacking libxt6:amd64 (1:1.1.5-1) ...
Selecting previously unselected package libxmu6:amd64.
Preparing to unpack .../203-libxmu6_2%3a1.1.3-0ubuntu1_amd64.deb ...
Unpacking libxmu6:amd64 (2:1.1.3-0ubuntu1) ...
Selecting previously unselected package libxaw7:amd64.
Preparing to unpack .../204-libxaw7_2%3a1.0.13-1_amd64.deb ...
Unpacking libxaw7:amd64 (2:1.0.13-1) ...
Selecting previously unselected package graphviz.
Preparing to unpack .../205-graphviz_2.42.2-3build2_amd64.deb ...
Unpacking graphviz (2.42.2-3build2) ...
Selecting previously unselected package icu-devtools.
Preparing to unpack .../206-icu-devtools_66.1-2ubuntu2.1_amd64.deb ...
Unpacking icu-devtools (66.1-2ubuntu2.1) ...
Selecting previously unselected package libc6-i386.
Preparing to unpack .../207-libc6-i386_2.31-0ubuntu9.18_amd64.deb ...
Unpacking libc6-i386 (2.31-0ubuntu9.18) ...
Selecting previously unselected package lib32gcc-s1.
Preparing to unpack .../208-lib32gcc-s1_10.5.0-1ubuntu1~20.04_amd64.deb ...
Unpacking lib32gcc-s1 (10.5.0-1ubuntu1~20.04) ...
Selecting previously unselected package libalgorithm-diff-perl.
Preparing to unpack .../209-libalgorithm-diff-perl_1.19.03-2_all.deb ...
Unpacking libalgorithm-diff-perl (1.19.03-2) ...
Selecting previously unselected package libalgorithm-diff-xs-perl.
Preparing to unpack .../210-libalgorithm-diff-xs-perl_0.04-6_amd64.deb ...
Unpacking libalgorithm-diff-xs-perl (0.04-6) ...
Selecting previously unselected package libalgorithm-merge-perl.
Preparing to unpack .../211-libalgorithm-merge-perl_0.08-3_all.deb ...
Unpacking libalgorithm-merge-perl (0.08-3) ...
Selecting previously unselected package libasound2-data.
Preparing to unpack .../212-libasound2-data_1.2.2-2.1ubuntu2.5_all.deb ...
Unpacking libasound2-data (1.2.2-2.1ubuntu2.5) ...
Selecting previously unselected package libasound2:amd64.
Preparing to unpack .../213-libasound2_1.2.2-2.1ubuntu2.5_amd64.deb ...
Unpacking libasound2:amd64 (1.2.2-2.1ubuntu2.5) ...
Selecting previously unselected package libboost1.71-dev:amd64.
Preparing to unpack .../214-libboost1.71-dev_1.71.0-6ubuntu6_amd64.deb ...
Unpacking libboost1.71-dev:amd64 (1.71.0-6ubuntu6) ...
Selecting previously unselected package libboost-dev:amd64.
Preparing to unpack .../215-libboost-dev_1.71.0.0ubuntu2_amd64.deb ...
Unpacking libboost-dev:amd64 (1.71.0.0ubuntu2) ...
Selecting previously unselected package libtdb1:amd64.
Preparing to unpack .../216-libtdb1_1.4.5-0ubuntu0.20.04.1_amd64.deb ...
Unpacking libtdb1:amd64 (1.4.5-0ubuntu0.20.04.1) ...
Selecting previously unselected package libogg0:amd64.
Preparing to unpack .../217-libogg0_1.3.4-0ubuntu1_amd64.deb ...
Unpacking libogg0:amd64 (1.3.4-0ubuntu1) ...
Selecting previously unselected package libvorbis0a:amd64.
Preparing to unpack .../218-libvorbis0a_1.3.6-2ubuntu1_amd64.deb ...
Unpacking libvorbis0a:amd64 (1.3.6-2ubuntu1) ...
Selecting previously unselected package libvorbisfile3:amd64.
Preparing to unpack .../219-libvorbisfile3_1.3.6-2ubuntu1_amd64.deb ...
Unpacking libvorbisfile3:amd64 (1.3.6-2ubuntu1) ...
Selecting previously unselected package sound-theme-freedesktop.
Preparing to unpack .../220-sound-theme-freedesktop_0.8-2ubuntu1_all.deb ...
Unpacking sound-theme-freedesktop (0.8-2ubuntu1) ...
Selecting previously unselected package libcanberra0:amd64.
Preparing to unpack .../221-libcanberra0_0.30-7ubuntu1_amd64.deb ...
Unpacking libcanberra0:amd64 (0.30-7ubuntu1) ...
Selecting previously unselected package lib32stdc++6.
Preparing to unpack .../222-lib32stdc++6_10.5.0-1ubuntu1~20.04_amd64.deb ...
Unpacking lib32stdc++6 (10.5.0-1ubuntu1~20.04) ...
Selecting previously unselected package libclang-rt-18-dev:amd64.
Preparing to unpack .../223-libclang-rt-18-dev_1%3a18.1.8-11~20.04.2_amd64.deb ...
Unpacking libclang-rt-18-dev:amd64 (1:18.1.8-11~20.04.2) ...
Selecting previously unselected package libconfig++9v5:amd64.
Preparing to unpack .../224-libconfig++9v5_1.5-0.4build1_amd64.deb ...
Unpacking libconfig++9v5:amd64 (1.5-0.4build1) ...
Selecting previously unselected package libconfig9:amd64.
Preparing to unpack .../225-libconfig9_1.5-0.4build1_amd64.deb ...
Unpacking libconfig9:amd64 (1.5-0.4build1) ...
Selecting previously unselected package pkg-config.
Preparing to unpack .../226-pkg-config_0.29.1-0ubuntu4_amd64.deb ...
Unpacking pkg-config (0.29.1-0ubuntu4) ...
Selecting previously unselected package libconfig-dev:amd64.
Preparing to unpack .../227-libconfig-dev_1.5-0.4build1_amd64.deb ...
Unpacking libconfig-dev:amd64 (1.5-0.4build1) ...
Selecting previously unselected package libconfig++-dev:amd64.
Preparing to unpack .../228-libconfig++-dev_1.5-0.4build1_amd64.deb ...
Unpacking libconfig++-dev:amd64 (1.5-0.4build1) ...
Selecting previously unselected package libconfig-doc.
Preparing to unpack .../229-libconfig-doc_1.5-0.4build1_all.deb ...
Unpacking libconfig-doc (1.5-0.4build1) ...
Selecting previously unselected package libexpat1-dev:amd64.
Preparing to unpack .../230-libexpat1-dev_2.2.9-1ubuntu0.8_amd64.deb ...
Unpacking libexpat1-dev:amd64 (2.2.9-1ubuntu0.8) ...
Selecting previously unselected package libfile-fcntllock-perl.
Preparing to unpack .../231-libfile-fcntllock-perl_0.22-3build4_amd64.deb ...
Unpacking libfile-fcntllock-perl (0.22-3build4) ...
Selecting previously unselected package libgpm2:amd64.
Preparing to unpack .../232-libgpm2_1.20.7-5_amd64.deb ...
Unpacking libgpm2:amd64 (1.20.7-5) ...
Selecting previously unselected package libgts-bin.
Preparing to unpack .../233-libgts-bin_0.7.6+darcs121130-4_amd64.deb ...
Unpacking libgts-bin (0.7.6+darcs121130-4) ...
Selecting previously unselected package libicu-dev:amd64.
Preparing to unpack .../234-libicu-dev_66.1-2ubuntu2.1_amd64.deb ...
Unpacking libicu-dev:amd64 (66.1-2ubuntu2.1) ...
Selecting previously unselected package libncurses-dev:amd64.
Preparing to unpack .../235-libncurses-dev_6.2-0ubuntu2.1_amd64.deb ...
Unpacking libncurses-dev:amd64 (6.2-0ubuntu2.1) ...
Selecting previously unselected package libpython3.8-dev:amd64.
Preparing to unpack .../236-libpython3.8-dev_3.8.10-0ubuntu1~20.04.18_amd64.deb ...
Unpacking libpython3.8-dev:amd64 (3.8.10-0ubuntu1~20.04.18) ...
Selecting previously unselected package libpython3-dev:amd64.
Preparing to unpack .../237-libpython3-dev_3.8.2-0ubuntu2_amd64.deb ...
Unpacking libpython3-dev:amd64 (3.8.2-0ubuntu2) ...
Selecting previously unselected package libsasl2-modules:amd64.
Preparing to unpack .../238-libsasl2-modules_2.1.27+dfsg-2ubuntu0.1_amd64.deb ...
Unpacking libsasl2-modules:amd64 (2.1.27+dfsg-2ubuntu0.1) ...
Selecting previously unselected package libunwind8:amd64.
Preparing to unpack .../239-libunwind8_1.2.1-9ubuntu0.1_amd64.deb ...
Unpacking libunwind8:amd64 (1.2.1-9ubuntu0.1) ...
Selecting previously unselected package liblzma-dev:amd64.
Preparing to unpack .../240-liblzma-dev_5.2.4-1ubuntu1.1_amd64.deb ...
Unpacking liblzma-dev:amd64 (5.2.4-1ubuntu1.1) ...
Selecting previously unselected package libunwind-dev:amd64.
Preparing to unpack .../241-libunwind-dev_1.2.1-9ubuntu0.1_amd64.deb ...
Unpacking libunwind-dev:amd64 (1.2.1-9ubuntu0.1) ...
Selecting previously unselected package libxml2-dev:amd64.
Preparing to unpack .../242-libxml2-dev_2.9.10+dfsg-5ubuntu0.20.04.10_amd64.deb ...
Unpacking libxml2-dev:amd64 (2.9.10+dfsg-5ubuntu0.20.04.10) ...
Selecting previously unselected package linux-tools-common.
Preparing to unpack .../243-linux-tools-common_5.4.0-216.236_all.deb ...
Unpacking linux-tools-common (5.4.0-216.236) ...
Selecting previously unselected package linux-tools-5.4.0-216.
Preparing to unpack .../244-linux-tools-5.4.0-216_5.4.0-216.236_amd64.deb ...
Unpacking linux-tools-5.4.0-216 (5.4.0-216.236) ...
Selecting previously unselected package linux-tools-5.4.0-216-generic.
Preparing to unpack .../245-linux-tools-5.4.0-216-generic_5.4.0-216.236_amd64.deb ...
Unpacking linux-tools-5.4.0-216-generic (5.4.0-216.236) ...
Selecting previously unselected package linux-tools-generic.
Preparing to unpack .../246-linux-tools-generic_5.4.0.216.208_amd64.deb ...
Unpacking linux-tools-generic (5.4.0.216.208) ...
Selecting previously unselected package llvm-18-runtime.
Preparing to unpack .../247-llvm-18-runtime_1%3a18.1.8-11~20.04.2_amd64.deb ...
Unpacking llvm-18-runtime (1:18.1.8-11~20.04.2) ...
Selecting previously unselected package libpfm4:amd64.
Preparing to unpack .../248-libpfm4_4.10.1+git20-g7700f49-2_amd64.deb ...
Unpacking libpfm4:amd64 (4.10.1+git20-g7700f49-2) ...
Selecting previously unselected package llvm-18.
Preparing to unpack .../249-llvm-18_1%3a18.1.8-11~20.04.2_amd64.deb ...
Unpacking llvm-18 (1:18.1.8-11~20.04.2) ...
Selecting previously unselected package libffi-dev:amd64.
Preparing to unpack .../250-libffi-dev_3.3-4_amd64.deb ...
Unpacking libffi-dev:amd64 (3.3-4) ...
Selecting previously unselected package python3-pygments.
Preparing to unpack .../251-python3-pygments_2.3.1+dfsg-1ubuntu2.2_all.deb ...
Unpacking python3-pygments (2.3.1+dfsg-1ubuntu2.2) ...
Selecting previously unselected package llvm-18-tools.
Preparing to unpack .../252-llvm-18-tools_1%3a18.1.8-11~20.04.2_amd64.deb ...
Unpacking llvm-18-tools (1:18.1.8-11~20.04.2) ...
Selecting previously unselected package libz3-4:amd64.
Preparing to unpack .../253-libz3-4_4.8.7-4build1_amd64.deb ...
Unpacking libz3-4:amd64 (4.8.7-4build1) ...
Selecting previously unselected package libz3-dev:amd64.
Preparing to unpack .../254-libz3-dev_4.8.7-4build1_amd64.deb ...
Unpacking libz3-dev:amd64 (4.8.7-4build1) ...
Selecting previously unselected package llvm-18-dev.
Preparing to unpack .../255-llvm-18-dev_1%3a18.1.8-11~20.04.2_amd64.deb ...
Unpacking llvm-18-dev (1:18.1.8-11~20.04.2) ...
Selecting previously unselected package manpages-dev.
Preparing to unpack .../256-manpages-dev_5.05-1_all.deb ...
Unpacking manpages-dev (5.05-1) ...
Selecting previously unselected package python-pip-whl.
Preparing to unpack .../257-python-pip-whl_20.0.2-5ubuntu1.11_all.deb ...
Unpacking python-pip-whl (20.0.2-5ubuntu1.11) ...
Selecting previously unselected package zlib1g-dev:amd64.
Preparing to unpack .../258-zlib1g-dev_1%3a1.2.11.dfsg-2ubuntu1.5_amd64.deb ...
Unpacking zlib1g-dev:amd64 (1:1.2.11.dfsg-2ubuntu1.5) ...
Selecting previously unselected package python3.8-dev.
Preparing to unpack .../259-python3.8-dev_3.8.10-0ubuntu1~20.04.18_amd64.deb ...
Unpacking python3.8-dev (3.8.10-0ubuntu1~20.04.18) ...
Selecting previously unselected package python3-lib2to3.
Preparing to unpack .../260-python3-lib2to3_3.8.10-0ubuntu1~20.04_all.deb ...
Unpacking python3-lib2to3 (3.8.10-0ubuntu1~20.04) ...
Selecting previously unselected package python3-distutils.
Preparing to unpack .../261-python3-distutils_3.8.10-0ubuntu1~20.04_all.deb ...
Unpacking python3-distutils (3.8.10-0ubuntu1~20.04) ...
Selecting previously unselected package python3-dev.
Preparing to unpack .../262-python3-dev_3.8.2-0ubuntu2_amd64.deb ...
Unpacking python3-dev (3.8.2-0ubuntu2) ...
Selecting previously unselected package python3-setuptools.
Preparing to unpack .../263-python3-setuptools_45.2.0-1ubuntu0.3_all.deb ...
Unpacking python3-setuptools (45.2.0-1ubuntu0.3) ...
Selecting previously unselected package python3-wheel.
Preparing to unpack .../264-python3-wheel_0.34.2-1ubuntu0.1_all.deb ...
Unpacking python3-wheel (0.34.2-1ubuntu0.1) ...
Selecting previously unselected package python3-pip.
Preparing to unpack .../265-python3-pip_20.0.2-5ubuntu1.11_all.deb ...
Unpacking python3-pip (20.0.2-5ubuntu1.11) ...
Selecting previously unselected package unzip.
Preparing to unpack .../266-unzip_6.0-25ubuntu1.2_amd64.deb ...
Unpacking unzip (6.0-25ubuntu1.2) ...
Selecting previously unselected package vim-runtime.
Preparing to unpack .../267-vim-runtime_2%3a8.1.2269-1ubuntu5.32_all.deb ...
Adding 'diversion of /usr/share/vim/vim81/doc/help.txt to /usr/share/vim/vim81/doc/help.txt.vim-tiny by vim-runtime'
Adding 'diversion of /usr/share/vim/vim81/doc/tags to /usr/share/vim/vim81/doc/tags.vim-tiny by vim-runtime'
Unpacking vim-runtime (2:8.1.2269-1ubuntu5.32) ...
Selecting previously unselected package vim.
Preparing to unpack .../268-vim_2%3a8.1.2269-1ubuntu5.32_amd64.deb ...
Unpacking vim (2:8.1.2269-1ubuntu5.32) ...
Selecting previously unselected package zip.
Preparing to unpack .../269-zip_3.0-11build1_amd64.deb ...
Unpacking zip (3.0-11build1) ...
Selecting previously unselected package gosu.
Preparing to unpack .../270-gosu_1.10-1ubuntu0.20.04.2_amd64.deb ...
Unpacking gosu (1.10-1ubuntu0.20.04.2) ...
Selecting previously unselected package libc6-dbg:amd64.
Preparing to unpack .../271-libc6-dbg_2.31-0ubuntu9.18_amd64.deb ...
Unpacking libc6-dbg:amd64 (2.31-0ubuntu9.18) ...
Selecting previously unselected package liblz4-dev:amd64.
Preparing to unpack .../272-liblz4-dev_1.9.2-2ubuntu0.20.04.1_amd64.deb ...
Unpacking liblz4-dev:amd64 (1.9.2-2ubuntu0.20.04.1) ...
Selecting previously unselected package libsnappy1v5:amd64.
Preparing to unpack .../273-libsnappy1v5_1.1.8-1build1_amd64.deb ...
Unpacking libsnappy1v5:amd64 (1.1.8-1build1) ...
Selecting previously unselected package libsnappy-dev:amd64.
Preparing to unpack .../274-libsnappy-dev_1.1.8-1build1_amd64.deb ...
Unpacking libsnappy-dev:amd64 (1.1.8-1build1) ...
Setting up libconfig9:amd64 (1.5-0.4build1) ...
Setting up libksba8:amd64 (1.3.5-2ubuntu0.20.04.2) ...
Setting up libpipeline1:amd64 (1.5.2-2build1) ...
Setting up libgraphite2-3:amd64 (1.3.13-11build1) ...
Setting up libpixman-1-0:amd64 (0.38.4-0ubuntu2.1) ...
Setting up libxapian30:amd64 (1.4.14-2) ...
Setting up libxau6:amd64 (1:1.0.9-0ubuntu1) ...
Setting up libkeyutils1:amd64 (1.6-6ubuntu1.1) ...
Setting up pci.ids (0.0~2020.03.20-1) ...
Setting up libpsl5:amd64 (0.21.0-1ubuntu1) ...
Setting up libgpm2:amd64 (1.20.7-5) ...
Setting up libogg0:amd64 (1.3.4-0ubuntu1) ...
Setting up perl-modules-5.30 (5.30.0-9ubuntu0.5) ...
Setting up mime-support (3.64ubuntu1) ...
Setting up libconfig-doc (1.5-0.4build1) ...
Setting up wget (1.20.3-1ubuntu2.1) ...
Setting up libdatrie1:amd64 (0.2.12-3) ...
Setting up xdg-user-dirs (0.17-2ubuntu1) ...
Setting up alsa-ucm-conf (1.2.2-1ubuntu0.13) ...
Setting up libmagic-mgc (1:5.38-4) ...
Setting up libgc1c2:amd64 (1:7.6.4-0.4ubuntu1) ...
Setting up libyaml-0-2:amd64 (0.2.2-1) ...
Setting up libglib2.0-0:amd64 (2.64.6-1~ubuntu20.04.9) ...
No schema files found: doing nothing.
Setting up distro-info-data (0.43ubuntu1.20) ...
Setting up manpages (5.05-1) ...
Setting up libtdb1:amd64 (1.4.5-0ubuntu0.20.04.1) ...
Setting up unzip (6.0-25ubuntu1.2) ...
Setting up libbrotli1:amd64 (1.0.7-6ubuntu0.1) ...
Setting up libsqlite3-0:amd64 (3.31.1-4ubuntu0.7) ...
Setting up libsasl2-modules:amd64 (2.1.27+dfsg-2ubuntu0.1) ...
Setting up liblab-gamut1:amd64 (2.42.2-3build2) ...
Setting up binutils-common:amd64 (2.34-6ubuntu1.11) ...
Setting up x11-common (1:7.7+19ubuntu14) ...
update-rc.d: warning: start and stop actions are no longer supported; falling back to defaults
invoke-rc.d: could not determine current runlevel
invoke-rc.d: policy-rc.d denied execution of start.
Setting up libnghttp2-14:amd64 (1.40.0-1ubuntu0.3) ...
Setting up libmagic1:amd64 (1:5.38-4) ...
Setting up less (551-1ubuntu0.3) ...
Setting up linux-libc-dev:amd64 (5.4.0-216.236) ...
Setting up libctf-nobfd0:amd64 (2.34-6ubuntu1.11) ...
Setting up libconfig++9v5:amd64 (1.5-0.4build1) ...
Setting up libobjc4:amd64 (10.5.0-1ubuntu1~20.04) ...
Setting up libnpth0:amd64 (1.6-1) ...
Setting up krb5-locales (1.17-6ubuntu4.11) ...
Setting up file (1:5.38-4) ...
Setting up libassuan0:amd64 (2.5.3-7ubuntu2) ...
Setting up libgomp1:amd64 (10.5.0-1ubuntu1~20.04) ...
Setting up libcbor0.6:amd64 (0.6.0-0ubuntu1) ...
Setting up libffi-dev:amd64 (3.3-4) ...
Setting up libldap-common (2.4.49+dfsg-2ubuntu1.10) ...
Setting up libunwind8:amd64 (1.2.1-9ubuntu0.1) ...
Setting up libjbig0:amd64 (2.1-3.1ubuntu0.20.04.1) ...
Setting up xxd (2:8.1.2269-1ubuntu5.32) ...
Setting up libcap2:amd64 (1:2.32-1ubuntu0.2) ...
Setting up libfakeroot:amd64 (1.24-1) ...
Setting up libasan6:amd64 (10.5.0-1ubuntu1~20.04) ...
Setting up libsnappy1v5:amd64 (1.1.8-1build1) ...
Setting up libc6-dbg:amd64 (2.31-0ubuntu9.18) ...
Setting up libkrb5support0:amd64 (1.17-6ubuntu4.11) ...
Setting up libsasl2-modules-db:amd64 (2.1.27+dfsg-2ubuntu0.1) ...
Setting up tzdata (2025b-0ubuntu0.20.04.1) ...

Current default time zone: 'Etc/UTC'
Local time is now:      Fri Jul 24 03:18:56 UTC 2026.
Universal Time is now:  Fri Jul 24 03:18:56 UTC 2026.
Run 'dpkg-reconfigure tzdata' if you wish to change it.

Setting up fakeroot (1.24-1) ...
update-alternatives: using /usr/bin/fakeroot-sysv to provide /usr/bin/fakeroot (fakeroot) in auto mode
update-alternatives: warning: skip creation of /usr/share/man/man1/fakeroot.1.gz because associated file /usr/share/man/man1/fakeroot-sysv.1.gz (of link group fakeroot) doesn't exist
update-alternatives: warning: skip creation of /usr/share/man/man1/faked.1.gz because associated file /usr/share/man/man1/faked-sysv.1.gz (of link group fakeroot) doesn't exist
update-alternatives: warning: skip creation of /usr/share/man/es/man1/fakeroot.1.gz because associated file /usr/share/man/es/man1/fakeroot-sysv.1.gz (of link group fakeroot) doesn't exist
update-alternatives: warning: skip creation of /usr/share/man/es/man1/faked.1.gz because associated file /usr/share/man/es/man1/faked-sysv.1.gz (of link group fakeroot) doesn't exist
update-alternatives: warning: skip creation of /usr/share/man/fr/man1/fakeroot.1.gz because associated file /usr/share/man/fr/man1/fakeroot-sysv.1.gz (of link group fakeroot) doesn't exist
update-alternatives: warning: skip creation of /usr/share/man/fr/man1/faked.1.gz because associated file /usr/share/man/fr/man1/faked-sysv.1.gz (of link group fakeroot) doesn't exist
update-alternatives: warning: skip creation of /usr/share/man/sv/man1/fakeroot.1.gz because associated file /usr/share/man/sv/man1/fakeroot-sysv.1.gz (of link group fakeroot) doesn't exist
update-alternatives: warning: skip creation of /usr/share/man/sv/man1/faked.1.gz because associated file /usr/share/man/sv/man1/faked-sysv.1.gz (of link group fakeroot) doesn't exist
Setting up libgts-0.7-5:amd64 (0.7.6+darcs121130-4) ...
Setting up libasound2-data (1.2.2-2.1ubuntu2.5) ...
Setting up zip (3.0-11build1) ...
Setting up libz3-4:amd64 (4.8.7-4build1) ...
Setting up libglib2.0-data (2.64.6-1~ubuntu20.04.9) ...
Setting up libuv1:amd64 (1.34.2-1ubuntu1.5) ...
Setting up libpfm4:amd64 (4.10.1+git20-g7700f49-2) ...
Setting up vim-common (2:8.1.2269-1ubuntu5.32) ...
Setting up libslang2:amd64 (2.3.2-4) ...
Setting up libx11-data (2:1.6.9-2ubuntu1.6) ...
Setting up make (4.2.1-1.2) ...
Setting up libmpfr6:amd64 (4.0.2-1) ...
Setting up gnupg-l10n (2.2.19-3ubuntu2.5) ...
Setting up librtmp1:amd64 (2.4+20151223.gitfa8646d.1-2build1) ...
Setting up libpathplan4:amd64 (2.42.2-3build2) ...
Setting up gosu (1.10-1ubuntu0.20.04.2) ...
Setting up libann0 (1.1.2+doc-7build1) ...
Setting up xz-utils (5.2.4-1ubuntu1.1) ...
update-alternatives: using /usr/bin/xz to provide /usr/bin/lzma (lzma) in auto mode
update-alternatives: warning: skip creation of /usr/share/man/man1/lzma.1.gz because associated file /usr/share/man/man1/xz.1.gz (of link group lzma) doesn't exist
update-alternatives: warning: skip creation of /usr/share/man/man1/unlzma.1.gz because associated file /usr/share/man/man1/unxz.1.gz (of link group lzma) doesn't exist
update-alternatives: warning: skip creation of /usr/share/man/man1/lzcat.1.gz because associated file /usr/share/man/man1/xzcat.1.gz (of link group lzma) doesn't exist
update-alternatives: warning: skip creation of /usr/share/man/man1/lzmore.1.gz because associated file /usr/share/man/man1/xzmore.1.gz (of link group lzma) doesn't exist
update-alternatives: warning: skip creation of /usr/share/man/man1/lzless.1.gz because associated file /usr/share/man/man1/xzless.1.gz (of link group lzma) doesn't exist
update-alternatives: warning: skip creation of /usr/share/man/man1/lzdiff.1.gz because associated file /usr/share/man/man1/xzdiff.1.gz (of link group lzma) doesn't exist
update-alternatives: warning: skip creation of /usr/share/man/man1/lzcmp.1.gz because associated file /usr/share/man/man1/xzcmp.1.gz (of link group lzma) doesn't exist
update-alternatives: warning: skip creation of /usr/share/man/man1/lzgrep.1.gz because associated file /usr/share/man/man1/xzgrep.1.gz (of link group lzma) doesn't exist
update-alternatives: warning: skip creation of /usr/share/man/man1/lzegrep.1.gz because associated file /usr/share/man/man1/xzegrep.1.gz (of link group lzma) doesn't exist
update-alternatives: warning: skip creation of /usr/share/man/man1/lzfgrep.1.gz because associated file /usr/share/man/man1/xzfgrep.1.gz (of link group lzma) doesn't exist
Setting up libfribidi0:amd64 (1.0.8-2ubuntu0.1) ...
Setting up libquadmath0:amd64 (10.5.0-1ubuntu1~20.04) ...
Setting up libpng16-16:amd64 (1.6.37-2) ...
Setting up libmpc3:amd64 (1.1.0-1) ...
Setting up libatomic1:amd64 (10.5.0-1ubuntu1~20.04) ...
Setting up libvorbis0a:amd64 (1.3.6-2ubuntu1) ...
Setting up patch (2.7.6-6) ...
Setting up binfmt-support (2.2.0-2) ...
invoke-rc.d: could not determine current runlevel
invoke-rc.d: policy-rc.d denied execution of start.
Setting up libwebp6:amd64 (0.6.1-2ubuntu0.20.04.3) ...
Setting up sudo (1.8.31-1ubuntu1.5) ...
Setting up liblz4-dev:amd64 (1.9.2-2ubuntu0.20.04.1) ...
Setting up fonts-dejavu-core (2.37-1) ...
Setting up ucf (3.0038+nmu1) ...
Setting up libclang-common-18-dev:amd64 (1:18.1.8-11~20.04.2) ...
Setting up libk5crypto3:amd64 (1.17-6ubuntu4.11) ...
Setting up libjpeg-turbo8:amd64 (2.0.3-0ubuntu1.20.04.3) ...
Setting up libltdl7:amd64 (2.4.6-14) ...
Setting up libsasl2-2:amd64 (2.1.27+dfsg-2ubuntu0.1) ...
Setting up libroken18-heimdal:amd64 (7.7.0+dfsg-1ubuntu1.4) ...
Setting up liblzma-dev:amd64 (5.2.4-1ubuntu1.1) ...
Setting up libubsan1:amd64 (10.5.0-1ubuntu1~20.04) ...
Setting up libpci3:amd64 (1:3.6.4-1ubuntu0.20.04.1) ...
Setting up libnuma1:amd64 (2.0.12-1) ...
Setting up alsa-topology-conf (1.2.2-1) ...
Setting up sound-theme-freedesktop (0.8-2ubuntu1) ...
Setting up librhash0:amd64 (1.3.9-1) ...
Setting up libcrypt-dev:amd64 (1:4.4.10-10ubuntu4) ...
Setting up libasound2:amd64 (1.2.2-2.1ubuntu2.5) ...
Setting up fonts-liberation (1:1.07.4-11) ...
Setting up gdbserver (9.2-0ubuntu1~20.04.2) ...
Setting up libc6-i386 (2.31-0ubuntu9.18) ...
Setting up git-man (1:2.25.1-1ubuntu3.14) ...
Setting up libthai-data (0.1.28-3) ...
Setting up libisl22:amd64 (0.22.1-1) ...
Setting up netbase (6.1) ...
Setting up cmake-data (3.16.3-1ubuntu1.20.04.1) ...
Setting up libcdt5:amd64 (2.42.2-3build2) ...
Setting up libkrb5-3:amd64 (1.17-6ubuntu4.11) ...
Setting up libcgraph6:amd64 (2.42.2-3build2) ...
Setting up libmpdec2:amd64 (2.4.2-3) ...
Setting up libbinutils:amd64 (2.34-6ubuntu1.11) ...
Setting up vim-runtime (2:8.1.2269-1ubuntu5.32) ...
Setting up libfido2-1:amd64 (1.3.1-1ubuntu2) ...
Setting up libc-dev-bin (2.31-0ubuntu9.18) ...
Setting up openssl (1.1.1f-1ubuntu2.24) ...
Setting up libbsd0:amd64 (0.10.0-1) ...
Setting up libelf1:amd64 (0.176-1.1ubuntu0.1) ...
Setting up readline-common (8.0-4) ...
Setting up publicsuffix (20200303.0012-1) ...
Setting up libcc1-0:amd64 (10.5.0-1ubuntu1~20.04) ...
Setting up liblocale-gettext-perl (1.07-4) ...
Setting up liblsan0:amd64 (10.5.0-1ubuntu1~20.04) ...
Setting up libitm1:amd64 (10.5.0-1ubuntu1~20.04) ...
Setting up libjsoncpp1:amd64 (1.7.4-3.1ubuntu2) ...
Setting up libheimbase1-heimdal:amd64 (7.7.0+dfsg-1ubuntu1.4) ...
Setting up libgdbm6:amd64 (1.18.1-5) ...
Setting up gcc-9-base:amd64 (9.4.0-1ubuntu1~20.04.2) ...
Setting up libtsan0:amd64 (10.5.0-1ubuntu1~20.04) ...
Setting up libctf0:amd64 (2.34-6ubuntu1.11) ...
Setting up libjpeg8:amd64 (8c-2ubuntu8) ...
Setting up pinentry-curses (1.1.0-3build1) ...
Setting up libgts-bin (0.7.6+darcs121130-4) ...
Setting up libz3-dev:amd64 (4.8.7-4build1) ...
Setting up manpages-dev (5.05-1) ...
Setting up libice6:amd64 (2:1.0.10-0ubuntu1) ...
Setting up libdw1:amd64 (0.176-1.1ubuntu0.1) ...
Setting up libxdmcp6:amd64 (1:1.1.3-0ubuntu1) ...
Setting up libxcb1:amd64 (1.14-2) ...
Setting up libunwind-dev:amd64 (1.2.1-9ubuntu0.1) ...
Setting up libxcb-render0:amd64 (1.14-2) ...
Setting up fontconfig-config (2.13.1-2ubuntu3) ...
Setting up libicu66:amd64 (66.1-2ubuntu2.1) ...
Setting up libasn1-8-heimdal:amd64 (7.7.0+dfsg-1ubuntu1.4) ...
Setting up libgcc-10-dev:amd64 (10.5.0-1ubuntu1~20.04) ...
Setting up libedit2:amd64 (3.1-20191231-1) ...
Setting up libreadline8:amd64 (8.0-4) ...
Setting up libsnappy-dev:amd64 (1.1.8-1build1) ...
Setting up bc (1.07.1-2build1) ...
Setting up libxcb-shm0:amd64 (1.14-2) ...
Setting up libhcrypto4-heimdal:amd64 (7.7.0+dfsg-1ubuntu1.4) ...
Setting up libpython2.7-stdlib:amd64 (2.7.18-1~20.04.7) ...
Setting up libllvm10:amd64 (1:10.0.0-4ubuntu1) ...
Setting up libthai0:amd64 (0.1.28-3) ...
Setting up ca-certificates (20240203~20.04.1) ...
Updating certificates in /etc/ssl/certs...
146 added, 0 removed; done.
Setting up libvorbisfile3:amd64 (1.3.6-2ubuntu1) ...
Setting up libasan5:amd64 (9.4.0-1ubuntu1~20.04.2) ...
Setting up libwind0-heimdal:amd64 (7.7.0+dfsg-1ubuntu1.4) ...
Setting up libfreetype6:amd64 (2.10.1-2ubuntu0.4) ...
Setting up lib32gcc-s1 (10.5.0-1ubuntu1~20.04) ...
Setting up lib32stdc++6 (10.5.0-1ubuntu1~20.04) ...
Setting up libclang1-10 (1:10.0.0-4ubuntu1) ...
Setting up libgssapi-krb5-2:amd64 (1.17-6ubuntu4.11) ...
Setting up icu-devtools (66.1-2ubuntu2.1) ...
Setting up libgdbm-compat4:amd64 (1.18.1-5) ...
Setting up libbabeltrace1:amd64 (1.5.8-1build1) ...
Setting up libssh-4:amd64 (0.9.3-2ubuntu2.5) ...
Setting up libgvpr2:amd64 (2.42.2-3build2) ...
Setting up libobjc-10-dev:amd64 (10.5.0-1ubuntu1~20.04) ...
Setting up gpgconf (2.2.19-3ubuntu2.5) ...
Setting up cpp-9 (9.4.0-1ubuntu1~20.04.2) ...
Setting up libperl5.30:amd64 (5.30.0-9ubuntu0.5) ...
Setting up libc6-dev:amd64 (2.31-0ubuntu9.18) ...
Setting up libx11-6:amd64 (2:1.6.9-2ubuntu1.6) ...
Setting up libharfbuzz0b:amd64 (2.6.4-1ubuntu4.3) ...
Setting up python-pip-whl (20.0.2-5ubuntu1.11) ...
Setting up libtiff5:amd64 (4.1.0+git191117-2ubuntu0.20.04.14) ...
Setting up libfontconfig1:amd64 (2.13.1-2ubuntu3) ...
Setting up libpython3.8-stdlib:amd64 (3.8.10-0ubuntu1~20.04.18) ...
Setting up python3.8 (3.8.10-0ubuntu1~20.04.18) ...
Setting up libsm6:amd64 (2:1.2.3-1) ...
Setting up libicu-dev:amd64 (66.1-2ubuntu2.1) ...
Setting up libxml2:amd64 (2.9.10+dfsg-5ubuntu0.20.04.10) ...
Setting up libclang-rt-18-dev:amd64 (1:18.1.8-11~20.04.2) ...
Setting up libxmuu1:amd64 (2:1.1.3-0ubuntu1) ...
Setting up gpg (2.2.19-3ubuntu2.5) ...
Setting up libpython3-stdlib:amd64 (3.8.2-0ubuntu2) ...
Setting up libllvm18:amd64 (1:18.1.8-11~20.04.2) ...
Setting up gnupg-utils (2.2.19-3ubuntu2.5) ...
Setting up binutils-x86-64-linux-gnu (2.34-6ubuntu1.11) ...
Setting up libclang1-18 (1:18.1.8-11~20.04.2) ...
Setting up libcanberra0:amd64 (0.30-7ubuntu1) ...
Setting up fontconfig (2.13.1-2ubuntu3) ...
Regenerating fonts cache... done.
Setting up libncurses-dev:amd64 (6.2-0ubuntu2.1) ...
Setting up libstdc++-10-dev:amd64 (10.5.0-1ubuntu1~20.04) ...
Setting up gpg-agent (2.2.19-3ubuntu2.5) ...
Setting up libxpm4:amd64 (1:3.5.12-1ubuntu0.20.04.2) ...
Setting up python2.7 (2.7.18-1~20.04.7) ...
Setting up libxrender1:amd64 (1:0.9.10-1) ...
Setting up libpython2-stdlib:amd64 (2.7.17-2ubuntu4) ...
Setting up libarchive13:amd64 (3.4.0-2ubuntu1.5) ...
Setting up openssh-client (1:8.2p1-4ubuntu0.13) ...
Setting up libhx509-5-heimdal:amd64 (7.7.0+dfsg-1ubuntu1.4) ...
Setting up libboost1.71-dev:amd64 (1.71.0-6ubuntu6) ...
Setting up gpgsm (2.2.19-3ubuntu2.5) ...
Setting up libpango-1.0-0:amd64 (1.44.7-2ubuntu4) ...
Setting up libxext6:amd64 (2:1.3.4-0ubuntu1) ...
Setting up python3 (3.8.2-0ubuntu2) ...
Setting up binutils (2.34-6ubuntu1.11) ...
Setting up python3-wheel (0.34.2-1ubuntu0.1) ...
Setting up python2 (2.7.17-2ubuntu4) ...
Setting up libcairo2:amd64 (1.16.0-4ubuntu1) ...
Setting up libgcc-9-dev:amd64 (9.4.0-1ubuntu1~20.04.2) ...
Setting up perl (5.30.0-9ubuntu0.5) ...
Setting up python3-pygments (2.3.1+dfsg-1ubuntu2.2) ...
Setting up libxml2-dev:amd64 (2.9.10+dfsg-5ubuntu0.20.04.10) ...
Setting up doxygen (1.8.17-0ubuntu2) ...
Setting up libexpat1-dev:amd64 (2.2.9-1ubuntu0.8) ...
Setting up libpython3.8:amd64 (3.8.10-0ubuntu1~20.04.18) ...
Setting up shared-mime-info (1.15-1) ...
Setting up libgd3:amd64 (2.2.5-5.2ubuntu2.4) ...
Setting up libxt6:amd64 (1:1.1.5-1) ...
Setting up libdpkg-perl (1.19.7ubuntu3.2) ...
Setting up llvm-18-linker-tools (1:18.1.8-11~20.04.2) ...
Setting up gpg-wks-server (2.2.19-3ubuntu2.5) ...
Setting up zlib1g-dev:amd64 (1:1.2.11.dfsg-2ubuntu1.5) ...
Setting up xauth (1:1.1-0ubuntu1) ...
Setting up cpp (4:9.3.0-1ubuntu2) ...
Setting up libboost-dev:amd64 (1.71.0.0ubuntu2) ...
Setting up libpangoft2-1.0-0:amd64 (1.44.7-2ubuntu4) ...
Setting up lsb-release (11.1.0ubuntu2) ...
Setting up llvm-18-runtime (1:18.1.8-11~20.04.2) ...
Setting up python3-lib2to3 (3.8.10-0ubuntu1~20.04) ...
Setting up libclang-cpp18 (1:18.1.8-11~20.04.2) ...
Setting up linux-tools-common (5.4.0-216.236) ...
Setting up libpangocairo-1.0-0:amd64 (1.44.7-2ubuntu4) ...
Setting up libkrb5-26-heimdal:amd64 (7.7.0+dfsg-1ubuntu1.4) ...
Setting up python3-pkg-resources (45.2.0-1ubuntu0.3) ...
Setting up python3-distutils (3.8.10-0ubuntu1~20.04) ...
Setting up gcc-9 (9.4.0-1ubuntu1~20.04.2) ...
Setting up libxmu6:amd64 (2:1.1.3-0ubuntu1) ...
Setting up vim (2:8.1.2269-1ubuntu5.32) ...
update-alternatives: using /usr/bin/vim.basic to provide /usr/bin/vim (vim) in auto mode
update-alternatives: using /usr/bin/vim.basic to provide /usr/bin/vimdiff (vimdiff) in auto mode
update-alternatives: using /usr/bin/vim.basic to provide /usr/bin/rvim (rvim) in auto mode
update-alternatives: using /usr/bin/vim.basic to provide /usr/bin/rview (rview) in auto mode
update-alternatives: using /usr/bin/vim.basic to provide /usr/bin/vi (vi) in auto mode
update-alternatives: warning: skip creation of /usr/share/man/da/man1/vi.1.gz because associated file /usr/share/man/da/man1/vim.1.gz (of link group vi) doesn't exist
update-alternatives: warning: skip creation of /usr/share/man/de/man1/vi.1.gz because associated file /usr/share/man/de/man1/vim.1.gz (of link group vi) doesn't exist
update-alternatives: warning: skip creation of /usr/share/man/fr/man1/vi.1.gz because associated file /usr/share/man/fr/man1/vim.1.gz (of link group vi) doesn't exist
update-alternatives: warning: skip creation of /usr/share/man/it/man1/vi.1.gz because associated file /usr/share/man/it/man1/vim.1.gz (of link group vi) doesn't exist
update-alternatives: warning: skip creation of /usr/share/man/ja/man1/vi.1.gz because associated file /usr/share/man/ja/man1/vim.1.gz (of link group vi) doesn't exist
update-alternatives: warning: skip creation of /usr/share/man/pl/man1/vi.1.gz because associated file /usr/share/man/pl/man1/vim.1.gz (of link group vi) doesn't exist
update-alternatives: warning: skip creation of /usr/share/man/ru/man1/vi.1.gz because associated file /usr/share/man/ru/man1/vim.1.gz (of link group vi) doesn't exist
update-alternatives: warning: skip creation of /usr/share/man/man1/vi.1.gz because associated file /usr/share/man/man1/vim.1.gz (of link group vi) doesn't exist
update-alternatives: using /usr/bin/vim.basic to provide /usr/bin/view (view) in auto mode
update-alternatives: warning: skip creation of /usr/share/man/da/man1/view.1.gz because associated file /usr/share/man/da/man1/vim.1.gz (of link group view) doesn't exist
update-alternatives: warning: skip creation of /usr/share/man/de/man1/view.1.gz because associated file /usr/share/man/de/man1/vim.1.gz (of link group view) doesn't exist
update-alternatives: warning: skip creation of /usr/share/man/fr/man1/view.1.gz because associated file /usr/share/man/fr/man1/vim.1.gz (of link group view) doesn't exist
update-alternatives: warning: skip creation of /usr/share/man/it/man1/view.1.gz because associated file /usr/share/man/it/man1/vim.1.gz (of link group view) doesn't exist
update-alternatives: warning: skip creation of /usr/share/man/ja/man1/view.1.gz because associated file /usr/share/man/ja/man1/vim.1.gz (of link group view) doesn't exist
update-alternatives: warning: skip creation of /usr/share/man/pl/man1/view.1.gz because associated file /usr/share/man/pl/man1/vim.1.gz (of link group view) doesn't exist
update-alternatives: warning: skip creation of /usr/share/man/ru/man1/view.1.gz because associated file /usr/share/man/ru/man1/vim.1.gz (of link group view) doesn't exist
update-alternatives: warning: skip creation of /usr/share/man/man1/view.1.gz because associated file /usr/share/man/man1/vim.1.gz (of link group view) doesn't exist
update-alternatives: using /usr/bin/vim.basic to provide /usr/bin/ex (ex) in auto mode
update-alternatives: warning: skip creation of /usr/share/man/da/man1/ex.1.gz because associated file /usr/share/man/da/man1/vim.1.gz (of link group ex) doesn't exist
update-alternatives: warning: skip creation of /usr/share/man/de/man1/ex.1.gz because associated file /usr/share/man/de/man1/vim.1.gz (of link group ex) doesn't exist
update-alternatives: warning: skip creation of /usr/share/man/fr/man1/ex.1.gz because associated file /usr/share/man/fr/man1/vim.1.gz (of link group ex) doesn't exist
update-alternatives: warning: skip creation of /usr/share/man/it/man1/ex.1.gz because associated file /usr/share/man/it/man1/vim.1.gz (of link group ex) doesn't exist
update-alternatives: warning: skip creation of /usr/share/man/ja/man1/ex.1.gz because associated file /usr/share/man/ja/man1/vim.1.gz (of link group ex) doesn't exist
update-alternatives: warning: skip creation of /usr/share/man/pl/man1/ex.1.gz because associated file /usr/share/man/pl/man1/vim.1.gz (of link group ex) doesn't exist
update-alternatives: warning: skip creation of /usr/share/man/ru/man1/ex.1.gz because associated file /usr/share/man/ru/man1/vim.1.gz (of link group ex) doesn't exist
update-alternatives: warning: skip creation of /usr/share/man/man1/ex.1.gz because associated file /usr/share/man/man1/vim.1.gz (of link group ex) doesn't exist
update-alternatives: using /usr/bin/vim.basic to provide /usr/bin/editor (editor) in auto mode
update-alternatives: warning: skip creation of /usr/share/man/da/man1/editor.1.gz because associated file /usr/share/man/da/man1/vim.1.gz (of link group editor) doesn't exist
update-alternatives: warning: skip creation of /usr/share/man/de/man1/editor.1.gz because associated file /usr/share/man/de/man1/vim.1.gz (of link group editor) doesn't exist
update-alternatives: warning: skip creation of /usr/share/man/fr/man1/editor.1.gz because associated file /usr/share/man/fr/man1/vim.1.gz (of link group editor) doesn't exist
update-alternatives: warning: skip creation of /usr/share/man/it/man1/editor.1.gz because associated file /usr/share/man/it/man1/vim.1.gz (of link group editor) doesn't exist
update-alternatives: warning: skip creation of /usr/share/man/ja/man1/editor.1.gz because associated file /usr/share/man/ja/man1/vim.1.gz (of link group editor) doesn't exist
update-alternatives: warning: skip creation of /usr/share/man/pl/man1/editor.1.gz because associated file /usr/share/man/pl/man1/vim.1.gz (of link group editor) doesn't exist
update-alternatives: warning: skip creation of /usr/share/man/ru/man1/editor.1.gz because associated file /usr/share/man/ru/man1/vim.1.gz (of link group editor) doesn't exist
update-alternatives: warning: skip creation of /usr/share/man/man1/editor.1.gz because associated file /usr/share/man/man1/vim.1.gz (of link group editor) doesn't exist
Setting up python3-setuptools (45.2.0-1ubuntu0.3) ...
Setting up libstdc++-9-dev:amd64 (9.4.0-1ubuntu1~20.04.2) ...
Setting up libfile-fcntllock-perl (0.22-3build4) ...
Setting up libalgorithm-diff-perl (1.19.03-2) ...
Setting up python3-yaml (5.3.1-1ubuntu0.1) ...
Setting up clang-18 (1:18.1.8-11~20.04.2) ...
Setting up clang-tools-18 (1:18.1.8-11~20.04.2) ...
Setting up llvm-18-tools (1:18.1.8-11~20.04.2) ...
Setting up libxaw7:amd64 (2:1.0.13-1) ...
Setting up clang-tidy-18 (1:18.1.8-11~20.04.2) ...
Setting up libheimntlm0-heimdal:amd64 (7.7.0+dfsg-1ubuntu1.4) ...
Setting up gcc (4:9.3.0-1ubuntu2) ...
Setting up dpkg-dev (1.19.7ubuntu3.2) ...
Setting up liberror-perl (0.17029-1) ...
Setting up gdb (9.2-0ubuntu1~20.04.2) ...
Setting up libgssapi3-heimdal:amd64 (7.7.0+dfsg-1ubuntu1.4) ...
Setting up libpython3.8-dev:amd64 (3.8.10-0ubuntu1~20.04.18) ...
Setting up linux-tools-5.4.0-216 (5.4.0-216.236) ...
Setting up libgvc6 (2.42.2-3build2) ...
Setting up pkg-config (0.29.1-0ubuntu4) ...
Setting up python3-pip (20.0.2-5ubuntu1.11) ...
Setting up g++-9 (9.4.0-1ubuntu1~20.04.2) ...
Setting up python3.8-dev (3.8.10-0ubuntu1~20.04.18) ...
Setting up g++ (4:9.3.0-1ubuntu2) ...
update-alternatives: using /usr/bin/g++ to provide /usr/bin/c++ (c++) in auto mode
update-alternatives: warning: skip creation of /usr/share/man/man1/c++.1.gz because associated file /usr/share/man/man1/g++.1.gz (of link group c++) doesn't exist
Setting up libconfig-dev:amd64 (1.5-0.4build1) ...
Setting up build-essential (12.8ubuntu1.1) ...
Setting up libalgorithm-diff-xs-perl (0.04-6) ...
Setting up libalgorithm-merge-perl (0.08-3) ...
Setting up graphviz (2.42.2-3build2) ...
Setting up libpython3-dev:amd64 (3.8.2-0ubuntu2) ...
Setting up libldap-2.4-2:amd64 (2.4.49+dfsg-2ubuntu1.10) ...
Setting up libcurl3-gnutls:amd64 (7.68.0-1ubuntu2.25) ...
Setting up dirmngr (2.2.19-3ubuntu2.5) ...
Setting up linux-tools-5.4.0-216-generic (5.4.0-216.236) ...
Setting up python3-dev (3.8.2-0ubuntu2) ...
Setting up git (1:2.25.1-1ubuntu3.14) ...
Setting up libconfig++-dev:amd64 (1.5-0.4build1) ...
Setting up libcurl4:amd64 (7.68.0-1ubuntu2.25) ...
Setting up curl (7.68.0-1ubuntu2.25) ...
Setting up gpg-wks-client (2.2.19-3ubuntu2.5) ...
Setting up linux-tools-generic (5.4.0.216.208) ...
Setting up llvm-18 (1:18.1.8-11~20.04.2) ...
Setting up gnupg (2.2.19-3ubuntu2.5) ...
Setting up cmake (3.16.3-1ubuntu1.20.04.1) ...
Setting up llvm-18-dev (1:18.1.8-11~20.04.2) ...
Processing triggers for libc-bin (2.31-0ubuntu9.17) ...
Processing triggers for ca-certificates (20240203~20.04.1) ...
Updating certificates in /etc/ssl/certs...
0 added, 0 removed; done.
Running hooks in /etc/ca-certificates/update.d...
done.
update-alternatives: using /usr/bin/clang-tidy-18 to provide /usr/bin/clang-tidy (clang-tidy) in auto mode
 ---> Removed intermediate container 38cab04f3a60
 ---> 03ff2921f682
Step 3/40 : RUN curl -fsSL https://deb.nodesource.com/setup_22.x | bash -
 ---> Running in b130fa1b6904
[38;5;79m2026-07-24 03:20:26 - Installing pre-requisites[0m
[91m
WARNING: apt does not have a stable CLI interface. Use with caution in scripts.

[0mHit:1 http://archive.ubuntu.com/ubuntu focal InRelease
Hit:2 http://security.ubuntu.com/ubuntu focal-security InRelease
Hit:3 http://archive.ubuntu.com/ubuntu focal-updates InRelease
Hit:4 http://archive.ubuntu.com/ubuntu focal-backports InRelease
Reading package lists...
Building dependency tree...
Reading state information...
3 packages can be upgraded. Run 'apt list --upgradable' to see them.
[91m
WARNING: apt does not have a stable CLI interface. Use with caution in scripts.

[0mReading package lists...
Building dependency tree...
Reading state information...
ca-certificates is already the newest version (20240203~20.04.1).
ca-certificates set to manually installed.
curl is already the newest version (7.68.0-1ubuntu2.25).
gnupg is already the newest version (2.2.19-3ubuntu2.5).
gnupg set to manually installed.
The following NEW packages will be installed:
  apt-transport-https
0 upgraded, 1 newly installed, 0 to remove and 3 not upgraded.
Need to get 1704 B of archives.
After this operation, 162 kB of additional disk space will be used.
Get:1 http://archive.ubuntu.com/ubuntu focal-updates/universe amd64 apt-transport-https all 2.0.11 [1704 B]
[91mdebconf: delaying package configuration, since apt-utils is not installed
[0mFetched 1704 B in 0s (11.7 kB/s)
Selecting previously unselected package apt-transport-https.
(Reading database ... (Reading database ... 5%(Reading database ... 10%(Reading database ... 15%(Reading database ... 20%(Reading database ... 25%(Reading database ... 30%(Reading database ... 35%(Reading database ... 40%(Reading database ... 45%(Reading database ... 50%(Reading database ... 55%(Reading database ... 60%(Reading database ... 65%(Reading database ... 70%(Reading database ... 75%(Reading database ... 80%(Reading database ... 85%(Reading database ... 90%(Reading database ... 95%(Reading database ... 100%(Reading database ... 46763 files and directories currently installed.)
Preparing to unpack .../apt-transport-https_2.0.11_all.deb ...
Unpacking apt-transport-https (2.0.11) ...
Setting up apt-transport-https (2.0.11) ...
[91m
WARNING: apt does not have a stable CLI interface. Use with caution in scripts.

[0mGet:1 https://deb.nodesource.com/node_22.x nodistro InRelease [12.1 kB]
Hit:2 http://archive.ubuntu.com/ubuntu focal InRelease
Hit:3 http://security.ubuntu.com/ubuntu focal-security InRelease
Get:4 https://deb.nodesource.com/node_22.x nodistro/main amd64 Packages [11.4 kB]
Hit:5 http://archive.ubuntu.com/ubuntu focal-updates InRelease
Hit:6 http://archive.ubuntu.com/ubuntu focal-backports InRelease
Fetched 23.5 kB in 1s (33.6 kB/s)
Reading package lists...
Building dependency tree...
Reading state information...
3 packages can be upgraded. Run 'apt list --upgradable' to see them.
[1;34m2026-07-24 03:20:33 - Repository configured successfully.[0m
[38;5;79m2026-07-24 03:20:33 - To install Node.js, run: apt install nodejs -y[0m
[38;5;79m2026-07-24 03:20:33 - You can use N|solid Runtime as a node.js alternative[0m
[1;32m2026-07-24 03:20:33 - To install N|solid Runtime, run: apt install nsolid -y 
[0m
 ---> Removed intermediate container b130fa1b6904
 ---> 6c9c61cba52e
Step 4/40 : RUN apt install -y nodejs
 ---> Running in 15427fd22206
[91m
WARNING: apt does not have a stable CLI interface. Use with caution in scripts.

[0mReading package lists...
Building dependency tree...
Reading state information...
The following NEW packages will be installed:
  nodejs
0 upgraded, 1 newly installed, 0 to remove and 3 not upgraded.
Need to get 37.8 MB of archives.
After this operation, 236 MB of additional disk space will be used.
Get:1 https://deb.nodesource.com/node_22.x nodistro/main amd64 nodejs amd64 22.23.1-1nodesource1 [37.8 MB]
[91mdebconf: delaying package configuration, since apt-utils is not installed
[0mFetched 37.8 MB in 1s (61.8 MB/s)
Selecting previously unselected package nodejs.
(Reading database ... (Reading database ... 5%(Reading database ... 10%(Reading database ... 15%(Reading database ... 20%(Reading database ... 25%(Reading database ... 30%(Reading database ... 35%(Reading database ... 40%(Reading database ... 45%(Reading database ... 50%(Reading database ... 55%(Reading database ... 60%(Reading database ... 65%(Reading database ... 70%(Reading database ... 75%(Reading database ... 80%(Reading database ... 85%(Reading database ... 90%(Reading database ... 95%(Reading database ... 100%(Reading database ... 46767 files and directories currently installed.)
Preparing to unpack .../nodejs_22.23.1-1nodesource1_amd64.deb ...
Unpacking nodejs (22.23.1-1nodesource1) ...
Setting up nodejs (22.23.1-1nodesource1) ...
 ---> Removed intermediate container 15427fd22206
 ---> cecb5769df32
Step 5/40 : RUN npm install -g @anthropic-ai/claude-code
 ---> Running in 640b44ee8181

added 2 packages in 3s
[91mnpm notice
npm notice New major version of npm available! 10.9.8 -> 12.0.1
npm notice Changelog: https://github.com/npm/cli/releases/tag/v12.0.1
npm notice To update run: npm install -g npm@12.0.1
npm notice
[0m ---> Removed intermediate container 640b44ee8181
 ---> 82dc7841508d
Step 6/40 : COPY ./scripts/utilities.sh /usr/local/bin/utilities.sh
 ---> 93b8a864730b
Step 7/40 : COPY ./common/scripts/run_clustering.sh /usr/local/bin/run_clustering.sh
 ---> 9f52c03d266d
Step 8/40 : COPY ./common/scripts/run_trace_post_processing.sh /usr/local/bin/run_trace_post_processing.sh
 ---> 02d902a1e123
Step 9/40 : COPY ./common/scripts/gather_fp_pieces.py /usr/local/bin/gather_fp_pieces.py
 ---> f7f39c02cc36
Step 10/40 : COPY ./common/scripts/run_simpoint_trace.py /usr/local/bin/run_simpoint_trace.py
 ---> ed1fa9a5e08b
Step 11/40 : COPY ./common/scripts/minimize_trace.sh /usr/local/bin/minimize_trace.sh
 ---> 8aa08b24f621
Step 12/40 : COPY ./common/scripts/replace_oversized_simpoints.py /usr/local/bin/replace_oversized_simpoints.py
 ---> 476187d8b285
Step 13/40 : COPY ./common/scripts/root_entrypoint.sh /usr/local/bin/root_entrypoint.sh
 ---> acda37dec97c
Step 14/40 : COPY ./common/scripts/user_entrypoint.sh /usr/local/bin/user_entrypoint.sh
 ---> 29e55e795b3c
Step 15/40 : COPY ./common/scripts/run_memtrace_single_simpoint.sh /usr/local/bin/run_memtrace_single_simpoint.sh
 ---> c84d5704dc09
Step 16/40 : COPY ./common/scripts/run_pt_single_simpoint.sh /usr/local/bin/run_pt_single_simpoint.sh
 ---> 7a23c1a9665b
Step 17/40 : COPY ./common/scripts/run_exec_single_simpoint.sh /usr/local/bin/run_exec_single_simpoint.sh
 ---> e9c2bf62b539
Step 18/40 : RUN mkdir -p /simpoint_traces
 ---> Running in b02f23ed6dd5
 ---> Removed intermediate container b02f23ed6dd5
 ---> 4f29679fa5ed
Step 19/40 : ENV trace_home="/simpoint_traces"
 ---> Running in a12816e40acf
 ---> Removed intermediate container a12816e40acf
 ---> 21ced39aa3b4
Step 20/40 : ENV tmpdir="/tmp_home"
 ---> Running in 6a2d40e48cba
 ---> Removed intermediate container 6a2d40e48cba
 ---> 6bb8de6495e0
Step 21/40 : RUN mkdir -p $tmpdir && chmod -R 755 $tmpdir
 ---> Running in 16b83a103523
 ---> Removed intermediate container 16b83a103523
 ---> 10db75b46f27
Step 22/40 : WORKDIR $tmpdir
 ---> Running in 295a8178d9df
 ---> Removed intermediate container 295a8178d9df
 ---> 06c31fbd8c95
Step 23/40 : RUN cd $tmpdir &&     git clone --branch release_10.0.0 --depth 1 https://github.com/moonseoppkim/dynamorio.git DynamoRIO-Linux-10.0.0 &&     cd DynamoRIO-Linux-10.0.0 &&     git submodule update --init --recursive &&     cmake -DCMAKE_BUILD_TYPE=RelWithDebInfo           -DBUILD_DOCS=OFF           -DGENERATE_DOCS=OFF           -DDOXYGEN=OFF           . &&     make -j$(nproc) all &&     make install &&     mkdir -p tools/bin64 && cp -r clients/bin64/* tools/bin64/
 ---> Running in c7505e69d9c0
[91mCloning into 'DynamoRIO-Linux-10.0.0'...
[0m[91mNote: switching to 'f1ba2b94631aafbca2fbe93adb28c78ae4328182'.

You are in 'detached HEAD' state. You can look around, make experimental
changes and commit them, and you can discard any commits you make in this
state without impacting any branches by switching back to a branch.

If you want to create a new branch to retain commits you create, you may
do so (now or later) by using -c with the switch command. Example:

  git switch -c <new-branch-name>

Or undo this operation with:

  git switch -

Turn off this advice by setting config variable advice.detachedHead to false

[0m[91mSubmodule 'third_party/libipt' (https://github.com/intel/libipt.git) registered for path 'third_party/libipt'
[0m[91mSubmodule 'third_party/zlib' (https://github.com/madler/zlib.git) registered for path 'third_party/zlib'
[0m[91mCloning into '/tmp_home/DynamoRIO-Linux-10.0.0/third_party/libipt'...
[0m[91mCloning into '/tmp_home/DynamoRIO-Linux-10.0.0/third_party/zlib'...
[0mSubmodule path 'third_party/libipt': checked out 'c848a85c3104e2f5780741f85de5c9e65476ece2'
Submodule path 'third_party/zlib': checked out '21767c654d31d2dccdde4330529775c6c5fd5389'
-- The C compiler identification is GNU 9.4.0
-- Check for working C compiler: /usr/bin/cc
-- Check for working C compiler: /usr/bin/cc -- works
-- Detecting C compiler ABI info
-- Detecting C compiler ABI info - done
-- Detecting C compile features
-- Detecting C compile features - done
-- The CXX compiler identification is GNU 9.4.0
-- Check for working CXX compiler: /usr/bin/c++
-- Check for working CXX compiler: /usr/bin/c++ -- works
-- Detecting CXX compiler ABI info
-- Detecting CXX compiler ABI info - done
-- Detecting CXX compile features
-- Detecting CXX compile features - done
-- Building for x86
-- Version number: 10.0.20471
-- Performing Test proc_found_avx
-- Performing Test proc_found_avx - Success
-- Compiler and processor support AVX.
-- Performing Test proc_found_avx2
-- Performing Test proc_found_avx2 - Success
-- Compiler and processor support AVX2.
-- Performing Test proc_found_avx512
-- Performing Test proc_found_avx512 - Failed
-- WARNING: Compiler or processor do not support AVX-512. Skipping tests
-- The ASM compiler identification is GNU
-- Found assembler: /usr/bin/as
-- Found Perl: /usr/bin/perl (found version "5.30.0") 
-- Looking for sys/types.h
-- Looking for sys/types.h - found
-- Looking for stdint.h
-- Looking for stdint.h - found
-- Looking for stddef.h
-- Looking for stddef.h - found
-- Check size of uint
-- Check size of uint - done
-- Check size of ushort
-- Check size of ushort - done
-- Check size of bool
-- Check size of bool - failed
-- Check size of byte
-- Check size of byte - failed
-- Check size of sbyte
-- Check size of sbyte - failed
-- Check size of uint32
-- Check size of uint32 - failed
-- Check size of uint64
-- Check size of uint64 - failed
-- Check size of int32
-- Check size of int32 - failed
-- Check size of int64
-- Check size of int64 - failed
-- Check size of _Bool
-- Check size of _Bool - done
-- Performing Test cxx17_available
-- Performing Test cxx17_available - Success
-- Performing Test no_stack_protector_avail
-- Performing Test no_stack_protector_avail - Success
-- Performing Test suggest_override_avail
-- Performing Test suggest_override_avail - Success
-- Performing Test nounused_avail
-- Performing Test nounused_avail - Success
-- Performing Test stringop_truncation_avail
-- Performing Test stringop_truncation_avail - Success
-- Performing Test format_truncation_avail
-- Performing Test format_truncation_avail - Success
-- Performing Test stringop_overflow_avail
-- Performing Test stringop_overflow_avail - Success
-- Performing Test HAVE_TYPELIMITS_CONTROL
-- Performing Test HAVE_TYPELIMITS_CONTROL - Success
-- Performing Test HAVE_FVISIBILITY_INTERNAL
-- Performing Test HAVE_FVISIBILITY_INTERNAL - Success
-- Performing Test HAVE_FVISIBILITY_HIDDEN
-- Performing Test HAVE_FVISIBILITY_HIDDEN - Success
-- Performing Test HAVE_FNOSANITIZE_NULL
-- Performing Test HAVE_FNOSANITIZE_NULL - Success
-- Looking for linux/rseq.h
-- Looking for linux/rseq.h - found
-- Looking for libunwind.h
-- Looking for libunwind.h - found
-- Intel PT not found.
-- For dbghelp, choosing among: 
-- Performing Test no_pie_avail
-- Performing Test no_pie_avail - Success
-- Found ZLIB: /usr/lib/x86_64-linux-gnu/libz.so (found version "1.2.11") 
-- Found snappy: /usr/lib/x86_64-linux-gnu/libsnappy.so
-- Found liblz4: /usr/lib/x86_64-linux-gnu/liblz4.so
-- Performing Test implicit_fallthrough_avail
-- Performing Test implicit_fallthrough_avail - Success
-- WARNING: vera++ not found: disabling code style checks
-- WARNING: Could not find Qt 5: DrGUI will NOT be built
--   Point CMake variable Qt5Widgets_DIR at the Qt5WidgetsConfig.cmake directory
-- Configuring done
-- Generating done
[91mCMake Warning:
  Manually-specified variables were not used by the project:

    DOXYGEN
    GENERATE_DOCS


[0m-- Build files have been written to: /tmp_home/DynamoRIO-Linux-10.0.0
Scanning dependencies of target api_headers
Scanning dependencies of target generate_syslog
Scanning dependencies of target runstats
Scanning dependencies of target test_helpers
Scanning dependencies of target drloader
Scanning dependencies of target run_in_bg
Scanning dependencies of target pevent
Scanning dependencies of target drcpusim_ops
Scanning dependencies of target minizip
Scanning dependencies of target drnudgeunix
[  0%] Generating ../event_strings.h
[  0%] Building C object tools/CMakeFiles/runstats.dir/runstats.c.o
[  0%] Built target api_headers
[  0%] Building C object tools/CMakeFiles/run_in_bg.dir/run_in_bg.c.o
[  0%] Building C object tools/CMakeFiles/drloader.dir/drloader.c.o
[  1%] Building CXX object clients/drcachesim/CMakeFiles/test_helpers.dir/tests/test_helpers.cpp.o
[  1%] Building CXX object clients/drcpusim/CMakeFiles/drcpusim_ops.dir/options.cpp.o
[  1%] Building CXX object clients/drcpusim/CMakeFiles/drcpusim_ops.dir/optionlist.cpp.o
[  1%] Building C object clients/drcachesim/drpt2trace/libipt/CMakeFiles/pevent.dir/__/__/__/__/third_party/libipt/pevent/src/pevent.c.o
Scanning dependencies of target ipt
[  1%] Building C object clients/drcachesim/CMakeFiles/minizip.dir/__/__/third_party/zlib/contrib/minizip/miniunz.c.o
[  1%] Building C object clients/drcachesim/CMakeFiles/minizip.dir/__/__/third_party/zlib/contrib/minizip/ioapi.c.o
[  2%] Building C object tools/CMakeFiles/drnudgeunix.dir/nudgeunix.c.o
[  2%] Building C object clients/drcachesim/CMakeFiles/minizip.dir/__/__/third_party/zlib/contrib/minizip/mztools.c.o
[  2%] Building C object clients/drcachesim/CMakeFiles/minizip.dir/__/__/third_party/zlib/contrib/minizip/unzip.c.o
[  2%] Building C object tools/CMakeFiles/drnudgeunix.dir/__/core/unix/nudgesig.c.o
[  3%] Building C object clients/drcachesim/CMakeFiles/minizip.dir/__/__/third_party/zlib/contrib/minizip/minizip.c.o
[  3%] Building C object clients/drcachesim/CMakeFiles/minizip.dir/__/__/third_party/zlib/contrib/minizip/zip.c.o
[  3%] Built target generate_syslog
Scanning dependencies of target drmemtrace_histogram
Scanning dependencies of target drmemtrace_basic_counts
Scanning dependencies of target drmemtrace_reuse_time
Scanning dependencies of target drmemtrace_reuse_distance
[  3%] Building C object clients/drcachesim/drpt2trace/libipt/CMakeFiles/ipt.dir/__/__/__/__/third_party/libipt/libipt/src/pt_error.c.o
[  4%] Building C object clients/drcachesim/drpt2trace/libipt/CMakeFiles/ipt.dir/__/__/__/__/third_party/libipt/libipt/src/pt_event_decoder.c.o
[  4%] Building C object clients/drcachesim/drpt2trace/libipt/CMakeFiles/ipt.dir/__/__/__/__/third_party/libipt/libipt/src/pt_packet_decoder.c.o
[  4%] Building C object clients/drcachesim/drpt2trace/libipt/CMakeFiles/ipt.dir/__/__/__/__/third_party/libipt/libipt/src/pt_query_decoder.c.o
[  4%] Building C object clients/drcachesim/drpt2trace/libipt/CMakeFiles/ipt.dir/__/__/__/__/third_party/libipt/libipt/src/pt_encoder.c.o
[  4%] Building C object clients/drcachesim/drpt2trace/libipt/CMakeFiles/ipt.dir/__/__/__/__/third_party/libipt/libipt/src/pt_version.c.o
[  4%] Building C object clients/drcachesim/drpt2trace/libipt/CMakeFiles/ipt.dir/__/__/__/__/third_party/libipt/libipt/src/pt_sync.c.o
[  4%] Building C object clients/drcachesim/drpt2trace/libipt/CMakeFiles/ipt.dir/__/__/__/__/third_party/libipt/libipt/src/pt_last_ip.c.o
[  4%] Building C object clients/drcachesim/drpt2trace/libipt/CMakeFiles/ipt.dir/__/__/__/__/third_party/libipt/libipt/src/pt_ild.c.o
[  5%] Building C object clients/drcachesim/drpt2trace/libipt/CMakeFiles/ipt.dir/__/__/__/__/third_party/libipt/libipt/src/pt_tnt_cache.c.o
[  5%] Building C object clients/drcachesim/drpt2trace/libipt/CMakeFiles/ipt.dir/__/__/__/__/third_party/libipt/libipt/src/pt_image_section_cache.c.o
[  5%] Building C object clients/drcachesim/drpt2trace/libipt/CMakeFiles/ipt.dir/__/__/__/__/third_party/libipt/libipt/src/pt_image.c.o
[  6%] Building C object clients/drcachesim/drpt2trace/libipt/CMakeFiles/ipt.dir/__/__/__/__/third_party/libipt/libipt/src/pt_insn_decoder.c.o
[  6%] Building C object clients/drcachesim/drpt2trace/libipt/CMakeFiles/ipt.dir/__/__/__/__/third_party/libipt/libipt/src/pt_retstack.c.o
[  6%] Building C object clients/drcachesim/drpt2trace/libipt/CMakeFiles/ipt.dir/__/__/__/__/third_party/libipt/libipt/src/pt_event_queue.c.o
[  6%] Building C object clients/drcachesim/drpt2trace/libipt/CMakeFiles/ipt.dir/__/__/__/__/third_party/libipt/libipt/src/pt_time.c.o
[  6%] Building C object clients/drcachesim/drpt2trace/libipt/CMakeFiles/ipt.dir/__/__/__/__/third_party/libipt/libipt/src/pt_asid.c.o
Scanning dependencies of target drmemtrace_syscall_mix
[  7%] Building C object clients/drcachesim/drpt2trace/libipt/CMakeFiles/ipt.dir/__/__/__/__/third_party/libipt/libipt/src/pt_packet.c.o
[  7%] Building C object clients/drcachesim/drpt2trace/libipt/CMakeFiles/ipt.dir/__/__/__/__/third_party/libipt/libipt/src/pt_insn.c.o
[  7%] Building C object clients/drcachesim/drpt2trace/libipt/CMakeFiles/ipt.dir/__/__/__/__/third_party/libipt/libipt/src/pt_config.c.o
Scanning dependencies of target drcachesim_ops
[  7%] Building C object clients/drcachesim/drpt2trace/libipt/CMakeFiles/ipt.dir/__/__/__/__/third_party/libipt/libipt/src/pt_block_decoder.c.o
[  7%] Building C object clients/drcachesim/drpt2trace/libipt/CMakeFiles/ipt.dir/__/__/__/__/third_party/libipt/libipt/src/pt_block_cache.c.o
[  7%] Building C object clients/drcachesim/drpt2trace/libipt/CMakeFiles/ipt.dir/__/__/__/__/third_party/libipt/libipt/src/pt_msec_cache.c.o
Scanning dependencies of target drmemtrace_func_view
[  7%] Building CXX object clients/drcachesim/CMakeFiles/drmemtrace_basic_counts.dir/tools/basic_counts.cpp.o
[  7%] Building CXX object clients/drcachesim/CMakeFiles/drmemtrace_histogram.dir/tools/histogram.cpp.o
[  8%] Building CXX object clients/drcachesim/CMakeFiles/drmemtrace_reuse_time.dir/tools/reuse_time.cpp.o
[  8%] Building CXX object clients/drcachesim/CMakeFiles/drmemtrace_reuse_distance.dir/tools/reuse_distance.cpp.o
Scanning dependencies of target drmemtrace_simulator
[  8%] Linking CXX static library ../lib64/release/libtest_helpers.a
Scanning dependencies of target drmemfuncs
[  8%] Building CXX object clients/drcachesim/CMakeFiles/drmemtrace_syscall_mix.dir/tools/syscall_mix.cpp.o
[  9%] Building CXX object clients/drcachesim/CMakeFiles/drcachesim_ops.dir/optionlist.cpp.o
[  9%] Building CXX object clients/drcachesim/CMakeFiles/drmemtrace_func_view.dir/tools/func_view.cpp.o
[  9%] Building CXX object clients/drcachesim/CMakeFiles/drmemtrace_simulator.dir/simulator/simulator.cpp.o
[  9%] Building ASM object core/CMakeFiles/drmemfuncs.dir/arch/x86/memfuncs.asm.o
Scanning dependencies of target drlibc
[  9%] Building C object core/CMakeFiles/drmemfuncs.dir/lib/memmove.c.o
[  9%] Building C object clients/drcachesim/drpt2trace/libipt/CMakeFiles/ipt.dir/__/__/__/__/third_party/libipt/libipt/src/pt_section_file.c.o
[  9%] Building CXX object clients/drcachesim/CMakeFiles/drmemtrace_simulator.dir/simulator/cache.cpp.o
[  9%] Building CXX object clients/drcachesim/CMakeFiles/drcachesim_ops.dir/common/options.cpp.o
[  9%] Building CXX object clients/drcachesim/CMakeFiles/drmemtrace_simulator.dir/simulator/cache_lru.cpp.o
[ 10%] Building C object clients/drcachesim/drpt2trace/libipt/CMakeFiles/ipt.dir/__/__/__/__/third_party/libipt/libipt/src/posix/pt_section_posix.c.o
[ 10%] Linking C static library ../../../../third_party/lib64/release/libpevent.a
[ 10%] Building C object clients/drcachesim/drpt2trace/libipt/CMakeFiles/ipt.dir/__/__/__/__/third_party/libipt/libipt/src/pt_section.c.o
[ 10%] Building CXX object clients/drcachesim/CMakeFiles/drmemtrace_simulator.dir/simulator/cache_fifo.cpp.o
[ 10%] Building ASM object core/CMakeFiles/drlibc.dir/drlibc/drlibc_xarch.asm.o
[ 11%] Building CXX object clients/drcachesim/CMakeFiles/drmemtrace_simulator.dir/simulator/cache_miss_analyzer.cpp.o
[ 11%] Building ASM object core/CMakeFiles/drlibc.dir/drlibc/drlibc_x86.asm.o
[ 11%] Building CXX object clients/drcachesim/CMakeFiles/drmemtrace_simulator.dir/simulator/caching_device.cpp.o
[ 12%] Building C object core/CMakeFiles/drlibc.dir/drlibc/drlibc.c.o
[ 12%] Building CXX object clients/drcachesim/CMakeFiles/drmemtrace_simulator.dir/simulator/caching_device_stats.cpp.o
[ 12%] Building CXX object clients/drcachesim/CMakeFiles/drmemtrace_simulator.dir/simulator/cache_stats.cpp.o
[ 12%] Building C object core/CMakeFiles/drlibc.dir/drlibc/drlibc_notdr_dcxt.c.o
[ 12%] Building CXX object clients/drcachesim/CMakeFiles/drmemtrace_simulator.dir/simulator/prefetcher.cpp.o
[ 12%] Building C object core/CMakeFiles/drlibc.dir/drlibc/drlibc_notdr_error.c.o
[ 12%] Built target test_helpers
[ 12%] Building C object core/CMakeFiles/drlibc.dir/drlibc/drlibc_notdr_ignoreassert.c.o
[ 12%] Building C object core/CMakeFiles/drlibc.dir/drlibc/drlibc_notdr_logfile.c.o
[ 13%] Building CXX object clients/drcachesim/CMakeFiles/drmemtrace_simulator.dir/simulator/snoop_filter.cpp.o
[ 13%] Building C object core/CMakeFiles/drlibc.dir/drlibc/drlibc_notdr_printlog.c.o
[ 13%] Building CXX object clients/drcachesim/CMakeFiles/drmemtrace_simulator.dir/simulator/cache_simulator.cpp.o
[ 13%] Building C object core/CMakeFiles/drlibc.dir/drlibc/drlibc_notdr_saferead.c.o
[ 13%] Linking C executable ../bin64/drloader
[ 14%] Building C object core/CMakeFiles/drlibc.dir/drlibc/drlibc_notdr_report.c.o
[ 14%] Building C object core/CMakeFiles/drlibc.dir/drlibc/drlibc_notdr_stats.c.o
[ 14%] Building CXX object clients/drcachesim/CMakeFiles/drmemtrace_simulator.dir/simulator/tlb.cpp.o
[ 14%] Linking C executable ../bin64/run_in_bg
[ 14%] Building C object core/CMakeFiles/drlibc.dir/drlibc/drlibc_unix.c.o
[ 14%] Building CXX object clients/drcachesim/CMakeFiles/drmemtrace_simulator.dir/simulator/tlb_simulator.cpp.o
[ 14%] Building C object core/CMakeFiles/drlibc.dir/drlibc/drlibc_module_elf.c.o
[ 14%] Built target pevent
[ 14%] Linking C static library ../lib64/release/libminizip.a
[ 14%] Linking C executable ../bin64/drnudgeunix
[ 14%] Linking C executable ../bin64/runstats
[ 14%] Linking C static library ../../../../third_party/lib64/release/libipt.a
[ 14%] Built target drloader
[ 14%] Linking C static library ../lib64/libdrmemfuncs.a
[ 14%] Built target run_in_bg
[ 14%] Built target minizip
[ 14%] Built target drnudgeunix
[ 14%] Built target runstats
[ 14%] Built target ipt
[ 14%] Built target drmemfuncs
Scanning dependencies of target ipt-sb
[ 14%] Building C object clients/drcachesim/drpt2trace/libipt/CMakeFiles/ipt-sb.dir/__/__/__/__/third_party/libipt/sideband/src/pt_sb_session.c.o
[ 14%] Building C object clients/drcachesim/drpt2trace/libipt/CMakeFiles/ipt-sb.dir/__/__/__/__/third_party/libipt/sideband/src/pt_sb_context.c.o
[ 14%] Building C object clients/drcachesim/drpt2trace/libipt/CMakeFiles/ipt-sb.dir/__/__/__/__/third_party/libipt/sideband/src/pt_sb_file.c.o
[ 14%] Building C object clients/drcachesim/drpt2trace/libipt/CMakeFiles/ipt-sb.dir/__/__/__/__/third_party/libipt/sideband/src/pt_sb_pevent.c.o
[ 15%] Linking C static library ../../../../third_party/lib64/release/libipt-sb.a
[ 15%] Built target ipt-sb
[ 16%] Linking C static library ../lib64/libdrlibc.a
[ 16%] Built target drlibc
Scanning dependencies of target drfrontendlib
Scanning dependencies of target drpreload
[ 16%] Building C object libutil/CMakeFiles/drfrontendlib.dir/dr_frontend_common.c.o
[ 16%] Building C object libutil/CMakeFiles/drfrontendlib.dir/dr_frontend_unix.c.o
[ 16%] Building C object core/CMakeFiles/drpreload.dir/config.c.o
[ 17%] Building C object core/CMakeFiles/drpreload.dir/io.c.o
[ 17%] Building C object core/CMakeFiles/drpreload.dir/unix/preload.c.o
[ 17%] Building C object core/CMakeFiles/drpreload.dir/string.c.o
Scanning dependencies of target drdecode
[ 18%] Building C object core/CMakeFiles/drdecode.dir/ir/opnd_shared.c.o
[ 18%] Building C object core/CMakeFiles/drdecode.dir/ir/instr_shared.c.o
[ 18%] Building C object core/CMakeFiles/drdecode.dir/ir/x86/opnd.c.o
[ 18%] Building C object core/CMakeFiles/drdecode.dir/ir/x86/encode.c.o
[ 18%] Building C object core/CMakeFiles/drdecode.dir/ir/x86/decode.c.o
[ 18%] Building C object core/CMakeFiles/drdecode.dir/ir/x86/disassemble.c.o
[ 18%] Building C object core/CMakeFiles/drdecode.dir/ir/disassemble_shared.c.o
[ 18%] Building C object core/CMakeFiles/drdecode.dir/ir/instrlist.c.o
[ 18%] Building C object core/CMakeFiles/drdecode.dir/ir/x86/instr.c.o
[ 18%] Building C object core/CMakeFiles/drdecode.dir/ir/encode_shared.c.o
[ 19%] Building C object core/CMakeFiles/drdecode.dir/ir/decode_shared.c.o
[ 20%] Building C object core/CMakeFiles/drdecode.dir/ir/ir_utils_shared.c.o
[ 20%] Building C object core/CMakeFiles/drdecode.dir/ir/x86/ir_utils.c.o
[ 20%] Building C object core/CMakeFiles/drdecode.dir/ir/x86/decode_table.c.o
[ 20%] Building C object core/CMakeFiles/drdecode.dir/ir/decodelib.c.o
[ 20%] Building C object core/CMakeFiles/drdecode.dir/ir/x86/decode_fast.c.o
[ 20%] Building C object core/CMakeFiles/drdecode.dir/string.c.o
[ 21%] Building C object core/CMakeFiles/drdecode.dir/io.c.o
[ 22%] Linking C static library ../lib64/libdrfrontendlib.a
Scanning dependencies of target dynamorio_static
Scanning dependencies of target dynamorio
[ 22%] Building C object core/CMakeFiles/dynamorio_static.dir/utils.c.o
[ 22%] Building C object core/CMakeFiles/dynamorio_static.dir/options.c.o
[ 23%] Building C object core/CMakeFiles/dynamorio_static.dir/dynamo.c.o
[ 23%] Building C object core/CMakeFiles/dynamorio_static.dir/config.c.o
[ 23%] Building C object core/CMakeFiles/dynamorio_static.dir/link.c.o
[ 23%] Building C object core/CMakeFiles/dynamorio_static.dir/fragment.c.o
[ 23%] Building C object core/CMakeFiles/dynamorio_static.dir/dispatch.c.o
[ 23%] Building C object core/CMakeFiles/dynamorio_static.dir/fcache.c.o
[ 23%] Building C object core/CMakeFiles/dynamorio_static.dir/emit.c.o
[ 23%] Building C object core/CMakeFiles/dynamorio_static.dir/stats.c.o
[ 24%] Building C object core/CMakeFiles/dynamorio_static.dir/heap.c.o
[ 24%] Building C object core/CMakeFiles/dynamorio.dir/options.c.o
[ 24%] Building C object core/CMakeFiles/dynamorio_static.dir/monitor.c.o
[ 24%] Built target drfrontendlib
[ 24%] Building C object core/CMakeFiles/dynamorio.dir/dynamo.c.o
[ 24%] Building C object core/CMakeFiles/dynamorio_static.dir/perfctr.c.o
[ 24%] Building C object core/CMakeFiles/dynamorio.dir/fragment.c.o
[ 24%] Building C object core/CMakeFiles/dynamorio.dir/fcache.c.o
[ 24%] Building C object core/CMakeFiles/dynamorio_static.dir/vmareas.c.o
[ 24%] Building C object core/CMakeFiles/dynamorio_static.dir/rct.c.o
[ 24%] Building C object core/CMakeFiles/dynamorio_static.dir/hotpatch.c.o
[ 24%] Building C object core/CMakeFiles/dynamorio.dir/link.c.o
Scanning dependencies of target drconfiglib
[ 25%] Building C object core/CMakeFiles/dynamorio_static.dir/hashtable.c.o
Scanning dependencies of target directory_iterator
[ 25%] Building C object libutil/CMakeFiles/drconfiglib.dir/dr_config.c.o
[ 25%] Building CXX object clients/drcachesim/CMakeFiles/directory_iterator.dir/common/directory_iterator.cpp.o
[ 25%] Building C object core/CMakeFiles/dynamorio_static.dir/module_list.c.o
[ 25%] Building C object libutil/CMakeFiles/drconfiglib.dir/utils.c.o
[ 25%] Building C object libutil/CMakeFiles/drconfiglib.dir/__/core/io.c.o
[ 25%] Building C object core/CMakeFiles/dynamorio_static.dir/moduledb.c.o
[ 25%] Building C object core/CMakeFiles/dynamorio_static.dir/perscache.c.o
[ 25%] Building C object core/CMakeFiles/dynamorio_static.dir/nudge.c.o
[ 26%] Building C object libutil/CMakeFiles/drconfiglib.dir/__/core/unix/nudgesig.c.o
[ 26%] Building C object core/CMakeFiles/dynamorio_static.dir/synch.c.o
[ 27%] Building C object core/CMakeFiles/dynamorio_static.dir/buildmark.c.o
[ 27%] Building C object core/CMakeFiles/dynamorio_static.dir/loader_shared.c.o
[ 27%] Building C object core/CMakeFiles/dynamorio_static.dir/io.c.o
[ 27%] Building C object core/CMakeFiles/dynamorio.dir/emit.c.o
[ 28%] Building C object core/CMakeFiles/dynamorio.dir/dispatch.c.o
[ 28%] Building C object core/CMakeFiles/dynamorio_static.dir/native_exec.c.o
[ 28%] Building C object core/CMakeFiles/dynamorio_static.dir/lib/instrument.c.o
[ 28%] Building C object core/CMakeFiles/dynamorio_static.dir/lib/module_api.c.o
[ 29%] Building C object core/CMakeFiles/dynamorio_static.dir/translate.c.o
[ 29%] Building C object core/CMakeFiles/dynamorio_static.dir/annotations.c.o
[ 29%] Building C object core/CMakeFiles/dynamorio_static.dir/jit_opt.c.o
[ 29%] Linking CXX static library ../lib64/release/libdrmemtrace_syscall_mix.a
[ 29%] Linking CXX static library ../lib64/release/libdirectory_iterator.a
[ 29%] Building C object core/CMakeFiles/dynamorio_static.dir/string.c.o
[ 29%] Building C object core/CMakeFiles/dynamorio.dir/utils.c.o
[ 29%] Building C object core/CMakeFiles/dynamorio_static.dir/arch/arch.c.o
[ 29%] Building C object core/CMakeFiles/dynamorio_static.dir/arch/emit_utils_shared.c.o
[ 29%] Built target directory_iterator
[ 30%] Building C object core/CMakeFiles/dynamorio_static.dir/arch/x86/emit_utils.c.o
[ 30%] Built target drmemtrace_syscall_mix
[ 30%] Building C object core/CMakeFiles/dynamorio_static.dir/ir/opnd_shared.c.o
[ 30%] Linking CXX static library ../lib64/release/libdrmemtrace_histogram.a
Scanning dependencies of target drmemtrace_analyzer
[ 30%] Building C object core/CMakeFiles/dynamorio.dir/config.c.o
[ 30%] Building CXX object clients/drcachesim/CMakeFiles/drmemtrace_analyzer.dir/analyzer.cpp.o
[ 30%] Building C object core/CMakeFiles/dynamorio_static.dir/ir/x86/opnd.c.o
[ 30%] Building C object core/CMakeFiles/dynamorio.dir/stats.c.o
[ 30%] Building C object core/CMakeFiles/dynamorio_static.dir/ir/instr_shared.c.o
[ 30%] Building C object core/CMakeFiles/dynamorio_static.dir/ir/x86/instr.c.o
[ 31%] Building C object core/CMakeFiles/dynamorio_static.dir/ir/instrlist.c.o
[ 31%] Linking C shared library ../lib64/release/libdrpreload.so
[ 31%] Building C object core/CMakeFiles/dynamorio.dir/heap.c.o
[ 31%] Built target drmemtrace_histogram
[ 32%] Building CXX object clients/drcachesim/CMakeFiles/drmemtrace_analyzer.dir/scheduler/scheduler.cpp.o
[ 32%] Linking CXX static library ../lib64/release/libdrmemtrace_reuse_time.a
[ 32%] Building C object core/CMakeFiles/dynamorio_static.dir/ir/decode_shared.c.o
[ 32%] Building C object core/CMakeFiles/dynamorio_static.dir/ir/x86/decode.c.o
[ 33%] Building C object core/CMakeFiles/dynamorio.dir/monitor.c.o
[ 33%] Building C object core/CMakeFiles/dynamorio_static.dir/ir/encode_shared.c.o
[ 33%] Built target drpreload
[ 33%] Building C object core/CMakeFiles/dynamorio_static.dir/ir/x86/encode.c.o
[ 33%] Building C object core/CMakeFiles/dynamorio_static.dir/ir/disassemble_shared.c.o
[ 33%] Building CXX object clients/drcachesim/CMakeFiles/drmemtrace_analyzer.dir/scheduler/speculator.cpp.o
[ 33%] Linking CXX executable ../bin64/drcpusim_ops
[ 34%] Building C object core/CMakeFiles/dynamorio_static.dir/ir/x86/disassemble.c.o
[ 34%] Built target drmemtrace_reuse_time
[ 34%] Building C object core/CMakeFiles/dynamorio_static.dir/ir/ir_utils_shared.c.o
[ 34%] Building C object core/CMakeFiles/dynamorio_static.dir/ir/x86/ir_utils.c.o
[ 34%] Building C object core/CMakeFiles/dynamorio_static.dir/ir/x86/decode_table.c.o
[ 34%] Building C object core/CMakeFiles/dynamorio_static.dir/ir/x86/decode_fast.c.o
[ 34%] Building C object core/CMakeFiles/dynamorio_static.dir/arch/interp.c.o
[ 34%] Building CXX object clients/drcachesim/CMakeFiles/drmemtrace_analyzer.dir/common/trace_entry.cpp.o
[ 35%] Building C object core/CMakeFiles/dynamorio_static.dir/arch/proc_shared.c.o
[ 35%] Building C object core/CMakeFiles/dynamorio.dir/perfctr.c.o
[ 35%] Building C object core/CMakeFiles/dynamorio_static.dir/arch/x86/proc.c.o
[ 35%] Building C object core/CMakeFiles/dynamorio_static.dir/arch/mangle_shared.c.o
[ 35%] Built target drcpusim_ops
[ 35%] Building C object core/CMakeFiles/dynamorio_static.dir/arch/x86/mangle.c.o
[ 35%] Building C object core/CMakeFiles/dynamorio.dir/vmareas.c.o
[ 35%] Building C object core/CMakeFiles/dynamorio_static.dir/arch/clean_call_opt_shared.c.o
[ 35%] Building C object core/CMakeFiles/dynamorio.dir/rct.c.o
[ 35%] Linking CXX static library ../lib64/release/libdrmemtrace_basic_counts.a
[ 35%] Building C object core/CMakeFiles/dynamorio_static.dir/arch/x86/clean_call_opt.c.o
[ 35%] Linking C static library ../lib64/libdrdecode.a
[ 35%] Building C object core/CMakeFiles/dynamorio.dir/hotpatch.c.o
[ 35%] Linking C static library ../lib64/libdrconfiglib.a
[ 36%] Building C object core/CMakeFiles/dynamorio_static.dir/arch/x86_code.c.o
[ 36%] Building C object core/CMakeFiles/dynamorio.dir/hashtable.c.o
[ 36%] Built target drmemtrace_basic_counts
[ 36%] Building ASM object core/CMakeFiles/dynamorio_static.dir/arch/x86/x86.asm.o
[ 37%] Building C object core/CMakeFiles/dynamorio.dir/module_list.c.o
[ 37%] Building CXX object clients/drcachesim/CMakeFiles/drmemtrace_analyzer.dir/reader/reader.cpp.o
[ 37%] Building C object core/CMakeFiles/dynamorio_static.dir/arch/x86/optimize.c.o
[ 37%] Building C object core/CMakeFiles/dynamorio.dir/moduledb.c.o
[ 37%] Building C object core/CMakeFiles/dynamorio.dir/perscache.c.o
[ 37%] Built target drconfiglib
[ 37%] Building C object core/CMakeFiles/dynamorio_static.dir/arch/sideline.c.o
Scanning dependencies of target drconfig
[ 37%] Building C object tools/CMakeFiles/drconfig.dir/drdeploy.c.o
[ 38%] Building C object core/CMakeFiles/dynamorio_static.dir/arch/x86/x86_to_x64.c.o
[ 38%] Building C object core/CMakeFiles/dynamorio_static.dir/arch/retcheck.c.o
[ 38%] Building C object core/CMakeFiles/dynamorio_static.dir/unix/os.c.o
[ 38%] Building C object core/CMakeFiles/dynamorio.dir/nudge.c.o
[ 38%] Building CXX object clients/drcachesim/CMakeFiles/drmemtrace_analyzer.dir/reader/config_reader.cpp.o
[ 38%] Built target drdecode
[ 38%] Building C object core/CMakeFiles/dynamorio_static.dir/unix/signal.c.o
[ 38%] Building C object core/CMakeFiles/dynamorio_static.dir/unix/module.c.o
[ 38%] Building C object core/CMakeFiles/dynamorio_static.dir/unix/pcprofile.c.o
[ 38%] Building C object core/CMakeFiles/dynamorio_static.dir/unix/stackdump.c.o
Scanning dependencies of target drinjectlib
[ 38%] Building C object core/CMakeFiles/dynamorio_static.dir/unix/diagnost.c.o
[ 38%] Building C object core/CMakeFiles/drinjectlib.dir/unix/injector.c.o
[ 38%] Building C object core/CMakeFiles/drinjectlib.dir/config.c.o
[ 39%] Building C object core/CMakeFiles/dynamorio_static.dir/unix/loader.c.o
[ 39%] Building C object core/CMakeFiles/dynamorio_static.dir/unix/loader_linux.c.o
[ 39%] Building C object core/CMakeFiles/drinjectlib.dir/string.c.o
[ 39%] Building CXX object clients/drcachesim/CMakeFiles/drmemtrace_analyzer.dir/reader/file_reader.cpp.o
[ 39%] Building C object core/CMakeFiles/dynamorio_static.dir/unix/memquery_linux.c.o
[ 39%] Building C object core/CMakeFiles/dynamorio.dir/synch.c.o
[ 39%] Building C object core/CMakeFiles/dynamorio_static.dir/unix/memquery.c.o
[ 39%] Building C object core/CMakeFiles/dynamorio.dir/buildmark.c.o
[ 41%] Building C object core/CMakeFiles/drinjectlib.dir/io.c.o
[ 41%] Building C object core/CMakeFiles/dynamorio.dir/loader_shared.c.o
[ 41%] Building C object core/CMakeFiles/dynamorio_static.dir/unix/memcache.c.o
[ 41%] Building C object core/CMakeFiles/dynamorio_static.dir/unix/module_elf.c.o
[ 42%] Building C object core/CMakeFiles/dynamorio_static.dir/unix/ksynch_linux.c.o
[ 42%] Building C object core/CMakeFiles/dynamorio_static.dir/unix/tls_linux_x86.c.o
[ 42%] Linking CXX static library ../lib64/release/libdrmemtrace_reuse_distance.a
[ 42%] Building C object core/CMakeFiles/dynamorio_static.dir/unix/signal_linux.c.o
[ 42%] Building C object core/CMakeFiles/dynamorio_static.dir/unix/signal_linux_x86.c.o
[ 43%] Building C object core/CMakeFiles/dynamorio_static.dir/unix/nudgesig.c.o
[ 43%] Building C object core/CMakeFiles/dynamorio_static.dir/unix/native_elf.c.o
[ 43%] Building C object core/CMakeFiles/dynamorio_static.dir/unix/rseq_linux.c.o
[ 43%] Building C object core/CMakeFiles/dynamorio.dir/io.c.o
Scanning dependencies of target drmemtrace_invariant_checker
[ 44%] Building CXX object clients/drcachesim/CMakeFiles/drmemtrace_analyzer.dir/reader/record_file_reader.cpp.o
[ 44%] Building C object core/CMakeFiles/dynamorio.dir/native_exec.c.o
[ 44%] Building CXX object clients/drcachesim/CMakeFiles/drmemtrace_invariant_checker.dir/tools/invariant_checker.cpp.o
[ 44%] Built target drmemtrace_reuse_distance
[ 44%] Building C object core/CMakeFiles/dynamorio.dir/lib/instrument.c.o
[ 44%] Building C object core/CMakeFiles/dynamorio.dir/lib/module_api.c.o
[ 44%] Building C object core/CMakeFiles/dynamorio.dir/translate.c.o
[ 44%] Building CXX object clients/drcachesim/CMakeFiles/drmemtrace_analyzer.dir/reader/compressed_file_reader.cpp.o
[ 44%] Building CXX object clients/drcachesim/CMakeFiles/drmemtrace_analyzer.dir/reader/zipfile_file_reader.cpp.o
Scanning dependencies of target drir2trace
[ 44%] Linking C executable ../bin64/drconfig
[ 44%] Building CXX object clients/drcachesim/drpt2trace/CMakeFiles/drir2trace.dir/ir2trace.cpp.o
Scanning dependencies of target drpt2ir
[ 44%] Building CXX object clients/drcachesim/drpt2trace/CMakeFiles/drpt2ir.dir/pt2ir.cpp.o
[ 45%] Linking CXX static library ../lib64/release/libdrmemtrace_func_view.a
Scanning dependencies of target drdisas
[ 45%] Building CXX object clients/drcachesim/CMakeFiles/drmemtrace_analyzer.dir/reader/snappy_file_reader.cpp.o
[ 45%] Building CXX object clients/drcachesim/CMakeFiles/drmemtrace_analyzer.dir/common/snappy_consts.cpp.o
[ 45%] Building CXX object clients/drdisas/CMakeFiles/drdisas.dir/drdisas.cpp.o
[ 45%] Building CXX object clients/drcachesim/drpt2trace/CMakeFiles/drpt2ir.dir/elf_loader.cpp.o
[ 45%] Building CXX object clients/drcachesim/CMakeFiles/drmemtrace_analyzer.dir/common/crc32c.cpp.o
[ 46%] Building CXX object clients/drcachesim/CMakeFiles/drmemtrace_analyzer.dir/reader/lz4_file_reader.cpp.o
[ 46%] Building C object core/CMakeFiles/dynamorio.dir/jit_opt.c.o
[ 47%] Building C object core/CMakeFiles/dynamorio.dir/annotations.c.o
[ 47%] Built target drconfig
[ 47%] Built target drmemtrace_func_view
[ 47%] Building C object core/CMakeFiles/dynamorio.dir/string.c.o
[ 47%] Building C object core/CMakeFiles/dynamorio.dir/arch/emit_utils_shared.c.o
[ 47%] Building C object core/CMakeFiles/dynamorio.dir/arch/arch.c.o
[ 47%] Building C object core/CMakeFiles/dynamorio.dir/arch/x86/emit_utils.c.o
[ 48%] Building C object core/CMakeFiles/dynamorio.dir/ir/opnd_shared.c.o
[ 48%] Building C object core/CMakeFiles/dynamorio.dir/ir/x86/opnd.c.o
[ 48%] Building C object core/CMakeFiles/dynamorio.dir/ir/instr_shared.c.o
[ 48%] Building C object core/CMakeFiles/dynamorio.dir/ir/x86/instr.c.o
[ 48%] Building C object core/CMakeFiles/dynamorio.dir/ir/instrlist.c.o
[ 49%] Building C object core/CMakeFiles/dynamorio.dir/ir/decode_shared.c.o
[ 49%] Building C object core/CMakeFiles/dynamorio.dir/ir/x86/decode.c.o
[ 49%] Building C object core/CMakeFiles/dynamorio.dir/ir/encode_shared.c.o
[ 49%] Building C object core/CMakeFiles/dynamorio.dir/ir/x86/encode.c.o
[ 49%] Building C object core/CMakeFiles/dynamorio.dir/ir/disassemble_shared.c.o
[ 49%] Building C object core/CMakeFiles/dynamorio.dir/ir/x86/disassemble.c.o
[ 50%] Building C object core/CMakeFiles/dynamorio.dir/ir/ir_utils_shared.c.o
[ 50%] Building C object core/CMakeFiles/dynamorio.dir/ir/x86/ir_utils.c.o
[ 50%] Linking CXX static library ../lib64/release/libdrmemtrace_simulator.a
[ 50%] Building C object core/CMakeFiles/dynamorio.dir/ir/x86/decode_table.c.o
[ 50%] Building C object core/CMakeFiles/dynamorio.dir/ir/x86/decode_fast.c.o
[ 50%] Building C object core/CMakeFiles/dynamorio.dir/arch/interp.c.o
[ 50%] Building C object core/CMakeFiles/dynamorio.dir/arch/proc_shared.c.o
[ 50%] Linking CXX static library ../../lib64/release/libdrir2trace.a
[ 51%] Building C object core/CMakeFiles/dynamorio.dir/arch/x86/proc.c.o
[ 51%] Building C object core/CMakeFiles/dynamorio.dir/arch/mangle_shared.c.o
[ 51%] Building C object core/CMakeFiles/dynamorio.dir/arch/x86/mangle.c.o
[ 51%] Building C object core/CMakeFiles/dynamorio.dir/arch/clean_call_opt_shared.c.o
[ 51%] Building C object core/CMakeFiles/dynamorio.dir/arch/x86/clean_call_opt.c.o
[ 51%] Building C object core/CMakeFiles/dynamorio.dir/arch/x86_code.c.o
[ 51%] Built target drmemtrace_simulator
[ 51%] Built target drir2trace
[ 52%] Building ASM object core/CMakeFiles/dynamorio.dir/arch/x86/x86.asm.o
Scanning dependencies of target drmemtrace_record_filter
[ 52%] Building C object core/CMakeFiles/dynamorio.dir/arch/x86/optimize.c.o
[ 52%] Building C object core/CMakeFiles/dynamorio.dir/arch/sideline.c.o
[ 52%] Building CXX object clients/drcachesim/CMakeFiles/drmemtrace_record_filter.dir/tools/filter/record_filter.cpp.o
[ 52%] Building C object core/CMakeFiles/dynamorio.dir/arch/retcheck.c.o
[ 52%] Building C object core/CMakeFiles/dynamorio.dir/arch/x86/x86_to_x64.c.o
[ 52%] Building CXX object clients/drcachesim/CMakeFiles/drmemtrace_record_filter.dir/tools/filter/cache_filter.cpp.o
[ 52%] Building C object core/CMakeFiles/dynamorio.dir/unix/os.c.o
[ 53%] Building C object core/CMakeFiles/dynamorio.dir/unix/signal.c.o
[ 53%] Building C object core/CMakeFiles/dynamorio.dir/unix/module.c.o
[ 53%] Building C object core/CMakeFiles/dynamorio.dir/unix/pcprofile.c.o
[ 53%] Linking C static library ../lib64/libdrinjectlib.a
[ 53%] Building C object core/CMakeFiles/dynamorio.dir/unix/diagnost.c.o
[ 53%] Building C object core/CMakeFiles/dynamorio.dir/unix/stackdump.c.o
[ 53%] Building C object core/CMakeFiles/dynamorio.dir/unix/loader.c.o
[ 53%] Linking CXX static library ../../lib64/release/libdrpt2ir.a
[ 54%] Building C object core/CMakeFiles/dynamorio.dir/unix/loader_linux.c.o
[ 54%] Building C object core/CMakeFiles/dynamorio.dir/unix/memquery_linux.c.o
[ 54%] Building C object core/CMakeFiles/dynamorio.dir/unix/memcache.c.o
[ 54%] Building C object core/CMakeFiles/dynamorio.dir/unix/memquery.c.o
[ 54%] Building C object core/CMakeFiles/dynamorio.dir/unix/ksynch_linux.c.o
[ 54%] Building C object core/CMakeFiles/dynamorio.dir/unix/module_elf.c.o
[ 54%] Built target drinjectlib
[ 55%] Building C object core/CMakeFiles/dynamorio.dir/unix/tls_linux_x86.c.o
[ 55%] Built target drpt2ir
[ 55%] Building C object core/CMakeFiles/dynamorio.dir/unix/signal_linux.c.o
Scanning dependencies of target drrun
[ 55%] Building C object core/CMakeFiles/dynamorio.dir/unix/signal_linux_x86.c.o
Scanning dependencies of target drinject
[ 55%] Building C object tools/CMakeFiles/drrun.dir/drdeploy.c.o
[ 55%] Building C object core/CMakeFiles/dynamorio.dir/unix/native_elf.c.o
[ 55%] Building C object tools/CMakeFiles/drinject.dir/drdeploy.c.o
[ 55%] Building C object core/CMakeFiles/dynamorio.dir/unix/nudgesig.c.o
[ 56%] Building C object core/CMakeFiles/dynamorio.dir/unix/rseq_linux.c.o
[ 56%] Linking C executable ../bin64/drinject
[ 56%] Linking C executable ../bin64/drrun
[ 56%] Built target drinject
[ 56%] Built target drrun
[ 56%] Linking C static library ../lib64/release/libdynamorio_static.a
[ 56%] Linking CXX executable ../bin64/drdisas
[ 56%] Linking CXX static library ../lib64/release/libdrmemtrace_record_filter.a
[ 56%] Built target drmemtrace_record_filter
[ 56%] Built target drdisas
[ 56%] Linking C shared library ../lib64/release/libdynamorio.so
[ 56%] Linking CXX static library ../lib64/release/libdrmemtrace_invariant_checker.a
[ 56%] Built target drmemtrace_invariant_checker
[ 56%] Built target dynamorio_static
[ 56%] Built target dynamorio
Scanning dependencies of target drpttracer
Scanning dependencies of target tracedump
Scanning dependencies of target drpttracer_static
Scanning dependencies of target drcallstack
Scanning dependencies of target drcontainers
Scanning dependencies of target stl_test
Scanning dependencies of target drcallstack_static
Scanning dependencies of target empty
Scanning dependencies of target drpt2trace
Scanning dependencies of target drmemtrace_view
Scanning dependencies of target drmemtrace_opcode_mix
[ 56%] Building C object ext/drpttracer/CMakeFiles/drpttracer.dir/drpttracer.c.o
[ 56%] Building C object ext/drpttracer/CMakeFiles/drpttracer_static.dir/drpttracer.c.o
[ 56%] Building C object ext/drcallstack/CMakeFiles/drcallstack.dir/drcallstack.c.o
[ 56%] Building C object ext/drcontainers/CMakeFiles/drcontainers.dir/hashtable.c.o
[ 56%] Building C object ext/drcontainers/CMakeFiles/drcontainers.dir/drtable.c.o
[ 56%] Building C object ext/drcallstack/CMakeFiles/drcallstack_static.dir/drcallstack.c.o
[ 56%] Building CXX object clients/drcachesim/drpt2trace/CMakeFiles/drpt2trace.dir/drpt2trace.cpp.o
[ 56%] Building C object ext/drcontainers/CMakeFiles/drcontainers.dir/drvector.c.o
[ 56%] Building C object api/samples/CMakeFiles/tracedump.dir/tracedump.c.o
[ 56%] Building CXX object api/samples/CMakeFiles/stl_test.dir/stl_test.cpp.o
[ 56%] Building C object api/samples/CMakeFiles/empty.dir/empty.c.o
[ 57%] Building CXX object clients/drcachesim/CMakeFiles/drmemtrace_view.dir/tools/view.cpp.o
[ 57%] Building CXX object clients/drcachesim/CMakeFiles/drmemtrace_opcode_mix.dir/tools/opcode_mix.cpp.o
[ 57%] Linking C shared library ../bin/libempty.so
[ 57%] Linking C shared library ../lib64/release/libdrcallstack.so
[ 58%] Linking C static library ../lib64/release/libdrcallstack_static.a
Usage: pass to drconfig or drrun: -c /tmp_home/DynamoRIO-Linux-10.0.0/api/samples/../bin/libempty.so
[ 58%] Built target empty
[ 58%] Linking C executable ../bin/tracedump
[ 58%] Built target drcallstack
[ 58%] Built target drcallstack_static
[ 58%] Linking C shared library ../lib64/release/libdrpttracer.so
[ 58%] Linking C static library ../lib64/release/libdrpttracer_static.a
Make sure the loader finds the dynamorio library (set LD_LIBRARY_PATH)
[ 58%] Built target tracedump
[ 58%] Built target drpttracer
[ 58%] Built target drpttracer_static
[ 58%] Linking C static library ../lib64/release/libdrcontainers.a
[ 58%] Built target drcontainers
Scanning dependencies of target drmgr_static
Scanning dependencies of target drmgr
Scanning dependencies of target drsyms_static
Scanning dependencies of target drsyms
[ 58%] Building C object ext/drmgr/CMakeFiles/drmgr_static.dir/drmgr.c.o
[ 58%] Building C object ext/drmgr/CMakeFiles/drmgr.dir/drmgr.c.o
[ 58%] Building C object ext/drsyms/CMakeFiles/drsyms_static.dir/drsyms_unix_frontend.c.o
[ 58%] Building C object ext/drsyms/CMakeFiles/drsyms_static.dir/drsyms_dwarf.c.o
[ 58%] Building CXX object ext/drsyms/CMakeFiles/drsyms_static.dir/demangle.cc.o
[ 59%] Building C object ext/drsyms/CMakeFiles/drsyms.dir/drsyms_elf.c.o
[ 59%] Building C object ext/drsyms/CMakeFiles/drsyms.dir/drsyms_unix_frontend.c.o
[ 59%] Building C object ext/drsyms/CMakeFiles/drsyms_static.dir/drsyms_unix_common.c.o
[ 59%] Building C object ext/drsyms/CMakeFiles/drsyms_static.dir/drsyms_common.c.o
[ 59%] Building C object ext/drsyms/CMakeFiles/drsyms.dir/drsyms_unix_common.c.o
[ 60%] Building C object ext/drsyms/CMakeFiles/drsyms_static.dir/drsyms_elf.c.o
[ 60%] Building C object ext/drsyms/CMakeFiles/drsyms.dir/drsyms_dwarf.c.o
[ 60%] Building C object ext/drsyms/CMakeFiles/drsyms.dir/drsyms_common.c.o
[ 60%] Building CXX object ext/drsyms/CMakeFiles/drsyms.dir/demangle.cc.o
[ 60%] Linking CXX shared library ../bin/libstl_test.so
Usage: pass to drconfig or drrun: -c /tmp_home/DynamoRIO-Linux-10.0.0/api/samples/../bin/libstl_test.so
[ 60%] Built target stl_test
[ 60%] Linking CXX static library ../lib64/release/libdrsyms_static.a
[ 60%] Linking CXX shared library ../lib64/release/libdrsyms.so
[ 60%] Built target drsyms_static
[ 60%] Built target drsyms
Scanning dependencies of target drsyms_bench
[ 60%] Building C object ext/drsyms/CMakeFiles/drsyms_bench.dir/drsyms_bench.c.o
[ 60%] Linking CXX executable ../bin64/drcachesim_ops
[ 60%] Linking C executable ../drsyms_bench
[ 60%] Linking C shared library ../lib64/release/libdrmgr.so
[ 60%] Linking C static library ../lib64/release/libdrmgr_static.a
[ 60%] Built target drsyms_bench
[ 60%] Built target drmgr
Scanning dependencies of target div
Scanning dependencies of target drutil
Scanning dependencies of target signal
Scanning dependencies of target drreg
Scanning dependencies of target cbr
Scanning dependencies of target syscall
Scanning dependencies of target inline
Scanning dependencies of target prefetch
Scanning dependencies of target inscount
Scanning dependencies of target modxfer_app2lib
Scanning dependencies of target drwrap
[ 60%] Built target drmgr_static
[ 61%] Building C object api/samples/CMakeFiles/div.dir/div.c.o
[ 62%] Building C object ext/drutil/CMakeFiles/drutil.dir/drutil.c.o
[ 62%] Building C object api/samples/CMakeFiles/signal.dir/signal.c.o
[ 62%] Building C object ext/drreg/CMakeFiles/drreg.dir/drreg.c.o
[ 63%] Building C object api/samples/CMakeFiles/cbr.dir/cbr.c.o
[ 63%] Building ASM object ext/drwrap/CMakeFiles/drwrap.dir/drwrap_asm_x86.asm.o
[ 63%] Building C object api/samples/CMakeFiles/inline.dir/inline.c.o
[ 64%] Building C object ext/drwrap/CMakeFiles/drwrap.dir/drwrap.c.o
[ 64%] Building C object api/samples/CMakeFiles/modxfer_app2lib.dir/modxfer_app2lib.c.o
[ 64%] Building C object api/samples/CMakeFiles/syscall.dir/syscall.c.o
[ 64%] Building C object api/samples/CMakeFiles/prefetch.dir/prefetch.c.o
[ 64%] Building CXX object api/samples/CMakeFiles/inscount.dir/inscount.cpp.o
Scanning dependencies of target drutil_static
Scanning dependencies of target drwrap_static
Scanning dependencies of target drreg_static
[ 64%] Building C object ext/drutil/CMakeFiles/drutil_static.dir/drutil.c.o
[ 64%] Building ASM object ext/drwrap/CMakeFiles/drwrap_static.dir/drwrap_asm_x86.asm.o
[ 64%] Building C object ext/drwrap/CMakeFiles/drwrap_static.dir/drwrap.c.o
[ 65%] Building C object ext/drreg/CMakeFiles/drreg_static.dir/drreg.c.o
[ 65%] Built target drcachesim_ops
[ 65%] Linking C shared library ../bin/libsignal.so
[ 65%] Linking C shared library ../bin/libdiv.so
[ 65%] Linking C shared library ../bin/libprefetch.so
[ 65%] Linking C shared library ../bin/libmodxfer_app2lib.so
[ 65%] Linking C shared library ../bin/libinline.so
[ 65%] Linking C shared library ../bin/libsyscall.so
Usage: pass to drconfig or drrun: -c /tmp_home/DynamoRIO-Linux-10.0.0/api/samples/../bin/libsignal.so
Usage: pass to drconfig or drrun: -c /tmp_home/DynamoRIO-Linux-10.0.0/api/samples/../bin/libdiv.so
[ 65%] Linking C shared library ../bin/libcbr.so
Usage: pass to drconfig or drrun: -c /tmp_home/DynamoRIO-Linux-10.0.0/api/samples/../bin/libprefetch.so
[ 65%] Built target signal
[ 65%] Built target div
[ 65%] Built target prefetch
Usage: pass to drconfig or drrun: -c /tmp_home/DynamoRIO-Linux-10.0.0/api/samples/../bin/libmodxfer_app2lib.so
[ 65%] Linking C shared library ../lib64/release/libdrutil.so
Usage: pass to drconfig or drrun: -c /tmp_home/DynamoRIO-Linux-10.0.0/api/samples/../bin/libsyscall.so
[ 65%] Built target modxfer_app2lib
Usage: pass to drconfig or drrun: -c /tmp_home/DynamoRIO-Linux-10.0.0/api/samples/../bin/libinline.so
[ 65%] Built target syscall
[ 65%] Built target inline
[ 65%] Linking C static library ../lib64/release/libdrutil_static.a
Usage: pass to drconfig or drrun: -c /tmp_home/DynamoRIO-Linux-10.0.0/api/samples/../bin/libcbr.so
[ 65%] Built target drutil
[ 65%] Built target cbr
[ 65%] Built target drutil_static
Scanning dependencies of target drmemtrace_raw2trace
[ 66%] Building CXX object clients/drcachesim/CMakeFiles/drmemtrace_raw2trace.dir/tracer/instru.cpp.o
[ 66%] Building CXX object clients/drcachesim/CMakeFiles/drmemtrace_raw2trace.dir/tracer/raw2trace.cpp.o
[ 66%] Building CXX object clients/drcachesim/CMakeFiles/drmemtrace_raw2trace.dir/reader/reader.cpp.o
[ 66%] Building CXX object clients/drcachesim/CMakeFiles/drmemtrace_raw2trace.dir/common/crc32c.cpp.o
[ 66%] Building CXX object clients/drcachesim/CMakeFiles/drmemtrace_raw2trace.dir/tracer/raw2trace_directory.cpp.o
[ 66%] Building CXX object clients/drcachesim/CMakeFiles/drmemtrace_raw2trace.dir/reader/file_reader.cpp.o
[ 66%] Building CXX object clients/drcachesim/CMakeFiles/drmemtrace_raw2trace.dir/tracer/instru_online.cpp.o
[ 66%] Building CXX object clients/drcachesim/CMakeFiles/drmemtrace_raw2trace.dir/common/snappy_consts.cpp.o
[ 66%] Building CXX object clients/drcachesim/CMakeFiles/drmemtrace_raw2trace.dir/tracer/instru_offline.cpp.o
[ 66%] Building CXX object clients/drcachesim/CMakeFiles/drmemtrace_raw2trace.dir/reader/snappy_file_reader.cpp.o
[ 66%] Building CXX object clients/drcachesim/CMakeFiles/drmemtrace_raw2trace.dir/common/trace_entry.cpp.o
[ 67%] Linking C shared library ../lib64/release/libdrwrap.so
[ 67%] Linking C static library ../lib64/release/libdrwrap_static.a
[ 67%] Built target drwrap
Scanning dependencies of target wrap
Scanning dependencies of target ssljack
Scanning dependencies of target callstack
[ 67%] Built target drwrap_static
[ 67%] Building CXX object api/samples/CMakeFiles/callstack.dir/callstack.cpp.o
[ 67%] Building C object api/samples/CMakeFiles/wrap.dir/wrap.c.o
[ 67%] Building C object api/samples/CMakeFiles/ssljack.dir/ssljack.c.o
[ 68%] Linking CXX static library ../lib64/release/libdrmemtrace_opcode_mix.a
[ 68%] Built target drmemtrace_opcode_mix
[ 69%] Linking C shared library ../bin/libwrap.so
[ 69%] Linking C shared library ../bin/libssljack.so
[ 69%] Linking C shared library ../lib64/release/libdrreg.so
Usage: pass to drconfig or drrun: -c /tmp_home/DynamoRIO-Linux-10.0.0/api/samples/../bin/libwrap.so
[ 69%] Linking C static library ../lib64/release/libdrreg_static.a
[ 69%] Linking CXX static library ../lib64/release/libdrmemtrace_view.a
Usage: pass to drconfig or drrun: -c /tmp_home/DynamoRIO-Linux-10.0.0/api/samples/../bin/libssljack.so
[ 69%] Built target wrap
[ 69%] Built target ssljack
[ 69%] Built target drreg
Scanning dependencies of target drstatecmp
Scanning dependencies of target inc2add
Scanning dependencies of target countcalls
Scanning dependencies of target drbbdup
Scanning dependencies of target drx
[ 69%] Building C object ext/drstatecmp/CMakeFiles/drstatecmp.dir/drstatecmp.c.o
[ 69%] Building C object api/samples/CMakeFiles/inc2add.dir/inc2add.c.o
[ 69%] Building C object api/samples/CMakeFiles/countcalls.dir/countcalls.c.o
[ 69%] Building C object ext/drbbdup/CMakeFiles/drbbdup.dir/drbbdup.c.o
[ 70%] Building C object ext/drx/CMakeFiles/drx.dir/drx_buf.c.o
[ 70%] Building C object ext/drx/CMakeFiles/drx.dir/drx.c.o
[ 70%] Building C object ext/drx/CMakeFiles/drx.dir/scatter_gather_x86.c.o
[ 70%] Built target drreg_static
[ 70%] Built target drmemtrace_view
Scanning dependencies of target drstatecmp_static
Scanning dependencies of target drbbdup_static
Scanning dependencies of target drx_static
[ 71%] Building C object ext/drstatecmp/CMakeFiles/drstatecmp_static.dir/drstatecmp.c.o
[ 71%] Building C object ext/drbbdup/CMakeFiles/drbbdup_static.dir/drbbdup.c.o
[ 71%] Building C object ext/drx/CMakeFiles/drx_static.dir/scatter_gather_x86.c.o
[ 71%] Building C object ext/drx/CMakeFiles/drx_static.dir/drx.c.o
[ 71%] Building C object ext/drx/CMakeFiles/drx_static.dir/drx_buf.c.o
[ 71%] Linking C shared library ../bin/libinc2add.so
[ 71%] Linking C shared library ../bin/libcountcalls.so
Usage: pass to drconfig or drrun: -c /tmp_home/DynamoRIO-Linux-10.0.0/api/samples/../bin/libinc2add.so
Usage: pass to drconfig or drrun: -c /tmp_home/DynamoRIO-Linux-10.0.0/api/samples/../bin/libcountcalls.so
[ 71%] Built target inc2add
[ 71%] Built target countcalls
[ 71%] Linking C shared library ../lib64/release/libdrstatecmp.so
[ 71%] Linking CXX shared library ../bin/libinscount.so
[ 71%] Built target drstatecmp
[ 71%] Linking C static library ../lib64/release/libdrstatecmp_static.a
Scanning dependencies of target statecmp
[ 72%] Building C object api/samples/CMakeFiles/statecmp.dir/statecmp.c.o
Usage: pass to drconfig or drrun: -c /tmp_home/DynamoRIO-Linux-10.0.0/api/samples/../bin/libinscount.so
[ 72%] Built target drstatecmp_static
[ 72%] Built target inscount
[ 72%] Linking C shared library ../bin/libstatecmp.so
Usage: pass to drconfig or drrun: -c /tmp_home/DynamoRIO-Linux-10.0.0/api/samples/../bin/libstatecmp.so
[ 72%] Built target statecmp
[ 72%] Linking C shared library ../lib64/release/libdrx.so
[ 72%] Linking C shared library ../lib64/release/libdrbbdup.so
[ 72%] Linking C static library ../lib64/release/libdrbbdup_static.a
[ 72%] Built target drbbdup
[ 72%] Built target drx
[ 73%] Linking C static library ../lib64/release/libdrx_static.a
Scanning dependencies of target drcpusim
Scanning dependencies of target opcodes
Scanning dependencies of target hot_bbcount
Scanning dependencies of target bbcount
Scanning dependencies of target opcode_count
Scanning dependencies of target memval_simple
Scanning dependencies of target instrace_simple
Scanning dependencies of target instrcalls
Scanning dependencies of target drcovlib
Scanning dependencies of target bbbuf
Scanning dependencies of target instrace_x86_binary
Scanning dependencies of target memtrace_x86_binary
Scanning dependencies of target memtrace_x86_text
Scanning dependencies of target bbsize
Scanning dependencies of target cbrtrace
Scanning dependencies of target memtrace_simple
Scanning dependencies of target modxfer
Scanning dependencies of target instrace_x86_text
[ 73%] Building CXX object clients/drcpusim/CMakeFiles/drcpusim.dir/drcpusim.cpp.o
[ 74%] Building C object api/samples/CMakeFiles/hot_bbcount.dir/hot_bbcount.c.o
[ 74%] Building C object api/samples/CMakeFiles/opcodes.dir/opcodes.c.o
[ 74%] Building CXX object api/samples/CMakeFiles/opcode_count.dir/opcode_count.cpp.o
[ 74%] Building C object api/samples/CMakeFiles/memval_simple.dir/memval_simple.c.o
[ 75%] Building C object api/samples/CMakeFiles/memval_simple.dir/utils.c.o
[ 75%] Building CXX object clients/drcpusim/CMakeFiles/drcpusim.dir/options.cpp.o
[ 75%] Building C object api/samples/CMakeFiles/instrace_simple.dir/utils.c.o
[ 75%] Building C object api/samples/CMakeFiles/bbcount.dir/bbcount.c.o
[ 75%] Building C object api/samples/CMakeFiles/bbbuf.dir/bbbuf.c.o
[ 75%] Building C object api/samples/CMakeFiles/instrace_simple.dir/instrace_simple.c.o
[ 75%] Building C object ext/drcovlib/CMakeFiles/drcovlib.dir/drcovlib.c.o
[ 75%] Building C object api/samples/CMakeFiles/memtrace_x86_binary.dir/utils.c.o
[ 75%] Building C object api/samples/CMakeFiles/memtrace_simple.dir/memtrace_simple.c.o
[ 75%] Building C object api/samples/CMakeFiles/instrcalls.dir/instrcalls.c.o
[ 75%] Building C object api/samples/CMakeFiles/instrcalls.dir/utils.c.o
[ 75%] Building C object api/samples/CMakeFiles/instrace_x86_text.dir/instrace_x86.c.o
[ 75%] Building C object api/samples/CMakeFiles/memtrace_x86_text.dir/memtrace_x86.c.o
[ 75%] Building C object api/samples/CMakeFiles/memtrace_x86_binary.dir/memtrace_x86.c.o
[ 75%] Building C object api/samples/CMakeFiles/bbsize.dir/bbsize.c.o
[ 75%] Building C object api/samples/CMakeFiles/memtrace_simple.dir/utils.c.o
[ 76%] Building C object api/samples/CMakeFiles/modxfer.dir/utils.c.o
[ 76%] Building C object ext/drcovlib/CMakeFiles/drcovlib.dir/modules.c.o
[ 76%] Building C object api/samples/CMakeFiles/instrace_x86_text.dir/utils.c.o
[ 76%] Building C object api/samples/CMakeFiles/memtrace_x86_text.dir/utils.c.o
[ 76%] Building C object api/samples/CMakeFiles/instrace_x86_binary.dir/instrace_x86.c.o
[ 77%] Building C object api/samples/CMakeFiles/cbrtrace.dir/utils.c.o
[ 77%] Building C object api/samples/CMakeFiles/instrace_x86_binary.dir/utils.c.o
[ 77%] Building C object api/samples/CMakeFiles/modxfer.dir/modxfer.c.o
[ 77%] Building C object api/samples/CMakeFiles/cbrtrace.dir/cbrtrace.c.o
[ 77%] Built target drbbdup_static
[ 77%] Built target drx_static
Scanning dependencies of target drcovlib_static
[ 77%] Building C object ext/drcovlib/CMakeFiles/drcovlib_static.dir/drcovlib.c.o
[ 77%] Building C object ext/drcovlib/CMakeFiles/drcovlib_static.dir/modules.c.o
[ 78%] Linking C shared library ../bin/libbbsize.so
[ 78%] Linking C shared library ../bin/libbbcount.so
[ 78%] Linking C shared library ../bin/libbbbuf.so
[ 78%] Linking C shared library ../bin/libcbrtrace.so
[ 78%] Linking C shared library ../bin/libhot_bbcount.so
[ 78%] Linking C shared library ../bin/libopcodes.so
[ 78%] Linking C shared library ../bin/libinstrcalls.so
[ 78%] Linking C shared library ../bin/libinstrace_x86_binary.so
[ 79%] Linking C shared library ../bin/libinstrace_x86_text.so
[ 79%] Linking C shared library ../bin/libmodxfer.so
[ 80%] Linking C shared library ../bin/libmemval_simple.so
[ 81%] Linking C shared library ../bin/libinstrace_simple.so
[ 81%] Linking C shared library ../bin/libmemtrace_simple.so
Usage: pass to drconfig or drrun: -c /tmp_home/DynamoRIO-Linux-10.0.0/api/samples/../bin/libbbsize.so
Usage: pass to drconfig or drrun: -c /tmp_home/DynamoRIO-Linux-10.0.0/api/samples/../bin/libbbcount.so
Usage: pass to drconfig or drrun: -c /tmp_home/DynamoRIO-Linux-10.0.0/api/samples/../bin/libbbbuf.so
[ 82%] Linking C shared library ../bin/libmemtrace_x86_binary.so
[ 82%] Built target bbsize
[ 82%] Built target bbcount
[ 82%] Built target bbbuf
Usage: pass to drconfig or drrun: -c /tmp_home/DynamoRIO-Linux-10.0.0/api/samples/../bin/libhot_bbcount.so
Usage: pass to drconfig or drrun: -c /tmp_home/DynamoRIO-Linux-10.0.0/api/samples/../bin/libcbrtrace.so
[ 82%] Linking C shared library ../bin/libmemtrace_x86_text.so
Usage: pass to drconfig or drrun: -c /tmp_home/DynamoRIO-Linux-10.0.0/api/samples/../bin/libopcodes.so
Usage: pass to drconfig or drrun: -c /tmp_home/DynamoRIO-Linux-10.0.0/api/samples/../bin/libinstrcalls.so
[ 82%] Built target hot_bbcount
[ 82%] Built target cbrtrace
Usage: pass to drconfig or drrun: -c /tmp_home/DynamoRIO-Linux-10.0.0/api/samples/../bin/libinstrace_x86_binary.so
[ 82%] Built target opcodes
[ 82%] Built target instrcalls
Usage: pass to drconfig or drrun: -c /tmp_home/DynamoRIO-Linux-10.0.0/api/samples/../bin/libmodxfer.so
[ 82%] Built target instrace_x86_binary
Usage: pass to drconfig or drrun: -c /tmp_home/DynamoRIO-Linux-10.0.0/api/samples/../bin/libmemval_simple.so
Usage: pass to drconfig or drrun: -c /tmp_home/DynamoRIO-Linux-10.0.0/api/samples/../bin/libinstrace_x86_text.so
Usage: pass to drconfig or drrun: -c /tmp_home/DynamoRIO-Linux-10.0.0/api/samples/../bin/libinstrace_simple.so
[ 82%] Built target modxfer
[ 82%] Built target instrace_x86_text
[ 82%] Built target memval_simple
Usage: pass to drconfig or drrun: -c /tmp_home/DynamoRIO-Linux-10.0.0/api/samples/../bin/libmemtrace_simple.so
[ 82%] Built target instrace_simple
[ 82%] Built target memtrace_simple
Usage: pass to drconfig or drrun: -c /tmp_home/DynamoRIO-Linux-10.0.0/api/samples/../bin/libmemtrace_x86_binary.so
[ 82%] Built target memtrace_x86_binary
Usage: pass to drconfig or drrun: -c /tmp_home/DynamoRIO-Linux-10.0.0/api/samples/../bin/libmemtrace_x86_text.so
[ 82%] Built target memtrace_x86_text
[ 82%] Linking CXX shared library ../bin/libcallstack.so
[ 83%] Linking CXX executable ../../bin64/drpt2trace
Usage: pass to drconfig or drrun: -c /tmp_home/DynamoRIO-Linux-10.0.0/api/samples/../bin/libcallstack.so
[ 83%] Linking C shared library ../lib64/release/libdrcovlib.so
[ 83%] Built target callstack
[ 83%] Linking C static library ../lib64/release/libdrcovlib_static.a
[ 83%] Built target drcovlib
Scanning dependencies of target drcov
[ 84%] Building C object clients/drcov/CMakeFiles/drcov.dir/drcov.c.o
Scanning dependencies of target drmemtrace
[ 85%] Building CXX object clients/drcachesim/CMakeFiles/drmemtrace.dir/tracer/tracer.cpp.o
[ 85%] Building CXX object clients/drcachesim/CMakeFiles/drmemtrace.dir/tracer/instr_counter.cpp.o
[ 85%] Built target drcovlib_static
[ 85%] Building CXX object clients/drcachesim/CMakeFiles/drmemtrace.dir/tracer/func_trace.cpp.o
[ 85%] Building CXX object clients/drcachesim/CMakeFiles/drmemtrace.dir/tracer/syscall_pt_trace.cpp.o
[ 85%] Building CXX object clients/drcachesim/CMakeFiles/drmemtrace.dir/tracer/output.cpp.o
[ 85%] Building CXX object clients/drcachesim/CMakeFiles/drmemtrace.dir/common/trace_entry.cpp.o
[ 85%] Building CXX object clients/drcachesim/CMakeFiles/drmemtrace.dir/tracer/instru.cpp.o
[ 86%] Building CXX object clients/drcachesim/CMakeFiles/drmemtrace.dir/tracer/instru_online.cpp.o
[ 86%] Building CXX object clients/drcachesim/CMakeFiles/drmemtrace.dir/common/named_pipe_unix.cpp.o
[ 86%] Building CXX object clients/drcachesim/CMakeFiles/drmemtrace.dir/tracer/kcore_copy.cpp.o
[ 86%] Building CXX object clients/drcachesim/CMakeFiles/drmemtrace.dir/common/crc32c.cpp.o
[ 86%] Building CXX object clients/drcachesim/CMakeFiles/drmemtrace.dir/tracer/instru_offline.cpp.o
[ 87%] Building CXX object clients/drcachesim/CMakeFiles/drmemtrace.dir/common/options.cpp.o
[ 87%] Building CXX object clients/drcachesim/CMakeFiles/drmemtrace.dir/tracer/physaddr.cpp.o
[ 87%] Building CXX object clients/drcachesim/CMakeFiles/drmemtrace.dir/common/snappy_consts.cpp.o
[ 87%] Building CXX object clients/drcachesim/CMakeFiles/drmemtrace.dir/tracer/snappy_file_writer.cpp.o
[ 87%] Built target drpt2trace
Scanning dependencies of target drcov2lcov
[ 87%] Building CXX object clients/drcov/CMakeFiles/drcov2lcov.dir/postprocess/drcov2lcov.cpp.o
Scanning dependencies of target drmemtrace_static
[ 88%] Building CXX object clients/drcachesim/CMakeFiles/drmemtrace_static.dir/tracer/instr_counter.cpp.o
[ 88%] Building CXX object clients/drcachesim/CMakeFiles/drmemtrace_static.dir/tracer/output.cpp.o
[ 88%] Building CXX object clients/drcachesim/CMakeFiles/drmemtrace_static.dir/tracer/instru_offline.cpp.o
[ 88%] Building CXX object clients/drcachesim/CMakeFiles/drmemtrace_static.dir/common/named_pipe_unix.cpp.o
[ 88%] Building CXX object clients/drcachesim/CMakeFiles/drmemtrace_static.dir/tracer/physaddr.cpp.o
[ 88%] Building CXX object clients/drcachesim/CMakeFiles/drmemtrace_static.dir/tracer/instru.cpp.o
[ 88%] Building CXX object clients/drcachesim/CMakeFiles/drmemtrace_static.dir/tracer/kcore_copy.cpp.o
[ 88%] Building CXX object clients/drcachesim/CMakeFiles/drmemtrace_static.dir/common/options.cpp.o
[ 88%] Building CXX object clients/drcachesim/CMakeFiles/drmemtrace_static.dir/tracer/tracer.cpp.o
[ 89%] Building CXX object clients/drcachesim/CMakeFiles/drmemtrace_static.dir/common/trace_entry.cpp.o
[ 89%] Building CXX object clients/drcachesim/CMakeFiles/drmemtrace_static.dir/tracer/instru_online.cpp.o
[ 89%] Building CXX object clients/drcachesim/CMakeFiles/drmemtrace_static.dir/tracer/func_trace.cpp.o
[ 89%] Building CXX object clients/drcachesim/CMakeFiles/drmemtrace_static.dir/common/snappy_consts.cpp.o
[ 90%] Building CXX object clients/drcachesim/CMakeFiles/drmemtrace_static.dir/tracer/syscall_pt_trace.cpp.o
[ 90%] Building CXX object clients/drcachesim/CMakeFiles/drmemtrace_static.dir/tracer/snappy_file_writer.cpp.o
[ 90%] Building CXX object clients/drcachesim/CMakeFiles/drmemtrace_static.dir/common/crc32c.cpp.o
[ 90%] Linking C shared library ../lib64/release/libdrcov.so
Usage: pass to drconfig or drrun: -t drcov
[ 90%] Built target drcov
[ 90%] Linking CXX shared library ../bin/libopcode_count.so
[ 90%] Linking CXX static library ../lib64/release/libdrmemtrace_analyzer.a
Usage: pass to drconfig or drrun: -c /tmp_home/DynamoRIO-Linux-10.0.0/api/samples/../bin/libopcode_count.so
[ 90%] Built target opcode_count
[ 90%] Built target drmemtrace_analyzer
Scanning dependencies of target scheduler_launcher
Scanning dependencies of target record_filter_launcher
Scanning dependencies of target prefetch_analyzer_launcher
Scanning dependencies of target histogram_launcher
[ 90%] Building CXX object clients/drcachesim/CMakeFiles/scheduler_launcher.dir/tests/scheduler_launcher.cpp.o
[ 91%] Building CXX object clients/drcachesim/CMakeFiles/scheduler_launcher.dir/tests/test_helpers.cpp.o
[ 91%] Building CXX object clients/drcachesim/CMakeFiles/prefetch_analyzer_launcher.dir/tests/prefetch_analyzer.cpp.o
[ 92%] Building CXX object clients/drcachesim/CMakeFiles/prefetch_analyzer_launcher.dir/tests/test_helpers.cpp.o
[ 92%] Building CXX object clients/drcachesim/CMakeFiles/prefetch_analyzer_launcher.dir/tests/prefetch_analyzer_launcher.cpp.o
[ 92%] Building CXX object clients/drcachesim/CMakeFiles/record_filter_launcher.dir/tools/record_filter_launcher.cpp.o
[ 92%] Building CXX object clients/drcachesim/CMakeFiles/record_filter_launcher.dir/tests/test_helpers.cpp.o
[ 93%] Building CXX object clients/drcachesim/CMakeFiles/histogram_launcher.dir/tools/histogram_launcher.cpp.o
[ 93%] Linking CXX shared library ../lib64/release/libdrcpusim.so
Usage: pass to drconfig or drrun: -t drcpusim
[ 93%] Built target drcpusim
[ 93%] Linking CXX executable ../bin64/prefetch_analyzer_launcher
[ 93%] Built target prefetch_analyzer_launcher
[ 93%] Linking CXX executable ../bin64/drcov2lcov
Make sure the loader finds the dynamorio library (set LD_LIBRARY_PATH)
[ 93%] Built target drcov2lcov
[ 94%] Linking CXX executable ../bin64/histogram_launcher
[ 94%] Linking CXX executable ../bin64/record_filter_launcher
[ 94%] Built target record_filter_launcher
[ 94%] Built target histogram_launcher
[ 94%] Linking CXX executable ../bin64/scheduler_launcher
[ 94%] Built target scheduler_launcher
[ 95%] Linking CXX static library ../lib64/release/libdrmemtrace_raw2trace.a
[ 95%] Built target drmemtrace_raw2trace
Scanning dependencies of target opcode_mix_launcher
[ 95%] Building CXX object clients/drcachesim/CMakeFiles/opcode_mix_launcher.dir/tools/opcode_mix_launcher.cpp.o
Scanning dependencies of target drraw2trace
[ 95%] Building CXX object clients/drcachesim/CMakeFiles/drraw2trace.dir/tracer/instru.cpp.o
[ 96%] Building CXX object clients/drcachesim/CMakeFiles/drraw2trace.dir/tracer/raw2trace_launcher.cpp.o
[ 96%] Building CXX object clients/drcachesim/CMakeFiles/drraw2trace.dir/tracer/instru_online.cpp.o
Scanning dependencies of target drcachesim
[ 96%] Building CXX object clients/drcachesim/CMakeFiles/drcachesim.dir/scheduler/speculator.cpp.o
[ 97%] Building CXX object clients/drcachesim/CMakeFiles/drcachesim.dir/launcher.cpp.o
[ 97%] Building CXX object clients/drcachesim/CMakeFiles/drcachesim.dir/scheduler/scheduler.cpp.o
[ 97%] Building CXX object clients/drcachesim/CMakeFiles/drcachesim.dir/analyzer_multi.cpp.o
[ 97%] Building CXX object clients/drcachesim/CMakeFiles/drcachesim.dir/common/named_pipe_unix.cpp.o
[ 97%] Building CXX object clients/drcachesim/CMakeFiles/drcachesim.dir/analyzer.cpp.o
[ 97%] Building CXX object clients/drcachesim/CMakeFiles/drcachesim.dir/reader/reader.cpp.o
[ 98%] Building CXX object clients/drcachesim/CMakeFiles/drcachesim.dir/common/options.cpp.o
[ 98%] Building CXX object clients/drcachesim/CMakeFiles/drcachesim.dir/reader/file_reader.cpp.o
[ 98%] Building CXX object clients/drcachesim/CMakeFiles/drcachesim.dir/reader/config_reader.cpp.o
[ 98%] Building CXX object clients/drcachesim/CMakeFiles/drcachesim.dir/common/trace_entry.cpp.o
[ 98%] Building CXX object clients/drcachesim/CMakeFiles/drcachesim.dir/reader/zipfile_file_reader.cpp.o
[ 99%] Building CXX object clients/drcachesim/CMakeFiles/drcachesim.dir/reader/compressed_file_reader.cpp.o
[ 99%] Building CXX object clients/drcachesim/CMakeFiles/drcachesim.dir/common/crc32c.cpp.o
[ 99%] Building CXX object clients/drcachesim/CMakeFiles/drcachesim.dir/common/snappy_consts.cpp.o
[ 99%] Building CXX object clients/drcachesim/CMakeFiles/drcachesim.dir/reader/record_file_reader.cpp.o
[ 99%] Building CXX object clients/drcachesim/CMakeFiles/drcachesim.dir/reader/snappy_file_reader.cpp.o
[ 99%] Building CXX object clients/drcachesim/CMakeFiles/drcachesim.dir/tracer/instru_online.cpp.o
[ 99%] Building CXX object clients/drcachesim/CMakeFiles/drcachesim.dir/reader/lz4_file_reader.cpp.o
[100%] Building CXX object clients/drcachesim/CMakeFiles/drcachesim.dir/reader/ipc_reader.cpp.o
[100%] Building CXX object clients/drcachesim/CMakeFiles/drcachesim.dir/tracer/instru.cpp.o
[100%] Linking CXX shared library ../lib64/release/libdrmemtrace.so
[100%] Linking CXX static library ../lib64/release/libdrmemtrace_static.a
Usage: pass to drconfig or drrun: -t drcachesim
[100%] Built target drmemtrace
[100%] Built target drmemtrace_static
[100%] Linking CXX executable ../bin64/opcode_mix_launcher
[100%] Linking CXX executable ../bin64/drraw2trace
[100%] Built target opcode_mix_launcher
[100%] Built target drraw2trace
[100%] Linking CXX executable ../bin64/drcachesim
[100%] Built target drcachesim
[  0%] Built target generate_syslog
[  0%] Built target api_headers
[  0%] Built target drmemfuncs
[  3%] Built target drlibc
[  7%] Built target drdecode
[ 21%] Built target dynamorio_static
[ 35%] Built target dynamorio
[ 36%] Built target drpreload
[ 37%] Built target drinjectlib
[ 38%] Built target drfrontendlib
[ 39%] Built target drconfiglib
[ 39%] Built target run_in_bg
[ 39%] Built target drconfig
[ 39%] Built target drloader
[ 39%] Built target runstats
[ 39%] Built target drrun
[ 39%] Built target drinject
[ 40%] Built target drnudgeunix
[ 42%] Built target drmemtrace_simulator
[ 42%] Built target drmemtrace_record_filter
[ 42%] Built target drmemtrace_invariant_checker
[ 42%] Built target drmemtrace_basic_counts
[ 43%] Built target minizip
[ 43%] Built target directory_iterator
[ 46%] Built target drmemtrace_analyzer
[ 47%] Built target scheduler_launcher
[ 47%] Built target drmemtrace_syscall_mix
[ 48%] Built target drmemtrace_view
[ 48%] Built target drcontainers
[ 48%] Built target drmgr_static
[ 48%] Built target drutil_static
[ 48%] Built target drir2trace
[ 53%] Built target ipt
[ 53%] Built target pevent
[ 54%] Built target ipt-sb
[ 54%] Built target drpt2ir
[ 56%] Built target drmemtrace_raw2trace
[ 57%] Built target drreg_static
[ 58%] Built target drx_static
[ 58%] Built target drcovlib_static
[ 59%] Built target drmemtrace_opcode_mix
[ 59%] Built target opcode_mix_launcher
[ 59%] Built target drmemtrace_histogram
[ 60%] Built target drmemtrace_func_view
[ 60%] Built target drmemtrace_reuse_distance
[ 61%] Built target drmemtrace_reuse_time
[ 65%] Built target drcachesim
[ 66%] Built target record_filter_launcher
[ 67%] Built target drcachesim_ops
[ 68%] Built target test_helpers
[ 69%] Built target histogram_launcher
[ 69%] Built target drpttracer
[ 69%] Built target drmgr
[ 69%] Built target drreg
[ 70%] Built target drx
[ 71%] Built target drwrap
[ 71%] Built target drbbdup
[ 72%] Built target drsyms
[ 73%] Built target drutil
[ 74%] Built target drcovlib
[ 74%] Built target drstatecmp
[ 77%] Built target drmemtrace
[ 77%] Built target drpttracer_static
[ 77%] Built target drwrap_static
[ 77%] Built target drbbdup_static
[ 78%] Built target drsyms_static
[ 79%] Built target drstatecmp_static
[ 82%] Built target drmemtrace_static
[ 83%] Built target drraw2trace
[ 84%] Built target prefetch_analyzer_launcher
[ 85%] Built target drpt2trace
[ 85%] Built target drcov2lcov
[ 86%] Built target drcov
[ 86%] Built target drcpusim_ops
[ 87%] Built target drcpusim
[ 87%] Built target drdisas
[ 87%] Built target drsyms_bench
[ 88%] Built target drcallstack_static
[ 88%] Built target drcallstack
[ 88%] Built target tracedump
[ 88%] Built target stl_test
[ 88%] Built target cbr
[ 88%] Built target signal
[ 89%] Built target instrace_simple
[ 89%] Built target inc2add
[ 90%] Built target wrap
[ 91%] Built target memval_simple
[ 92%] Built target div
[ 92%] Built target countcalls
[ 93%] Built target opcodes
[ 93%] Built target instrcalls
[ 93%] Built target callstack
[ 93%] Built target hot_bbcount
[ 93%] Built target prefetch
[ 93%] Built target opcode_count
[ 93%] Built target bbcount
[ 93%] Built target modxfer
[ 93%] Built target empty
[ 93%] Built target inscount
[ 94%] Built target inline
[ 94%] Built target memtrace_simple
[ 94%] Built target instrace_x86_binary
[ 95%] Built target bbsize
[ 96%] Built target memtrace_x86_binary
[ 97%] Built target instrace_x86_text
[ 97%] Built target bbbuf
[ 97%] Built target ssljack
[ 98%] Built target modxfer_app2lib
[ 98%] Built target memtrace_x86_text
[ 99%] Built target cbrtrace
[ 99%] Built target syscall
[100%] Built target statecmp
Install the project...
-- Install configuration: "RelWithDebInfo"
-- Installing: /tmp_home/DynamoRIO-Linux-10.0.0/exports/cmake/DynamoRIOConfig.cmake
-- Installing: /tmp_home/DynamoRIO-Linux-10.0.0/exports/cmake/DynamoRIOConfigVersion.cmake
-- Installing: /tmp_home/DynamoRIO-Linux-10.0.0/exports/cmake/runsuite_common_pre.cmake
-- Installing: /tmp_home/DynamoRIO-Linux-10.0.0/exports/cmake/runsuite_common_post.cmake
-- Installing: /tmp_home/DynamoRIO-Linux-10.0.0/exports/cmake/lookup_visualstudio.cmake
-- Installing: /tmp_home/DynamoRIO-Linux-10.0.0/exports/cmake/cpp2asm_support.cmake
-- Installing: /tmp_home/DynamoRIO-Linux-10.0.0/exports/cmake/cpp2asm_add_newlines.cmake
-- Installing: /tmp_home/DynamoRIO-Linux-10.0.0/exports/cmake/cpp2asm_defines.h
-- Installing: /tmp_home/DynamoRIO-Linux-10.0.0/exports/cmake/docs_rundoxygen.cmake
-- Installing: /tmp_home/DynamoRIO-Linux-10.0.0/exports/cmake/docs_doxyutils.cmake
-- Installing: /tmp_home/DynamoRIO-Linux-10.0.0/exports/tools/list64
-- Installing: /tmp_home/DynamoRIO-Linux-10.0.0/exports/./include
-- Installing: /tmp_home/DynamoRIO-Linux-10.0.0/exports/./include/dr_api.h
-- Installing: /tmp_home/DynamoRIO-Linux-10.0.0/exports/./include/dr_ir_macros.h
-- Installing: /tmp_home/DynamoRIO-Linux-10.0.0/exports/./include/dr_ir_opcodes_x86.h
-- Installing: /tmp_home/DynamoRIO-Linux-10.0.0/exports/./include/annotations
-- Installing: /tmp_home/DynamoRIO-Linux-10.0.0/exports/./include/annotations/dr_annotations_asm.h
-- Installing: /tmp_home/DynamoRIO-Linux-10.0.0/exports/./include/annotations/dr_annotations.c
-- Installing: /tmp_home/DynamoRIO-Linux-10.0.0/exports/./include/annotations/dr_annotations.h
-- Installing: /tmp_home/DynamoRIO-Linux-10.0.0/exports/./include/dr_events.h
-- Installing: /tmp_home/DynamoRIO-Linux-10.0.0/exports/./include/dr_tools.h
-- Installing: /tmp_home/DynamoRIO-Linux-10.0.0/exports/./include/dr_ir_opnd.h
-- Installing: /tmp_home/DynamoRIO-Linux-10.0.0/exports/./include/dr_ir_opcodes.h
-- Installing: /tmp_home/DynamoRIO-Linux-10.0.0/exports/./include/dr_ir_macros_arm.h
-- Installing: /tmp_home/DynamoRIO-Linux-10.0.0/exports/./include/dr_proc.h
-- Installing: /tmp_home/DynamoRIO-Linux-10.0.0/exports/./include/dr_ir_utils.h
-- Installing: /tmp_home/DynamoRIO-Linux-10.0.0/exports/./include/dr_frontend.h
-- Installing: /tmp_home/DynamoRIO-Linux-10.0.0/exports/./include/dr_tracedump.h
-- Installing: /tmp_home/DynamoRIO-Linux-10.0.0/exports/./include/dr_ir_decode.h
-- Installing: /tmp_home/DynamoRIO-Linux-10.0.0/exports/./include/dr_ir_disassemble.h
-- Installing: /tmp_home/DynamoRIO-Linux-10.0.0/exports/./include/dr_ir_instr_inline.h
-- Installing: /tmp_home/DynamoRIO-Linux-10.0.0/exports/./include/dr_app.h
-- Installing: /tmp_home/DynamoRIO-Linux-10.0.0/exports/./include/dr_annotation.h
-- Installing: /tmp_home/DynamoRIO-Linux-10.0.0/exports/./include/dr_ir_macros_aarch64.h
-- Installing: /tmp_home/DynamoRIO-Linux-10.0.0/exports/./include/dr_defines.h
-- Installing: /tmp_home/DynamoRIO-Linux-10.0.0/exports/./include/dr_ir_instrlist.h
-- Installing: /tmp_home/DynamoRIO-Linux-10.0.0/exports/./include/dr_inject.h
-- Installing: /tmp_home/DynamoRIO-Linux-10.0.0/exports/./include/dr_ir_encode.h
-- Installing: /tmp_home/DynamoRIO-Linux-10.0.0/exports/./include/dr_os_utils.h
-- Installing: /tmp_home/DynamoRIO-Linux-10.0.0/exports/./include/dr_ir_instr.h
-- Installing: /tmp_home/DynamoRIO-Linux-10.0.0/exports/./include/dr_modules.h
-- Installing: /tmp_home/DynamoRIO-Linux-10.0.0/exports/./include/dr_ir_opcodes_arm.h
-- Installing: /tmp_home/DynamoRIO-Linux-10.0.0/exports/./include/dr_config.h
-- Installing: /tmp_home/DynamoRIO-Linux-10.0.0/exports/./include/dr_mcxtx.h
-- Installing: /tmp_home/DynamoRIO-Linux-10.0.0/exports/./include/dr_ir_macros_x86.h
-- Installing: /tmp_home/DynamoRIO-Linux-10.0.0/exports/./README
-- Installing: /tmp_home/DynamoRIO-Linux-10.0.0/exports/./License.txt
-- Installing: /tmp_home/DynamoRIO-Linux-10.0.0/exports/./ACKNOWLEDGEMENTS
-- Installing: /tmp_home/DynamoRIO-Linux-10.0.0/exports/lib64
-- Installing: /tmp_home/DynamoRIO-Linux-10.0.0/exports/lib64/release
-- Up-to-date: /tmp_home/DynamoRIO-Linux-10.0.0/exports/lib64/release
-- Installing: /tmp_home/DynamoRIO-Linux-10.0.0/exports/lib64/release/libdynamorio.so.debug
-- Installing: /tmp_home/DynamoRIO-Linux-10.0.0/exports/lib64/release/libdrpreload.so.debug
-- Installing: /tmp_home/DynamoRIO-Linux-10.0.0/exports/bin64
-- Installing: /tmp_home/DynamoRIO-Linux-10.0.0/exports/bin64/drnudgeunix.debug
-- Installing: /tmp_home/DynamoRIO-Linux-10.0.0/exports/bin64/drinject.debug
-- Installing: /tmp_home/DynamoRIO-Linux-10.0.0/exports/bin64/drloader.debug
-- Installing: /tmp_home/DynamoRIO-Linux-10.0.0/exports/bin64/drconfig.debug
-- Installing: /tmp_home/DynamoRIO-Linux-10.0.0/exports/bin64/drrun.debug
-- Installing: /tmp_home/DynamoRIO-Linux-10.0.0/exports/logs/README
-- Installing: /tmp_home/DynamoRIO-Linux-10.0.0/exports/cmake/DynamoRIOTarget64.cmake
-- Installing: /tmp_home/DynamoRIO-Linux-10.0.0/exports/cmake/DynamoRIOTarget64-relwithdebinfo.cmake
-- Installing: /tmp_home/DynamoRIO-Linux-10.0.0/exports/lib64/release/libdynamorio.so
-- Installing: /tmp_home/DynamoRIO-Linux-10.0.0/exports/lib64/release/libdynamorio_static.a
-- Installing: /tmp_home/DynamoRIO-Linux-10.0.0/exports/lib64/libdrinjectlib.a
-- Installing: /tmp_home/DynamoRIO-Linux-10.0.0/exports/lib64/release/libdrpreload.so
-- Installing: /tmp_home/DynamoRIO-Linux-10.0.0/exports/lib64/release/libdrdecode.a
-- Installing: /tmp_home/DynamoRIO-Linux-10.0.0/exports/lib64/libdrlibc.a
-- Installing: /tmp_home/DynamoRIO-Linux-10.0.0/exports/lib64/libdrmemfuncs.a
-- Installing: /tmp_home/DynamoRIO-Linux-10.0.0/exports/lib64/libdrconfiglib.a
-- Installing: /tmp_home/DynamoRIO-Linux-10.0.0/exports/bin64/libdrconfiglib.a
-- Installing: /tmp_home/DynamoRIO-Linux-10.0.0/exports/bin64/libdrfrontendlib.a
-- Up-to-date: /tmp_home/DynamoRIO-Linux-10.0.0/exports/bin64
-- Installing: /tmp_home/DynamoRIO-Linux-10.0.0/exports/bin64/drdeploy
-- Installing: /tmp_home/DynamoRIO-Linux-10.0.0/exports/bin64/drrun
-- Up-to-date: /tmp_home/DynamoRIO-Linux-10.0.0/exports/bin64/drnudgeunix.debug
-- Installing: /tmp_home/DynamoRIO-Linux-10.0.0/exports/bin64/drconfig
-- Up-to-date: /tmp_home/DynamoRIO-Linux-10.0.0/exports/bin64/drinject.debug
-- Installing: /tmp_home/DynamoRIO-Linux-10.0.0/exports/bin64/nudgeunix
-- Up-to-date: /tmp_home/DynamoRIO-Linux-10.0.0/exports/bin64/drloader.debug
-- Installing: /tmp_home/DynamoRIO-Linux-10.0.0/exports/bin64/drinject
-- Up-to-date: /tmp_home/DynamoRIO-Linux-10.0.0/exports/bin64/drconfig.debug
-- Up-to-date: /tmp_home/DynamoRIO-Linux-10.0.0/exports/bin64/drrun.debug
-- Installing: /tmp_home/DynamoRIO-Linux-10.0.0/exports/bin64/drnudgeunix
-- Installing: /tmp_home/DynamoRIO-Linux-10.0.0/exports/bin64/drloader
-- Installing: /tmp_home/DynamoRIO-Linux-10.0.0/exports/lib64/release/libdynamorio.so-gdb.py
-- Up-to-date: /tmp_home/DynamoRIO-Linux-10.0.0/exports/bin64/drnudgeunix
-- Up-to-date: /tmp_home/DynamoRIO-Linux-10.0.0/exports/bin64/drconfig
-- Up-to-date: /tmp_home/DynamoRIO-Linux-10.0.0/exports/bin64/drrun
-- Up-to-date: /tmp_home/DynamoRIO-Linux-10.0.0/exports/bin64/drinject
-- Installing: /tmp_home/DynamoRIO-Linux-10.0.0/exports/bin64/load_syms64.txt
-- Installing: /tmp_home/DynamoRIO-Linux-10.0.0/exports/tools/lib64/release
-- Installing: /tmp_home/DynamoRIO-Linux-10.0.0/exports/tools/lib64/release/libdrmemtrace.so.debug
-- Installing: /tmp_home/DynamoRIO-Linux-10.0.0/exports/tools/lib64/release/libdrcov.so.debug
-- Installing: /tmp_home/DynamoRIO-Linux-10.0.0/exports/tools/lib64/release/libdrcpusim.so.debug
-- Installing: /tmp_home/DynamoRIO-Linux-10.0.0/exports/tools/bin64
-- Installing: /tmp_home/DynamoRIO-Linux-10.0.0/exports/tools/bin64/opcode_mix_launcher.debug
-- Installing: /tmp_home/DynamoRIO-Linux-10.0.0/exports/tools/bin64/drraw2trace.debug
-- Installing: /tmp_home/DynamoRIO-Linux-10.0.0/exports/tools/bin64/drpt2trace.debug
-- Installing: /tmp_home/DynamoRIO-Linux-10.0.0/exports/tools/bin64/prefetch_analyzer_launcher.debug
-- Installing: /tmp_home/DynamoRIO-Linux-10.0.0/exports/tools/bin64/drdisas.debug
-- Installing: /tmp_home/DynamoRIO-Linux-10.0.0/exports/tools/bin64/record_filter_launcher.debug
-- Installing: /tmp_home/DynamoRIO-Linux-10.0.0/exports/tools/bin64/drcov2lcov.debug
-- Installing: /tmp_home/DynamoRIO-Linux-10.0.0/exports/tools/bin64/scheduler_launcher.debug
-- Installing: /tmp_home/DynamoRIO-Linux-10.0.0/exports/tools/bin64/drcachesim.debug
-- Installing: /tmp_home/DynamoRIO-Linux-10.0.0/exports/tools/lib64/release/libminizip.a
-- Installing: /tmp_home/DynamoRIO-Linux-10.0.0/exports/tools/lib64/release/libdrmemtrace_reuse_distance.a
-- Installing: /tmp_home/DynamoRIO-Linux-10.0.0/exports/tools/lib64/release/libdrmemtrace_histogram.a
-- Installing: /tmp_home/DynamoRIO-Linux-10.0.0/exports/tools/lib64/release/libdrmemtrace_reuse_time.a
-- Installing: /tmp_home/DynamoRIO-Linux-10.0.0/exports/tools/lib64/release/libdrmemtrace_basic_counts.a
-- Installing: /tmp_home/DynamoRIO-Linux-10.0.0/exports/tools/lib64/release/libdrmemtrace_opcode_mix.a
-- Installing: /tmp_home/DynamoRIO-Linux-10.0.0/exports/tools/lib64/release/libdrmemtrace_syscall_mix.a
-- Installing: /tmp_home/DynamoRIO-Linux-10.0.0/exports/tools/lib64/release/libdrmemtrace_view.a
-- Installing: /tmp_home/DynamoRIO-Linux-10.0.0/exports/tools/lib64/release/libdrmemtrace_func_view.a
-- Installing: /tmp_home/DynamoRIO-Linux-10.0.0/exports/tools/lib64/release/libdrmemtrace_invariant_checker.a
-- Installing: /tmp_home/DynamoRIO-Linux-10.0.0/exports/tools/lib64/release/libdrmemtrace_simulator.a
-- Installing: /tmp_home/DynamoRIO-Linux-10.0.0/exports/tools/lib64/release/libdrmemtrace_record_filter.a
-- Installing: /tmp_home/DynamoRIO-Linux-10.0.0/exports/tools/lib64/release/libdirectory_iterator.a
-- Installing: /tmp_home/DynamoRIO-Linux-10.0.0/exports/tools/lib64/release/libdrmemtrace_raw2trace.a
-- Installing: /tmp_home/DynamoRIO-Linux-10.0.0/exports/tools/lib64/release/libdrmemtrace_analyzer.a
-- Installing: /tmp_home/DynamoRIO-Linux-10.0.0/exports/tools/include/drmemtrace/utils.h
-- Installing: /tmp_home/DynamoRIO-Linux-10.0.0/exports/tools/include/drmemtrace/trace_entry.h
-- Installing: /tmp_home/DynamoRIO-Linux-10.0.0/exports/tools/include/drmemtrace/memref.h
-- Installing: /tmp_home/DynamoRIO-Linux-10.0.0/exports/tools/include/drmemtrace/memtrace_stream.h
-- Installing: /tmp_home/DynamoRIO-Linux-10.0.0/exports/tools/include/drmemtrace/archive_istream.h
-- Installing: /tmp_home/DynamoRIO-Linux-10.0.0/exports/tools/include/drmemtrace/archive_ostream.h
-- Installing: /tmp_home/DynamoRIO-Linux-10.0.0/exports/tools/include/drmemtrace/reader.h
-- Installing: /tmp_home/DynamoRIO-Linux-10.0.0/exports/tools/include/drmemtrace/record_file_reader.h
-- Installing: /tmp_home/DynamoRIO-Linux-10.0.0/exports/tools/include/drmemtrace/analysis_tool.h
-- Installing: /tmp_home/DynamoRIO-Linux-10.0.0/exports/tools/include/drmemtrace/analyzer.h
-- Installing: /tmp_home/DynamoRIO-Linux-10.0.0/exports/tools/include/drmemtrace/reuse_distance_create.h
-- Installing: /tmp_home/DynamoRIO-Linux-10.0.0/exports/tools/include/drmemtrace/histogram_create.h
-- Installing: /tmp_home/DynamoRIO-Linux-10.0.0/exports/tools/include/drmemtrace/reuse_time_create.h
-- Installing: /tmp_home/DynamoRIO-Linux-10.0.0/exports/tools/include/drmemtrace/basic_counts_create.h
-- Installing: /tmp_home/DynamoRIO-Linux-10.0.0/exports/tools/include/drmemtrace/opcode_mix_create.h
-- Installing: /tmp_home/DynamoRIO-Linux-10.0.0/exports/tools/include/drmemtrace/syscall_mix_create.h
-- Installing: /tmp_home/DynamoRIO-Linux-10.0.0/exports/tools/include/drmemtrace/cache_simulator.h
-- Installing: /tmp_home/DynamoRIO-Linux-10.0.0/exports/tools/include/drmemtrace/cache_simulator_create.h
-- Installing: /tmp_home/DynamoRIO-Linux-10.0.0/exports/tools/include/drmemtrace/tlb_simulator_create.h
-- Installing: /tmp_home/DynamoRIO-Linux-10.0.0/exports/tools/include/drmemtrace/view_create.h
-- Installing: /tmp_home/DynamoRIO-Linux-10.0.0/exports/tools/include/drmemtrace/func_view_create.h
-- Installing: /tmp_home/DynamoRIO-Linux-10.0.0/exports/tools/include/drmemtrace/raw2trace.h
-- Installing: /tmp_home/DynamoRIO-Linux-10.0.0/exports/tools/include/drmemtrace/scheduler.h
-- Installing: /tmp_home/DynamoRIO-Linux-10.0.0/exports/tools/include/drmemtrace/speculator.h
-- Installing: /tmp_home/DynamoRIO-Linux-10.0.0/exports/tools/lib64/release/libdrmemtrace.so
-- Installing: /tmp_home/DynamoRIO-Linux-10.0.0/exports/tools/lib64/release/libdrmemtrace_static.a
-- Installing: /tmp_home/DynamoRIO-Linux-10.0.0/exports/tools/include/drmemtrace/drmemtrace.h
-- Installing: /tmp_home/DynamoRIO-Linux-10.0.0/exports/tools/bin64/drcachesim
-- Installing: /tmp_home/DynamoRIO-Linux-10.0.0/exports/tools/bin64/drraw2trace
-- Installing: /tmp_home/DynamoRIO-Linux-10.0.0/exports/tools/drcachesim.drrun64
-- Installing: /tmp_home/DynamoRIO-Linux-10.0.0/exports/tools/include/drmemtrace/elf_loader.h
-- Installing: /tmp_home/DynamoRIO-Linux-10.0.0/exports/tools/include/drmemtrace/pt2ir.h
-- Installing: /tmp_home/DynamoRIO-Linux-10.0.0/exports/tools/lib64/release/libdrpt2ir.a
-- Installing: /tmp_home/DynamoRIO-Linux-10.0.0/exports/tools/include/drmemtrace/ir2trace.h
-- Installing: /tmp_home/DynamoRIO-Linux-10.0.0/exports/tools/lib64/release/libdrir2trace.a
-- Installing: /tmp_home/DynamoRIO-Linux-10.0.0/exports/tools/lib64/release/libipt.a
-- Installing: /tmp_home/DynamoRIO-Linux-10.0.0/exports/tools/lib64/release/libpevent.a
-- Installing: /tmp_home/DynamoRIO-Linux-10.0.0/exports/tools/lib64/release/libipt-sb.a
-- Installing: /tmp_home/DynamoRIO-Linux-10.0.0/exports/tools/lib64/release/libdrcov.so
-- Installing: /tmp_home/DynamoRIO-Linux-10.0.0/exports/tools/bin64/drcov2lcov
-- Installing: /tmp_home/DynamoRIO-Linux-10.0.0/exports/tools/drcov.drrun64
-- Installing: /tmp_home/DynamoRIO-Linux-10.0.0/exports/tools/bin64/genhtml
-- Installing: /tmp_home/DynamoRIO-Linux-10.0.0/exports/tools/lib64/release/libdrcpusim.so
-- Installing: /tmp_home/DynamoRIO-Linux-10.0.0/exports/tools/drcpusim.drrun64
-- Installing: /tmp_home/DynamoRIO-Linux-10.0.0/exports/bin64/drdisas
-- Installing: /tmp_home/DynamoRIO-Linux-10.0.0/exports/ext/lib64/release
-- Installing: /tmp_home/DynamoRIO-Linux-10.0.0/exports/ext/lib64/release/libdrwrap.so.debug
-- Installing: /tmp_home/DynamoRIO-Linux-10.0.0/exports/ext/lib64/release/libdrsyms.so.debug
-- Installing: /tmp_home/DynamoRIO-Linux-10.0.0/exports/ext/lib64/release/libdrx.so.debug
-- Installing: /tmp_home/DynamoRIO-Linux-10.0.0/exports/ext/lib64/release/libdrreg.so.debug
-- Installing: /tmp_home/DynamoRIO-Linux-10.0.0/exports/ext/lib64/release/libdrcovlib.so.debug
-- Installing: /tmp_home/DynamoRIO-Linux-10.0.0/exports/ext/lib64/release/libdrpttracer.so.debug
-- Installing: /tmp_home/DynamoRIO-Linux-10.0.0/exports/ext/lib64/release/libdrcallstack.so.debug
-- Installing: /tmp_home/DynamoRIO-Linux-10.0.0/exports/ext/lib64/release/libdrbbdup.so.debug
-- Installing: /tmp_home/DynamoRIO-Linux-10.0.0/exports/ext/lib64/release/libdrutil.so.debug
-- Installing: /tmp_home/DynamoRIO-Linux-10.0.0/exports/ext/lib64/release/libdrmgr.so.debug
-- Installing: /tmp_home/DynamoRIO-Linux-10.0.0/exports/ext/lib64/release/libdrstatecmp.so.debug
-- Installing: /tmp_home/DynamoRIO-Linux-10.0.0/exports/ext/bin64
-- Installing: /tmp_home/DynamoRIO-Linux-10.0.0/exports/ext/bin64/libdrwrap.so.debug
-- Installing: /tmp_home/DynamoRIO-Linux-10.0.0/exports/ext/bin64/libdrsyms.so.debug
-- Installing: /tmp_home/DynamoRIO-Linux-10.0.0/exports/ext/bin64/libdrx.so.debug
-- Installing: /tmp_home/DynamoRIO-Linux-10.0.0/exports/ext/bin64/libdrreg.so.debug
-- Installing: /tmp_home/DynamoRIO-Linux-10.0.0/exports/ext/bin64/libdrcovlib.so.debug
-- Installing: /tmp_home/DynamoRIO-Linux-10.0.0/exports/ext/bin64/libdrpttracer.so.debug
-- Installing: /tmp_home/DynamoRIO-Linux-10.0.0/exports/ext/bin64/libdrcallstack.so.debug
-- Installing: /tmp_home/DynamoRIO-Linux-10.0.0/exports/ext/bin64/libdrbbdup.so.debug
-- Installing: /tmp_home/DynamoRIO-Linux-10.0.0/exports/ext/bin64/libdrutil.so.debug
-- Installing: /tmp_home/DynamoRIO-Linux-10.0.0/exports/ext/bin64/libdrmgr.so.debug
-- Installing: /tmp_home/DynamoRIO-Linux-10.0.0/exports/ext/bin64/libdrstatecmp.so.debug
-- Installing: /tmp_home/DynamoRIO-Linux-10.0.0/exports/ext/include/drext.h
-- Installing: /tmp_home/DynamoRIO-Linux-10.0.0/exports/ext/lib64/release/libdrcontainers.a
-- Installing: /tmp_home/DynamoRIO-Linux-10.0.0/exports/ext/include/hashtable.h
-- Installing: /tmp_home/DynamoRIO-Linux-10.0.0/exports/ext/include/drvector.h
-- Installing: /tmp_home/DynamoRIO-Linux-10.0.0/exports/ext/include/drtable.h
-- Installing: /tmp_home/DynamoRIO-Linux-10.0.0/exports/ext/lib64/release/libdrmgr.so
-- Installing: /tmp_home/DynamoRIO-Linux-10.0.0/exports/ext/lib64/release/libdrmgr_static.a
-- Installing: /tmp_home/DynamoRIO-Linux-10.0.0/exports/ext/include/drmgr.h
-- Installing: /tmp_home/DynamoRIO-Linux-10.0.0/exports/ext/lib64/release/libdrx.so
-- Installing: /tmp_home/DynamoRIO-Linux-10.0.0/exports/ext/lib64/release/libdrx_static.a
-- Installing: /tmp_home/DynamoRIO-Linux-10.0.0/exports/ext/include/drx.h
-- Installing: /tmp_home/DynamoRIO-Linux-10.0.0/exports/ext/lib64/release/libdrwrap.so
-- Installing: /tmp_home/DynamoRIO-Linux-10.0.0/exports/ext/lib64/release/libdrwrap_static.a
-- Installing: /tmp_home/DynamoRIO-Linux-10.0.0/exports/ext/include/drwrap.h
-- Installing: /tmp_home/DynamoRIO-Linux-10.0.0/exports/ext/lib64/release/libdrreg.so
-- Installing: /tmp_home/DynamoRIO-Linux-10.0.0/exports/ext/lib64/release/libdrreg_static.a
-- Installing: /tmp_home/DynamoRIO-Linux-10.0.0/exports/ext/include/drreg.h
-- Installing: /tmp_home/DynamoRIO-Linux-10.0.0/exports/ext/lib64/release/libdrbbdup.so
-- Installing: /tmp_home/DynamoRIO-Linux-10.0.0/exports/ext/lib64/release/libdrbbdup_static.a
-- Installing: /tmp_home/DynamoRIO-Linux-10.0.0/exports/ext/include/drbbdup.h
-- Installing: /tmp_home/DynamoRIO-Linux-10.0.0/exports/ext/lib64/release/libdrsyms.so
-- Installing: /tmp_home/DynamoRIO-Linux-10.0.0/exports/ext/lib64/release/libdrsyms_static.a
-- Installing: /tmp_home/DynamoRIO-Linux-10.0.0/exports/ext/lib64/release/libdwarf.a
-- Installing: /tmp_home/DynamoRIO-Linux-10.0.0/exports/ext/lib64/release/libelf.a
-- Installing: /tmp_home/DynamoRIO-Linux-10.0.0/exports/ext/lib64/release/libelftc.a
-- Installing: /tmp_home/DynamoRIO-Linux-10.0.0/exports/ext/include/drsyms.h
-- Installing: /tmp_home/DynamoRIO-Linux-10.0.0/exports/ext/lib64/release/libdrutil.so
-- Installing: /tmp_home/DynamoRIO-Linux-10.0.0/exports/ext/lib64/release/libdrutil_static.a
-- Installing: /tmp_home/DynamoRIO-Linux-10.0.0/exports/ext/include/drutil.h
-- Installing: /tmp_home/DynamoRIO-Linux-10.0.0/exports/ext/include/droption.h
-- Installing: /tmp_home/DynamoRIO-Linux-10.0.0/exports/ext/lib64/release/libdrcovlib.so
-- Installing: /tmp_home/DynamoRIO-Linux-10.0.0/exports/ext/lib64/release/libdrcovlib_static.a
-- Installing: /tmp_home/DynamoRIO-Linux-10.0.0/exports/ext/include/drcovlib.h
-- Installing: /tmp_home/DynamoRIO-Linux-10.0.0/exports/ext/lib64/release/libdrstatecmp.so
-- Installing: /tmp_home/DynamoRIO-Linux-10.0.0/exports/ext/lib64/release/libdrstatecmp_static.a
-- Installing: /tmp_home/DynamoRIO-Linux-10.0.0/exports/ext/include/drstatecmp.h
-- Installing: /tmp_home/DynamoRIO-Linux-10.0.0/exports/ext/lib64/release/libdrpttracer.so
-- Installing: /tmp_home/DynamoRIO-Linux-10.0.0/exports/ext/lib64/release/libdrpttracer_static.a
-- Installing: /tmp_home/DynamoRIO-Linux-10.0.0/exports/ext/include/drpttracer.h
-- Installing: /tmp_home/DynamoRIO-Linux-10.0.0/exports/ext/lib64/release/libdrcallstack.so
-- Installing: /tmp_home/DynamoRIO-Linux-10.0.0/exports/ext/lib64/release/libdrcallstack_static.a
-- Installing: /tmp_home/DynamoRIO-Linux-10.0.0/exports/ext/include/drcallstack.h
-- Installing: /tmp_home/DynamoRIO-Linux-10.0.0/exports/samples/bin64/libbbbuf.so
-- Installing: /tmp_home/DynamoRIO-Linux-10.0.0/exports/samples/bin64/libbbcount.so
-- Installing: /tmp_home/DynamoRIO-Linux-10.0.0/exports/samples/bin64/libbbsize.so
-- Installing: /tmp_home/DynamoRIO-Linux-10.0.0/exports/samples/bin64/libcallstack.so
-- Installing: /tmp_home/DynamoRIO-Linux-10.0.0/exports/samples/bin64/libdiv.so
-- Installing: /tmp_home/DynamoRIO-Linux-10.0.0/exports/samples/bin64/libempty.so
-- Installing: /tmp_home/DynamoRIO-Linux-10.0.0/exports/samples/bin64/libmemtrace_simple.so
-- Installing: /tmp_home/DynamoRIO-Linux-10.0.0/exports/samples/bin64/libmemval_simple.so
-- Installing: /tmp_home/DynamoRIO-Linux-10.0.0/exports/samples/bin64/libinstrace_simple.so
-- Installing: /tmp_home/DynamoRIO-Linux-10.0.0/exports/samples/bin64/libopcode_count.so
-- Installing: /tmp_home/DynamoRIO-Linux-10.0.0/exports/samples/bin64/libcbr.so
-- Installing: /tmp_home/DynamoRIO-Linux-10.0.0/exports/samples/bin64/libcountcalls.so
-- Installing: /tmp_home/DynamoRIO-Linux-10.0.0/exports/samples/bin64/libinc2add.so
-- Installing: /tmp_home/DynamoRIO-Linux-10.0.0/exports/samples/bin64/libmemtrace_x86_binary.so
-- Installing: /tmp_home/DynamoRIO-Linux-10.0.0/exports/samples/bin64/libmemtrace_x86_text.so
-- Installing: /tmp_home/DynamoRIO-Linux-10.0.0/exports/samples/bin64/libinstrace_x86_binary.so
-- Installing: /tmp_home/DynamoRIO-Linux-10.0.0/exports/samples/bin64/libinstrace_x86_text.so
-- Installing: /tmp_home/DynamoRIO-Linux-10.0.0/exports/samples/bin64/libprefetch.so
-- Installing: /tmp_home/DynamoRIO-Linux-10.0.0/exports/samples/bin64/libssljack.so
-- Installing: /tmp_home/DynamoRIO-Linux-10.0.0/exports/samples/bin64/libmodxfer.so
-- Installing: /tmp_home/DynamoRIO-Linux-10.0.0/exports/samples/bin64/libmodxfer_app2lib.so
-- Installing: /tmp_home/DynamoRIO-Linux-10.0.0/exports/samples/bin64/libinstrcalls.so
-- Installing: /tmp_home/DynamoRIO-Linux-10.0.0/exports/samples/bin64/libcbrtrace.so
-- Installing: /tmp_home/DynamoRIO-Linux-10.0.0/exports/samples/bin64/libhot_bbcount.so
-- Installing: /tmp_home/DynamoRIO-Linux-10.0.0/exports/samples/bin64/libwrap.so
-- Installing: /tmp_home/DynamoRIO-Linux-10.0.0/exports/samples/bin64/libsignal.so
-- Installing: /tmp_home/DynamoRIO-Linux-10.0.0/exports/samples/bin64/libsyscall.so
-- Installing: /tmp_home/DynamoRIO-Linux-10.0.0/exports/samples/bin64/libstatecmp.so
-- Installing: /tmp_home/DynamoRIO-Linux-10.0.0/exports/samples/bin64/libinline.so
-- Installing: /tmp_home/DynamoRIO-Linux-10.0.0/exports/samples/bin64/libinscount.so
-- Installing: /tmp_home/DynamoRIO-Linux-10.0.0/exports/samples/bin64/libopcodes.so
-- Installing: /tmp_home/DynamoRIO-Linux-10.0.0/exports/samples/bin64/libstl_test.so
-- Installing: /tmp_home/DynamoRIO-Linux-10.0.0/exports/samples/bin64/tracedump
-- Installing: /tmp_home/DynamoRIO-Linux-10.0.0/exports/samples/bbbuf.c
-- Installing: /tmp_home/DynamoRIO-Linux-10.0.0/exports/samples/bbcount.c
-- Installing: /tmp_home/DynamoRIO-Linux-10.0.0/exports/samples/bbsize.c
-- Installing: /tmp_home/DynamoRIO-Linux-10.0.0/exports/samples/callstack.cpp
-- Installing: /tmp_home/DynamoRIO-Linux-10.0.0/exports/samples/div.c
-- Installing: /tmp_home/DynamoRIO-Linux-10.0.0/exports/samples/empty.c
-- Installing: /tmp_home/DynamoRIO-Linux-10.0.0/exports/samples/memtrace_simple.c
-- Installing: /tmp_home/DynamoRIO-Linux-10.0.0/exports/samples/utils.c
-- Installing: /tmp_home/DynamoRIO-Linux-10.0.0/exports/samples/memval_simple.c
-- Up-to-date: /tmp_home/DynamoRIO-Linux-10.0.0/exports/samples/utils.c
-- Installing: /tmp_home/DynamoRIO-Linux-10.0.0/exports/samples/instrace_simple.c
-- Up-to-date: /tmp_home/DynamoRIO-Linux-10.0.0/exports/samples/utils.c
-- Installing: /tmp_home/DynamoRIO-Linux-10.0.0/exports/samples/opcode_count.cpp
-- Installing: /tmp_home/DynamoRIO-Linux-10.0.0/exports/samples/cbr.c
-- Installing: /tmp_home/DynamoRIO-Linux-10.0.0/exports/samples/countcalls.c
-- Installing: /tmp_home/DynamoRIO-Linux-10.0.0/exports/samples/inc2add.c
-- Installing: /tmp_home/DynamoRIO-Linux-10.0.0/exports/samples/memtrace_x86.c
-- Up-to-date: /tmp_home/DynamoRIO-Linux-10.0.0/exports/samples/utils.c
-- Up-to-date: /tmp_home/DynamoRIO-Linux-10.0.0/exports/samples/memtrace_x86.c
-- Up-to-date: /tmp_home/DynamoRIO-Linux-10.0.0/exports/samples/utils.c
-- Installing: /tmp_home/DynamoRIO-Linux-10.0.0/exports/samples/instrace_x86.c
-- Up-to-date: /tmp_home/DynamoRIO-Linux-10.0.0/exports/samples/utils.c
-- Up-to-date: /tmp_home/DynamoRIO-Linux-10.0.0/exports/samples/instrace_x86.c
-- Up-to-date: /tmp_home/DynamoRIO-Linux-10.0.0/exports/samples/utils.c
-- Installing: /tmp_home/DynamoRIO-Linux-10.0.0/exports/samples/prefetch.c
-- Installing: /tmp_home/DynamoRIO-Linux-10.0.0/exports/samples/ssljack.c
-- Installing: /tmp_home/DynamoRIO-Linux-10.0.0/exports/samples/modxfer.c
-- Up-to-date: /tmp_home/DynamoRIO-Linux-10.0.0/exports/samples/utils.c
-- Installing: /tmp_home/DynamoRIO-Linux-10.0.0/exports/samples/modxfer_app2lib.c
-- Installing: /tmp_home/DynamoRIO-Linux-10.0.0/exports/samples/instrcalls.c
-- Up-to-date: /tmp_home/DynamoRIO-Linux-10.0.0/exports/samples/utils.c
-- Installing: /tmp_home/DynamoRIO-Linux-10.0.0/exports/samples/cbrtrace.c
-- Up-to-date: /tmp_home/DynamoRIO-Linux-10.0.0/exports/samples/utils.c
-- Installing: /tmp_home/DynamoRIO-Linux-10.0.0/exports/samples/hot_bbcount.c
-- Installing: /tmp_home/DynamoRIO-Linux-10.0.0/exports/samples/wrap.c
-- Installing: /tmp_home/DynamoRIO-Linux-10.0.0/exports/samples/signal.c
-- Installing: /tmp_home/DynamoRIO-Linux-10.0.0/exports/samples/syscall.c
-- Installing: /tmp_home/DynamoRIO-Linux-10.0.0/exports/samples/statecmp.c
-- Installing: /tmp_home/DynamoRIO-Linux-10.0.0/exports/samples/inline.c
-- Installing: /tmp_home/DynamoRIO-Linux-10.0.0/exports/samples/inscount.cpp
-- Installing: /tmp_home/DynamoRIO-Linux-10.0.0/exports/samples/opcodes.c
-- Installing: /tmp_home/DynamoRIO-Linux-10.0.0/exports/samples/stl_test.cpp
-- Installing: /tmp_home/DynamoRIO-Linux-10.0.0/exports/samples/utils.h
-- Installing: /tmp_home/DynamoRIO-Linux-10.0.0/exports/samples/tracedump.c
-- Installing: /tmp_home/DynamoRIO-Linux-10.0.0/exports/samples/CMakeLists.txt
-- Up-to-date: /tmp_home/DynamoRIO-Linux-10.0.0/exports/samples/bin64
-- Installing: /tmp_home/DynamoRIO-Linux-10.0.0/exports/samples/bin64/libmemtrace_x86_text.so.debug
-- Installing: /tmp_home/DynamoRIO-Linux-10.0.0/exports/samples/bin64/libinscount.so.debug
-- Installing: /tmp_home/DynamoRIO-Linux-10.0.0/exports/samples/bin64/libmodxfer_app2lib.so.debug
-- Installing: /tmp_home/DynamoRIO-Linux-10.0.0/exports/samples/bin64/libcallstack.so.debug
-- Installing: /tmp_home/DynamoRIO-Linux-10.0.0/exports/samples/bin64/libdiv.so.debug
-- Installing: /tmp_home/DynamoRIO-Linux-10.0.0/exports/samples/bin64/libmemtrace_x86_binary.so.debug
-- Installing: /tmp_home/DynamoRIO-Linux-10.0.0/exports/samples/bin64/libstatecmp.so.debug
-- Installing: /tmp_home/DynamoRIO-Linux-10.0.0/exports/samples/bin64/libssljack.so.debug
-- Installing: /tmp_home/DynamoRIO-Linux-10.0.0/exports/samples/bin64/libbbsize.so.debug
-- Installing: /tmp_home/DynamoRIO-Linux-10.0.0/exports/samples/bin64/libopcodes.so.debug
-- Installing: /tmp_home/DynamoRIO-Linux-10.0.0/exports/samples/bin64/libopcode_count.so.debug
-- Installing: /tmp_home/DynamoRIO-Linux-10.0.0/exports/samples/bin64/libhot_bbcount.so.debug
-- Installing: /tmp_home/DynamoRIO-Linux-10.0.0/exports/samples/bin64/libcbrtrace.so.debug
-- Installing: /tmp_home/DynamoRIO-Linux-10.0.0/exports/samples/bin64/libinstrace_x86_text.so.debug
-- Installing: /tmp_home/DynamoRIO-Linux-10.0.0/exports/samples/bin64/libbbbuf.so.debug
-- Installing: /tmp_home/DynamoRIO-Linux-10.0.0/exports/samples/bin64/libsignal.so.debug
-- Installing: /tmp_home/DynamoRIO-Linux-10.0.0/exports/samples/bin64/libempty.so.debug
-- Installing: /tmp_home/DynamoRIO-Linux-10.0.0/exports/samples/bin64/libsyscall.so.debug
-- Installing: /tmp_home/DynamoRIO-Linux-10.0.0/exports/samples/bin64/libmemtrace_simple.so.debug
-- Installing: /tmp_home/DynamoRIO-Linux-10.0.0/exports/samples/bin64/libinline.so.debug
-- Installing: /tmp_home/DynamoRIO-Linux-10.0.0/exports/samples/bin64/libcbr.so.debug
-- Installing: /tmp_home/DynamoRIO-Linux-10.0.0/exports/samples/bin64/libinc2add.so.debug
-- Installing: /tmp_home/DynamoRIO-Linux-10.0.0/exports/samples/bin64/libbbcount.so.debug
-- Installing: /tmp_home/DynamoRIO-Linux-10.0.0/exports/samples/bin64/libprefetch.so.debug
-- Installing: /tmp_home/DynamoRIO-Linux-10.0.0/exports/samples/bin64/libstl_test.so.debug
-- Installing: /tmp_home/DynamoRIO-Linux-10.0.0/exports/samples/bin64/libmemval_simple.so.debug
-- Installing: /tmp_home/DynamoRIO-Linux-10.0.0/exports/samples/bin64/libinstrace_x86_binary.so.debug
-- Installing: /tmp_home/DynamoRIO-Linux-10.0.0/exports/samples/bin64/libwrap.so.debug
-- Installing: /tmp_home/DynamoRIO-Linux-10.0.0/exports/samples/bin64/tracedump.debug
-- Installing: /tmp_home/DynamoRIO-Linux-10.0.0/exports/samples/bin64/libinstrcalls.so.debug
-- Installing: /tmp_home/DynamoRIO-Linux-10.0.0/exports/samples/bin64/libcountcalls.so.debug
-- Installing: /tmp_home/DynamoRIO-Linux-10.0.0/exports/samples/bin64/libinstrace_simple.so.debug
-- Installing: /tmp_home/DynamoRIO-Linux-10.0.0/exports/samples/bin64/libmodxfer.so.debug
-- Installing: /tmp_home/DynamoRIO-Linux-10.0.0/exports/samples/README
 ---> Removed intermediate container c7505e69d9c0
 ---> 0bb8cf644167
Step 24/40 : ENV DYNAMORIO_HOME=$tmpdir/DynamoRIO-Linux-10.0.0/exports
 ---> Running in 9a8191b283f3
 ---> Removed intermediate container 9a8191b283f3
 ---> 73ca35e8ca05
Step 25/40 : RUN chmod 777 $DYNAMORIO_HOME/lib64/release/libdynamorio.so
 ---> Running in 9367244141cf
 ---> Removed intermediate container 9367244141cf
 ---> d5d39b386e9c
Step 26/40 : COPY fingerprint_src $tmpdir/fingerprint_src/
 ---> 71a6dcd13c11
Step 27/40 : RUN mkdir $tmpdir/fingerprint_src/build &&     cd $tmpdir/fingerprint_src/build &&     cmake -DDynamoRIO_DIR=$DYNAMORIO_HOME/cmake .. &&     make &&     cp ./libfpg.so $tmpdir/libfpg.so
 ---> Running in 22c56b28a93e
[91mCMake Warning (dev) in CMakeLists.txt:
  No project() command is present.  The top-level CMakeLists.txt file must
  contain a literal, direct call to the project() command.  Add a line of
  code such as

    project(ProjectName)

  near the top of the file, but after cmake_minimum_required().

  CMake is pretending there is a "project(Project)" command on the first
  line.
This warning is for project developers.  Use -Wno-dev to suppress it.

[0m-- The C compiler identification is GNU 9.4.0
-- The CXX compiler identification is GNU 9.4.0
-- Check for working C compiler: /usr/bin/cc
-- Check for working C compiler: /usr/bin/cc -- works
-- Detecting C compiler ABI info
-- Detecting C compiler ABI info - done
-- Detecting C compile features
-- Detecting C compile features - done
-- Check for working CXX compiler: /usr/bin/c++
-- Check for working CXX compiler: /usr/bin/c++ -- works
-- Detecting CXX compiler ABI info
-- Detecting CXX compiler ABI info - done
-- Detecting CXX compile features
-- Detecting CXX compile features - done
[91mCMake Warning (dev) in CMakeLists.txt:
  No cmake_minimum_required command is present.  A line of code such as

    cmake_minimum_required(VERSION 3.16)

  should be added at the top of the file.  The version specified may be lower
  if you wish to support older CMake versions for this project.  For more
  information run "cmake --help-policy CMP0000".
This warning is for project developers.  Use -Wno-dev to suppress it.

[0m-- Configuring done
-- Generating done
-- Build files have been written to: /tmp_home/fingerprint_src/build
Scanning dependencies of target fpg
[ 50%] Building CXX object CMakeFiles/fpg.dir/fpg.o
[91m/tmp_home/fingerprint_src/fpg.cpp:206:21: warning: invalid suffix on literal; C++11 requires a space between literal and string macro [-Wliteral-suffix]
  206 |                     "Number of total instructions as per: %"UINT64_FORMAT_CODE"\n",
      |                     ^
/tmp_home/fingerprint_src/fpg.cpp:303:21: warning: invalid suffix on literal; C++11 requires a space between literal and string macro [-Wliteral-suffix]
  303 |                     "Number of blocks built : %"UINT64_FORMAT_CODE"\n"
      |                     ^
/tmp_home/fingerprint_src/fpg.cpp:305:21: warning: invalid suffix on literal; C++11 requires a space between literal and string macro [-Wliteral-suffix]
  305 |                     "Number of blocks executed  : %"UINT64_FORMAT_CODE"\n"
      |                     ^
/tmp_home/fingerprint_src/fpg.cpp:307:21: warning: invalid suffix on literal; C++11 requires a space between literal and string macro [-Wliteral-suffix]
  307 |                     "Number of total instructions   : %"UINT64_FORMAT_CODE"\n"
      |                     ^
/tmp_home/fingerprint_src/fpg.cpp:308:21: warning: invalid suffix on literal; C++11 requires a space between literal and string macro [-Wliteral-suffix]
  308 |                     "Number of fetched instructions : %"UINT64_FORMAT_CODE"\n"
      |                     ^
/tmp_home/fingerprint_src/fpg.cpp:309:21: warning: invalid suffix on literal; C++11 requires a space between literal and string macro [-Wliteral-suffix]
  309 |                     "     as-built rep    : %"UINT64_FORMAT_CODE"\n"
      |                     ^
/tmp_home/fingerprint_src/fpg.cpp:310:21: warning: invalid suffix on literal; C++11 requires a space between literal and string macro [-Wliteral-suffix]
  310 |                     "     dynamic rep     : %"UINT64_FORMAT_CODE"\n"
      |                     ^
/tmp_home/fingerprint_src/fpg.cpp:313:21: warning: invalid suffix on literal; C++11 requires a space between literal and string macro [-Wliteral-suffix]
  313 |                     "     non_emulation_non_app                : %"UINT64_FORMAT_CODE"\n"
      |                     ^
/tmp_home/fingerprint_src/fpg.cpp:314:21: warning: invalid suffix on literal; C++11 requires a space between literal and string macro [-Wliteral-suffix]
  314 |                     "     non_trace_non_translating_recreation : %"UINT64_FORMAT_CODE"\n"
      |                     ^
[0m[91m/tmp_home/fingerprint_src/fpg.cpp:315:21: warning: invalid suffix on literal; C++11 requires a space between literal and string macro [-Wliteral-suffix]
  315 |                     "     big_bb                               : %"UINT64_FORMAT_CODE"\n"
      |                     ^
[0m[91mIn file included from /tmp_home/fingerprint_src/fpg.cpp:4:
/tmp_home/DynamoRIO-Linux-10.0.0/exports/cmake/../ext/include/droption.h: In member function 'bool dynamorio::droption::droption_t<T>::convert_from_string(std::string) [with T = bool; std::string = std::__cxx11::basic_string<char>]':
/tmp_home/DynamoRIO-Linux-10.0.0/exports/cmake/../ext/include/droption.h:768:57: warning: unused parameter 's' [-Wunused-parameter]
  768 | droption_t<bool>::convert_from_string(const std::string s)
      |                                       ~~~~~~~~~~~~~~~~~~^
[0m[91m/tmp_home/DynamoRIO-Linux-10.0.0/exports/cmake/../ext/include/droption.h: In member function 'bool dynamorio::droption::droption_t<T>::convert_from_string(std::string) [with T = std::pair<std::__cxx11::basic_string<char>, std::__cxx11::basic_string<char> >; std::string = std::__cxx11::basic_string<char>]':
/tmp_home/DynamoRIO-Linux-10.0.0/exports/cmake/../ext/include/droption.h:802:64: warning: unused parameter 's' [-Wunused-parameter]
  802 | droption_t<twostring_t>::convert_from_string(const std::string s)
      |                                              ~~~~~~~~~~~~~~~~~~^
[0m[91m/tmp_home/fingerprint_src/fpg.cpp: In function 'void dr_client_main(client_id_t, int, const char**)':
/tmp_home/fingerprint_src/fpg.cpp:156:28: warning: unused parameter 'id' [-Wunused-parameter]
  156 | dr_client_main(client_id_t id, int argc, const char *argv[])
      |                ~~~~~~~~~~~~^~
[0m[91mIn file included from /tmp_home/DynamoRIO-Linux-10.0.0/exports/cmake/../include/dr_api.h:68,
                 from /tmp_home/fingerprint_src/fpg.cpp:1:
/tmp_home/fingerprint_src/fpg.cpp: In function 'void event_thread_exit(void*)':
/tmp_home/fingerprint_src/fpg.cpp:253:33: warning: comparison of integer expressions of different signedness: 'uint64' {aka 'long unsigned int'} and 'thread_id_t' {aka 'int'} [-Wsign-compare]
  253 |     DR_ASSERT(t_data->thread_id == dr_get_thread_id(drcontext));
      |               ~~~~~~~~~~~~~~~~~~^~~~~~~~~~~~~~~~~~~~~~~~~~~~~~
/tmp_home/DynamoRIO-Linux-10.0.0/exports/cmake/../include/dr_tools.h:89:20: note: in definition of macro 'DR_ASSERT_MSG'
   89 |         ((void)((!(x)) ? (dr_fprintf(STDERR, "ASSERT FAILURE: %s:%d: %s (%s)\n", \
      |                    ^
/tmp_home/fingerprint_src/fpg.cpp:253:5: note: in expansion of macro 'DR_ASSERT'
  253 |     DR_ASSERT(t_data->thread_id == dr_get_thread_id(drcontext));
      |     ^~~~~~~~~
[0m[91m/tmp_home/fingerprint_src/fpg.cpp: In function 'void clean_call(uint, uint64, uint64, uint, uint64, uint)':
/tmp_home/fingerprint_src/fpg.cpp:372:33: warning: comparison of integer expressions of different signedness: 'uint64' {aka 'long unsigned int'} and 'thread_id_t' {aka 'int'} [-Wsign-compare]
  372 |     DR_ASSERT(t_data->thread_id == dr_get_thread_id(drcontext));
      |               ~~~~~~~~~~~~~~~~~~^~~~~~~~~~~~~~~~~~~~~~~~~~~~~~
/tmp_home/DynamoRIO-Linux-10.0.0/exports/cmake/../include/dr_tools.h:89:20: note: in definition of macro 'DR_ASSERT_MSG'
   89 |         ((void)((!(x)) ? (dr_fprintf(STDERR, "ASSERT FAILURE: %s:%d: %s (%s)\n", \
      |                    ^
/tmp_home/fingerprint_src/fpg.cpp:372:5: note: in expansion of macro 'DR_ASSERT'
  372 |     DR_ASSERT(t_data->thread_id == dr_get_thread_id(drcontext));
      |     ^~~~~~~~~
[0m[91m/tmp_home/fingerprint_src/fpg.cpp: In function 'void clean_call_for_all_instr(uint64, app_pc)':
/tmp_home/fingerprint_src/fpg.cpp:504:72: warning: unused parameter 'addr' [-Wunused-parameter]
  504 | clean_call_for_all_instr(/*uint64 bb_id, */uint64 segment_size, app_pc addr)
      |                                                                 ~~~~~~~^~~~
[0m[91m/tmp_home/fingerprint_src/fpg.cpp: In function 'dr_emit_flags_t event_bb_app2app(void*, void*, instrlist_t*, bool, bool)':
/tmp_home/fingerprint_src/fpg.cpp:534:41: warning: unused parameter 'tag' [-Wunused-parameter]
  534 | event_bb_app2app(void *drcontext, void *tag, instrlist_t *bb, bool for_trace,
      |                                   ~~~~~~^~~
/tmp_home/fingerprint_src/fpg.cpp:534:68: warning: unused parameter 'for_trace' [-Wunused-parameter]
  534 | event_bb_app2app(void *drcontext, void *tag, instrlist_t *bb, bool for_trace,
      |                                                               ~~~~~^~~~~~~~~
/tmp_home/fingerprint_src/fpg.cpp:535:23: warning: unused parameter 'translating' [-Wunused-parameter]
  535 |                  bool translating)
      |                  ~~~~~^~~~~~~~~~~
[0m[91mIn file included from /tmp_home/DynamoRIO-Linux-10.0.0/exports/cmake/../include/dr_api.h:68,
                 from /tmp_home/fingerprint_src/fpg.cpp:1:
/tmp_home/fingerprint_src/fpg.cpp: In function 'dr_emit_flags_t event_app_analysis(void*, void*, instrlist_t*, bool, bool, void**)':
/tmp_home/fingerprint_src/fpg.cpp:617:33: warning: comparison of integer expressions of different signedness: 'uint64' {aka 'long unsigned int'} and 'thread_id_t' {aka 'int'} [-Wsign-compare]
  617 |     DR_ASSERT(t_data->thread_id == dr_get_thread_id(drcontext));
      |               ~~~~~~~~~~~~~~~~~~^~~~~~~~~~~~~~~~~~~~~~~~~~~~~~
/tmp_home/DynamoRIO-Linux-10.0.0/exports/cmake/../include/dr_tools.h:89:20: note: in definition of macro 'DR_ASSERT_MSG'
   89 |         ((void)((!(x)) ? (dr_fprintf(STDERR, "ASSERT FAILURE: %s:%d: %s (%s)\n", \
      |                    ^
/tmp_home/fingerprint_src/fpg.cpp:617:5: note: in expansion of macro 'DR_ASSERT'
  617 |     DR_ASSERT(t_data->thread_id == dr_get_thread_id(drcontext));
      |     ^~~~~~~~~
[0m[91m/tmp_home/fingerprint_src/fpg.cpp:771:23: warning: comparison of integer expressions of different signedness: 'int' and 'uint' {aka 'unsigned int'} [-Wsign-compare]
  771 |     if (compare_count != num_instrs) {
      |         ~~~~~~~~~~~~~~^~~~~~~~~~~~~
In file included from /tmp_home/DynamoRIO-Linux-10.0.0/exports/cmake/../include/dr_api.h:68,
                 from /tmp_home/fingerprint_src/fpg.cpp:1:
/tmp_home/fingerprint_src/fpg.cpp:774:29: warning: comparison of integer expressions of different signedness: 'int' and 'uint' {aka 'unsigned int'} [-Wsign-compare]
  774 |     DR_ASSERT(compare_count == num_instrs);
      |               ~~~~~~~~~~~~~~^~~~~~~~~~~~~
/tmp_home/DynamoRIO-Linux-10.0.0/exports/cmake/../include/dr_tools.h:89:20: note: in definition of macro 'DR_ASSERT_MSG'
   89 |         ((void)((!(x)) ? (dr_fprintf(STDERR, "ASSERT FAILURE: %s:%d: %s (%s)\n", \
      |                    ^
/tmp_home/fingerprint_src/fpg.cpp:774:5: note: in expansion of macro 'DR_ASSERT'
  774 |     DR_ASSERT(compare_count == num_instrs);
      |     ^~~~~~~~~
[0m[91m/tmp_home/fingerprint_src/fpg.cpp:605:43: warning: unused parameter 'tag' [-Wunused-parameter]
  605 | event_app_analysis(void *drcontext, void *tag, instrlist_t *bb,
      |                                     ~~~~~~^~~
/tmp_home/fingerprint_src/fpg.cpp:606:64: warning: unused parameter 'user_data' [-Wunused-parameter]
  606 |                   bool for_trace, bool translating, OUT void **user_data)
      |                                                         ~~~~~~~^~~~~~~~~
[0m[91m/tmp_home/fingerprint_src/fpg.cpp: In function 'dr_emit_flags_t event_app_instruction(void*, void*, instrlist_t*, instr_t*, bool, bool, void*)':
/tmp_home/fingerprint_src/fpg.cpp:789:46: warning: unused parameter 'tag' [-Wunused-parameter]
  789 | event_app_instruction(void *drcontext, void *tag, instrlist_t *bb,
      |                                        ~~~~~~^~~
/tmp_home/fingerprint_src/fpg.cpp:790:44: warning: unused parameter 'for_trace' [-Wunused-parameter]
  790 |                        instr_t *inst, bool for_trace, bool translating, void *user_data)
      |                                       ~~~~~^~~~~~~~~
/tmp_home/fingerprint_src/fpg.cpp:790:60: warning: unused parameter 'translating' [-Wunused-parameter]
  790 |                        instr_t *inst, bool for_trace, bool translating, void *user_data)
      |                                                       ~~~~~^~~~~~~~~~~
/tmp_home/fingerprint_src/fpg.cpp:790:79: warning: unused parameter 'user_data' [-Wunused-parameter]
  790 |                        instr_t *inst, bool for_trace, bool translating, void *user_data)
      |                                                                         ~~~~~~^~~~~~~~~
[0m[91mIn file included from /tmp_home/fingerprint_src/fpg.cpp:4:
/tmp_home/DynamoRIO-Linux-10.0.0/exports/cmake/../ext/include/droption.h: In instantiation of 'bool dynamorio::droption::droption_t<T>::convert_from_string(std::string, std::string) [with T = long long unsigned int; std::string = std::__cxx11::basic_string<char>]':
/tmp_home/DynamoRIO-Linux-10.0.0/exports/cmake/../ext/include/droption.h:604:5:   required from here
/tmp_home/DynamoRIO-Linux-10.0.0/exports/cmake/../ext/include/droption.h:604:43: warning: unused parameter 's1' [-Wunused-parameter]
  604 |     convert_from_string(const std::string s1, const std::string s2) override;
      |                         ~~~~~~~~~~~~~~~~~~^~
/tmp_home/DynamoRIO-Linux-10.0.0/exports/cmake/../ext/include/droption.h:604:65: warning: unused parameter 's2' [-Wunused-parameter]
  604 |     convert_from_string(const std::string s1, const std::string s2) override;
      |                                               ~~~~~~~~~~~~~~~~~~^~
[0m[91m/tmp_home/DynamoRIO-Linux-10.0.0/exports/cmake/../ext/include/droption.h: In instantiation of 'bool dynamorio::droption::droption_t<T>::convert_from_string(std::string, std::string) [with T = bool; std::string = std::__cxx11::basic_string<char>]':
/tmp_home/DynamoRIO-Linux-10.0.0/exports/cmake/../ext/include/droption.h:604:5:   required from here
/tmp_home/DynamoRIO-Linux-10.0.0/exports/cmake/../ext/include/droption.h:604:43: warning: unused parameter 's1' [-Wunused-parameter]
  604 |     convert_from_string(const std::string s1, const std::string s2) override;
      |                         ~~~~~~~~~~~~~~~~~~^~
/tmp_home/DynamoRIO-Linux-10.0.0/exports/cmake/../ext/include/droption.h:604:65: warning: unused parameter 's2' [-Wunused-parameter]
  604 |     convert_from_string(const std::string s1, const std::string s2) override;
      |                                               ~~~~~~~~~~~~~~~~~~^~
[0m[91m/tmp_home/fingerprint_src/fpg.cpp: At global scope:
/tmp_home/fingerprint_src/fpg.cpp:789:1: warning: 'dr_emit_flags_t event_app_instruction(void*, void*, instrlist_t*, instr_t*, bool, bool, void*)' defined but not used [-Wunused-function]
  789 | event_app_instruction(void *drcontext, void *tag, instrlist_t *bb,
      | ^~~~~~~~~~~~~~~~~~~~~
[0m[100%] Linking CXX shared library libfpg.so
[100%] Built target fpg
 ---> Removed intermediate container 22c56b28a93e
 ---> bc2e0d142414
Step 28/40 : RUN cd $tmpdir && wget -nc https://software.intel.com/sites/landingpage/pintool/downloads/pin-3.15-98253-gb56e429b1-gcc-linux.tar.gz && tar -xzvf pin-3.15-98253-gb56e429b1-gcc-linux.tar.gz
 ---> Running in 807e448ba510
[91m--2026-07-24 03:24:16--  https://software.intel.com/sites/landingpage/pintool/downloads/pin-3.15-98253-gb56e429b1-gcc-linux.tar.gz
[0m[91mResolving software.intel.com (software.intel.com)... [0m[91m184.29.218.237, 2600:1405:7400:b85::1ea2, 2600:1405:7400:b83::1ea2
Connecting to software.intel.com (software.intel.com)|184.29.218.237|:443... [0m[91mconnected.
[0m[91mHTTP request sent, awaiting response... [0m[91m200 OK
Length: 36002884 (34M) [application/octet-stream]
[0m[91mSaving to: 'pin-3.15-98253-gb56e429b1-gcc-linux.tar.gz'

     0K ........[0m[91m.. ....[0m[91m...... ..........[0m[91m ....[0m[91m...... ..........  0% 1.29M 27s[0m[91m
    50K .......... ......[0m[91m.... ...[0m[91m....... .........[0m[91m. ..........  0% 1.94M 22s
   100K .....[0m[91m..... ...[0m[91m....... .[0m[91m....[0m[91m..... .......... .[0m[91m.........  0% 2.95M 19s
   150K .......[0m[91m... .....[0m[91m..... .......... .[0m[91m......... .......[0m[91m...  0% 5.93M 15s
   200K .....[0m[91m..... .......... .[0m[91m......... .......[0m[91m... ....[0m[91m......  0% 6.55M 13s
   250K ..[0m[91m........[0m[91m ........[0m[91m.. .......... ....[0m[91m...... ..[0m[91m........  0% 5.74M 12s
   300K ........[0m[91m.. .......... ....[0m[91m...... ..[0m[91m........ ........[0m[91m..  0% 7.47M 11s
   350K .......... ....[0m[91m...... ..[0m[91m........[0m[91m .......... ......[0m[91m....  1% 10.9M 10s
   400K .......... ..[0m[91m.......[0m[91m. .......... .....[0m[91m..... ..........  1% 18.0M 9s
   450K .[0m[91m........[0m[91m. .......... .....[0m[91m..... .......... .[0m[91m.........  1% 10.7M 8s
   500K ......[0m[91m.[0m[91m... .....[0m[91m..... ...[0m[91m....... .........[0m[91m. .......[0m[91m...  1% 13.2M 8s
   550K .......... ...[0m[91m....... .........[0m[91m. ......[0m[91m.... ..........  1% 15.3M 7s
   600K ..[0m[91m........ ........[0m[91m.. ......[0m[91m.... ....[0m[91m...... ..........  1% 18.3M 7s[0m[91m
   650K .......... ......[0m[91m.... ....[0m[91m...... ..........[0m[91m ..........  1% 17.7M 7s
   700K .....[0m[91m.[0m[91m.... ....[0m[91m...... ........[0m[91m..[0m[91m .......... ......[0m[91m....  2% 19.7M 6s
   750K ...[0m[91m....... .[0m[91m......... .......[0m[91m... .......... ...[0m[91m.......  2% 21.9M 6s
   800K .[0m[91m......... .......[0m[91m... .......... [0m[91m...[0m[91m....... .[0m[91m.........  2%[0m[91m 16.8M 6s
   850K .......[0m[91m... .......... ...[0m[91m....... .[0m[91m........[0m[91m. .......[0m[91m...  2% 26.0M 5s
   900K ...[0m[91m..[0m[91m..... .......... .[0m[91m.......[0m[91m.. .......... ....[0m[91m......  2% 27.2M 5s
   950K ..[0m[91m........[0m[91m ........[0m[91m.. .......... ....[0m[91m...... ..[0m[91m........  2% 29.2M 5s[0m[91m
  1000K ........[0m[91m.. ......[0m[91m.... ....[0m[91m...... ..[0m[91m........[0m[91m ........[0m[91m..  2% 20.7M 5s
  1050K ..[0m[91m....[0m[91m.... ....[0m[91m...... ..[0m[91m........[0m[91m ........[0m[91m.. .....[0m[91m.....  3% 2.45M 5s
  1100K .......... .[0m[91m......... .......[0m[91m... .....[0m[91m..... ...[0m[91m.......  3% 74.2M 5s
  1150K .........[0m[91m. .......[0m[91m... .....[0m[91m..... ...[0m[91m....... .[0m[91m........[0m[91m.  3% 57.9M 5s
  1200K .......[0m[91m... .....[0m[91m..... ...[0m[91m....... .[0m[91m........[0m[91m. .......[0m[91m...  3% 55.7M 5s
  1250K ..[0m[91m...[0m[91m..... ..[0m[91m........[0m[91m ........[0m[91m.. ......[0m[91m.... ....[0m[91m......  3% 53.5M 5s
  1300K ..[0m[91m........[0m[91m ........[0m[91m.. ......[0m[91m.... ....[0m[91m...... ..[0m[91m........  3% 53.3M 4s[0m[91m
  1350K ........[0m[91m.. ......[0m[91m.... ....[0m[91m...... ..[0m[91m........[0m[91m ........[0m[91m..  3% 42.7M 4s
  1400K ......[0m[91m.... ....[0m[91m...... ..[0m[91m........[0m[91m .......[0m[91m... .....[0m[91m.....  4% 45.7M 4s
  1450K ...[0m[91m....... .[0m[91m........[0m[91m. .......[0m[91m... .....[0m[91m..... ...[0m[91m.......  4% 52.7M 4s
  1500K .[0m[91m........[0m[91m. .......[0m[91m... .....[0m[91m..... ...[0m[91m....... .[0m[91m........[0m[91m.  4%  118M 4s
  1550K .......[0m[91m... .....[0m[91m..... ...[0m[91m....... .[0m[91m........[0m[91m. .......[0m[91m...  4% 51.1M 4s
  1600K ....[0m[91m...... ..[0m[91m........[0m[91m ........[0m[91m.. ......[0m[91m.... ....[0m[91m......  4% 54.5M 4s
  1650K ..[0m[91m........[0m[91m ........[0m[91m.. ......[0m[91m.... ....[0m[91m...... ..[0m[91m........  4% 48.5M 4s[0m[91m
  1700K ........[0m[91m.. ......[0m[91m.... ....[0m[91m...... ..[0m[91m........[0m[91m ..[0m[91m......[0m[91m..  4% 51.9M 3s
  1750K ......[0m[91m.... ....[0m[91m...... .[0m[91m........[0m[91m. .......[0m[91m... .....[0m[91m.....  5%  158M 3s
  1800K ...[0m[91m....... .[0m[91m........[0m[91m. .......[0m[91m... .....[0m[91m..... ...[0m[91m.......  5% 51.5M 3s
  1850K [0m[91m.[0m[91m........[0m[91m. .......[0m[91m... .....[0m[91m..... ...[0m[91m....... .[0m[91m........[0m[91m.  5% 49.1M 3s
  1900K .......[0m[91m... .....[0m[91m..... ...[0m[91m....... .[0m[91m........[0m[91m. ......[0m[91m....  5% 52.7M 3s
  1950K ....[0m[91m...... ..[0m[91m........[0m[91m ........[0m[91m.. ......[0m[91m.... ....[0m[91m......  5%  172M 3s
  2000K ..[0m[91m........[0m[91m ........[0m[91m.. ......[0m[91m.... ....[0m[91m...... ..[0m[91m........  5% 49.9M 3s[0m[91m
  2050K ........[0m[91m.. ......[0m[91m.... ....[0m[91m...... ..[0m[91m........[0m[91m ........[0m[91m..  5% 49.8M 3s
  2100K ......[0m[91m.... ...[0m[91m....... .[0m[91m........[0m[91m. .......[0m[91m... .....[0m[91m.....  6% 50.5M 3s
  2150K ...[0m[91m....... .[0m[91m........[0m[91m. .......[0m[91m... .....[0m[91m..... ...[0m[91m.......  6%  170M 3s
  2200K .[0m[91m........[0m[91m. .......[0m[91m... .....[0m[91m..... ...[0m[91m....... .[0m[91m........[0m[91m.  6% 6.91M 3s
  2250K .......[0m[91m... .....[0m[91m..... ...[0m[91m.......[0m[91m ........[0m[91m.. ......[0m[91m....  6% 69.0M 3s
  2300K ....[0m[91m...... ..[0m[91m........[0m[91m ........[0m[91m.. ......[0m[91m.... ....[0m[91m......  6% 60.0M 3s
  2350K ..[0m[91m........[0m[91m ........[0m[91m.. ......[0m[91m.... ....[0m[91m...... ..[0m[91m........  6% 58.9M 3s[0m[91m
  2400K ........[0m[91m.. ......[0m[91m.... ....[0m[91m...... ..[0m[91m........[0m[91m ........[0m[91m..  6%  141M 3s
  2450K .....[0m[91m..... ...[0m[91m....... .[0m[91m........[0m[91m. .......[0m[91m... .....[0m[91m.....  7% 47.5M 3s
  2500K ...[0m[91m....... .[0m[91m........[0m[91m. .......[0m[91m... .....[0m[91m..... ...[0m[91m.......  7% 52.4M 3s
  2550K .[0m[91m........[0m[91m. .......[0m[91m... .....[0m[91m..... ...[0m[91m....... .[0m[91m........[0m[91m.  7% 47.8M 3s
  2600K .......[0m[91m... .....[0m[91m..... ..[0m[91m........[0m[91m ........[0m[91m.. ......[0m[91m....  7% 59.2M 2s
  2650K ....[0m[91m...... ..[0m[91m........[0m[91m ........[0m[91m.. ......[0m[91m.... ....[0m[91m......  7%  139M 2s
  2700K ..[0m[91m........[0m[91m ........[0m[91m.. ......[0m[91m.... ....[0m[91m...... ..[0m[91m........  7% 50.4M 2s[0m[91m
  2750K ........[0m[91m.. ......[0m[91m.... ....[0m[91m...... ..[0m[91m.......[0m[91m. .......[0m[91m...  7% 49.2M 2s
  2800K .....[0m[91m..... ...[0m[91m....... .[0m[91m........[0m[91m. .......[0m[91m... .....[0m[91m.....  8% 50.5M 2s
  2850K ...[0m[91m....... .[0m[91m........[0m[91m. .......[0m[91m... .....[0m[91m..... ...[0m[91m.......  8% 54.5M 2s
  2900K .[0m[91m........[0m[91m. .......[0m[91m... .....[0m[91m..... ...[0m[91m....... .[0m[91m........[0m[91m.  8%  146M 2s
  2950K .......[0m[91m... ....[0m[91m...... ..[0m[91m........[0m[91m ........[0m[91m.. ......[0m[91m....  8% 50.3M 2s
  3000K ....[0m[91m...... ..[0m[91m........[0m[91m ........[0m[91m.. ......[0m[91m.... ....[0m[91m......  8% 55.4M 2s
  3050K ..[0m[91m........[0m[91m ........[0m[91m.. ......[0m[91m.... ....[0m[91m...... ..[0m[91m........  8% 61.5M 2s[0m[91m
  3100K ........[0m[91m.. ......[0m[91m.... ....[0m[91m...... .[0m[91m........[0m[91m. .......[0m[91m...  8% 56.3M 2s
  3150K .....[0m[91m..... ...[0m[91m....... .[0m[91m........[0m[91m. .......[0m[91m... .....[0m[91m.....  9%  162M 2s
  3200K ...[0m[91m....... .[0m[91m........[0m[91m. .......[0m[91m... .....[0m[91m..... ...[0m[91m.......  9% 64.0M 2s
  3250K .[0m[91m........[0m[91m. .......[0m[91m... .....[0m[91m..... ...[0m[91m....... .[0m[91m.......[0m[91m..  9% 59.4M 2s
  3300K ......[0m[91m.... ....[0m[91m...... ..[0m[91m........[0m[91m ........[0m[91m.. ......[0m[91m....  9% 66.2M 2s
  3350K ....[0m[91m...... ..[0m[91m........[0m[91m ........[0m[91m.. ......[0m[91m.... ....[0m[91m......  9%  174M 2s
  3400K ..[0m[91m........ ........[0m[91m.. ......[0m[91m.... ....[0m[91m...... ..[0m[91m........  9% 67.6M 2s[0m[91m
  3450K ........[0m[91m.. ......[0m[91m.... ...[0m[91m....... .[0m[91m........[0m[91m. .......[0m[91m...  9% 68.4M 2s
  3500K ....[0m[91m.[0m[91m..... ...[0m[91m....... .[0m[91m........[0m[91m. .......[0m[91m... .....[0m[91m..... 10% 73.2M 2s
  3550K ...[0m[91m....... .[0m[91m........[0m[91m. .......[0m[91m... .....[0m[91m..... ...[0m[91m....... 10%  158M 2s
  3600K .[0m[91m........[0m[91m. .......[0m[91m... .....[0m[91m..... ...[0m[91m.......[0m[91m ........[0m[91m.. 10% 75.9M 2s
  3650K ......[0m[91m.... .......... ..[0m[91m........[0m[91m ........[0m[91m.. ......[0m[91m.... 10% 74.4M 2s
  3700K ....[0m[91m...... ..[0m[91m........[0m[91m ........[0m[91m.. ......[0m[91m.... ....[0m[91m...... 10% 76.5M 2s
  3750K ..[0m[91m........[0m[91m ........[0m[91m.. ......[0m[91m.... ....[0m[91m...... ..[0m[91m........ 10% 79.4M 2s[0m[91m
  3800K .......[0m[91m... .....[0m[91m..... ...[0m[91m....... .[0m[91m........[0m[91m. .......[0m[91m... 10%  132M 2s
  3850K .....[0m[91m..... ...[0m[91m....... .[0m[91m........[0m[91m. .......[0m[91m... .....[0m[91m..... 11% 78.4M 2s
  3900K ...[0m[91m....... .[0m[91m........[0m[91m. .......[0m[91m... .....[0m[91m..... ...[0m[91m....... 11% 80.2M 2s
  3950K .[0m[91m........[0m[91m. .......[0m[91m... .....[0m[91m..... ..[0m[91m........[0m[91m ........[0m[91m.. 11% 70.1M 2s
  4000K ......[0m[91m.... ....[0m[91m...... ..[0m[91m........[0m[91m ........[0m[91m.. ......[0m[91m.... 11% 82.2M 2s
  4050K ....[0m[91m...... ..[0m[91m........[0m[91m ........[0m[91m.. ......[0m[91m.... ....[0m[91m...... 11%[0m[91m  153M 2s
  4100K ..[0m[91m........[0m[91m ........[0m[91m.. ......[0m[91m.... ....[0m[91m...... ..[0m[91m.......[0m[91m. 11% 68.2M 2s
  4150K .......[0m[91m... .....[0m[91m..... .......... .[0m[91m........[0m[91m. .......[0m[91m... 11% 79.2M 2s
  4200K .....[0m[91m..... ...[0m[91m....... .[0m[91m........[0m[91m. .......[0m[91m... .....[0m[91m..... 12%  131M 2s
  4250K ...[0m[91m....... .[0m[91m........[0m[91m. .......[0m[91m... .....[0m[91m..... ...[0m[91m....... 12%  133M 2s
  4300K .........[0m[91m. ......[0m[91m.... ....[0m[91m...... ..[0m[91m........[0m[91m ........[0m[91m.. 12%  148M 2s
  4350K ......[0m[91m.... ....[0m[91m...... ..[0m[91m........[0m[91m ........[0m[91m.. ......[0m[91m.... 12%  125M 2s
  4400K ....[0m[91m...... ..[0m[91m........[0m[91m .......... ......[0m[91m.... ....[0m[91m...... 12%  127M 2s
  4450K ..[0m[91m........[0m[91m ........[0m[91m.. ......[0m[91m.... ....[0m[91m...... .[0m[91m........[0m[91m. 12%  117M 2s
  4500K ......[0m[91m.[0m[91m... .....[0m[91m..... ...[0m[91m....... .[0m[91m........[0m[91m. .......[0m[91m... 12%  120M 2s
  4550K .....[0m[91m..... ...[0m[91m....... .[0m[91m........[0m[91m. .......[0m[91m... .....[0m[91m..... 13%  168M 1s
  4600K ...[0m[91m....... .[0m[91m........[0m[91m. .......[0m[91m... .....[0m[91m..... ...[0m[91m....... 13%  137M 1s
  4650K [0m[91m.[0m[91m.......[0m[91m.. ......[0m[91m.... ....[0m[91m...... ..[0m[91m........[0m[91m ........[0m[91m.. 13%  115M 1s
  4700K ....[0m[91m..[0m[91m.... ....[0m[91m...... ..[0m[91m........[0m[91m ........[0m[91m.. ......[0m[91m.... 13%  126M 1s
  4750K ....[0m[91m...... ..[0m[91m........[0m[91m ........[0m[91m.. ......[0m[91m.... ....[0m[91m...... 13%  166M 1s
  4800K ..[0m[91m........[0m[91m ........[0m[91m.. .....[0m[91m..... ...[0m[91m....... .[0m[91m........[0m[91m. 13%  137M 1s
  4850K .......[0m[91m... .....[0m[91m..... ...[0m[91m....... .[0m[91m........[0m[91m. .......[0m[91m... 13%  131M 1s
  4900K ..[0m[91m...[0m[91m..... ...[0m[91m....... .[0m[91m........[0m[91m. .......[0m[91m... .....[0m[91m..... 14%  111M 1s
  4950K ...[0m[91m....... .[0m[91m........[0m[91m. .......[0m[91m... .....[0m[91m..... ...[0m[91m....... 14%  155M 1s[0m[91m
  5000K ........[0m[91m.. ......[0m[91m.... ....[0m[91m...... ..[0m[91m........[0m[91m ........[0m[91m.. 14%  118M 1s
  5050K ......[0m[91m.... ....[0m[91m...... ..[0m[91m........[0m[91m ........[0m[91m.. ......[0m[91m.... 14%  145M 1s
  5100K ....[0m[91m...... ..[0m[91m........[0m[91m ........[0m[91m.. ......[0m[91m.... ....[0m[91m...... 14%  124M 1s
  5150K ..[0m[91m........[0m[91m .......[0m[91m... .....[0m[91m..... ...[0m[91m....... .[0m[91m........[0m[91m. 14%  124M 1s
  5200K .......[0m[91m... .....[0m[91m..... ...[0m[91m....... .[0m[91m........[0m[91m. .......[0m[91m... 14%  179M 1s
  5250K .....[0m[91m..... ...[0m[91m....... .[0m[91m........[0m[91m. .......[0m[91m... .....[0m[91m..... 15%  119M 1s[0m[91m
  5300K ...[0m[91m....... .[0m[91m........[0m[91m. .......[0m[91m... ....[0m[91m...... ..[0m[91m........ 15%  141M 1s[0m[91m
  5350K ........[0m[91m.. ......[0m[91m.... ....[0m[91m...... ..[0m[91m........[0m[91m ........[0m[91m.. 15%  112M 1s
  5400K ......[0m[91m.... ....[0m[91m...... ..[0m[91m........[0m[91m ........[0m[91m.. ......[0m[91m.... 15%  155M 1s
  5450K ..[0m[91m..[0m[91m...... ..[0m[91m........[0m[91m ........[0m[91m.. ......[0m[91m.... ....[0m[91m...... 15%  154M 1s
  5500K ..[0m[91m.......[0m[91m. .......[0m[91m... .....[0m[91m..... ...[0m[91m....... .[0m[91m........[0m[91m. 15%  114M 1s
  5550K .......[0m[91m... .....[0m[91m..... ...[0m[91m....... .[0m[91m........[0m[91m. .......[0m[91m... 15%  140M 1s
  5600K .....[0m[91m..... ...[0m[91m....... .[0m[91m........[0m[91m. .......[0m[91m... .....[0m[91m..... 16%  133M 1s[0m[91m
  5650K ...[0m[91m....... .[0m[91m........[0m[91m. ......[0m[91m.... ....[0m[91m...... ..[0m[91m........ 16%  146M 1s[0m[91m
  5700K ........[0m[91m.. ......[0m[91m.... ....[0m[91m...... ..[0m[91m........[0m[91m .......... 16%  134M 1s
  5750K [0m[91m......[0m[91m.... ....[0m[91m...... ..[0m[91m........[0m[91m ........[0m[91m.. ......[0m[91m.... 16%  136M 1s
  5800K ....[0m[91m...... ..[0m[91m........[0m[91m .......... ......[0m[91m.... ...[0m[91m....... 16%  147M 1s
  5850K .[0m[91m........[0m[91m. .......[0m[91m... .....[0m[91m..... ...[0m[91m....... .[0m[91m........[0m[91m. 16%  105M 1s
  5900K .......[0m[91m... .....[0m[91m..... ...[0m[91m....... .[0m[91m......... .......[0m[91m... 16%  153M 1s
  5950K .....[0m[91m..... ...[0m[91m....... .[0m[91m........[0m[91m. .......[0m[91m... .....[0m[91m..... 17%  153M 1s
  6000K ...[0m[91m....... .[0m[91m.......[0m[91m.. ......[0m[91m.... ....[0m[91m...... ..[0m[91m........ 17%  130M 1s[0m[91m
  6050K ........[0m[91m.. ......[0m[91m.... ....[0m[91m...... ..[0m[91m........[0m[91m ........[0m[91m.. 17%  131M 1s
  6100K ......[0m[91m.... ....[0m[91m...... ..[0m[91m........[0m[91m ........[0m[91m.. ......[0m[91m.... 17% 9.91M 1s
  6150K ....[0m[91m...... ..[0m[91m........[0m[91m ........[0m[91m.. .....[0m[91m..... ...[0m[91m....... 17%  159M 1s
  6200K .[0m[91m........[0m[91m. .......[0m[91m... .....[0m[91m..... ...[0m[91m....... .[0m[91m........[0m[91m. 17%  123M 1s
  6250K .......[0m[91m.[0m[91m.. .....[0m[91m..... ...[0m[91m....... .[0m[91m........[0m[91m. .......[0m[91m... 17%  161M 1s
  6300K .....[0m[91m..... ...[0m[91m....... .[0m[91m........[0m[91m. .......[0m[91m... .....[0m[91m..... 18%  161M 1s
  6350K ..[0m[91m........[0m[91m ........[0m[91m.. ......[0m[91m.... ....[0m[91m...... ..[0m[91m........ 18%  166M 1s[0m[91m
  6400K ........[0m[91m.. ......[0m[91m.... ....[0m[91m...... ..[0m[91m........[0m[91m ........[0m[91m.. 18%  132M 1s
  6450K [0m[91m......[0m[91m.... .......... ..[0m[91m........[0m[91m ........[0m[91m.. ......[0m[91m.... 18%  150M 1s
  6500K ....[0m[91m...... ..[0m[91m........[0m[91m .......[0m[91m... .....[0m[91m..... ...[0m[91m....... 18%  152M 1s
  6550K .[0m[91m........[0m[91m. .......[0m[91m... .....[0m[91m..... ...[0m[91m....... .......... 18%  147M 1s
  6600K .......[0m[91m... .....[0m[91m..... ...[0m[91m....... .[0m[91m........[0m[91m. .......[0m[91m... 18%  165M 1s
  6650K .......... .......... .[0m[91m........[0m[91m. .......[0m[91m... ....[0m[91m...... 19%  172M 1s
  6700K ..[0m[91m........[0m[91m ........[0m[91m.. ......[0m[91m.... ....[0m[91m...... ..[0m[91m........ 19%  157M 1s[0m[91m
  6750K ........[0m[91m.. ......[0m[91m.... ....[0m[91m...... ..[0m[91m........[0m[91m ........[0m[91m.. 19%  140M 1s
  6800K ......[0m[91m.... ....[0m[91m...... ..[0m[91m........[0m[91m ........[0m[91m.. ......[0m[91m.... 19%  173M 1s
  6850K ....[0m[91m...... .[0m[91m........[0m[91m. .......[0m[91m... .....[0m[91m..... ...[0m[91m....... 19%  164M 1s
  6900K .[0m[91m........[0m[91m. .......[0m[91m... .....[0m[91m..... ...[0m[91m....... .[0m[91m........[0m[91m. 19%  140M 1s
  6950K .......[0m[91m... .....[0m[91m..... ...[0m[91m....... .[0m[91m........[0m[91m. .......[0m[91m... 19%  160M 1s
  7000K .....[0m[91m..... ...[0m[91m....... .[0m[91m........[0m[91m. ......[0m[91m.... ....[0m[91m...... 20%  169M 1s
  7050K ..[0m[91m........[0m[91m ........[0m[91m.. ......[0m[91m.... .......... ..[0m[91m........ 20%  149M 1s[0m[91m
  7100K ........[0m[91m.. ......[0m[91m.... ....[0m[91m...... ..[0m[91m........[0m[91m ........[0m[91m.. 20%  138M 1s
  7150K .[0m[91m.....[0m[91m.... ....[0m[91m...... ..[0m[91m........[0m[91m .......... .......... 20%  161M 1s
  7200K ...[0m[91m....... .[0m[91m........[0m[91m. .......[0m[91m... .....[0m[91m..... ...[0m[91m....... 20%  179M 1s
  7250K .[0m[91m........[0m[91m. .......[0m[91m... .....[0m[91m..... ...[0m[91m....... .[0m[91m........[0m[91m. 20%  134M 1s
  7300K .......[0m[91m... .....[0m[91m..... ...[0m[91m....... .[0m[91m........[0m[91m. .......[0m[91m... 20%  155M 1s
  7350K .....[0m[91m..... ...[0m[91m.......[0m[91m ........[0m[91m.. ......[0m[91m.... ....[0m[91m...... 21%  152M 1s
  7400K ..[0m[91m........[0m[91m ........[0m[91m.. ......[0m[91m.... ....[0m[91m...... ..[0m[91m........ 21%  152M[0m[91m 1s[0m[91m
  7450K ........[0m[91m.. ......[0m[91m.... ....[0m[91m...... .......... ........[0m[91m.. 21%  138M 1s
  7500K ......[0m[91m.... ....[0m[91m...... ..[0m[91m........[0m[91m ........[0m[91m.. .....[0m[91m..... 21%[0m[91m  159M 1s
  7550K ...[0m[91m....... .[0m[91m........[0m[91m. .......[0m[91m... .....[0m[91m..... ...[0m[91m....... 21%  155M 1s
  7600K .[0m[91m........[0m[91m. .......[0m[91m... .....[0m[91m..... .......... .[0m[91m........[0m[91m. 21%  135M 1s
  7650K .......[0m[91m... .....[0m[91m..... ...[0m[91m....... .[0m[91m........[0m[91m. .......[0m[91m... 21%  154M 1s
  7700K ..[0m[91m...[0m[91m..... ..[0m[91m........[0m[91m ........[0m[91m.. ......[0m[91m.... ....[0m[91m...... 22%  167M 1s
  7750K ..[0m[91m........[0m[91m .......... [0m[91m......[0m[91m.... ....[0m[91m...... ..[0m[91m........ 22%  115M 1s[0m[91m
  7800K ........[0m[91m.. ......[0m[91m.... ....[0m[91m...... ..[0m[91m........[0m[91m ........[0m[91m.. 22%  137M 1s
  7850K ......[0m[91m.... ....[0m[91m...... ..[0m[91m.......[0m[91m. .......[0m[91m... .......... 22% 17.2M 1s
  7900K ...[0m[91m....... .[0m[91m........[0m[91m. .......[0m[91m... .....[0m[91m..... ...[0m[91m....... 22% 76.6M 1s
  7950K .[0m[91m........[0m[91m. .......[0m[91m... .....[0m[91m..... ...[0m[91m....... .[0m[91m........[0m[91m. 22% 96.5M 1s
  8000K .......[0m[91m... .....[0m[91m..... ...[0m[91m....... .[0m[91m........[0m[91m. .......[0m[91m... 22%  166M 1s
  8050K ....[0m[91m...... ..[0m[91m........[0m[91m ........[0m[91m.. ......[0m[91m.... ....[0m[91m...... 23%  147M 1s
  8100K ..[0m[91m........[0m[91m ........[0m[91m.. ......[0m[91m.... ....[0m[91m...... ..[0m[91m........ 23%  153M 1s[0m[91m
  8150K .......... ......[0m[91m.... ....[0m[91m...... ..[0m[91m........[0m[91m ........[0m[91m.. 23%  134M 1s
  8200K ......[0m[91m.... ....[0m[91m...... .[0m[91m........[0m[91m. .......[0m[91m... .....[0m[91m..... 23%  167M 1s
  8250K .[0m[91m..[0m[91m....... .[0m[91m........[0m[91m. .......[0m[91m... .....[0m[91m..... ...[0m[91m....... 23%[0m[91m  156M 1s
  8300K[0m[91m .[0m[91m........[0m[91m. .......[0m[91m... .....[0m[91m..... ...[0m[91m....... .[0m[91m........[0m[91m. 23% 76.9M 1s
  8350K .....[0m[91m..[0m[91m... .....[0m[91m..... ...[0m[91m.[0m[91m...... .[0m[91m.......[0m[91m.. ......[0m[91m.... 23%  137M 1s
  8400K ....[0m[91m...... ..[0m[91m........[0m[91m ........[0m[91m.. ......[0m[91m.... ....[0m[91m...... 24%[0m[91m  159M 1s
  8450K ..........[0m[91m ........[0m[91m.. ......[0m[91m.... ....[0m[91m...... ..[0m[91m........ 24%  156M 1s[0m[91m
  8500K ........[0m[91m.. ......[0m[91m.... ....[0m[91m...... ..[0m[91m........[0m[91m ........[0m[91m.. 24%  128M 1s
  8550K ......[0m[91m.... ...[0m[91m....... .[0m[91m........[0m[91m. .......[0m[91m... .....[0m[91m..... 24%  186M 1s
  8600K ...[0m[91m....... .[0m[91m........[0m[91m. .......[0m[91m... .....[0m[91m..... ...[0m[91m....... 24%  157M 1s
  8650K .[0m[91m........[0m[91m. .......[0m[91m... .....[0m[91m..... ...[0m[91m....... .[0m[91m........[0m[91m. 24%  148M 1s
  8700K .......[0m[91m... .....[0m[91m..... ...[0m[91m.......[0m[91m ........[0m[91m.. ......[0m[91m.... 24%  164M 1s
  8750K ....[0m[91m...... ..[0m[91m........[0m[91m ........[0m[91m.. ......[0m[91m.... ....[0m[91m...... 25%  161M 1s
  8800K ..[0m[91m........[0m[91m ........[0m[91m.. ......[0m[91m.... ....[0m[91m...... ..[0m[91m........ 25%  169M 1s[0m[91m
  8850K ........[0m[91m.. ......[0m[91m.... ....[0m[91m...... ..[0m[91m........[0m[91m .......[0m[91m... 25%  135M 1s
  8900K ...[0m[91m..[0m[91m..... ...[0m[91m....... .[0m[91m........[0m[91m. .......[0m[91m... .....[0m[91m..... 25%  160M 1s
  8950K ...[0m[91m....... .[0m[91m........[0m[91m. .......[0m[91m... .....[0m[91m..... ...[0m[91m....... 25%  162M 1s
  9000K .[0m[91m........[0m[91m. .......[0m[91m... .....[0m[91m..... ...[0m[91m....... .[0m[91m........[0m[91m. 25%  143M 1s
  9050K .......[0m[91m... .....[0m[91m..... ..[0m[91m........[0m[91m ........[0m[91m.. ......[0m[91m.... 25%  190M 1s
  9100K ....[0m[91m...... ..[0m[91m........[0m[91m ........[0m[91m.. ......[0m[91m.... ....[0m[91m...... 26% 16.1M 1s
  9150K ..[0m[91m........[0m[91m ........[0m[91m.. ......[0m[91m.... ....[0m[91m...... ..[0m[91m........ 26%  160M 1s[0m[91m
  9200K ........[0m[91m.. ......[0m[91m.... ....[0m[91m...... ..[0m[91m.......[0m[91m. .......[0m[91m... 26%  132M 1s
  9250K .....[0m[91m..... ...[0m[91m....... .[0m[91m........[0m[91m. .......[0m[91m... .....[0m[91m..... 26%  170M 1s
  9300K ...[0m[91m....... .[0m[91m........[0m[91m. .......... .....[0m[91m..... ...[0m[91m....... 26%  156M 1s
  9350K .........[0m[91m. .......[0m[91m... .....[0m[91m..... ...[0m[91m....... .[0m[91m........[0m[91m. 26%  144M 1s
  9400K .......... ....[0m[91m...... ..[0m[91m........[0m[91m ........[0m[91m.. ......[0m[91m.... 26%  174M 1s
  9450K ....[0m[91m...... ..[0m[91m........[0m[91m ........[0m[91m.. ......[0m[91m.... ....[0m[91m...... 27%  166M 1s
  9500K ..[0m[91m........[0m[91m ........[0m[91m.. ......[0m[91m.... ....[0m[91m...... ..[0m[91m........ 27%  156M 1s[0m[91m
  9550K ........[0m[91m.. ......[0m[91m.... .......... .......... .......... 27% 21.8M 1s
  9600K .....[0m[91m..... ...[0m[91m....... .[0m[91m........[0m[91m. .......[0m[91m... .....[0m[91m..... 27%  176M 1s
  9650K .......... .[0m[91m........[0m[91m. .......[0m[91m... .....[0m[91m..... ...[0m[91m....... 27%  149M 1s
  9700K .[0m[91m........[0m[91m. .......[0m[91m... .....[0m[91m..... .......... .[0m[91m.......[0m[91m.. 27%  140M 1s
  9750K ......[0m[91m.... ....[0m[91m...... ..[0m[91m........[0m[91m ........[0m[91m.. .......... 27%  144M 1s
  9800K ....[0m[91m...... ..[0m[91m........[0m[91m ........[0m[91m.. ......[0m[91m.... ....[0m[91m...... 28%  153M 1s
  9850K ..[0m[91m........[0m[91m ........[0m[91m.. ......[0m[91m.... ....[0m[91m...... ..[0m[91m........ 28%  153M 1s[0m[91m
  9900K ........[0m[91m.. .....[0m[91m..... ...[0m[91m....... .[0m[91m........[0m[91m. .......[0m[91m... 28%  139M 1s
  9950K .....[0m[91m..... ...[0m[91m....... .[0m[91m........[0m[91m. .......[0m[91m... .....[0m[91m..... 28%  146M 1s
 10000K ...[0m[91m....... .[0m[91m........[0m[91m. .......[0m[91m... .....[0m[91m..... ...[0m[91m....... 28%  144M 1s
 10050K .[0m[91m........[0m[91m. .......[0m[91m... .....[0m[91m..... ...[0m[91m.......[0m[91m ........[0m[91m.. 28%  137M 1s
 10100K [0m[91m......[0m[91m.... .......... .[0m[91m.[0m[91m........[0m[91m ........[0m[91m.. ......[0m[91m.... 28%  139M 1s
 10150K ....[0m[91m...... ..[0m[91m........[0m[91m ........[0m[91m.. ......[0m[91m.... ....[0m[91m...... 29%  156M 1s
 10200K[0m[91m ..[0m[91m........[0m[91m ........[0m[91m.. ......[0m[91m.... ....[0m[91m...... ..[0m[91m........ 29%  165M 1s[0m[91m
 10250K .....[0m[91m..[0m[91m... .....[0m[91m..... ...[0m[91m....... .[0m[91m......... .......[0m[91m... 29%  128M 1s
 10300K .....[0m[91m..... ...[0m[91m....... .[0m[91m......... .......[0m[91m... .....[0m[91m..... 29%  158M 1s
 10350K ...[0m[91m....... .[0m[91m........[0m[91m. .......[0m[91m... .....[0m[91m..... ...[0m[91m....... 29%  155M 1s
 10400K .[0m[91m........[0m[91m. .......[0m[91m... ....[0m[91m...... ..[0m[91m........[0m[91m ........[0m[91m.. 29%  139M 1s
 10450K ......[0m[91m.... ....[0m[91m...... ..[0m[91m........[0m[91m ........[0m[91m.. ......[0m[91m.... 29%  180M 1s
 10500K ....[0m[91m...... ..[0m[91m........[0m[91m ........[0m[91m.. ......[0m[91m.... ....[0m[91m...... 30%  158M 1s
 10550K ..[0m[91m........[0m[91m ........[0m[91m.. ......[0m[91m.... ....[0m[91m...... ..[0m[91m.......[0m[91m. 30%  139M 1s
 10600K .......[0m[91m... .....[0m[91m..... ...[0m[91m....... .[0m[91m........[0m[91m. .......[0m[91m... 30%  168M 1s
 10650K .....[0m[91m..... ...[0m[91m....... .[0m[91m........[0m[91m. .......[0m[91m... .....[0m[91m..... 30%  163M 1s
 10700K [0m[91m...[0m[91m....... .[0m[91m........[0m[91m. .......[0m[91m... .....[0m[91m..... ...[0m[91m....... 30%  147M 1s
 10750K .[0m[91m........[0m[91m. ......[0m[91m.... ....[0m[91m...... ..[0m[91m........[0m[91m ........[0m[91m.. 30%  139M 1s
 10800K ......[0m[91m.... ....[0m[91m...... ..[0m[91m........[0m[91m ........[0m[91m.. ......[0m[91m.... 30%  164M 1s
 10850K ....[0m[91m...... ..[0m[91m........[0m[91m ........[0m[91m.. ......[0m[91m.... ....[0m[91m...... 31% 62.6M 1s
 10900K ..[0m[91m........[0m[91m ........[0m[91m.. ......[0m[91m.... ...[0m[91m....... .[0m[91m........[0m[91m. 31% 85.4M 1s
 10950K .......[0m[91m... .....[0m[91m..... ...[0m[91m....... .[0m[91m........[0m[91m. .......[0m[91m... 31%  161M 1s
 11000K .....[0m[91m..... ...[0m[91m....... .[0m[91m........[0m[91m. .......[0m[91m... .....[0m[91m..... 31%  168M 1s
 11050K ...[0m[91m....... .........[0m[91m. .......[0m[91m... .....[0m[91m..... ...[0m[91m....... 31%  158M 1s
 11100K .[0m[91m......... ......[0m[91m.... ....[0m[91m...... ..[0m[91m........[0m[91m ........[0m[91m.. 31%  126M 1s
 11150K ......[0m[91m.... ....[0m[91m...... ..[0m[91m........[0m[91m ........[0m[91m.. ......[0m[91m.... 31%  169M 1s
 11200K ....[0m[91m...... ..[0m[91m........[0m[91m ........[0m[91m.. ......[0m[91m.... ....[0m[91m...... 31%  162M 1s
 11250K .[0m[91m.[0m[91m........[0m[91m ........[0m[91m.. .....[0m[91m..... ...[0m[91m....... .[0m[91m........[0m[91m. 32%  140M 1s
 11300K .......[0m[91m... .....[0m[91m..... ...[0m[91m....... .[0m[91m........[0m[91m. .......[0m[91m... 32% 91.9M 1s
 11350K .....[0m[91m..... ...[0m[91m....... .[0m[91m........[0m[91m. .......[0m[91m... .....[0m[91m..... 32%  134M 1s
 11400K ...[0m[91m....... .[0m[91m........[0m[91m. .......[0m[91m... .....[0m[91m..... ..[0m[91m........ 32%  162M 1s[0m[91m
 11450K ........[0m[91m.. ......[0m[91m.... ....[0m[91m...... ..[0m[91m........[0m[91m ........[0m[91m.. 32%  150M 1s
 11500K ......[0m[91m.... ....[0m[91m...... ..[0m[91m........[0m[91m ........[0m[91m.. ......[0m[91m.... 32%  154M 1s
 11550K ....[0m[91m...... ..[0m[91m........[0m[91m ........[0m[91m.. ......[0m[91m.... ....[0m[91m...... 32%  151M 1s
 11600K ..[0m[91m........[0m[91m .......[0m[91m... .....[0m[91m..... ...[0m[91m....... .[0m[91m........[0m[91m. 33%  111M 1s
 11650K .......[0m[91m... .....[0m[91m..... ...[0m[91m....... .[0m[91m........[0m[91m. .......[0m[91m... 33%  154M 1s
 11700K .....[0m[91m..... ...[0m[91m....... .[0m[91m........[0m[91m. .......[0m[91m... .....[0m[91m..... 33%  164M 1s
 11750K .[0m[91m..[0m[91m....... .[0m[91m......... .......[0m[91m... ....[0m[91m...... ..[0m[91m........ 33%  151M 1s[0m[91m
 11800K ........[0m[91m.. ......[0m[91m.... ....[0m[91m...... ..[0m[91m........[0m[91m ........[0m[91m.. 33%  122M 1s
 11850K ......[0m[91m.... ....[0m[91m...... ..[0m[91m........[0m[91m ........[0m[91m.. .......... 33%[0m[91m 10.6M 1s
 11900K ....[0m[91m...... ..[0m[91m........ .......[0m[91m.[0m[91m.. ......[0m[91m.... ....[0m[91m...... 33%  139M 1s
 11950K .[0m[91m........[0m[91m. .......... .....[0m[91m..... ...[0m[91m....... .[0m[91m........[0m[91m. 34%  127M 1s
 12000K .......[0m[91m... .....[0m[91m..... ...[0m[91m....... .[0m[91m........[0m[91m. .......[0m[91m... 34%  158M 1s
 12050K .....[0m[91m..... ...[0m[91m....... .[0m[91m........[0m[91m. .......[0m[91m... .....[0m[91m..... 34%  154M 1s
 12100K ...[0m[91m....... .[0m[91m........[0m[91m. ......[0m[91m.... ....[0m[91m...... ..[0m[91m........ 34%  157M 1s[0m[91m
 12150K ........[0m[91m.. ......[0m[91m.... ....[0m[91m...... ..[0m[91m........[0m[91m ........[0m[91m.. 34%  142M 1s
 12200K ......[0m[91m.... ....[0m[91m...... ..[0m[91m........[0m[91m ........[0m[91m.. ......[0m[91m.... 34%  152M 1s
 12250K ....[0m[91m...... ..[0m[91m........[0m[91m ........[0m[91m.. ......[0m[91m.... ...[0m[91m....... 34%  170M 1s
 12300K .[0m[91m........[0m[91m. .......[0m[91m... .....[0m[91m..... ...[0m[91m....... .[0m[91m........[0m[91m. 35%  139M 1s
 12350K ......[0m[91m.[0m[91m... .....[0m[91m..... ...[0m[91m....... .[0m[91m........[0m[91m. .......[0m[91m... 35%  161M 1s
 12400K .....[0m[91m..... ...[0m[91m....... .[0m[91m........[0m[91m. .......[0m[91m... .....[0m[91m..... 35%  181M 1s
 12450K[0m[91m ...[0m[91m.......[0m[91m ........[0m[91m.. ......[0m[91m.... ....[0m[91m...... ..[0m[91m........ 35%  176M 1s[0m[91m
 12500K ........[0m[91m.. ......[0m[91m.... ....[0m[91m...... ..[0m[91m........[0m[91m ........[0m[91m.. 35% 49.0M 1s
 12550K ......[0m[91m.... ....[0m[91m...... ..[0m[91m........[0m[91m ........[0m[91m.. .......... 35%[0m[91m  145M 1s
 12600K ....[0m[91m...... ..[0m[91m........[0m[91m ........[0m[91m.. .....[0m[91m..... ...[0m[91m....... 35%  152M 1s
 12650K .[0m[91m........[0m[91m. .......[0m[91m... .....[0m[91m..... ...[0m[91m....... .[0m[91m........[0m[91m. 36%  132M 1s
 12700K ..[0m[91m.....[0m[91m... .....[0m[91m..... ...[0m[91m....... .[0m[91m........[0m[91m. .......[0m[91m... 36%  169M 1s
 12750K .....[0m[91m..... ...[0m[91m....... .[0m[91m......... .......[0m[91m... .....[0m[91m..... 36%  165M 1s
 12800K ..[0m[91m........[0m[91m ........[0m[91m.. ......[0m[91m.... ....[0m[91m...... .......... 36%  167M 1s[0m[91m
 12850K ........[0m[91m.. ......[0m[91m.... ....[0m[91m...... ..[0m[91m........[0m[91m ........[0m[91m.. 36%  144M 1s
 12900K ......[0m[91m.... ....[0m[91m...... ..[0m[91m........[0m[91m .......... ......[0m[91m.... 36%  159M 1s
 12950K ....[0m[91m...... ..[0m[91m.......[0m[91m. .......[0m[91m... .....[0m[91m..... ...[0m[91m....... 36%  138M 1s
 13000K .[0m[91m......... .......[0m[91m... .....[0m[91m..... ...[0m[91m....... .[0m[91m........[0m[91m. 37%  135M 1s
 13050K ...[0m[91m....[0m[91m... .......... ...[0m[91m....... .[0m[91m........[0m[91m. .......[0m[91m... 37%  171M 1s
 13100K .....[0m[91m..... .......... .[0m[91m........[0m[91m. .......... ....[0m[91m...... 37%  167M 1s
 13150K ..[0m[91m........[0m[91m .......... ......[0m[91m.... ....[0m[91m...... ..[0m[91m........ 37%  147M 0s[0m[91m
 13200K ........[0m[91m.. ......[0m[91m.... ....[0m[91m...... ..[0m[91m........ ........[0m[91m.. 37%  139M 0s
 13250K ......[0m[91m.... ....[0m[91m...... ..[0m[91m........[0m[91m ........[0m[91m.. ......[0m[91m.... 37%  152M 0s
 13300K ....[0m[91m...... .[0m[91m........[0m[91m. .......[0m[91m... .....[0m[91m..... ...[0m[91m....... 37%  158M 0s
 13350K .[0m[91m........[0m[91m. .......[0m[91m... .....[0m[91m..... ...[0m[91m....... .[0m[91m........[0m[91m. 38%  132M 0s
 13400K .......[0m[91m... .....[0m[91m..... ...[0m[91m....... .[0m[91m........[0m[91m. .......[0m[91m... 38%  157M 0s
 13450K .....[0m[91m..... ...[0m[91m....... .[0m[91m.......[0m[91m.. ......[0m[91m.... ....[0m[91m...... 38%  163M 0s
 13500K ..[0m[91m........[0m[91m ........[0m[91m.. ......[0m[91m.... ....[0m[91m...... ..[0m[91m........ 38%  147M 0s[0m[91m
 13550K ........[0m[91m.. ......[0m[91m.... ....[0m[91m...... ..[0m[91m........[0m[91m ........[0m[91m.. 38%  150M 0s
 13600K ......[0m[91m.... ....[0m[91m...... ..[0m[91m........[0m[91m ........[0m[91m.. ......[0m[91m.... 38%  174M 0s
 13650K ...[0m[91m....... .[0m[91m........[0m[91m. .......[0m[91m... .....[0m[91m..... ...[0m[91m....... 38% 25.4M 0s
 13700K .[0m[91m........[0m[91m. .......[0m[91m... .....[0m[91m..... ...[0m[91m....... .[0m[91m........[0m[91m. 39%  130M 0s
 13750K .......[0m[91m... .....[0m[91m..... .....[0m[91m..... .[0m[91m........[0m[91m. .......[0m[91m... 39%  148M 0s
 13800K .....[0m[91m..... ..........[0m[91m ........[0m[91m.. ......[0m[91m.... ....[0m[91m...... 39%  175M 0s
 13850K ..[0m[91m........[0m[91m ........[0m[91m.. ......[0m[91m.... ...[0m[91m.[0m[91m...... ..[0m[91m........ 39%  165M 0s[0m[91m
 13900K ........[0m[91m.. ......[0m[91m.... ....[0m[91m...... ..[0m[91m........[0m[91m ........[0m[91m.. 39%  127M 0s
 13950K ......[0m[91m.... ....[0m[91m...... ..[0m[91m........[0m[91m .......[0m[91m... .....[0m[91m..... 39%  146M 0s
 14000K ...[0m[91m....... .[0m[91m........[0m[91m. .......[0m[91m... .....[0m[91m..... ...[0m[91m....... 39%  179M 0s
 14050K .[0m[91m........[0m[91m. .......[0m[91m... .....[0m[91m..... ...[0m[91m....... .[0m[91m........[0m[91m. 40%  137M 0s
 14100K .......[0m[91m... .....[0m[91m..... ...[0m[91m....... .[0m[91m........[0m[91m. .......[0m[91m... 40%  165M 0s
 14150K .....[0m[91m..... ..[0m[91m........[0m[91m ........[0m[91m.. ......[0m[91m.... ....[0m[91m...... 40%  161M 0s
 14200K ..[0m[91m........[0m[91m ........[0m[91m.. ......[0m[91m.... ....[0m[91m...... ..[0m[91m........ 40%  161M 0s[0m[91m
 14250K ........[0m[91m.. ......[0m[91m.... ....[0m[91m...... ..[0m[91m........[0m[91m ........[0m[91m.. 40%  134M 0s
 14300K ......[0m[91m.... .......... ..[0m[91m.......[0m[91m. .......[0m[91m... .....[0m[91m..... 40%  160M 0s
 14350K ...[0m[91m....... .[0m[91m........[0m[91m. .......[0m[91m... .......... ...[0m[91m....... 40%  157M 0s
 14400K .[0m[91m........[0m[91m. .......[0m[91m... .....[0m[91m..... ...[0m[91m....... .[0m[91m........[0m[91m. 41%  141M 0s
 14450K .......[0m[91m... .....[0m[91m..... ...[0m[91m....... .[0m[91m........[0m[91m. ......[0m[91m.... 41%  164M 0s
 14500K ..[0m[91m..[0m[91m...... ..[0m[91m........[0m[91m ........[0m[91m.. ......[0m[91m.... ....[0m[91m...... 41%  166M 0s
 14550K ..[0m[91m........[0m[91m .......... ......[0m[91m.... .......... .......... 41% 8.10M 0s[0m[91m
 14600K .......... .......... ........[0m[91m.. .........[0m[91m.[0m[91m .......... 41%  115M 0s
 14650K ......[0m[91m.... ....[0m[91m...... .[0m[91m........[0m[91m. .......[0m[91m... .......... 41%  165M 0s
 14700K .......... .[0m[91m......... .......... .....[0m[91m..... ...[0m[91m....... 41%  148M 0s
 14750K .[0m[91m........[0m[91m. .......[0m[91m... .....[0m[91m..... ...[0m[91m....... .[0m[91m........[0m[91m. 42%  112M 0s
 14800K .......[0m[91m... .....[0m[91m..... ...[0m[91m....... .[0m[91m.......[0m[91m.. .......... 42%  149M 0s[0m[91m
 14850K ....[0m[91m...... ..[0m[91m........[0m[91m ........[0m[91m.. ......[0m[91m.... ....[0m[91m...... 42%  164M 0s
 14900K [0m[91m..[0m[91m........[0m[91m ........[0m[91m.. ......[0m[91m.... ....[0m[91m...... ..[0m[91m........ 42%  169M 0s[0m[91m
 14950K ........[0m[91m.. ......[0m[91m.... ....[0m[91m...... ..[0m[91m........[0m[91m ........[0m[91m.. 42%  143M 0s
 15000K .....[0m[91m..... ...[0m[91m....... .[0m[91m........[0m[91m. .......[0m[91m... .....[0m[91m..... 42%  172M 0s
 15050K ...[0m[91m....... .[0m[91m........[0m[91m. .......[0m[91m... .....[0m[91m..... ...[0m[91m....... 42%  166M 0s
 15100K .[0m[91m........[0m[91m. .......[0m[91m... .....[0m[91m..... ...[0m[91m....... .[0m[91m........[0m[91m. 43%  149M 0s
 15150K .......[0m[91m... .....[0m[91m..... ...[0m[91m.......[0m[91m ........[0m[91m.. ......[0m[91m.... 43%  144M 0s
 15200K ....[0m[91m...... ..[0m[91m........[0m[91m ........[0m[91m.. .......... ..[0m[91m..[0m[91m...... 43%  163M 0s
 15250K ..[0m[91m........ ........[0m[91m.. ......[0m[91m.... ....[0m[91m...... ..[0m[91m........ 43%  147M[0m[91m 0s[0m[91m
 15300K ........[0m[91m.. ......[0m[91m.... ....[0m[91m...... ..[0m[91m........[0m[91m .......[0m[91m... 43%  124M 0s
 15350K .....[0m[91m..... ...[0m[91m....... .[0m[91m........[0m[91m. .......[0m[91m... .....[0m[91m..... 43%  161M 0s
 15400K ...[0m[91m....... .[0m[91m........[0m[91m. .......[0m[91m... .....[0m[91m..... ...[0m[91m....... 43%  167M 0s
 15450K .[0m[91m........[0m[91m. .......[0m[91m... .....[0m[91m..... .......... .[0m[91m......... 44%  160M 0s
 15500K .......[0m[91m... ....[0m[91m...... ..[0m[91m........[0m[91m ........[0m[91m.. ......[0m[91m.... 44%  162M 0s
 15550K .......... ..[0m[91m........[0m[91m ........[0m[91m.. ......[0m[91m.... ....[0m[91m...... 44%  163M 0s
 15600K ..[0m[91m........[0m[91m ........[0m[91m.. ......[0m[91m.... ....[0m[91m...... ..[0m[91m........[0m[91m 44%  163M 0s[0m[91m
 15650K ........[0m[91m.. ......[0m[91m.... ....[0m[91m...... ..[0m[91m.......[0m[91m. .......[0m[91m... 44%  148M 0s
 15700K .....[0m[91m..... ...[0m[91m....... .[0m[91m........[0m[91m. .......[0m[91m... .....[0m[91m..... 44%  145M 0s
 15750K ...[0m[91m....... .[0m[91m........[0m[91m. .......[0m[91m... .....[0m[91m..... ...[0m[91m....... 44%  167M 0s
 15800K .[0m[91m........[0m[91m. .......[0m[91m... .....[0m[91m..... ...[0m[91m....... .[0m[91m........[0m[91m. 45%  139M 0s
 15850K ......[0m[91m.... .......... ..[0m[91m........[0m[91m ........[0m[91m.. ......[0m[91m.... 45% 72.6M[0m[91m 0s
 15900K ..[0m[91m..[0m[91m...... ..[0m[91m........[0m[91m ........[0m[91m.. ......[0m[91m.... ....[0m[91m...... 45%  113M 0s
 15950K[0m[91m ..[0m[91m........[0m[91m ........[0m[91m.. ......[0m[91m.... ....[0m[91m...... ..[0m[91m........ 45%  141M 0s[0m[91m
 16000K ........[0m[91m.. ......[0m[91m.... ...[0m[91m....... .[0m[91m........[0m[91m. .......[0m[91m... 45%  144M 0s
 16050K .....[0m[91m..... ...[0m[91m....... .[0m[91m........[0m[91m. .......[0m[91m... .....[0m[91m..... 45%  153M 0s
 16100K ...[0m[91m....... .[0m[91m........[0m[91m. .......[0m[91m... .....[0m[91m..... ...[0m[91m....... 45%  143M 0s
 16150K .[0m[91m........[0m[91m. .......[0m[91m... .....[0m[91m..... ...[0m[91m....... .[0m[91m.......[0m[91m.. 46%  142M 0s
 16200K ......[0m[91m.... ....[0m[91m...... ..[0m[91m........[0m[91m ........[0m[91m.. ......[0m[91m.... 46%  170M 0s
 16250K ...[0m[91m.[0m[91m...... ..[0m[91m........[0m[91m ........[0m[91m.. ......[0m[91m.... ....[0m[91m...... 46%  157M 0s
 16300K ..[0m[91m........[0m[91m ........[0m[91m.. .......... ....[0m[91m...... ..[0m[91m........ 46%  161M 0s[0m[91m
 16350K ........[0m[91m.. .....[0m[91m..... ...[0m[91m....... .[0m[91m........[0m[91m. .......[0m[91m... 46%  145M 0s
 16400K .....[0m[91m..... ...[0m[91m....... .[0m[91m........[0m[91m. .......[0m[91m... .....[0m[91m..... 46%  157M 0s
 16450K ...[0m[91m....... .[0m[91m........[0m[91m. .......[0m[91m... .....[0m[91m..... ...[0m[91m....... 46%  159M 0s
 16500K .[0m[91m........[0m[91m. .......[0m[91m... .....[0m[91m..... ..[0m[91m........[0m[91m ........[0m[91m.. 47% 84.3M 0s
 16550K ......[0m[91m.... ....[0m[91m...... ..[0m[91m........[0m[91m ........[0m[91m.. ......[0m[91m.... 47% 44.1M 0s
 16600K ....[0m[91m...... ..[0m[91m........[0m[91m ........[0m[91m.. ......[0m[91m.... ....[0m[91m...... 47%  145M 0s
 16650K ..[0m[91m........[0m[91m ........[0m[91m.. ......[0m[91m.... ....[0m[91m...... ..[0m[91m........ 47%  137M 0s[0m[91m
 16700K .......[0m[91m... .....[0m[91m..... ...[0m[91m....... .[0m[91m........[0m[91m. .......[0m[91m... 47%  122M 0s
 16750K .....[0m[91m..... ...[0m[91m....... .[0m[91m........[0m[91m. .......[0m[91m... .....[0m[91m..... 47%  163M 0s
 16800K ...[0m[91m....... .[0m[91m........[0m[91m. .......[0m[91m... .....[0m[91m..... ...[0m[91m....... 47%  152M 0s
 16850K .......... .......[0m[91m... ....[0m[91m...... ..[0m[91m........[0m[91m ........[0m[91m.. 48%  153M 0s
 16900K ......[0m[91m.... ....[0m[91m...... ..[0m[91m........[0m[91m ........[0m[91m.. ......[0m[91m.... 48%  162M 0s
 16950K ....[0m[91m...... ..[0m[91m........[0m[91m ........[0m[91m.. ......[0m[91m.... ....[0m[91m...... 48%  144M 0s
 17000K ..[0m[91m........[0m[91m ........[0m[91m.. ......[0m[91m.... ....[0m[91m...... .[0m[91m........[0m[91m. 48%  137M 0s
 17050K .......[0m[91m... .....[0m[91m..... ...[0m[91m....... .[0m[91m........[0m[91m. .......[0m[91m... 48%  161M 0s
 17100K .....[0m[91m..... ...[0m[91m....... .[0m[91m........[0m[91m. .......[0m[91m... .....[0m[91m..... 48%  150M 0s
 17150K ...[0m[91m....... .[0m[91m........[0m[91m. .......[0m[91m... .......... ...[0m[91m....... 48%  167M 0s
 17200K .[0m[91m........[0m[91m. ......[0m[91m.... ....[0m[91m...... ..[0m[91m........[0m[91m ........[0m[91m.. 49%  150M 0s
 17250K ......[0m[91m.... ....[0m[91m...... ..[0m[91m........[0m[91m ........[0m[91m.. ......[0m[91m.... 49%  162M 0s
 17300K ....[0m[91m...... ..[0m[91m........[0m[91m ........[0m[91m.. ......[0m[91m.... ....[0m[91m...... 49%  170M 0s
 17350K ..[0m[91m........[0m[91m ........[0m[91m.. ......[0m[91m.... ...[0m[91m....... .[0m[91m........[0m[91m. 49%  147M 0s
 17400K .......[0m[91m... .....[0m[91m..... ...[0m[91m....... .[0m[91m........[0m[91m. .......[0m[91m... 49%  158M 0s
 17450K .....[0m[91m..... ...[0m[91m....... .[0m[91m........[0m[91m. .......[0m[91m... .....[0m[91m..... 49% 9.35M 0s
 17500K ...[0m[91m....... .[0m[91m........[0m[91m. .......[0m[91m... .....[0m[91m..... .......... 49%  140M 0s[0m[91m
 17550K ........[0m[91m.. ......[0m[91m.... ....[0m[91m...... ..[0m[91m........[0m[91m ........[0m[91m.. 50%  133M 0s
 17600K ......[0m[91m.... ....[0m[91m...... ..[0m[91m........[0m[91m ........[0m[91m.. ......[0m[91m.... 50%  162M 0s
 17650K ....[0m[91m...... ..[0m[91m........[0m[91m ........[0m[91m.. ......[0m[91m.... ....[0m[91m...... 50%  143M 0s
 17700K ..[0m[91m........[0m[91m ........[0m[91m.. .....[0m[91m..... ...[0m[91m....... .[0m[91m........[0m[91m. 50%  131M 0s
 17750K .......[0m[91m... .....[0m[91m..... ...[0m[91m....... .[0m[91m........[0m[91m. .......[0m[91m... 50%  141M 0s
 17800K .....[0m[91m..... ...[0m[91m....... .[0m[91m........[0m[91m. .......[0m[91m... .....[0m[91m..... 50%  158M 0s
 17850K ...[0m[91m....... .[0m[91m........[0m[91m. .......[0m[91m... .....[0m[91m..... ..[0m[91m........ 50%  158M 0s[0m[91m
 17900K ........[0m[91m.. ......[0m[91m.... ....[0m[91m...... ..[0m[91m........[0m[91m ........[0m[91m.. 51%  116M 0s
 17950K [0m[91m......[0m[91m.... ....[0m[91m...... ..[0m[91m........[0m[91m ........[0m[91m.. ......[0m[91m.... 51%  144M 0s
 18000K ....[0m[91m...... ..[0m[91m........[0m[91m ........[0m[91m.. ......[0m[91m.... ....[0m[91m...... 51% 55.5M 0s
 18050K ..[0m[91m.......[0m[91m. .......[0m[91m... .....[0m[91m..... ...[0m[91m....... .[0m[91m........[0m[91m. 51%  113M 0s
 18100K .......[0m[91m... .....[0m[91m..... ...[0m[91m....... .[0m[91m........[0m[91m. .......[0m[91m... 51%  143M 0s
 18150K ...[0m[91m..[0m[91m..... ...[0m[91m....... .[0m[91m........[0m[91m. .......[0m[91m... .....[0m[91m..... 51%  131M 0s
 18200K ...[0m[91m....... .[0m[91m........[0m[91m. .......[0m[91m... ....[0m[91m...... ..[0m[91m........ 51%  139M 0s[0m[91m
 18250K ........[0m[91m.. ......[0m[91m.... ....[0m[91m...... ..[0m[91m........[0m[91m ........[0m[91m.. 52%  113M 0s
 18300K ......[0m[91m.... ....[0m[91m...... ..[0m[91m........[0m[91m ........[0m[91m.. ......[0m[91m.... 52%  134M 0s
 18350K ....[0m[91m...... ..[0m[91m........[0m[91m ........[0m[91m.. ......[0m[91m.... ....[0m[91m...... 52%[0m[91m  145M 0s
 18400K .........[0m[91m. .......... .......... .......... .......... 52%  134M 0s
 18450K .......... .......... .......... .......... .......... 52%  189M 0s
 18500K .......... .......... .......... .......... .......... 52%  190M 0s
 18550K .......... .......... .......... .......... .......... 52%  197M 0s
 18600K .......... .......... .......... .......... .......... 53%  167M 0s
 18650K .......... .......... .......... .......... .......... 53%  211M 0s
 18700K .......... .......... .......... .......... .......... 53%  196M 0s
 18750K .......... .......... .......... .......... .......... 53%  171M 0s
 18800K .......... .......... .......... .......... .......... 53%  209M 0s
 18850K .......... .......... .......... .......... .......... 53%  198M 0s
 18900K .......... .......... .......... .......... .......... 53%  186M 0s
 18950K .......... .......... .......... .......... .......... 54%  174M 0s
 19000K .......... .......... .......... .......... .......... 54%  191M 0s
 19050K .......... .......... .......... .......... .......... 54%  208M 0s
 19100K .......... .......... .......... .......... .........[0m[91m. 54%  159M 0s
 19150K ......[0m[91m.[0m[91m... .....[0m[91m..... ...[0m[91m....... .[0m[91m........[0m[91m. .......[0m[91m... 54%  156M 0s
 19200K .....[0m[91m..... ...[0m[91m....... .[0m[91m........[0m[91m. .......[0m[91m... .....[0m[91m..... 54%  162M 0s
 19250K ..[0m[91m........[0m[91m ........[0m[91m.. ......[0m[91m.... ....[0m[91m...... ..[0m[91m........ 54%[0m[91m 18.7M 0s[0m[91m
 19300K ........[0m[91m.. ......[0m[91m.... ....[0m[91m...... ..[0m[91m........[0m[91m ........[0m[91m.. 55%  126M 0s
 19350K ......[0m[91m.... ....[0m[91m...... ..[0m[91m........[0m[91m ........[0m[91m.. ......[0m[91m.... 55%  116M 0s
 19400K ....[0m[91m...... ..[0m[91m.......[0m[91m. .......[0m[91m... .....[0m[91m..... ...[0m[91m....... 55%  162M 0s
 19450K .[0m[91m........[0m[91m. .......[0m[91m... .....[0m[91m..... ...[0m[91m....... .[0m[91m........[0m[91m. 55%  118M 0s
 19500K .......[0m[91m... .....[0m[91m..... ...[0m[91m....... .[0m[91m........[0m[91m. .......[0m[91m... 55%  148M 0s
 19550K .....[0m[91m..... ...[0m[91m....... .[0m[91m........[0m[91m. ......[0m[91m.... ....[0m[91m...... 55%  158M 0s
 19600K ..[0m[91m........[0m[91m ........[0m[91m.. ......[0m[91m.... ....[0m[91m...... ..[0m[91m........ 55%  146M 0s[0m[91m
 19650K ........[0m[91m.. ......[0m[91m.... ....[0m[91m...... ..[0m[91m........[0m[91m ........[0m[91m.. 56%  128M 0s
 19700K ......[0m[91m.... ....[0m[91m...... ..[0m[91m........ ........[0m[91m.. ......[0m[91m.... 56%  152M 0s
 19750K ...[0m[91m.[0m[91m...... .[0m[91m........[0m[91m. .......[0m[91m... .....[0m[91m..... ...[0m[91m....... 56%  161M 0s
 19800K .[0m[91m........[0m[91m. .......[0m[91m... .....[0m[91m..... ...[0m[91m....... .[0m[91m........[0m[91m. 56%  133M 0s
 19850K .......[0m[91m... .....[0m[91m..... ...[0m[91m....... .[0m[91m........[0m[91m. .......[0m[91m... 56%  151M 0s
 19900K .....[0m[91m..... ...[0m[91m.......[0m[91m .[0m[91m.......[0m[91m.. ......[0m[91m.... ....[0m[91m...... 56%  109M 0s
 19950K ..[0m[91m........[0m[91m ........[0m[91m.. ......[0m[91m.... ....[0m[91m...... ..[0m[91m........ 56%  156M 0s[0m[91m
 20000K ........[0m[91m.. ......[0m[91m.... ....[0m[91m...... ..[0m[91m........[0m[91m ........[0m[91m.. 57%  144M 0s
 20050K ......[0m[91m.... ....[0m[91m...... ..[0m[91m........[0m[91m ........[0m[91m.. .....[0m[91m..... 57%  174M 0s
 20100K ...[0m[91m....... .[0m[91m........[0m[91m. .......[0m[91m... .....[0m[91m..... ...[0m[91m....... 57%  158M 0s
 20150K .[0m[91m........[0m[91m. .......[0m[91m... .....[0m[91m..... ...[0m[91m....... .[0m[91m......... 57%  141M 0s
 20200K .......[0m[91m... .....[0m[91m..... ...[0m[91m....... .[0m[91m........[0m[91m.[0m[91m .......[0m[91m... 57%  148M 0s
 20250K .....[0m[91m..... ...[0m[91m.......[0m[91m ........[0m[91m.[0m[91m. ......[0m[91m.... ....[0m[91m...... 57%  145M 0s
 20300K ..[0m[91m........[0m[91m ........[0m[91m.. ......[0m[91m.... ....[0m[91m...... ..[0m[91m........ 57% 12.1M 0s[0m[91m
 20350K ........[0m[91m.. ......[0m[91m.... ....[0m[91m...... ..[0m[91m........[0m[91m ........[0m[91m.. 58%  115M 0s
 20400K ......[0m[91m.... ....[0m[91m...... ..[0m[91m........[0m[91m .......[0m[91m... .....[0m[91m..... 58%  151M 0s
 20450K ...[0m[91m....... .[0m[91m........[0m[91m. .......[0m[91m... .....[0m[91m..... ...[0m[91m....... 58%  161M 0s
 20500K .[0m[91m........[0m[91m. .......[0m[91m... .....[0m[91m..... ...[0m[91m....... .[0m[91m........[0m[91m. 58%  119M 0s
 20550K .......[0m[91m... .....[0m[91m..... ...[0m[91m....... .[0m[91m........[0m[91m. .......[0m[91m... 58%  130M 0s
 20600K ....[0m[91m...... ..[0m[91m........[0m[91m ........[0m[91m.. ......[0m[91m.... ....[0m[91m...... 58%  158M 0s
 20650K ..[0m[91m........[0m[91m ........[0m[91m.. ......[0m[91m.... ....[0m[91m...... ..[0m[91m........ 58%  159M 0s[0m[91m
 20700K ........[0m[91m.. ......[0m[91m.... ....[0m[91m...... ..[0m[91m........[0m[91m ........[0m[91m.. 59%  142M 0s
 20750K ......[0m[91m.... ....[0m[91m...... ..[0m[91m.......[0m[91m. .......[0m[91m... .....[0m[91m..... 59%  155M 0s
 20800K ...[0m[91m....... .[0m[91m........[0m[91m. .......[0m[91m... .....[0m[91m..... ...[0m[91m....... 59%  170M 0s
 20850K .[0m[91m........[0m[91m. .......[0m[91m... .....[0m[91m..... ...[0m[91m....... .[0m[91m........[0m[91m. 59% 55.2M 0s
 20900K .......[0m[91m... .....[0m[91m..... ...[0m[91m....... .[0m[91m........[0m[91m. ......[0m[91m.... 59%  133M 0s
 20950K ....[0m[91m...... ..[0m[91m........[0m[91m ........[0m[91m.. ......[0m[91m.... ....[0m[91m...... 59%  139M 0s
 21000K ..[0m[91m........[0m[91m ........[0m[91m.. ......[0m[91m.... ....[0m[91m...... ..[0m[91m........ 59%  159M 0s[0m[91m
 21050K ........[0m[91m.. ......[0m[91m.... ....[0m[91m...... ..[0m[91m........ ........[0m[91m.. 60%  124M 0s
 21100K ......[0m[91m.... ...[0m[91m....... .[0m[91m........[0m[91m. .......[0m[91m... .....[0m[91m..... 60%  142M 0s
 21150K ...[0m[91m....... .[0m[91m........[0m[91m. .......[0m[91m... .....[0m[91m..... ...[0m[91m....... 60%  153M 0s
 21200K .[0m[91m........[0m[91m. .......[0m[91m... .....[0m[91m..... ...[0m[91m....... .[0m[91m........[0m[91m. 60%  132M 0s
 21250K .......[0m[91m... .....[0m[91m..... ...[0m[91m....... .[0m[91m.......[0m[91m.. ......[0m[91m.... 60%  161M 0s
 21300K ....[0m[91m...... ..[0m[91m........[0m[91m ........[0m[91m.. ......[0m[91m.... ....[0m[91m...... 60%  157M 0s
 21350K ..[0m[91m........[0m[91m ........[0m[91m.. ......[0m[91m.... ....[0m[91m...... ..[0m[91m........ 60%  153M 0s[0m[91m
 21400K ........[0m[91m.. ......[0m[91m.... ....[0m[91m...... ..[0m[91m........[0m[91m ........[0m[91m.. 61%  150M 0s
 21450K .....[0m[91m..... ...[0m[91m....... .[0m[91m........[0m[91m. .......[0m[91m... .....[0m[91m..... 61% 3.75M 0s
 21500K ...[0m[91m....... .[0m[91m........[0m[91m. .......[0m[91m... .....[0m[91m..... ...[0m[91m....... 61%  120M 0s
 21550K .[0m[91m........[0m[91m. .......[0m[91m... .....[0m[91m..... ...[0m[91m....... .[0m[91m........[0m[91m. 61% 98.6M 0s
 21600K .......[0m[91m... .....[0m[91m..... ..[0m[91m........[0m[91m .......... ......[0m[91m.... 61%  140M 0s
 21650K ....[0m[91m...... ..[0m[91m........[0m[91m .......... ......[0m[91m.... ....[0m[91m...... 61%  186M 0s
 21700K ..[0m[91m........[0m[91m ........[0m[91m.. ......[0m[91m.... ....[0m[91m...... ..[0m[91m........ 61%  135M 0s[0m[91m
 21750K ........[0m[91m.. ......[0m[91m.... ....[0m[91m...... ..[0m[91m........[0m[91m .......[0m[91m... 62%  114M 0s
 21800K .....[0m[91m..... ...[0m[91m....... .[0m[91m........[0m[91m. .......[0m[91m... .....[0m[91m..... 62%  141M 0s
 21850K ...[0m[91m....... ......[0m[91m...[0m[91m. .......[0m[91m... .....[0m[91m..... ...[0m[91m....... 62%  146M 0s
 21900K .[0m[91m........[0m[91m. .......[0m[91m... .....[0m[91m..... ...[0m[91m....... .[0m[91m........[0m[91m. 62%  129M 0s
 21950K .......[0m[91m... ....[0m[91m...... ..[0m[91m........[0m[91m ........[0m[91m.. ......[0m[91m.... 62%  123M 0s
 22000K ....[0m[91m...... ..[0m[91m........[0m[91m ........[0m[91m.. ......[0m[91m.... ....[0m[91m...... 62%  132M 0s
 22050K ..[0m[91m........[0m[91m ........[0m[91m.. ......[0m[91m.... ....[0m[91m...... ..[0m[91m........ 62%  140M 0s[0m[91m
 22100K ........[0m[91m.. ......[0m[91m.... ....[0m[91m...... .[0m[91m........[0m[91m. .......[0m[91m... 62%  114M 0s
 22150K .....[0m[91m..... ...[0m[91m....... .[0m[91m........[0m[91m. .......[0m[91m... .....[0m[91m..... 63%  134M 0s
 22200K ...[0m[91m....... .[0m[91m........[0m[91m. .......[0m[91m... .....[0m[91m..... ...[0m[91m....... 63%  140M 0s
 22250K .[0m[91m........[0m[91m. .......[0m[91m... .....[0m[91m..... ...[0m[91m....... .[0m[91m........[0m[91m. 63%  111M 0s
 22300K ......[0m[91m.... ....[0m[91m...... ..[0m[91m........[0m[91m ........[0m[91m.. ......[0m[91m.... 63%  147M 0s
 22350K ....[0m[91m...... ..[0m[91m........[0m[91m ........[0m[91m.. ......[0m[91m.... ....[0m[91m...... 63%  160M 0s
 22400K ..[0m[91m........[0m[91m ........[0m[91m.. ......[0m[91m.... ....[0m[91m...... ..[0m[91m........ 63%  167M 0s[0m[91m
 22450K ........[0m[91m.. ......[0m[91m.... ...[0m[91m....... .[0m[91m........[0m[91m. .......[0m[91m... 63%  145M 0s
 22500K .....[0m[91m..... ...[0m[91m....... .[0m[91m........[0m[91m. .......[0m[91m... .....[0m[91m..... 64%  158M 0s
 22550K ...[0m[91m....... .[0m[91m........[0m[91m. .......[0m[91m... .....[0m[91m..... ...[0m[91m....... 64%  148M 0s
 22600K .[0m[91m......... .......[0m[91m... .....[0m[91m..... ...[0m[91m.......[0m[91m ........[0m[91m.. 64%  125M 0s
 22650K ......[0m[91m.... ....[0m[91m...... ..[0m[91m........[0m[91m ........[0m[91m.. ......[0m[91m.... 64%  145M 0s
 22700K ....[0m[91m...... ..[0m[91m........[0m[91m ........[0m[91m.. .......... ....[0m[91m...... 64%  120M 0s
 22750K ..[0m[91m........[0m[91m ........[0m[91m.. ......[0m[91m.... ....[0m[91m...... ..[0m[91m........ 64%  139M 0s[0m[91m
 22800K ........[0m[91m.. .....[0m[91m..... ...[0m[91m....... .[0m[91m........[0m[91m. .......[0m[91m... 64%  144M 0s
 22850K .....[0m[91m..... ...[0m[91m....... .[0m[91m........[0m[91m. .......[0m[91m... .....[0m[91m..... 65%  142M 0s
 22900K ...[0m[91m....... .[0m[91m........[0m[91m. .......[0m[91m... .....[0m[91m..... ...[0m[91m....... 65%  135M 0s
 22950K .[0m[91m........[0m[91m. .......[0m[91m... .....[0m[91m..... ..[0m[91m........[0m[91m ........[0m[91m.. 65%  137M 0s
 23000K ......[0m[91m.... ....[0m[91m...... ..[0m[91m........[0m[91m ........[0m[91m.. ......[0m[91m.... 65%  151M 0s
 23050K ....[0m[91m...... ..[0m[91m........[0m[91m ........[0m[91m.. ......[0m[91m.... ....[0m[91m...... 65%  174M 0s
 23100K ..[0m[91m........[0m[91m ........[0m[91m.. ......[0m[91m.... ....[0m[91m...... ..[0m[91m.......[0m[91m. 65%  137M 0s
 23150K .......[0m[91m... .....[0m[91m..... ...[0m[91m....... .[0m[91m........[0m[91m. .......[0m[91m... 65%  172M 0s
 23200K .....[0m[91m..... ...[0m[91m....... .[0m[91m........[0m[91m. .......[0m[91m... .....[0m[91m..... 66%  169M 0s
 23250K ...[0m[91m....... .[0m[91m........[0m[91m. .......[0m[91m... .....[0m[91m..... ...[0m[91m....... 66%  158M 0s
 23300K .[0m[91m........[0m[91m. .......[0m[91m... ....[0m[91m...... ..[0m[91m........[0m[91m ........[0m[91m.. 66%  136M 0s
 23350K ......[0m[91m.... ....[0m[91m...... ..[0m[91m........[0m[91m ........[0m[91m.. ......[0m[91m.... 66%  156M 0s
 23400K ....[0m[91m...... ..[0m[91m........[0m[91m ........[0m[91m.. ......[0m[91m.... ....[0m[91m...... 66%  166M 0s
 23450K ..[0m[91m........[0m[91m ........[0m[91m.. ......[0m[91m.... ....[0m[91m...... .[0m[91m........[0m[91m. 66%  148M 0s
 23500K .......[0m[91m... .....[0m[91m..... ...[0m[91m....... .[0m[91m........[0m[91m. .......[0m[91m... 66%  156M 0s
 23550K .....[0m[91m..... ...[0m[91m....... .[0m[91m........[0m[91m. .......[0m[91m... .....[0m[91m..... 67%  154M 0s
 23600K ...[0m[91m....... .[0m[91m........[0m[91m. .......[0m[91m... .....[0m[91m..... ...[0m[91m....... 67%  165M 0s
 23650K .[0m[91m.......[0m[91m.. ......[0m[91m.... ....[0m[91m...... ..[0m[91m........[0m[91m ........[0m[91m.. 67%  131M 0s
 23700K ......[0m[91m.... ....[0m[91m...... ..[0m[91m........[0m[91m ........[0m[91m.. ......[0m[91m.... 67%  149M 0s
 23750K ....[0m[91m...... ..[0m[91m........[0m[91m ........[0m[91m.. ......[0m[91m.... ....[0m[91m...... 67%  159M 0s
 23800K .[0m[91m.[0m[91m........[0m[91m ........[0m[91m.. ......[0m[91m.... ...[0m[91m....... .[0m[91m........[0m[91m. 67%  134M 0s
 23850K .......... .....[0m[91m..... ...[0m[91m....... .[0m[91m........[0m[91m. .......[0m[91m... 67%  163M 0s
 23900K ..[0m[91m...[0m[91m..... ...[0m[91m....... .[0m[91m...[0m[91m.....[0m[91m. .......[0m[91m... .....[0m[91m..... 68%  149M 0s
 23950K ...[0m[91m....... .[0m[91m........[0m[91m. .......[0m[91m... .....[0m[91m..... ...[0m[91m....... 68%  168M 0s[0m[91m
 24000K ........[0m[91m.. ......[0m[91m.... ....[0m[91m...... ..[0m[91m........[0m[91m ........[0m[91m.. 68%  136M 0s
 24050K ......[0m[91m.... ....[0m[91m...... ..[0m[91m........[0m[91m ........[0m[91m.. ......[0m[91m.... 68%  159M 0s
 24100K ....[0m[91m...... ..[0m[91m........[0m[91m ........[0m[91m.. ......[0m[91m.... ....[0m[91m...... 68%  152M 0s
 24150K ..[0m[91m........[0m[91m .......[0m[91m... .....[0m[91m..... ...[0m[91m....... .[0m[91m........[0m[91m. 68%  141M 0s
 24200K .......[0m[91m... .....[0m[91m..... ...[0m[91m....... .[0m[91m........[0m[91m. .......[0m[91m... 68%  154M 0s
 24250K .....[0m[91m..... ...[0m[91m....... .[0m[91m........[0m[91m. .......[0m[91m... .....[0m[91m..... 69%  161M 0s
 24300K ...[0m[91m....... .[0m[91m........[0m[91m. .......[0m[91m... .....[0m[91m..... ..[0m[91m........ 69% 7.54M 0s[0m[91m
 24350K ........[0m[91m.. ......[0m[91m.... ....[0m[91m...... ..[0m[91m........[0m[91m ........[0m[91m.. 69% 88.6M 0s
 24400K ......[0m[91m.... ....[0m[91m...... ..[0m[91m........[0m[91m ........[0m[91m.. ......[0m[91m.... 69%[0m[91m  125M 0s
 24450K ....[0m[91m...... ..[0m[91m........[0m[91m ........[0m[91m.. ......[0m[91m.... ....[0m[91m...... 69%  124M 0s
 24500K ..[0m[91m.......[0m[91m. .......[0m[91m... .....[0m[91m..... ...[0m[91m....... .[0m[91m........[0m[91m. 69%  108M 0s
 24550K .......[0m[91m... .....[0m[91m..... ...[0m[91m....... .[0m[91m........[0m[91m. .......[0m[91m... 69%  122M 0s
 24600K .....[0m[91m..... ...[0m[91m....... .[0m[91m........[0m[91m. .......[0m[91m... .....[0m[91m..... 70%  143M 0s
 24650K ...[0m[91m....... .[0m[91m........[0m[91m. ......[0m[91m.... ....[0m[91m...... ..[0m[91m........ 70%  149M 0s[0m[91m
 24700K ........[0m[91m.. ......[0m[91m.... ....[0m[91m...... ..[0m[91m........[0m[91m ........[0m[91m.. 70% 79.2M 0s
 24750K ......[0m[91m.... ....[0m[91m...... ..[0m[91m........[0m[91m ........[0m[91m.. ......[0m[91m.... 70%  152M 0s
 24800K ....[0m[91m...... ..[0m[91m........[0m[91m ........[0m[91m.. ......[0m[91m.... ....[0m[91m...... 70%  130M 0s
 24850K .[0m[91m........[0m[91m. .......[0m[91m... .....[0m[91m..... ...[0m[91m....... .[0m[91m........[0m[91m. 70%  120M 0s
 24900K .......[0m[91m... .....[0m[91m..... ...[0m[91m....... .[0m[91m........[0m[91m. .......[0m[91m... 70%  144M 0s
 24950K ....[0m[91m.[0m[91m..... ...[0m[91m....... .[0m[91m........[0m[91m. .......[0m[91m... .....[0m[91m..... 71%  132M 0s
 25000K ...[0m[91m....... .[0m[91m.......[0m[91m.. ......[0m[91m.... ....[0m[91m...... ..[0m[91m........ 71%  147M 0s[0m[91m
 25050K ........[0m[91m.. ......[0m[91m.... ....[0m[91m...... ..[0m[91m........[0m[91m ........[0m[91m.. 71%  137M 0s
 25100K ......[0m[91m.... ....[0m[91m...... ..[0m[91m........[0m[91m ........[0m[91m.. ......[0m[91m.... 71%  158M 0s
 25150K ....[0m[91m...... ..[0m[91m........[0m[91m ........[0m[91m.. .....[0m[91m..... ...[0m[91m....... 71%  163M 0s
 25200K .[0m[91m........[0m[91m. .......[0m[91m... .....[0m[91m..... ...[0m[91m....... .........[0m[91m. 71%  142M 0s
 25250K .......... .....[0m[91m..... ...[0m[91m....... .[0m[91m........[0m[91m. .......[0m[91m... 71%  155M 0s
 25300K .....[0m[91m..... ...[0m[91m....... .[0m[91m........[0m[91m. .......[0m[91m... .....[0m[91m..... 72%  160M 0s
 25350K[0m[91m ...[0m[91m.......[0m[91m ........[0m[91m.. ......[0m[91m.... ....[0m[91m...... ..[0m[91m........ 72%  125M 0s[0m[91m
 25400K ........[0m[91m.. ......[0m[91m.... ....[0m[91m...... ..[0m[91m........[0m[91m ........[0m[91m.. 72%  102M 0s
 25450K ......[0m[91m.... ....[0m[91m...... ..[0m[91m........[0m[91m ........[0m[91m.. ......[0m[91m.... 72%  156M 0s
 25500K ....[0m[91m...... ..[0m[91m........[0m[91m .......[0m[91m... .....[0m[91m..... ...[0m[91m....... 72%  142M 0s
 25550K .[0m[91m........[0m[91m. .......[0m[91m... .....[0m[91m..... ...[0m[91m....... .[0m[91m........[0m[91m. 72%  131M 0s
 25600K ...[0m[91m....[0m[91m... .....[0m[91m..... ...[0m[91m....... .[0m[91m........[0m[91m. .......[0m[91m... 72%  159M 0s
 25650K .....[0m[91m..... ...[0m[91m....... .[0m[91m........[0m[91m. [0m[91m.......[0m[91m... ....[0m[91m...... 73%  142M 0s
 25700K [0m[91m..[0m[91m........[0m[91m ........[0m[91m.. ......[0m[91m.... ....[0m[91m...... ..[0m[91m........ 73%  157M 0s[0m[91m
 25750K ........[0m[91m.. ......[0m[91m.... ....[0m[91m...... ..[0m[91m........[0m[91m ........[0m[91m.. 73%  133M 0s
 25800K ......[0m[91m.... ....[0m[91m...... ..[0m[91m........[0m[91m ........[0m[91m.. ......[0m[91m.... 73%  157M 0s
 25850K ....[0m[91m...... ..[0m[91m.......[0m[91m. .......[0m[91m... .....[0m[91m..... ...[0m[91m....... 73%  160M 0s
 25900K .[0m[91m........[0m[91m. .......[0m[91m... .....[0m[91m..... ...[0m[91m....... .[0m[91m........[0m[91m. 73%  146M 0s
 25950K .......[0m[91m... .....[0m[91m..... ...[0m[91m....... .[0m[91m........[0m[91m. .......[0m[91m... 73%  164M 0s
 26000K .....[0m[91m..... ...[0m[91m....... .[0m[91m........[0m[91m. ......[0m[91m.... ....[0m[91m...... 74%  174M 0s
 26050K ..[0m[91m........[0m[91m ........[0m[91m.. ......[0m[91m.... ....[0m[91m...... ..[0m[91m........ 74%  167M 0s[0m[91m
 26100K ........[0m[91m.. ......[0m[91m.... ....[0m[91m...... ..[0m[91m........[0m[91m ........[0m[91m.. 74%  150M 0s
 26150K ......[0m[91m.... ....[0m[91m...... ..[0m[91m........[0m[91m ........[0m[91m.. ......[0m[91m.... 74%  164M 0s
 26200K ...[0m[91m....... .[0m[91m........[0m[91m. .......[0m[91m... .....[0m[91m..... ...[0m[91m....... 74%  169M 0s
 26250K .[0m[91m........[0m[91m. .......[0m[91m... .....[0m[91m..... ...[0m[91m....... .[0m[91m........[0m[91m. 74%  153M 0s
 26300K .......[0m[91m... .....[0m[91m..... ...[0m[91m....... .[0m[91m........[0m[91m. .......[0m[91m... 74%  172M 0s
 26350K .....[0m[91m..... ...[0m[91m....... .[0m[91m.......[0m[91m.. ......[0m[91m.... ....[0m[91m...... 75%  161M 0s
 26400K ..[0m[91m........[0m[91m ........[0m[91m.. ......[0m[91m.... ....[0m[91m...... ..[0m[91m........ 75%  181M 0s[0m[91m
 26450K ........[0m[91m.. ......[0m[91m.... ....[0m[91m...... ..[0m[91m........[0m[91m ........[0m[91m.. 75% 4.96M 0s
 26500K ......[0m[91m.... ....[0m[91m...... ..[0m[91m........[0m[91m ........[0m[91m.. .....[0m[91m..... 75%  148M 0s
 26550K ...[0m[91m....... .[0m[91m........[0m[91m. .......[0m[91m... .....[0m[91m..... ...[0m[91m....... 75%  154M 0s
 26600K .[0m[91m........[0m[91m. .......[0m[91m... .....[0m[91m..... ...[0m[91m....... .[0m[91m........[0m[91m. 75%  121M 0s
 26650K .......[0m[91m... .....[0m[91m..... ...[0m[91m....... .[0m[91m........[0m[91m. .......[0m[91m... 75%  146M 0s
 26700K .....[0m[91m..... ..[0m[91m........[0m[91m ........[0m[91m.. ......[0m[91m.... ....[0m[91m...... 76%  133M 0s
 26750K ..[0m[91m........[0m[91m ........[0m[91m.. ......[0m[91m.... ....[0m[91m...... ..[0m[91m........ 76%  134M 0s[0m[91m
 26800K ......[0m[91m..[0m[91m.. ......[0m[91m.... ....[0m[91m...... ..[0m[91m........[0m[91m ........[0m[91m.. 76%  113M 0s
 26850K ......[0m[91m.... ....[0m[91m...... ..[0m[91m........[0m[91m .......[0m[91m... .....[0m[91m..... 76%  141M 0s
 26900K ..[0m[91m.[0m[91m....... .[0m[91m........[0m[91m. .......[0m[91m... .....[0m[91m..... ...[0m[91m....... 76%  139M 0s
 26950K .[0m[91m........[0m[91m. .......[0m[91m... .....[0m[91m..... ...[0m[91m....... .[0m[91m........[0m[91m. 76%  129M 0s
 27000K .......[0m[91m... .....[0m[91m..... ...[0m[91m....... .[0m[91m........[0m[91m. .......[0m[91m... 76%  140M 0s
 27050K ....[0m[91m...... ..[0m[91m........[0m[91m ........[0m[91m.. ......[0m[91m.... ....[0m[91m...... 77%  167M 0s
 27100K ..[0m[91m........[0m[91m ........[0m[91m.. ......[0m[91m.... ....[0m[91m...... ..[0m[91m........ 77%  148M 0s[0m[91m
 27150K ........[0m[91m.. ......[0m[91m.... ....[0m[91m...... ..[0m[91m........[0m[91m ........[0m[91m.. 77%  128M 0s
 27200K ......[0m[91m.... ....[0m[91m...... .[0m[91m........[0m[91m. .......[0m[91m... .....[0m[91m..... 77%  143M 0s
 27250K ...[0m[91m....... .[0m[91m........[0m[91m. .......[0m[91m... .....[0m[91m..... ...[0m[91m....... 77%  141M 0s
 27300K .[0m[91m........[0m[91m. .......[0m[91m... .....[0m[91m..... ...[0m[91m....... .[0m[91m........[0m[91m. 77%  121M 0s
 27350K .......[0m[91m... .....[0m[91m..... ...[0m[91m....... .[0m[91m........[0m[91m. ......[0m[91m.... 77%  144M 0s
 27400K .[0m[91m...[0m[91m...... ..[0m[91m........[0m[91m ........[0m[91m.. ......[0m[91m.... ....[0m[91m...... 78%  172M 0s
 27450K ..[0m[91m........[0m[91m ........[0m[91m.. ......[0m[91m.... ....[0m[91m...... ..[0m[91m........ 78%  161M 0s[0m[91m
 27500K ........[0m[91m.. ......[0m[91m.... ....[0m[91m...... ..[0m[91m........[0m[91m ........[0m[91m.. 78%  138M 0s
 27550K ......[0m[91m.... ...[0m[91m....... .[0m[91m........[0m[91m. .......[0m[91m... .....[0m[91m..... 78%  171M 0s
 27600K ...[0m[91m....... .[0m[91m........[0m[91m. .......[0m[91m... .....[0m[91m..... ...[0m[91m....... 78%  166M 0s
 27650K .[0m[91m........[0m[91m. .......[0m[91m... .....[0m[91m..... ...[0m[91m....... .[0m[91m........[0m[91m. 78%  129M 0s
 27700K .......[0m[91m... .....[0m[91m..... ...[0m[91m.......[0m[91m ........[0m[91m.. ......[0m[91m.... 78%  130M 0s
 27750K ....[0m[91m...... ..[0m[91m........[0m[91m ........[0m[91m.. ......[0m[91m.... ....[0m[91m...... 79%  141M 0s
 27800K ..[0m[91m........[0m[91m ........[0m[91m.. ......[0m[91m.... ....[0m[91m...... ..[0m[91m........ 79%  159M 0s[0m[91m
 27850K ........[0m[91m.. ......[0m[91m.... ....[0m[91m...... ..[0m[91m........[0m[91m ........[0m[91m.. 79%  136M 0s
 27900K .....[0m[91m..... ...[0m[91m....... .[0m[91m........[0m[91m. .......[0m[91m... .....[0m[91m..... 79%  144M 0s
 27950K ...[0m[91m....... .[0m[91m........[0m[91m. .......[0m[91m... .....[0m[91m..... ...[0m[91m....... 79%  142M 0s
 28000K .[0m[91m........[0m[91m. .......[0m[91m... .....[0m[91m..... ...[0m[91m....... .[0m[91m........[0m[91m. 79%  114M 0s
 28050K .......[0m[91m... .....[0m[91m..... ..[0m[91m........[0m[91m ........[0m[91m.. ......[0m[91m.... 79%  177M 0s
 28100K ....[0m[91m...... ..[0m[91m........[0m[91m ........[0m[91m.. ......[0m[91m.... ....[0m[91m...... 80%  160M 0s
 28150K ..[0m[91m........[0m[91m ........[0m[91m.. ......[0m[91m.... ....[0m[91m...... ..[0m[91m........ 80%  172M 0s[0m[91m
 28200K ........[0m[91m.. ......[0m[91m.... ....[0m[91m...... ..[0m[91m.......[0m[91m. .......[0m[91m... 80%  146M 0s
 28250K .....[0m[91m..... ...[0m[91m....... .[0m[91m........[0m[91m. .......[0m[91m... .....[0m[91m..... 80%  178M 0s
 28300K ...[0m[91m....... .[0m[91m........[0m[91m. .......[0m[91m... .....[0m[91m..... ...[0m[91m....... 80%  161M 0s
 28350K .[0m[91m........[0m[91m. .......[0m[91m... .....[0m[91m..... ...[0m[91m....... .[0m[91m........[0m[91m. 80%  153M 0s
 28400K .......[0m[91m... ....[0m[91m...... ..[0m[91m........[0m[91m ........[0m[91m.. ......[0m[91m.... 80%  168M 0s
 28450K ....[0m[91m...... ..[0m[91m........[0m[91m ........[0m[91m.. ......[0m[91m.... ....[0m[91m...... 81%  153M 0s[0m[91m
 28500K ..[0m[91m........[0m[91m ........[0m[91m.. ......[0m[91m.... ....[0m[91m...... ..[0m[91m........ 81%  162M 0s[0m[91m
 28550K ........[0m[91m.. ......[0m[91m.... ....[0m[91m...... .[0m[91m........[0m[91m. .......[0m[91m... 81%  138M 0s
 28600K .....[0m[91m..... ...[0m[91m....... .[0m[91m........[0m[91m. .......[0m[91m... .....[0m[91m..... 81%  170M 0s
 28650K ...[0m[91m....... .[0m[91m........[0m[91m. .......[0m[91m... .....[0m[91m..... ...[0m[91m....... 81%  150M 0s
 28700K .[0m[91m........[0m[91m. .......[0m[91m... .....[0m[91m..... ...[0m[91m....... .[0m[91m.......[0m[91m.. 81%  137M 0s
 28750K ......[0m[91m.... ....[0m[91m...... ..[0m[91m........[0m[91m ........[0m[91m.. ......[0m[91m.... 81%  168M 0s
 28800K ....[0m[91m...... ..[0m[91m........[0m[91m ........[0m[91m.. ......[0m[91m.... ....[0m[91m...... 82%  176M 0s
 28850K ..[0m[91m........[0m[91m ........[0m[91m.. ......[0m[91m.... ....[0m[91m...... ..[0m[91m........ 82%  165M 0s[0m[91m
 28900K ........[0m[91m.. ......[0m[91m.... ...[0m[91m....... .[0m[91m........[0m[91m. .......[0m[91m... 82%  150M 0s
 28950K .....[0m[91m..... ...[0m[91m....... .[0m[91m........[0m[91m. .......[0m[91m... .....[0m[91m..... 82%  164M 0s
 29000K ...[0m[91m....... .[0m[91m........[0m[91m. .......[0m[91m... .....[0m[91m..... ...[0m[91m....... 82% 5.73M 0s
 29050K .[0m[91m........[0m[91m. .......[0m[91m... .....[0m[91m..... ...[0m[91m.......[0m[91m ........[0m[91m.. 82%  109M 0s
 29100K ......[0m[91m.... ....[0m[91m...... ..[0m[91m........[0m[91m ........[0m[91m.. ......[0m[91m.... 82%  129M 0s
 29150K ....[0m[91m...... ..[0m[91m........[0m[91m ........[0m[91m.. ......[0m[91m.... ....[0m[91m...... 83%  125M 0s
 29200K ..[0m[91m........[0m[91m ........[0m[91m.. ......[0m[91m.... ....[0m[91m...... ..[0m[91m........ 83%  146M 0s[0m[91m
 29250K .......[0m[91m... .....[0m[91m..... ...[0m[91m....... .[0m[91m........[0m[91m. .......[0m[91m... 83%  122M 0s
 29300K .....[0m[91m..... ...[0m[91m....... .[0m[91m........[0m[91m. .......[0m[91m... .....[0m[91m..... 83%  131M 0s
 29350K ...[0m[91m....... .[0m[91m........[0m[91m. .......[0m[91m... .....[0m[91m..... ...[0m[91m....... 83%  132M 0s
 29400K .[0m[91m........[0m[91m. .......[0m[91m... .....[0m[91m..... ..[0m[91m........[0m[91m ........[0m[91m.. 83%  132M 0s
 29450K ......[0m[91m.... ....[0m[91m...... ..[0m[91m........[0m[91m ........[0m[91m.. ......[0m[91m.... 83%  144M 0s
 29500K ...[0m[91m.[0m[91m...... ..[0m[91m........[0m[91m ........[0m[91m.. ......[0m[91m.... ....[0m[91m...... 84%  155M 0s
 29550K .[0m[91m.[0m[91m........[0m[91m ........[0m[91m.. ......[0m[91m.... ....[0m[91m...... ..[0m[91m.......[0m[91m. 84%  127M 0s
 29600K .......[0m[91m... .....[0m[91m..... ...[0m[91m....... .[0m[91m........[0m[91m. .......[0m[91m... 84%  145M 0s
 29650K .....[0m[91m..... ...[0m[91m....... .[0m[91m........[0m[91m. .......[0m[91m...[0m[91m .....[0m[91m..... 84%  163M 0s
 29700K ...[0m[91m....... .[0m[91m........[0m[91m. .......[0m[91m... .....[0m[91m..... ...[0m[91m....... 84%  147M 0s
 29750K .[0m[91m........[0m[91m. ......[0m[91m.... ....[0m[91m...... ..[0m[91m........[0m[91m ........[0m[91m.. 84%  129M 0s
 29800K ......[0m[91m.... ....[0m[91m...... ..[0m[91m........[0m[91m ........[0m[91m.. ......[0m[91m.... 84%  150M 0s[0m[91m
 29850K ....[0m[91m...... ..[0m[91m........[0m[91m ........[0m[91m.. ......[0m[91m.... ....[0m[91m...... 85%  142M 0s
 29900K .[0m[91m.[0m[91m........[0m[91m ........[0m[91m.. ......[0m[91m.... ....[0m[91m...... .[0m[91m........[0m[91m. 85%  145M 0s
 29950K .......[0m[91m... .....[0m[91m..... ...[0m[91m....... .[0m[91m........[0m[91m. .......[0m[91m... 85%  169M 0s
 30000K .....[0m[91m..... ...[0m[91m....... .[0m[91m........[0m[91m. .......[0m[91m... .....[0m[91m..... 85%  164M 0s
 30050K ...[0m[91m....... .[0m[91m........[0m[91m. .......[0m[91m... .....[0m[91m..... ...[0m[91m....... 85%  169M 0s
 30100K .[0m[91m.......[0m[91m.. ......[0m[91m.... ....[0m[91m...... ..[0m[91m........[0m[91m ........[0m[91m.. 85%  141M 0s
 30150K .....[0m[91m.[0m[91m.... ....[0m[91m...... ..[0m[91m........[0m[91m ........[0m[91m.. ......[0m[91m.... 85%  154M 0s
 30200K ....[0m[91m...... ..[0m[91m........[0m[91m ........[0m[91m.. ......[0m[91m.... ....[0m[91m...... 86%  170M 0s
 30250K ..[0m[91m........[0m[91m ........[0m[91m.. .....[0m[91m..... ...[0m[91m....... .[0m[91m........[0m[91m. 86%  121M 0s
 30300K .......[0m[91m... .....[0m[91m..... ...[0m[91m....... .[0m[91m........[0m[91m. .......[0m[91m... 86%  149M 0s
 30350K .....[0m[91m..... ...[0m[91m....... .[0m[91m........[0m[91m. .......[0m[91m... .....[0m[91m..... 86%  136M 0s
 30400K ...[0m[91m....... .[0m[91m........[0m[91m. .......[0m[91m... .....[0m[91m..... ...[0m[91m....... 86%  137M 0s[0m[91m
 30450K ........[0m[91m.. ......[0m[91m.... ....[0m[91m...... ..[0m[91m........[0m[91m ........[0m[91m.. 86%  134M 0s
 30500K ......[0m[91m.... ....[0m[91m...... ..[0m[91m........[0m[91m ........[0m[91m.. ......[0m[91m.... 86%  153M 0s
 30550K ....[0m[91m...... ..[0m[91m........[0m[91m ........[0m[91m.. ......[0m[91m.... ....[0m[91m...... 87%  137M 0s
 30600K ..[0m[91m........[0m[91m .......[0m[91m... .....[0m[91m..... ...[0m[91m....... .[0m[91m........[0m[91m. 87%  145M 0s
 30650K .......[0m[91m... .....[0m[91m..... ...[0m[91m....... .[0m[91m........[0m[91m. .......[0m[91m... 87%  163M 0s
 30700K .....[0m[91m..... ...[0m[91m....... .[0m[91m........[0m[91m. .......[0m[91m... .....[0m[91m..... 87%  170M 0s
 30750K ...[0m[91m....... .[0m[91m........[0m[91m. .......[0m[91m... ....[0m[91m...... ..[0m[91m........ 87%  175M 0s[0m[91m
 30800K ........[0m[91m.. ......[0m[91m.... ....[0m[91m...... ..[0m[91m........[0m[91m ........[0m[91m.. 87%  141M 0s
 30850K ......[0m[91m.... ....[0m[91m...... ..[0m[91m........[0m[91m ........[0m[91m.. ......[0m[91m.... 87%  172M 0s
 30900K ....[0m[91m...... ..[0m[91m........[0m[91m ........[0m[91m.. ......[0m[91m.... ....[0m[91m...... 88%  165M 0s
 30950K ..[0m[91m.......[0m[91m. .......[0m[91m... .....[0m[91m..... ...[0m[91m....... .[0m[91m........[0m[91m. 88%  141M 0s
 31000K ......[0m[91m.[0m[91m... .....[0m[91m..... ...[0m[91m....... .[0m[91m........[0m[91m. .......[0m[91m... 88%  156M 0s
 31050K .....[0m[91m..... ...[0m[91m....... .[0m[91m........[0m[91m. .......[0m[91m... .....[0m[91m..... 88%  175M 0s
 31100K ...[0m[91m....... .[0m[91m........[0m[91m. ......[0m[91m.... ....[0m[91m...... ..[0m[91m........ 88%  164M 0s[0m[91m
 31150K ........[0m[91m.. ......[0m[91m.... ....[0m[91m...... ..[0m[91m........[0m[91m ........[0m[91m.. 88%  147M 0s
 31200K ......[0m[91m.... ....[0m[91m...... ..[0m[91m........[0m[91m ........[0m[91m.. ......[0m[91m.... 88%  167M 0s
 31250K ....[0m[91m...... ..[0m[91m........[0m[91m ........[0m[91m.. ......[0m[91m.... ...[0m[91m....... 89%  154M 0s
 31300K [0m[91m.[0m[91m........[0m[91m. .......[0m[91m... .....[0m[91m..... ...[0m[91m....... .[0m[91m........[0m[91m. 89%  141M 0s
 31350K .......[0m[91m... .....[0m[91m..... ...[0m[91m....... .[0m[91m........[0m[91m. .......[0m[91m... 89%  155M 0s
 31400K .....[0m[91m..... ...[0m[91m....... .[0m[91m........[0m[91m. .......[0m[91m... .....[0m[91m..... 89% 5.20M 0s
 31450K ...[0m[91m....... .[0m[91m.......[0m[91m.. ......[0m[91m.... ....[0m[91m...... ..[0m[91m........ 89%  148M 0s[0m[91m
 31500K ........[0m[91m.. ......[0m[91m.... ....[0m[91m...... ..[0m[91m........[0m[91m ........[0m[91m.. 89%  124M 0s
 31550K ......[0m[91m.... ....[0m[91m...... ..[0m[91m........[0m[91m ........[0m[91m.. ......[0m[91m.... 89%  138M 0s
 31600K ....[0m[91m...... ..[0m[91m........[0m[91m ........[0m[91m.. .....[0m[91m..... ...[0m[91m....... 90%  148M 0s
 31650K .[0m[91m........[0m[91m. .......[0m[91m... .....[0m[91m..... ...[0m[91m....... .[0m[91m........[0m[91m. 90%  116M 0s
 31700K .......[0m[91m... .....[0m[91m..... ...[0m[91m....... .[0m[91m........[0m[91m. .......[0m[91m... 90%  153M 0s
 31750K .....[0m[91m..... ...[0m[91m....... .[0m[91m........[0m[91m. .......[0m[91m... .....[0m[91m..... 90%  146M 0s
 31800K ..[0m[91m........[0m[91m ........[0m[91m.. ......[0m[91m.... ....[0m[91m...... ..[0m[91m........ 90%  147M 0s[0m[91m
 31850K ........[0m[91m.. ......[0m[91m.... ....[0m[91m...... ..[0m[91m........[0m[91m ........[0m[91m.. 90%  133M 0s
 31900K ......[0m[91m.... ....[0m[91m...... ..[0m[91m........[0m[91m ........[0m[91m.. ......[0m[91m.... 90%  145M 0s
 31950K ....[0m[91m...... ..[0m[91m........[0m[91m .......[0m[91m... .....[0m[91m..... ...[0m[91m....... 91%  142M 0s
 32000K .[0m[91m........[0m[91m. .......[0m[91m... .....[0m[91m..... ...[0m[91m....... .[0m[91m........[0m[91m. 91%  134M 0s
 32050K .......[0m[91m... .....[0m[91m..... ...[0m[91m....... .[0m[91m........[0m[91m. .......[0m[91m... 91%  141M 0s
 32100K .....[0m[91m..... ...[0m[91m....... .[0m[91m........[0m[91m. .......[0m[91m... ....[0m[91m...... 91%  145M 0s
 32150K ..[0m[91m........[0m[91m ........[0m[91m.. ......[0m[91m.... ....[0m[91m...... ..[0m[91m........ 91%  158M 0s[0m[91m
 32200K ........[0m[91m.. ......[0m[91m.... ....[0m[91m...... ..[0m[91m........[0m[91m ........[0m[91m.. 91%  122M 0s
 32250K ......[0m[91m.... ....[0m[91m...... ..[0m[91m........[0m[91m ........[0m[91m.. ......[0m[91m.... 91%  164M 0s
 32300K ....[0m[91m...... .[0m[91m........[0m[91m. .......[0m[91m... .....[0m[91m..... ...[0m[91m....... 92%  154M 0s
 32350K .[0m[91m........[0m[91m. .......[0m[91m... .....[0m[91m..... ...[0m[91m....... .[0m[91m........[0m[91m. 92%  141M 0s
 32400K .......[0m[91m... .....[0m[91m..... ...[0m[91m....... .[0m[91m........[0m[91m. .......[0m[91m... 92%  168M 0s
 32450K .....[0m[91m..... ...[0m[91m....... .[0m[91m........[0m[91m. ......[0m[91m.... ....[0m[91m...... 92%  187M 0s
 32500K ..[0m[91m........[0m[91m ........[0m[91m.. ......[0m[91m.... ....[0m[91m...... ..[0m[91m........ 92%  154M 0s[0m[91m
 32550K ........[0m[91m.. ......[0m[91m.... ....[0m[91m...... ..[0m[91m........[0m[91m ........[0m[91m.. 92%  139M 0s
 32600K ......[0m[91m.... ....[0m[91m...... ..[0m[91m........[0m[91m ........[0m[91m.. ......[0m[91m.... 92%  156M 0s
 32650K ...[0m[91m....... .[0m[91m........[0m[91m. .......[0m[91m... .....[0m[91m..... ...[0m[91m....... 93%  144M 0s
 32700K .[0m[91m........[0m[91m. .......[0m[91m... .....[0m[91m..... ...[0m[91m....... .[0m[91m........[0m[91m. 93%  118M 0s
 32750K .....[0m[91m..[0m[91m... .....[0m[91m..... ...[0m[91m....... .[0m[91m........[0m[91m. .......[0m[91m... 93%  130M 0s
 32800K .....[0m[91m..... ...[0m[91m.......[0m[91m ........[0m[91m.. ......[0m[91m.... ....[0m[91m...... 93%  143M 0s
 32850K ..[0m[91m........[0m[91m ........[0m[91m.. ......[0m[91m.... ....[0m[91m...... ..[0m[91m........ 93%  115M 0s[0m[91m
 32900K ........[0m[91m.. ......[0m[91m.... ....[0m[91m...... ..[0m[91m........[0m[91m ........[0m[91m.. 93%  124M 0s
 32950K ......[0m[91m.... ....[0m[91m...... ..[0m[91m........[0m[91m ........[0m[91m.. .....[0m[91m..... 93%  138M 0s
 33000K ..[0m[91m.[0m[91m....... .[0m[91m........[0m[91m. .......[0m[91m... .....[0m[91m..... ...[0m[91m....... 94%  143M 0s[0m[91m
 33050K .[0m[91m........[0m[91m. .......[0m[91m... .....[0m[91m..... ...[0m[91m....... .[0m[91m........[0m[91m. 94%  138M 0s
 33100K .......[0m[91m... .....[0m[91m..... ...[0m[91m....... .[0m[91m........[0m[91m. .......[0m[91m... 94%  161M 0s
 33150K .....[0m[91m..... ..[0m[91m........[0m[91m ........[0m[91m.. ......[0m[91m.... ....[0m[91m...... 94%  168M 0s
 33200K ..[0m[91m........[0m[91m ........[0m[91m.. ......[0m[91m.... ....[0m[91m...... ..[0m[91m........ 94%  147M 0s[0m[91m
 33250K ........[0m[91m.. ......[0m[91m.... ....[0m[91m...... ..[0m[91m........[0m[91m ........[0m[91m.. 94%  138M 0s
 33300K ......[0m[91m.... ....[0m[91m...... ..[0m[91m.......[0m[91m. .......[0m[91m... .....[0m[91m..... 94%  159M 0s
 33350K ...[0m[91m....... .[0m[91m........[0m[91m. .......[0m[91m... .....[0m[91m..... ...[0m[91m....... 94%  163M 0s
 33400K .[0m[91m........[0m[91m. .......[0m[91m... .....[0m[91m..... ...[0m[91m....... .[0m[91m........[0m[91m. 95%  148M 0s
 33450K .......[0m[91m... .....[0m[91m..... ...[0m[91m....... .[0m[91m........[0m[91m. .......[0m[91m... 95%  167M 0s
 33500K ....[0m[91m...... ..[0m[91m........[0m[91m ........[0m[91m.. ......[0m[91m.... ....[0m[91m...... 95%  167M 0s
 33550K ..[0m[91m........[0m[91m ........[0m[91m.. ......[0m[91m.... ....[0m[91m...... ..[0m[91m........ 95%  162M 0s[0m[91m
 33600K ........[0m[91m.. ......[0m[91m.... ....[0m[91m...... ..[0m[91m........[0m[91m ........[0m[91m.. 95%  147M 0s
 33650K ......[0m[91m.... ....[0m[91m...... .[0m[91m........[0m[91m. .......[0m[91m... .....[0m[91m..... 95%  182M 0s
 33700K ...[0m[91m....... .[0m[91m........[0m[91m. .......[0m[91m... .....[0m[91m..... ...[0m[91m....... 95%  165M 0s
 33750K .[0m[91m........[0m[91m. .......[0m[91m... .....[0m[91m..... ...[0m[91m....... .[0m[91m........[0m[91m. 96%  148M 0s
 33800K .......[0m[91m... .....[0m[91m..... ...[0m[91m....... .[0m[91m.......[0m[91m.. ......[0m[91m.... 96%  173M 0s
 33850K ....[0m[91m...... ..[0m[91m........[0m[91m ........[0m[91m.. ......[0m[91m.... ....[0m[91m...... 96%  177M 0s
 33900K ..[0m[91m........[0m[91m ........[0m[91m.. ......[0m[91m.... ....[0m[91m...... ..[0m[91m........ 96% 5.55M 0s[0m[91m
 33950K ........[0m[91m.. ......[0m[91m.... ....[0m[91m...... ..[0m[91m........[0m[91m ........[0m[91m.. 96%  127M 0s
 34000K .....[0m[91m.[0m[91m.... ...[0m[91m....... .[0m[91m........[0m[91m. .......[0m[91m... .....[0m[91m..... 96%  124M 0s
 34050K ...[0m[91m....... .[0m[91m........[0m[91m. .......[0m[91m... .....[0m[91m..... ...[0m[91m....... 96%  139M 0s
 34100K .[0m[91m........[0m[91m. .......[0m[91m... .....[0m[91m..... ...[0m[91m....... .[0m[91m........[0m[91m. 97%  117M 0s
 34150K .......[0m[91m... .....[0m[91m..... ...[0m[91m.......[0m[91m ........[0m[91m.. ......[0m[91m.... 97%  144M 0s
 34200K ....[0m[91m...... ..[0m[91m........[0m[91m ........[0m[91m.. ......[0m[91m.... ....[0m[91m...... 97%  141M 0s
 34250K ..[0m[91m........[0m[91m ........[0m[91m.. ......[0m[91m.... ....[0m[91m...... ..[0m[91m........ 97%  144M 0s[0m[91m
 34300K ........[0m[91m.. ......[0m[91m.... ....[0m[91m...... ..[0m[91m........[0m[91m .......[0m[91m... 97%  125M 0s
 34350K .....[0m[91m..... ...[0m[91m....... .[0m[91m........[0m[91m. .......[0m[91m... .....[0m[91m..... 97%  126M 0s
 34400K ...[0m[91m....... .[0m[91m........[0m[91m. .......[0m[91m... .....[0m[91m..... ...[0m[91m....... 97%  180M 0s
 34450K .[0m[91m........[0m[91m. .......[0m[91m... .....[0m[91m..... ...[0m[91m....... .[0m[91m........[0m[91m. 98%  146M 0s
 34500K .......[0m[91m... .....[0m[91m..... ..[0m[91m........[0m[91m ........[0m[91m.. ......[0m[91m.... 98%  184M 0s
 34550K ....[0m[91m...... ..[0m[91m........[0m[91m ........[0m[91m.. ......[0m[91m.... ....[0m[91m...... 98%  178M 0s
 34600K ..[0m[91m........[0m[91m ........[0m[91m.. ......[0m[91m.... ....[0m[91m...... ..[0m[91m........ 98%  163M 0s[0m[91m
 34650K ........[0m[91m.. ......[0m[91m.... ....[0m[91m...... ..[0m[91m.......[0m[91m. .......[0m[91m... 98%  151M 0s
 34700K ..[0m[91m...[0m[91m..... ...[0m[91m....... .[0m[91m........[0m[91m. .......[0m[91m... .....[0m[91m..... 98%  162M 0s[0m[91m
 34750K ...[0m[91m....... .[0m[91m........[0m[91m. .......[0m[91m... .....[0m[91m..... ...[0m[91m....... 98%  165M 0s
 34800K .[0m[91m........[0m[91m. .......[0m[91m... .....[0m[91m..... ...[0m[91m....... .[0m[91m........[0m[91m. 99%  151M 0s
 34850K ......[0m[91m.... ....[0m[91m...... ..[0m[91m........[0m[91m ........[0m[91m.. ......[0m[91m.... 99%  169M 0s
 34900K ....[0m[91m...... ..[0m[91m........[0m[91m ........[0m[91m.. ......[0m[91m.... ....[0m[91m...... 99%  155M 0s
 34950K ..[0m[91m........[0m[91m ........[0m[91m.. ......[0m[91m.... ....[0m[91m...... ..[0m[91m........ 99%  159M 0s[0m[91m
 35000K ........[0m[91m.. ......[0m[91m.... ....[0m[91m...... .[0m[91m........[0m[91m. .......[0m[91m... 99%  146M 0s
 35050K .....[0m[91m..... ...[0m[91m....... .[0m[91m........[0m[91m. .......[0m[91m... .....[0m[91m..... 99%  160M 0s
 35100K ...[0m[91m....... .[0m[91m........[0m[91m. .......[0m[91m... .....[0m[91m..... ...[0m[91m....... 99%  148M 0s
 35150K .[0m[91m........        [0m[91m            [0m[91m  [0m[91m    [0m[91m       [0m[91m         [0m[91m   100%[0m[91m  146M[0m[91m=0.5s

[0m[91m2026-07-24 03:24:17 (65.9 MB/s) - 'pin-3.15-98253-gb56e429b1-gcc-linux.tar.gz' saved [36002884/36002884]

[0mpin-3.15-98253-gb56e429b1-gcc-linux/
pin-3.15-98253-gb56e429b1-gcc-linux/ia32/
pin-3.15-98253-gb56e429b1-gcc-linux/ia32/bin/
pin-3.15-98253-gb56e429b1-gcc-linux/ia32/bin/pindb
pin-3.15-98253-gb56e429b1-gcc-linux/ia32/bin/pinbin
pin-3.15-98253-gb56e429b1-gcc-linux/ia32/bin/pindb.sig
pin-3.15-98253-gb56e429b1-gcc-linux/ia32/bin/pinbin.sig
pin-3.15-98253-gb56e429b1-gcc-linux/ia32/runtime/
pin-3.15-98253-gb56e429b1-gcc-linux/ia32/runtime/pincrt/
pin-3.15-98253-gb56e429b1-gcc-linux/ia32/runtime/pincrt/libstlport-dynamic.so
pin-3.15-98253-gb56e429b1-gcc-linux/ia32/runtime/pincrt/crtend.o.sig
pin-3.15-98253-gb56e429b1-gcc-linux/ia32/runtime/pincrt/libdl-dynamic.so.sig
pin-3.15-98253-gb56e429b1-gcc-linux/ia32/runtime/pincrt/crtendS.o
pin-3.15-98253-gb56e429b1-gcc-linux/ia32/runtime/pincrt/libos-apis.a
pin-3.15-98253-gb56e429b1-gcc-linux/ia32/runtime/pincrt/libm-dynamic.so
pin-3.15-98253-gb56e429b1-gcc-linux/ia32/runtime/pincrt/crtbeginS.o
pin-3.15-98253-gb56e429b1-gcc-linux/ia32/runtime/pincrt/libdl-dynamic.so
pin-3.15-98253-gb56e429b1-gcc-linux/ia32/runtime/pincrt/libos-apis.a.sig
pin-3.15-98253-gb56e429b1-gcc-linux/ia32/runtime/pincrt/crtbegin.o
pin-3.15-98253-gb56e429b1-gcc-linux/ia32/runtime/pincrt/libc-static.a.sig
pin-3.15-98253-gb56e429b1-gcc-linux/ia32/runtime/pincrt/crtbegin.o.sig
pin-3.15-98253-gb56e429b1-gcc-linux/ia32/runtime/pincrt/libm-dynamic.so.sig
pin-3.15-98253-gb56e429b1-gcc-linux/ia32/runtime/pincrt/libunwind-dynamic.so
pin-3.15-98253-gb56e429b1-gcc-linux/ia32/runtime/pincrt/libunwind-dynamic.so.sig
pin-3.15-98253-gb56e429b1-gcc-linux/ia32/runtime/pincrt/libstlport-dynamic.so.sig
pin-3.15-98253-gb56e429b1-gcc-linux/ia32/runtime/pincrt/libc-static.a
pin-3.15-98253-gb56e429b1-gcc-linux/ia32/runtime/pincrt/crtendS.o.sig
pin-3.15-98253-gb56e429b1-gcc-linux/ia32/runtime/pincrt/libc-dynamic.so.sig
pin-3.15-98253-gb56e429b1-gcc-linux/ia32/runtime/pincrt/crtbeginS.o.sig
pin-3.15-98253-gb56e429b1-gcc-linux/ia32/runtime/pincrt/linker
pin-3.15-98253-gb56e429b1-gcc-linux/ia32/runtime/pincrt/crtend.o
pin-3.15-98253-gb56e429b1-gcc-linux/ia32/runtime/pincrt/linker.sig
pin-3.15-98253-gb56e429b1-gcc-linux/ia32/runtime/pincrt/libc-dynamic.so
pin-3.15-98253-gb56e429b1-gcc-linux/ia32/lib/
pin-3.15-98253-gb56e429b1-gcc-linux/ia32/lib/libpin.a
pin-3.15-98253-gb56e429b1-gcc-linux/ia32/lib/libpinjitprofiling.so
pin-3.15-98253-gb56e429b1-gcc-linux/ia32/lib/libsapin-icc.a
pin-3.15-98253-gb56e429b1-gcc-linux/ia32/lib/libsapin-icc.a.sig
pin-3.15-98253-gb56e429b1-gcc-linux/ia32/lib/libpin-icc.a
pin-3.15-98253-gb56e429b1-gcc-linux/ia32/lib/libpin.a.sig
pin-3.15-98253-gb56e429b1-gcc-linux/ia32/lib/libsapin.a.sig
pin-3.15-98253-gb56e429b1-gcc-linux/ia32/lib/libpinjitprofiling.so.sig
pin-3.15-98253-gb56e429b1-gcc-linux/ia32/lib/libsapin.a
pin-3.15-98253-gb56e429b1-gcc-linux/ia32/lib/libpin-icc.a.sig
pin-3.15-98253-gb56e429b1-gcc-linux/ia32/lib-ext/
pin-3.15-98253-gb56e429b1-gcc-linux/ia32/lib-ext/libpin3dwarf.so.sig
pin-3.15-98253-gb56e429b1-gcc-linux/ia32/lib-ext/libpin3dwarf.so
pin-3.15-98253-gb56e429b1-gcc-linux/doc/
pin-3.15-98253-gb56e429b1-gcc-linux/doc/html/
pin-3.15-98253-gb56e429b1-gcc-linux/doc/html/group__MISC__PRINT.html
pin-3.15-98253-gb56e429b1-gcc-linux/doc/html/classLEVEL__BASE_1_1KNOB__COMMENT-members.html
pin-3.15-98253-gb56e429b1-gcc-linux/doc/html/namespacemembers_func_f.html
pin-3.15-98253-gb56e429b1-gcc-linux/doc/html/unionPIN__MEM__TRANS__FLAGS-members.html
pin-3.15-98253-gb56e429b1-gcc-linux/doc/html/group__INS__BASIC__API.html
pin-3.15-98253-gb56e429b1-gcc-linux/doc/html/structDEBUG__MODE.html
pin-3.15-98253-gb56e429b1-gcc-linux/doc/html/dir_21e20cf0cf232fff582d602bb26a8701.html
pin-3.15-98253-gb56e429b1-gcc-linux/doc/html/structLEVEL__BASE_1_1PIN__LOCK.html
pin-3.15-98253-gb56e429b1-gcc-linux/doc/html/classes.html
pin-3.15-98253-gb56e429b1-gcc-linux/doc/html/structPIN__MULTI__MEM__ACCESS__INFO-members.html
pin-3.15-98253-gb56e429b1-gcc-linux/doc/html/namespacemembers_h.html
pin-3.15-98253-gb56e429b1-gcc-linux/doc/html/open.png
pin-3.15-98253-gb56e429b1-gcc-linux/doc/html/tabs.css
pin-3.15-98253-gb56e429b1-gcc-linux/doc/html/group__CHILD__PROCESS__API.html
pin-3.15-98253-gb56e429b1-gcc-linux/doc/html/dir_eb16a3aedc0606997205bf9711a4b5ca.html
pin-3.15-98253-gb56e429b1-gcc-linux/doc/html/namespaces.html
pin-3.15-98253-gb56e429b1-gcc-linux/doc/html/namespacemembers_n.html
pin-3.15-98253-gb56e429b1-gcc-linux/doc/html/group__PIN__PROCESS__API.html
pin-3.15-98253-gb56e429b1-gcc-linux/doc/html/dir_06ee81fe34f2a11272bc81e4e56bbf9a.html
pin-3.15-98253-gb56e429b1-gcc-linux/doc/html/structLEVEL__BASE_1_1HEXSTR.html
pin-3.15-98253-gb56e429b1-gcc-linux/doc/html/group__PIN__CALLBACKS.html
pin-3.15-98253-gb56e429b1-gcc-linux/doc/html/namespacemembers_enum.html
pin-3.15-98253-gb56e429b1-gcc-linux/doc/html/structDEBUG__MODE-members.html
pin-3.15-98253-gb56e429b1-gcc-linux/doc/html/namespacemembers_k.html
pin-3.15-98253-gb56e429b1-gcc-linux/doc/html/pin-debugger-project-properties1.png
pin-3.15-98253-gb56e429b1-gcc-linux/doc/html/struct__PinPargClass_3_01unsigned_01int_01_4-members.html
pin-3.15-98253-gb56e429b1-gcc-linux/doc/html/jquery.js
pin-3.15-98253-gb56e429b1-gcc-linux/doc/html/classLEVEL__BASE_1_1ADDRESS__RANGE-members.html
pin-3.15-98253-gb56e429b1-gcc-linux/doc/html/namespacemembers_b.html
pin-3.15-98253-gb56e429b1-gcc-linux/doc/html/struct__PinPargClass_3_01T_01_5_01_4-members.html
pin-3.15-98253-gb56e429b1-gcc-linux/doc/html/group__INS__MOD__API__GEN__IA32.html
pin-3.15-98253-gb56e429b1-gcc-linux/doc/html/struct__PinPargClass_3_01void_01_4-members.html
pin-3.15-98253-gb56e429b1-gcc-linux/doc/html/structPIN__MEM__ACCESS__INFO.html
pin-3.15-98253-gb56e429b1-gcc-linux/doc/html/folderclosed.png
pin-3.15-98253-gb56e429b1-gcc-linux/doc/html/unionPIN__REGISTER.html
pin-3.15-98253-gb56e429b1-gcc-linux/doc/html/classLEVEL__BASE_1_1KNOBVALUE__LIST-members.html
pin-3.15-98253-gb56e429b1-gcc-linux/doc/html/classLEVEL__CORE_1_1REGISTER__SET.html
pin-3.15-98253-gb56e429b1-gcc-linux/doc/html/group__RTN__BASIC__API.html
pin-3.15-98253-gb56e429b1-gcc-linux/doc/html/menudata.js
pin-3.15-98253-gb56e429b1-gcc-linux/doc/html/namespacemembers_type.html
pin-3.15-98253-gb56e429b1-gcc-linux/doc/html/dir_6e118bf1f932fd7df0142984daf55554.html
pin-3.15-98253-gb56e429b1-gcc-linux/doc/html/struct__PinPargClass_3_01float_01_4-members.html
pin-3.15-98253-gb56e429b1-gcc-linux/doc/html/pin-debugger-attach.png
pin-3.15-98253-gb56e429b1-gcc-linux/doc/html/group__UTILS.html
pin-3.15-98253-gb56e429b1-gcc-linux/doc/html/dir_74cc14b9db571419ea878685fc1c3f7e.html
pin-3.15-98253-gb56e429b1-gcc-linux/doc/html/classLEVEL__BASE_1_1PARSER.html
pin-3.15-98253-gb56e429b1-gcc-linux/doc/html/group__IMG__BASIC__API.html
pin-3.15-98253-gb56e429b1-gcc-linux/doc/html/classLEVEL__BASE_1_1KNOB.html
pin-3.15-98253-gb56e429b1-gcc-linux/doc/html/namespacemembers_func_o.html
pin-3.15-98253-gb56e429b1-gcc-linux/doc/html/namespaceLEVEL__BASE.html
pin-3.15-98253-gb56e429b1-gcc-linux/doc/html/struct__PinPargClass_3_01unsigned_01long_01long_01_4.html
pin-3.15-98253-gb56e429b1-gcc-linux/doc/html/group__REG__BASIC__API.html
pin-3.15-98253-gb56e429b1-gcc-linux/doc/html/structLEVEL__BASE_1_1ImageLoaderInfo.html
pin-3.15-98253-gb56e429b1-gcc-linux/doc/html/namespacemembers_o.html
pin-3.15-98253-gb56e429b1-gcc-linux/doc/html/struct__PinPargClass-members.html
pin-3.15-98253-gb56e429b1-gcc-linux/doc/html/classLEVEL__PINCLIENT_1_1SymbolAddressRange.html
pin-3.15-98253-gb56e429b1-gcc-linux/doc/html/bdwn.png
pin-3.15-98253-gb56e429b1-gcc-linux/doc/html/group__INS__BASIC__API__IA32.html
pin-3.15-98253-gb56e429b1-gcc-linux/doc/html/group__INSTLIB.html
pin-3.15-98253-gb56e429b1-gcc-linux/doc/html/namespacemembers_func_d.html
pin-3.15-98253-gb56e429b1-gcc-linux/doc/html/structLEVEL__BASE_1_1ImageLoaderInfo-members.html
pin-3.15-98253-gb56e429b1-gcc-linux/doc/html/group__DEPRECATED__PIN__API.html
pin-3.15-98253-gb56e429b1-gcc-linux/doc/html/namespacemembers_func_r.html
pin-3.15-98253-gb56e429b1-gcc-linux/doc/html/namespacemembers_func_l.html
pin-3.15-98253-gb56e429b1-gcc-linux/doc/html/struct__PinPargClass_3_01double_01_4-members.html
pin-3.15-98253-gb56e429b1-gcc-linux/doc/html/struct__tcpClientStruct-members.html
pin-3.15-98253-gb56e429b1-gcc-linux/doc/html/namespacemembers_func.html
pin-3.15-98253-gb56e429b1-gcc-linux/doc/html/struct__PinPargClass_3_01unsigned_01char_01_4.html
pin-3.15-98253-gb56e429b1-gcc-linux/doc/html/namespacemembers_func_u.html
pin-3.15-98253-gb56e429b1-gcc-linux/doc/html/struct__PinPargClass_3_01short_01_4.html
pin-3.15-98253-gb56e429b1-gcc-linux/doc/html/namespacemembers_e.html
pin-3.15-98253-gb56e429b1-gcc-linux/doc/html/nav_h.png
pin-3.15-98253-gb56e429b1-gcc-linux/doc/html/structPARG__T-members.html
pin-3.15-98253-gb56e429b1-gcc-linux/doc/html/group__ERROR__FILE__BASIC.html
pin-3.15-98253-gb56e429b1-gcc-linux/doc/html/struct__PinPargClass_3_01unsigned_01short_01_4-members.html
pin-3.15-98253-gb56e429b1-gcc-linux/doc/html/struct__PinPargClass_3_01char_01_4-members.html
pin-3.15-98253-gb56e429b1-gcc-linux/doc/html/namespacemembers_m.html
pin-3.15-98253-gb56e429b1-gcc-linux/doc/html/structLEVEL__BASE_1_1DECSTR-members.html
pin-3.15-98253-gb56e429b1-gcc-linux/doc/html/group__INST__ARGS.html
pin-3.15-98253-gb56e429b1-gcc-linux/doc/html/structDEBUG__CONNECTION__INFO-members.html
pin-3.15-98253-gb56e429b1-gcc-linux/doc/html/pin-debugger-project-properties2.png
pin-3.15-98253-gb56e429b1-gcc-linux/doc/html/namespacemembers_a.html
pin-3.15-98253-gb56e429b1-gcc-linux/doc/html/group__TYPE__BASE.html
pin-3.15-98253-gb56e429b1-gcc-linux/doc/html/structLEVEL__BASE_1_1FLTSTR.html
pin-3.15-98253-gb56e429b1-gcc-linux/doc/html/sync_on.png
pin-3.15-98253-gb56e429b1-gcc-linux/doc/html/folderopen.png
pin-3.15-98253-gb56e429b1-gcc-linux/doc/html/group__LOCK.html
pin-3.15-98253-gb56e429b1-gcc-linux/doc/html/namespacemembers_func_e.html
pin-3.15-98253-gb56e429b1-gcc-linux/doc/html/group__INS__BASIC__API__GEN__IA32.html
pin-3.15-98253-gb56e429b1-gcc-linux/doc/html/struct__PinPargClass_3_01unsigned_01long_01_4.html
pin-3.15-98253-gb56e429b1-gcc-linux/doc/html/namespacemembers_r.html
pin-3.15-98253-gb56e429b1-gcc-linux/doc/html/dynsections.js
pin-3.15-98253-gb56e429b1-gcc-linux/doc/html/namespacemembers_p.html
pin-3.15-98253-gb56e429b1-gcc-linux/doc/html/classLEVEL__BASE_1_1ADDRESS__RANGE.html
pin-3.15-98253-gb56e429b1-gcc-linux/doc/html/dir_2e1310a27e6e866fa4f1b410a6fdfad5.html
pin-3.15-98253-gb56e429b1-gcc-linux/doc/html/search/
pin-3.15-98253-gb56e429b1-gcc-linux/doc/html/search/variables_5.html
pin-3.15-98253-gb56e429b1-gcc-linux/doc/html/search/all_3.html
pin-3.15-98253-gb56e429b1-gcc-linux/doc/html/search/all_0.js
pin-3.15-98253-gb56e429b1-gcc-linux/doc/html/search/all_f.html
pin-3.15-98253-gb56e429b1-gcc-linux/doc/html/search/functions_7.html
pin-3.15-98253-gb56e429b1-gcc-linux/doc/html/search/typedefs_4.js
pin-3.15-98253-gb56e429b1-gcc-linux/doc/html/search/enumvalues_9.html
pin-3.15-98253-gb56e429b1-gcc-linux/doc/html/search/enums_8.html
pin-3.15-98253-gb56e429b1-gcc-linux/doc/html/search/groups_c.js
pin-3.15-98253-gb56e429b1-gcc-linux/doc/html/search/groups_9.js
pin-3.15-98253-gb56e429b1-gcc-linux/doc/html/search/typedefs_8.js
pin-3.15-98253-gb56e429b1-gcc-linux/doc/html/search/functions_d.js
pin-3.15-98253-gb56e429b1-gcc-linux/doc/html/search/typedefs_6.js
pin-3.15-98253-gb56e429b1-gcc-linux/doc/html/search/all_13.html
pin-3.15-98253-gb56e429b1-gcc-linux/doc/html/search/namespaces_0.html
pin-3.15-98253-gb56e429b1-gcc-linux/doc/html/search/all_2.html
pin-3.15-98253-gb56e429b1-gcc-linux/doc/html/search/functions_f.html
pin-3.15-98253-gb56e429b1-gcc-linux/doc/html/search/enums_9.html
pin-3.15-98253-gb56e429b1-gcc-linux/doc/html/search/groups_1.js
pin-3.15-98253-gb56e429b1-gcc-linux/doc/html/search/typedefs_a.js
pin-3.15-98253-gb56e429b1-gcc-linux/doc/html/search/classes_a.html
pin-3.15-98253-gb56e429b1-gcc-linux/doc/html/search/classes_2.js
pin-3.15-98253-gb56e429b1-gcc-linux/doc/html/search/classes_5.html
pin-3.15-98253-gb56e429b1-gcc-linux/doc/html/search/typedefs_1.js
pin-3.15-98253-gb56e429b1-gcc-linux/doc/html/search/groups_3.js
pin-3.15-98253-gb56e429b1-gcc-linux/doc/html/search/typedefs_1.html
pin-3.15-98253-gb56e429b1-gcc-linux/doc/html/search/groups_7.js
pin-3.15-98253-gb56e429b1-gcc-linux/doc/html/search/all_14.js
pin-3.15-98253-gb56e429b1-gcc-linux/doc/html/search/groups_2.html
pin-3.15-98253-gb56e429b1-gcc-linux/doc/html/search/groups_c.html
pin-3.15-98253-gb56e429b1-gcc-linux/doc/html/search/all_7.html
pin-3.15-98253-gb56e429b1-gcc-linux/doc/html/search/close.png
pin-3.15-98253-gb56e429b1-gcc-linux/doc/html/search/groups_b.html
pin-3.15-98253-gb56e429b1-gcc-linux/doc/html/search/typedefs_7.html
pin-3.15-98253-gb56e429b1-gcc-linux/doc/html/search/enums_b.html
pin-3.15-98253-gb56e429b1-gcc-linux/doc/html/search/functions_c.html
pin-3.15-98253-gb56e429b1-gcc-linux/doc/html/search/enumvalues_9.js
pin-3.15-98253-gb56e429b1-gcc-linux/doc/html/search/classes_6.html
pin-3.15-98253-gb56e429b1-gcc-linux/doc/html/search/variables_1.html
pin-3.15-98253-gb56e429b1-gcc-linux/doc/html/search/functions_9.js
pin-3.15-98253-gb56e429b1-gcc-linux/doc/html/search/enums_6.js
pin-3.15-98253-gb56e429b1-gcc-linux/doc/html/search/functions_0.js
pin-3.15-98253-gb56e429b1-gcc-linux/doc/html/search/search_l.png
pin-3.15-98253-gb56e429b1-gcc-linux/doc/html/search/typedefs_7.js
pin-3.15-98253-gb56e429b1-gcc-linux/doc/html/search/enums_7.html
pin-3.15-98253-gb56e429b1-gcc-linux/doc/html/search/all_9.html
pin-3.15-98253-gb56e429b1-gcc-linux/doc/html/search/enums_0.js
pin-3.15-98253-gb56e429b1-gcc-linux/doc/html/search/groups_f.html
pin-3.15-98253-gb56e429b1-gcc-linux/doc/html/search/functions_11.js
pin-3.15-98253-gb56e429b1-gcc-linux/doc/html/search/enumvalues_6.html
pin-3.15-98253-gb56e429b1-gcc-linux/doc/html/search/classes_4.js
pin-3.15-98253-gb56e429b1-gcc-linux/doc/html/search/groups_a.js
pin-3.15-98253-gb56e429b1-gcc-linux/doc/html/search/enumvalues_0.html
pin-3.15-98253-gb56e429b1-gcc-linux/doc/html/search/search.js
pin-3.15-98253-gb56e429b1-gcc-linux/doc/html/search/all_c.js
pin-3.15-98253-gb56e429b1-gcc-linux/doc/html/search/all_10.html
pin-3.15-98253-gb56e429b1-gcc-linux/doc/html/search/groups_3.html
pin-3.15-98253-gb56e429b1-gcc-linux/doc/html/search/groups_6.js
pin-3.15-98253-gb56e429b1-gcc-linux/doc/html/search/enumvalues_5.html
pin-3.15-98253-gb56e429b1-gcc-linux/doc/html/search/search.css
pin-3.15-98253-gb56e429b1-gcc-linux/doc/html/search/all_5.html
pin-3.15-98253-gb56e429b1-gcc-linux/doc/html/search/classes_0.js
pin-3.15-98253-gb56e429b1-gcc-linux/doc/html/search/all_6.js
pin-3.15-98253-gb56e429b1-gcc-linux/doc/html/search/searchdata.js
pin-3.15-98253-gb56e429b1-gcc-linux/doc/html/search/all_1.js
pin-3.15-98253-gb56e429b1-gcc-linux/doc/html/search/enumvalues_4.html
pin-3.15-98253-gb56e429b1-gcc-linux/doc/html/search/all_12.js
pin-3.15-98253-gb56e429b1-gcc-linux/doc/html/search/all_4.html
pin-3.15-98253-gb56e429b1-gcc-linux/doc/html/search/all_11.html
pin-3.15-98253-gb56e429b1-gcc-linux/doc/html/search/enumvalues_2.js
pin-3.15-98253-gb56e429b1-gcc-linux/doc/html/search/groups_8.js
pin-3.15-98253-gb56e429b1-gcc-linux/doc/html/search/typedefs_b.js
pin-3.15-98253-gb56e429b1-gcc-linux/doc/html/search/all_8.js
pin-3.15-98253-gb56e429b1-gcc-linux/doc/html/search/enumvalues_8.js
pin-3.15-98253-gb56e429b1-gcc-linux/doc/html/search/functions_e.js
pin-3.15-98253-gb56e429b1-gcc-linux/doc/html/search/typedefs_b.html
pin-3.15-98253-gb56e429b1-gcc-linux/doc/html/search/groups_d.html
pin-3.15-98253-gb56e429b1-gcc-linux/doc/html/search/functions_d.html
pin-3.15-98253-gb56e429b1-gcc-linux/doc/html/search/enums_3.js
pin-3.15-98253-gb56e429b1-gcc-linux/doc/html/search/functions_2.html
pin-3.15-98253-gb56e429b1-gcc-linux/doc/html/search/all_5.js
pin-3.15-98253-gb56e429b1-gcc-linux/doc/html/search/typedefs_4.html
pin-3.15-98253-gb56e429b1-gcc-linux/doc/html/search/enumvalues_0.js
pin-3.15-98253-gb56e429b1-gcc-linux/doc/html/search/all_6.html
pin-3.15-98253-gb56e429b1-gcc-linux/doc/html/search/mag_sel.png
pin-3.15-98253-gb56e429b1-gcc-linux/doc/html/search/variables_4.js
pin-3.15-98253-gb56e429b1-gcc-linux/doc/html/search/all_4.js
pin-3.15-98253-gb56e429b1-gcc-linux/doc/html/search/functions_e.html
pin-3.15-98253-gb56e429b1-gcc-linux/doc/html/search/typedefs_2.js
pin-3.15-98253-gb56e429b1-gcc-linux/doc/html/search/groups_4.html
pin-3.15-98253-gb56e429b1-gcc-linux/doc/html/search/all_b.html
pin-3.15-98253-gb56e429b1-gcc-linux/doc/html/search/classes_5.js
pin-3.15-98253-gb56e429b1-gcc-linux/doc/html/search/functions_7.js
pin-3.15-98253-gb56e429b1-gcc-linux/doc/html/search/enumvalues_5.js
pin-3.15-98253-gb56e429b1-gcc-linux/doc/html/search/enums_2.html
pin-3.15-98253-gb56e429b1-gcc-linux/doc/html/search/enumvalues_7.js
pin-3.15-98253-gb56e429b1-gcc-linux/doc/html/search/groups_e.js
pin-3.15-98253-gb56e429b1-gcc-linux/doc/html/search/functions_4.js
pin-3.15-98253-gb56e429b1-gcc-linux/doc/html/search/classes_9.js
pin-3.15-98253-gb56e429b1-gcc-linux/doc/html/search/classes_1.html
pin-3.15-98253-gb56e429b1-gcc-linux/doc/html/search/classes_3.js
pin-3.15-98253-gb56e429b1-gcc-linux/doc/html/search/typedefs_0.html
pin-3.15-98253-gb56e429b1-gcc-linux/doc/html/search/groups_0.js
pin-3.15-98253-gb56e429b1-gcc-linux/doc/html/search/variables_2.html
pin-3.15-98253-gb56e429b1-gcc-linux/doc/html/search/functions_3.html
pin-3.15-98253-gb56e429b1-gcc-linux/doc/html/search/functions_12.js
pin-3.15-98253-gb56e429b1-gcc-linux/doc/html/search/functions_8.html
pin-3.15-98253-gb56e429b1-gcc-linux/doc/html/search/nomatches.html
pin-3.15-98253-gb56e429b1-gcc-linux/doc/html/search/pages_0.js
pin-3.15-98253-gb56e429b1-gcc-linux/doc/html/search/functions_5.html
pin-3.15-98253-gb56e429b1-gcc-linux/doc/html/search/all_3.js
pin-3.15-98253-gb56e429b1-gcc-linux/doc/html/search/variables_3.html
pin-3.15-98253-gb56e429b1-gcc-linux/doc/html/search/enums_5.js
pin-3.15-98253-gb56e429b1-gcc-linux/doc/html/search/search_m.png
pin-3.15-98253-gb56e429b1-gcc-linux/doc/html/search/enumvalues_a.html
pin-3.15-98253-gb56e429b1-gcc-linux/doc/html/search/variables_2.js
pin-3.15-98253-gb56e429b1-gcc-linux/doc/html/search/enums_a.js
pin-3.15-98253-gb56e429b1-gcc-linux/doc/html/search/all_2.js
pin-3.15-98253-gb56e429b1-gcc-linux/doc/html/search/all_11.js
pin-3.15-98253-gb56e429b1-gcc-linux/doc/html/search/groups_0.html
pin-3.15-98253-gb56e429b1-gcc-linux/doc/html/search/groups_5.js
pin-3.15-98253-gb56e429b1-gcc-linux/doc/html/search/all_e.js
pin-3.15-98253-gb56e429b1-gcc-linux/doc/html/search/enumvalues_b.html
pin-3.15-98253-gb56e429b1-gcc-linux/doc/html/search/typedefs_a.html
pin-3.15-98253-gb56e429b1-gcc-linux/doc/html/search/variables_0.js
pin-3.15-98253-gb56e429b1-gcc-linux/doc/html/search/variables_5.js
pin-3.15-98253-gb56e429b1-gcc-linux/doc/html/search/functions_5.js
pin-3.15-98253-gb56e429b1-gcc-linux/doc/html/search/all_d.js
pin-3.15-98253-gb56e429b1-gcc-linux/doc/html/search/all_14.html
pin-3.15-98253-gb56e429b1-gcc-linux/doc/html/search/all_d.html
pin-3.15-98253-gb56e429b1-gcc-linux/doc/html/search/groups_7.html
pin-3.15-98253-gb56e429b1-gcc-linux/doc/html/search/groups_8.html
pin-3.15-98253-gb56e429b1-gcc-linux/doc/html/search/functions_9.html
pin-3.15-98253-gb56e429b1-gcc-linux/doc/html/search/classes_1.js
pin-3.15-98253-gb56e429b1-gcc-linux/doc/html/search/functions_10.html
pin-3.15-98253-gb56e429b1-gcc-linux/doc/html/search/typedefs_9.js
pin-3.15-98253-gb56e429b1-gcc-linux/doc/html/search/functions_12.html
pin-3.15-98253-gb56e429b1-gcc-linux/doc/html/search/enums_6.html
pin-3.15-98253-gb56e429b1-gcc-linux/doc/html/search/enums_8.js
pin-3.15-98253-gb56e429b1-gcc-linux/doc/html/search/classes_8.html
pin-3.15-98253-gb56e429b1-gcc-linux/doc/html/search/functions_10.js
pin-3.15-98253-gb56e429b1-gcc-linux/doc/html/search/enums_3.html
pin-3.15-98253-gb56e429b1-gcc-linux/doc/html/search/typedefs_8.html
pin-3.15-98253-gb56e429b1-gcc-linux/doc/html/search/enums_4.html
pin-3.15-98253-gb56e429b1-gcc-linux/doc/html/search/variables_3.js
pin-3.15-98253-gb56e429b1-gcc-linux/doc/html/search/enums_4.js
pin-3.15-98253-gb56e429b1-gcc-linux/doc/html/search/all_0.html
pin-3.15-98253-gb56e429b1-gcc-linux/doc/html/search/classes_7.html
pin-3.15-98253-gb56e429b1-gcc-linux/doc/html/search/enums_5.html
pin-3.15-98253-gb56e429b1-gcc-linux/doc/html/search/classes_9.html
pin-3.15-98253-gb56e429b1-gcc-linux/doc/html/search/groups_1.html
pin-3.15-98253-gb56e429b1-gcc-linux/doc/html/search/all_12.html
pin-3.15-98253-gb56e429b1-gcc-linux/doc/html/search/enums_9.js
pin-3.15-98253-gb56e429b1-gcc-linux/doc/html/search/enums_1.js
pin-3.15-98253-gb56e429b1-gcc-linux/doc/html/search/classes_8.js
pin-3.15-98253-gb56e429b1-gcc-linux/doc/html/search/groups_d.js
pin-3.15-98253-gb56e429b1-gcc-linux/doc/html/search/all_a.html
pin-3.15-98253-gb56e429b1-gcc-linux/doc/html/search/enumvalues_1.html
pin-3.15-98253-gb56e429b1-gcc-linux/doc/html/search/classes_7.js
pin-3.15-98253-gb56e429b1-gcc-linux/doc/html/search/enumvalues_1.js
pin-3.15-98253-gb56e429b1-gcc-linux/doc/html/search/classes_4.html
pin-3.15-98253-gb56e429b1-gcc-linux/doc/html/search/groups_5.html
pin-3.15-98253-gb56e429b1-gcc-linux/doc/html/search/all_1.html
pin-3.15-98253-gb56e429b1-gcc-linux/doc/html/search/enumvalues_7.html
pin-3.15-98253-gb56e429b1-gcc-linux/doc/html/search/groups_2.js
pin-3.15-98253-gb56e429b1-gcc-linux/doc/html/search/functions_0.html
pin-3.15-98253-gb56e429b1-gcc-linux/doc/html/search/groups_e.html
pin-3.15-98253-gb56e429b1-gcc-linux/doc/html/search/typedefs_9.html
pin-3.15-98253-gb56e429b1-gcc-linux/doc/html/search/enums_a.html
pin-3.15-98253-gb56e429b1-gcc-linux/doc/html/search/groups_b.js
pin-3.15-98253-gb56e429b1-gcc-linux/doc/html/search/groups_f.js
pin-3.15-98253-gb56e429b1-gcc-linux/doc/html/search/enumvalues_6.js
pin-3.15-98253-gb56e429b1-gcc-linux/doc/html/search/functions_11.html
pin-3.15-98253-gb56e429b1-gcc-linux/doc/html/search/typedefs_5.js
pin-3.15-98253-gb56e429b1-gcc-linux/doc/html/search/enumvalues_8.html
pin-3.15-98253-gb56e429b1-gcc-linux/doc/html/search/functions_4.html
pin-3.15-98253-gb56e429b1-gcc-linux/doc/html/search/functions_a.js
pin-3.15-98253-gb56e429b1-gcc-linux/doc/html/search/groups_6.html
pin-3.15-98253-gb56e429b1-gcc-linux/doc/html/search/groups_a.html
pin-3.15-98253-gb56e429b1-gcc-linux/doc/html/search/groups_4.js
pin-3.15-98253-gb56e429b1-gcc-linux/doc/html/search/pages_0.html
pin-3.15-98253-gb56e429b1-gcc-linux/doc/html/search/classes_3.html
pin-3.15-98253-gb56e429b1-gcc-linux/doc/html/search/functions_b.js
pin-3.15-98253-gb56e429b1-gcc-linux/doc/html/search/all_10.js
pin-3.15-98253-gb56e429b1-gcc-linux/doc/html/search/enumvalues_2.html
pin-3.15-98253-gb56e429b1-gcc-linux/doc/html/search/all_8.html
pin-3.15-98253-gb56e429b1-gcc-linux/doc/html/search/all_13.js
pin-3.15-98253-gb56e429b1-gcc-linux/doc/html/search/enums_7.js
pin-3.15-98253-gb56e429b1-gcc-linux/doc/html/search/enumvalues_b.js
pin-3.15-98253-gb56e429b1-gcc-linux/doc/html/search/enumvalues_3.js
pin-3.15-98253-gb56e429b1-gcc-linux/doc/html/search/functions_6.js
pin-3.15-98253-gb56e429b1-gcc-linux/doc/html/search/variables_0.html
pin-3.15-98253-gb56e429b1-gcc-linux/doc/html/search/functions_3.js
pin-3.15-98253-gb56e429b1-gcc-linux/doc/html/search/typedefs_6.html
pin-3.15-98253-gb56e429b1-gcc-linux/doc/html/search/all_b.js
pin-3.15-98253-gb56e429b1-gcc-linux/doc/html/search/functions_1.html
pin-3.15-98253-gb56e429b1-gcc-linux/doc/html/search/all_e.html
pin-3.15-98253-gb56e429b1-gcc-linux/doc/html/search/classes_b.js
pin-3.15-98253-gb56e429b1-gcc-linux/doc/html/search/enumvalues_a.js
pin-3.15-98253-gb56e429b1-gcc-linux/doc/html/search/variables_1.js
pin-3.15-98253-gb56e429b1-gcc-linux/doc/html/search/classes_a.js
pin-3.15-98253-gb56e429b1-gcc-linux/doc/html/search/typedefs_5.html
pin-3.15-98253-gb56e429b1-gcc-linux/doc/html/search/groups_9.html
pin-3.15-98253-gb56e429b1-gcc-linux/doc/html/search/all_c.html
pin-3.15-98253-gb56e429b1-gcc-linux/doc/html/search/all_f.js
pin-3.15-98253-gb56e429b1-gcc-linux/doc/html/search/enumvalues_3.html
pin-3.15-98253-gb56e429b1-gcc-linux/doc/html/search/functions_f.js
pin-3.15-98253-gb56e429b1-gcc-linux/doc/html/search/functions_b.html
pin-3.15-98253-gb56e429b1-gcc-linux/doc/html/search/enums_1.html
pin-3.15-98253-gb56e429b1-gcc-linux/doc/html/search/namespaces_0.js
pin-3.15-98253-gb56e429b1-gcc-linux/doc/html/search/all_7.js
pin-3.15-98253-gb56e429b1-gcc-linux/doc/html/search/all_9.js
pin-3.15-98253-gb56e429b1-gcc-linux/doc/html/search/typedefs_0.js
pin-3.15-98253-gb56e429b1-gcc-linux/doc/html/search/classes_2.html
pin-3.15-98253-gb56e429b1-gcc-linux/doc/html/search/classes_6.js
pin-3.15-98253-gb56e429b1-gcc-linux/doc/html/search/functions_6.html
pin-3.15-98253-gb56e429b1-gcc-linux/doc/html/search/functions_8.js
pin-3.15-98253-gb56e429b1-gcc-linux/doc/html/search/functions_2.js
pin-3.15-98253-gb56e429b1-gcc-linux/doc/html/search/enums_0.html
pin-3.15-98253-gb56e429b1-gcc-linux/doc/html/search/typedefs_3.js
pin-3.15-98253-gb56e429b1-gcc-linux/doc/html/search/classes_b.html
pin-3.15-98253-gb56e429b1-gcc-linux/doc/html/search/typedefs_2.html
pin-3.15-98253-gb56e429b1-gcc-linux/doc/html/search/enums_b.js
pin-3.15-98253-gb56e429b1-gcc-linux/doc/html/search/functions_c.js
pin-3.15-98253-gb56e429b1-gcc-linux/doc/html/search/enumvalues_4.js
pin-3.15-98253-gb56e429b1-gcc-linux/doc/html/search/enums_2.js
pin-3.15-98253-gb56e429b1-gcc-linux/doc/html/search/variables_4.html
pin-3.15-98253-gb56e429b1-gcc-linux/doc/html/search/functions_1.js
pin-3.15-98253-gb56e429b1-gcc-linux/doc/html/search/typedefs_3.html
pin-3.15-98253-gb56e429b1-gcc-linux/doc/html/search/search_r.png
pin-3.15-98253-gb56e429b1-gcc-linux/doc/html/search/functions_a.html
pin-3.15-98253-gb56e429b1-gcc-linux/doc/html/search/all_a.js
pin-3.15-98253-gb56e429b1-gcc-linux/doc/html/search/classes_0.html
pin-3.15-98253-gb56e429b1-gcc-linux/doc/html/structCALL__APPLICATION__FUNCTION__PARAM.html
pin-3.15-98253-gb56e429b1-gcc-linux/doc/html/annotated.html
pin-3.15-98253-gb56e429b1-gcc-linux/doc/html/classLEVEL__BASE_1_1PARSER-members.html
pin-3.15-98253-gb56e429b1-gcc-linux/doc/html/classLEVEL__BASE_1_1KNOBVALUE__LIST.html
pin-3.15-98253-gb56e429b1-gcc-linux/doc/html/index.html
pin-3.15-98253-gb56e429b1-gcc-linux/doc/html/tab_a.png
pin-3.15-98253-gb56e429b1-gcc-linux/doc/html/struct__PinPargClass_3_01short_01_4-members.html
pin-3.15-98253-gb56e429b1-gcc-linux/doc/html/group__PROTO.html
pin-3.15-98253-gb56e429b1-gcc-linux/doc/html/struct__PinPargClass_3_01unsigned_01int_01_4.html
pin-3.15-98253-gb56e429b1-gcc-linux/doc/html/structLEVEL__BASE_1_1LINUX__LOADER__IMAGE__INFO-members.html
pin-3.15-98253-gb56e429b1-gcc-linux/doc/html/namespacemembers_func_p.html
pin-3.15-98253-gb56e429b1-gcc-linux/doc/html/struct__tcpServerStruct.html
pin-3.15-98253-gb56e429b1-gcc-linux/doc/html/structCALL__APPLICATION__FUNCTION__PARAM-members.html
pin-3.15-98253-gb56e429b1-gcc-linux/doc/html/classLEVEL__BASE_1_1COMMAND__LINE__ARGUMENTS-members.html
pin-3.15-98253-gb56e429b1-gcc-linux/doc/html/doxygen.css
pin-3.15-98253-gb56e429b1-gcc-linux/doc/html/unionPIN__REGISTER-members.html
pin-3.15-98253-gb56e429b1-gcc-linux/doc/html/structLEVEL__BASE_1_1FLTSTR-members.html
pin-3.15-98253-gb56e429b1-gcc-linux/doc/html/namespacemembers_l.html
pin-3.15-98253-gb56e429b1-gcc-linux/doc/html/classLEVEL__PINCLIENT_1_1SymbolAddressRange-members.html
pin-3.15-98253-gb56e429b1-gcc-linux/doc/html/classLEVEL__BASE_1_1COMMAND__LINE__ARGUMENTS.html
pin-3.15-98253-gb56e429b1-gcc-linux/doc/html/sync_off.png
pin-3.15-98253-gb56e429b1-gcc-linux/doc/html/struct__PinPargClass_3_01bool_01_4.html
pin-3.15-98253-gb56e429b1-gcc-linux/doc/html/group__DEBUG__API.html
pin-3.15-98253-gb56e429b1-gcc-linux/doc/html/stack-debugger-commands.png
pin-3.15-98253-gb56e429b1-gcc-linux/doc/html/group__EXCEPTION__API.html
pin-3.15-98253-gb56e429b1-gcc-linux/doc/html/struct__PinPargClass_3_01char_01_4.html
pin-3.15-98253-gb56e429b1-gcc-linux/doc/html/group__PIN__CONTROL.html
pin-3.15-98253-gb56e429b1-gcc-linux/doc/html/namespacemembers_s.html
pin-3.15-98253-gb56e429b1-gcc-linux/doc/html/struct__PinPargClass_3_01unsigned_01long_01long_01_4-members.html
pin-3.15-98253-gb56e429b1-gcc-linux/doc/html/namespacemembers_func_s.html
pin-3.15-98253-gb56e429b1-gcc-linux/doc/html/group__INS__INST__API.html
pin-3.15-98253-gb56e429b1-gcc-linux/doc/html/hierarchy.html
pin-3.15-98253-gb56e429b1-gcc-linux/doc/html/nav_f.png
pin-3.15-98253-gb56e429b1-gcc-linux/doc/html/menu.js
pin-3.15-98253-gb56e429b1-gcc-linux/doc/html/dir_e8dea60438cc7d1cff58a2bf9d94a307.html
pin-3.15-98253-gb56e429b1-gcc-linux/doc/html/group__PIN__THREAD__API.html
pin-3.15-98253-gb56e429b1-gcc-linux/doc/html/classLEVEL__BASE_1_1KNOB__BASE-members.html
pin-3.15-98253-gb56e429b1-gcc-linux/doc/html/namespacemembers_f.html
pin-3.15-98253-gb56e429b1-gcc-linux/doc/html/struct__PinPargClass_3_01long_01long_01_4-members.html
pin-3.15-98253-gb56e429b1-gcc-linux/doc/html/structLEVEL__BASE_1_1REGDEF__ENTRY-members.html
pin-3.15-98253-gb56e429b1-gcc-linux/doc/html/group__BUFFER__API.html
pin-3.15-98253-gb56e429b1-gcc-linux/doc/html/dir_e203be77b60a873c3af063de5cff82a1.html
pin-3.15-98253-gb56e429b1-gcc-linux/doc/html/namespacemembers_vars.html
pin-3.15-98253-gb56e429b1-gcc-linux/doc/html/stack-debugger-custom-break.png
pin-3.15-98253-gb56e429b1-gcc-linux/doc/html/struct__PinPargClass_3_01signed_01char_01_4.html
pin-3.15-98253-gb56e429b1-gcc-linux/doc/html/group__MISC__PARSE.html
pin-3.15-98253-gb56e429b1-gcc-linux/doc/html/struct__PinPargClass_3_01bool_01_4-members.html
pin-3.15-98253-gb56e429b1-gcc-linux/doc/html/namespacemembers_u.html
pin-3.15-98253-gb56e429b1-gcc-linux/doc/html/classLEVEL__BASE_1_1KNOBVALUE.html
pin-3.15-98253-gb56e429b1-gcc-linux/doc/html/functions_vars.html
pin-3.15-98253-gb56e429b1-gcc-linux/doc/html/namespacemembers_func_b.html
pin-3.15-98253-gb56e429b1-gcc-linux/doc/html/group__STOPPED__THREAD__API.html
pin-3.15-98253-gb56e429b1-gcc-linux/doc/html/group__SEC__BASIC__API.html
pin-3.15-98253-gb56e429b1-gcc-linux/doc/html/classLEVEL__BASE_1_1KNOB__COMMENT.html
pin-3.15-98253-gb56e429b1-gcc-linux/doc/html/namespacemembers_c.html
pin-3.15-98253-gb56e429b1-gcc-linux/doc/html/group__REG__CPU__IA32.html
pin-3.15-98253-gb56e429b1-gcc-linux/doc/html/structPIN__MULTI__MEM__ACCESS__INFO.html
pin-3.15-98253-gb56e429b1-gcc-linux/doc/html/struct__PinPargClass_3_01int_01_4-members.html
pin-3.15-98253-gb56e429b1-gcc-linux/doc/html/dir_74389ed8173ad57b461b9d623a1f3867.html
pin-3.15-98253-gb56e429b1-gcc-linux/doc/html/structLEVEL__BASE_1_1DECSTR.html
pin-3.15-98253-gb56e429b1-gcc-linux/doc/html/structLEVEL__BASE_1_1LINUX__LOADER__IMAGE__INFO.html
pin-3.15-98253-gb56e429b1-gcc-linux/doc/html/namespacemembers_d.html
pin-3.15-98253-gb56e429b1-gcc-linux/doc/html/namespacemembers_func_i.html
pin-3.15-98253-gb56e429b1-gcc-linux/doc/html/struct__PinPargClass_3_01T_01_6_01_4.html
pin-3.15-98253-gb56e429b1-gcc-linux/doc/html/group__API__REF.html
pin-3.15-98253-gb56e429b1-gcc-linux/doc/html/group__SYM__BASIC__API.html
pin-3.15-98253-gb56e429b1-gcc-linux/doc/html/struct__PinPargClass_3_01float_01_4.html
pin-3.15-98253-gb56e429b1-gcc-linux/doc/html/struct__PinPargClass_3_01long_01_4.html
pin-3.15-98253-gb56e429b1-gcc-linux/doc/html/struct__tcpServerStruct-members.html
pin-3.15-98253-gb56e429b1-gcc-linux/doc/html/structLEVEL__PINCLIENT_1_1SymbolDebugInfo-members.html
pin-3.15-98253-gb56e429b1-gcc-linux/doc/html/functions.html
pin-3.15-98253-gb56e429b1-gcc-linux/doc/html/classLEVEL__CORE_1_1REGISTER__SET-members.html
pin-3.15-98253-gb56e429b1-gcc-linux/doc/html/structLEVEL__BASE_1_1REGDEF__ENTRY.html
pin-3.15-98253-gb56e429b1-gcc-linux/doc/html/struct__tcpClientStruct.html
pin-3.15-98253-gb56e429b1-gcc-linux/doc/html/group__KNOB__PRINT.html
pin-3.15-98253-gb56e429b1-gcc-linux/doc/html/tab_s.png
pin-3.15-98253-gb56e429b1-gcc-linux/doc/html/group__KNOBS.html
pin-3.15-98253-gb56e429b1-gcc-linux/doc/html/tab_h.png
pin-3.15-98253-gb56e429b1-gcc-linux/doc/html/bc_s.png
pin-3.15-98253-gb56e429b1-gcc-linux/doc/html/doc.png
pin-3.15-98253-gb56e429b1-gcc-linux/doc/html/classLEVEL__BASE_1_1KNOB-members.html
pin-3.15-98253-gb56e429b1-gcc-linux/doc/html/group__TRACE__BASIC__API.html
pin-3.15-98253-gb56e429b1-gcc-linux/doc/html/group__PHYSICAL__CONTEXT__API.html
pin-3.15-98253-gb56e429b1-gcc-linux/doc/html/dir_6a94ba81a2bc027b3fc630d13d589428.html
pin-3.15-98253-gb56e429b1-gcc-linux/doc/html/struct__PinPargClass_3_01unsigned_01long_01_4-members.html
pin-3.15-98253-gb56e429b1-gcc-linux/doc/html/group__PIN__SYSCALL__API.html
pin-3.15-98253-gb56e429b1-gcc-linux/doc/html/namespacemembers_func_t.html
pin-3.15-98253-gb56e429b1-gcc-linux/doc/html/group__ALARM.html
pin-3.15-98253-gb56e429b1-gcc-linux/doc/html/struct__PinPargClass_3_01double_01_4.html
pin-3.15-98253-gb56e429b1-gcc-linux/doc/html/group__CONTEXT__API.html
pin-3.15-98253-gb56e429b1-gcc-linux/doc/html/group__KNOB__API.html
pin-3.15-98253-gb56e429b1-gcc-linux/doc/html/struct__PinPargClass_3_01unsigned_01short_01_4.html
pin-3.15-98253-gb56e429b1-gcc-linux/doc/html/nav_g.png
pin-3.15-98253-gb56e429b1-gcc-linux/doc/html/classLEVEL__BASE_1_1KNOB__BASE.html
pin-3.15-98253-gb56e429b1-gcc-linux/doc/html/struct__PinPargClass_3_01unsigned_01char_01_4-members.html
pin-3.15-98253-gb56e429b1-gcc-linux/doc/html/namespacemembers_func_c.html
pin-3.15-98253-gb56e429b1-gcc-linux/doc/html/structLEVEL__BASE_1_1PIN__LOCK-members.html
pin-3.15-98253-gb56e429b1-gcc-linux/doc/html/dir_52eed0bee20581757b41ac6936c7828d.html
pin-3.15-98253-gb56e429b1-gcc-linux/doc/html/namespacemembers.html
pin-3.15-98253-gb56e429b1-gcc-linux/doc/html/group__MISC.html
pin-3.15-98253-gb56e429b1-gcc-linux/doc/html/struct__PinPargClass_3_01int_01_4.html
pin-3.15-98253-gb56e429b1-gcc-linux/doc/html/classLEVEL__BASE_1_1KNOBVALUE-members.html
pin-3.15-98253-gb56e429b1-gcc-linux/doc/html/structLEVEL__BASE_1_1HEXSTR-members.html
pin-3.15-98253-gb56e429b1-gcc-linux/doc/html/group__REG__CPU__GENERIC.html
pin-3.15-98253-gb56e429b1-gcc-linux/doc/html/closed.png
pin-3.15-98253-gb56e429b1-gcc-linux/doc/html/dir_d899e5468d0baf65a042d017070078e5.html
pin-3.15-98253-gb56e429b1-gcc-linux/doc/html/group__KNOB__BASIC.html
pin-3.15-98253-gb56e429b1-gcc-linux/doc/html/structLEVEL__PINCLIENT_1_1SymbolDebugInfo.html
pin-3.15-98253-gb56e429b1-gcc-linux/doc/html/unionPIN__MEM__TRANS__FLAGS.html
pin-3.15-98253-gb56e429b1-gcc-linux/doc/html/pin-debugger-option-pages-properties.png
pin-3.15-98253-gb56e429b1-gcc-linux/doc/html/tab_b.png
pin-3.15-98253-gb56e429b1-gcc-linux/doc/html/namespacemembers_func_h.html
pin-3.15-98253-gb56e429b1-gcc-linux/doc/html/struct__PinPargClass_3_01T_01_6_01_4-members.html
pin-3.15-98253-gb56e429b1-gcc-linux/doc/html/struct__PinPargClass_3_01T_01_5_01_4.html
pin-3.15-98253-gb56e429b1-gcc-linux/doc/html/dir_c80df87aed46070b86a7008778015d1a.html
pin-3.15-98253-gb56e429b1-gcc-linux/doc/html/splitbar.png
pin-3.15-98253-gb56e429b1-gcc-linux/doc/html/dir_368bd17e59d3f53e38509afcc28cad43.html
pin-3.15-98253-gb56e429b1-gcc-linux/doc/html/modules.html
pin-3.15-98253-gb56e429b1-gcc-linux/doc/html/group__BBL__BASIC__API.html
pin-3.15-98253-gb56e429b1-gcc-linux/doc/html/doxygen.png
pin-3.15-98253-gb56e429b1-gcc-linux/doc/html/struct__PinPargClass_3_01signed_01char_01_4-members.html
pin-3.15-98253-gb56e429b1-gcc-linux/doc/html/structPIN__MEM__ACCESS__INFO-members.html
pin-3.15-98253-gb56e429b1-gcc-linux/doc/html/struct__PinPargClass.html
pin-3.15-98253-gb56e429b1-gcc-linux/doc/html/group__APPDEBUG__API.html
pin-3.15-98253-gb56e429b1-gcc-linux/doc/html/structPARG__T.html
pin-3.15-98253-gb56e429b1-gcc-linux/doc/html/namespacemembers_i.html
pin-3.15-98253-gb56e429b1-gcc-linux/doc/html/functions_func.html
pin-3.15-98253-gb56e429b1-gcc-linux/doc/html/namespaceLEVEL__PINCLIENT.html
pin-3.15-98253-gb56e429b1-gcc-linux/doc/html/struct__PinPargClass_3_01long_01long_01_4.html
pin-3.15-98253-gb56e429b1-gcc-linux/doc/html/struct__PinPargClass_3_01void_01_4.html
pin-3.15-98253-gb56e429b1-gcc-linux/doc/html/group__TRACE__VERSION__API.html
pin-3.15-98253-gb56e429b1-gcc-linux/doc/html/namespacemembers_eval.html
pin-3.15-98253-gb56e429b1-gcc-linux/doc/html/structDEBUG__CONNECTION__INFO.html
pin-3.15-98253-gb56e429b1-gcc-linux/doc/html/group__PROTO__API.html
pin-3.15-98253-gb56e429b1-gcc-linux/doc/html/namespaceLEVEL__CORE.html
pin-3.15-98253-gb56e429b1-gcc-linux/doc/html/namespacemembers_t.html
pin-3.15-98253-gb56e429b1-gcc-linux/doc/html/struct__PinPargClass_3_01long_01_4-members.html
pin-3.15-98253-gb56e429b1-gcc-linux/extras/
pin-3.15-98253-gb56e429b1-gcc-linux/extras/libstdc++/
pin-3.15-98253-gb56e429b1-gcc-linux/extras/libstdc++/include/
pin-3.15-98253-gb56e429b1-gcc-linux/extras/libstdc++/include/cfloat
pin-3.15-98253-gb56e429b1-gcc-linux/extras/libstdc++/include/cstddef
pin-3.15-98253-gb56e429b1-gcc-linux/extras/libstdc++/include/utility
pin-3.15-98253-gb56e429b1-gcc-linux/extras/libstdc++/include/cstring
pin-3.15-98253-gb56e429b1-gcc-linux/extras/libstdc++/include/ctime
pin-3.15-98253-gb56e429b1-gcc-linux/extras/libstdc++/include/climits
pin-3.15-98253-gb56e429b1-gcc-linux/extras/libstdc++/include/new
pin-3.15-98253-gb56e429b1-gcc-linux/extras/libstdc++/include/cerrno
pin-3.15-98253-gb56e429b1-gcc-linux/extras/libstdc++/include/cwchar
pin-3.15-98253-gb56e429b1-gcc-linux/extras/libstdc++/include/cmath
pin-3.15-98253-gb56e429b1-gcc-linux/extras/libstdc++/include/cstdint
pin-3.15-98253-gb56e429b1-gcc-linux/extras/libstdc++/include/cctype
pin-3.15-98253-gb56e429b1-gcc-linux/extras/libstdc++/include/stl_pair.h
pin-3.15-98253-gb56e429b1-gcc-linux/extras/libstdc++/include/cstdio
pin-3.15-98253-gb56e429b1-gcc-linux/extras/libstdc++/include/cwctype_is_not_supported
pin-3.15-98253-gb56e429b1-gcc-linux/extras/libstdc++/include/cstdlib
pin-3.15-98253-gb56e429b1-gcc-linux/extras/libstdc++/include/typeinfo
pin-3.15-98253-gb56e429b1-gcc-linux/extras/libstdc++/include/csetjmp
pin-3.15-98253-gb56e429b1-gcc-linux/extras/libstdc++/include/cassert
pin-3.15-98253-gb56e429b1-gcc-linux/extras/libstdc++/include/csignal
pin-3.15-98253-gb56e429b1-gcc-linux/extras/libunwind/
pin-3.15-98253-gb56e429b1-gcc-linux/extras/libunwind/include/
pin-3.15-98253-gb56e429b1-gcc-linux/extras/libunwind/include/__libunwind_config.h
pin-3.15-98253-gb56e429b1-gcc-linux/extras/libunwind/include/libunwind.h
pin-3.15-98253-gb56e429b1-gcc-linux/extras/libunwind/include/unwind.h
pin-3.15-98253-gb56e429b1-gcc-linux/extras/crt/
pin-3.15-98253-gb56e429b1-gcc-linux/extras/crt/tzdata
pin-3.15-98253-gb56e429b1-gcc-linux/extras/crt/doc/
pin-3.15-98253-gb56e429b1-gcc-linux/extras/crt/doc/html/
pin-3.15-98253-gb56e429b1-gcc-linux/extras/crt/doc/html/group__OS__APIS__THREAD__MANAGEMENT.html
pin-3.15-98253-gb56e429b1-gcc-linux/extras/crt/doc/html/classes.html
pin-3.15-98253-gb56e429b1-gcc-linux/extras/crt/doc/html/dir_3899e32d7c30dbadd52aa1648e424670.html
pin-3.15-98253-gb56e429b1-gcc-linux/extras/crt/doc/html/open.png
pin-3.15-98253-gb56e429b1-gcc-linux/extras/crt/doc/html/tabs.css
pin-3.15-98253-gb56e429b1-gcc-linux/extras/crt/doc/html/structSIGACTION.html
pin-3.15-98253-gb56e429b1-gcc-linux/extras/crt/doc/html/jquery.js
pin-3.15-98253-gb56e429b1-gcc-linux/extras/crt/doc/html/folderclosed.png
pin-3.15-98253-gb56e429b1-gcc-linux/extras/crt/doc/html/menudata.js
pin-3.15-98253-gb56e429b1-gcc-linux/extras/crt/doc/html/structOS__MEMORY__AT__ADDR__INFORMATION.html
pin-3.15-98253-gb56e429b1-gcc-linux/extras/crt/doc/html/bdwn.png
pin-3.15-98253-gb56e429b1-gcc-linux/extras/crt/doc/html/group__OS__APIS__DEF.html
pin-3.15-98253-gb56e429b1-gcc-linux/extras/crt/doc/html/struct__OS__RETURN__CODE__POSIX-members.html
pin-3.15-98253-gb56e429b1-gcc-linux/extras/crt/doc/html/nav_h.png
pin-3.15-98253-gb56e429b1-gcc-linux/extras/crt/doc/html/struct__OS__FILE__UNIQUE__ID-members.html
pin-3.15-98253-gb56e429b1-gcc-linux/extras/crt/doc/html/group__OS__APIS__IPC.html
pin-3.15-98253-gb56e429b1-gcc-linux/extras/crt/doc/html/struct__OS__FILE__UNIQUE__ID.html
pin-3.15-98253-gb56e429b1-gcc-linux/extras/crt/doc/html/structkernel__sigaction-members.html
pin-3.15-98253-gb56e429b1-gcc-linux/extras/crt/doc/html/group__OS__APIS__TIME.html
pin-3.15-98253-gb56e429b1-gcc-linux/extras/crt/doc/html/dir_0f4a4f9d9a165dda94783f3419aa99f5.html
pin-3.15-98253-gb56e429b1-gcc-linux/extras/crt/doc/html/sync_on.png
pin-3.15-98253-gb56e429b1-gcc-linux/extras/crt/doc/html/folderopen.png
pin-3.15-98253-gb56e429b1-gcc-linux/extras/crt/doc/html/dynsections.js
pin-3.15-98253-gb56e429b1-gcc-linux/extras/crt/doc/html/search/
pin-3.15-98253-gb56e429b1-gcc-linux/extras/crt/doc/html/search/variables_5.html
pin-3.15-98253-gb56e429b1-gcc-linux/extras/crt/doc/html/search/all_3.html
pin-3.15-98253-gb56e429b1-gcc-linux/extras/crt/doc/html/search/all_0.js
pin-3.15-98253-gb56e429b1-gcc-linux/extras/crt/doc/html/search/all_f.html
pin-3.15-98253-gb56e429b1-gcc-linux/extras/crt/doc/html/search/typedefs_4.js
pin-3.15-98253-gb56e429b1-gcc-linux/extras/crt/doc/html/search/groups_9.js
pin-3.15-98253-gb56e429b1-gcc-linux/extras/crt/doc/html/search/all_2.html
pin-3.15-98253-gb56e429b1-gcc-linux/extras/crt/doc/html/search/groups_1.js
pin-3.15-98253-gb56e429b1-gcc-linux/extras/crt/doc/html/search/variables_7.html
pin-3.15-98253-gb56e429b1-gcc-linux/extras/crt/doc/html/search/classes_2.js
pin-3.15-98253-gb56e429b1-gcc-linux/extras/crt/doc/html/search/typedefs_1.js
pin-3.15-98253-gb56e429b1-gcc-linux/extras/crt/doc/html/search/groups_3.js
pin-3.15-98253-gb56e429b1-gcc-linux/extras/crt/doc/html/search/typedefs_1.html
pin-3.15-98253-gb56e429b1-gcc-linux/extras/crt/doc/html/search/groups_7.js
pin-3.15-98253-gb56e429b1-gcc-linux/extras/crt/doc/html/search/groups_2.html
pin-3.15-98253-gb56e429b1-gcc-linux/extras/crt/doc/html/search/all_7.html
pin-3.15-98253-gb56e429b1-gcc-linux/extras/crt/doc/html/search/close.png
pin-3.15-98253-gb56e429b1-gcc-linux/extras/crt/doc/html/search/variables_1.html
pin-3.15-98253-gb56e429b1-gcc-linux/extras/crt/doc/html/search/functions_0.js
pin-3.15-98253-gb56e429b1-gcc-linux/extras/crt/doc/html/search/search_l.png
pin-3.15-98253-gb56e429b1-gcc-linux/extras/crt/doc/html/search/all_9.html
pin-3.15-98253-gb56e429b1-gcc-linux/extras/crt/doc/html/search/enums_0.js
pin-3.15-98253-gb56e429b1-gcc-linux/extras/crt/doc/html/search/enumvalues_0.html
pin-3.15-98253-gb56e429b1-gcc-linux/extras/crt/doc/html/search/search.js
pin-3.15-98253-gb56e429b1-gcc-linux/extras/crt/doc/html/search/all_c.js
pin-3.15-98253-gb56e429b1-gcc-linux/extras/crt/doc/html/search/groups_3.html
pin-3.15-98253-gb56e429b1-gcc-linux/extras/crt/doc/html/search/groups_6.js
pin-3.15-98253-gb56e429b1-gcc-linux/extras/crt/doc/html/search/search.css
pin-3.15-98253-gb56e429b1-gcc-linux/extras/crt/doc/html/search/all_5.html
pin-3.15-98253-gb56e429b1-gcc-linux/extras/crt/doc/html/search/classes_0.js
pin-3.15-98253-gb56e429b1-gcc-linux/extras/crt/doc/html/search/variables_6.js
pin-3.15-98253-gb56e429b1-gcc-linux/extras/crt/doc/html/search/all_6.js
pin-3.15-98253-gb56e429b1-gcc-linux/extras/crt/doc/html/search/searchdata.js
pin-3.15-98253-gb56e429b1-gcc-linux/extras/crt/doc/html/search/all_1.js
pin-3.15-98253-gb56e429b1-gcc-linux/extras/crt/doc/html/search/all_4.html
pin-3.15-98253-gb56e429b1-gcc-linux/extras/crt/doc/html/search/groups_8.js
pin-3.15-98253-gb56e429b1-gcc-linux/extras/crt/doc/html/search/all_8.js
pin-3.15-98253-gb56e429b1-gcc-linux/extras/crt/doc/html/search/variables_7.js
pin-3.15-98253-gb56e429b1-gcc-linux/extras/crt/doc/html/search/all_5.js
pin-3.15-98253-gb56e429b1-gcc-linux/extras/crt/doc/html/search/typedefs_4.html
pin-3.15-98253-gb56e429b1-gcc-linux/extras/crt/doc/html/search/enumvalues_0.js
pin-3.15-98253-gb56e429b1-gcc-linux/extras/crt/doc/html/search/all_6.html
pin-3.15-98253-gb56e429b1-gcc-linux/extras/crt/doc/html/search/mag_sel.png
pin-3.15-98253-gb56e429b1-gcc-linux/extras/crt/doc/html/search/variables_4.js
pin-3.15-98253-gb56e429b1-gcc-linux/extras/crt/doc/html/search/all_4.js
pin-3.15-98253-gb56e429b1-gcc-linux/extras/crt/doc/html/search/typedefs_2.js
pin-3.15-98253-gb56e429b1-gcc-linux/extras/crt/doc/html/search/groups_4.html
pin-3.15-98253-gb56e429b1-gcc-linux/extras/crt/doc/html/search/all_b.html
pin-3.15-98253-gb56e429b1-gcc-linux/extras/crt/doc/html/search/classes_1.html
pin-3.15-98253-gb56e429b1-gcc-linux/extras/crt/doc/html/search/classes_3.js
pin-3.15-98253-gb56e429b1-gcc-linux/extras/crt/doc/html/search/typedefs_0.html
pin-3.15-98253-gb56e429b1-gcc-linux/extras/crt/doc/html/search/groups_0.js
pin-3.15-98253-gb56e429b1-gcc-linux/extras/crt/doc/html/search/variables_2.html
pin-3.15-98253-gb56e429b1-gcc-linux/extras/crt/doc/html/search/nomatches.html
pin-3.15-98253-gb56e429b1-gcc-linux/extras/crt/doc/html/search/pages_0.js
pin-3.15-98253-gb56e429b1-gcc-linux/extras/crt/doc/html/search/all_3.js
pin-3.15-98253-gb56e429b1-gcc-linux/extras/crt/doc/html/search/variables_3.html
pin-3.15-98253-gb56e429b1-gcc-linux/extras/crt/doc/html/search/search_m.png
pin-3.15-98253-gb56e429b1-gcc-linux/extras/crt/doc/html/search/variables_2.js
pin-3.15-98253-gb56e429b1-gcc-linux/extras/crt/doc/html/search/all_2.js
pin-3.15-98253-gb56e429b1-gcc-linux/extras/crt/doc/html/search/groups_0.html
pin-3.15-98253-gb56e429b1-gcc-linux/extras/crt/doc/html/search/groups_5.js
pin-3.15-98253-gb56e429b1-gcc-linux/extras/crt/doc/html/search/all_e.js
pin-3.15-98253-gb56e429b1-gcc-linux/extras/crt/doc/html/search/variables_0.js
pin-3.15-98253-gb56e429b1-gcc-linux/extras/crt/doc/html/search/variables_5.js
pin-3.15-98253-gb56e429b1-gcc-linux/extras/crt/doc/html/search/all_d.js
pin-3.15-98253-gb56e429b1-gcc-linux/extras/crt/doc/html/search/all_d.html
pin-3.15-98253-gb56e429b1-gcc-linux/extras/crt/doc/html/search/groups_7.html
pin-3.15-98253-gb56e429b1-gcc-linux/extras/crt/doc/html/search/groups_8.html
pin-3.15-98253-gb56e429b1-gcc-linux/extras/crt/doc/html/search/classes_1.js
pin-3.15-98253-gb56e429b1-gcc-linux/extras/crt/doc/html/search/variables_3.js
pin-3.15-98253-gb56e429b1-gcc-linux/extras/crt/doc/html/search/all_0.html
pin-3.15-98253-gb56e429b1-gcc-linux/extras/crt/doc/html/search/groups_1.html
pin-3.15-98253-gb56e429b1-gcc-linux/extras/crt/doc/html/search/enums_1.js
pin-3.15-98253-gb56e429b1-gcc-linux/extras/crt/doc/html/search/all_a.html
pin-3.15-98253-gb56e429b1-gcc-linux/extras/crt/doc/html/search/groups_5.html
pin-3.15-98253-gb56e429b1-gcc-linux/extras/crt/doc/html/search/all_1.html
pin-3.15-98253-gb56e429b1-gcc-linux/extras/crt/doc/html/search/groups_2.js
pin-3.15-98253-gb56e429b1-gcc-linux/extras/crt/doc/html/search/functions_0.html
pin-3.15-98253-gb56e429b1-gcc-linux/extras/crt/doc/html/search/groups_6.html
pin-3.15-98253-gb56e429b1-gcc-linux/extras/crt/doc/html/search/groups_4.js
pin-3.15-98253-gb56e429b1-gcc-linux/extras/crt/doc/html/search/pages_0.html
pin-3.15-98253-gb56e429b1-gcc-linux/extras/crt/doc/html/search/classes_3.html
pin-3.15-98253-gb56e429b1-gcc-linux/extras/crt/doc/html/search/all_8.html
pin-3.15-98253-gb56e429b1-gcc-linux/extras/crt/doc/html/search/variables_0.html
pin-3.15-98253-gb56e429b1-gcc-linux/extras/crt/doc/html/search/all_b.js
pin-3.15-98253-gb56e429b1-gcc-linux/extras/crt/doc/html/search/all_e.html
pin-3.15-98253-gb56e429b1-gcc-linux/extras/crt/doc/html/search/variables_1.js
pin-3.15-98253-gb56e429b1-gcc-linux/extras/crt/doc/html/search/groups_9.html
pin-3.15-98253-gb56e429b1-gcc-linux/extras/crt/doc/html/search/all_c.html
pin-3.15-98253-gb56e429b1-gcc-linux/extras/crt/doc/html/search/all_f.js
pin-3.15-98253-gb56e429b1-gcc-linux/extras/crt/doc/html/search/enums_1.html
pin-3.15-98253-gb56e429b1-gcc-linux/extras/crt/doc/html/search/all_7.js
pin-3.15-98253-gb56e429b1-gcc-linux/extras/crt/doc/html/search/all_9.js
pin-3.15-98253-gb56e429b1-gcc-linux/extras/crt/doc/html/search/typedefs_0.js
pin-3.15-98253-gb56e429b1-gcc-linux/extras/crt/doc/html/search/classes_2.html
pin-3.15-98253-gb56e429b1-gcc-linux/extras/crt/doc/html/search/enums_0.html
pin-3.15-98253-gb56e429b1-gcc-linux/extras/crt/doc/html/search/typedefs_3.js
pin-3.15-98253-gb56e429b1-gcc-linux/extras/crt/doc/html/search/typedefs_2.html
pin-3.15-98253-gb56e429b1-gcc-linux/extras/crt/doc/html/search/variables_4.html
pin-3.15-98253-gb56e429b1-gcc-linux/extras/crt/doc/html/search/variables_6.html
pin-3.15-98253-gb56e429b1-gcc-linux/extras/crt/doc/html/search/typedefs_3.html
pin-3.15-98253-gb56e429b1-gcc-linux/extras/crt/doc/html/search/search_r.png
pin-3.15-98253-gb56e429b1-gcc-linux/extras/crt/doc/html/search/all_a.js
pin-3.15-98253-gb56e429b1-gcc-linux/extras/crt/doc/html/search/classes_0.html
pin-3.15-98253-gb56e429b1-gcc-linux/extras/crt/doc/html/group__OS__APIS__MEMORY.html
pin-3.15-98253-gb56e429b1-gcc-linux/extras/crt/doc/html/annotated.html
pin-3.15-98253-gb56e429b1-gcc-linux/extras/crt/doc/html/structOS__APIS__RW__LOCK__IMPL__T-members.html
pin-3.15-98253-gb56e429b1-gcc-linux/extras/crt/doc/html/index.html
pin-3.15-98253-gb56e429b1-gcc-linux/extras/crt/doc/html/tab_a.png
pin-3.15-98253-gb56e429b1-gcc-linux/extras/crt/doc/html/group__OS__APIS__PROCESS.html
pin-3.15-98253-gb56e429b1-gcc-linux/extras/crt/doc/html/structOS__APIS__RW__LOCK__IMPL__T.html
pin-3.15-98253-gb56e429b1-gcc-linux/extras/crt/doc/html/group__OS__APIS__MUTEX.html
pin-3.15-98253-gb56e429b1-gcc-linux/extras/crt/doc/html/struct__OS__RETURN__CODE-members.html
pin-3.15-98253-gb56e429b1-gcc-linux/extras/crt/doc/html/structSIGACTION-members.html
pin-3.15-98253-gb56e429b1-gcc-linux/extras/crt/doc/html/dir_96cec3334c2e1c99558031aef984ce5d.html
pin-3.15-98253-gb56e429b1-gcc-linux/extras/crt/doc/html/group__OS__APIS__TYPES.html
pin-3.15-98253-gb56e429b1-gcc-linux/extras/crt/doc/html/doxygen.css
pin-3.15-98253-gb56e429b1-gcc-linux/extras/crt/doc/html/struct__OS__RETURN__CODE.html
pin-3.15-98253-gb56e429b1-gcc-linux/extras/crt/doc/html/sync_off.png
pin-3.15-98253-gb56e429b1-gcc-linux/extras/crt/doc/html/struct__OS__RETURN__CODE__POSIX.html
pin-3.15-98253-gb56e429b1-gcc-linux/extras/crt/doc/html/struct__OS__APIS__MUTEX__TYPE-members.html
pin-3.15-98253-gb56e429b1-gcc-linux/extras/crt/doc/html/nav_f.png
pin-3.15-98253-gb56e429b1-gcc-linux/extras/crt/doc/html/menu.js
pin-3.15-98253-gb56e429b1-gcc-linux/extras/crt/doc/html/group__OS__APIS__HOST.html
pin-3.15-98253-gb56e429b1-gcc-linux/extras/crt/doc/html/struct__OS__APIS__MUTEX__TYPE.html
pin-3.15-98253-gb56e429b1-gcc-linux/extras/crt/doc/html/functions_vars.html
pin-3.15-98253-gb56e429b1-gcc-linux/extras/crt/doc/html/group__OS__APIS__RW__LOCK.html
pin-3.15-98253-gb56e429b1-gcc-linux/extras/crt/doc/html/dir_74389ed8173ad57b461b9d623a1f3867.html
pin-3.15-98253-gb56e429b1-gcc-linux/extras/crt/doc/html/functions.html
pin-3.15-98253-gb56e429b1-gcc-linux/extras/crt/doc/html/tab_s.png
pin-3.15-98253-gb56e429b1-gcc-linux/extras/crt/doc/html/tab_h.png
pin-3.15-98253-gb56e429b1-gcc-linux/extras/crt/doc/html/bc_s.png
pin-3.15-98253-gb56e429b1-gcc-linux/extras/crt/doc/html/doc.png
pin-3.15-98253-gb56e429b1-gcc-linux/extras/crt/doc/html/group__OS__APIS__FILE.html
pin-3.15-98253-gb56e429b1-gcc-linux/extras/crt/doc/html/dir_848ca3725398554a1ab885848a4889e8.html
pin-3.15-98253-gb56e429b1-gcc-linux/extras/crt/doc/html/nav_g.png
pin-3.15-98253-gb56e429b1-gcc-linux/extras/crt/doc/html/closed.png
pin-3.15-98253-gb56e429b1-gcc-linux/extras/crt/doc/html/tab_b.png
pin-3.15-98253-gb56e429b1-gcc-linux/extras/crt/doc/html/splitbar.png
pin-3.15-98253-gb56e429b1-gcc-linux/extras/crt/doc/html/group__OS__APIS__SIGNALS.html
pin-3.15-98253-gb56e429b1-gcc-linux/extras/crt/doc/html/modules.html
pin-3.15-98253-gb56e429b1-gcc-linux/extras/crt/doc/html/group__OS__APIS__PIN__TLS.html
pin-3.15-98253-gb56e429b1-gcc-linux/extras/crt/doc/html/group__OS__APIS__THREAD.html
pin-3.15-98253-gb56e429b1-gcc-linux/extras/crt/doc/html/doxygen.png
pin-3.15-98253-gb56e429b1-gcc-linux/extras/crt/doc/html/dir_c81b48bdbe50c7cd78591d3c92dd31ea.html
pin-3.15-98253-gb56e429b1-gcc-linux/extras/crt/doc/html/structOS__MEMORY__AT__ADDR__INFORMATION-members.html
pin-3.15-98253-gb56e429b1-gcc-linux/extras/crt/doc/html/structkernel__sigaction.html
pin-3.15-98253-gb56e429b1-gcc-linux/extras/crt/doc/html/dir_dea16d20e9ba7da542c4109d049058e1.html
pin-3.15-98253-gb56e429b1-gcc-linux/extras/crt/include/
pin-3.15-98253-gb56e429b1-gcc-linux/extras/crt/include/fcntl.h
pin-3.15-98253-gb56e429b1-gcc-linux/extras/crt/include/os-apis.h
pin-3.15-98253-gb56e429b1-gcc-linux/extras/crt/include/ustat.h
pin-3.15-98253-gb56e429b1-gcc-linux/extras/crt/include/byteswap.h
pin-3.15-98253-gb56e429b1-gcc-linux/extras/crt/include/sgtty.h
pin-3.15-98253-gb56e429b1-gcc-linux/extras/crt/include/resolv.h
pin-3.15-98253-gb56e429b1-gcc-linux/extras/crt/include/sched.h
pin-3.15-98253-gb56e429b1-gcc-linux/extras/crt/include/machine/
pin-3.15-98253-gb56e429b1-gcc-linux/extras/crt/include/machine/wchar_limits.h
pin-3.15-98253-gb56e429b1-gcc-linux/extras/crt/include/machine/ieee.h
pin-3.15-98253-gb56e429b1-gcc-linux/extras/crt/include/setjmp.h
pin-3.15-98253-gb56e429b1-gcc-linux/extras/crt/include/dirent.h
pin-3.15-98253-gb56e429b1-gcc-linux/extras/crt/include/sgidefs.h
pin-3.15-98253-gb56e429b1-gcc-linux/extras/crt/include/regex.h
pin-3.15-98253-gb56e429b1-gcc-linux/extras/crt/include/signal.h
pin-3.15-98253-gb56e429b1-gcc-linux/extras/crt/include/arch-x86_64/
pin-3.15-98253-gb56e429b1-gcc-linux/extras/crt/include/arch-x86_64/machine/
pin-3.15-98253-gb56e429b1-gcc-linux/extras/crt/include/arch-x86_64/machine/setjmp.h
pin-3.15-98253-gb56e429b1-gcc-linux/extras/crt/include/arch-x86_64/machine/asm.h
pin-3.15-98253-gb56e429b1-gcc-linux/extras/crt/include/arch-x86_64/machine/exec.h
pin-3.15-98253-gb56e429b1-gcc-linux/extras/crt/include/arch-x86_64/machine/fpu.h
pin-3.15-98253-gb56e429b1-gcc-linux/extras/crt/include/arch-x86_64/machine/endian.h
pin-3.15-98253-gb56e429b1-gcc-linux/extras/crt/include/arch-x86_64/machine/elf_machdep.h
pin-3.15-98253-gb56e429b1-gcc-linux/extras/crt/include/features.h
pin-3.15-98253-gb56e429b1-gcc-linux/extras/crt/include/getopt.h
pin-3.15-98253-gb56e429b1-gcc-linux/extras/crt/include/toolchains.h
pin-3.15-98253-gb56e429b1-gcc-linux/extras/crt/include/arpa/
pin-3.15-98253-gb56e429b1-gcc-linux/extras/crt/include/arpa/inet.h
pin-3.15-98253-gb56e429b1-gcc-linux/extras/crt/include/arpa/telnet.h
pin-3.15-98253-gb56e429b1-gcc-linux/extras/crt/include/arpa/nameser_compat.h
pin-3.15-98253-gb56e429b1-gcc-linux/extras/crt/include/arpa/nameser.h
pin-3.15-98253-gb56e429b1-gcc-linux/extras/crt/include/ctype.h
pin-3.15-98253-gb56e429b1-gcc-linux/extras/crt/include/execinfo.h
pin-3.15-98253-gb56e429b1-gcc-linux/extras/crt/include/strings.h
pin-3.15-98253-gb56e429b1-gcc-linux/extras/crt/include/xlocale.h
pin-3.15-98253-gb56e429b1-gcc-linux/extras/crt/include/paths.h
pin-3.15-98253-gb56e429b1-gcc-linux/extras/crt/include/mntent.h
pin-3.15-98253-gb56e429b1-gcc-linux/extras/crt/include/string.h
pin-3.15-98253-gb56e429b1-gcc-linux/extras/crt/include/pthread.h
pin-3.15-98253-gb56e429b1-gcc-linux/extras/crt/include/dlfcn.h
pin-3.15-98253-gb56e429b1-gcc-linux/extras/crt/include/amd64/
pin-3.15-98253-gb56e429b1-gcc-linux/extras/crt/include/amd64/machine/
pin-3.15-98253-gb56e429b1-gcc-linux/extras/crt/include/amd64/machine/fenv.h
pin-3.15-98253-gb56e429b1-gcc-linux/extras/crt/include/err.h
pin-3.15-98253-gb56e429b1-gcc-linux/extras/crt/include/baresyscall/
pin-3.15-98253-gb56e429b1-gcc-linux/extras/crt/include/baresyscall/intel64-linux/
pin-3.15-98253-gb56e429b1-gcc-linux/extras/crt/include/baresyscall/intel64-linux/baresyscall.h
pin-3.15-98253-gb56e429b1-gcc-linux/extras/crt/include/baresyscall/linux-baresyscall.h
pin-3.15-98253-gb56e429b1-gcc-linux/extras/crt/include/baresyscall/unix-baresyscall.h
pin-3.15-98253-gb56e429b1-gcc-linux/extras/crt/include/baresyscall/ia32-linux/
pin-3.15-98253-gb56e429b1-gcc-linux/extras/crt/include/baresyscall/ia32-linux/baresyscall.h
pin-3.15-98253-gb56e429b1-gcc-linux/extras/crt/include/baresyscall/baresyscall.h
pin-3.15-98253-gb56e429b1-gcc-linux/extras/crt/include/baresyscall/syscalltypes.h
pin-3.15-98253-gb56e429b1-gcc-linux/extras/crt/include/time.h
pin-3.15-98253-gb56e429b1-gcc-linux/extras/crt/include/stdatomic.h
pin-3.15-98253-gb56e429b1-gcc-linux/extras/crt/include/ftw.h
pin-3.15-98253-gb56e429b1-gcc-linux/extras/crt/include/freebsd/
pin-3.15-98253-gb56e429b1-gcc-linux/extras/crt/include/freebsd/3rd-party/
pin-3.15-98253-gb56e429b1-gcc-linux/extras/crt/include/freebsd/3rd-party/sys/
pin-3.15-98253-gb56e429b1-gcc-linux/extras/crt/include/freebsd/3rd-party/sys/compat/
pin-3.15-98253-gb56e429b1-gcc-linux/extras/crt/include/freebsd/3rd-party/sys/compat/linux/
pin-3.15-98253-gb56e429b1-gcc-linux/extras/crt/include/freebsd/3rd-party/sys/compat/linux/linux_misc.h
pin-3.15-98253-gb56e429b1-gcc-linux/extras/crt/include/freebsd/3rd-party/sys/x86/
pin-3.15-98253-gb56e429b1-gcc-linux/extras/crt/include/freebsd/3rd-party/sys/x86/include/
pin-3.15-98253-gb56e429b1-gcc-linux/extras/crt/include/freebsd/3rd-party/sys/x86/include/elf.h
pin-3.15-98253-gb56e429b1-gcc-linux/extras/crt/include/freebsd/3rd-party/sys/sys/
pin-3.15-98253-gb56e429b1-gcc-linux/extras/crt/include/freebsd/3rd-party/sys/sys/elf32.h
pin-3.15-98253-gb56e429b1-gcc-linux/extras/crt/include/freebsd/3rd-party/sys/sys/elf_generic.h
pin-3.15-98253-gb56e429b1-gcc-linux/extras/crt/include/freebsd/3rd-party/sys/sys/elf64.h
pin-3.15-98253-gb56e429b1-gcc-linux/extras/crt/include/freebsd/3rd-party/sys/sys/elf_common.h
pin-3.15-98253-gb56e429b1-gcc-linux/extras/crt/include/freebsd/3rd-party/include/
pin-3.15-98253-gb56e429b1-gcc-linux/extras/crt/include/freebsd/3rd-party/include/elf.h
pin-3.15-98253-gb56e429b1-gcc-linux/extras/crt/include/freebsd/README
pin-3.15-98253-gb56e429b1-gcc-linux/extras/crt/include/i387/
pin-3.15-98253-gb56e429b1-gcc-linux/extras/crt/include/i387/machine/
pin-3.15-98253-gb56e429b1-gcc-linux/extras/crt/include/i387/machine/fenv.h
pin-3.15-98253-gb56e429b1-gcc-linux/extras/crt/include/assert.h
pin-3.15-98253-gb56e429b1-gcc-linux/extras/crt/include/stdio.h
pin-3.15-98253-gb56e429b1-gcc-linux/extras/crt/include/fenv.h
pin-3.15-98253-gb56e429b1-gcc-linux/extras/crt/include/unistd.h
pin-3.15-98253-gb56e429b1-gcc-linux/extras/crt/include/util.h
pin-3.15-98253-gb56e429b1-gcc-linux/extras/crt/include/limits.h
pin-3.15-98253-gb56e429b1-gcc-linux/extras/crt/include/elf.h
pin-3.15-98253-gb56e429b1-gcc-linux/extras/crt/include/locale.h
pin-3.15-98253-gb56e429b1-gcc-linux/extras/crt/include/termios.h
pin-3.15-98253-gb56e429b1-gcc-linux/extras/crt/include/fts.h
pin-3.15-98253-gb56e429b1-gcc-linux/extras/crt/include/stdio_ext.h
pin-3.15-98253-gb56e429b1-gcc-linux/extras/crt/include/nsswitch.h
pin-3.15-98253-gb56e429b1-gcc-linux/extras/crt/include/termio.h
pin-3.15-98253-gb56e429b1-gcc-linux/extras/crt/include/pathconf.h
pin-3.15-98253-gb56e429b1-gcc-linux/extras/crt/include/wchar.h
pin-3.15-98253-gb56e429b1-gcc-linux/extras/crt/include/lastlog.h
pin-3.15-98253-gb56e429b1-gcc-linux/extras/crt/include/grp.h
pin-3.15-98253-gb56e429b1-gcc-linux/extras/crt/include/net/
pin-3.15-98253-gb56e429b1-gcc-linux/extras/crt/include/net/if.h
pin-3.15-98253-gb56e429b1-gcc-linux/extras/crt/include/net/if_arp.h
pin-3.15-98253-gb56e429b1-gcc-linux/extras/crt/include/net/route.h
pin-3.15-98253-gb56e429b1-gcc-linux/extras/crt/include/net/if_ieee1394.h
pin-3.15-98253-gb56e429b1-gcc-linux/extras/crt/include/net/if_ether.h
pin-3.15-98253-gb56e429b1-gcc-linux/extras/crt/include/net/ethernet.h
pin-3.15-98253-gb56e429b1-gcc-linux/extras/crt/include/net/ethertypes.h
pin-3.15-98253-gb56e429b1-gcc-linux/extras/crt/include/net/if_types.h
pin-3.15-98253-gb56e429b1-gcc-linux/extras/crt/include/net/if_packet.h
pin-3.15-98253-gb56e429b1-gcc-linux/extras/crt/include/endian.h
pin-3.15-98253-gb56e429b1-gcc-linux/extras/crt/include/sys/
pin-3.15-98253-gb56e429b1-gcc-linux/extras/crt/include/sys/uio.h
pin-3.15-98253-gb56e429b1-gcc-linux/extras/crt/include/sys/reboot.h
pin-3.15-98253-gb56e429b1-gcc-linux/extras/crt/include/sys/mount.h
pin-3.15-98253-gb56e429b1-gcc-linux/extras/crt/include/sys/sysinfo.h
pin-3.15-98253-gb56e429b1-gcc-linux/extras/crt/include/sys/nonmac/
pin-3.15-98253-gb56e429b1-gcc-linux/extras/crt/include/sys/nonmac/mman.h
pin-3.15-98253-gb56e429b1-gcc-linux/extras/crt/include/sys/msg.h
pin-3.15-98253-gb56e429b1-gcc-linux/extras/crt/include/sys/ttydev.h
pin-3.15-98253-gb56e429b1-gcc-linux/extras/crt/include/sys/shm.h
pin-3.15-98253-gb56e429b1-gcc-linux/extras/crt/include/sys/statvfs.h
pin-3.15-98253-gb56e429b1-gcc-linux/extras/crt/include/sys/_errdefs.h
pin-3.15-98253-gb56e429b1-gcc-linux/extras/crt/include/sys/signal.h
pin-3.15-98253-gb56e429b1-gcc-linux/extras/crt/include/sys/vt.h
pin-3.15-98253-gb56e429b1-gcc-linux/extras/crt/include/sys/auxv.h
pin-3.15-98253-gb56e429b1-gcc-linux/extras/crt/include/sys/mac/
pin-3.15-98253-gb56e429b1-gcc-linux/extras/crt/include/sys/mac/mman.h
pin-3.15-98253-gb56e429b1-gcc-linux/extras/crt/include/sys/sysmacros.h
pin-3.15-98253-gb56e429b1-gcc-linux/extras/crt/include/sys/socketcalls.h
pin-3.15-98253-gb56e429b1-gcc-linux/extras/crt/include/sys/capability.h
pin-3.15-98253-gb56e429b1-gcc-linux/extras/crt/include/sys/queue.h
pin-3.15-98253-gb56e429b1-gcc-linux/extras/crt/include/sys/glibc-syscalls.h
pin-3.15-98253-gb56e429b1-gcc-linux/extras/crt/include/sys/file.h
pin-3.15-98253-gb56e429b1-gcc-linux/extras/crt/include/sys/fsuid.h
pin-3.15-98253-gb56e429b1-gcc-linux/extras/crt/include/sys/utsname.h
pin-3.15-98253-gb56e429b1-gcc-linux/extras/crt/include/sys/resource.h
pin-3.15-98253-gb56e429b1-gcc-linux/extras/crt/include/sys/swap.h
pin-3.15-98253-gb56e429b1-gcc-linux/extras/crt/include/sys/personality.h
pin-3.15-98253-gb56e429b1-gcc-linux/extras/crt/include/sys/un.h
pin-3.15-98253-gb56e429b1-gcc-linux/extras/crt/include/sys/time.h
pin-3.15-98253-gb56e429b1-gcc-linux/extras/crt/include/sys/epoll.h
pin-3.15-98253-gb56e429b1-gcc-linux/extras/crt/include/sys/ptrace.h
pin-3.15-98253-gb56e429b1-gcc-linux/extras/crt/include/sys/param.h
pin-3.15-98253-gb56e429b1-gcc-linux/extras/crt/include/sys/cachectl.h
pin-3.15-98253-gb56e429b1-gcc-linux/extras/crt/include/sys/limits.h
pin-3.15-98253-gb56e429b1-gcc-linux/extras/crt/include/sys/sem.h
pin-3.15-98253-gb56e429b1-gcc-linux/extras/crt/include/sys/ioctl_compat.h
pin-3.15-98253-gb56e429b1-gcc-linux/extras/crt/include/sys/reg.h
pin-3.15-98253-gb56e429b1-gcc-linux/extras/crt/include/sys/cdefs.h
pin-3.15-98253-gb56e429b1-gcc-linux/extras/crt/include/sys/syslimits.h
pin-3.15-98253-gb56e429b1-gcc-linux/extras/crt/include/sys/ttydefaults.h
pin-3.15-98253-gb56e429b1-gcc-linux/extras/crt/include/sys/endian.h
pin-3.15-98253-gb56e429b1-gcc-linux/extras/crt/include/sys/timex.h
pin-3.15-98253-gb56e429b1-gcc-linux/extras/crt/include/sys/ttychars.h
pin-3.15-98253-gb56e429b1-gcc-linux/extras/crt/include/sys/wait.h
pin-3.15-98253-gb56e429b1-gcc-linux/extras/crt/include/sys/vfs.h
pin-3.15-98253-gb56e429b1-gcc-linux/extras/crt/include/sys/socket.h
pin-3.15-98253-gb56e429b1-gcc-linux/extras/crt/include/sys/cdefs_elf.h
pin-3.15-98253-gb56e429b1-gcc-linux/extras/crt/include/sys/utime.h
pin-3.15-98253-gb56e429b1-gcc-linux/extras/crt/include/sys/mman.h
pin-3.15-98253-gb56e429b1-gcc-linux/extras/crt/include/sys/poll.h
pin-3.15-98253-gb56e429b1-gcc-linux/extras/crt/include/sys/user.h
pin-3.15-98253-gb56e429b1-gcc-linux/extras/crt/include/sys/ioctl.h
pin-3.15-98253-gb56e429b1-gcc-linux/extras/crt/include/sys/types.h
pin-3.15-98253-gb56e429b1-gcc-linux/extras/crt/include/sys/select.h
pin-3.15-98253-gb56e429b1-gcc-linux/extras/crt/include/sys/_sigdefs.h
pin-3.15-98253-gb56e429b1-gcc-linux/extras/crt/include/sys/xattr.h
pin-3.15-98253-gb56e429b1-gcc-linux/extras/crt/include/sys/prctl.h
pin-3.15-98253-gb56e429b1-gcc-linux/extras/crt/include/sys/errno.h
pin-3.15-98253-gb56e429b1-gcc-linux/extras/crt/include/sys/klog.h
pin-3.15-98253-gb56e429b1-gcc-linux/extras/crt/include/sys/eventfd.h
pin-3.15-98253-gb56e429b1-gcc-linux/extras/crt/include/sys/stat.h
pin-3.15-98253-gb56e429b1-gcc-linux/extras/crt/include/sys/system_properties.h
pin-3.15-98253-gb56e429b1-gcc-linux/extras/crt/include/sys/timerfd.h
pin-3.15-98253-gb56e429b1-gcc-linux/extras/crt/include/sys/statfs.h
pin-3.15-98253-gb56e429b1-gcc-linux/extras/crt/include/sys/ucontext.h
pin-3.15-98253-gb56e429b1-gcc-linux/extras/crt/include/sys/signalfd.h
pin-3.15-98253-gb56e429b1-gcc-linux/extras/crt/include/sys/sysconf.h
pin-3.15-98253-gb56e429b1-gcc-linux/extras/crt/include/sys/ipc.h
pin-3.15-98253-gb56e429b1-gcc-linux/extras/crt/include/sys/times.h
pin-3.15-98253-gb56e429b1-gcc-linux/extras/crt/include/sys/syscall.h
pin-3.15-98253-gb56e429b1-gcc-linux/extras/crt/include/sys/_system_properties.h
pin-3.15-98253-gb56e429b1-gcc-linux/extras/crt/include/sys/inotify.h
pin-3.15-98253-gb56e429b1-gcc-linux/extras/crt/include/sys/sendfile.h
pin-3.15-98253-gb56e429b1-gcc-linux/extras/crt/include/utmp.h
pin-3.15-98253-gb56e429b1-gcc-linux/extras/crt/include/android/
pin-3.15-98253-gb56e429b1-gcc-linux/extras/crt/include/android/api-level.h
pin-3.15-98253-gb56e429b1-gcc-linux/extras/crt/include/android/set_abort_message.h
pin-3.15-98253-gb56e429b1-gcc-linux/extras/crt/include/android/dlext.h
pin-3.15-98253-gb56e429b1-gcc-linux/extras/crt/include/alloca.h
pin-3.15-98253-gb56e429b1-gcc-linux/extras/crt/include/time64.h
pin-3.15-98253-gb56e429b1-gcc-linux/extras/crt/include/link.h
pin-3.15-98253-gb56e429b1-gcc-linux/extras/crt/include/inttypes.h
pin-3.15-98253-gb56e429b1-gcc-linux/extras/crt/include/kernel/
pin-3.15-98253-gb56e429b1-gcc-linux/extras/crt/include/kernel/uapi/
pin-3.15-98253-gb56e429b1-gcc-linux/extras/crt/include/kernel/uapi/linux/
pin-3.15-98253-gb56e429b1-gcc-linux/extras/crt/include/kernel/uapi/linux/tty_flags.h
pin-3.15-98253-gb56e429b1-gcc-linux/extras/crt/include/kernel/uapi/linux/suspend_ioctls.h
pin-3.15-98253-gb56e429b1-gcc-linux/extras/crt/include/kernel/uapi/linux/net.h
pin-3.15-98253-gb56e429b1-gcc-linux/extras/crt/include/kernel/uapi/linux/atmapi.h
pin-3.15-98253-gb56e429b1-gcc-linux/extras/crt/include/kernel/uapi/linux/fcntl.h
pin-3.15-98253-gb56e429b1-gcc-linux/extras/crt/include/kernel/uapi/linux/if_addr.h
pin-3.15-98253-gb56e429b1-gcc-linux/extras/crt/include/kernel/uapi/linux/nfsd/
pin-3.15-98253-gb56e429b1-gcc-linux/extras/crt/include/kernel/uapi/linux/nfsd/debug.h
pin-3.15-98253-gb56e429b1-gcc-linux/extras/crt/include/kernel/uapi/linux/nfsd/cld.h
pin-3.15-98253-gb56e429b1-gcc-linux/extras/crt/include/kernel/uapi/linux/nfsd/export.h
pin-3.15-98253-gb56e429b1-gcc-linux/extras/crt/include/kernel/uapi/linux/nfsd/nfsfh.h
pin-3.15-98253-gb56e429b1-gcc-linux/extras/crt/include/kernel/uapi/linux/nfsd/stats.h
pin-3.15-98253-gb56e429b1-gcc-linux/extras/crt/include/kernel/uapi/linux/cycx_cfm.h
pin-3.15-98253-gb56e429b1-gcc-linux/extras/crt/include/kernel/uapi/linux/serial_core.h
pin-3.15-98253-gb56e429b1-gcc-linux/extras/crt/include/kernel/uapi/linux/gigaset_dev.h
pin-3.15-98253-gb56e429b1-gcc-linux/extras/crt/include/kernel/uapi/linux/if_hippi.h
pin-3.15-98253-gb56e429b1-gcc-linux/extras/crt/include/kernel/uapi/linux/videodev2.h
pin-3.15-98253-gb56e429b1-gcc-linux/extras/crt/include/kernel/uapi/linux/adfs_fs.h
pin-3.15-98253-gb56e429b1-gcc-linux/extras/crt/include/kernel/uapi/linux/uio.h
pin-3.15-98253-gb56e429b1-gcc-linux/extras/crt/include/kernel/uapi/linux/ipsec.h
pin-3.15-98253-gb56e429b1-gcc-linux/extras/crt/include/kernel/uapi/linux/keychord.h
pin-3.15-98253-gb56e429b1-gcc-linux/extras/crt/include/kernel/uapi/linux/reboot.h
pin-3.15-98253-gb56e429b1-gcc-linux/extras/crt/include/kernel/uapi/linux/phantom.h
pin-3.15-98253-gb56e429b1-gcc-linux/extras/crt/include/kernel/uapi/linux/if_link.h
pin-3.15-98253-gb56e429b1-gcc-linux/extras/crt/include/kernel/uapi/linux/blktrace_api.h
pin-3.15-98253-gb56e429b1-gcc-linux/extras/crt/include/kernel/uapi/linux/meye.h
pin-3.15-98253-gb56e429b1-gcc-linux/extras/crt/include/kernel/uapi/linux/watchdog.h
pin-3.15-98253-gb56e429b1-gcc-linux/extras/crt/include/kernel/uapi/linux/taskstats.h
pin-3.15-98253-gb56e429b1-gcc-linux/extras/crt/include/kernel/uapi/linux/nl80211.h
pin-3.15-98253-gb56e429b1-gcc-linux/extras/crt/include/kernel/uapi/linux/x25.h
pin-3.15-98253-gb56e429b1-gcc-linux/extras/crt/include/kernel/uapi/linux/if_pppolac.h
pin-3.15-98253-gb56e429b1-gcc-linux/extras/crt/include/kernel/uapi/linux/dcbnl.h
pin-3.15-98253-gb56e429b1-gcc-linux/extras/crt/include/kernel/uapi/linux/gen_stats.h
pin-3.15-98253-gb56e429b1-gcc-linux/extras/crt/include/kernel/uapi/linux/dlmconstants.h
pin-3.15-98253-gb56e429b1-gcc-linux/extras/crt/include/kernel/uapi/linux/if_tun.h
pin-3.15-98253-gb56e429b1-gcc-linux/extras/crt/include/kernel/uapi/linux/if.h
pin-3.15-98253-gb56e429b1-gcc-linux/extras/crt/include/kernel/uapi/linux/sched.h
pin-3.15-98253-gb56e429b1-gcc-linux/extras/crt/include/kernel/uapi/linux/netfilter_ipv4/
pin-3.15-98253-gb56e429b1-gcc-linux/extras/crt/include/kernel/uapi/linux/netfilter_ipv4/ip_tables.h
pin-3.15-98253-gb56e429b1-gcc-linux/extras/crt/include/kernel/uapi/linux/netfilter_ipv4/ipt_CLUSTERIP.h
pin-3.15-98253-gb56e429b1-gcc-linux/extras/crt/include/kernel/uapi/linux/netfilter_ipv4/ipt_ah.h
pin-3.15-98253-gb56e429b1-gcc-linux/extras/crt/include/kernel/uapi/linux/netfilter_ipv4/ipt_REJECT.h
pin-3.15-98253-gb56e429b1-gcc-linux/extras/crt/include/kernel/uapi/linux/netfilter_ipv4/ipt_ttl.h
pin-3.15-98253-gb56e429b1-gcc-linux/extras/crt/include/kernel/uapi/linux/netfilter_ipv4/ipt_ecn.h
pin-3.15-98253-gb56e429b1-gcc-linux/extras/crt/include/kernel/uapi/linux/netfilter_ipv4/ipt_LOG.h
pin-3.15-98253-gb56e429b1-gcc-linux/extras/crt/include/kernel/uapi/linux/netfilter_ipv4/ipt_ULOG.h
pin-3.15-98253-gb56e429b1-gcc-linux/extras/crt/include/kernel/uapi/linux/pkt_cls.h
pin-3.15-98253-gb56e429b1-gcc-linux/extras/crt/include/kernel/uapi/linux/fadvise.h
pin-3.15-98253-gb56e429b1-gcc-linux/extras/crt/include/kernel/uapi/linux/tiocl.h
pin-3.15-98253-gb56e429b1-gcc-linux/extras/crt/include/kernel/uapi/linux/if_arp.h
pin-3.15-98253-gb56e429b1-gcc-linux/extras/crt/include/kernel/uapi/linux/arcfb.h
pin-3.15-98253-gb56e429b1-gcc-linux/extras/crt/include/kernel/uapi/linux/sonet.h
pin-3.15-98253-gb56e429b1-gcc-linux/extras/crt/include/kernel/uapi/linux/iso_fs.h
pin-3.15-98253-gb56e429b1-gcc-linux/extras/crt/include/kernel/uapi/linux/sysinfo.h
pin-3.15-98253-gb56e429b1-gcc-linux/extras/crt/include/kernel/uapi/linux/fanotify.h
pin-3.15-98253-gb56e429b1-gcc-linux/extras/crt/include/kernel/uapi/linux/l2tp.h
pin-3.15-98253-gb56e429b1-gcc-linux/extras/crt/include/kernel/uapi/linux/tc_ematch/
pin-3.15-98253-gb56e429b1-gcc-linux/extras/crt/include/kernel/uapi/linux/tc_ematch/tc_em_meta.h
pin-3.15-98253-gb56e429b1-gcc-linux/extras/crt/include/kernel/uapi/linux/tc_ematch/tc_em_nbyte.h
pin-3.15-98253-gb56e429b1-gcc-linux/extras/crt/include/kernel/uapi/linux/tc_ematch/tc_em_cmp.h
pin-3.15-98253-gb56e429b1-gcc-linux/extras/crt/include/kernel/uapi/linux/tc_ematch/tc_em_text.h
pin-3.15-98253-gb56e429b1-gcc-linux/extras/crt/include/kernel/uapi/linux/msg.h
pin-3.15-98253-gb56e429b1-gcc-linux/extras/crt/include/kernel/uapi/linux/mroute.h
pin-3.15-98253-gb56e429b1-gcc-linux/extras/crt/include/kernel/uapi/linux/libc-compat.h
pin-3.15-98253-gb56e429b1-gcc-linux/extras/crt/include/kernel/uapi/linux/major.h
pin-3.15-98253-gb56e429b1-gcc-linux/extras/crt/include/kernel/uapi/linux/bsg.h
pin-3.15-98253-gb56e429b1-gcc-linux/extras/crt/include/kernel/uapi/linux/if_pppol2tp.h
pin-3.15-98253-gb56e429b1-gcc-linux/extras/crt/include/kernel/uapi/linux/virtio_console.h
pin-3.15-98253-gb56e429b1-gcc-linux/extras/crt/include/kernel/uapi/linux/i2c.h
pin-3.15-98253-gb56e429b1-gcc-linux/extras/crt/include/kernel/uapi/linux/shm.h
pin-3.15-98253-gb56e429b1-gcc-linux/extras/crt/include/kernel/uapi/linux/mic_ioctl.h
pin-3.15-98253-gb56e429b1-gcc-linux/extras/crt/include/kernel/uapi/linux/if_pppox.h
pin-3.15-98253-gb56e429b1-gcc-linux/extras/crt/include/kernel/uapi/linux/virtio_net.h
pin-3.15-98253-gb56e429b1-gcc-linux/extras/crt/include/kernel/uapi/linux/sockios.h
pin-3.15-98253-gb56e429b1-gcc-linux/extras/crt/include/kernel/uapi/linux/if_x25.h
pin-3.15-98253-gb56e429b1-gcc-linux/extras/crt/include/kernel/uapi/linux/firewire-constants.h
pin-3.15-98253-gb56e429b1-gcc-linux/extras/crt/include/kernel/uapi/linux/ip.h
pin-3.15-98253-gb56e429b1-gcc-linux/extras/crt/include/kernel/uapi/linux/keyctl.h
pin-3.15-98253-gb56e429b1-gcc-linux/extras/crt/include/kernel/uapi/linux/joystick.h
pin-3.15-98253-gb56e429b1-gcc-linux/extras/crt/include/kernel/uapi/linux/can/
pin-3.15-98253-gb56e429b1-gcc-linux/extras/crt/include/kernel/uapi/linux/can/bcm.h
pin-3.15-98253-gb56e429b1-gcc-linux/extras/crt/include/kernel/uapi/linux/can/error.h
pin-3.15-98253-gb56e429b1-gcc-linux/extras/crt/include/kernel/uapi/linux/can/raw.h
pin-3.15-98253-gb56e429b1-gcc-linux/extras/crt/include/kernel/uapi/linux/can/gw.h
pin-3.15-98253-gb56e429b1-gcc-linux/extras/crt/include/kernel/uapi/linux/can/netlink.h
pin-3.15-98253-gb56e429b1-gcc-linux/extras/crt/include/kernel/uapi/linux/netrom.h
pin-3.15-98253-gb56e429b1-gcc-linux/extras/crt/include/kernel/uapi/linux/ppp_defs.h
pin-3.15-98253-gb56e429b1-gcc-linux/extras/crt/include/kernel/uapi/linux/kvm_para.h
pin-3.15-98253-gb56e429b1-gcc-linux/extras/crt/include/kernel/uapi/linux/pci_regs.h
pin-3.15-98253-gb56e429b1-gcc-linux/extras/crt/include/kernel/uapi/linux/ncp_mount.h
pin-3.15-98253-gb56e429b1-gcc-linux/extras/crt/include/kernel/uapi/linux/fib_rules.h
pin-3.15-98253-gb56e429b1-gcc-linux/extras/crt/include/kernel/uapi/linux/android_alarm.h
pin-3.15-98253-gb56e429b1-gcc-linux/extras/crt/include/kernel/uapi/linux/signal.h
pin-3.15-98253-gb56e429b1-gcc-linux/extras/crt/include/kernel/uapi/linux/patchkey.h
pin-3.15-98253-gb56e429b1-gcc-linux/extras/crt/include/kernel/uapi/linux/ip_vs.h
pin-3.15-98253-gb56e429b1-gcc-linux/extras/crt/include/kernel/uapi/linux/qnxtypes.h
pin-3.15-98253-gb56e429b1-gcc-linux/extras/crt/include/kernel/uapi/linux/dlm.h
pin-3.15-98253-gb56e429b1-gcc-linux/extras/crt/include/kernel/uapi/linux/vt.h
pin-3.15-98253-gb56e429b1-gcc-linux/extras/crt/include/kernel/uapi/linux/zorro_ids.h
pin-3.15-98253-gb56e429b1-gcc-linux/extras/crt/include/kernel/uapi/linux/auto_fs.h
pin-3.15-98253-gb56e429b1-gcc-linux/extras/crt/include/kernel/uapi/linux/tty.h
pin-3.15-98253-gb56e429b1-gcc-linux/extras/crt/include/kernel/uapi/linux/route.h
pin-3.15-98253-gb56e429b1-gcc-linux/extras/crt/include/kernel/uapi/linux/if_fddi.h
pin-3.15-98253-gb56e429b1-gcc-linux/extras/crt/include/kernel/uapi/linux/hw_breakpoint.h
pin-3.15-98253-gb56e429b1-gcc-linux/extras/crt/include/kernel/uapi/linux/chio.h
pin-3.15-98253-gb56e429b1-gcc-linux/extras/crt/include/kernel/uapi/linux/wanrouter.h
pin-3.15-98253-gb56e429b1-gcc-linux/extras/crt/include/kernel/uapi/linux/if_alg.h
pin-3.15-98253-gb56e429b1-gcc-linux/extras/crt/include/kernel/uapi/linux/ax25.h
pin-3.15-98253-gb56e429b1-gcc-linux/extras/crt/include/kernel/uapi/linux/virtio_rng.h
pin-3.15-98253-gb56e429b1-gcc-linux/extras/crt/include/kernel/uapi/linux/phonet.h
pin-3.15-98253-gb56e429b1-gcc-linux/extras/crt/include/kernel/uapi/linux/securebits.h
pin-3.15-98253-gb56e429b1-gcc-linux/extras/crt/include/kernel/uapi/linux/oom.h
pin-3.15-98253-gb56e429b1-gcc-linux/extras/crt/include/kernel/uapi/linux/omap3isp.h
pin-3.15-98253-gb56e429b1-gcc-linux/extras/crt/include/kernel/uapi/linux/isdnif.h
pin-3.15-98253-gb56e429b1-gcc-linux/extras/crt/include/kernel/uapi/linux/tcp_metrics.h
pin-3.15-98253-gb56e429b1-gcc-linux/extras/crt/include/kernel/uapi/linux/atm_nicstar.h
pin-3.15-98253-gb56e429b1-gcc-linux/extras/crt/include/kernel/uapi/linux/scc.h
pin-3.15-98253-gb56e429b1-gcc-linux/extras/crt/include/kernel/uapi/linux/llc.h
pin-3.15-98253-gb56e429b1-gcc-linux/extras/crt/include/kernel/uapi/linux/capability.h
pin-3.15-98253-gb56e429b1-gcc-linux/extras/crt/include/kernel/uapi/linux/atm_he.h
pin-3.15-98253-gb56e429b1-gcc-linux/extras/crt/include/kernel/uapi/linux/map_to_7segment.h
pin-3.15-98253-gb56e429b1-gcc-linux/extras/crt/include/kernel/uapi/linux/swab.h
pin-3.15-98253-gb56e429b1-gcc-linux/extras/crt/include/kernel/uapi/linux/magic.h
pin-3.15-98253-gb56e429b1-gcc-linux/extras/crt/include/kernel/uapi/linux/icmpv6.h
pin-3.15-98253-gb56e429b1-gcc-linux/extras/crt/include/kernel/uapi/linux/virtio_blk.h
pin-3.15-98253-gb56e429b1-gcc-linux/extras/crt/include/kernel/uapi/linux/a.out.h
pin-3.15-98253-gb56e429b1-gcc-linux/extras/crt/include/kernel/uapi/linux/sound.h
pin-3.15-98253-gb56e429b1-gcc-linux/extras/crt/include/kernel/uapi/linux/cgroupstats.h
pin-3.15-98253-gb56e429b1-gcc-linux/extras/crt/include/kernel/uapi/linux/mmtimer.h
pin-3.15-98253-gb56e429b1-gcc-linux/extras/crt/include/kernel/uapi/linux/atmsvc.h
pin-3.15-98253-gb56e429b1-gcc-linux/extras/crt/include/kernel/uapi/linux/minix_fs.h
pin-3.15-98253-gb56e429b1-gcc-linux/extras/crt/include/kernel/uapi/linux/wireless.h
pin-3.15-98253-gb56e429b1-gcc-linux/extras/crt/include/kernel/uapi/linux/tipc_config.h
pin-3.15-98253-gb56e429b1-gcc-linux/extras/crt/include/kernel/uapi/linux/v4l2-controls.h
pin-3.15-98253-gb56e429b1-gcc-linux/extras/crt/include/kernel/uapi/linux/seccomp.h
pin-3.15-98253-gb56e429b1-gcc-linux/extras/crt/include/kernel/uapi/linux/vsp1.h
pin-3.15-98253-gb56e429b1-gcc-linux/extras/crt/include/kernel/uapi/linux/virtio_balloon.h
pin-3.15-98253-gb56e429b1-gcc-linux/extras/crt/include/kernel/uapi/linux/dlm_plock.h
pin-3.15-98253-gb56e429b1-gcc-linux/extras/crt/include/kernel/uapi/linux/hdlc.h
pin-3.15-98253-gb56e429b1-gcc-linux/extras/crt/include/kernel/uapi/linux/utsname.h
pin-3.15-98253-gb56e429b1-gcc-linux/extras/crt/include/kernel/uapi/linux/hpet.h
pin-3.15-98253-gb56e429b1-gcc-linux/extras/crt/include/kernel/uapi/linux/cuda.h
pin-3.15-98253-gb56e429b1-gcc-linux/extras/crt/include/kernel/uapi/linux/flat.h
pin-3.15-98253-gb56e429b1-gcc-linux/extras/crt/include/kernel/uapi/linux/rfkill.h
pin-3.15-98253-gb56e429b1-gcc-linux/extras/crt/include/kernel/uapi/linux/atm_tcp.h
pin-3.15-98253-gb56e429b1-gcc-linux/extras/crt/include/kernel/uapi/linux/nbd.h
pin-3.15-98253-gb56e429b1-gcc-linux/extras/crt/include/kernel/uapi/linux/atm.h
pin-3.15-98253-gb56e429b1-gcc-linux/extras/crt/include/kernel/uapi/linux/capi.h
pin-3.15-98253-gb56e429b1-gcc-linux/extras/crt/include/kernel/uapi/linux/resource.h
pin-3.15-98253-gb56e429b1-gcc-linux/extras/crt/include/kernel/uapi/linux/string.h
pin-3.15-98253-gb56e429b1-gcc-linux/extras/crt/include/kernel/uapi/linux/mqueue.h
pin-3.15-98253-gb56e429b1-gcc-linux/extras/crt/include/kernel/uapi/linux/auxvec.h
pin-3.15-98253-gb56e429b1-gcc-linux/extras/crt/include/kernel/uapi/linux/ethtool.h
pin-3.15-98253-gb56e429b1-gcc-linux/extras/crt/include/kernel/uapi/linux/fdreg.h
pin-3.15-98253-gb56e429b1-gcc-linux/extras/crt/include/kernel/uapi/linux/msdos_fs.h
pin-3.15-98253-gb56e429b1-gcc-linux/extras/crt/include/kernel/uapi/linux/uvcvideo.h
pin-3.15-98253-gb56e429b1-gcc-linux/extras/crt/include/kernel/uapi/linux/personality.h
pin-3.15-98253-gb56e429b1-gcc-linux/extras/crt/include/kernel/uapi/linux/gfs2_ondisk.h
pin-3.15-98253-gb56e429b1-gcc-linux/extras/crt/include/kernel/uapi/linux/netfilter_arp/
pin-3.15-98253-gb56e429b1-gcc-linux/extras/crt/include/kernel/uapi/linux/netfilter_arp/arpt_mangle.h
pin-3.15-98253-gb56e429b1-gcc-linux/extras/crt/include/kernel/uapi/linux/netfilter_arp/arp_tables.h
pin-3.15-98253-gb56e429b1-gcc-linux/extras/crt/include/kernel/uapi/linux/reiserfs_fs.h
pin-3.15-98253-gb56e429b1-gcc-linux/extras/crt/include/kernel/uapi/linux/fd.h
pin-3.15-98253-gb56e429b1-gcc-linux/extras/crt/include/kernel/uapi/linux/vfio.h
pin-3.15-98253-gb56e429b1-gcc-linux/extras/crt/include/kernel/uapi/linux/dm-log-userspace.h
pin-3.15-98253-gb56e429b1-gcc-linux/extras/crt/include/kernel/uapi/linux/futex.h
pin-3.15-98253-gb56e429b1-gcc-linux/extras/crt/include/kernel/uapi/linux/pktcdvd.h
pin-3.15-98253-gb56e429b1-gcc-linux/extras/crt/include/kernel/uapi/linux/netfilter_ipv4.h
pin-3.15-98253-gb56e429b1-gcc-linux/extras/crt/include/kernel/uapi/linux/isdn_divertif.h
pin-3.15-98253-gb56e429b1-gcc-linux/extras/crt/include/kernel/uapi/linux/ip6_tunnel.h
pin-3.15-98253-gb56e429b1-gcc-linux/extras/crt/include/kernel/uapi/linux/spi/
pin-3.15-98253-gb56e429b1-gcc-linux/extras/crt/include/kernel/uapi/linux/spi/spidev.h
pin-3.15-98253-gb56e429b1-gcc-linux/extras/crt/include/kernel/uapi/linux/un.h
pin-3.15-98253-gb56e429b1-gcc-linux/extras/crt/include/kernel/uapi/linux/byteorder/
pin-3.15-98253-gb56e429b1-gcc-linux/extras/crt/include/kernel/uapi/linux/byteorder/little_endian.h
pin-3.15-98253-gb56e429b1-gcc-linux/extras/crt/include/kernel/uapi/linux/byteorder/big_endian.h
pin-3.15-98253-gb56e429b1-gcc-linux/extras/crt/include/kernel/uapi/linux/udf_fs_i.h
pin-3.15-98253-gb56e429b1-gcc-linux/extras/crt/include/kernel/uapi/linux/time.h
pin-3.15-98253-gb56e429b1-gcc-linux/extras/crt/include/kernel/uapi/linux/bcm933xx_hcs.h
pin-3.15-98253-gb56e429b1-gcc-linux/extras/crt/include/kernel/uapi/linux/agpgart.h
pin-3.15-98253-gb56e429b1-gcc-linux/extras/crt/include/kernel/uapi/linux/errqueue.h
pin-3.15-98253-gb56e429b1-gcc-linux/extras/crt/include/kernel/uapi/linux/netfilter_bridge.h
pin-3.15-98253-gb56e429b1-gcc-linux/extras/crt/include/kernel/uapi/linux/quota.h
pin-3.15-98253-gb56e429b1-gcc-linux/extras/crt/include/kernel/uapi/linux/hysdn_if.h
pin-3.15-98253-gb56e429b1-gcc-linux/extras/crt/include/kernel/uapi/linux/nfs4.h
pin-3.15-98253-gb56e429b1-gcc-linux/extras/crt/include/kernel/uapi/linux/if_tunnel.h
pin-3.15-98253-gb56e429b1-gcc-linux/extras/crt/include/kernel/uapi/linux/if_ltalk.h
pin-3.15-98253-gb56e429b1-gcc-linux/extras/crt/include/kernel/uapi/linux/mempolicy.h
pin-3.15-98253-gb56e429b1-gcc-linux/extras/crt/include/kernel/uapi/linux/ashmem.h
pin-3.15-98253-gb56e429b1-gcc-linux/extras/crt/include/kernel/uapi/linux/genetlink.h
pin-3.15-98253-gb56e429b1-gcc-linux/extras/crt/include/kernel/uapi/linux/ixjuser.h
pin-3.15-98253-gb56e429b1-gcc-linux/extras/crt/include/kernel/uapi/linux/virtio_pci.h
pin-3.15-98253-gb56e429b1-gcc-linux/extras/crt/include/kernel/uapi/linux/virtio_config.h
pin-3.15-98253-gb56e429b1-gcc-linux/extras/crt/include/kernel/uapi/linux/cramfs_fs.h
pin-3.15-98253-gb56e429b1-gcc-linux/extras/crt/include/kernel/uapi/linux/toshiba.h
pin-3.15-98253-gb56e429b1-gcc-linux/extras/crt/include/kernel/uapi/linux/nfs_fs.h
pin-3.15-98253-gb56e429b1-gcc-linux/extras/crt/include/kernel/uapi/linux/atm_zatm.h
pin-3.15-98253-gb56e429b1-gcc-linux/extras/crt/include/kernel/uapi/linux/ptrace.h
pin-3.15-98253-gb56e429b1-gcc-linux/extras/crt/include/kernel/uapi/linux/sdla.h
pin-3.15-98253-gb56e429b1-gcc-linux/extras/crt/include/kernel/uapi/linux/qnx4_fs.h
pin-3.15-98253-gb56e429b1-gcc-linux/extras/crt/include/kernel/uapi/linux/param.h
pin-3.15-98253-gb56e429b1-gcc-linux/extras/crt/include/kernel/uapi/linux/atm_idt77105.h
pin-3.15-98253-gb56e429b1-gcc-linux/extras/crt/include/kernel/uapi/linux/ivtvfb.h
pin-3.15-98253-gb56e429b1-gcc-linux/extras/crt/include/kernel/uapi/linux/atmppp.h
pin-3.15-98253-gb56e429b1-gcc-linux/extras/crt/include/kernel/uapi/linux/ipmi_msgdefs.h
pin-3.15-98253-gb56e429b1-gcc-linux/extras/crt/include/kernel/uapi/linux/if_team.h
pin-3.15-98253-gb56e429b1-gcc-linux/extras/crt/include/kernel/uapi/linux/nfs.h
pin-3.15-98253-gb56e429b1-gcc-linux/extras/crt/include/kernel/uapi/linux/nfs3.h
pin-3.15-98253-gb56e429b1-gcc-linux/extras/crt/include/kernel/uapi/linux/virtio_ring.h
pin-3.15-98253-gb56e429b1-gcc-linux/extras/crt/include/kernel/uapi/linux/ipv6.h
pin-3.15-98253-gb56e429b1-gcc-linux/extras/crt/include/kernel/uapi/linux/filter.h
pin-3.15-98253-gb56e429b1-gcc-linux/extras/crt/include/kernel/uapi/linux/hdlc/
pin-3.15-98253-gb56e429b1-gcc-linux/extras/crt/include/kernel/uapi/linux/hdlc/ioctl.h
pin-3.15-98253-gb56e429b1-gcc-linux/extras/crt/include/kernel/uapi/linux/hid.h
pin-3.15-98253-gb56e429b1-gcc-linux/extras/crt/include/kernel/uapi/linux/dccp.h
pin-3.15-98253-gb56e429b1-gcc-linux/extras/crt/include/kernel/uapi/linux/if_ether.h
pin-3.15-98253-gb56e429b1-gcc-linux/extras/crt/include/kernel/uapi/linux/soundcard.h
pin-3.15-98253-gb56e429b1-gcc-linux/extras/crt/include/kernel/uapi/linux/cdrom.h
pin-3.15-98253-gb56e429b1-gcc-linux/extras/crt/include/kernel/uapi/linux/nfs4_mount.h
pin-3.15-98253-gb56e429b1-gcc-linux/extras/crt/include/kernel/uapi/linux/omapfb.h
pin-3.15-98253-gb56e429b1-gcc-linux/extras/crt/include/kernel/uapi/linux/gameport.h
pin-3.15-98253-gb56e429b1-gcc-linux/extras/crt/include/kernel/uapi/linux/eventpoll.h
pin-3.15-98253-gb56e429b1-gcc-linux/extras/crt/include/kernel/uapi/linux/netfilter.h
pin-3.15-98253-gb56e429b1-gcc-linux/extras/crt/include/kernel/uapi/linux/netfilter_ipv6/
pin-3.15-98253-gb56e429b1-gcc-linux/extras/crt/include/kernel/uapi/linux/netfilter_ipv6/ip6t_opts.h
pin-3.15-98253-gb56e429b1-gcc-linux/extras/crt/include/kernel/uapi/linux/netfilter_ipv6/ip6t_mh.h
pin-3.15-98253-gb56e429b1-gcc-linux/extras/crt/include/kernel/uapi/linux/netfilter_ipv6/ip6t_rt.h
pin-3.15-98253-gb56e429b1-gcc-linux/extras/crt/include/kernel/uapi/linux/netfilter_ipv6/ip6t_ipv6header.h
pin-3.15-98253-gb56e429b1-gcc-linux/extras/crt/include/kernel/uapi/linux/netfilter_ipv6/ip6t_ah.h
pin-3.15-98253-gb56e429b1-gcc-linux/extras/crt/include/kernel/uapi/linux/netfilter_ipv6/ip6_tables.h
pin-3.15-98253-gb56e429b1-gcc-linux/extras/crt/include/kernel/uapi/linux/netfilter_ipv6/ip6t_REJECT.h
pin-3.15-98253-gb56e429b1-gcc-linux/extras/crt/include/kernel/uapi/linux/netfilter_ipv6/ip6t_NPT.h
pin-3.15-98253-gb56e429b1-gcc-linux/extras/crt/include/kernel/uapi/linux/netfilter_ipv6/ip6t_hl.h
pin-3.15-98253-gb56e429b1-gcc-linux/extras/crt/include/kernel/uapi/linux/netfilter_ipv6/ip6t_frag.h
pin-3.15-98253-gb56e429b1-gcc-linux/extras/crt/include/kernel/uapi/linux/netfilter_ipv6/ip6t_LOG.h
pin-3.15-98253-gb56e429b1-gcc-linux/extras/crt/include/kernel/uapi/linux/edd.h
pin-3.15-98253-gb56e429b1-gcc-linux/extras/crt/include/kernel/uapi/linux/n_r3964.h
pin-3.15-98253-gb56e429b1-gcc-linux/extras/crt/include/kernel/uapi/linux/uuid.h
pin-3.15-98253-gb56e429b1-gcc-linux/extras/crt/include/kernel/uapi/linux/unistd.h
pin-3.15-98253-gb56e429b1-gcc-linux/extras/crt/include/kernel/uapi/linux/limits.h
pin-3.15-98253-gb56e429b1-gcc-linux/extras/crt/include/kernel/uapi/linux/mtio.h
pin-3.15-98253-gb56e429b1-gcc-linux/extras/crt/include/kernel/uapi/linux/sem.h
pin-3.15-98253-gb56e429b1-gcc-linux/extras/crt/include/kernel/uapi/linux/stddef.h
pin-3.15-98253-gb56e429b1-gcc-linux/extras/crt/include/kernel/uapi/linux/ipv6_route.h
pin-3.15-98253-gb56e429b1-gcc-linux/extras/crt/include/kernel/uapi/linux/nvme.h
pin-3.15-98253-gb56e429b1-gcc-linux/extras/crt/include/kernel/uapi/linux/usbdevice_fs.h
pin-3.15-98253-gb56e429b1-gcc-linux/extras/crt/include/kernel/uapi/linux/uinput.h
pin-3.15-98253-gb56e429b1-gcc-linux/extras/crt/include/kernel/uapi/linux/termios.h
pin-3.15-98253-gb56e429b1-gcc-linux/extras/crt/include/kernel/uapi/linux/lp.h
pin-3.15-98253-gb56e429b1-gcc-linux/extras/crt/include/kernel/uapi/linux/ncp_fs.h
pin-3.15-98253-gb56e429b1-gcc-linux/extras/crt/include/kernel/uapi/linux/in6.h
pin-3.15-98253-gb56e429b1-gcc-linux/extras/crt/include/kernel/uapi/linux/rds.h
pin-3.15-98253-gb56e429b1-gcc-linux/extras/crt/include/kernel/uapi/linux/uhid.h
pin-3.15-98253-gb56e429b1-gcc-linux/extras/crt/include/kernel/uapi/linux/igmp.h
pin-3.15-98253-gb56e429b1-gcc-linux/extras/crt/include/kernel/uapi/linux/netfilter_decnet.h
pin-3.15-98253-gb56e429b1-gcc-linux/extras/crt/include/kernel/uapi/linux/rtc.h
pin-3.15-98253-gb56e429b1-gcc-linux/extras/crt/include/kernel/uapi/linux/v4l2-mediabus.h
pin-3.15-98253-gb56e429b1-gcc-linux/extras/crt/include/kernel/uapi/linux/if_eql.h
pin-3.15-98253-gb56e429b1-gcc-linux/extras/crt/include/kernel/uapi/linux/virtio_ids.h
pin-3.15-98253-gb56e429b1-gcc-linux/extras/crt/include/kernel/uapi/linux/hsi/
pin-3.15-98253-gb56e429b1-gcc-linux/extras/crt/include/kernel/uapi/linux/hsi/hsi_char.h
pin-3.15-98253-gb56e429b1-gcc-linux/extras/crt/include/kernel/uapi/linux/vm_sockets.h
pin-3.15-98253-gb56e429b1-gcc-linux/extras/crt/include/kernel/uapi/linux/keyboard.h
pin-3.15-98253-gb56e429b1-gcc-linux/extras/crt/include/kernel/uapi/linux/b1lli.h
pin-3.15-98253-gb56e429b1-gcc-linux/extras/crt/include/kernel/uapi/linux/pg.h
pin-3.15-98253-gb56e429b1-gcc-linux/extras/crt/include/kernel/uapi/linux/netconf.h
pin-3.15-98253-gb56e429b1-gcc-linux/extras/crt/include/kernel/uapi/linux/coff.h
pin-3.15-98253-gb56e429b1-gcc-linux/extras/crt/include/kernel/uapi/linux/dqblk_xfs.h
pin-3.15-98253-gb56e429b1-gcc-linux/extras/crt/include/kernel/uapi/linux/ipmi.h
pin-3.15-98253-gb56e429b1-gcc-linux/extras/crt/include/kernel/uapi/linux/elf-em.h
pin-3.15-98253-gb56e429b1-gcc-linux/extras/crt/include/kernel/uapi/linux/nfs_idmap.h
pin-3.15-98253-gb56e429b1-gcc-linux/extras/crt/include/kernel/uapi/linux/virtio_9p.h
pin-3.15-98253-gb56e429b1-gcc-linux/extras/crt/include/kernel/uapi/linux/telephony.h
pin-3.15-98253-gb56e429b1-gcc-linux/extras/crt/include/kernel/uapi/linux/raw.h
pin-3.15-98253-gb56e429b1-gcc-linux/extras/crt/include/kernel/uapi/linux/vhost.h
pin-3.15-98253-gb56e429b1-gcc-linux/extras/crt/include/kernel/uapi/linux/cn_proc.h
pin-3.15-98253-gb56e429b1-gcc-linux/extras/crt/include/kernel/uapi/linux/if_plip.h
pin-3.15-98253-gb56e429b1-gcc-linux/extras/crt/include/kernel/uapi/linux/ncp_no.h
pin-3.15-98253-gb56e429b1-gcc-linux/extras/crt/include/kernel/uapi/linux/firewire-cdev.h
pin-3.15-98253-gb56e429b1-gcc-linux/extras/crt/include/kernel/uapi/linux/connector.h
pin-3.15-98253-gb56e429b1-gcc-linux/extras/crt/include/kernel/uapi/linux/fuse.h
pin-3.15-98253-gb56e429b1-gcc-linux/extras/crt/include/kernel/uapi/linux/net_dropmon.h
pin-3.15-98253-gb56e429b1-gcc-linux/extras/crt/include/kernel/uapi/linux/parport.h
pin-3.15-98253-gb56e429b1-gcc-linux/extras/crt/include/kernel/uapi/linux/pmu.h
pin-3.15-98253-gb56e429b1-gcc-linux/extras/crt/include/kernel/uapi/linux/timex.h
pin-3.15-98253-gb56e429b1-gcc-linux/extras/crt/include/kernel/uapi/linux/netfilter_arp.h
pin-3.15-98253-gb56e429b1-gcc-linux/extras/crt/include/kernel/uapi/linux/netfilter_ipv6.h
pin-3.15-98253-gb56e429b1-gcc-linux/extras/crt/include/kernel/uapi/linux/const.h
pin-3.15-98253-gb56e429b1-gcc-linux/extras/crt/include/kernel/uapi/linux/mei.h
pin-3.15-98253-gb56e429b1-gcc-linux/extras/crt/include/kernel/uapi/linux/sunrpc/
pin-3.15-98253-gb56e429b1-gcc-linux/extras/crt/include/kernel/uapi/linux/sunrpc/debug.h
pin-3.15-98253-gb56e429b1-gcc-linux/extras/crt/include/kernel/uapi/linux/i2c-dev.h
pin-3.15-98253-gb56e429b1-gcc-linux/extras/crt/include/kernel/uapi/linux/if_bridge.h
pin-3.15-98253-gb56e429b1-gcc-linux/extras/crt/include/kernel/uapi/linux/rtnetlink.h
pin-3.15-98253-gb56e429b1-gcc-linux/extras/crt/include/kernel/uapi/linux/auto_fs4.h
pin-3.15-98253-gb56e429b1-gcc-linux/extras/crt/include/kernel/uapi/linux/atmmpc.h
pin-3.15-98253-gb56e429b1-gcc-linux/extras/crt/include/kernel/uapi/linux/mdio.h
pin-3.15-98253-gb56e429b1-gcc-linux/extras/crt/include/kernel/uapi/linux/ion.h
pin-3.15-98253-gb56e429b1-gcc-linux/extras/crt/include/kernel/uapi/linux/atalk.h
pin-3.15-98253-gb56e429b1-gcc-linux/extras/crt/include/kernel/uapi/linux/serio.h
pin-3.15-98253-gb56e429b1-gcc-linux/extras/crt/include/kernel/uapi/linux/atmclip.h
pin-3.15-98253-gb56e429b1-gcc-linux/extras/crt/include/kernel/uapi/linux/kernel-page-flags.h
pin-3.15-98253-gb56e429b1-gcc-linux/extras/crt/include/kernel/uapi/linux/if_addrlabel.h
pin-3.15-98253-gb56e429b1-gcc-linux/extras/crt/include/kernel/uapi/linux/tcp.h
pin-3.15-98253-gb56e429b1-gcc-linux/extras/crt/include/kernel/uapi/linux/caif/
pin-3.15-98253-gb56e429b1-gcc-linux/extras/crt/include/kernel/uapi/linux/caif/caif_socket.h
pin-3.15-98253-gb56e429b1-gcc-linux/extras/crt/include/kernel/uapi/linux/caif/if_caif.h
pin-3.15-98253-gb56e429b1-gcc-linux/extras/crt/include/kernel/uapi/linux/jffs2.h
pin-3.15-98253-gb56e429b1-gcc-linux/extras/crt/include/kernel/uapi/linux/netlink_diag.h
pin-3.15-98253-gb56e429b1-gcc-linux/extras/crt/include/kernel/uapi/linux/coda.h
pin-3.15-98253-gb56e429b1-gcc-linux/extras/crt/include/kernel/uapi/linux/ppp-ioctl.h
pin-3.15-98253-gb56e429b1-gcc-linux/extras/crt/include/kernel/uapi/linux/if_ppp.h
pin-3.15-98253-gb56e429b1-gcc-linux/extras/crt/include/kernel/uapi/linux/isdn_ppp.h
pin-3.15-98253-gb56e429b1-gcc-linux/extras/crt/include/kernel/uapi/linux/ptp_clock.h
pin-3.15-98253-gb56e429b1-gcc-linux/extras/crt/include/kernel/uapi/linux/hidraw.h
pin-3.15-98253-gb56e429b1-gcc-linux/extras/crt/include/kernel/uapi/linux/wait.h
pin-3.15-98253-gb56e429b1-gcc-linux/extras/crt/include/kernel/uapi/linux/efs_fs_sb.h
pin-3.15-98253-gb56e429b1-gcc-linux/extras/crt/include/kernel/uapi/linux/packet_diag.h
pin-3.15-98253-gb56e429b1-gcc-linux/extras/crt/include/kernel/uapi/linux/kdev_t.h
pin-3.15-98253-gb56e429b1-gcc-linux/extras/crt/include/kernel/uapi/linux/falloc.h
pin-3.15-98253-gb56e429b1-gcc-linux/extras/crt/include/kernel/uapi/linux/random.h
pin-3.15-98253-gb56e429b1-gcc-linux/extras/crt/include/kernel/uapi/linux/nfs_mount.h
pin-3.15-98253-gb56e429b1-gcc-linux/extras/crt/include/kernel/uapi/linux/serial_reg.h
pin-3.15-98253-gb56e429b1-gcc-linux/extras/crt/include/kernel/uapi/linux/inet_diag.h
pin-3.15-98253-gb56e429b1-gcc-linux/extras/crt/include/kernel/uapi/linux/bpqether.h
pin-3.15-98253-gb56e429b1-gcc-linux/extras/crt/include/kernel/uapi/linux/elf-fdpic.h
pin-3.15-98253-gb56e429b1-gcc-linux/extras/crt/include/kernel/uapi/linux/unix_diag.h
pin-3.15-98253-gb56e429b1-gcc-linux/extras/crt/include/kernel/uapi/linux/dn.h
pin-3.15-98253-gb56e429b1-gcc-linux/extras/crt/include/kernel/uapi/linux/socket.h
pin-3.15-98253-gb56e429b1-gcc-linux/extras/crt/include/kernel/uapi/linux/dm-ioctl.h
pin-3.15-98253-gb56e429b1-gcc-linux/extras/crt/include/kernel/uapi/linux/apm_bios.h
pin-3.15-98253-gb56e429b1-gcc-linux/extras/crt/include/kernel/uapi/linux/if_bonding.h
pin-3.15-98253-gb56e429b1-gcc-linux/extras/crt/include/kernel/uapi/linux/raid/
pin-3.15-98253-gb56e429b1-gcc-linux/extras/crt/include/kernel/uapi/linux/raid/md_u.h
pin-3.15-98253-gb56e429b1-gcc-linux/extras/crt/include/kernel/uapi/linux/raid/md_p.h
pin-3.15-98253-gb56e429b1-gcc-linux/extras/crt/include/kernel/uapi/linux/netdevice.h
pin-3.15-98253-gb56e429b1-gcc-linux/extras/crt/include/kernel/uapi/linux/ipx.h
pin-3.15-98253-gb56e429b1-gcc-linux/extras/crt/include/kernel/uapi/linux/if_arcnet.h
pin-3.15-98253-gb56e429b1-gcc-linux/extras/crt/include/kernel/uapi/linux/utime.h
pin-3.15-98253-gb56e429b1-gcc-linux/extras/crt/include/kernel/uapi/linux/fsl_hypervisor.h
pin-3.15-98253-gb56e429b1-gcc-linux/extras/crt/include/kernel/uapi/linux/netfilter/
pin-3.15-98253-gb56e429b1-gcc-linux/extras/crt/include/kernel/uapi/linux/netfilter/xt_conntrack.h
pin-3.15-98253-gb56e429b1-gcc-linux/extras/crt/include/kernel/uapi/linux/netfilter/xt_length.h
pin-3.15-98253-gb56e429b1-gcc-linux/extras/crt/include/kernel/uapi/linux/netfilter/xt_nfacct.h
pin-3.15-98253-gb56e429b1-gcc-linux/extras/crt/include/kernel/uapi/linux/netfilter/xt_connmark.h
pin-3.15-98253-gb56e429b1-gcc-linux/extras/crt/include/kernel/uapi/linux/netfilter/xt_tcpudp.h
pin-3.15-98253-gb56e429b1-gcc-linux/extras/crt/include/kernel/uapi/linux/netfilter/xt_mac.h
pin-3.15-98253-gb56e429b1-gcc-linux/extras/crt/include/kernel/uapi/linux/netfilter/xt_string.h
pin-3.15-98253-gb56e429b1-gcc-linux/extras/crt/include/kernel/uapi/linux/netfilter/xt_tcpmss.h
pin-3.15-98253-gb56e429b1-gcc-linux/extras/crt/include/kernel/uapi/linux/netfilter/xt_HMARK.h
pin-3.15-98253-gb56e429b1-gcc-linux/extras/crt/include/kernel/uapi/linux/netfilter/nf_conntrack_sctp.h
pin-3.15-98253-gb56e429b1-gcc-linux/extras/crt/include/kernel/uapi/linux/netfilter/nf_nat.h
pin-3.15-98253-gb56e429b1-gcc-linux/extras/crt/include/kernel/uapi/linux/netfilter/xt_set.h
pin-3.15-98253-gb56e429b1-gcc-linux/extras/crt/include/kernel/uapi/linux/netfilter/xt_AUDIT.h
pin-3.15-98253-gb56e429b1-gcc-linux/extras/crt/include/kernel/uapi/linux/netfilter/xt_TEE.h
pin-3.15-98253-gb56e429b1-gcc-linux/extras/crt/include/kernel/uapi/linux/netfilter/nf_conntrack_tcp.h
pin-3.15-98253-gb56e429b1-gcc-linux/extras/crt/include/kernel/uapi/linux/netfilter/xt_SYNPROXY.h
pin-3.15-98253-gb56e429b1-gcc-linux/extras/crt/include/kernel/uapi/linux/netfilter/xt_statistic.h
pin-3.15-98253-gb56e429b1-gcc-linux/extras/crt/include/kernel/uapi/linux/netfilter/xt_socket.h
pin-3.15-98253-gb56e429b1-gcc-linux/extras/crt/include/kernel/uapi/linux/netfilter/xt_rpfilter.h
pin-3.15-98253-gb56e429b1-gcc-linux/extras/crt/include/kernel/uapi/linux/netfilter/xt_connbytes.h
pin-3.15-98253-gb56e429b1-gcc-linux/extras/crt/include/kernel/uapi/linux/netfilter/xt_bpf.h
pin-3.15-98253-gb56e429b1-gcc-linux/extras/crt/include/kernel/uapi/linux/netfilter/nfnetlink_acct.h
pin-3.15-98253-gb56e429b1-gcc-linux/extras/crt/include/kernel/uapi/linux/netfilter/xt_recent.h
pin-3.15-98253-gb56e429b1-gcc-linux/extras/crt/include/kernel/uapi/linux/netfilter/xt_iprange.h
pin-3.15-98253-gb56e429b1-gcc-linux/extras/crt/include/kernel/uapi/linux/netfilter/xt_osf.h
pin-3.15-98253-gb56e429b1-gcc-linux/extras/crt/include/kernel/uapi/linux/netfilter/xt_ipvs.h
pin-3.15-98253-gb56e429b1-gcc-linux/extras/crt/include/kernel/uapi/linux/netfilter/ipset/
pin-3.15-98253-gb56e429b1-gcc-linux/extras/crt/include/kernel/uapi/linux/netfilter/ipset/ip_set_hash.h
pin-3.15-98253-gb56e429b1-gcc-linux/extras/crt/include/kernel/uapi/linux/netfilter/ipset/ip_set_list.h
pin-3.15-98253-gb56e429b1-gcc-linux/extras/crt/include/kernel/uapi/linux/netfilter/ipset/ip_set.h
pin-3.15-98253-gb56e429b1-gcc-linux/extras/crt/include/kernel/uapi/linux/netfilter/ipset/ip_set_bitmap.h
pin-3.15-98253-gb56e429b1-gcc-linux/extras/crt/include/kernel/uapi/linux/netfilter/xt_TPROXY.h
pin-3.15-98253-gb56e429b1-gcc-linux/extras/crt/include/kernel/uapi/linux/netfilter/xt_cgroup.h
pin-3.15-98253-gb56e429b1-gcc-linux/extras/crt/include/kernel/uapi/linux/netfilter/xt_mark.h
pin-3.15-98253-gb56e429b1-gcc-linux/extras/crt/include/kernel/uapi/linux/netfilter/nfnetlink_cthelper.h
pin-3.15-98253-gb56e429b1-gcc-linux/extras/crt/include/kernel/uapi/linux/netfilter/xt_LED.h
pin-3.15-98253-gb56e429b1-gcc-linux/extras/crt/include/kernel/uapi/linux/netfilter/nfnetlink_cttimeout.h
pin-3.15-98253-gb56e429b1-gcc-linux/extras/crt/include/kernel/uapi/linux/netfilter/xt_time.h
pin-3.15-98253-gb56e429b1-gcc-linux/extras/crt/include/kernel/uapi/linux/netfilter/xt_rateest.h
pin-3.15-98253-gb56e429b1-gcc-linux/extras/crt/include/kernel/uapi/linux/netfilter/xt_TCPOPTSTRIP.h
pin-3.15-98253-gb56e429b1-gcc-linux/extras/crt/include/kernel/uapi/linux/netfilter/xt_ecn.h
pin-3.15-98253-gb56e429b1-gcc-linux/extras/crt/include/kernel/uapi/linux/netfilter/nf_conntrack_tuple_common.h
pin-3.15-98253-gb56e429b1-gcc-linux/extras/crt/include/kernel/uapi/linux/netfilter/xt_IDLETIMER.h
pin-3.15-98253-gb56e429b1-gcc-linux/extras/crt/include/kernel/uapi/linux/netfilter/xt_SECMARK.h
pin-3.15-98253-gb56e429b1-gcc-linux/extras/crt/include/kernel/uapi/linux/netfilter/xt_physdev.h
pin-3.15-98253-gb56e429b1-gcc-linux/extras/crt/include/kernel/uapi/linux/netfilter/nfnetlink_log.h
pin-3.15-98253-gb56e429b1-gcc-linux/extras/crt/include/kernel/uapi/linux/netfilter/xt_quota.h
pin-3.15-98253-gb56e429b1-gcc-linux/extras/crt/include/kernel/uapi/linux/netfilter/xt_state.h
pin-3.15-98253-gb56e429b1-gcc-linux/extras/crt/include/kernel/uapi/linux/netfilter/xt_sctp.h
pin-3.15-98253-gb56e429b1-gcc-linux/extras/crt/include/kernel/uapi/linux/netfilter/xt_dscp.h
pin-3.15-98253-gb56e429b1-gcc-linux/extras/crt/include/kernel/uapi/linux/netfilter/nfnetlink.h
pin-3.15-98253-gb56e429b1-gcc-linux/extras/crt/include/kernel/uapi/linux/netfilter/xt_u32.h
pin-3.15-98253-gb56e429b1-gcc-linux/extras/crt/include/kernel/uapi/linux/netfilter/nf_tables_compat.h
pin-3.15-98253-gb56e429b1-gcc-linux/extras/crt/include/kernel/uapi/linux/netfilter/xt_l2tp.h
pin-3.15-98253-gb56e429b1-gcc-linux/extras/crt/include/kernel/uapi/linux/netfilter/nf_conntrack_ftp.h
pin-3.15-98253-gb56e429b1-gcc-linux/extras/crt/include/kernel/uapi/linux/netfilter/xt_connlabel.h
pin-3.15-98253-gb56e429b1-gcc-linux/extras/crt/include/kernel/uapi/linux/netfilter/xt_connlimit.h
pin-3.15-98253-gb56e429b1-gcc-linux/extras/crt/include/kernel/uapi/linux/netfilter/xt_LOG.h
pin-3.15-98253-gb56e429b1-gcc-linux/extras/crt/include/kernel/uapi/linux/netfilter/xt_realm.h
pin-3.15-98253-gb56e429b1-gcc-linux/extras/crt/include/kernel/uapi/linux/netfilter/xt_NFLOG.h
pin-3.15-98253-gb56e429b1-gcc-linux/extras/crt/include/kernel/uapi/linux/netfilter/xt_owner.h
pin-3.15-98253-gb56e429b1-gcc-linux/extras/crt/include/kernel/uapi/linux/netfilter/xt_CLASSIFY.h
pin-3.15-98253-gb56e429b1-gcc-linux/extras/crt/include/kernel/uapi/linux/netfilter/xt_helper.h
pin-3.15-98253-gb56e429b1-gcc-linux/extras/crt/include/kernel/uapi/linux/netfilter/nf_conntrack_common.h
pin-3.15-98253-gb56e429b1-gcc-linux/extras/crt/include/kernel/uapi/linux/netfilter/xt_cpu.h
pin-3.15-98253-gb56e429b1-gcc-linux/extras/crt/include/kernel/uapi/linux/netfilter/xt_policy.h
pin-3.15-98253-gb56e429b1-gcc-linux/extras/crt/include/kernel/uapi/linux/netfilter/nf_tables.h
pin-3.15-98253-gb56e429b1-gcc-linux/extras/crt/include/kernel/uapi/linux/netfilter/xt_comment.h
pin-3.15-98253-gb56e429b1-gcc-linux/extras/crt/include/kernel/uapi/linux/netfilter/xt_pkttype.h
pin-3.15-98253-gb56e429b1-gcc-linux/extras/crt/include/kernel/uapi/linux/netfilter/xt_ipcomp.h
pin-3.15-98253-gb56e429b1-gcc-linux/extras/crt/include/kernel/uapi/linux/netfilter/xt_limit.h
pin-3.15-98253-gb56e429b1-gcc-linux/extras/crt/include/kernel/uapi/linux/netfilter/xt_esp.h
pin-3.15-98253-gb56e429b1-gcc-linux/extras/crt/include/kernel/uapi/linux/netfilter/xt_cluster.h
pin-3.15-98253-gb56e429b1-gcc-linux/extras/crt/include/kernel/uapi/linux/netfilter/xt_CHECKSUM.h
pin-3.15-98253-gb56e429b1-gcc-linux/extras/crt/include/kernel/uapi/linux/netfilter/x_tables.h
pin-3.15-98253-gb56e429b1-gcc-linux/extras/crt/include/kernel/uapi/linux/netfilter/xt_NFQUEUE.h
pin-3.15-98253-gb56e429b1-gcc-linux/extras/crt/include/kernel/uapi/linux/netfilter/nfnetlink_conntrack.h
pin-3.15-98253-gb56e429b1-gcc-linux/extras/crt/include/kernel/uapi/linux/netfilter/xt_CT.h
pin-3.15-98253-gb56e429b1-gcc-linux/extras/crt/include/kernel/uapi/linux/netfilter/xt_CONNSECMARK.h
pin-3.15-98253-gb56e429b1-gcc-linux/extras/crt/include/kernel/uapi/linux/netfilter/xt_multiport.h
pin-3.15-98253-gb56e429b1-gcc-linux/extras/crt/include/kernel/uapi/linux/netfilter/xt_hashlimit.h
pin-3.15-98253-gb56e429b1-gcc-linux/extras/crt/include/kernel/uapi/linux/netfilter/nfnetlink_queue.h
pin-3.15-98253-gb56e429b1-gcc-linux/extras/crt/include/kernel/uapi/linux/netfilter/xt_dccp.h
pin-3.15-98253-gb56e429b1-gcc-linux/extras/crt/include/kernel/uapi/linux/netfilter/xt_devgroup.h
pin-3.15-98253-gb56e429b1-gcc-linux/extras/crt/include/kernel/uapi/linux/netfilter/nfnetlink_compat.h
pin-3.15-98253-gb56e429b1-gcc-linux/extras/crt/include/kernel/uapi/linux/netfilter/xt_addrtype.h
pin-3.15-98253-gb56e429b1-gcc-linux/extras/crt/include/kernel/uapi/linux/if_fc.h
pin-3.15-98253-gb56e429b1-gcc-linux/extras/crt/include/kernel/uapi/linux/mman.h
pin-3.15-98253-gb56e429b1-gcc-linux/extras/crt/include/kernel/uapi/linux/v4l2-subdev.h
pin-3.15-98253-gb56e429b1-gcc-linux/extras/crt/include/kernel/uapi/linux/nubus.h
pin-3.15-98253-gb56e429b1-gcc-linux/extras/crt/include/kernel/uapi/linux/netfilter_bridge/
pin-3.15-98253-gb56e429b1-gcc-linux/extras/crt/include/kernel/uapi/linux/netfilter_bridge/ebt_redirect.h
pin-3.15-98253-gb56e429b1-gcc-linux/extras/crt/include/kernel/uapi/linux/netfilter_bridge/ebtables.h
pin-3.15-98253-gb56e429b1-gcc-linux/extras/crt/include/kernel/uapi/linux/netfilter_bridge/ebt_limit.h
pin-3.15-98253-gb56e429b1-gcc-linux/extras/crt/include/kernel/uapi/linux/netfilter_bridge/ebt_nflog.h
pin-3.15-98253-gb56e429b1-gcc-linux/extras/crt/include/kernel/uapi/linux/netfilter_bridge/ebt_vlan.h
pin-3.15-98253-gb56e429b1-gcc-linux/extras/crt/include/kernel/uapi/linux/netfilter_bridge/ebt_mark_t.h
pin-3.15-98253-gb56e429b1-gcc-linux/extras/crt/include/kernel/uapi/linux/netfilter_bridge/ebt_arpreply.h
pin-3.15-98253-gb56e429b1-gcc-linux/extras/crt/include/kernel/uapi/linux/netfilter_bridge/ebt_among.h
pin-3.15-98253-gb56e429b1-gcc-linux/extras/crt/include/kernel/uapi/linux/netfilter_bridge/ebt_ulog.h
pin-3.15-98253-gb56e429b1-gcc-linux/extras/crt/include/kernel/uapi/linux/netfilter_bridge/ebt_nat.h
pin-3.15-98253-gb56e429b1-gcc-linux/extras/crt/include/kernel/uapi/linux/netfilter_bridge/ebt_log.h
pin-3.15-98253-gb56e429b1-gcc-linux/extras/crt/include/kernel/uapi/linux/netfilter_bridge/ebt_802_3.h
pin-3.15-98253-gb56e429b1-gcc-linux/extras/crt/include/kernel/uapi/linux/netfilter_bridge/ebt_ip6.h
pin-3.15-98253-gb56e429b1-gcc-linux/extras/crt/include/kernel/uapi/linux/netfilter_bridge/ebt_pkttype.h
pin-3.15-98253-gb56e429b1-gcc-linux/extras/crt/include/kernel/uapi/linux/netfilter_bridge/ebt_stp.h
pin-3.15-98253-gb56e429b1-gcc-linux/extras/crt/include/kernel/uapi/linux/netfilter_bridge/ebt_mark_m.h
pin-3.15-98253-gb56e429b1-gcc-linux/extras/crt/include/kernel/uapi/linux/netfilter_bridge/ebt_arp.h
pin-3.15-98253-gb56e429b1-gcc-linux/extras/crt/include/kernel/uapi/linux/netfilter_bridge/ebt_ip.h
pin-3.15-98253-gb56e429b1-gcc-linux/extras/crt/include/kernel/uapi/linux/net_tstamp.h
pin-3.15-98253-gb56e429b1-gcc-linux/extras/crt/include/kernel/uapi/linux/in_route.h
pin-3.15-98253-gb56e429b1-gcc-linux/extras/crt/include/kernel/uapi/linux/v4l2-dv-timings.h
pin-3.15-98253-gb56e429b1-gcc-linux/extras/crt/include/kernel/uapi/linux/zorro.h
pin-3.15-98253-gb56e429b1-gcc-linux/extras/crt/include/kernel/uapi/linux/perf_event.h
pin-3.15-98253-gb56e429b1-gcc-linux/extras/crt/include/kernel/uapi/linux/reiserfs_xattr.h
pin-3.15-98253-gb56e429b1-gcc-linux/extras/crt/include/kernel/uapi/linux/coda_psdev.h
pin-3.15-98253-gb56e429b1-gcc-linux/extras/crt/include/kernel/uapi/linux/mic_common.h
pin-3.15-98253-gb56e429b1-gcc-linux/extras/crt/include/kernel/uapi/linux/atmlec.h
pin-3.15-98253-gb56e429b1-gcc-linux/extras/crt/include/kernel/uapi/linux/hdreg.h
pin-3.15-98253-gb56e429b1-gcc-linux/extras/crt/include/kernel/uapi/linux/xfrm.h
pin-3.15-98253-gb56e429b1-gcc-linux/extras/crt/include/kernel/uapi/linux/hash_info.h
pin-3.15-98253-gb56e429b1-gcc-linux/extras/crt/include/kernel/uapi/linux/cciss_ioctl.h
pin-3.15-98253-gb56e429b1-gcc-linux/extras/crt/include/kernel/uapi/linux/ultrasound.h
pin-3.15-98253-gb56e429b1-gcc-linux/extras/crt/include/kernel/uapi/linux/romfs_fs.h
pin-3.15-98253-gb56e429b1-gcc-linux/extras/crt/include/kernel/uapi/linux/mmc/
pin-3.15-98253-gb56e429b1-gcc-linux/extras/crt/include/kernel/uapi/linux/mmc/ioctl.h
pin-3.15-98253-gb56e429b1-gcc-linux/extras/crt/include/kernel/uapi/linux/poll.h
pin-3.15-98253-gb56e429b1-gcc-linux/extras/crt/include/kernel/uapi/linux/adb.h
pin-3.15-98253-gb56e429b1-gcc-linux/extras/crt/include/kernel/uapi/linux/if_pppopns.h
pin-3.15-98253-gb56e429b1-gcc-linux/extras/crt/include/kernel/uapi/linux/input.h
pin-3.15-98253-gb56e429b1-gcc-linux/extras/crt/include/kernel/uapi/linux/kernelcapi.h
pin-3.15-98253-gb56e429b1-gcc-linux/extras/crt/include/kernel/uapi/linux/acct.h
pin-3.15-98253-gb56e429b1-gcc-linux/extras/crt/include/kernel/uapi/linux/if_frad.h
pin-3.15-98253-gb56e429b1-gcc-linux/extras/crt/include/kernel/uapi/linux/posix_types.h
pin-3.15-98253-gb56e429b1-gcc-linux/extras/crt/include/kernel/uapi/linux/pfkeyv2.h
pin-3.15-98253-gb56e429b1-gcc-linux/extras/crt/include/kernel/uapi/linux/cyclades.h
pin-3.15-98253-gb56e429b1-gcc-linux/extras/crt/include/kernel/uapi/linux/wimax.h
pin-3.15-98253-gb56e429b1-gcc-linux/extras/crt/include/kernel/uapi/linux/audit.h
pin-3.15-98253-gb56e429b1-gcc-linux/extras/crt/include/kernel/uapi/linux/serial.h
pin-3.15-98253-gb56e429b1-gcc-linux/extras/crt/include/kernel/uapi/linux/if_slip.h
pin-3.15-98253-gb56e429b1-gcc-linux/extras/crt/include/kernel/uapi/linux/i2o-dev.h
pin-3.15-98253-gb56e429b1-gcc-linux/extras/crt/include/kernel/uapi/linux/wimax/
pin-3.15-98253-gb56e429b1-gcc-linux/extras/crt/include/kernel/uapi/linux/wimax/i2400m.h
pin-3.15-98253-gb56e429b1-gcc-linux/extras/crt/include/kernel/uapi/linux/cifs/
pin-3.15-98253-gb56e429b1-gcc-linux/extras/crt/include/kernel/uapi/linux/cifs/cifs_mount.h
pin-3.15-98253-gb56e429b1-gcc-linux/extras/crt/include/kernel/uapi/linux/elfcore.h
pin-3.15-98253-gb56e429b1-gcc-linux/extras/crt/include/kernel/uapi/linux/isdn/
pin-3.15-98253-gb56e429b1-gcc-linux/extras/crt/include/kernel/uapi/linux/isdn/capicmd.h
pin-3.15-98253-gb56e429b1-gcc-linux/extras/crt/include/kernel/uapi/linux/module.h
pin-3.15-98253-gb56e429b1-gcc-linux/extras/crt/include/kernel/uapi/linux/affs_hardblocks.h
pin-3.15-98253-gb56e429b1-gcc-linux/extras/crt/include/kernel/uapi/linux/nvram.h
pin-3.15-98253-gb56e429b1-gcc-linux/extras/crt/include/kernel/uapi/linux/openvswitch.h
pin-3.15-98253-gb56e429b1-gcc-linux/extras/crt/include/kernel/uapi/linux/hsr_netlink.h
pin-3.15-98253-gb56e429b1-gcc-linux/extras/crt/include/kernel/uapi/linux/atmsap.h
pin-3.15-98253-gb56e429b1-gcc-linux/extras/crt/include/kernel/uapi/linux/ioctl.h
pin-3.15-98253-gb56e429b1-gcc-linux/extras/crt/include/kernel/uapi/linux/atm_eni.h
pin-3.15-98253-gb56e429b1-gcc-linux/extras/crt/include/kernel/uapi/linux/binfmts.h
pin-3.15-98253-gb56e429b1-gcc-linux/extras/crt/include/kernel/uapi/linux/baycom.h
pin-3.15-98253-gb56e429b1-gcc-linux/extras/crt/include/kernel/uapi/linux/if_packet.h
pin-3.15-98253-gb56e429b1-gcc-linux/extras/crt/include/kernel/uapi/linux/irqnr.h
pin-3.15-98253-gb56e429b1-gcc-linux/extras/crt/include/kernel/uapi/linux/dlm_netlink.h
pin-3.15-98253-gb56e429b1-gcc-linux/extras/crt/include/kernel/uapi/linux/types.h
pin-3.15-98253-gb56e429b1-gcc-linux/extras/crt/include/kernel/uapi/linux/fs.h
pin-3.15-98253-gb56e429b1-gcc-linux/extras/crt/include/kernel/uapi/linux/usb/
pin-3.15-98253-gb56e429b1-gcc-linux/extras/crt/include/kernel/uapi/linux/usb/tmc.h
pin-3.15-98253-gb56e429b1-gcc-linux/extras/crt/include/kernel/uapi/linux/usb/g_printer.h
pin-3.15-98253-gb56e429b1-gcc-linux/extras/crt/include/kernel/uapi/linux/usb/f_accessory.h
pin-3.15-98253-gb56e429b1-gcc-linux/extras/crt/include/kernel/uapi/linux/usb/cdc-wdm.h
pin-3.15-98253-gb56e429b1-gcc-linux/extras/crt/include/kernel/uapi/linux/usb/ch9.h
pin-3.15-98253-gb56e429b1-gcc-linux/extras/crt/include/kernel/uapi/linux/usb/ch11.h
pin-3.15-98253-gb56e429b1-gcc-linux/extras/crt/include/kernel/uapi/linux/usb/gadgetfs.h
pin-3.15-98253-gb56e429b1-gcc-linux/extras/crt/include/kernel/uapi/linux/usb/midi.h
pin-3.15-98253-gb56e429b1-gcc-linux/extras/crt/include/kernel/uapi/linux/usb/f_mtp.h
pin-3.15-98253-gb56e429b1-gcc-linux/extras/crt/include/kernel/uapi/linux/usb/functionfs.h
pin-3.15-98253-gb56e429b1-gcc-linux/extras/crt/include/kernel/uapi/linux/usb/video.h
pin-3.15-98253-gb56e429b1-gcc-linux/extras/crt/include/kernel/uapi/linux/usb/cdc.h
pin-3.15-98253-gb56e429b1-gcc-linux/extras/crt/include/kernel/uapi/linux/usb/audio.h
pin-3.15-98253-gb56e429b1-gcc-linux/extras/crt/include/kernel/uapi/linux/nfsacl.h
pin-3.15-98253-gb56e429b1-gcc-linux/extras/crt/include/kernel/uapi/linux/atmarp.h
pin-3.15-98253-gb56e429b1-gcc-linux/extras/crt/include/kernel/uapi/linux/blkpg.h
pin-3.15-98253-gb56e429b1-gcc-linux/extras/crt/include/kernel/uapi/linux/synclink.h
pin-3.15-98253-gb56e429b1-gcc-linux/extras/crt/include/kernel/uapi/linux/genwqe/
pin-3.15-98253-gb56e429b1-gcc-linux/extras/crt/include/kernel/uapi/linux/genwqe/genwqe_card.h
pin-3.15-98253-gb56e429b1-gcc-linux/extras/crt/include/kernel/uapi/linux/ivtv.h
pin-3.15-98253-gb56e429b1-gcc-linux/extras/crt/include/kernel/uapi/linux/tc_act/
pin-3.15-98253-gb56e429b1-gcc-linux/extras/crt/include/kernel/uapi/linux/tc_act/tc_pedit.h
pin-3.15-98253-gb56e429b1-gcc-linux/extras/crt/include/kernel/uapi/linux/tc_act/tc_mirred.h
pin-3.15-98253-gb56e429b1-gcc-linux/extras/crt/include/kernel/uapi/linux/tc_act/tc_nat.h
pin-3.15-98253-gb56e429b1-gcc-linux/extras/crt/include/kernel/uapi/linux/tc_act/tc_csum.h
pin-3.15-98253-gb56e429b1-gcc-linux/extras/crt/include/kernel/uapi/linux/tc_act/tc_defact.h
pin-3.15-98253-gb56e429b1-gcc-linux/extras/crt/include/kernel/uapi/linux/tc_act/tc_skbedit.h
pin-3.15-98253-gb56e429b1-gcc-linux/extras/crt/include/kernel/uapi/linux/tc_act/tc_gact.h
pin-3.15-98253-gb56e429b1-gcc-linux/extras/crt/include/kernel/uapi/linux/tc_act/tc_ipt.h
pin-3.15-98253-gb56e429b1-gcc-linux/extras/crt/include/kernel/uapi/linux/cm4000_cs.h
pin-3.15-98253-gb56e429b1-gcc-linux/extras/crt/include/kernel/uapi/linux/in.h
pin-3.15-98253-gb56e429b1-gcc-linux/extras/crt/include/kernel/uapi/linux/version.h
pin-3.15-98253-gb56e429b1-gcc-linux/extras/crt/include/kernel/uapi/linux/can.h
pin-3.15-98253-gb56e429b1-gcc-linux/extras/crt/include/kernel/uapi/linux/mroute6.h
pin-3.15-98253-gb56e429b1-gcc-linux/extras/crt/include/kernel/uapi/linux/sysctl.h
pin-3.15-98253-gb56e429b1-gcc-linux/extras/crt/include/kernel/uapi/linux/compiler.h
pin-3.15-98253-gb56e429b1-gcc-linux/extras/crt/include/kernel/uapi/linux/sw_sync.h
pin-3.15-98253-gb56e429b1-gcc-linux/extras/crt/include/kernel/uapi/linux/kd.h
pin-3.15-98253-gb56e429b1-gcc-linux/extras/crt/include/kernel/uapi/linux/media.h
pin-3.15-98253-gb56e429b1-gcc-linux/extras/crt/include/kernel/uapi/linux/aio_abi.h
pin-3.15-98253-gb56e429b1-gcc-linux/extras/crt/include/kernel/uapi/linux/fiemap.h
pin-3.15-98253-gb56e429b1-gcc-linux/extras/crt/include/kernel/uapi/linux/cciss_defs.h
pin-3.15-98253-gb56e429b1-gcc-linux/extras/crt/include/kernel/uapi/linux/kvm.h
pin-3.15-98253-gb56e429b1-gcc-linux/extras/crt/include/kernel/uapi/linux/nfs2.h
pin-3.15-98253-gb56e429b1-gcc-linux/extras/crt/include/kernel/uapi/linux/neighbour.h
pin-3.15-98253-gb56e429b1-gcc-linux/extras/crt/include/kernel/uapi/linux/xattr.h
pin-3.15-98253-gb56e429b1-gcc-linux/extras/crt/include/kernel/uapi/linux/ioprio.h
pin-3.15-98253-gb56e429b1-gcc-linux/extras/crt/include/kernel/uapi/linux/prctl.h
pin-3.15-98253-gb56e429b1-gcc-linux/extras/crt/include/kernel/uapi/linux/ppp-comp.h
pin-3.15-98253-gb56e429b1-gcc-linux/extras/crt/include/kernel/uapi/linux/errno.h
pin-3.15-98253-gb56e429b1-gcc-linux/extras/crt/include/kernel/uapi/linux/bfs_fs.h
pin-3.15-98253-gb56e429b1-gcc-linux/extras/crt/include/kernel/uapi/linux/stat.h
pin-3.15-98253-gb56e429b1-gcc-linux/extras/crt/include/kernel/uapi/linux/nfc.h
pin-3.15-98253-gb56e429b1-gcc-linux/extras/crt/include/kernel/uapi/linux/mii.h
pin-3.15-98253-gb56e429b1-gcc-linux/extras/crt/include/kernel/uapi/linux/dvb/
pin-3.15-98253-gb56e429b1-gcc-linux/extras/crt/include/kernel/uapi/linux/dvb/net.h
pin-3.15-98253-gb56e429b1-gcc-linux/extras/crt/include/kernel/uapi/linux/dvb/dmx.h
pin-3.15-98253-gb56e429b1-gcc-linux/extras/crt/include/kernel/uapi/linux/dvb/osd.h
pin-3.15-98253-gb56e429b1-gcc-linux/extras/crt/include/kernel/uapi/linux/dvb/frontend.h
pin-3.15-98253-gb56e429b1-gcc-linux/extras/crt/include/kernel/uapi/linux/dvb/ca.h
pin-3.15-98253-gb56e429b1-gcc-linux/extras/crt/include/kernel/uapi/linux/dvb/video.h
pin-3.15-98253-gb56e429b1-gcc-linux/extras/crt/include/kernel/uapi/linux/dvb/version.h
pin-3.15-98253-gb56e429b1-gcc-linux/extras/crt/include/kernel/uapi/linux/dvb/audio.h
pin-3.15-98253-gb56e429b1-gcc-linux/extras/crt/include/kernel/uapi/linux/kexec.h
pin-3.15-98253-gb56e429b1-gcc-linux/extras/crt/include/kernel/uapi/linux/if_phonet.h
pin-3.15-98253-gb56e429b1-gcc-linux/extras/crt/include/kernel/uapi/linux/sync.h
pin-3.15-98253-gb56e429b1-gcc-linux/extras/crt/include/kernel/uapi/linux/pci.h
pin-3.15-98253-gb56e429b1-gcc-linux/extras/crt/include/kernel/uapi/linux/v4l2-common.h
pin-3.15-98253-gb56e429b1-gcc-linux/extras/crt/include/kernel/uapi/linux/icmp.h
pin-3.15-98253-gb56e429b1-gcc-linux/extras/crt/include/kernel/uapi/linux/pkt_sched.h
pin-3.15-98253-gb56e429b1-gcc-linux/extras/crt/include/kernel/uapi/linux/radeonfb.h
pin-3.15-98253-gb56e429b1-gcc-linux/extras/crt/include/kernel/uapi/linux/sonypi.h
pin-3.15-98253-gb56e429b1-gcc-linux/extras/crt/include/kernel/uapi/linux/rose.h
pin-3.15-98253-gb56e429b1-gcc-linux/extras/crt/include/kernel/uapi/linux/atmioc.h
pin-3.15-98253-gb56e429b1-gcc-linux/extras/crt/include/kernel/uapi/linux/irda.h
pin-3.15-98253-gb56e429b1-gcc-linux/extras/crt/include/kernel/uapi/linux/tipc.h
pin-3.15-98253-gb56e429b1-gcc-linux/extras/crt/include/kernel/uapi/linux/signalfd.h
pin-3.15-98253-gb56e429b1-gcc-linux/extras/crt/include/kernel/uapi/linux/snmp.h
pin-3.15-98253-gb56e429b1-gcc-linux/extras/crt/include/kernel/uapi/linux/kernel.h
pin-3.15-98253-gb56e429b1-gcc-linux/extras/crt/include/kernel/uapi/linux/selinux_netlink.h
pin-3.15-98253-gb56e429b1-gcc-linux/extras/crt/include/kernel/uapi/linux/ipc.h
pin-3.15-98253-gb56e429b1-gcc-linux/extras/crt/include/kernel/uapi/linux/times.h
pin-3.15-98253-gb56e429b1-gcc-linux/extras/crt/include/kernel/uapi/linux/veth.h
pin-3.15-98253-gb56e429b1-gcc-linux/extras/crt/include/kernel/uapi/linux/hdlcdrv.h
pin-3.15-98253-gb56e429b1-gcc-linux/extras/crt/include/kernel/uapi/linux/screen_info.h
pin-3.15-98253-gb56e429b1-gcc-linux/extras/crt/include/kernel/uapi/linux/atmbr2684.h
pin-3.15-98253-gb56e429b1-gcc-linux/extras/crt/include/kernel/uapi/linux/if_vlan.h
pin-3.15-98253-gb56e429b1-gcc-linux/extras/crt/include/kernel/uapi/linux/dlm_device.h
pin-3.15-98253-gb56e429b1-gcc-linux/extras/crt/include/kernel/uapi/linux/sock_diag.h
pin-3.15-98253-gb56e429b1-gcc-linux/extras/crt/include/kernel/uapi/linux/som.h
pin-3.15-98253-gb56e429b1-gcc-linux/extras/crt/include/kernel/uapi/linux/if_cablemodem.h
pin-3.15-98253-gb56e429b1-gcc-linux/extras/crt/include/kernel/uapi/linux/btrfs.h
pin-3.15-98253-gb56e429b1-gcc-linux/extras/crt/include/kernel/uapi/linux/udp.h
pin-3.15-98253-gb56e429b1-gcc-linux/extras/crt/include/kernel/uapi/linux/binder.h
pin-3.15-98253-gb56e429b1-gcc-linux/extras/crt/include/kernel/uapi/linux/fb.h
pin-3.15-98253-gb56e429b1-gcc-linux/extras/crt/include/kernel/uapi/linux/loop.h
pin-3.15-98253-gb56e429b1-gcc-linux/extras/crt/include/kernel/uapi/linux/sctp.h
pin-3.15-98253-gb56e429b1-gcc-linux/extras/crt/include/kernel/uapi/linux/inotify.h
pin-3.15-98253-gb56e429b1-gcc-linux/extras/crt/include/kernel/uapi/linux/ncp.h
pin-3.15-98253-gb56e429b1-gcc-linux/extras/crt/include/kernel/uapi/linux/pps.h
pin-3.15-98253-gb56e429b1-gcc-linux/extras/crt/include/kernel/uapi/linux/i8k.h
pin-3.15-98253-gb56e429b1-gcc-linux/extras/crt/include/kernel/uapi/linux/ppdev.h
pin-3.15-98253-gb56e429b1-gcc-linux/extras/crt/include/kernel/uapi/linux/netlink.h
pin-3.15-98253-gb56e429b1-gcc-linux/extras/crt/include/kernel/uapi/linux/hiddev.h
pin-3.15-98253-gb56e429b1-gcc-linux/extras/crt/include/kernel/uapi/linux/isdn.h
pin-3.15-98253-gb56e429b1-gcc-linux/extras/crt/include/kernel/uapi/linux/bcache.h
pin-3.15-98253-gb56e429b1-gcc-linux/extras/crt/include/kernel/uapi/linux/matroxfb.h
pin-3.15-98253-gb56e429b1-gcc-linux/extras/crt/include/kernel/uapi/linux/atmdev.h
pin-3.15-98253-gb56e429b1-gcc-linux/extras/crt/include/kernel/uapi/linux/if_infiniband.h
pin-3.15-98253-gb56e429b1-gcc-linux/extras/crt/include/kernel/uapi/asm-generic/
pin-3.15-98253-gb56e429b1-gcc-linux/extras/crt/include/kernel/uapi/asm-generic/fcntl.h
pin-3.15-98253-gb56e429b1-gcc-linux/extras/crt/include/kernel/uapi/asm-generic/int-l64.h
pin-3.15-98253-gb56e429b1-gcc-linux/extras/crt/include/kernel/uapi/asm-generic/ioctls.h
pin-3.15-98253-gb56e429b1-gcc-linux/extras/crt/include/kernel/uapi/asm-generic/setup.h
pin-3.15-98253-gb56e429b1-gcc-linux/extras/crt/include/kernel/uapi/asm-generic/mman-common.h
pin-3.15-98253-gb56e429b1-gcc-linux/extras/crt/include/kernel/uapi/asm-generic/siginfo.h
pin-3.15-98253-gb56e429b1-gcc-linux/extras/crt/include/kernel/uapi/asm-generic/sockios.h
pin-3.15-98253-gb56e429b1-gcc-linux/extras/crt/include/kernel/uapi/asm-generic/bitsperlong.h
pin-3.15-98253-gb56e429b1-gcc-linux/extras/crt/include/kernel/uapi/asm-generic/kvm_para.h
pin-3.15-98253-gb56e429b1-gcc-linux/extras/crt/include/kernel/uapi/asm-generic/signal.h
pin-3.15-98253-gb56e429b1-gcc-linux/extras/crt/include/kernel/uapi/asm-generic/swab.h
pin-3.15-98253-gb56e429b1-gcc-linux/extras/crt/include/kernel/uapi/asm-generic/errno-base.h
pin-3.15-98253-gb56e429b1-gcc-linux/extras/crt/include/kernel/uapi/asm-generic/resource.h
pin-3.15-98253-gb56e429b1-gcc-linux/extras/crt/include/kernel/uapi/asm-generic/auxvec.h
pin-3.15-98253-gb56e429b1-gcc-linux/extras/crt/include/kernel/uapi/asm-generic/int-ll64.h
pin-3.15-98253-gb56e429b1-gcc-linux/extras/crt/include/kernel/uapi/asm-generic/param.h
pin-3.15-98253-gb56e429b1-gcc-linux/extras/crt/include/kernel/uapi/asm-generic/unistd.h
pin-3.15-98253-gb56e429b1-gcc-linux/extras/crt/include/kernel/uapi/asm-generic/termios.h
pin-3.15-98253-gb56e429b1-gcc-linux/extras/crt/include/kernel/uapi/asm-generic/ipcbuf.h
pin-3.15-98253-gb56e429b1-gcc-linux/extras/crt/include/kernel/uapi/asm-generic/termbits.h
pin-3.15-98253-gb56e429b1-gcc-linux/extras/crt/include/kernel/uapi/asm-generic/socket.h
pin-3.15-98253-gb56e429b1-gcc-linux/extras/crt/include/kernel/uapi/asm-generic/mman.h
pin-3.15-98253-gb56e429b1-gcc-linux/extras/crt/include/kernel/uapi/asm-generic/poll.h
pin-3.15-98253-gb56e429b1-gcc-linux/extras/crt/include/kernel/uapi/asm-generic/shmbuf.h
pin-3.15-98253-gb56e429b1-gcc-linux/extras/crt/include/kernel/uapi/asm-generic/posix_types.h
pin-3.15-98253-gb56e429b1-gcc-linux/extras/crt/include/kernel/uapi/asm-generic/ioctl.h
pin-3.15-98253-gb56e429b1-gcc-linux/extras/crt/include/kernel/uapi/asm-generic/types.h
pin-3.15-98253-gb56e429b1-gcc-linux/extras/crt/include/kernel/uapi/asm-generic/signal-defs.h
pin-3.15-98253-gb56e429b1-gcc-linux/extras/crt/include/kernel/uapi/asm-generic/shmparam.h
pin-3.15-98253-gb56e429b1-gcc-linux/extras/crt/include/kernel/uapi/asm-generic/errno.h
pin-3.15-98253-gb56e429b1-gcc-linux/extras/crt/include/kernel/uapi/asm-generic/stat.h
pin-3.15-98253-gb56e429b1-gcc-linux/extras/crt/include/kernel/uapi/asm-generic/statfs.h
pin-3.15-98253-gb56e429b1-gcc-linux/extras/crt/include/kernel/uapi/asm-generic/ucontext.h
pin-3.15-98253-gb56e429b1-gcc-linux/extras/crt/include/kernel/uapi/asm-generic/sembuf.h
pin-3.15-98253-gb56e429b1-gcc-linux/extras/crt/include/kernel/uapi/asm-generic/msgbuf.h
pin-3.15-98253-gb56e429b1-gcc-linux/extras/crt/include/kernel/uapi/asm-x86/
pin-3.15-98253-gb56e429b1-gcc-linux/extras/crt/include/kernel/uapi/asm-x86/asm/
pin-3.15-98253-gb56e429b1-gcc-linux/extras/crt/include/kernel/uapi/asm-x86/asm/fcntl.h
pin-3.15-98253-gb56e429b1-gcc-linux/extras/crt/include/kernel/uapi/asm-x86/asm/posix_types_x32.h
pin-3.15-98253-gb56e429b1-gcc-linux/extras/crt/include/kernel/uapi/asm-x86/asm/unistd_64.h
pin-3.15-98253-gb56e429b1-gcc-linux/extras/crt/include/kernel/uapi/asm-x86/asm/ioctls.h
pin-3.15-98253-gb56e429b1-gcc-linux/extras/crt/include/kernel/uapi/asm-x86/asm/msr-index.h
pin-3.15-98253-gb56e429b1-gcc-linux/extras/crt/include/kernel/uapi/asm-x86/asm/vm86.h
pin-3.15-98253-gb56e429b1-gcc-linux/extras/crt/include/kernel/uapi/asm-x86/asm/setup.h
pin-3.15-98253-gb56e429b1-gcc-linux/extras/crt/include/kernel/uapi/asm-x86/asm/siginfo.h
pin-3.15-98253-gb56e429b1-gcc-linux/extras/crt/include/kernel/uapi/asm-x86/asm/sockios.h
pin-3.15-98253-gb56e429b1-gcc-linux/extras/crt/include/kernel/uapi/asm-x86/asm/bitsperlong.h
pin-3.15-98253-gb56e429b1-gcc-linux/extras/crt/include/kernel/uapi/asm-x86/asm/svm.h
pin-3.15-98253-gb56e429b1-gcc-linux/extras/crt/include/kernel/uapi/asm-x86/asm/kvm_para.h
pin-3.15-98253-gb56e429b1-gcc-linux/extras/crt/include/kernel/uapi/asm-x86/asm/signal.h
pin-3.15-98253-gb56e429b1-gcc-linux/extras/crt/include/kernel/uapi/asm-x86/asm/hw_breakpoint.h
pin-3.15-98253-gb56e429b1-gcc-linux/extras/crt/include/kernel/uapi/asm-x86/asm/e820.h
pin-3.15-98253-gb56e429b1-gcc-linux/extras/crt/include/kernel/uapi/asm-x86/asm/posix_types_32.h
pin-3.15-98253-gb56e429b1-gcc-linux/extras/crt/include/kernel/uapi/asm-x86/asm/mce.h
pin-3.15-98253-gb56e429b1-gcc-linux/extras/crt/include/kernel/uapi/asm-x86/asm/swab.h
pin-3.15-98253-gb56e429b1-gcc-linux/extras/crt/include/kernel/uapi/asm-x86/asm/a.out.h
pin-3.15-98253-gb56e429b1-gcc-linux/extras/crt/include/kernel/uapi/asm-x86/asm/resource.h
pin-3.15-98253-gb56e429b1-gcc-linux/extras/crt/include/kernel/uapi/asm-x86/asm/auxvec.h
pin-3.15-98253-gb56e429b1-gcc-linux/extras/crt/include/kernel/uapi/asm-x86/asm/sigcontext32.h
pin-3.15-98253-gb56e429b1-gcc-linux/extras/crt/include/kernel/uapi/asm-x86/asm/posix_types_64.h
pin-3.15-98253-gb56e429b1-gcc-linux/extras/crt/include/kernel/uapi/asm-x86/asm/ist.h
pin-3.15-98253-gb56e429b1-gcc-linux/extras/crt/include/kernel/uapi/asm-x86/asm/ptrace.h
pin-3.15-98253-gb56e429b1-gcc-linux/extras/crt/include/kernel/uapi/asm-x86/asm/param.h
pin-3.15-98253-gb56e429b1-gcc-linux/extras/crt/include/kernel/uapi/asm-x86/asm/unistd.h
pin-3.15-98253-gb56e429b1-gcc-linux/extras/crt/include/kernel/uapi/asm-x86/asm/termios.h
pin-3.15-98253-gb56e429b1-gcc-linux/extras/crt/include/kernel/uapi/asm-x86/asm/sigcontext.h
pin-3.15-98253-gb56e429b1-gcc-linux/extras/crt/include/kernel/uapi/asm-x86/asm/debugreg.h
pin-3.15-98253-gb56e429b1-gcc-linux/extras/crt/include/kernel/uapi/asm-x86/asm/boot.h
pin-3.15-98253-gb56e429b1-gcc-linux/extras/crt/include/kernel/uapi/asm-x86/asm/msr.h
pin-3.15-98253-gb56e429b1-gcc-linux/extras/crt/include/kernel/uapi/asm-x86/asm/unistd_32.h
pin-3.15-98253-gb56e429b1-gcc-linux/extras/crt/include/kernel/uapi/asm-x86/asm/ipcbuf.h
pin-3.15-98253-gb56e429b1-gcc-linux/extras/crt/include/kernel/uapi/asm-x86/asm/termbits.h
pin-3.15-98253-gb56e429b1-gcc-linux/extras/crt/include/kernel/uapi/asm-x86/asm/vmx.h
pin-3.15-98253-gb56e429b1-gcc-linux/extras/crt/include/kernel/uapi/asm-x86/asm/unistd_x32.h
pin-3.15-98253-gb56e429b1-gcc-linux/extras/crt/include/kernel/uapi/asm-x86/asm/socket.h
pin-3.15-98253-gb56e429b1-gcc-linux/extras/crt/include/kernel/uapi/asm-x86/asm/ptrace-abi.h
pin-3.15-98253-gb56e429b1-gcc-linux/extras/crt/include/kernel/uapi/asm-x86/asm/mman.h
pin-3.15-98253-gb56e429b1-gcc-linux/extras/crt/include/kernel/uapi/asm-x86/asm/poll.h
pin-3.15-98253-gb56e429b1-gcc-linux/extras/crt/include/kernel/uapi/asm-x86/asm/shmbuf.h
pin-3.15-98253-gb56e429b1-gcc-linux/extras/crt/include/kernel/uapi/asm-x86/asm/posix_types.h
pin-3.15-98253-gb56e429b1-gcc-linux/extras/crt/include/kernel/uapi/asm-x86/asm/ldt.h
pin-3.15-98253-gb56e429b1-gcc-linux/extras/crt/include/kernel/uapi/asm-x86/asm/ioctl.h
pin-3.15-98253-gb56e429b1-gcc-linux/extras/crt/include/kernel/uapi/asm-x86/asm/types.h
pin-3.15-98253-gb56e429b1-gcc-linux/extras/crt/include/kernel/uapi/asm-x86/asm/hyperv.h
pin-3.15-98253-gb56e429b1-gcc-linux/extras/crt/include/kernel/uapi/asm-x86/asm/bootparam.h
pin-3.15-98253-gb56e429b1-gcc-linux/extras/crt/include/kernel/uapi/asm-x86/asm/byteorder.h
pin-3.15-98253-gb56e429b1-gcc-linux/extras/crt/include/kernel/uapi/asm-x86/asm/perf_regs.h
pin-3.15-98253-gb56e429b1-gcc-linux/extras/crt/include/kernel/uapi/asm-x86/asm/kvm.h
pin-3.15-98253-gb56e429b1-gcc-linux/extras/crt/include/kernel/uapi/asm-x86/asm/prctl.h
pin-3.15-98253-gb56e429b1-gcc-linux/extras/crt/include/kernel/uapi/asm-x86/asm/errno.h
pin-3.15-98253-gb56e429b1-gcc-linux/extras/crt/include/kernel/uapi/asm-x86/asm/stat.h
pin-3.15-98253-gb56e429b1-gcc-linux/extras/crt/include/kernel/uapi/asm-x86/asm/mtrr.h
pin-3.15-98253-gb56e429b1-gcc-linux/extras/crt/include/kernel/uapi/asm-x86/asm/statfs.h
pin-3.15-98253-gb56e429b1-gcc-linux/extras/crt/include/kernel/uapi/asm-x86/asm/ucontext.h
pin-3.15-98253-gb56e429b1-gcc-linux/extras/crt/include/kernel/uapi/asm-x86/asm/sembuf.h
pin-3.15-98253-gb56e429b1-gcc-linux/extras/crt/include/kernel/uapi/asm-x86/asm/msgbuf.h
pin-3.15-98253-gb56e429b1-gcc-linux/extras/crt/include/kernel/uapi/asm-x86/asm/processor-flags.h
pin-3.15-98253-gb56e429b1-gcc-linux/extras/crt/include/kernel/uapi/asm-x86/asm/vsyscall.h
pin-3.15-98253-gb56e429b1-gcc-linux/extras/crt/include/stdint.h
pin-3.15-98253-gb56e429b1-gcc-linux/extras/crt/include/netdb.h
pin-3.15-98253-gb56e429b1-gcc-linux/extras/crt/include/utime.h
pin-3.15-98253-gb56e429b1-gcc-linux/extras/crt/include/wctype.h
pin-3.15-98253-gb56e429b1-gcc-linux/extras/crt/include/stdlib.h
pin-3.15-98253-gb56e429b1-gcc-linux/extras/crt/include/malloc.h
pin-3.15-98253-gb56e429b1-gcc-linux/extras/crt/include/arch-x86/
pin-3.15-98253-gb56e429b1-gcc-linux/extras/crt/include/arch-x86/machine/
pin-3.15-98253-gb56e429b1-gcc-linux/extras/crt/include/arch-x86/machine/setjmp.h
pin-3.15-98253-gb56e429b1-gcc-linux/extras/crt/include/arch-x86/machine/asm.h
pin-3.15-98253-gb56e429b1-gcc-linux/extras/crt/include/arch-x86/machine/exec.h
pin-3.15-98253-gb56e429b1-gcc-linux/extras/crt/include/arch-x86/machine/endian.h
pin-3.15-98253-gb56e429b1-gcc-linux/extras/crt/include/arch-x86/machine/elf_machdep.h
pin-3.15-98253-gb56e429b1-gcc-linux/extras/crt/include/syslog.h
pin-3.15-98253-gb56e429b1-gcc-linux/extras/crt/include/memory.h
pin-3.15-98253-gb56e429b1-gcc-linux/extras/crt/include/semaphore.h
pin-3.15-98253-gb56e429b1-gcc-linux/extras/crt/include/poll.h
pin-3.15-98253-gb56e429b1-gcc-linux/extras/crt/include/fnmatch.h
pin-3.15-98253-gb56e429b1-gcc-linux/extras/crt/include/pwd.h
pin-3.15-98253-gb56e429b1-gcc-linux/extras/crt/include/types.h
pin-3.15-98253-gb56e429b1-gcc-linux/extras/crt/include/uchar.h
pin-3.15-98253-gb56e429b1-gcc-linux/extras/crt/include/complex.h
pin-3.15-98253-gb56e429b1-gcc-linux/extras/crt/include/search.h
pin-3.15-98253-gb56e429b1-gcc-linux/extras/crt/include/netinet/
pin-3.15-98253-gb56e429b1-gcc-linux/extras/crt/include/netinet/icmp6.h
pin-3.15-98253-gb56e429b1-gcc-linux/extras/crt/include/netinet/ip_icmp.h
pin-3.15-98253-gb56e429b1-gcc-linux/extras/crt/include/netinet/ether.h
pin-3.15-98253-gb56e429b1-gcc-linux/extras/crt/include/netinet/ip.h
pin-3.15-98253-gb56e429b1-gcc-linux/extras/crt/include/netinet/if_ether.h
pin-3.15-98253-gb56e429b1-gcc-linux/extras/crt/include/netinet/in6.h
pin-3.15-98253-gb56e429b1-gcc-linux/extras/crt/include/netinet/tcp.h
pin-3.15-98253-gb56e429b1-gcc-linux/extras/crt/include/netinet/in_systm.h
pin-3.15-98253-gb56e429b1-gcc-linux/extras/crt/include/netinet/ip6.h
pin-3.15-98253-gb56e429b1-gcc-linux/extras/crt/include/netinet/in.h
pin-3.15-98253-gb56e429b1-gcc-linux/extras/crt/include/netinet/udp.h
pin-3.15-98253-gb56e429b1-gcc-linux/extras/crt/include/types_marker.h
pin-3.15-98253-gb56e429b1-gcc-linux/extras/crt/include/netpacket/
pin-3.15-98253-gb56e429b1-gcc-linux/extras/crt/include/netpacket/packet.h
pin-3.15-98253-gb56e429b1-gcc-linux/extras/crt/include/errno.h
pin-3.15-98253-gb56e429b1-gcc-linux/extras/crt/include/math.h
pin-3.15-98253-gb56e429b1-gcc-linux/extras/crt/include/os-apis/
pin-3.15-98253-gb56e429b1-gcc-linux/extras/crt/include/os-apis/process-core.h
pin-3.15-98253-gb56e429b1-gcc-linux/extras/crt/include/os-apis/ipc-pipe.h
pin-3.15-98253-gb56e429b1-gcc-linux/extras/crt/include/os-apis/rw-lock.h
pin-3.15-98253-gb56e429b1-gcc-linux/extras/crt/include/os-apis/pin-tls.h
pin-3.15-98253-gb56e429b1-gcc-linux/extras/crt/include/os-apis/sigaction_kernel.h
pin-3.15-98253-gb56e429b1-gcc-linux/extras/crt/include/os-apis/file.h
pin-3.15-98253-gb56e429b1-gcc-linux/extras/crt/include/os-apis/threads-management.h
pin-3.15-98253-gb56e429b1-gcc-linux/extras/crt/include/os-apis/time.h
pin-3.15-98253-gb56e429b1-gcc-linux/extras/crt/include/os-apis/process.h
pin-3.15-98253-gb56e429b1-gcc-linux/extras/crt/include/os-apis/memory.h
pin-3.15-98253-gb56e429b1-gcc-linux/extras/crt/include/os-apis/signals.h
pin-3.15-98253-gb56e429b1-gcc-linux/extras/crt/include/os-apis/mutex.h
pin-3.15-98253-gb56e429b1-gcc-linux/extras/crt/include/os-apis/signals-core.h
pin-3.15-98253-gb56e429b1-gcc-linux/extras/crt/include/os-apis/os_return_codes.h
pin-3.15-98253-gb56e429b1-gcc-linux/extras/crt/include/os-apis/ipc.h
pin-3.15-98253-gb56e429b1-gcc-linux/extras/crt/include/os-apis/threads.h
pin-3.15-98253-gb56e429b1-gcc-linux/extras/crt/include/os-apis/host.h
pin-3.15-98253-gb56e429b1-gcc-linux/extras/crt/include/ucontext.h
pin-3.15-98253-gb56e429b1-gcc-linux/extras/crt/include/libgen.h
pin-3.15-98253-gb56e429b1-gcc-linux/extras/crt/include/ar.h
pin-3.15-98253-gb56e429b1-gcc-linux/extras/stlport/
pin-3.15-98253-gb56e429b1-gcc-linux/extras/stlport/include/
pin-3.15-98253-gb56e429b1-gcc-linux/extras/stlport/include/streambuf
pin-3.15-98253-gb56e429b1-gcc-linux/extras/stlport/include/stdexcept
pin-3.15-98253-gb56e429b1-gcc-linux/extras/stlport/include/valarray
pin-3.15-98253-gb56e429b1-gcc-linux/extras/stlport/include/istream
pin-3.15-98253-gb56e429b1-gcc-linux/extras/stlport/include/cfloat
pin-3.15-98253-gb56e429b1-gcc-linux/extras/stlport/include/setjmp.h
pin-3.15-98253-gb56e429b1-gcc-linux/extras/stlport/include/iterator
pin-3.15-98253-gb56e429b1-gcc-linux/extras/stlport/include/cxxabi.h
pin-3.15-98253-gb56e429b1-gcc-linux/extras/stlport/include/cstdarg
pin-3.15-98253-gb56e429b1-gcc-linux/extras/stlport/include/vector
pin-3.15-98253-gb56e429b1-gcc-linux/extras/stlport/include/iomanip
pin-3.15-98253-gb56e429b1-gcc-linux/extras/stlport/include/cstddef
pin-3.15-98253-gb56e429b1-gcc-linux/extras/stlport/include/utility
pin-3.15-98253-gb56e429b1-gcc-linux/extras/stlport/include/signal.h
pin-3.15-98253-gb56e429b1-gcc-linux/extras/stlport/include/streambuf.h
pin-3.15-98253-gb56e429b1-gcc-linux/extras/stlport/include/float.h
pin-3.15-98253-gb56e429b1-gcc-linux/extras/stlport/include/stdiostream.h
pin-3.15-98253-gb56e429b1-gcc-linux/extras/stlport/include/stdarg.h
pin-3.15-98253-gb56e429b1-gcc-linux/extras/stlport/include/cstring
pin-3.15-98253-gb56e429b1-gcc-linux/extras/stlport/include/istream.h
pin-3.15-98253-gb56e429b1-gcc-linux/extras/stlport/include/ctime
pin-3.15-98253-gb56e429b1-gcc-linux/extras/stlport/include/unordered_map
pin-3.15-98253-gb56e429b1-gcc-linux/extras/stlport/include/ctype.h
pin-3.15-98253-gb56e429b1-gcc-linux/extras/stlport/include/rope
pin-3.15-98253-gb56e429b1-gcc-linux/extras/stlport/include/strstream.h
pin-3.15-98253-gb56e429b1-gcc-linux/extras/stlport/include/stack
pin-3.15-98253-gb56e429b1-gcc-linux/extras/stlport/include/rlocks.h
pin-3.15-98253-gb56e429b1-gcc-linux/extras/stlport/include/ostream
pin-3.15-98253-gb56e429b1-gcc-linux/extras/stlport/include/exception.h
pin-3.15-98253-gb56e429b1-gcc-linux/extras/stlport/include/string.h
pin-3.15-98253-gb56e429b1-gcc-linux/extras/stlport/include/climits
pin-3.15-98253-gb56e429b1-gcc-linux/extras/stlport/include/ciso646
pin-3.15-98253-gb56e429b1-gcc-linux/extras/stlport/include/pthread.h
pin-3.15-98253-gb56e429b1-gcc-linux/extras/stlport/include/time.h
pin-3.15-98253-gb56e429b1-gcc-linux/extras/stlport/include/new
pin-3.15-98253-gb56e429b1-gcc-linux/extras/stlport/include/using/
pin-3.15-98253-gb56e429b1-gcc-linux/extras/stlport/include/using/streambuf
pin-3.15-98253-gb56e429b1-gcc-linux/extras/stlport/include/using/istream
pin-3.15-98253-gb56e429b1-gcc-linux/extras/stlport/include/using/export
pin-3.15-98253-gb56e429b1-gcc-linux/extras/stlport/include/using/iomanip
pin-3.15-98253-gb56e429b1-gcc-linux/extras/stlport/include/using/cstring
pin-3.15-98253-gb56e429b1-gcc-linux/extras/stlport/include/using/h/
pin-3.15-98253-gb56e429b1-gcc-linux/extras/stlport/include/using/h/streambuf.h
pin-3.15-98253-gb56e429b1-gcc-linux/extras/stlport/include/using/h/strstream.h
pin-3.15-98253-gb56e429b1-gcc-linux/extras/stlport/include/using/h/fstream.h
pin-3.15-98253-gb56e429b1-gcc-linux/extras/stlport/include/using/h/ostream.h
pin-3.15-98253-gb56e429b1-gcc-linux/extras/stlport/include/using/h/iomanip.h
pin-3.15-98253-gb56e429b1-gcc-linux/extras/stlport/include/using/h/iostream.h
pin-3.15-98253-gb56e429b1-gcc-linux/extras/stlport/include/using/ostream
pin-3.15-98253-gb56e429b1-gcc-linux/extras/stlport/include/using/strstream
pin-3.15-98253-gb56e429b1-gcc-linux/extras/stlport/include/using/ios
pin-3.15-98253-gb56e429b1-gcc-linux/extras/stlport/include/using/iosfwd
pin-3.15-98253-gb56e429b1-gcc-linux/extras/stlport/include/using/fstream
pin-3.15-98253-gb56e429b1-gcc-linux/extras/stlport/include/using/iostream
pin-3.15-98253-gb56e429b1-gcc-linux/extras/stlport/include/using/sstream
pin-3.15-98253-gb56e429b1-gcc-linux/extras/stlport/include/using/locale
pin-3.15-98253-gb56e429b1-gcc-linux/extras/stlport/include/cerrno
pin-3.15-98253-gb56e429b1-gcc-linux/extras/stlport/include/fstream.h
pin-3.15-98253-gb56e429b1-gcc-linux/extras/stlport/include/strstream
pin-3.15-98253-gb56e429b1-gcc-linux/extras/stlport/include/ios
pin-3.15-98253-gb56e429b1-gcc-linux/extras/stlport/include/assert.h
pin-3.15-98253-gb56e429b1-gcc-linux/extras/stlport/include/stdio.h
pin-3.15-98253-gb56e429b1-gcc-linux/extras/stlport/include/limits.h
pin-3.15-98253-gb56e429b1-gcc-linux/extras/stlport/include/list
pin-3.15-98253-gb56e429b1-gcc-linux/extras/stlport/include/iso646.h
pin-3.15-98253-gb56e429b1-gcc-linux/extras/stlport/include/locale.h
pin-3.15-98253-gb56e429b1-gcc-linux/extras/stlport/include/stddef.h
pin-3.15-98253-gb56e429b1-gcc-linux/extras/stlport/include/cwchar
pin-3.15-98253-gb56e429b1-gcc-linux/extras/stlport/include/cwctype
pin-3.15-98253-gb56e429b1-gcc-linux/extras/stlport/include/cmath
pin-3.15-98253-gb56e429b1-gcc-linux/extras/stlport/include/memory
pin-3.15-98253-gb56e429b1-gcc-linux/extras/stlport/include/queue
pin-3.15-98253-gb56e429b1-gcc-linux/extras/stlport/include/wchar.h
pin-3.15-98253-gb56e429b1-gcc-linux/extras/stlport/include/algorithm
pin-3.15-98253-gb56e429b1-gcc-linux/extras/stlport/include/limits
pin-3.15-98253-gb56e429b1-gcc-linux/extras/stlport/include/hash_map
pin-3.15-98253-gb56e429b1-gcc-linux/extras/stlport/include/iosfwd
pin-3.15-98253-gb56e429b1-gcc-linux/extras/stlport/include/cctype
pin-3.15-98253-gb56e429b1-gcc-linux/extras/stlport/include/fstream
pin-3.15-98253-gb56e429b1-gcc-linux/extras/stlport/include/exception
pin-3.15-98253-gb56e429b1-gcc-linux/extras/stlport/include/ios.h
pin-3.15-98253-gb56e429b1-gcc-linux/extras/stlport/include/slist
pin-3.15-98253-gb56e429b1-gcc-linux/extras/stlport/include/cstdio
pin-3.15-98253-gb56e429b1-gcc-linux/extras/stlport/include/functional
pin-3.15-98253-gb56e429b1-gcc-linux/extras/stlport/include/wctype.h
pin-3.15-98253-gb56e429b1-gcc-linux/extras/stlport/include/stdlib.h
pin-3.15-98253-gb56e429b1-gcc-linux/extras/stlport/include/iostream
pin-3.15-98253-gb56e429b1-gcc-linux/extras/stlport/include/cstdlib
pin-3.15-98253-gb56e429b1-gcc-linux/extras/stlport/include/sstream
pin-3.15-98253-gb56e429b1-gcc-linux/extras/stlport/include/new.h
pin-3.15-98253-gb56e429b1-gcc-linux/extras/stlport/include/map
pin-3.15-98253-gb56e429b1-gcc-linux/extras/stlport/include/stl/
pin-3.15-98253-gb56e429b1-gcc-linux/extras/stlport/include/stl/_string_fwd.h
pin-3.15-98253-gb56e429b1-gcc-linux/extras/stlport/include/stl/_typeinfo.h
pin-3.15-98253-gb56e429b1-gcc-linux/extras/stlport/include/stl/_slist.c
pin-3.15-98253-gb56e429b1-gcc-linux/extras/stlport/include/stl/_sstream.h
pin-3.15-98253-gb56e429b1-gcc-linux/extras/stlport/include/stl/_prolog.h
pin-3.15-98253-gb56e429b1-gcc-linux/extras/stlport/include/stl/_threads.c
pin-3.15-98253-gb56e429b1-gcc-linux/extras/stlport/include/stl/c_locale.h
pin-3.15-98253-gb56e429b1-gcc-linux/extras/stlport/include/stl/_locale.h
pin-3.15-98253-gb56e429b1-gcc-linux/extras/stlport/include/stl/_hash_set.h
pin-3.15-98253-gb56e429b1-gcc-linux/extras/stlport/include/stl/_heap.h
pin-3.15-98253-gb56e429b1-gcc-linux/extras/stlport/include/stl/_function.h
pin-3.15-98253-gb56e429b1-gcc-linux/extras/stlport/include/stl/_slist_base.h
pin-3.15-98253-gb56e429b1-gcc-linux/extras/stlport/include/stl/_num_put.c
pin-3.15-98253-gb56e429b1-gcc-linux/extras/stlport/include/stl/_messages_facets.h
pin-3.15-98253-gb56e429b1-gcc-linux/extras/stlport/include/stl/_cstdlib.h
pin-3.15-98253-gb56e429b1-gcc-linux/extras/stlport/include/stl/_string_operators.h
pin-3.15-98253-gb56e429b1-gcc-linux/extras/stlport/include/stl/_codecvt.h
pin-3.15-98253-gb56e429b1-gcc-linux/extras/stlport/include/stl/_complex.h
pin-3.15-98253-gb56e429b1-gcc-linux/extras/stlport/include/stl/_function_adaptors.h
pin-3.15-98253-gb56e429b1-gcc-linux/extras/stlport/include/stl/_ios.h
pin-3.15-98253-gb56e429b1-gcc-linux/extras/stlport/include/stl/_bvector.h
pin-3.15-98253-gb56e429b1-gcc-linux/extras/stlport/include/stl/_unordered_map.h
pin-3.15-98253-gb56e429b1-gcc-linux/extras/stlport/include/stl/_istream.h
pin-3.15-98253-gb56e429b1-gcc-linux/extras/stlport/include/stl/_numeric.c
pin-3.15-98253-gb56e429b1-gcc-linux/extras/stlport/include/stl/_alloc.h
pin-3.15-98253-gb56e429b1-gcc-linux/extras/stlport/include/stl/_exception.h
pin-3.15-98253-gb56e429b1-gcc-linux/extras/stlport/include/stl/_rope.h
pin-3.15-98253-gb56e429b1-gcc-linux/extras/stlport/include/stl/_stack.h
pin-3.15-98253-gb56e429b1-gcc-linux/extras/stlport/include/stl/_iosfwd.h
pin-3.15-98253-gb56e429b1-gcc-linux/extras/stlport/include/stl/_numeric.h
pin-3.15-98253-gb56e429b1-gcc-linux/extras/stlport/include/stl/_num_get.h
pin-3.15-98253-gb56e429b1-gcc-linux/extras/stlport/include/stl/_num_put.h
pin-3.15-98253-gb56e429b1-gcc-linux/extras/stlport/include/stl/concept_checks.h
pin-3.15-98253-gb56e429b1-gcc-linux/extras/stlport/include/stl/_facets_fwd.h
pin-3.15-98253-gb56e429b1-gcc-linux/extras/stlport/include/stl/_iterator_old.h
pin-3.15-98253-gb56e429b1-gcc-linux/extras/stlport/include/stl/_range_errors.h
pin-3.15-98253-gb56e429b1-gcc-linux/extras/stlport/include/stl/_algobase.h
pin-3.15-98253-gb56e429b1-gcc-linux/extras/stlport/include/stl/_istreambuf_iterator.h
pin-3.15-98253-gb56e429b1-gcc-linux/extras/stlport/include/stl/_string_npos.h
pin-3.15-98253-gb56e429b1-gcc-linux/extras/stlport/include/stl/_ctype.h
pin-3.15-98253-gb56e429b1-gcc-linux/extras/stlport/include/stl/_tempbuf.h
pin-3.15-98253-gb56e429b1-gcc-linux/extras/stlport/include/stl/_time_facets.c
pin-3.15-98253-gb56e429b1-gcc-linux/extras/stlport/include/stl/_istream.c
pin-3.15-98253-gb56e429b1-gcc-linux/extras/stlport/include/stl/_monetary.h
pin-3.15-98253-gb56e429b1-gcc-linux/extras/stlport/include/stl/_hashtable.c
pin-3.15-98253-gb56e429b1-gcc-linux/extras/stlport/include/stl/_cwctype.h
pin-3.15-98253-gb56e429b1-gcc-linux/extras/stlport/include/stl/_stream_iterator.h
pin-3.15-98253-gb56e429b1-gcc-linux/extras/stlport/include/stl/_sparc_atomic.h
pin-3.15-98253-gb56e429b1-gcc-linux/extras/stlport/include/stl/_csignal.h
pin-3.15-98253-gb56e429b1-gcc-linux/extras/stlport/include/stl/_string_sum.h
pin-3.15-98253-gb56e429b1-gcc-linux/extras/stlport/include/stl/boost_type_traits.h
pin-3.15-98253-gb56e429b1-gcc-linux/extras/stlport/include/stl/_algobase.c
pin-3.15-98253-gb56e429b1-gcc-linux/extras/stlport/include/stl/_string_sum_methods.h
pin-3.15-98253-gb56e429b1-gcc-linux/extras/stlport/include/stl/_clocale.h
pin-3.15-98253-gb56e429b1-gcc-linux/extras/stlport/include/stl/_stdexcept.h
pin-3.15-98253-gb56e429b1-gcc-linux/extras/stlport/include/stl/_auto_ptr.h
pin-3.15-98253-gb56e429b1-gcc-linux/extras/stlport/include/stl/_iostream_string.h
pin-3.15-98253-gb56e429b1-gcc-linux/extras/stlport/include/stl/_uninitialized.h
pin-3.15-98253-gb56e429b1-gcc-linux/extras/stlport/include/stl/_set.h
pin-3.15-98253-gb56e429b1-gcc-linux/extras/stlport/include/stl/_rope.c
pin-3.15-98253-gb56e429b1-gcc-linux/extras/stlport/include/stl/_csetjmp.h
pin-3.15-98253-gb56e429b1-gcc-linux/extras/stlport/include/stl/_limits.c
pin-3.15-98253-gb56e429b1-gcc-linux/extras/stlport/include/stl/_ioserr.h
pin-3.15-98253-gb56e429b1-gcc-linux/extras/stlport/include/stl/_stdexcept_base.c
pin-3.15-98253-gb56e429b1-gcc-linux/extras/stlport/include/stl/_monetary.c
pin-3.15-98253-gb56e429b1-gcc-linux/extras/stlport/include/stl/char_traits.h
pin-3.15-98253-gb56e429b1-gcc-linux/extras/stlport/include/stl/_string_base.h
pin-3.15-98253-gb56e429b1-gcc-linux/extras/stlport/include/stl/_ios.c
pin-3.15-98253-gb56e429b1-gcc-linux/extras/stlport/include/stl/_algo.c
pin-3.15-98253-gb56e429b1-gcc-linux/extras/stlport/include/stl/_construct.h
pin-3.15-98253-gb56e429b1-gcc-linux/extras/stlport/include/stl/_vector.c
pin-3.15-98253-gb56e429b1-gcc-linux/extras/stlport/include/stl/_carray.h
pin-3.15-98253-gb56e429b1-gcc-linux/extras/stlport/include/stl/_heap.c
pin-3.15-98253-gb56e429b1-gcc-linux/extras/stlport/include/stl/_ctime.h
pin-3.15-98253-gb56e429b1-gcc-linux/extras/stlport/include/stl/_epilog.h
pin-3.15-98253-gb56e429b1-gcc-linux/extras/stlport/include/stl/_string.c
pin-3.15-98253-gb56e429b1-gcc-linux/extras/stlport/include/stl/_cstdio.h
pin-3.15-98253-gb56e429b1-gcc-linux/extras/stlport/include/stl/_fstream.h
pin-3.15-98253-gb56e429b1-gcc-linux/extras/stlport/include/stl/_new.h
pin-3.15-98253-gb56e429b1-gcc-linux/extras/stlport/include/stl/_algo.h
pin-3.15-98253-gb56e429b1-gcc-linux/extras/stlport/include/stl/_hash_fun.h
pin-3.15-98253-gb56e429b1-gcc-linux/extras/stlport/include/stl/_string_io.c
pin-3.15-98253-gb56e429b1-gcc-linux/extras/stlport/include/stl/_collate.h
pin-3.15-98253-gb56e429b1-gcc-linux/extras/stlport/include/stl/_bitset.c
pin-3.15-98253-gb56e429b1-gcc-linux/extras/stlport/include/stl/_iterator_base.h
pin-3.15-98253-gb56e429b1-gcc-linux/extras/stlport/include/stl/_time_facets.h
pin-3.15-98253-gb56e429b1-gcc-linux/extras/stlport/include/stl/_deque.h
pin-3.15-98253-gb56e429b1-gcc-linux/extras/stlport/include/stl/_streambuf.h
pin-3.15-98253-gb56e429b1-gcc-linux/extras/stlport/include/stl/_cstring.h
pin-3.15-98253-gb56e429b1-gcc-linux/extras/stlport/include/stl/_relops_cont.h
pin-3.15-98253-gb56e429b1-gcc-linux/extras/stlport/include/stl/_bitset.h
pin-3.15-98253-gb56e429b1-gcc-linux/extras/stlport/include/stl/_function_base.h
pin-3.15-98253-gb56e429b1-gcc-linux/extras/stlport/include/stl/_vector.h
pin-3.15-98253-gb56e429b1-gcc-linux/extras/stlport/include/stl/_streambuf.c
pin-3.15-98253-gb56e429b1-gcc-linux/extras/stlport/include/stl/_ptrs_specialize.h
pin-3.15-98253-gb56e429b1-gcc-linux/extras/stlport/include/stl/_deque.c
pin-3.15-98253-gb56e429b1-gcc-linux/extras/stlport/include/stl/_move.h
pin-3.15-98253-gb56e429b1-gcc-linux/extras/stlport/include/stl/pointers/
pin-3.15-98253-gb56e429b1-gcc-linux/extras/stlport/include/stl/pointers/_tools.h
pin-3.15-98253-gb56e429b1-gcc-linux/extras/stlport/include/stl/pointers/_set.h
pin-3.15-98253-gb56e429b1-gcc-linux/extras/stlport/include/stl/pointers/_deque.h
pin-3.15-98253-gb56e429b1-gcc-linux/extras/stlport/include/stl/pointers/_vector.h
pin-3.15-98253-gb56e429b1-gcc-linux/extras/stlport/include/stl/pointers/_list.h
pin-3.15-98253-gb56e429b1-gcc-linux/extras/stlport/include/stl/pointers/_slist.h
pin-3.15-98253-gb56e429b1-gcc-linux/extras/stlport/include/stl/_list.h
pin-3.15-98253-gb56e429b1-gcc-linux/extras/stlport/include/stl/_hashtable.h
pin-3.15-98253-gb56e429b1-gcc-linux/extras/stlport/include/stl/_hash_map.h
pin-3.15-98253-gb56e429b1-gcc-linux/extras/stlport/include/stl/_ostreambuf_iterator.h
pin-3.15-98253-gb56e429b1-gcc-linux/extras/stlport/include/stl/_iterator.h
pin-3.15-98253-gb56e429b1-gcc-linux/extras/stlport/include/stl/_fstream.c
pin-3.15-98253-gb56e429b1-gcc-linux/extras/stlport/include/stl/_tree.c
pin-3.15-98253-gb56e429b1-gcc-linux/extras/stlport/include/stl/type_manips.h
pin-3.15-98253-gb56e429b1-gcc-linux/extras/stlport/include/stl/_alloc.c
pin-3.15-98253-gb56e429b1-gcc-linux/extras/stlport/include/stl/msl_string.h
pin-3.15-98253-gb56e429b1-gcc-linux/extras/stlport/include/stl/_numpunct.h
pin-3.15-98253-gb56e429b1-gcc-linux/extras/stlport/include/stl/config/
pin-3.15-98253-gb56e429b1-gcc-linux/extras/stlport/include/stl/config/_hpacc.h
pin-3.15-98253-gb56e429b1-gcc-linux/extras/stlport/include/stl/config/_apcc.h
pin-3.15-98253-gb56e429b1-gcc-linux/extras/stlport/include/stl/config/_prolog.h
pin-3.15-98253-gb56e429b1-gcc-linux/extras/stlport/include/stl/config/_hpux.h
pin-3.15-98253-gb56e429b1-gcc-linux/extras/stlport/include/stl/config/_kai.h
pin-3.15-98253-gb56e429b1-gcc-linux/extras/stlport/include/stl/config/_freebsd.h
pin-3.15-98253-gb56e429b1-gcc-linux/extras/stlport/include/stl/config/_as400.h
pin-3.15-98253-gb56e429b1-gcc-linux/extras/stlport/include/stl/config/_watcom.h
pin-3.15-98253-gb56e429b1-gcc-linux/extras/stlport/include/stl/config/_detect_dll_or_lib.h
pin-3.15-98253-gb56e429b1-gcc-linux/extras/stlport/include/stl/config/features.h
pin-3.15-98253-gb56e429b1-gcc-linux/extras/stlport/include/stl/config/_openbsd.h
pin-3.15-98253-gb56e429b1-gcc-linux/extras/stlport/include/stl/config/_mwerks.h
pin-3.15-98253-gb56e429b1-gcc-linux/extras/stlport/include/stl/config/_windows.h
pin-3.15-98253-gb56e429b1-gcc-linux/extras/stlport/include/stl/config/_mac.h
pin-3.15-98253-gb56e429b1-gcc-linux/extras/stlport/include/stl/config/_dec_vms.h
pin-3.15-98253-gb56e429b1-gcc-linux/extras/stlport/include/stl/config/_bc.h
pin-3.15-98253-gb56e429b1-gcc-linux/extras/stlport/include/stl/config/_dm.h
pin-3.15-98253-gb56e429b1-gcc-linux/extras/stlport/include/stl/config/compat.h
pin-3.15-98253-gb56e429b1-gcc-linux/extras/stlport/include/stl/config/_como.h
pin-3.15-98253-gb56e429b1-gcc-linux/extras/stlport/include/stl/config/_msvc.h
pin-3.15-98253-gb56e429b1-gcc-linux/extras/stlport/include/stl/config/_ibm.h
pin-3.15-98253-gb56e429b1-gcc-linux/extras/stlport/include/stl/config/_intel.h
pin-3.15-98253-gb56e429b1-gcc-linux/extras/stlport/include/stl/config/_android.h
pin-3.15-98253-gb56e429b1-gcc-linux/extras/stlport/include/stl/config/stl_confix.h
pin-3.15-98253-gb56e429b1-gcc-linux/extras/stlport/include/stl/config/_macosx.h
pin-3.15-98253-gb56e429b1-gcc-linux/extras/stlport/include/stl/config/_dec.h
pin-3.15-98253-gb56e429b1-gcc-linux/extras/stlport/include/stl/config/_epilog.h
pin-3.15-98253-gb56e429b1-gcc-linux/extras/stlport/include/stl/config/_feedback.h
pin-3.15-98253-gb56e429b1-gcc-linux/extras/stlport/include/stl/config/_cygwin.h
pin-3.15-98253-gb56e429b1-gcc-linux/extras/stlport/include/stl/config/_system.h
pin-3.15-98253-gb56e429b1-gcc-linux/extras/stlport/include/stl/config/user_config.h
pin-3.15-98253-gb56e429b1-gcc-linux/extras/stlport/include/stl/config/_linux.h
pin-3.15-98253-gb56e429b1-gcc-linux/extras/stlport/include/stl/config/_gcc.h
pin-3.15-98253-gb56e429b1-gcc-linux/extras/stlport/include/stl/config/_solaris.h
pin-3.15-98253-gb56e429b1-gcc-linux/extras/stlport/include/stl/config/_mlc.h
pin-3.15-98253-gb56e429b1-gcc-linux/extras/stlport/include/stl/config/_apple.h
pin-3.15-98253-gb56e429b1-gcc-linux/extras/stlport/include/stl/config/_cray.h
pin-3.15-98253-gb56e429b1-gcc-linux/extras/stlport/include/stl/config/stl_mycomp.h
pin-3.15-98253-gb56e429b1-gcc-linux/extras/stlport/include/stl/config/_fujitsu.h
pin-3.15-98253-gb56e429b1-gcc-linux/extras/stlport/include/stl/config/_sgi.h
pin-3.15-98253-gb56e429b1-gcc-linux/extras/stlport/include/stl/config/_sunprocc.h
pin-3.15-98253-gb56e429b1-gcc-linux/extras/stlport/include/stl/config/_clang.h
pin-3.15-98253-gb56e429b1-gcc-linux/extras/stlport/include/stl/config/_warnings_off.h
pin-3.15-98253-gb56e429b1-gcc-linux/extras/stlport/include/stl/config/_pin.h
pin-3.15-98253-gb56e429b1-gcc-linux/extras/stlport/include/stl/config/_aix.h
pin-3.15-98253-gb56e429b1-gcc-linux/extras/stlport/include/stl/config/_auto_link.h
pin-3.15-98253-gb56e429b1-gcc-linux/extras/stlport/include/stl/config/_icc.h
pin-3.15-98253-gb56e429b1-gcc-linux/extras/stlport/include/stl/config/host.h
pin-3.15-98253-gb56e429b1-gcc-linux/extras/stlport/include/stl/config/_native_headers.h
pin-3.15-98253-gb56e429b1-gcc-linux/extras/stlport/include/stl/config/_evc.h
pin-3.15-98253-gb56e429b1-gcc-linux/extras/stlport/include/stl/_queue.h
pin-3.15-98253-gb56e429b1-gcc-linux/extras/stlport/include/stl/_strstream.h
pin-3.15-98253-gb56e429b1-gcc-linux/extras/stlport/include/stl/_limits.h
pin-3.15-98253-gb56e429b1-gcc-linux/extras/stlport/include/stl/_ostream.c
pin-3.15-98253-gb56e429b1-gcc-linux/extras/stlport/include/stl/_string_workaround.h
pin-3.15-98253-gb56e429b1-gcc-linux/extras/stlport/include/stl/_ostream.h
pin-3.15-98253-gb56e429b1-gcc-linux/extras/stlport/include/stl/_slist.h
pin-3.15-98253-gb56e429b1-gcc-linux/extras/stlport/include/stl/_cwchar.h
pin-3.15-98253-gb56e429b1-gcc-linux/extras/stlport/include/stl/_threads.h
pin-3.15-98253-gb56e429b1-gcc-linux/extras/stlport/include/stl/_cmath.h
pin-3.15-98253-gb56e429b1-gcc-linux/extras/stlport/include/stl/_stlport_version.h
pin-3.15-98253-gb56e429b1-gcc-linux/extras/stlport/include/stl/_cprolog.h
pin-3.15-98253-gb56e429b1-gcc-linux/extras/stlport/include/stl/_tree.h
pin-3.15-98253-gb56e429b1-gcc-linux/extras/stlport/include/stl/_valarray.c
pin-3.15-98253-gb56e429b1-gcc-linux/extras/stlport/include/stl/_raw_storage_iter.h
pin-3.15-98253-gb56e429b1-gcc-linux/extras/stlport/include/stl/_num_get.c
pin-3.15-98253-gb56e429b1-gcc-linux/extras/stlport/include/stl/_complex.c
pin-3.15-98253-gb56e429b1-gcc-linux/extras/stlport/include/stl/_tempbuf.c
pin-3.15-98253-gb56e429b1-gcc-linux/extras/stlport/include/stl/_cstdarg.h
pin-3.15-98253-gb56e429b1-gcc-linux/extras/stlport/include/stl/_ios_base.h
pin-3.15-98253-gb56e429b1-gcc-linux/extras/stlport/include/stl/_mbstate_t.h
pin-3.15-98253-gb56e429b1-gcc-linux/extras/stlport/include/stl/_string_hash.h
pin-3.15-98253-gb56e429b1-gcc-linux/extras/stlport/include/stl/_valarray.h
pin-3.15-98253-gb56e429b1-gcc-linux/extras/stlport/include/stl/_config_compat_post.h
pin-3.15-98253-gb56e429b1-gcc-linux/extras/stlport/include/stl/_slist_base.c
pin-3.15-98253-gb56e429b1-gcc-linux/extras/stlport/include/stl/type_traits.h
pin-3.15-98253-gb56e429b1-gcc-linux/extras/stlport/include/stl/_pair.h
pin-3.15-98253-gb56e429b1-gcc-linux/extras/stlport/include/stl/_pthread_alloc.h
pin-3.15-98253-gb56e429b1-gcc-linux/extras/stlport/include/stl/_string.h
pin-3.15-98253-gb56e429b1-gcc-linux/extras/stlport/include/stl/_stdexcept_base.h
pin-3.15-98253-gb56e429b1-gcc-linux/extras/stlport/include/stl/_abbrevs.h
pin-3.15-98253-gb56e429b1-gcc-linux/extras/stlport/include/stl/_move_construct_fwk.h
pin-3.15-98253-gb56e429b1-gcc-linux/extras/stlport/include/stl/_map.h
pin-3.15-98253-gb56e429b1-gcc-linux/extras/stlport/include/stl/_list.c
pin-3.15-98253-gb56e429b1-gcc-linux/extras/stlport/include/stl/_range_errors.c
pin-3.15-98253-gb56e429b1-gcc-linux/extras/stlport/include/stl/_cstddef.h
pin-3.15-98253-gb56e429b1-gcc-linux/extras/stlport/include/stl/debug/
pin-3.15-98253-gb56e429b1-gcc-linux/extras/stlport/include/stl/debug/_string_sum_methods.h
pin-3.15-98253-gb56e429b1-gcc-linux/extras/stlport/include/stl/debug/_deque.h
pin-3.15-98253-gb56e429b1-gcc-linux/extras/stlport/include/stl/debug/_vector.h
pin-3.15-98253-gb56e429b1-gcc-linux/extras/stlport/include/stl/debug/_debug.h
pin-3.15-98253-gb56e429b1-gcc-linux/extras/stlport/include/stl/debug/_list.h
pin-3.15-98253-gb56e429b1-gcc-linux/extras/stlport/include/stl/debug/_hashtable.h
pin-3.15-98253-gb56e429b1-gcc-linux/extras/stlport/include/stl/debug/_iterator.h
pin-3.15-98253-gb56e429b1-gcc-linux/extras/stlport/include/stl/debug/_debug.c
pin-3.15-98253-gb56e429b1-gcc-linux/extras/stlport/include/stl/debug/_slist.h
pin-3.15-98253-gb56e429b1-gcc-linux/extras/stlport/include/stl/debug/_tree.h
pin-3.15-98253-gb56e429b1-gcc-linux/extras/stlport/include/stl/debug/_string.h
pin-3.15-98253-gb56e429b1-gcc-linux/extras/stlport/include/stl/_iomanip.h
pin-3.15-98253-gb56e429b1-gcc-linux/extras/stlport/include/stl/_string_io.h
pin-3.15-98253-gb56e429b1-gcc-linux/extras/stlport/include/stl/_sstream.c
pin-3.15-98253-gb56e429b1-gcc-linux/extras/stlport/include/stl/_cctype.h
pin-3.15-98253-gb56e429b1-gcc-linux/extras/stlport/include/stl/_ctraits_fns.h
pin-3.15-98253-gb56e429b1-gcc-linux/extras/stlport/include/stl/_unordered_set.h
pin-3.15-98253-gb56e429b1-gcc-linux/extras/stlport/include/stl/_relops_hash_cont.h
pin-3.15-98253-gb56e429b1-gcc-linux/extras/stlport/include/string
pin-3.15-98253-gb56e429b1-gcc-linux/extras/stlport/include/typeinfo
pin-3.15-98253-gb56e429b1-gcc-linux/extras/stlport/include/pthread_alloc
pin-3.15-98253-gb56e429b1-gcc-linux/extras/stlport/include/ostream.h
pin-3.15-98253-gb56e429b1-gcc-linux/extras/stlport/include/csetjmp
pin-3.15-98253-gb56e429b1-gcc-linux/extras/stlport/include/errno.h
pin-3.15-98253-gb56e429b1-gcc-linux/extras/stlport/include/complex
pin-3.15-98253-gb56e429b1-gcc-linux/extras/stlport/include/type_traits
pin-3.15-98253-gb56e429b1-gcc-linux/extras/stlport/include/math.h
pin-3.15-98253-gb56e429b1-gcc-linux/extras/stlport/include/locale
pin-3.15-98253-gb56e429b1-gcc-linux/extras/stlport/include/clocale
pin-3.15-98253-gb56e429b1-gcc-linux/extras/stlport/include/cassert
pin-3.15-98253-gb56e429b1-gcc-linux/extras/stlport/include/numeric
pin-3.15-98253-gb56e429b1-gcc-linux/extras/stlport/include/set
pin-3.15-98253-gb56e429b1-gcc-linux/extras/stlport/include/typeinfo.h
pin-3.15-98253-gb56e429b1-gcc-linux/extras/stlport/include/deque
pin-3.15-98253-gb56e429b1-gcc-linux/extras/stlport/include/iomanip.h
pin-3.15-98253-gb56e429b1-gcc-linux/extras/stlport/include/hash_set
pin-3.15-98253-gb56e429b1-gcc-linux/extras/stlport/include/iostream.h
pin-3.15-98253-gb56e429b1-gcc-linux/extras/stlport/include/csignal
pin-3.15-98253-gb56e429b1-gcc-linux/extras/stlport/include/bitset
pin-3.15-98253-gb56e429b1-gcc-linux/extras/stlport/include/unordered_set
pin-3.15-98253-gb56e429b1-gcc-linux/extras/components/
pin-3.15-98253-gb56e429b1-gcc-linux/extras/components/lib/
pin-3.15-98253-gb56e429b1-gcc-linux/extras/components/lib/ia32/
pin-3.15-98253-gb56e429b1-gcc-linux/extras/components/lib/ia32/libatomic.a
pin-3.15-98253-gb56e429b1-gcc-linux/extras/components/lib/ia32/libatomic.a.sig
pin-3.15-98253-gb56e429b1-gcc-linux/extras/components/lib/ia32/libdebugger-protocol.so
pin-3.15-98253-gb56e429b1-gcc-linux/extras/components/lib/ia32/libdebugger-protocol.a.sig
pin-3.15-98253-gb56e429b1-gcc-linux/extras/components/lib/ia32/libdebugger-protocol.so.sig
pin-3.15-98253-gb56e429b1-gcc-linux/extras/components/lib/ia32/libdebugger-protocol.a
pin-3.15-98253-gb56e429b1-gcc-linux/extras/components/lib/intel64/
pin-3.15-98253-gb56e429b1-gcc-linux/extras/components/lib/intel64/libatomic.a
pin-3.15-98253-gb56e429b1-gcc-linux/extras/components/lib/intel64/libatomic.a.sig
pin-3.15-98253-gb56e429b1-gcc-linux/extras/components/lib/intel64/libdebugger-protocol.so
pin-3.15-98253-gb56e429b1-gcc-linux/extras/components/lib/intel64/libdebugger-protocol.a.sig
pin-3.15-98253-gb56e429b1-gcc-linux/extras/components/lib/intel64/libdebugger-protocol.so.sig
pin-3.15-98253-gb56e429b1-gcc-linux/extras/components/lib/intel64/libdebugger-protocol.a
pin-3.15-98253-gb56e429b1-gcc-linux/extras/components/include/
pin-3.15-98253-gb56e429b1-gcc-linux/extras/components/include/atomic.hpp
pin-3.15-98253-gb56e429b1-gcc-linux/extras/components/include/asm.h
pin-3.15-98253-gb56e429b1-gcc-linux/extras/components/include/asm/
pin-3.15-98253-gb56e429b1-gcc-linux/extras/components/include/asm/windows-intel64.h
pin-3.15-98253-gb56e429b1-gcc-linux/extras/components/include/asm/gas-x86.h
pin-3.15-98253-gb56e429b1-gcc-linux/extras/components/include/asm/masm-x86.h
pin-3.15-98253-gb56e429b1-gcc-linux/extras/components/include/asm/nasm-x86.h
pin-3.15-98253-gb56e429b1-gcc-linux/extras/components/include/asm/unix-intel64.h
pin-3.15-98253-gb56e429b1-gcc-linux/extras/components/include/debugger-protocol/
pin-3.15-98253-gb56e429b1-gcc-linux/extras/components/include/debugger-protocol/regs-gdb-mac-intel64.hpp
pin-3.15-98253-gb56e429b1-gcc-linux/extras/components/include/debugger-protocol/regs-gdb-linux-avx512-64.hpp
pin-3.15-98253-gb56e429b1-gcc-linux/extras/components/include/debugger-protocol/event-windows.hpp
pin-3.15-98253-gb56e429b1-gcc-linux/extras/components/include/debugger-protocol/regs-windows-avx64.hpp
pin-3.15-98253-gb56e429b1-gcc-linux/extras/components/include/debugger-protocol/event-linux.hpp
pin-3.15-98253-gb56e429b1-gcc-linux/extras/components/include/debugger-protocol/image-mac.hpp
pin-3.15-98253-gb56e429b1-gcc-linux/extras/components/include/debugger-protocol/thread-linux.hpp
pin-3.15-98253-gb56e429b1-gcc-linux/extras/components/include/debugger-protocol/forward.hpp
pin-3.15-98253-gb56e429b1-gcc-linux/extras/components/include/debugger-protocol/regs-windows-avx512-32.hpp
pin-3.15-98253-gb56e429b1-gcc-linux/extras/components/include/debugger-protocol/regs-windows-ia32.hpp
pin-3.15-98253-gb56e429b1-gcc-linux/extras/components/include/debugger-protocol/regs-gdb-linux-ia32.hpp
pin-3.15-98253-gb56e429b1-gcc-linux/extras/components/include/debugger-protocol/regs-gdb-mac-ia32.hpp
pin-3.15-98253-gb56e429b1-gcc-linux/extras/components/include/debugger-protocol/event-mac.hpp
pin-3.15-98253-gb56e429b1-gcc-linux/extras/components/include/debugger-protocol/regs-windows-avx512-64.hpp
pin-3.15-98253-gb56e429b1-gcc-linux/extras/components/include/debugger-protocol/regs-gdb-linux-intel64.hpp
pin-3.15-98253-gb56e429b1-gcc-linux/extras/components/include/debugger-protocol/regs-windows-intel64.hpp
pin-3.15-98253-gb56e429b1-gcc-linux/extras/components/include/debugger-protocol/regs-windows-avx32.hpp
pin-3.15-98253-gb56e429b1-gcc-linux/extras/components/include/debugger-protocol/regs-gdb-linux-avx64.hpp
pin-3.15-98253-gb56e429b1-gcc-linux/extras/components/include/debugger-protocol/thread-mac.hpp
pin-3.15-98253-gb56e429b1-gcc-linux/extras/components/include/debugger-protocol/image-linux.hpp
pin-3.15-98253-gb56e429b1-gcc-linux/extras/components/include/debugger-protocol/regs-gdb-linux-avx512-32.hpp
pin-3.15-98253-gb56e429b1-gcc-linux/extras/components/include/debugger-protocol/image-windows.hpp
pin-3.15-98253-gb56e429b1-gcc-linux/extras/components/include/debugger-protocol/thread-windows.hpp
pin-3.15-98253-gb56e429b1-gcc-linux/extras/components/include/debugger-protocol/regs-gdb-linux-avx32.hpp
pin-3.15-98253-gb56e429b1-gcc-linux/extras/components/include/types.h
pin-3.15-98253-gb56e429b1-gcc-linux/extras/components/include/debugger-protocol.hpp
pin-3.15-98253-gb56e429b1-gcc-linux/extras/components/include/util/
pin-3.15-98253-gb56e429b1-gcc-linux/extras/components/include/util/intel-fp.hpp
pin-3.15-98253-gb56e429b1-gcc-linux/extras/components/include/util/scoped-ptr.hpp
pin-3.15-98253-gb56e429b1-gcc-linux/extras/components/include/util/data.hpp
pin-3.15-98253-gb56e429b1-gcc-linux/extras/components/include/util/range.hpp
pin-3.15-98253-gb56e429b1-gcc-linux/extras/components/include/util/quote-argument-ms.hpp
pin-3.15-98253-gb56e429b1-gcc-linux/extras/components/include/util/regvalue.hpp
pin-3.15-98253-gb56e429b1-gcc-linux/extras/components/include/util/round.hpp
pin-3.15-98253-gb56e429b1-gcc-linux/extras/components/include/util/numberbits.hpp
pin-3.15-98253-gb56e429b1-gcc-linux/extras/components/include/util/singleton.hpp
pin-3.15-98253-gb56e429b1-gcc-linux/extras/components/include/util/locker.hpp
pin-3.15-98253-gb56e429b1-gcc-linux/extras/components/include/util/scoped-array.hpp
pin-3.15-98253-gb56e429b1-gcc-linux/extras/components/include/util/strings.hpp
pin-3.15-98253-gb56e429b1-gcc-linux/extras/components/include/util.hpp
pin-3.15-98253-gb56e429b1-gcc-linux/extras/components/include/atomic/
pin-3.15-98253-gb56e429b1-gcc-linux/extras/components/include/atomic/ops.hpp
pin-3.15-98253-gb56e429b1-gcc-linux/extras/components/include/atomic/fixed-multimap.hpp
pin-3.15-98253-gb56e429b1-gcc-linux/extras/components/include/atomic/fixed-multiset.hpp
pin-3.15-98253-gb56e429b1-gcc-linux/extras/components/include/atomic/idset.hpp
pin-3.15-98253-gb56e429b1-gcc-linux/extras/components/include/atomic/lifo-ctr.hpp
pin-3.15-98253-gb56e429b1-gcc-linux/extras/components/include/atomic/fixed-lifo.hpp
pin-3.15-98253-gb56e429b1-gcc-linux/extras/components/include/atomic/config.hpp
pin-3.15-98253-gb56e429b1-gcc-linux/extras/components/include/atomic/lifo-ptr.hpp
pin-3.15-98253-gb56e429b1-gcc-linux/extras/components/include/atomic/nullstats.hpp
pin-3.15-98253-gb56e429b1-gcc-linux/extras/components/include/atomic/exponential-backoff.hpp
pin-3.15-98253-gb56e429b1-gcc-linux/extras/components/include/atomic/private/
pin-3.15-98253-gb56e429b1-gcc-linux/extras/components/include/atomic/private/ia32/
pin-3.15-98253-gb56e429b1-gcc-linux/extras/components/include/atomic/private/ia32/ops-impl.hpp
pin-3.15-98253-gb56e429b1-gcc-linux/extras/components/include/atomic/private/ia32/ops-impl-ia32-asm.hpp
pin-3.15-98253-gb56e429b1-gcc-linux/extras/components/include/atomic/private/ops-common-impl.hpp
pin-3.15-98253-gb56e429b1-gcc-linux/extras/components/include/atomic/private/backoff-impl.hpp
pin-3.15-98253-gb56e429b1-gcc-linux/extras/components/include/atomic/private/intel64/
pin-3.15-98253-gb56e429b1-gcc-linux/extras/components/include/atomic/private/intel64/ops-impl.hpp
pin-3.15-98253-gb56e429b1-gcc-linux/extras/components/include/atomic/private/intel64/ops-impl-intel64-asm.hpp
pin-3.15-98253-gb56e429b1-gcc-linux/extras/components/include/atomic/ops-enum.hpp
pin-3.15-98253-gb56e429b1-gcc-linux/extras/xed-intel64/
pin-3.15-98253-gb56e429b1-gcc-linux/extras/xed-intel64/lib/
pin-3.15-98253-gb56e429b1-gcc-linux/extras/xed-intel64/lib/libxed.so
pin-3.15-98253-gb56e429b1-gcc-linux/extras/xed-intel64/lib/libxed.so.sig
pin-3.15-98253-gb56e429b1-gcc-linux/extras/xed-intel64/include/
pin-3.15-98253-gb56e429b1-gcc-linux/extras/xed-intel64/include/xed/
pin-3.15-98253-gb56e429b1-gcc-linux/extras/xed-intel64/include/xed/xed-operand-accessors.h
pin-3.15-98253-gb56e429b1-gcc-linux/extras/xed-intel64/include/xed/xed-cpuid-rec.h
pin-3.15-98253-gb56e429b1-gcc-linux/extras/xed-intel64/include/xed/xed-common-hdrs.h
pin-3.15-98253-gb56e429b1-gcc-linux/extras/xed-intel64/include/xed/xed-rep-prefix.h
pin-3.15-98253-gb56e429b1-gcc-linux/extras/xed-intel64/include/xed/xed-flag-enum.h
pin-3.15-98253-gb56e429b1-gcc-linux/extras/xed-intel64/include/xed/xed-decoded-inst-api.h
pin-3.15-98253-gb56e429b1-gcc-linux/extras/xed-intel64/include/xed/xed-util.h
pin-3.15-98253-gb56e429b1-gcc-linux/extras/xed-intel64/include/xed/xed-syntax-enum.h
pin-3.15-98253-gb56e429b1-gcc-linux/extras/xed-intel64/include/xed/xed-get-time.h
pin-3.15-98253-gb56e429b1-gcc-linux/extras/xed-intel64/include/xed/xed-reg-class-enum.h
pin-3.15-98253-gb56e429b1-gcc-linux/extras/xed-intel64/include/xed/xed-flag-action-enum.h
pin-3.15-98253-gb56e429b1-gcc-linux/extras/xed-intel64/include/xed/xed-isa-set.h
pin-3.15-98253-gb56e429b1-gcc-linux/extras/xed-intel64/include/xed/xed-exception-enum.h
pin-3.15-98253-gb56e429b1-gcc-linux/extras/xed-intel64/include/xed/xed-encoder-iforms.h
pin-3.15-98253-gb56e429b1-gcc-linux/extras/xed-intel64/include/xed/xed-chip-features.h
pin-3.15-98253-gb56e429b1-gcc-linux/extras/xed-intel64/include/xed/xed-operand-width-enum.h
pin-3.15-98253-gb56e429b1-gcc-linux/extras/xed-intel64/include/xed/xed-build-defines.h
pin-3.15-98253-gb56e429b1-gcc-linux/extras/xed-intel64/include/xed/xed-machine-mode-enum.h
pin-3.15-98253-gb56e429b1-gcc-linux/extras/xed-intel64/include/xed/xed-reg-class.h
pin-3.15-98253-gb56e429b1-gcc-linux/extras/xed-intel64/include/xed/xed-ild.h
pin-3.15-98253-gb56e429b1-gcc-linux/extras/xed-intel64/include/xed/xed-operand-ctype-map.h
pin-3.15-98253-gb56e429b1-gcc-linux/extras/xed-intel64/include/xed/xed-gen-table-defs.h
pin-3.15-98253-gb56e429b1-gcc-linux/extras/xed-intel64/include/xed/xed-operand-action.h
pin-3.15-98253-gb56e429b1-gcc-linux/extras/xed-intel64/include/xed/xed-operand-element-xtype-enum.h
pin-3.15-98253-gb56e429b1-gcc-linux/extras/xed-intel64/include/xed/xed-inst.h
pin-3.15-98253-gb56e429b1-gcc-linux/extras/xed-intel64/include/xed/xed-version.h
pin-3.15-98253-gb56e429b1-gcc-linux/extras/xed-intel64/include/xed/xed-operand-type-enum.h
pin-3.15-98253-gb56e429b1-gcc-linux/extras/xed-intel64/include/xed/xed-iformfl-enum.h
pin-3.15-98253-gb56e429b1-gcc-linux/extras/xed-intel64/include/xed/xed-portability.h
pin-3.15-98253-gb56e429b1-gcc-linux/extras/xed-intel64/include/xed/xed-category-enum.h
pin-3.15-98253-gb56e429b1-gcc-linux/extras/xed-intel64/include/xed/xed-encode-direct.h
pin-3.15-98253-gb56e429b1-gcc-linux/extras/xed-intel64/include/xed/xed-attributes.h
pin-3.15-98253-gb56e429b1-gcc-linux/extras/xed-intel64/include/xed/xed-operand-convert-enum.h
pin-3.15-98253-gb56e429b1-gcc-linux/extras/xed-intel64/include/xed/xed-disas.h
pin-3.15-98253-gb56e429b1-gcc-linux/extras/xed-intel64/include/xed/xed-isa-set-enum.h
pin-3.15-98253-gb56e429b1-gcc-linux/extras/xed-intel64/include/xed/xed-mapu-enum.h
pin-3.15-98253-gb56e429b1-gcc-linux/extras/xed-intel64/include/xed/xed-cpuid-bit-enum.h
pin-3.15-98253-gb56e429b1-gcc-linux/extras/xed-intel64/include/xed/xed-operand-action-enum.h
pin-3.15-98253-gb56e429b1-gcc-linux/extras/xed-intel64/include/xed/xed-reg-role-enum.h
pin-3.15-98253-gb56e429b1-gcc-linux/extras/xed-intel64/include/xed/xed-encode.h
pin-3.15-98253-gb56e429b1-gcc-linux/extras/xed-intel64/include/xed/xed-extension-enum.h
pin-3.15-98253-gb56e429b1-gcc-linux/extras/xed-intel64/include/xed/xed-immed.h
pin-3.15-98253-gb56e429b1-gcc-linux/extras/xed-intel64/include/xed/xed-iform-enum.h
pin-3.15-98253-gb56e429b1-gcc-linux/extras/xed-intel64/include/xed/xed-operand-visibility-enum.h
pin-3.15-98253-gb56e429b1-gcc-linux/extras/xed-intel64/include/xed/xed-common-defs.h
pin-3.15-98253-gb56e429b1-gcc-linux/extras/xed-intel64/include/xed/xed-flags.h
pin-3.15-98253-gb56e429b1-gcc-linux/extras/xed-intel64/include/xed/xed-state.h
pin-3.15-98253-gb56e429b1-gcc-linux/extras/xed-intel64/include/xed/xed-iform-map.h
pin-3.15-98253-gb56e429b1-gcc-linux/extras/xed-intel64/include/xed/xed-print-info.h
pin-3.15-98253-gb56e429b1-gcc-linux/extras/xed-intel64/include/xed/xed-decode.h
pin-3.15-98253-gb56e429b1-gcc-linux/extras/xed-intel64/include/xed/xed-reg-enum.h
pin-3.15-98253-gb56e429b1-gcc-linux/extras/xed-intel64/include/xed/xed-iclass-enum.h
pin-3.15-98253-gb56e429b1-gcc-linux/extras/xed-intel64/include/xed/xed-patch.h
pin-3.15-98253-gb56e429b1-gcc-linux/extras/xed-intel64/include/xed/xed-address-width-enum.h
pin-3.15-98253-gb56e429b1-gcc-linux/extras/xed-intel64/include/xed/xed-operand-element-type-enum.h
pin-3.15-98253-gb56e429b1-gcc-linux/extras/xed-intel64/include/xed/xed-decoded-inst.h
pin-3.15-98253-gb56e429b1-gcc-linux/extras/xed-intel64/include/xed/xed-operand-enum.h
pin-3.15-98253-gb56e429b1-gcc-linux/extras/xed-intel64/include/xed/xed-convert-table-init.h
pin-3.15-98253-gb56e429b1-gcc-linux/extras/xed-intel64/include/xed/xed-format-options.h
pin-3.15-98253-gb56e429b1-gcc-linux/extras/xed-intel64/include/xed/xed-immdis.h
pin-3.15-98253-gb56e429b1-gcc-linux/extras/xed-intel64/include/xed/xed-encoder-hl.h
pin-3.15-98253-gb56e429b1-gcc-linux/extras/xed-intel64/include/xed/xed-init.h
pin-3.15-98253-gb56e429b1-gcc-linux/extras/xed-intel64/include/xed/xed-operand-ctype-enum.h
pin-3.15-98253-gb56e429b1-gcc-linux/extras/xed-intel64/include/xed/xed-agen.h
pin-3.15-98253-gb56e429b1-gcc-linux/extras/xed-intel64/include/xed/xed-operand-storage.h
pin-3.15-98253-gb56e429b1-gcc-linux/extras/xed-intel64/include/xed/xed-ild-enum.h
pin-3.15-98253-gb56e429b1-gcc-linux/extras/xed-intel64/include/xed/xed-init-pointer-names.h
pin-3.15-98253-gb56e429b1-gcc-linux/extras/xed-intel64/include/xed/xed-nonterminal-enum.h
pin-3.15-98253-gb56e429b1-gcc-linux/extras/xed-intel64/include/xed/xed-error-enum.h
pin-3.15-98253-gb56e429b1-gcc-linux/extras/xed-intel64/include/xed/xed-attribute-enum.h
pin-3.15-98253-gb56e429b1-gcc-linux/extras/xed-intel64/include/xed/xed-interface.h
pin-3.15-98253-gb56e429b1-gcc-linux/extras/xed-intel64/include/xed/xed-encode-check.h
pin-3.15-98253-gb56e429b1-gcc-linux/extras/xed-intel64/include/xed/xed-types.h
pin-3.15-98253-gb56e429b1-gcc-linux/extras/xed-intel64/include/xed/xed-chip-enum.h
pin-3.15-98253-gb56e429b1-gcc-linux/extras/xed-intel64/include/xed/xed-operand-values-interface.h
pin-3.15-98253-gb56e429b1-gcc-linux/extras/xed-intel64/include/xed/xed-encoder-gen-defs.h
pin-3.15-98253-gb56e429b1-gcc-linux/extras/xed-ia32/
pin-3.15-98253-gb56e429b1-gcc-linux/extras/xed-ia32/lib/
pin-3.15-98253-gb56e429b1-gcc-linux/extras/xed-ia32/lib/libxed.so
pin-3.15-98253-gb56e429b1-gcc-linux/extras/xed-ia32/lib/libxed.so.sig
pin-3.15-98253-gb56e429b1-gcc-linux/extras/xed-ia32/include/
pin-3.15-98253-gb56e429b1-gcc-linux/extras/xed-ia32/include/xed/
pin-3.15-98253-gb56e429b1-gcc-linux/extras/xed-ia32/include/xed/xed-operand-accessors.h
pin-3.15-98253-gb56e429b1-gcc-linux/extras/xed-ia32/include/xed/xed-cpuid-rec.h
pin-3.15-98253-gb56e429b1-gcc-linux/extras/xed-ia32/include/xed/xed-common-hdrs.h
pin-3.15-98253-gb56e429b1-gcc-linux/extras/xed-ia32/include/xed/xed-rep-prefix.h
pin-3.15-98253-gb56e429b1-gcc-linux/extras/xed-ia32/include/xed/xed-flag-enum.h
pin-3.15-98253-gb56e429b1-gcc-linux/extras/xed-ia32/include/xed/xed-decoded-inst-api.h
pin-3.15-98253-gb56e429b1-gcc-linux/extras/xed-ia32/include/xed/xed-util.h
pin-3.15-98253-gb56e429b1-gcc-linux/extras/xed-ia32/include/xed/xed-syntax-enum.h
pin-3.15-98253-gb56e429b1-gcc-linux/extras/xed-ia32/include/xed/xed-get-time.h
pin-3.15-98253-gb56e429b1-gcc-linux/extras/xed-ia32/include/xed/xed-reg-class-enum.h
pin-3.15-98253-gb56e429b1-gcc-linux/extras/xed-ia32/include/xed/xed-flag-action-enum.h
pin-3.15-98253-gb56e429b1-gcc-linux/extras/xed-ia32/include/xed/xed-isa-set.h
pin-3.15-98253-gb56e429b1-gcc-linux/extras/xed-ia32/include/xed/xed-exception-enum.h
pin-3.15-98253-gb56e429b1-gcc-linux/extras/xed-ia32/include/xed/xed-encoder-iforms.h
pin-3.15-98253-gb56e429b1-gcc-linux/extras/xed-ia32/include/xed/xed-chip-features.h
pin-3.15-98253-gb56e429b1-gcc-linux/extras/xed-ia32/include/xed/xed-operand-width-enum.h
pin-3.15-98253-gb56e429b1-gcc-linux/extras/xed-ia32/include/xed/xed-build-defines.h
pin-3.15-98253-gb56e429b1-gcc-linux/extras/xed-ia32/include/xed/xed-machine-mode-enum.h
pin-3.15-98253-gb56e429b1-gcc-linux/extras/xed-ia32/include/xed/xed-reg-class.h
pin-3.15-98253-gb56e429b1-gcc-linux/extras/xed-ia32/include/xed/xed-ild.h
pin-3.15-98253-gb56e429b1-gcc-linux/extras/xed-ia32/include/xed/xed-operand-ctype-map.h
pin-3.15-98253-gb56e429b1-gcc-linux/extras/xed-ia32/include/xed/xed-gen-table-defs.h
pin-3.15-98253-gb56e429b1-gcc-linux/extras/xed-ia32/include/xed/xed-operand-action.h
pin-3.15-98253-gb56e429b1-gcc-linux/extras/xed-ia32/include/xed/xed-operand-element-xtype-enum.h
pin-3.15-98253-gb56e429b1-gcc-linux/extras/xed-ia32/include/xed/xed-inst.h
pin-3.15-98253-gb56e429b1-gcc-linux/extras/xed-ia32/include/xed/xed-version.h
pin-3.15-98253-gb56e429b1-gcc-linux/extras/xed-ia32/include/xed/xed-operand-type-enum.h
pin-3.15-98253-gb56e429b1-gcc-linux/extras/xed-ia32/include/xed/xed-iformfl-enum.h
pin-3.15-98253-gb56e429b1-gcc-linux/extras/xed-ia32/include/xed/xed-portability.h
pin-3.15-98253-gb56e429b1-gcc-linux/extras/xed-ia32/include/xed/xed-category-enum.h
pin-3.15-98253-gb56e429b1-gcc-linux/extras/xed-ia32/include/xed/xed-encode-direct.h
pin-3.15-98253-gb56e429b1-gcc-linux/extras/xed-ia32/include/xed/xed-attributes.h
pin-3.15-98253-gb56e429b1-gcc-linux/extras/xed-ia32/include/xed/xed-operand-convert-enum.h
pin-3.15-98253-gb56e429b1-gcc-linux/extras/xed-ia32/include/xed/xed-disas.h
pin-3.15-98253-gb56e429b1-gcc-linux/extras/xed-ia32/include/xed/xed-isa-set-enum.h
pin-3.15-98253-gb56e429b1-gcc-linux/extras/xed-ia32/include/xed/xed-mapu-enum.h
pin-3.15-98253-gb56e429b1-gcc-linux/extras/xed-ia32/include/xed/xed-cpuid-bit-enum.h
pin-3.15-98253-gb56e429b1-gcc-linux/extras/xed-ia32/include/xed/xed-operand-action-enum.h
pin-3.15-98253-gb56e429b1-gcc-linux/extras/xed-ia32/include/xed/xed-reg-role-enum.h
pin-3.15-98253-gb56e429b1-gcc-linux/extras/xed-ia32/include/xed/xed-encode.h
pin-3.15-98253-gb56e429b1-gcc-linux/extras/xed-ia32/include/xed/xed-extension-enum.h
pin-3.15-98253-gb56e429b1-gcc-linux/extras/xed-ia32/include/xed/xed-immed.h
pin-3.15-98253-gb56e429b1-gcc-linux/extras/xed-ia32/include/xed/xed-iform-enum.h
pin-3.15-98253-gb56e429b1-gcc-linux/extras/xed-ia32/include/xed/xed-operand-visibility-enum.h
pin-3.15-98253-gb56e429b1-gcc-linux/extras/xed-ia32/include/xed/xed-common-defs.h
pin-3.15-98253-gb56e429b1-gcc-linux/extras/xed-ia32/include/xed/xed-flags.h
pin-3.15-98253-gb56e429b1-gcc-linux/extras/xed-ia32/include/xed/xed-state.h
pin-3.15-98253-gb56e429b1-gcc-linux/extras/xed-ia32/include/xed/xed-iform-map.h
pin-3.15-98253-gb56e429b1-gcc-linux/extras/xed-ia32/include/xed/xed-print-info.h
pin-3.15-98253-gb56e429b1-gcc-linux/extras/xed-ia32/include/xed/xed-decode.h
pin-3.15-98253-gb56e429b1-gcc-linux/extras/xed-ia32/include/xed/xed-reg-enum.h
pin-3.15-98253-gb56e429b1-gcc-linux/extras/xed-ia32/include/xed/xed-iclass-enum.h
pin-3.15-98253-gb56e429b1-gcc-linux/extras/xed-ia32/include/xed/xed-patch.h
pin-3.15-98253-gb56e429b1-gcc-linux/extras/xed-ia32/include/xed/xed-address-width-enum.h
pin-3.15-98253-gb56e429b1-gcc-linux/extras/xed-ia32/include/xed/xed-operand-element-type-enum.h
pin-3.15-98253-gb56e429b1-gcc-linux/extras/xed-ia32/include/xed/xed-decoded-inst.h
pin-3.15-98253-gb56e429b1-gcc-linux/extras/xed-ia32/include/xed/xed-operand-enum.h
pin-3.15-98253-gb56e429b1-gcc-linux/extras/xed-ia32/include/xed/xed-convert-table-init.h
pin-3.15-98253-gb56e429b1-gcc-linux/extras/xed-ia32/include/xed/xed-format-options.h
pin-3.15-98253-gb56e429b1-gcc-linux/extras/xed-ia32/include/xed/xed-immdis.h
pin-3.15-98253-gb56e429b1-gcc-linux/extras/xed-ia32/include/xed/xed-encoder-hl.h
pin-3.15-98253-gb56e429b1-gcc-linux/extras/xed-ia32/include/xed/xed-init.h
pin-3.15-98253-gb56e429b1-gcc-linux/extras/xed-ia32/include/xed/xed-operand-ctype-enum.h
pin-3.15-98253-gb56e429b1-gcc-linux/extras/xed-ia32/include/xed/xed-agen.h
pin-3.15-98253-gb56e429b1-gcc-linux/extras/xed-ia32/include/xed/xed-operand-storage.h
pin-3.15-98253-gb56e429b1-gcc-linux/extras/xed-ia32/include/xed/xed-ild-enum.h
pin-3.15-98253-gb56e429b1-gcc-linux/extras/xed-ia32/include/xed/xed-init-pointer-names.h
pin-3.15-98253-gb56e429b1-gcc-linux/extras/xed-ia32/include/xed/xed-nonterminal-enum.h
pin-3.15-98253-gb56e429b1-gcc-linux/extras/xed-ia32/include/xed/xed-error-enum.h
pin-3.15-98253-gb56e429b1-gcc-linux/extras/xed-ia32/include/xed/xed-attribute-enum.h
pin-3.15-98253-gb56e429b1-gcc-linux/extras/xed-ia32/include/xed/xed-interface.h
pin-3.15-98253-gb56e429b1-gcc-linux/extras/xed-ia32/include/xed/xed-encode-check.h
pin-3.15-98253-gb56e429b1-gcc-linux/extras/xed-ia32/include/xed/xed-types.h
pin-3.15-98253-gb56e429b1-gcc-linux/extras/xed-ia32/include/xed/xed-chip-enum.h
pin-3.15-98253-gb56e429b1-gcc-linux/extras/xed-ia32/include/xed/xed-operand-values-interface.h
pin-3.15-98253-gb56e429b1-gcc-linux/extras/xed-ia32/include/xed/xed-encoder-gen-defs.h
pin-3.15-98253-gb56e429b1-gcc-linux/pin.sig
pin-3.15-98253-gb56e429b1-gcc-linux/licensing/
pin-3.15-98253-gb56e429b1-gcc-linux/licensing/LICENSE-llvm
pin-3.15-98253-gb56e429b1-gcc-linux/licensing/LICENSE-STLport
pin-3.15-98253-gb56e429b1-gcc-linux/licensing/NOTICE-libc
pin-3.15-98253-gb56e429b1-gcc-linux/licensing/NOTICE-libstdc++
pin-3.15-98253-gb56e429b1-gcc-linux/licensing/NOTICE-libdl
pin-3.15-98253-gb56e429b1-gcc-linux/licensing/NOTICE-linker
pin-3.15-98253-gb56e429b1-gcc-linux/licensing/redist.txt
pin-3.15-98253-gb56e429b1-gcc-linux/licensing/NOTICE-libm
pin-3.15-98253-gb56e429b1-gcc-linux/licensing/LICENSE-FreeBSD
pin-3.15-98253-gb56e429b1-gcc-linux/licensing/EULA.txt
pin-3.15-98253-gb56e429b1-gcc-linux/licensing/third-party-programs.txt
pin-3.15-98253-gb56e429b1-gcc-linux/licensing/LICENSE-Apache_LLVM
pin-3.15-98253-gb56e429b1-gcc-linux/source/
pin-3.15-98253-gb56e429b1-gcc-linux/source/launcher/
pin-3.15-98253-gb56e429b1-gcc-linux/source/launcher/utils.h
pin-3.15-98253-gb56e429b1-gcc-linux/source/launcher/os_specific.h
pin-3.15-98253-gb56e429b1-gcc-linux/source/launcher/os_specific_l.c
pin-3.15-98253-gb56e429b1-gcc-linux/source/launcher/launcher_u.c
pin-3.15-98253-gb56e429b1-gcc-linux/source/launcher/os_specific_m.c
pin-3.15-98253-gb56e429b1-gcc-linux/source/launcher/utils.c
pin-3.15-98253-gb56e429b1-gcc-linux/source/include/
pin-3.15-98253-gb56e429b1-gcc-linux/source/include/pin/
pin-3.15-98253-gb56e429b1-gcc-linux/source/include/pin/level_base.PLH
pin-3.15-98253-gb56e429b1-gcc-linux/source/include/pin/level_vmapi.PLH
pin-3.15-98253-gb56e429b1-gcc-linux/source/include/pin/level_pinclient.PLH
pin-3.15-98253-gb56e429b1-gcc-linux/source/include/pin/level_core.PLH
pin-3.15-98253-gb56e429b1-gcc-linux/source/include/pin/pintool.exp
pin-3.15-98253-gb56e429b1-gcc-linux/source/include/pin/pin_profile.H
pin-3.15-98253-gb56e429b1-gcc-linux/source/include/pin/foundation.PLH
pin-3.15-98253-gb56e429b1-gcc-linux/source/include/pin/pin.H
pin-3.15-98253-gb56e429b1-gcc-linux/source/include/pin/pintool.ver
pin-3.15-98253-gb56e429b1-gcc-linux/source/include/pin/pin_version.h
pin-3.15-98253-gb56e429b1-gcc-linux/source/include/pin/pin_util.H
pin-3.15-98253-gb56e429b1-gcc-linux/source/include/pin/pin_cache.H
pin-3.15-98253-gb56e429b1-gcc-linux/source/include/pin/pin-errtype.h
pin-3.15-98253-gb56e429b1-gcc-linux/source/include/pin/gen/
pin-3.15-98253-gb56e429b1-gcc-linux/source/include/pin/gen/deprecated_client.PH
pin-3.15-98253-gb56e429b1-gcc-linux/source/include/pin/gen/versions_client.PH
pin-3.15-98253-gb56e429b1-gcc-linux/source/include/pin/gen/ins_syscall_ia32_unix.PH
pin-3.15-98253-gb56e429b1-gcc-linux/source/include/pin/gen/reg_partial_ia32.PH
pin-3.15-98253-gb56e429b1-gcc-linux/source/include/pin/gen/sec.PH
pin-3.15-98253-gb56e429b1-gcc-linux/source/include/pin/gen/ins.PH
pin-3.15-98253-gb56e429b1-gcc-linux/source/include/pin/gen/tls.PH
pin-3.15-98253-gb56e429b1-gcc-linux/source/include/pin/gen/types_vmapi.TLH
pin-3.15-98253-gb56e429b1-gcc-linux/source/include/pin/gen/types_base.TLH
pin-3.15-98253-gb56e429b1-gcc-linux/source/include/pin/gen/types_foundation.TLH
pin-3.15-98253-gb56e429b1-gcc-linux/source/include/pin/gen/util.PH
pin-3.15-98253-gb56e429b1-gcc-linux/source/include/pin/gen/types_core.TLH
pin-3.15-98253-gb56e429b1-gcc-linux/source/include/pin/gen/exception.PH
pin-3.15-98253-gb56e429b1-gcc-linux/source/include/pin/gen/knob.PH
pin-3.15-98253-gb56e429b1-gcc-linux/source/include/pin/gen/probe_instrument_ia32.PH
pin-3.15-98253-gb56e429b1-gcc-linux/source/include/pin/gen/ins_ia32.PH
pin-3.15-98253-gb56e429b1-gcc-linux/source/include/pin/gen/symbol_elf.PH
pin-3.15-98253-gb56e429b1-gcc-linux/source/include/pin/gen/image.PH
pin-3.15-98253-gb56e429b1-gcc-linux/source/include/pin/gen/ins_api_xed_ia32.PH
pin-3.15-98253-gb56e429b1-gcc-linux/source/include/pin/gen/fpstate_ia32e.PH
pin-3.15-98253-gb56e429b1-gcc-linux/source/include/pin/gen/img.PH
pin-3.15-98253-gb56e429b1-gcc-linux/source/include/pin/gen/image_elf.PH
pin-3.15-98253-gb56e429b1-gcc-linux/source/include/pin/gen/message.PH
pin-3.15-98253-gb56e429b1-gcc-linux/source/include/pin/gen/tls_client.PH
pin-3.15-98253-gb56e429b1-gcc-linux/source/include/pin/gen/lock.PH
pin-3.15-98253-gb56e429b1-gcc-linux/source/include/pin/gen/reginfo_ia32.PH
pin-3.15-98253-gb56e429b1-gcc-linux/source/include/pin/gen/thread_client.PH
pin-3.15-98253-gb56e429b1-gcc-linux/source/include/pin/gen/edg.PH
pin-3.15-98253-gb56e429b1-gcc-linux/source/include/pin/gen/opin_client.PH
pin-3.15-98253-gb56e429b1-gcc-linux/source/include/pin/gen/operand_ia32.PH
pin-3.15-98253-gb56e429b1-gcc-linux/source/include/pin/gen/regset_ia32.PH
pin-3.15-98253-gb56e429b1-gcc-linux/source/include/pin/gen/fpstate_ia32.PH
pin-3.15-98253-gb56e429b1-gcc-linux/source/include/pin/gen/pin_client_replay.PH
pin-3.15-98253-gb56e429b1-gcc-linux/source/include/pin/gen/regset.PH
pin-3.15-98253-gb56e429b1-gcc-linux/source/include/pin/gen/debugger_client.PH
pin-3.15-98253-gb56e429b1-gcc-linux/source/include/pin/gen/probe_instrument.PH
pin-3.15-98253-gb56e429b1-gcc-linux/source/include/pin/gen/child_process_client.PH
pin-3.15-98253-gb56e429b1-gcc-linux/source/include/pin/gen/sysfuncs_linux.PH
pin-3.15-98253-gb56e429b1-gcc-linux/source/include/pin/gen/pin_client.PH
pin-3.15-98253-gb56e429b1-gcc-linux/source/include/pin/gen/internal_exception_client.PH
pin-3.15-98253-gb56e429b1-gcc-linux/source/include/pin/gen/backtrace_u.PH
pin-3.15-98253-gb56e429b1-gcc-linux/source/include/pin/gen/pinsync.hpp
pin-3.15-98253-gb56e429b1-gcc-linux/source/include/pin/gen/ins_xed_ia32.PH
pin-3.15-98253-gb56e429b1-gcc-linux/source/include/pin/gen/reg_ia32.PH
pin-3.15-98253-gb56e429b1-gcc-linux/source/include/pin/gen/stopped_thread_client.PH
pin-3.15-98253-gb56e429b1-gcc-linux/source/include/pin/gen/bbl.PH
pin-3.15-98253-gb56e429b1-gcc-linux/source/include/pin/gen/child_process.PH
pin-3.15-98253-gb56e429b1-gcc-linux/source/include/pin/gen/base_ia32.PH
pin-3.15-98253-gb56e429b1-gcc-linux/source/include/pin/gen/debug.PH
pin-3.15-98253-gb56e429b1-gcc-linux/source/include/pin/gen/val.PH
pin-3.15-98253-gb56e429b1-gcc-linux/source/include/pin/level_foundation.PLH
pin-3.15-98253-gb56e429b1-gcc-linux/source/tools/
pin-3.15-98253-gb56e429b1-gcc-linux/source/tools/ManualExamples/
pin-3.15-98253-gb56e429b1-gcc-linux/source/tools/ManualExamples/proccount.cpp
pin-3.15-98253-gb56e429b1-gcc-linux/source/tools/ManualExamples/buffer_linux.cpp
pin-3.15-98253-gb56e429b1-gcc-linux/source/tools/ManualExamples/strace.cpp
pin-3.15-98253-gb56e429b1-gcc-linux/source/tools/ManualExamples/dumpargv.cpp
pin-3.15-98253-gb56e429b1-gcc-linux/source/tools/ManualExamples/makefile.rules
pin-3.15-98253-gb56e429b1-gcc-linux/source/tools/ManualExamples/stack-debugger-tutorial.vcxproj.filters
pin-3.15-98253-gb56e429b1-gcc-linux/source/tools/ManualExamples/statica.cpp
pin-3.15-98253-gb56e429b1-gcc-linux/source/tools/ManualExamples/inscount_tls.cpp
pin-3.15-98253-gb56e429b1-gcc-linux/source/tools/ManualExamples/itrace.cpp
pin-3.15-98253-gb56e429b1-gcc-linux/source/tools/ManualExamples/detach.cpp
pin-3.15-98253-gb56e429b1-gcc-linux/source/tools/ManualExamples/follow_child_app1.cpp
pin-3.15-98253-gb56e429b1-gcc-linux/source/tools/ManualExamples/follow_child_app2.cpp
pin-3.15-98253-gb56e429b1-gcc-linux/source/tools/ManualExamples/invocation.cpp
pin-3.15-98253-gb56e429b1-gcc-linux/source/tools/ManualExamples/imageload.cpp
pin-3.15-98253-gb56e429b1-gcc-linux/source/tools/ManualExamples/follow_child_tool.cpp
pin-3.15-98253-gb56e429b1-gcc-linux/source/tools/ManualExamples/replacesigprobed.cpp
pin-3.15-98253-gb56e429b1-gcc-linux/source/tools/ManualExamples/malloc_mt.cpp
pin-3.15-98253-gb56e429b1-gcc-linux/source/tools/ManualExamples/little_malloc.c
pin-3.15-98253-gb56e429b1-gcc-linux/source/tools/ManualExamples/fork_jit_tool.cpp
pin-3.15-98253-gb56e429b1-gcc-linux/source/tools/ManualExamples/emudiv.cpp
pin-3.15-98253-gb56e429b1-gcc-linux/source/tools/ManualExamples/divide_by_zero_unix.c
pin-3.15-98253-gb56e429b1-gcc-linux/source/tools/ManualExamples/staticcount.cpp
pin-3.15-98253-gb56e429b1-gcc-linux/source/tools/ManualExamples/fibonacci.cpp
pin-3.15-98253-gb56e429b1-gcc-linux/source/tools/ManualExamples/stack-debugger-tutorial.sln
pin-3.15-98253-gb56e429b1-gcc-linux/source/tools/ManualExamples/nonstatica.cpp
pin-3.15-98253-gb56e429b1-gcc-linux/source/tools/ManualExamples/stack-debugger.cpp
pin-3.15-98253-gb56e429b1-gcc-linux/source/tools/ManualExamples/fork_app.cpp
pin-3.15-98253-gb56e429b1-gcc-linux/source/tools/ManualExamples/stack-debugger-tutorial.vcxproj
pin-3.15-98253-gb56e429b1-gcc-linux/source/tools/ManualExamples/divide_by_zero_win.c
pin-3.15-98253-gb56e429b1-gcc-linux/source/tools/ManualExamples/inscount2.cpp
pin-3.15-98253-gb56e429b1-gcc-linux/source/tools/ManualExamples/safecopy.cpp
pin-3.15-98253-gb56e429b1-gcc-linux/source/tools/ManualExamples/pinatrace.cpp
pin-3.15-98253-gb56e429b1-gcc-linux/source/tools/ManualExamples/malloctrace.cpp
pin-3.15-98253-gb56e429b1-gcc-linux/source/tools/ManualExamples/buffer_windows.cpp
pin-3.15-98253-gb56e429b1-gcc-linux/source/tools/ManualExamples/countreps.cpp
pin-3.15-98253-gb56e429b1-gcc-linux/source/tools/ManualExamples/inscount0.cpp
pin-3.15-98253-gb56e429b1-gcc-linux/source/tools/ManualExamples/isampling.cpp
pin-3.15-98253-gb56e429b1-gcc-linux/source/tools/ManualExamples/makefile
pin-3.15-98253-gb56e429b1-gcc-linux/source/tools/ManualExamples/inscount1.cpp
pin-3.15-98253-gb56e429b1-gcc-linux/source/tools/ManualExamples/w_malloctrace.cpp
pin-3.15-98253-gb56e429b1-gcc-linux/source/tools/Mmx/
pin-3.15-98253-gb56e429b1-gcc-linux/source/tools/Mmx/makefile.rules
pin-3.15-98253-gb56e429b1-gcc-linux/source/tools/Mmx/mmx_test2_tool.cpp
pin-3.15-98253-gb56e429b1-gcc-linux/source/tools/Mmx/fpstack_ia32_win.asm
pin-3.15-98253-gb56e429b1-gcc-linux/source/tools/Mmx/mmx_test1_tool.cpp
pin-3.15-98253-gb56e429b1-gcc-linux/source/tools/Mmx/mmx_test1_app.cpp
pin-3.15-98253-gb56e429b1-gcc-linux/source/tools/Mmx/mmxsequence_ia32_win.asm
pin-3.15-98253-gb56e429b1-gcc-linux/source/tools/Mmx/mmx_test2_app.cpp
pin-3.15-98253-gb56e429b1-gcc-linux/source/tools/Mmx/makefile
pin-3.15-98253-gb56e429b1-gcc-linux/source/tools/SegmentsVirtualization/
pin-3.15-98253-gb56e429b1-gcc-linux/source/tools/SegmentsVirtualization/gcc_thread_local_vars.reference
pin-3.15-98253-gb56e429b1-gcc-linux/source/tools/SegmentsVirtualization/makefile.rules
pin-3.15-98253-gb56e429b1-gcc-linux/source/tools/SegmentsVirtualization/fixed_base_reg.cpp
pin-3.15-98253-gb56e429b1-gcc-linux/source/tools/SegmentsVirtualization/load_far_pointer_intel64.s
pin-3.15-98253-gb56e429b1-gcc-linux/source/tools/SegmentsVirtualization/load_far_pointer_ia32.s
pin-3.15-98253-gb56e429b1-gcc-linux/source/tools/SegmentsVirtualization/modify_ldt.cpp
pin-3.15-98253-gb56e429b1-gcc-linux/source/tools/SegmentsVirtualization/set_thread_area2.cpp
pin-3.15-98253-gb56e429b1-gcc-linux/source/tools/SegmentsVirtualization/set_thread_area1.cpp
pin-3.15-98253-gb56e429b1-gcc-linux/source/tools/SegmentsVirtualization/load_far_pointer_intel64.cpp
pin-3.15-98253-gb56e429b1-gcc-linux/source/tools/SegmentsVirtualization/movs.s
pin-3.15-98253-gb56e429b1-gcc-linux/source/tools/SegmentsVirtualization/gcc_thread_local_vars_app.c
pin-3.15-98253-gb56e429b1-gcc-linux/source/tools/SegmentsVirtualization/makefile
pin-3.15-98253-gb56e429b1-gcc-linux/source/tools/SegmentsVirtualization/set_thread_area3.cpp
pin-3.15-98253-gb56e429b1-gcc-linux/source/tools/SegmentsVirtualization/load_far_pointer_ia32.cpp
pin-3.15-98253-gb56e429b1-gcc-linux/source/tools/RtnTests/
pin-3.15-98253-gb56e429b1-gcc-linux/source/tools/RtnTests/checkflags.s
pin-3.15-98253-gb56e429b1-gcc-linux/source/tools/RtnTests/ifuncInstrumentationApp.c
pin-3.15-98253-gb56e429b1-gcc-linux/source/tools/RtnTests/makefile.rules
pin-3.15-98253-gb56e429b1-gcc-linux/source/tools/RtnTests/ifunc_complex_resolver_app.c
pin-3.15-98253-gb56e429b1-gcc-linux/source/tools/RtnTests/ifuncInstrumentation.cpp
pin-3.15-98253-gb56e429b1-gcc-linux/source/tools/RtnTests/checkflags.asm
pin-3.15-98253-gb56e429b1-gcc-linux/source/tools/RtnTests/is_ifunc_supported.py
pin-3.15-98253-gb56e429b1-gcc-linux/source/tools/RtnTests/checkflags_app.c
pin-3.15-98253-gb56e429b1-gcc-linux/source/tools/RtnTests/checkflags_tool.cpp
pin-3.15-98253-gb56e429b1-gcc-linux/source/tools/RtnTests/ifunc_complex_resolver.cpp
pin-3.15-98253-gb56e429b1-gcc-linux/source/tools/RtnTests/ifunc_complex_resolver_lib_app.c
pin-3.15-98253-gb56e429b1-gcc-linux/source/tools/RtnTests/makefile
pin-3.15-98253-gb56e429b1-gcc-linux/source/tools/Debugger/
pin-3.15-98253-gb56e429b1-gcc-linux/source/tools/Debugger/intercept-breakpoint-gdb.compare
pin-3.15-98253-gb56e429b1-gcc-linux/source/tools/Debugger/pindb-simple-simultaneous-multi.compare2
pin-3.15-98253-gb56e429b1-gcc-linux/source/tools/Debugger/pindb-simultaneous-multi.pindb
pin-3.15-98253-gb56e429b1-gcc-linux/source/tools/Debugger/pindb-simultaneous-toolbreak-change.compare
pin-3.15-98253-gb56e429b1-gcc-linux/source/tools/Debugger/bphandler.cpp
pin-3.15-98253-gb56e429b1-gcc-linux/source/tools/Debugger/debugger-type.lldb
pin-3.15-98253-gb56e429b1-gcc-linux/source/tools/Debugger/debugger-type.gdb
pin-3.15-98253-gb56e429b1-gcc-linux/source/tools/Debugger/signal-catch.cpp
pin-3.15-98253-gb56e429b1-gcc-linux/source/tools/Debugger/win-exception-after-exit.cpp
pin-3.15-98253-gb56e429b1-gcc-linux/source/tools/Debugger/stack-debugger.compare
pin-3.15-98253-gb56e429b1-gcc-linux/source/tools/Debugger/win-continued-exception1.cpp
pin-3.15-98253-gb56e429b1-gcc-linux/source/tools/Debugger/pindb-invalidate-regs.pindb
pin-3.15-98253-gb56e429b1-gcc-linux/source/tools/Debugger/zmm.compare
pin-3.15-98253-gb56e429b1-gcc-linux/source/tools/Debugger/xmm-ia32_with_set_xmm_scratch_regs_before_breakpoint_tool_const_context.gdb
pin-3.15-98253-gb56e429b1-gcc-linux/source/tools/Debugger/pindb-win-cpp-exception.pindb
pin-3.15-98253-gb56e429b1-gcc-linux/source/tools/Debugger/zmm-asm-ia32.asm
pin-3.15-98253-gb56e429b1-gcc-linux/source/tools/Debugger/simple-pindb-asm-intel64.s
pin-3.15-98253-gb56e429b1-gcc-linux/source/tools/Debugger/xmm-intel64.compare
pin-3.15-98253-gb56e429b1-gcc-linux/source/tools/Debugger/simple.compare.lldb
pin-3.15-98253-gb56e429b1-gcc-linux/source/tools/Debugger/bptest-intel64.gdb
pin-3.15-98253-gb56e429b1-gcc-linux/source/tools/Debugger/simultaneous-toolbreak-squash.compare
pin-3.15-98253-gb56e429b1-gcc-linux/source/tools/Debugger/breaktool_const_context.compare
pin-3.15-98253-gb56e429b1-gcc-linux/source/tools/Debugger/execfail.compare.lldb
pin-3.15-98253-gb56e429b1-gcc-linux/source/tools/Debugger/xmm-ia32_with_set_xmm_scratch_regs_tool.gdb
pin-3.15-98253-gb56e429b1-gcc-linux/source/tools/Debugger/pindb-simultaneous-toolbreak-serialize.pindb
pin-3.15-98253-gb56e429b1-gcc-linux/source/tools/Debugger/sleep-unix.c
pin-3.15-98253-gb56e429b1-gcc-linux/source/tools/Debugger/pindb-noprompt-kill.pindb
pin-3.15-98253-gb56e429b1-gcc-linux/source/tools/Debugger/pindb-simultaneous-toolbreak-change.pindb
pin-3.15-98253-gb56e429b1-gcc-linux/source/tools/Debugger/signal-step.compare
pin-3.15-98253-gb56e429b1-gcc-linux/source/tools/Debugger/pindb-simple-command.compare
pin-3.15-98253-gb56e429b1-gcc-linux/source/tools/Debugger/makefile.rules
pin-3.15-98253-gb56e429b1-gcc-linux/source/tools/Debugger/pindb-simultaneous-toolbreak.pindb
pin-3.15-98253-gb56e429b1-gcc-linux/source/tools/Debugger/bphandler_app.c
pin-3.15-98253-gb56e429b1-gcc-linux/source/tools/Debugger/pindb-simple-command.pindb
pin-3.15-98253-gb56e429b1-gcc-linux/source/tools/Debugger/app-pause-in-int-thread-tool.cpp
pin-3.15-98253-gb56e429b1-gcc-linux/source/tools/Debugger/pindb-win-continued-exception1.compare
pin-3.15-98253-gb56e429b1-gcc-linux/source/tools/Debugger/mt-exit.cpp
pin-3.15-98253-gb56e429b1-gcc-linux/source/tools/Debugger/set_xmm_scratches_before_breakpoint.cpp
pin-3.15-98253-gb56e429b1-gcc-linux/source/tools/Debugger/fork.compare.lldb
pin-3.15-98253-gb56e429b1-gcc-linux/source/tools/Debugger/pindb-win-step-exception.compare
pin-3.15-98253-gb56e429b1-gcc-linux/source/tools/Debugger/pindb-win-unhandled-exception.compare
pin-3.15-98253-gb56e429b1-gcc-linux/source/tools/Debugger/breaktool.compare.lldb
pin-3.15-98253-gb56e429b1-gcc-linux/source/tools/Debugger/bptest-ia32.compare
pin-3.15-98253-gb56e429b1-gcc-linux/source/tools/Debugger/gdb-detach-reattach-fixed-port-1.gdb
pin-3.15-98253-gb56e429b1-gcc-linux/source/tools/Debugger/pindb-win-library-notifications.pindb
pin-3.15-98253-gb56e429b1-gcc-linux/source/tools/Debugger/pindb-simultaneous-multi-serialize.compare3
pin-3.15-98253-gb56e429b1-gcc-linux/source/tools/Debugger/pindb-simultaneous-toolbreak-step.compare
pin-3.15-98253-gb56e429b1-gcc-linux/source/tools/Debugger/pthread-bare-exit.cpp
pin-3.15-98253-gb56e429b1-gcc-linux/source/tools/Debugger/win-unhandled-exception.cpp
pin-3.15-98253-gb56e429b1-gcc-linux/source/tools/Debugger/mt-exit-tool.cpp
pin-3.15-98253-gb56e429b1-gcc-linux/source/tools/Debugger/pindb-pthread-step-exitgroup.pindb
pin-3.15-98253-gb56e429b1-gcc-linux/source/tools/Debugger/ymm.compare
pin-3.15-98253-gb56e429b1-gcc-linux/source/tools/Debugger/simultaneous-toolbreak.compare
pin-3.15-98253-gb56e429b1-gcc-linux/source/tools/Debugger/win-handled-exception.cpp
pin-3.15-98253-gb56e429b1-gcc-linux/source/tools/Debugger/pindb-win-step-exception.pindb
pin-3.15-98253-gb56e429b1-gcc-linux/source/tools/Debugger/default_mac_tool.cpp
pin-3.15-98253-gb56e429b1-gcc-linux/source/tools/Debugger/pindb-win-continued-exception2.compare
pin-3.15-98253-gb56e429b1-gcc-linux/source/tools/Debugger/gdb-detach-reattach-2.gdb
pin-3.15-98253-gb56e429b1-gcc-linux/source/tools/Debugger/fork.compare
pin-3.15-98253-gb56e429b1-gcc-linux/source/tools/Debugger/start-fini-callback.cpp
pin-3.15-98253-gb56e429b1-gcc-linux/source/tools/Debugger/xmm-intel64_with_set_xmm_scratch_regs_before_breakpoint_tool.compare
pin-3.15-98253-gb56e429b1-gcc-linux/source/tools/Debugger/ymm.cpp
pin-3.15-98253-gb56e429b1-gcc-linux/source/tools/Debugger/pindb-pthread-step-exit.pindb
pin-3.15-98253-gb56e429b1-gcc-linux/source/tools/Debugger/simultaneous-toolbreak.cpp
pin-3.15-98253-gb56e429b1-gcc-linux/source/tools/Debugger/pindb-simultaneous-multi-serialize.compare4
pin-3.15-98253-gb56e429b1-gcc-linux/source/tools/Debugger/quit.gdb
pin-3.15-98253-gb56e429b1-gcc-linux/source/tools/Debugger/launch-gdb_const_context.gdb
pin-3.15-98253-gb56e429b1-gcc-linux/source/tools/Debugger/watchpoint-app.c
pin-3.15-98253-gb56e429b1-gcc-linux/source/tools/Debugger/gdb-detach-reattach-gdb-1.compare
pin-3.15-98253-gb56e429b1-gcc-linux/source/tools/Debugger/ymm_with_set_xmm_scratch_regs_tool.compare
pin-3.15-98253-gb56e429b1-gcc-linux/source/tools/Debugger/siginfo.compare
pin-3.15-98253-gb56e429b1-gcc-linux/source/tools/Debugger/siginfo.gdb
pin-3.15-98253-gb56e429b1-gcc-linux/source/tools/Debugger/pindb-start-fini.pindb
pin-3.15-98253-gb56e429b1-gcc-linux/source/tools/Debugger/win-cpp-exception.cpp
pin-3.15-98253-gb56e429b1-gcc-linux/source/tools/Debugger/pindb-win-thread-stress.pindb
pin-3.15-98253-gb56e429b1-gcc-linux/source/tools/Debugger/pindb-simultaneous-toolbreak-step.pindb
pin-3.15-98253-gb56e429b1-gcc-linux/source/tools/Debugger/ymm.gdb
pin-3.15-98253-gb56e429b1-gcc-linux/source/tools/Debugger/signal-step.gdb
pin-3.15-98253-gb56e429b1-gcc-linux/source/tools/Debugger/simultaneous-toolbreak_const_context.gdb
pin-3.15-98253-gb56e429b1-gcc-linux/source/tools/Debugger/stop-resume-when-suspended.cpp
pin-3.15-98253-gb56e429b1-gcc-linux/source/tools/Debugger/stop-resume-when-suspended.reference
pin-3.15-98253-gb56e429b1-gcc-linux/source/tools/Debugger/bptest-intel64.compareICC
pin-3.15-98253-gb56e429b1-gcc-linux/source/tools/Debugger/checkpoint-app.c
pin-3.15-98253-gb56e429b1-gcc-linux/source/tools/Debugger/interpreter-remove.cpp
pin-3.15-98253-gb56e429b1-gcc-linux/source/tools/Debugger/int3-count.cpp
pin-3.15-98253-gb56e429b1-gcc-linux/source/tools/Debugger/watchpoint.cpp
pin-3.15-98253-gb56e429b1-gcc-linux/source/tools/Debugger/pindb-simultaneous-toolbreak-squash.pindb
pin-3.15-98253-gb56e429b1-gcc-linux/source/tools/Debugger/win-continued-exception2.cpp
pin-3.15-98253-gb56e429b1-gcc-linux/source/tools/Debugger/pindb-win-library-notifications.compare
pin-3.15-98253-gb56e429b1-gcc-linux/source/tools/Debugger/debugger-shell-app-intel64.s
pin-3.15-98253-gb56e429b1-gcc-linux/source/tools/Debugger/fork.cpp
pin-3.15-98253-gb56e429b1-gcc-linux/source/tools/Debugger/simple.compare
pin-3.15-98253-gb56e429b1-gcc-linux/source/tools/Debugger/set_xmm_scratches_for_ymmtest.cpp
pin-3.15-98253-gb56e429b1-gcc-linux/source/tools/Debugger/pindb-abrupt-disconnect.pindb
pin-3.15-98253-gb56e429b1-gcc-linux/source/tools/Debugger/gdb-detach-reattach-fixed-port-app.compare
pin-3.15-98253-gb56e429b1-gcc-linux/source/tools/Debugger/pindb-win-step-library.pindb
pin-3.15-98253-gb56e429b1-gcc-linux/source/tools/Debugger/action-pending-tool.cpp
pin-3.15-98253-gb56e429b1-gcc-linux/source/tools/Debugger/simultaneous-toolbreak.gdb
pin-3.15-98253-gb56e429b1-gcc-linux/source/tools/Debugger/win-thread-stress.cpp
pin-3.15-98253-gb56e429b1-gcc-linux/source/tools/Debugger/simple.c
pin-3.15-98253-gb56e429b1-gcc-linux/source/tools/Debugger/pick-random-port.c
pin-3.15-98253-gb56e429b1-gcc-linux/source/tools/Debugger/stack-debugger-late.gdb
pin-3.15-98253-gb56e429b1-gcc-linux/source/tools/Debugger/zmm-asm-ia32.s
pin-3.15-98253-gb56e429b1-gcc-linux/source/tools/Debugger/pindb-win-handled-exception.compare
pin-3.15-98253-gb56e429b1-gcc-linux/source/tools/Debugger/gdb-fixed-port.gdb
pin-3.15-98253-gb56e429b1-gcc-linux/source/tools/Debugger/pthread-bare-exit-asm-ia32.s
pin-3.15-98253-gb56e429b1-gcc-linux/source/tools/Debugger/gdb-detach-reattach-app.compare
pin-3.15-98253-gb56e429b1-gcc-linux/source/tools/Debugger/gdb-pthread-step-exit.gdb
pin-3.15-98253-gb56e429b1-gcc-linux/source/tools/Debugger/xmm-asm-intel64.s
pin-3.15-98253-gb56e429b1-gcc-linux/source/tools/Debugger/pindb-simple-simultaneous-multi.compare1
pin-3.15-98253-gb56e429b1-gcc-linux/source/tools/Debugger/pindb-async-stop.pindb
pin-3.15-98253-gb56e429b1-gcc-linux/source/tools/Debugger/fork.lldb
pin-3.15-98253-gb56e429b1-gcc-linux/source/tools/Debugger/pindb-simultaneous-toolbreak-serialize.compare
pin-3.15-98253-gb56e429b1-gcc-linux/source/tools/Debugger/debugger-shell-app-ia32.s
pin-3.15-98253-gb56e429b1-gcc-linux/source/tools/Debugger/pthread-bare-exitgroup-asm-intel64.s
pin-3.15-98253-gb56e429b1-gcc-linux/source/tools/Debugger/fork.gdb
pin-3.15-98253-gb56e429b1-gcc-linux/source/tools/Debugger/pindb-win-unhandled-exception.pindb
pin-3.15-98253-gb56e429b1-gcc-linux/source/tools/Debugger/pindb-pthread-step-exitgroup.compare
pin-3.15-98253-gb56e429b1-gcc-linux/source/tools/Debugger/intercept-app-asm-ia32.s
pin-3.15-98253-gb56e429b1-gcc-linux/source/tools/Debugger/pindb-pthread-cont-exitgroup.pindb
pin-3.15-98253-gb56e429b1-gcc-linux/source/tools/Debugger/start-fini.reference
pin-3.15-98253-gb56e429b1-gcc-linux/source/tools/Debugger/pc-change-async.cpp
pin-3.15-98253-gb56e429b1-gcc-linux/source/tools/Debugger/checkpoint.cpp
pin-3.15-98253-gb56e429b1-gcc-linux/source/tools/Debugger/simple.lldb
pin-3.15-98253-gb56e429b1-gcc-linux/source/tools/Debugger/bp-icount.compare
pin-3.15-98253-gb56e429b1-gcc-linux/source/tools/Debugger/checkpoint-app.compare
pin-3.15-98253-gb56e429b1-gcc-linux/source/tools/Debugger/thread-win.cpp
pin-3.15-98253-gb56e429b1-gcc-linux/source/tools/Debugger/xmm-intel64_with_set_xmm_scratch_regs_tool.compare
pin-3.15-98253-gb56e429b1-gcc-linux/source/tools/Debugger/pc-change-async.gdb
pin-3.15-98253-gb56e429b1-gcc-linux/source/tools/Debugger/pc-change-bp-asm-intel64.s
pin-3.15-98253-gb56e429b1-gcc-linux/source/tools/Debugger/xmm-asm-ia32.s
pin-3.15-98253-gb56e429b1-gcc-linux/source/tools/Debugger/simultaneous-toolbreak_const_context.compare
pin-3.15-98253-gb56e429b1-gcc-linux/source/tools/Debugger/thread.cpp
pin-3.15-98253-gb56e429b1-gcc-linux/source/tools/Debugger/breaktool_const_context.gdb
pin-3.15-98253-gb56e429b1-gcc-linux/source/tools/Debugger/pindb-zmm.pindb
pin-3.15-98253-gb56e429b1-gcc-linux/source/tools/Debugger/launch-gdb_const_context.compare
pin-3.15-98253-gb56e429b1-gcc-linux/source/tools/Debugger/null-emulator-ia32.cpp
pin-3.15-98253-gb56e429b1-gcc-linux/source/tools/Debugger/launch-gdb.compare
pin-3.15-98253-gb56e429b1-gcc-linux/source/tools/Debugger/checkpoint-gdb.compare
pin-3.15-98253-gb56e429b1-gcc-linux/source/tools/Debugger/bp-icount.gdb
pin-3.15-98253-gb56e429b1-gcc-linux/source/tools/Debugger/access-64-on-32.pindb
pin-3.15-98253-gb56e429b1-gcc-linux/source/tools/Debugger/set-mode-tool.cpp
pin-3.15-98253-gb56e429b1-gcc-linux/source/tools/Debugger/bphandler.compare
pin-3.15-98253-gb56e429b1-gcc-linux/source/tools/Debugger/pindb-simple-simultaneous-multi-serialize.compare1
pin-3.15-98253-gb56e429b1-gcc-linux/source/tools/Debugger/dlopen-dlclose.c
pin-3.15-98253-gb56e429b1-gcc-linux/source/tools/Debugger/set_xmm_scratches.cpp
pin-3.15-98253-gb56e429b1-gcc-linux/source/tools/Debugger/pthread-bare-exitgroup.cpp
pin-3.15-98253-gb56e429b1-gcc-linux/source/tools/Debugger/set_xmm_scratches_ia32.s
pin-3.15-98253-gb56e429b1-gcc-linux/source/tools/Debugger/pindb-win-step-library.compare
pin-3.15-98253-gb56e429b1-gcc-linux/source/tools/Debugger/pindb-pthread-cont-exitgroup.compare
pin-3.15-98253-gb56e429b1-gcc-linux/source/tools/Debugger/debugger-type.cpp
pin-3.15-98253-gb56e429b1-gcc-linux/source/tools/Debugger/ymm-asm-intel64.s
pin-3.15-98253-gb56e429b1-gcc-linux/source/tools/Debugger/bptest-ia32.gdb
pin-3.15-98253-gb56e429b1-gcc-linux/source/tools/Debugger/simple-pindb-asm-ia32.asm
pin-3.15-98253-gb56e429b1-gcc-linux/source/tools/Debugger/app-pause-app.cpp
pin-3.15-98253-gb56e429b1-gcc-linux/source/tools/Debugger/stop-resume-when-suspended.pindb
pin-3.15-98253-gb56e429b1-gcc-linux/source/tools/Debugger/pindb-simultaneous-toolbreak-squash.compare
pin-3.15-98253-gb56e429b1-gcc-linux/source/tools/Debugger/simple-pindb-asm-intel64.asm
pin-3.15-98253-gb56e429b1-gcc-linux/source/tools/Debugger/memlog.hpp
pin-3.15-98253-gb56e429b1-gcc-linux/source/tools/Debugger/set_xmm_scratches_intel64.s
pin-3.15-98253-gb56e429b1-gcc-linux/source/tools/Debugger/xmm-intel64_with_set_xmm_scratch_regs_before_breakpoint_tool.gdb
pin-3.15-98253-gb56e429b1-gcc-linux/source/tools/Debugger/library-load-tool.cpp
pin-3.15-98253-gb56e429b1-gcc-linux/source/tools/Debugger/zmm.cpp
pin-3.15-98253-gb56e429b1-gcc-linux/source/tools/Debugger/xmm.c
pin-3.15-98253-gb56e429b1-gcc-linux/source/tools/Debugger/pindb-win-exception-after-exit.pindb
pin-3.15-98253-gb56e429b1-gcc-linux/source/tools/Debugger/zmm-asm-intel64.asm
pin-3.15-98253-gb56e429b1-gcc-linux/source/tools/Debugger/check-if-thread-stopped.compare
pin-3.15-98253-gb56e429b1-gcc-linux/source/tools/Debugger/pc-change-bp.compare
pin-3.15-98253-gb56e429b1-gcc-linux/source/tools/Debugger/bptest.cpp
pin-3.15-98253-gb56e429b1-gcc-linux/source/tools/Debugger/debugger-shell-app.cpp
pin-3.15-98253-gb56e429b1-gcc-linux/source/tools/Debugger/xmm-ia32_with_set_xmm_scratch_regs_tool.compare
pin-3.15-98253-gb56e429b1-gcc-linux/source/tools/Debugger/pc-change-bp-asm-ia32.s
pin-3.15-98253-gb56e429b1-gcc-linux/source/tools/Debugger/gdb-detach-reattach-fixed-port-gdb-1.compare
pin-3.15-98253-gb56e429b1-gcc-linux/source/tools/Debugger/thread.gdb
pin-3.15-98253-gb56e429b1-gcc-linux/source/tools/Debugger/pindb-simultaneous-multi.compare4
pin-3.15-98253-gb56e429b1-gcc-linux/source/tools/Debugger/simultaneous-toolbreak-attach.gdb
pin-3.15-98253-gb56e429b1-gcc-linux/source/tools/Debugger/pindb-simultaneous-multi.compare3
pin-3.15-98253-gb56e429b1-gcc-linux/source/tools/Debugger/invalidate-regs.cpp
pin-3.15-98253-gb56e429b1-gcc-linux/source/tools/Debugger/stack-debugger.compare.lldb
pin-3.15-98253-gb56e429b1-gcc-linux/source/tools/Debugger/pindb-win-cpp-exception.compare
pin-3.15-98253-gb56e429b1-gcc-linux/source/tools/Debugger/pindb-simple-simultaneous-multi.pindb
pin-3.15-98253-gb56e429b1-gcc-linux/source/tools/Debugger/execfail.compare
pin-3.15-98253-gb56e429b1-gcc-linux/source/tools/Debugger/bptest-asm-intel64.s
pin-3.15-98253-gb56e429b1-gcc-linux/source/tools/Debugger/pindb-win-continued-exception2.pindb
pin-3.15-98253-gb56e429b1-gcc-linux/source/tools/Debugger/bphandler.compare.lldb
pin-3.15-98253-gb56e429b1-gcc-linux/source/tools/Debugger/xmm-ia32_with_set_xmm_scratch_regs_before_breakpoint_tool.compare
pin-3.15-98253-gb56e429b1-gcc-linux/source/tools/Debugger/bphandler.gdb
pin-3.15-98253-gb56e429b1-gcc-linux/source/tools/Debugger/set_xmm_scratches_before_breakpoint_and_set_xmm_reg.cpp
pin-3.15-98253-gb56e429b1-gcc-linux/source/tools/Debugger/stack-debugger-late.compare
pin-3.15-98253-gb56e429b1-gcc-linux/source/tools/Debugger/null-emulator-intel64.cpp
pin-3.15-98253-gb56e429b1-gcc-linux/source/tools/Debugger/pindb-simultaneous-toolbreak-attach.pindbin
pin-3.15-98253-gb56e429b1-gcc-linux/source/tools/Debugger/pindb-win-thread-stress.compare
pin-3.15-98253-gb56e429b1-gcc-linux/source/tools/Debugger/reattach-loop.cpp
pin-3.15-98253-gb56e429b1-gcc-linux/source/tools/Debugger/pindb-pthread-step-exit.compare
pin-3.15-98253-gb56e429b1-gcc-linux/source/tools/Debugger/xmm-intel64_with_set_xmm_scratch_regs_before_breakpoint_tool_and_set_xmm_reg.gdb
pin-3.15-98253-gb56e429b1-gcc-linux/source/tools/Debugger/win-exception-after-exit-dll.cpp
pin-3.15-98253-gb56e429b1-gcc-linux/source/tools/Debugger/execfail.lldb
pin-3.15-98253-gb56e429b1-gcc-linux/source/tools/Debugger/simultaneous-toolbreak-change.compare
pin-3.15-98253-gb56e429b1-gcc-linux/source/tools/Debugger/breaktool.compare
pin-3.15-98253-gb56e429b1-gcc-linux/source/tools/Debugger/pindb-kill-like-gdb.pindb
pin-3.15-98253-gb56e429b1-gcc-linux/source/tools/Debugger/pindb-simultaneous-multi-serialize.compare1
pin-3.15-98253-gb56e429b1-gcc-linux/source/tools/Debugger/stack-debugger.lldb
pin-3.15-98253-gb56e429b1-gcc-linux/source/tools/Debugger/simple-command-tool.cpp
pin-3.15-98253-gb56e429b1-gcc-linux/source/tools/Debugger/stack-debugger.gdb
pin-3.15-98253-gb56e429b1-gcc-linux/source/tools/Debugger/execfail.gdb
pin-3.15-98253-gb56e429b1-gcc-linux/source/tools/Debugger/pindb-simultaneous-toolbreak-attach.compare
pin-3.15-98253-gb56e429b1-gcc-linux/source/tools/Debugger/pindb-win-handled-exception.pindb
pin-3.15-98253-gb56e429b1-gcc-linux/source/tools/Debugger/xmm-ia32.gdb
pin-3.15-98253-gb56e429b1-gcc-linux/source/tools/Debugger/thread.compare
pin-3.15-98253-gb56e429b1-gcc-linux/source/tools/Debugger/xmm-ia32_with_set_xmm_scratch_regs_before_breakpoint_tool_and_set_xmm_reg.gdb
pin-3.15-98253-gb56e429b1-gcc-linux/source/tools/Debugger/action-pending-app.cpp
pin-3.15-98253-gb56e429b1-gcc-linux/source/tools/Debugger/watchpoint.compare
pin-3.15-98253-gb56e429b1-gcc-linux/source/tools/Debugger/ymm_with_set_xmm_scratch_regs_tool.gdb
pin-3.15-98253-gb56e429b1-gcc-linux/source/tools/Debugger/pindb-simultaneous-multi.compare2
pin-3.15-98253-gb56e429b1-gcc-linux/source/tools/Debugger/watchpoint_const_context.compare
pin-3.15-98253-gb56e429b1-gcc-linux/source/tools/Debugger/invalid-write.compare
pin-3.15-98253-gb56e429b1-gcc-linux/source/tools/Debugger/simple-pindb-asm-ia32.s
pin-3.15-98253-gb56e429b1-gcc-linux/source/tools/Debugger/gdb-detach-reattach-fixed-port-gdb-2.compare
pin-3.15-98253-gb56e429b1-gcc-linux/source/tools/Debugger/pindb-simultaneous-multi.compare1
pin-3.15-98253-gb56e429b1-gcc-linux/source/tools/Debugger/pindb-simple-simultaneous-multi-serialize.pindb
pin-3.15-98253-gb56e429b1-gcc-linux/source/tools/Debugger/pindb-win-software-exception.pindb
pin-3.15-98253-gb56e429b1-gcc-linux/source/tools/Debugger/pindb-simultaneous-toolbreak.compare
pin-3.15-98253-gb56e429b1-gcc-linux/source/tools/Debugger/exec.cpp
pin-3.15-98253-gb56e429b1-gcc-linux/source/tools/Debugger/gdb-fixed-port.compare
pin-3.15-98253-gb56e429b1-gcc-linux/source/tools/Debugger/intercept-breakpoint.gdb
pin-3.15-98253-gb56e429b1-gcc-linux/source/tools/Debugger/gdb-detach-reattach-1.gdb
pin-3.15-98253-gb56e429b1-gcc-linux/source/tools/Debugger/pindb-simultaneous-multi-serialize.pindb
pin-3.15-98253-gb56e429b1-gcc-linux/source/tools/Debugger/pindb-win-squash-exception.compare
pin-3.15-98253-gb56e429b1-gcc-linux/source/tools/Debugger/win-load-library.cpp
pin-3.15-98253-gb56e429b1-gcc-linux/source/tools/Debugger/pindb-invalidate-regs.compare
pin-3.15-98253-gb56e429b1-gcc-linux/source/tools/Debugger/mt-exit.gdb
pin-3.15-98253-gb56e429b1-gcc-linux/source/tools/Debugger/win-foo-library.cpp
pin-3.15-98253-gb56e429b1-gcc-linux/source/tools/Debugger/access-64-on-32.compare
pin-3.15-98253-gb56e429b1-gcc-linux/source/tools/Debugger/launch-pin-attach-debugger.py
pin-3.15-98253-gb56e429b1-gcc-linux/source/tools/Debugger/simple-pindb.cpp
pin-3.15-98253-gb56e429b1-gcc-linux/source/tools/Debugger/pthread-bare-exitgroup-asm-ia32.s
pin-3.15-98253-gb56e429b1-gcc-linux/source/tools/Debugger/bphandler.lldb
pin-3.15-98253-gb56e429b1-gcc-linux/source/tools/Debugger/pindb-attach-after-custom-stop.pindbin
pin-3.15-98253-gb56e429b1-gcc-linux/source/tools/Debugger/intercept-app.cpp
pin-3.15-98253-gb56e429b1-gcc-linux/source/tools/Debugger/action-pending.gdb
pin-3.15-98253-gb56e429b1-gcc-linux/source/tools/Debugger/pc-change-async-asm-ia32.s
pin-3.15-98253-gb56e429b1-gcc-linux/source/tools/Debugger/breaktool-wait.compare
pin-3.15-98253-gb56e429b1-gcc-linux/source/tools/Debugger/launch-gdb-tool.cpp
pin-3.15-98253-gb56e429b1-gcc-linux/source/tools/Debugger/invalid-write.gdb
pin-3.15-98253-gb56e429b1-gcc-linux/source/tools/Debugger/use-debugger-shell.cpp
pin-3.15-98253-gb56e429b1-gcc-linux/source/tools/Debugger/simultaneous-toolbreak-squash.gdb
pin-3.15-98253-gb56e429b1-gcc-linux/source/tools/Debugger/pc-change-bp.gdb
pin-3.15-98253-gb56e429b1-gcc-linux/source/tools/Debugger/bptest-asm-ia32.s
pin-3.15-98253-gb56e429b1-gcc-linux/source/tools/Debugger/gdb-pthread-step-exit.compare
pin-3.15-98253-gb56e429b1-gcc-linux/source/tools/Debugger/pc-change-async-asm-intel64.s
pin-3.15-98253-gb56e429b1-gcc-linux/source/tools/Debugger/intercept-tool.cpp
pin-3.15-98253-gb56e429b1-gcc-linux/source/tools/Debugger/pindb-win-software-exception.compare
pin-3.15-98253-gb56e429b1-gcc-linux/source/tools/Debugger/xmm-intel64_with_set_xmm_scratch_regs_before_breakpoint_tool_const_context.gdb
pin-3.15-98253-gb56e429b1-gcc-linux/source/tools/Debugger/ymm-asm-ia32.s
pin-3.15-98253-gb56e429b1-gcc-linux/source/tools/Debugger/simultaneous-toolbreak-change.gdb
pin-3.15-98253-gb56e429b1-gcc-linux/source/tools/Debugger/pc-change-bp.cpp
pin-3.15-98253-gb56e429b1-gcc-linux/source/tools/Debugger/breaktool.cpp
pin-3.15-98253-gb56e429b1-gcc-linux/source/tools/Debugger/intercept-app-asm-intel64.s
pin-3.15-98253-gb56e429b1-gcc-linux/source/tools/Debugger/thread-unix.cpp
pin-3.15-98253-gb56e429b1-gcc-linux/source/tools/Debugger/xmm-intel64_with_set_xmm_scratch_regs_before_breakpoint_tool_const_context.compare
pin-3.15-98253-gb56e429b1-gcc-linux/source/tools/Debugger/pindb-win-continued-exception1.pindb
pin-3.15-98253-gb56e429b1-gcc-linux/source/tools/Debugger/zmm.gdb
pin-3.15-98253-gb56e429b1-gcc-linux/source/tools/Debugger/action-pending.compare
pin-3.15-98253-gb56e429b1-gcc-linux/source/tools/Debugger/xmm-ia32.compare
pin-3.15-98253-gb56e429b1-gcc-linux/source/tools/Debugger/pindb-attach-after-custom-stop.compare
pin-3.15-98253-gb56e429b1-gcc-linux/source/tools/Debugger/xmm-ia32_with_set_xmm_scratch_regs_before_breakpoint_tool.gdb
pin-3.15-98253-gb56e429b1-gcc-linux/source/tools/Debugger/gdb-detach-reattach-fixed-port-2.gdb
pin-3.15-98253-gb56e429b1-gcc-linux/source/tools/Debugger/app-pause-in-app-thread-tool.cpp
pin-3.15-98253-gb56e429b1-gcc-linux/source/tools/Debugger/xmm-intel64_with_set_xmm_scratch_regs_tool.gdb
pin-3.15-98253-gb56e429b1-gcc-linux/source/tools/Debugger/gdb-svr4-libraries-extension.gdb
pin-3.15-98253-gb56e429b1-gcc-linux/source/tools/Debugger/breaktool.gdb
pin-3.15-98253-gb56e429b1-gcc-linux/source/tools/Debugger/win-software-exception.cpp
pin-3.15-98253-gb56e429b1-gcc-linux/source/tools/Debugger/launch-gdb.gdb
pin-3.15-98253-gb56e429b1-gcc-linux/source/tools/Debugger/bptest-ia32.compareICC
pin-3.15-98253-gb56e429b1-gcc-linux/source/tools/Debugger/breaktool.lldb
pin-3.15-98253-gb56e429b1-gcc-linux/source/tools/Debugger/checkpoint.gdb
pin-3.15-98253-gb56e429b1-gcc-linux/source/tools/Debugger/pc-change-async-tool.cpp
pin-3.15-98253-gb56e429b1-gcc-linux/source/tools/Debugger/pindb-zmm.compare
pin-3.15-98253-gb56e429b1-gcc-linux/source/tools/Debugger/simultaneous-toolbreak-attach.compare
pin-3.15-98253-gb56e429b1-gcc-linux/source/tools/Debugger/makefile
pin-3.15-98253-gb56e429b1-gcc-linux/source/tools/Debugger/pindb-simple-simultaneous-multi-serialize.compare2
pin-3.15-98253-gb56e429b1-gcc-linux/source/tools/Debugger/pthread-bare-exit-asm-intel64.s
pin-3.15-98253-gb56e429b1-gcc-linux/source/tools/Debugger/pc-change-async.compare
pin-3.15-98253-gb56e429b1-gcc-linux/source/tools/Debugger/gdb-svr4-libraries-extension.compare
pin-3.15-98253-gb56e429b1-gcc-linux/source/tools/Debugger/zmm-asm-intel64.s
pin-3.15-98253-gb56e429b1-gcc-linux/source/tools/Debugger/intercept-breakpoint-app.compare
pin-3.15-98253-gb56e429b1-gcc-linux/source/tools/Debugger/gdb-detach-reattach-gdb-2.compare
pin-3.15-98253-gb56e429b1-gcc-linux/source/tools/Debugger/pindb-simultaneous-multi-serialize.compare2
pin-3.15-98253-gb56e429b1-gcc-linux/source/tools/Debugger/breaktool-wait.gdb
pin-3.15-98253-gb56e429b1-gcc-linux/source/tools/Debugger/bptest-intel64.compare
pin-3.15-98253-gb56e429b1-gcc-linux/source/tools/Debugger/callerapp.c
pin-3.15-98253-gb56e429b1-gcc-linux/source/tools/Debugger/check-if-thread-stopped.cpp
pin-3.15-98253-gb56e429b1-gcc-linux/source/tools/Debugger/xmm-intel64.gdb
pin-3.15-98253-gb56e429b1-gcc-linux/source/tools/Debugger/check-if-thread-stopped.pindb
pin-3.15-98253-gb56e429b1-gcc-linux/source/tools/Debugger/pindb-win-squash-exception.pindb
pin-3.15-98253-gb56e429b1-gcc-linux/source/tools/Debugger/simple.gdb
pin-3.15-98253-gb56e429b1-gcc-linux/source/tools/ImageTests/
pin-3.15-98253-gb56e429b1-gcc-linux/source/tools/ImageTests/launchReattachImageLoadCallbacks_app.cpp
pin-3.15-98253-gb56e429b1-gcc-linux/source/tools/ImageTests/single_segment.cpp
pin-3.15-98253-gb56e429b1-gcc-linux/source/tools/ImageTests/l_imageLoad_app.cpp
pin-3.15-98253-gb56e429b1-gcc-linux/source/tools/ImageTests/img_find_by_addr.cpp
pin-3.15-98253-gb56e429b1-gcc-linux/source/tools/ImageTests/load_dummy_dll_tool.cpp
pin-3.15-98253-gb56e429b1-gcc-linux/source/tools/ImageTests/split_image_mac_app.cpp
pin-3.15-98253-gb56e429b1-gcc-linux/source/tools/ImageTests/makefile.rules
pin-3.15-98253-gb56e429b1-gcc-linux/source/tools/ImageTests/rebase_dll_tool.cpp
pin-3.15-98253-gb56e429b1-gcc-linux/source/tools/ImageTests/attachReattachImageLoadCallbacks_app.cpp
pin-3.15-98253-gb56e429b1-gcc-linux/source/tools/ImageTests/img_check_cet.cpp
pin-3.15-98253-gb56e429b1-gcc-linux/source/tools/ImageTests/region_compare.py
pin-3.15-98253-gb56e429b1-gcc-linux/source/tools/ImageTests/reattachImageLoadCallback_tool.cpp
pin-3.15-98253-gb56e429b1-gcc-linux/source/tools/ImageTests/split_image_mac.cpp
pin-3.15-98253-gb56e429b1-gcc-linux/source/tools/ImageTests/dummy_dll.c
pin-3.15-98253-gb56e429b1-gcc-linux/source/tools/ImageTests/my_dll.c
pin-3.15-98253-gb56e429b1-gcc-linux/source/tools/ImageTests/two.c
pin-3.15-98253-gb56e429b1-gcc-linux/source/tools/ImageTests/little_malloc.c
pin-3.15-98253-gb56e429b1-gcc-linux/source/tools/ImageTests/l_vdso_image_app.cpp
pin-3.15-98253-gb56e429b1-gcc-linux/source/tools/ImageTests/img_open_debug_info.cpp
pin-3.15-98253-gb56e429b1-gcc-linux/source/tools/ImageTests/image_load.cpp
pin-3.15-98253-gb56e429b1-gcc-linux/source/tools/ImageTests/split_image_linux_lib.cpp
pin-3.15-98253-gb56e429b1-gcc-linux/source/tools/ImageTests/badmunmap_app.cpp
pin-3.15-98253-gb56e429b1-gcc-linux/source/tools/ImageTests/hasLinesData.cpp
pin-3.15-98253-gb56e429b1-gcc-linux/source/tools/ImageTests/l_vdso_image.cpp
pin-3.15-98253-gb56e429b1-gcc-linux/source/tools/ImageTests/rebase_dll.c
pin-3.15-98253-gb56e429b1-gcc-linux/source/tools/ImageTests/x86dll_app.cpp
pin-3.15-98253-gb56e429b1-gcc-linux/source/tools/ImageTests/hasLinesData_app_main.cpp
pin-3.15-98253-gb56e429b1-gcc-linux/source/tools/ImageTests/single_segment_app.s
pin-3.15-98253-gb56e429b1-gcc-linux/source/tools/ImageTests/pic_image_app.cpp
pin-3.15-98253-gb56e429b1-gcc-linux/source/tools/ImageTests/gnu_hash.cpp
pin-3.15-98253-gb56e429b1-gcc-linux/source/tools/ImageTests/full_path_app.cpp
pin-3.15-98253-gb56e429b1-gcc-linux/source/tools/ImageTests/badmunmap_tool.cpp
pin-3.15-98253-gb56e429b1-gcc-linux/source/tools/ImageTests/imageLoad_tool.cpp
pin-3.15-98253-gb56e429b1-gcc-linux/source/tools/ImageTests/w_app_launcher.cpp
pin-3.15-98253-gb56e429b1-gcc-linux/source/tools/ImageTests/imageUnload_app.c
pin-3.15-98253-gb56e429b1-gcc-linux/source/tools/ImageTests/split_image_linux.cpp
pin-3.15-98253-gb56e429b1-gcc-linux/source/tools/ImageTests/images_on_attach_app.cpp
pin-3.15-98253-gb56e429b1-gcc-linux/source/tools/ImageTests/gnu_hash_app.cpp
pin-3.15-98253-gb56e429b1-gcc-linux/source/tools/ImageTests/pic_image.cpp
pin-3.15-98253-gb56e429b1-gcc-linux/source/tools/ImageTests/full_path_tool.cpp
pin-3.15-98253-gb56e429b1-gcc-linux/source/tools/ImageTests/w_imageLoad_app.cpp
pin-3.15-98253-gb56e429b1-gcc-linux/source/tools/ImageTests/images_on_attach_tool.cpp
pin-3.15-98253-gb56e429b1-gcc-linux/source/tools/ImageTests/win_load_ntdll.c
pin-3.15-98253-gb56e429b1-gcc-linux/source/tools/ImageTests/makefile
pin-3.15-98253-gb56e429b1-gcc-linux/source/tools/ImageTests/img_open_win.cpp
pin-3.15-98253-gb56e429b1-gcc-linux/source/tools/ImageTests/imageUnload_tool.cpp
pin-3.15-98253-gb56e429b1-gcc-linux/source/tools/ImageTests/one.c
pin-3.15-98253-gb56e429b1-gcc-linux/source/tools/ImageTests/split_image_linux_app.cpp
pin-3.15-98253-gb56e429b1-gcc-linux/source/tools/ImageTests/load_dummy_dll.c
pin-3.15-98253-gb56e429b1-gcc-linux/source/tools/LinuxTests/
pin-3.15-98253-gb56e429b1-gcc-linux/source/tools/LinuxTests/makefile.rules
pin-3.15-98253-gb56e429b1-gcc-linux/source/tools/LinuxTests/vsyscall_area_app.cpp
pin-3.15-98253-gb56e429b1-gcc-linux/source/tools/LinuxTests/unmap_relro.cpp
pin-3.15-98253-gb56e429b1-gcc-linux/source/tools/LinuxTests/plt_syms_app.cpp
pin-3.15-98253-gb56e429b1-gcc-linux/source/tools/LinuxTests/check_low_high_image.cpp
pin-3.15-98253-gb56e429b1-gcc-linux/source/tools/LinuxTests/vsyscall_area_tool.cpp
pin-3.15-98253-gb56e429b1-gcc-linux/source/tools/LinuxTests/unmap_relro_app.cpp
pin-3.15-98253-gb56e429b1-gcc-linux/source/tools/LinuxTests/plt_syms.cpp
pin-3.15-98253-gb56e429b1-gcc-linux/source/tools/LinuxTests/makefile
pin-3.15-98253-gb56e429b1-gcc-linux/source/tools/NonInlinedFuncsOpt/
pin-3.15-98253-gb56e429b1-gcc-linux/source/tools/NonInlinedFuncsOpt/makefile.rules
pin-3.15-98253-gb56e429b1-gcc-linux/source/tools/NonInlinedFuncsOpt/multiple_analysis.cpp
pin-3.15-98253-gb56e429b1-gcc-linux/source/tools/NonInlinedFuncsOpt/makefile
pin-3.15-98253-gb56e429b1-gcc-linux/source/tools/Smc/
pin-3.15-98253-gb56e429b1-gcc-linux/source/tools/Smc/flag_ac_app_ia32_win.asm
pin-3.15-98253-gb56e429b1-gcc-linux/source/tools/Smc/smcapp_ia32.cpp
pin-3.15-98253-gb56e429b1-gcc-linux/source/tools/Smc/makefile.rules
pin-3.15-98253-gb56e429b1-gcc-linux/source/tools/Smc/smcapp2.cpp
pin-3.15-98253-gb56e429b1-gcc-linux/source/tools/Smc/smc_callback.cpp
pin-3.15-98253-gb56e429b1-gcc-linux/source/tools/Smc/flag_ac_app_intel64_win.asm
pin-3.15-98253-gb56e429b1-gcc-linux/source/tools/Smc/smcapp.cpp
pin-3.15-98253-gb56e429b1-gcc-linux/source/tools/Smc/smcapp_except.cpp
pin-3.15-98253-gb56e429b1-gcc-linux/source/tools/Smc/flag_ac_app_ia32_unix.s
pin-3.15-98253-gb56e429b1-gcc-linux/source/tools/Smc/sse-ref_intel64.s
pin-3.15-98253-gb56e429b1-gcc-linux/source/tools/Smc/smcapp_mt.cpp
pin-3.15-98253-gb56e429b1-gcc-linux/source/tools/Smc/smc_util.cpp
pin-3.15-98253-gb56e429b1-gcc-linux/source/tools/Smc/flag_ac_app_intel64_unix.s
pin-3.15-98253-gb56e429b1-gcc-linux/source/tools/Smc/sse.cpp
pin-3.15-98253-gb56e429b1-gcc-linux/source/tools/Smc/smcapp1.cpp
pin-3.15-98253-gb56e429b1-gcc-linux/source/tools/Smc/flag_ac_tool.cpp
pin-3.15-98253-gb56e429b1-gcc-linux/source/tools/Smc/smcapp3.cpp
pin-3.15-98253-gb56e429b1-gcc-linux/source/tools/Smc/flag_ac_app.c
pin-3.15-98253-gb56e429b1-gcc-linux/source/tools/Smc/smc_disable.cpp
pin-3.15-98253-gb56e429b1-gcc-linux/source/tools/Smc/sse-ref_ia32.asm
pin-3.15-98253-gb56e429b1-gcc-linux/source/tools/Smc/sse-ref.cpp
pin-3.15-98253-gb56e429b1-gcc-linux/source/tools/Smc/smcapp_bbl.cpp
pin-3.15-98253-gb56e429b1-gcc-linux/source/tools/Smc/flag_ac_inline.reference
pin-3.15-98253-gb56e429b1-gcc-linux/source/tools/Smc/sse-ref_intel64.asm
pin-3.15-98253-gb56e429b1-gcc-linux/source/tools/Smc/sse-ref_ia32.s
pin-3.15-98253-gb56e429b1-gcc-linux/source/tools/Smc/sse-ref.reference
pin-3.15-98253-gb56e429b1-gcc-linux/source/tools/Smc/smc_util.h
pin-3.15-98253-gb56e429b1-gcc-linux/source/tools/Smc/makefile
pin-3.15-98253-gb56e429b1-gcc-linux/source/tools/Utils/
pin-3.15-98253-gb56e429b1-gcc-linux/source/tools/Utils/testReleaseVersion
pin-3.15-98253-gb56e429b1-gcc-linux/source/tools/Utils/testMacOsVersion
pin-3.15-98253-gb56e429b1-gcc-linux/source/tools/Utils/printLinuxDistVersion
pin-3.15-98253-gb56e429b1-gcc-linux/source/tools/Utils/thread_pool.h
pin-3.15-98253-gb56e429b1-gcc-linux/source/tools/Utils/hello.c
pin-3.15-98253-gb56e429b1-gcc-linux/source/tools/Utils/avx512f_check.c
pin-3.15-98253-gb56e429b1-gcc-linux/source/tools/Utils/makefile.rules
pin-3.15-98253-gb56e429b1-gcc-linux/source/tools/Utils/tsx_check_ia32.s
pin-3.15-98253-gb56e429b1-gcc-linux/source/tools/Utils/runnable.h
pin-3.15-98253-gb56e429b1-gcc-linux/source/tools/Utils/avx_check_ia32.asm
pin-3.15-98253-gb56e429b1-gcc-linux/source/tools/Utils/sys_memory_unix.c
pin-3.15-98253-gb56e429b1-gcc-linux/source/tools/Utils/avx2_check.c
pin-3.15-98253-gb56e429b1-gcc-linux/source/tools/Utils/avx_check.c
pin-3.15-98253-gb56e429b1-gcc-linux/source/tools/Utils/printWindowsVersion.py
pin-3.15-98253-gb56e429b1-gcc-linux/source/tools/Utils/testLinuxKernelVersion
pin-3.15-98253-gb56e429b1-gcc-linux/source/tools/Utils/thread_win.c
pin-3.15-98253-gb56e429b1-gcc-linux/source/tools/Utils/testsummary
pin-3.15-98253-gb56e429b1-gcc-linux/source/tools/Utils/runnable.cpp
pin-3.15-98253-gb56e429b1-gcc-linux/source/tools/Utils/mac-cmp
pin-3.15-98253-gb56e429b1-gcc-linux/source/tools/Utils/supports_avx2_intel64.asm
pin-3.15-98253-gb56e429b1-gcc-linux/source/tools/Utils/tsx_check.c
pin-3.15-98253-gb56e429b1-gcc-linux/source/tools/Utils/supports_avx_ia32.asm
pin-3.15-98253-gb56e429b1-gcc-linux/source/tools/Utils/printLinuxKernelVersion
pin-3.15-98253-gb56e429b1-gcc-linux/source/tools/Utils/tsx_check_intel64.asm
pin-3.15-98253-gb56e429b1-gcc-linux/source/tools/Utils/supports_avx2_ia32.s
pin-3.15-98253-gb56e429b1-gcc-linux/source/tools/Utils/testStaticLibs
pin-3.15-98253-gb56e429b1-gcc-linux/source/tools/Utils/supports_avx2_intel64.s
pin-3.15-98253-gb56e429b1-gcc-linux/source/tools/Utils/run_many
pin-3.15-98253-gb56e429b1-gcc-linux/source/tools/Utils/supports_avx_intel64.s
pin-3.15-98253-gb56e429b1-gcc-linux/source/tools/Utils/threadlib.h
pin-3.15-98253-gb56e429b1-gcc-linux/source/tools/Utils/run_many_win.bat
pin-3.15-98253-gb56e429b1-gcc-linux/source/tools/Utils/printFunctionSize.py
pin-3.15-98253-gb56e429b1-gcc-linux/source/tools/Utils/cp-pin.cpp
pin-3.15-98253-gb56e429b1-gcc-linux/source/tools/Utils/supports_avx_intel64.asm
pin-3.15-98253-gb56e429b1-gcc-linux/source/tools/Utils/attachLauncher_unix.cpp
pin-3.15-98253-gb56e429b1-gcc-linux/source/tools/Utils/testReleaseVersionPython.py
pin-3.15-98253-gb56e429b1-gcc-linux/source/tools/Utils/testGccVersion
pin-3.15-98253-gb56e429b1-gcc-linux/source/tools/Utils/supports_avx512f_intel64.s
pin-3.15-98253-gb56e429b1-gcc-linux/source/tools/Utils/supports_avx512f_intel64.asm
pin-3.15-98253-gb56e429b1-gcc-linux/source/tools/Utils/testLibcVersion
pin-3.15-98253-gb56e429b1-gcc-linux/source/tools/Utils/thread_unix.c
pin-3.15-98253-gb56e429b1-gcc-linux/source/tools/Utils/tsx_check_intel64.s
pin-3.15-98253-gb56e429b1-gcc-linux/source/tools/Utils/supports_avx512f_ia32.s
pin-3.15-98253-gb56e429b1-gcc-linux/source/tools/Utils/disable-aslr.c
pin-3.15-98253-gb56e429b1-gcc-linux/source/tools/Utils/regvalue_utils.h
pin-3.15-98253-gb56e429b1-gcc-linux/source/tools/Utils/threadlib_unix.c
pin-3.15-98253-gb56e429b1-gcc-linux/source/tools/Utils/sys_memory.h
pin-3.15-98253-gb56e429b1-gcc-linux/source/tools/Utils/supports_avx2_ia32.asm
pin-3.15-98253-gb56e429b1-gcc-linux/source/tools/Utils/testLinuxDistName
pin-3.15-98253-gb56e429b1-gcc-linux/source/tools/Utils/printLinuxDistName
pin-3.15-98253-gb56e429b1-gcc-linux/source/tools/Utils/avx_check_ia32.s
pin-3.15-98253-gb56e429b1-gcc-linux/source/tools/Utils/thread_pool.cpp
pin-3.15-98253-gb56e429b1-gcc-linux/source/tools/Utils/testToolVersion
pin-3.15-98253-gb56e429b1-gcc-linux/source/tools/Utils/compare.py
pin-3.15-98253-gb56e429b1-gcc-linux/source/tools/Utils/sys_memory_win.c
pin-3.15-98253-gb56e429b1-gcc-linux/source/tools/Utils/set_xmm_scratches_ia32.asm
pin-3.15-98253-gb56e429b1-gcc-linux/source/tools/Utils/tsx_check_ia32.asm
pin-3.15-98253-gb56e429b1-gcc-linux/source/tools/Utils/threadlib_win.c
pin-3.15-98253-gb56e429b1-gcc-linux/source/tools/Utils/avx_check_intel64.s
pin-3.15-98253-gb56e429b1-gcc-linux/source/tools/Utils/tool_macros.h
pin-3.15-98253-gb56e429b1-gcc-linux/source/tools/Utils/set_xmm_scratches_intel64.asm
pin-3.15-98253-gb56e429b1-gcc-linux/source/tools/Utils/avx_check_intel64.asm
pin-3.15-98253-gb56e429b1-gcc-linux/source/tools/Utils/makefile
pin-3.15-98253-gb56e429b1-gcc-linux/source/tools/Utils/supports_avx512f_ia32.asm
pin-3.15-98253-gb56e429b1-gcc-linux/source/tools/Utils/testLinuxDistVersion
pin-3.15-98253-gb56e429b1-gcc-linux/source/tools/Utils/supports_avx_ia32.s
pin-3.15-98253-gb56e429b1-gcc-linux/source/tools/Utils/regvalue_utils.cpp
pin-3.15-98253-gb56e429b1-gcc-linux/source/tools/SignalTests/
pin-3.15-98253-gb56e429b1-gcc-linux/source/tools/SignalTests/faultcheck_flags_tool3.cpp
pin-3.15-98253-gb56e429b1-gcc-linux/source/tools/SignalTests/sigsegv_attach.cpp
pin-3.15-98253-gb56e429b1-gcc-linux/source/tools/SignalTests/insfault-linux-intel64.cpp
pin-3.15-98253-gb56e429b1-gcc-linux/source/tools/SignalTests/syncasynctool.cpp
pin-3.15-98253-gb56e429b1-gcc-linux/source/tools/SignalTests/bad-stack-alt-linux.toolreference
pin-3.15-98253-gb56e429b1-gcc-linux/source/tools/SignalTests/resetcont.c
pin-3.15-98253-gb56e429b1-gcc-linux/source/tools/SignalTests/call-app.cpp
pin-3.15-98253-gb56e429b1-gcc-linux/source/tools/SignalTests/faultcheck-x86.c
pin-3.15-98253-gb56e429b1-gcc-linux/source/tools/SignalTests/sigusr2.c
pin-3.15-98253-gb56e429b1-gcc-linux/source/tools/SignalTests/shortmask.c
pin-3.15-98253-gb56e429b1-gcc-linux/source/tools/SignalTests/fpcheck.c
pin-3.15-98253-gb56e429b1-gcc-linux/source/tools/SignalTests/sigcont.c
pin-3.15-98253-gb56e429b1-gcc-linux/source/tools/SignalTests/reg-pressure-tool.cpp
pin-3.15-98253-gb56e429b1-gcc-linux/source/tools/SignalTests/movsbtest_intel64.s
pin-3.15-98253-gb56e429b1-gcc-linux/source/tools/SignalTests/deprecated-intercept.app-handle.reference
pin-3.15-98253-gb56e429b1-gcc-linux/source/tools/SignalTests/replay-signal-app.c
pin-3.15-98253-gb56e429b1-gcc-linux/source/tools/SignalTests/makefile.rules
pin-3.15-98253-gb56e429b1-gcc-linux/source/tools/SignalTests/dfcheck_ia32.s
pin-3.15-98253-gb56e429b1-gcc-linux/source/tools/SignalTests/inst-type-app.cpp
pin-3.15-98253-gb56e429b1-gcc-linux/source/tools/SignalTests/bad-stack-sigret-android.toolreference
pin-3.15-98253-gb56e429b1-gcc-linux/source/tools/SignalTests/dfcheck.c
pin-3.15-98253-gb56e429b1-gcc-linux/source/tools/SignalTests/resetsegv.reference
pin-3.15-98253-gb56e429b1-gcc-linux/source/tools/SignalTests/exithandler.c
pin-3.15-98253-gb56e429b1-gcc-linux/source/tools/SignalTests/forktest_altstack.c
pin-3.15-98253-gb56e429b1-gcc-linux/source/tools/SignalTests/sigprocmask_short.cpp
pin-3.15-98253-gb56e429b1-gcc-linux/source/tools/SignalTests/sigsegv_attach_app.c
pin-3.15-98253-gb56e429b1-gcc-linux/source/tools/SignalTests/spilltool.cpp
pin-3.15-98253-gb56e429b1-gcc-linux/source/tools/SignalTests/sigenableapp.c
pin-3.15-98253-gb56e429b1-gcc-linux/source/tools/SignalTests/resetsegv-safecopy.cpp
pin-3.15-98253-gb56e429b1-gcc-linux/source/tools/SignalTests/faultcheck-ia32-asm.s
pin-3.15-98253-gb56e429b1-gcc-linux/source/tools/SignalTests/bad-stack-alt-linux.reference
pin-3.15-98253-gb56e429b1-gcc-linux/source/tools/SignalTests/sigenableapp2.c
pin-3.15-98253-gb56e429b1-gcc-linux/source/tools/SignalTests/faultcheck-target.h
pin-3.15-98253-gb56e429b1-gcc-linux/source/tools/SignalTests/fptags_ia32.s
pin-3.15-98253-gb56e429b1-gcc-linux/source/tools/SignalTests/sigenable.cpp
pin-3.15-98253-gb56e429b1-gcc-linux/source/tools/SignalTests/futex.c
pin-3.15-98253-gb56e429b1-gcc-linux/source/tools/SignalTests/bad-stack.c
pin-3.15-98253-gb56e429b1-gcc-linux/source/tools/SignalTests/insfault-intel64.h
pin-3.15-98253-gb56e429b1-gcc-linux/source/tools/SignalTests/mtstress.cpp
pin-3.15-98253-gb56e429b1-gcc-linux/source/tools/SignalTests/insfault-intel64-asm.s
pin-3.15-98253-gb56e429b1-gcc-linux/source/tools/SignalTests/call-app.reference
pin-3.15-98253-gb56e429b1-gcc-linux/source/tools/SignalTests/replay-signal.reference
pin-3.15-98253-gb56e429b1-gcc-linux/source/tools/SignalTests/call-app-stress.cpp
pin-3.15-98253-gb56e429b1-gcc-linux/source/tools/SignalTests/errcheck.c
pin-3.15-98253-gb56e429b1-gcc-linux/source/tools/SignalTests/handle-usr1.c
pin-3.15-98253-gb56e429b1-gcc-linux/source/tools/SignalTests/asyncfpe.c
pin-3.15-98253-gb56e429b1-gcc-linux/source/tools/SignalTests/simple.c
pin-3.15-98253-gb56e429b1-gcc-linux/source/tools/SignalTests/null-rewrite-tool.cpp
pin-3.15-98253-gb56e429b1-gcc-linux/source/tools/SignalTests/xmmcheck.c
pin-3.15-98253-gb56e429b1-gcc-linux/source/tools/SignalTests/bad-stack-sigret-mac.reference
pin-3.15-98253-gb56e429b1-gcc-linux/source/tools/SignalTests/hlt.c
pin-3.15-98253-gb56e429b1-gcc-linux/source/tools/SignalTests/syncasyncapp.c
pin-3.15-98253-gb56e429b1-gcc-linux/source/tools/SignalTests/blockingsyscall.reference
pin-3.15-98253-gb56e429b1-gcc-linux/source/tools/SignalTests/bad-stack-noalt-mac.toolreference
pin-3.15-98253-gb56e429b1-gcc-linux/source/tools/SignalTests/segv.c
pin-3.15-98253-gb56e429b1-gcc-linux/source/tools/SignalTests/simplesync.reference
pin-3.15-98253-gb56e429b1-gcc-linux/source/tools/SignalTests/bad-stack-noalt-android.toolreference
pin-3.15-98253-gb56e429b1-gcc-linux/source/tools/SignalTests/bad-stack-alt-android.toolreference
pin-3.15-98253-gb56e429b1-gcc-linux/source/tools/SignalTests/fatal_block_sync.reference
pin-3.15-98253-gb56e429b1-gcc-linux/source/tools/SignalTests/efault.c
pin-3.15-98253-gb56e429b1-gcc-linux/source/tools/SignalTests/sigsuspend.c
pin-3.15-98253-gb56e429b1-gcc-linux/source/tools/SignalTests/sigenable.reference
pin-3.15-98253-gb56e429b1-gcc-linux/source/tools/SignalTests/handlerAlignment.cpp
pin-3.15-98253-gb56e429b1-gcc-linux/source/tools/SignalTests/interceptall.cpp
pin-3.15-98253-gb56e429b1-gcc-linux/source/tools/SignalTests/segv_for_regbindings_cache_test.c
pin-3.15-98253-gb56e429b1-gcc-linux/source/tools/SignalTests/resetsegv.c
pin-3.15-98253-gb56e429b1-gcc-linux/source/tools/SignalTests/intercept.tool.reference
pin-3.15-98253-gb56e429b1-gcc-linux/source/tools/SignalTests/faultcheck-intel64-asm.s
pin-3.15-98253-gb56e429b1-gcc-linux/source/tools/SignalTests/then-stress-app.cpp
pin-3.15-98253-gb56e429b1-gcc-linux/source/tools/SignalTests/bad-stack-sigret-linux.reference
pin-3.15-98253-gb56e429b1-gcc-linux/source/tools/SignalTests/simpleasync.reference
pin-3.15-98253-gb56e429b1-gcc-linux/source/tools/SignalTests/deprecated-intercept.tool.reference
pin-3.15-98253-gb56e429b1-gcc-linux/source/tools/SignalTests/fatal.c
pin-3.15-98253-gb56e429b1-gcc-linux/source/tools/SignalTests/dfcheck_intel64.s
pin-3.15-98253-gb56e429b1-gcc-linux/source/tools/SignalTests/replay-signal-tool.cpp
pin-3.15-98253-gb56e429b1-gcc-linux/source/tools/SignalTests/async_multithreadingapp.c
pin-3.15-98253-gb56e429b1-gcc-linux/source/tools/SignalTests/interceptor_for_regbindings_cache_test.cpp
pin-3.15-98253-gb56e429b1-gcc-linux/source/tools/SignalTests/blockingsyscall.c
pin-3.15-98253-gb56e429b1-gcc-linux/source/tools/SignalTests/bad-stack-alt-mac.toolreference
pin-3.15-98253-gb56e429b1-gcc-linux/source/tools/SignalTests/bad-stack-noalt-linux.toolreference
pin-3.15-98253-gb56e429b1-gcc-linux/source/tools/SignalTests/interceptsegv.compare
pin-3.15-98253-gb56e429b1-gcc-linux/source/tools/SignalTests/async_exceptions.c
pin-3.15-98253-gb56e429b1-gcc-linux/source/tools/SignalTests/threadtest_altstack.c
pin-3.15-98253-gb56e429b1-gcc-linux/source/tools/SignalTests/interceptsegv.cpp
pin-3.15-98253-gb56e429b1-gcc-linux/source/tools/SignalTests/intercepttool.cpp
pin-3.15-98253-gb56e429b1-gcc-linux/source/tools/SignalTests/xmmfaultcheck.c
pin-3.15-98253-gb56e429b1-gcc-linux/source/tools/SignalTests/action-pending.cpp
pin-3.15-98253-gb56e429b1-gcc-linux/source/tools/SignalTests/deprecated-intercept.app-nohandle.reference
pin-3.15-98253-gb56e429b1-gcc-linux/source/tools/SignalTests/fatal_block_sync.c
pin-3.15-98253-gb56e429b1-gcc-linux/source/tools/SignalTests/bad-stack-sigret-mac.toolreference
pin-3.15-98253-gb56e429b1-gcc-linux/source/tools/SignalTests/nestmask.c
pin-3.15-98253-gb56e429b1-gcc-linux/source/tools/SignalTests/copywithxmm_intel64.s
pin-3.15-98253-gb56e429b1-gcc-linux/source/tools/SignalTests/insfault.cpp
pin-3.15-98253-gb56e429b1-gcc-linux/source/tools/SignalTests/fptags.c
pin-3.15-98253-gb56e429b1-gcc-linux/source/tools/SignalTests/bad-stack-sigret-linux.toolreference
pin-3.15-98253-gb56e429b1-gcc-linux/source/tools/SignalTests/movsbtest.c
pin-3.15-98253-gb56e429b1-gcc-linux/source/tools/SignalTests/resetcont.reference
pin-3.15-98253-gb56e429b1-gcc-linux/source/tools/SignalTests/copywithxmm_ia32.s
pin-3.15-98253-gb56e429b1-gcc-linux/source/tools/SignalTests/logtool.cpp
pin-3.15-98253-gb56e429b1-gcc-linux/source/tools/SignalTests/then-stress-tool.cpp
pin-3.15-98253-gb56e429b1-gcc-linux/source/tools/SignalTests/async_multithreadingtool.cpp
pin-3.15-98253-gb56e429b1-gcc-linux/source/tools/SignalTests/segv_on_fetch.c
pin-3.15-98253-gb56e429b1-gcc-linux/source/tools/SignalTests/altstack.c
pin-3.15-98253-gb56e429b1-gcc-linux/source/tools/SignalTests/faultcheck_flags_ia32_asm.s
pin-3.15-98253-gb56e429b1-gcc-linux/source/tools/SignalTests/inst-type-tool.cpp
pin-3.15-98253-gb56e429b1-gcc-linux/source/tools/SignalTests/faultcheck_flags_tool2.cpp
pin-3.15-98253-gb56e429b1-gcc-linux/source/tools/SignalTests/faultcheck.c
pin-3.15-98253-gb56e429b1-gcc-linux/source/tools/SignalTests/regbindings_cache_test_checker.c
pin-3.15-98253-gb56e429b1-gcc-linux/source/tools/SignalTests/bad-stack-alt-mac.reference
pin-3.15-98253-gb56e429b1-gcc-linux/source/tools/SignalTests/handlerAlignment_ia32.s
pin-3.15-98253-gb56e429b1-gcc-linux/source/tools/SignalTests/fatalsync.c
pin-3.15-98253-gb56e429b1-gcc-linux/source/tools/SignalTests/bad-stack-sigret-android.reference
pin-3.15-98253-gb56e429b1-gcc-linux/source/tools/SignalTests/bad-stack-noalt-mac.reference
pin-3.15-98253-gb56e429b1-gcc-linux/source/tools/SignalTests/blockloop.c
pin-3.15-98253-gb56e429b1-gcc-linux/source/tools/SignalTests/bad-stack-ia32-asm.s
pin-3.15-98253-gb56e429b1-gcc-linux/source/tools/SignalTests/sigflowcheck.cpp
pin-3.15-98253-gb56e429b1-gcc-linux/source/tools/SignalTests/double.c
pin-3.15-98253-gb56e429b1-gcc-linux/source/tools/SignalTests/call-app-tool.cpp
pin-3.15-98253-gb56e429b1-gcc-linux/source/tools/SignalTests/sigflowcheck1.reference
pin-3.15-98253-gb56e429b1-gcc-linux/source/tools/SignalTests/faultcheck_flags.c
pin-3.15-98253-gb56e429b1-gcc-linux/source/tools/SignalTests/raise-exception-tool.cpp
pin-3.15-98253-gb56e429b1-gcc-linux/source/tools/SignalTests/raise-exception-addrs.h
pin-3.15-98253-gb56e429b1-gcc-linux/source/tools/SignalTests/bad-stack-alt-android.reference
pin-3.15-98253-gb56e429b1-gcc-linux/source/tools/SignalTests/call-app-stress-tool.cpp
pin-3.15-98253-gb56e429b1-gcc-linux/source/tools/SignalTests/log.reference
pin-3.15-98253-gb56e429b1-gcc-linux/source/tools/SignalTests/fatallog.reference
pin-3.15-98253-gb56e429b1-gcc-linux/source/tools/SignalTests/setcontext.c
pin-3.15-98253-gb56e429b1-gcc-linux/source/tools/SignalTests/faultcheck_flags_tool1.cpp
pin-3.15-98253-gb56e429b1-gcc-linux/source/tools/SignalTests/faulttool.cpp
pin-3.15-98253-gb56e429b1-gcc-linux/source/tools/SignalTests/bad-stack-intel64-asm.s
pin-3.15-98253-gb56e429b1-gcc-linux/source/tools/SignalTests/sigflowcheck2.reference
pin-3.15-98253-gb56e429b1-gcc-linux/source/tools/SignalTests/bad-stack-noalt-android.reference
pin-3.15-98253-gb56e429b1-gcc-linux/source/tools/SignalTests/exittool.cpp
pin-3.15-98253-gb56e429b1-gcc-linux/source/tools/SignalTests/fastsigchecktool.cpp
pin-3.15-98253-gb56e429b1-gcc-linux/source/tools/SignalTests/maskcheck.c
pin-3.15-98253-gb56e429b1-gcc-linux/source/tools/SignalTests/suspendmask.c
pin-3.15-98253-gb56e429b1-gcc-linux/source/tools/SignalTests/makefile
pin-3.15-98253-gb56e429b1-gcc-linux/source/tools/SignalTests/recursive.c
pin-3.15-98253-gb56e429b1-gcc-linux/source/tools/SignalTests/sig64.cpp
pin-3.15-98253-gb56e429b1-gcc-linux/source/tools/SignalTests/movsbtest_ia32.s
pin-3.15-98253-gb56e429b1-gcc-linux/source/tools/SignalTests/reporter.cpp
pin-3.15-98253-gb56e429b1-gcc-linux/source/tools/SignalTests/bad-stack-noalt-linux.reference
pin-3.15-98253-gb56e429b1-gcc-linux/source/tools/SignalTests/num_segvs.h
pin-3.15-98253-gb56e429b1-gcc-linux/source/tools/SignalTests/sigaltstack.c
pin-3.15-98253-gb56e429b1-gcc-linux/source/tools/InlinedFuncsOpt/
pin-3.15-98253-gb56e429b1-gcc-linux/source/tools/InlinedFuncsOpt/makefile.rules
pin-3.15-98253-gb56e429b1-gcc-linux/source/tools/InlinedFuncsOpt/inlined_shr_asm.asm
pin-3.15-98253-gb56e429b1-gcc-linux/source/tools/InlinedFuncsOpt/inlined_shr.cpp
pin-3.15-98253-gb56e429b1-gcc-linux/source/tools/InlinedFuncsOpt/inlined_funcs_ia32.asm
pin-3.15-98253-gb56e429b1-gcc-linux/source/tools/InlinedFuncsOpt/inlined_shr_asm.s
pin-3.15-98253-gb56e429b1-gcc-linux/source/tools/InlinedFuncsOpt/inlined_funcs_intel64.asm
pin-3.15-98253-gb56e429b1-gcc-linux/source/tools/InlinedFuncsOpt/inlined_funcs_opt.cpp
pin-3.15-98253-gb56e429b1-gcc-linux/source/tools/InlinedFuncsOpt/inscount_for_lea_opt.cpp
pin-3.15-98253-gb56e429b1-gcc-linux/source/tools/InlinedFuncsOpt/update_icount_intel64.asm
pin-3.15-98253-gb56e429b1-gcc-linux/source/tools/InlinedFuncsOpt/makefile
pin-3.15-98253-gb56e429b1-gcc-linux/source/tools/SyscallsEmulation/
pin-3.15-98253-gb56e429b1-gcc-linux/source/tools/SyscallsEmulation/check_prctl_app.c
pin-3.15-98253-gb56e429b1-gcc-linux/source/tools/SyscallsEmulation/makefile.rules
pin-3.15-98253-gb56e429b1-gcc-linux/source/tools/SyscallsEmulation/close_all_files.cpp
pin-3.15-98253-gb56e429b1-gcc-linux/source/tools/SyscallsEmulation/mmap_app.c
pin-3.15-98253-gb56e429b1-gcc-linux/source/tools/SyscallsEmulation/mmap.cpp
pin-3.15-98253-gb56e429b1-gcc-linux/source/tools/SyscallsEmulation/syscall_time.cpp
pin-3.15-98253-gb56e429b1-gcc-linux/source/tools/SyscallsEmulation/pin_clone_app.cpp
pin-3.15-98253-gb56e429b1-gcc-linux/source/tools/SyscallsEmulation/syscalls_and_locks_app.cpp
pin-3.15-98253-gb56e429b1-gcc-linux/source/tools/SyscallsEmulation/ptrace_deny_attach_app.c
pin-3.15-98253-gb56e429b1-gcc-linux/source/tools/SyscallsEmulation/close_all_files_app.c
pin-3.15-98253-gb56e429b1-gcc-linux/source/tools/SyscallsEmulation/syscalls_and_locks_tool.cpp
pin-3.15-98253-gb56e429b1-gcc-linux/source/tools/SyscallsEmulation/exit_restartable_syscall_app.c
pin-3.15-98253-gb56e429b1-gcc-linux/source/tools/SyscallsEmulation/makefile
pin-3.15-98253-gb56e429b1-gcc-linux/source/tools/SyscallsEmulation/ppollEmulation_app.cpp
pin-3.15-98253-gb56e429b1-gcc-linux/source/tools/Probes/
pin-3.15-98253-gb56e429b1-gcc-linux/source/tools/Probes/exception_in_probed_call_after_app.c
pin-3.15-98253-gb56e429b1-gcc-linux/source/tools/Probes/thd_malloc.c
pin-3.15-98253-gb56e429b1-gcc-linux/source/tools/Probes/probe7.cpp
pin-3.15-98253-gb56e429b1-gcc-linux/source/tools/Probes/insert7.cpp
pin-3.15-98253-gb56e429b1-gcc-linux/source/tools/Probes/ins_fetch_overrun_app.s
pin-3.15-98253-gb56e429b1-gcc-linux/source/tools/Probes/redzone_app.c
pin-3.15-98253-gb56e429b1-gcc-linux/source/tools/Probes/syscall_yield64.s
pin-3.15-98253-gb56e429b1-gcc-linux/source/tools/Probes/before_after_fastcall.cpp
pin-3.15-98253-gb56e429b1-gcc-linux/source/tools/Probes/replace_empty.cpp
pin-3.15-98253-gb56e429b1-gcc-linux/source/tools/Probes/replacefun.c
pin-3.15-98253-gb56e429b1-gcc-linux/source/tools/Probes/unix_parent_tool.cpp
pin-3.15-98253-gb56e429b1-gcc-linux/source/tools/Probes/one_win.c
pin-3.15-98253-gb56e429b1-gcc-linux/source/tools/Probes/exception_in_mt_attach.cpp
pin-3.15-98253-gb56e429b1-gcc-linux/source/tools/Probes/before_after_fastcall_app_ia32.exe
pin-3.15-98253-gb56e429b1-gcc-linux/source/tools/Probes/probesleep.cpp
pin-3.15-98253-gb56e429b1-gcc-linux/source/tools/Probes/dltest_win.c
pin-3.15-98253-gb56e429b1-gcc-linux/source/tools/Probes/jmp_in_probe.cpp
pin-3.15-98253-gb56e429b1-gcc-linux/source/tools/Probes/probe_stdcall_fastcall.h
pin-3.15-98253-gb56e429b1-gcc-linux/source/tools/Probes/unloadtest_unix.c
pin-3.15-98253-gb56e429b1-gcc-linux/source/tools/Probes/exception_in_probed_call_after.cpp
pin-3.15-98253-gb56e429b1-gcc-linux/source/tools/Probes/probesafetest_app.c
pin-3.15-98253-gb56e429b1-gcc-linux/source/tools/Probes/proto3.cpp
pin-3.15-98253-gb56e429b1-gcc-linux/source/tools/Probes/replacejmp.c
pin-3.15-98253-gb56e429b1-gcc-linux/source/tools/Probes/jmp_in_probe_intel64.asm
pin-3.15-98253-gb56e429b1-gcc-linux/source/tools/Probes/ins_fetch_overrun_app.c
pin-3.15-98253-gb56e429b1-gcc-linux/source/tools/Probes/insert3.cpp
pin-3.15-98253-gb56e429b1-gcc-linux/source/tools/Probes/makefile.rules
pin-3.15-98253-gb56e429b1-gcc-linux/source/tools/Probes/spinlock_insert.cpp
pin-3.15-98253-gb56e429b1-gcc-linux/source/tools/Probes/jmp_in_probe_app1.cpp
pin-3.15-98253-gb56e429b1-gcc-linux/source/tools/Probes/probecdecl.cpp
pin-3.15-98253-gb56e429b1-gcc-linux/source/tools/Probes/spawn_internal_thread_probe.cpp
pin-3.15-98253-gb56e429b1-gcc-linux/source/tools/Probes/exception_in_probed_call_cpp_app.cpp
pin-3.15-98253-gb56e429b1-gcc-linux/source/tools/Probes/exception_in_dll_app.cpp
pin-3.15-98253-gb56e429b1-gcc-linux/source/tools/Probes/proto1win-err.cpp
pin-3.15-98253-gb56e429b1-gcc-linux/source/tools/Probes/probemalloctrace.cpp
pin-3.15-98253-gb56e429b1-gcc-linux/source/tools/Probes/probe10.cpp
pin-3.15-98253-gb56e429b1-gcc-linux/source/tools/Probes/before_after_stdcall_app_intel64.pdb
pin-3.15-98253-gb56e429b1-gcc-linux/source/tools/Probes/do_nothing_intel64.asm
pin-3.15-98253-gb56e429b1-gcc-linux/source/tools/Probes/insert2win.cpp
pin-3.15-98253-gb56e429b1-gcc-linux/source/tools/Probes/replacesig_empty.cpp
pin-3.15-98253-gb56e429b1-gcc-linux/source/tools/Probes/before_after_stdcall_app_ia32.pdb
pin-3.15-98253-gb56e429b1-gcc-linux/source/tools/Probes/tpss_lin_libdl.cpp
pin-3.15-98253-gb56e429b1-gcc-linux/source/tools/Probes/arglist.cpp
pin-3.15-98253-gb56e429b1-gcc-linux/source/tools/Probes/probe_err5.cpp
pin-3.15-98253-gb56e429b1-gcc-linux/source/tools/Probes/exception_in_probe.cpp
pin-3.15-98253-gb56e429b1-gcc-linux/source/tools/Probes/probe_safe_test_intel64.s
pin-3.15-98253-gb56e429b1-gcc-linux/source/tools/Probes/tpss_lin_libncurses.cpp
pin-3.15-98253-gb56e429b1-gcc-linux/source/tools/Probes/error-win-probe.cpp
pin-3.15-98253-gb56e429b1-gcc-linux/source/tools/Probes/simplefoo.c
pin-3.15-98253-gb56e429b1-gcc-linux/source/tools/Probes/local_branch_intel64.s
pin-3.15-98253-gb56e429b1-gcc-linux/source/tools/Probes/shortBB64.cpp
pin-3.15-98253-gb56e429b1-gcc-linux/source/tools/Probes/probe6.cpp
pin-3.15-98253-gb56e429b1-gcc-linux/source/tools/Probes/two_win.c
pin-3.15-98253-gb56e429b1-gcc-linux/source/tools/Probes/exception_in_probe_sig.cpp
pin-3.15-98253-gb56e429b1-gcc-linux/source/tools/Probes/jmp_in_probe_intel64.s
pin-3.15-98253-gb56e429b1-gcc-linux/source/tools/Probes/before_after_stdcall.cpp
pin-3.15-98253-gb56e429b1-gcc-linux/source/tools/Probes/probefastcall.cpp
pin-3.15-98253-gb56e429b1-gcc-linux/source/tools/Probes/exc.cpp
pin-3.15-98253-gb56e429b1-gcc-linux/source/tools/Probes/probe_movip.cpp
pin-3.15-98253-gb56e429b1-gcc-linux/source/tools/Probes/probestdcall_app.pdb
pin-3.15-98253-gb56e429b1-gcc-linux/source/tools/Probes/one_unix.c
pin-3.15-98253-gb56e429b1-gcc-linux/source/tools/Probes/exception_in_probed_call.cpp
pin-3.15-98253-gb56e429b1-gcc-linux/source/tools/Probes/replacecall.c
pin-3.15-98253-gb56e429b1-gcc-linux/source/tools/Probes/shortBBapp.c
pin-3.15-98253-gb56e429b1-gcc-linux/source/tools/Probes/two_unix.c
pin-3.15-98253-gb56e429b1-gcc-linux/source/tools/Probes/protobar.c
pin-3.15-98253-gb56e429b1-gcc-linux/source/tools/Probes/exit_app.cpp
pin-3.15-98253-gb56e429b1-gcc-linux/source/tools/Probes/pthread_exit_after_fork_app.c
pin-3.15-98253-gb56e429b1-gcc-linux/source/tools/Probes/load_map_app.cpp
pin-3.15-98253-gb56e429b1-gcc-linux/source/tools/Probes/pc64.s
pin-3.15-98253-gb56e429b1-gcc-linux/source/tools/Probes/signals.cpp
pin-3.15-98253-gb56e429b1-gcc-linux/source/tools/Probes/probe_err1.cpp
pin-3.15-98253-gb56e429b1-gcc-linux/source/tools/Probes/spawn_internal_thread_probe_app.cpp
pin-3.15-98253-gb56e429b1-gcc-linux/source/tools/Probes/proto2.cpp
pin-3.15-98253-gb56e429b1-gcc-linux/source/tools/Probes/atfork_callbacks.cpp
pin-3.15-98253-gb56e429b1-gcc-linux/source/tools/Probes/tpss_lin_libc_tool.cpp
pin-3.15-98253-gb56e429b1-gcc-linux/source/tools/Probes/dltest_unix.c
pin-3.15-98253-gb56e429b1-gcc-linux/source/tools/Probes/proto3win.cpp
pin-3.15-98253-gb56e429b1-gcc-linux/source/tools/Probes/probesafetest.cpp
pin-3.15-98253-gb56e429b1-gcc-linux/source/tools/Probes/shortBB64foo.asm
pin-3.15-98253-gb56e429b1-gcc-linux/source/tools/Probes/remove_probe.cpp
pin-3.15-98253-gb56e429b1-gcc-linux/source/tools/Probes/replace_exit.cpp
pin-3.15-98253-gb56e429b1-gcc-linux/source/tools/Probes/proto4.cpp
pin-3.15-98253-gb56e429b1-gcc-linux/source/tools/Probes/tpss_lin_libpthread_tool.cpp
pin-3.15-98253-gb56e429b1-gcc-linux/source/tools/Probes/probe3.cpp
pin-3.15-98253-gb56e429b1-gcc-linux/source/tools/Probes/probe_close.cpp
pin-3.15-98253-gb56e429b1-gcc-linux/source/tools/Probes/local_branch_ia32.s
pin-3.15-98253-gb56e429b1-gcc-linux/source/tools/Probes/simplefoo10.c
pin-3.15-98253-gb56e429b1-gcc-linux/source/tools/Probes/emptysub.c
pin-3.15-98253-gb56e429b1-gcc-linux/source/tools/Probes/proto1.cpp
pin-3.15-98253-gb56e429b1-gcc-linux/source/tools/Probes/insert8.cpp
pin-3.15-98253-gb56e429b1-gcc-linux/source/tools/Probes/insert9.cpp
pin-3.15-98253-gb56e429b1-gcc-linux/source/tools/Probes/signals_app.cpp
pin-3.15-98253-gb56e429b1-gcc-linux/source/tools/Probes/init.cpp
pin-3.15-98253-gb56e429b1-gcc-linux/source/tools/Probes/ins_fetch_overrun.cpp
pin-3.15-98253-gb56e429b1-gcc-linux/source/tools/Probes/shortBB.cpp
pin-3.15-98253-gb56e429b1-gcc-linux/source/tools/Probes/little_malloc.c
pin-3.15-98253-gb56e429b1-gcc-linux/source/tools/Probes/probe9.cpp
pin-3.15-98253-gb56e429b1-gcc-linux/source/tools/Probes/exception_in_probed_call_app.c
pin-3.15-98253-gb56e429b1-gcc-linux/source/tools/Probes/insert1.cpp
pin-3.15-98253-gb56e429b1-gcc-linux/source/tools/Probes/good_jump.c
pin-3.15-98253-gb56e429b1-gcc-linux/source/tools/Probes/exception_in_dll_tool.cpp
pin-3.15-98253-gb56e429b1-gcc-linux/source/tools/Probes/relocate_asm_intel64.s
pin-3.15-98253-gb56e429b1-gcc-linux/source/tools/Probes/before_after_stdcall_app_ia32.exe
pin-3.15-98253-gb56e429b1-gcc-linux/source/tools/Probes/replaceshorty.c
pin-3.15-98253-gb56e429b1-gcc-linux/source/tools/Probes/relocate_rtn.cpp
pin-3.15-98253-gb56e429b1-gcc-linux/source/tools/Probes/probe_err2.cpp
pin-3.15-98253-gb56e429b1-gcc-linux/source/tools/Probes/high_target.c
pin-3.15-98253-gb56e429b1-gcc-linux/source/tools/Probes/getstack_intel64.s
pin-3.15-98253-gb56e429b1-gcc-linux/source/tools/Probes/do_nothing_ia32.s
pin-3.15-98253-gb56e429b1-gcc-linux/source/tools/Probes/do_nothing_ia32.asm
pin-3.15-98253-gb56e429b1-gcc-linux/source/tools/Probes/relocate_app.cpp
pin-3.15-98253-gb56e429b1-gcc-linux/source/tools/Probes/spinlock_repl.cpp
pin-3.15-98253-gb56e429b1-gcc-linux/source/tools/Probes/code_range.cpp
pin-3.15-98253-gb56e429b1-gcc-linux/source/tools/Probes/before_after_fastcall_app_intel64.pdb
pin-3.15-98253-gb56e429b1-gcc-linux/source/tools/Probes/err_replace.c
pin-3.15-98253-gb56e429b1-gcc-linux/source/tools/Probes/spin_lock_app.c
pin-3.15-98253-gb56e429b1-gcc-linux/source/tools/Probes/atfork_callbacks_app.cpp
pin-3.15-98253-gb56e429b1-gcc-linux/source/tools/Probes/probe_on_probe2.cpp
pin-3.15-98253-gb56e429b1-gcc-linux/source/tools/Probes/exception_in_probed_call_cpp_after_app.cpp
pin-3.15-98253-gb56e429b1-gcc-linux/source/tools/Probes/symbolnames.cpp
pin-3.15-98253-gb56e429b1-gcc-linux/source/tools/Probes/probe_err6.cpp
pin-3.15-98253-gb56e429b1-gcc-linux/source/tools/Probes/ssewin.cpp
pin-3.15-98253-gb56e429b1-gcc-linux/source/tools/Probes/error-sub.c
pin-3.15-98253-gb56e429b1-gcc-linux/source/tools/Probes/probe5.cpp
pin-3.15-98253-gb56e429b1-gcc-linux/source/tools/Probes/error-unix-probe.cpp
pin-3.15-98253-gb56e429b1-gcc-linux/source/tools/Probes/mallocwrappers_unix.c
pin-3.15-98253-gb56e429b1-gcc-linux/source/tools/Probes/func_nops.c
pin-3.15-98253-gb56e429b1-gcc-linux/source/tools/Probes/getesp_intel64.asm
pin-3.15-98253-gb56e429b1-gcc-linux/source/tools/Probes/protorbar.c
pin-3.15-98253-gb56e429b1-gcc-linux/source/tools/Probes/sleep_unix.c
pin-3.15-98253-gb56e429b1-gcc-linux/source/tools/Probes/error-unix-jit.cpp
pin-3.15-98253-gb56e429b1-gcc-linux/source/tools/Probes/probestdcall_app.exe
pin-3.15-98253-gb56e429b1-gcc-linux/source/tools/Probes/probe4.cpp
pin-3.15-98253-gb56e429b1-gcc-linux/source/tools/Probes/protofoo.c
pin-3.15-98253-gb56e429b1-gcc-linux/source/tools/Probes/ipr.c
pin-3.15-98253-gb56e429b1-gcc-linux/source/tools/Probes/getstack_ia32.s
pin-3.15-98253-gb56e429b1-gcc-linux/source/tools/Probes/pthread_exit_tool.cpp
pin-3.15-98253-gb56e429b1-gcc-linux/source/tools/Probes/replaceapp.def
pin-3.15-98253-gb56e429b1-gcc-linux/source/tools/Probes/func_nops_asm.asm
pin-3.15-98253-gb56e429b1-gcc-linux/source/tools/Probes/simplestd10.c
pin-3.15-98253-gb56e429b1-gcc-linux/source/tools/Probes/redzone_app_asm.s
pin-3.15-98253-gb56e429b1-gcc-linux/source/tools/Probes/bad_jump.c
pin-3.15-98253-gb56e429b1-gcc-linux/source/tools/Probes/before_after_defaultcall_app_intel64.pdb
pin-3.15-98253-gb56e429b1-gcc-linux/source/tools/Probes/probestdcall.cpp
pin-3.15-98253-gb56e429b1-gcc-linux/source/tools/Probes/unloadtest_win.c
pin-3.15-98253-gb56e429b1-gcc-linux/source/tools/Probes/insertfast.cpp
pin-3.15-98253-gb56e429b1-gcc-linux/source/tools/Probes/arglist.h
pin-3.15-98253-gb56e429b1-gcc-linux/source/tools/Probes/default_probe_size.cpp
pin-3.15-98253-gb56e429b1-gcc-linux/source/tools/Probes/fork_app.cpp
pin-3.15-98253-gb56e429b1-gcc-linux/source/tools/Probes/probe_err4.cpp
pin-3.15-98253-gb56e429b1-gcc-linux/source/tools/Probes/insert_call_probed.reference
pin-3.15-98253-gb56e429b1-gcc-linux/source/tools/Probes/probe_on_probe1.cpp
pin-3.15-98253-gb56e429b1-gcc-linux/source/tools/Probes/simplebar.c
pin-3.15-98253-gb56e429b1-gcc-linux/source/tools/Probes/exception_in_probed_call_sig.cpp
pin-3.15-98253-gb56e429b1-gcc-linux/source/tools/Probes/svcraw_repl.cpp
pin-3.15-98253-gb56e429b1-gcc-linux/source/tools/Probes/exception_in_probe_on_probe_sig.cpp
pin-3.15-98253-gb56e429b1-gcc-linux/source/tools/Probes/simplefoo9.c
pin-3.15-98253-gb56e429b1-gcc-linux/source/tools/Probes/jmp_in_probe_app.cpp
pin-3.15-98253-gb56e429b1-gcc-linux/source/tools/Probes/heavy_stack_win.c
pin-3.15-98253-gb56e429b1-gcc-linux/source/tools/Probes/probe8.cpp
pin-3.15-98253-gb56e429b1-gcc-linux/source/tools/Probes/getesp_ia32.asm
pin-3.15-98253-gb56e429b1-gcc-linux/source/tools/Probes/insert12.cpp
pin-3.15-98253-gb56e429b1-gcc-linux/source/tools/Probes/sleep_win.c
pin-3.15-98253-gb56e429b1-gcc-linux/source/tools/Probes/win_child_process.cpp
pin-3.15-98253-gb56e429b1-gcc-linux/source/tools/Probes/child_process.cpp
pin-3.15-98253-gb56e429b1-gcc-linux/source/tools/Probes/before_after_stdcall_app_intel64.exe
pin-3.15-98253-gb56e429b1-gcc-linux/source/tools/Probes/probe2.cpp
pin-3.15-98253-gb56e429b1-gcc-linux/source/tools/Probes/sectest.cpp
pin-3.15-98253-gb56e429b1-gcc-linux/source/tools/Probes/sempost_app.cpp
pin-3.15-98253-gb56e429b1-gcc-linux/source/tools/Probes/tpss_lin_librt_tool.cpp
pin-3.15-98253-gb56e429b1-gcc-linux/source/tools/Probes/malloctrace_locktest.cpp
pin-3.15-98253-gb56e429b1-gcc-linux/source/tools/Probes/shortBB64app.c
pin-3.15-98253-gb56e429b1-gcc-linux/source/tools/Probes/probe1.cpp
pin-3.15-98253-gb56e429b1-gcc-linux/source/tools/Probes/probestdcall_app.c
pin-3.15-98253-gb56e429b1-gcc-linux/source/tools/Probes/before_after_defaultcall_app.c
pin-3.15-98253-gb56e429b1-gcc-linux/source/tools/Probes/before_after_stdcall_app.c
pin-3.15-98253-gb56e429b1-gcc-linux/source/tools/Probes/fall_thru.c
pin-3.15-98253-gb56e429b1-gcc-linux/source/tools/Probes/probefastcall_app.pdb
pin-3.15-98253-gb56e429b1-gcc-linux/source/tools/Probes/do_nothing_intel64.s
pin-3.15-98253-gb56e429b1-gcc-linux/source/tools/Probes/pthread_exit_app.c
pin-3.15-98253-gb56e429b1-gcc-linux/source/tools/Probes/simplesp.s
pin-3.15-98253-gb56e429b1-gcc-linux/source/tools/Probes/before_after_defaultcall.cpp
pin-3.15-98253-gb56e429b1-gcc-linux/source/tools/Probes/insert2.cpp
pin-3.15-98253-gb56e429b1-gcc-linux/source/tools/Probes/insert_call_probed.cpp
pin-3.15-98253-gb56e429b1-gcc-linux/source/tools/Probes/replace_empty_twice.cpp
pin-3.15-98253-gb56e429b1-gcc-linux/source/tools/Probes/insert5.cpp
pin-3.15-98253-gb56e429b1-gcc-linux/source/tools/Probes/func_nops_asm.s
pin-3.15-98253-gb56e429b1-gcc-linux/source/tools/Probes/before_after_defaultcall_app_intel64.exe
pin-3.15-98253-gb56e429b1-gcc-linux/source/tools/Probes/iprtool.cpp
pin-3.15-98253-gb56e429b1-gcc-linux/source/tools/Probes/spinlock_replsig.cpp
pin-3.15-98253-gb56e429b1-gcc-linux/source/tools/Probes/insert11.cpp
pin-3.15-98253-gb56e429b1-gcc-linux/source/tools/Probes/replaceapp.c
pin-3.15-98253-gb56e429b1-gcc-linux/source/tools/Probes/move_ip.c
pin-3.15-98253-gb56e429b1-gcc-linux/source/tools/Probes/scan_all_rtns_for_probe.cpp
pin-3.15-98253-gb56e429b1-gcc-linux/source/tools/Probes/syscall_in_probe_app.c
pin-3.15-98253-gb56e429b1-gcc-linux/source/tools/Probes/exception_in_probe_app.c
pin-3.15-98253-gb56e429b1-gcc-linux/source/tools/Probes/deadlock_in_ipc.cpp
pin-3.15-98253-gb56e429b1-gcc-linux/source/tools/Probes/tpss.cpp
pin-3.15-98253-gb56e429b1-gcc-linux/source/tools/Probes/insert3win.cpp
pin-3.15-98253-gb56e429b1-gcc-linux/source/tools/Probes/probefastcall_app.c
pin-3.15-98253-gb56e429b1-gcc-linux/source/tools/Probes/before_after_fastcall_app_intel64.exe
pin-3.15-98253-gb56e429b1-gcc-linux/source/tools/Probes/probefastcall_app.exe
pin-3.15-98253-gb56e429b1-gcc-linux/source/tools/Probes/malloctrace2.cpp
pin-3.15-98253-gb56e429b1-gcc-linux/source/tools/Probes/sempost_repl.cpp
pin-3.15-98253-gb56e429b1-gcc-linux/source/tools/Probes/tpss_lin_libpthread.c
pin-3.15-98253-gb56e429b1-gcc-linux/source/tools/Probes/error-main.c
pin-3.15-98253-gb56e429b1-gcc-linux/source/tools/Probes/probe_overlap.cpp
pin-3.15-98253-gb56e429b1-gcc-linux/source/tools/Probes/empty.c
pin-3.15-98253-gb56e429b1-gcc-linux/source/tools/Probes/probeheapalloc.cpp
pin-3.15-98253-gb56e429b1-gcc-linux/source/tools/Probes/load_map.cpp
pin-3.15-98253-gb56e429b1-gcc-linux/source/tools/Probes/ins_fetch_overrun_app.asm
pin-3.15-98253-gb56e429b1-gcc-linux/source/tools/Probes/replacedisp.c
pin-3.15-98253-gb56e429b1-gcc-linux/source/tools/Probes/context_probe.cpp
pin-3.15-98253-gb56e429b1-gcc-linux/source/tools/Probes/probe_on_probe1.reference
pin-3.15-98253-gb56e429b1-gcc-linux/source/tools/Probes/insert10.cpp
pin-3.15-98253-gb56e429b1-gcc-linux/source/tools/Probes/tpss_lin_libc.c
pin-3.15-98253-gb56e429b1-gcc-linux/source/tools/Probes/insert_call_probed_app.c
pin-3.15-98253-gb56e429b1-gcc-linux/source/tools/Probes/relocate_asm_ia32.s
pin-3.15-98253-gb56e429b1-gcc-linux/source/tools/Probes/create_process_app.cpp
pin-3.15-98253-gb56e429b1-gcc-linux/source/tools/Probes/before_after_defaultcall_app_ia32.pdb
pin-3.15-98253-gb56e429b1-gcc-linux/source/tools/Probes/set_tp.s
pin-3.15-98253-gb56e429b1-gcc-linux/source/tools/Probes/syscall_in_probe.cpp
pin-3.15-98253-gb56e429b1-gcc-linux/source/tools/Probes/exception_in_mt_attach_app.cpp
pin-3.15-98253-gb56e429b1-gcc-linux/source/tools/Probes/probe_safe_test_ia32.s
pin-3.15-98253-gb56e429b1-gcc-linux/source/tools/Probes/exception_in_probe_on_probe.cpp
pin-3.15-98253-gb56e429b1-gcc-linux/source/tools/Probes/bad_call.c
pin-3.15-98253-gb56e429b1-gcc-linux/source/tools/Probes/before_after_fastcall_app.c
pin-3.15-98253-gb56e429b1-gcc-linux/source/tools/Probes/tpss_lin_librt.c
pin-3.15-98253-gb56e429b1-gcc-linux/source/tools/Probes/redzone.cpp
pin-3.15-98253-gb56e429b1-gcc-linux/source/tools/Probes/error-win-jit.cpp
pin-3.15-98253-gb56e429b1-gcc-linux/source/tools/Probes/exit_repl.cpp
pin-3.15-98253-gb56e429b1-gcc-linux/source/tools/Probes/insertstd.cpp
pin-3.15-98253-gb56e429b1-gcc-linux/source/tools/Probes/insert6.cpp
pin-3.15-98253-gb56e429b1-gcc-linux/source/tools/Probes/proto1win.cpp
pin-3.15-98253-gb56e429b1-gcc-linux/source/tools/Probes/malloctrace2win.cpp
pin-3.15-98253-gb56e429b1-gcc-linux/source/tools/Probes/before_after_fastcall_app_ia32.pdb
pin-3.15-98253-gb56e429b1-gcc-linux/source/tools/Probes/makefile
pin-3.15-98253-gb56e429b1-gcc-linux/source/tools/Probes/insert4.cpp
pin-3.15-98253-gb56e429b1-gcc-linux/source/tools/Probes/insert1win.cpp
pin-3.15-98253-gb56e429b1-gcc-linux/source/tools/Probes/err_call.c
pin-3.15-98253-gb56e429b1-gcc-linux/source/tools/Probes/parent_process.cpp
pin-3.15-98253-gb56e429b1-gcc-linux/source/tools/Probes/atfork_callbacks.h
pin-3.15-98253-gb56e429b1-gcc-linux/source/tools/Probes/before_after_defaultcall_app_ia32.exe
pin-3.15-98253-gb56e429b1-gcc-linux/source/tools/Probes/svcraw_app.cpp
pin-3.15-98253-gb56e429b1-gcc-linux/source/tools/Mix/
pin-3.15-98253-gb56e429b1-gcc-linux/source/tools/Mix/makefile.rules
pin-3.15-98253-gb56e429b1-gcc-linux/source/tools/Mix/test-mt.cpp
pin-3.15-98253-gb56e429b1-gcc-linux/source/tools/Mix/assy-support-intel64.asm
pin-3.15-98253-gb56e429b1-gcc-linux/source/tools/Mix/mix-fp-state.H
pin-3.15-98253-gb56e429b1-gcc-linux/source/tools/Mix/marker-example.cpp
pin-3.15-98253-gb56e429b1-gcc-linux/source/tools/Mix/assy-support-ia32.asm
pin-3.15-98253-gb56e429b1-gcc-linux/source/tools/Mix/mix-mt.cpp
pin-3.15-98253-gb56e429b1-gcc-linux/source/tools/Mix/summarize.py
pin-3.15-98253-gb56e429b1-gcc-linux/source/tools/Mix/README
pin-3.15-98253-gb56e429b1-gcc-linux/source/tools/Mix/makefile
pin-3.15-98253-gb56e429b1-gcc-linux/source/tools/ChildProcess/
pin-3.15-98253-gb56e429b1-gcc-linux/source/tools/ChildProcess/follow_child_3gen_tool_initsym.cpp
pin-3.15-98253-gb56e429b1-gcc-linux/source/tools/ChildProcess/win_parent_process2_jpp.reference
pin-3.15-98253-gb56e429b1-gcc-linux/source/tools/ChildProcess/win_parent_process_launcher.bat
pin-3.15-98253-gb56e429b1-gcc-linux/source/tools/ChildProcess/parent_process_launcher.sh
pin-3.15-98253-gb56e429b1-gcc-linux/source/tools/ChildProcess/unix_parent_tool.cpp
pin-3.15-98253-gb56e429b1-gcc-linux/source/tools/ChildProcess/grand_parent_tool.cpp
pin-3.15-98253-gb56e429b1-gcc-linux/source/tools/ChildProcess/fork_app2.c
pin-3.15-98253-gb56e429b1-gcc-linux/source/tools/ChildProcess/win_parent_process_mt_test_launcher_w_pintool_args.bat
pin-3.15-98253-gb56e429b1-gcc-linux/source/tools/ChildProcess/makefile.rules
pin-3.15-98253-gb56e429b1-gcc-linux/source/tools/ChildProcess/win_early_termination.cpp
pin-3.15-98253-gb56e429b1-gcc-linux/source/tools/ChildProcess/fork_hang_tool.cpp
pin-3.15-98253-gb56e429b1-gcc-linux/source/tools/ChildProcess/win_launcher_debugged_process.cpp
pin-3.15-98253-gb56e429b1-gcc-linux/source/tools/ChildProcess/parent_process_waitpid_bug.cpp
pin-3.15-98253-gb56e429b1-gcc-linux/source/tools/ChildProcess/arglist.cpp
pin-3.15-98253-gb56e429b1-gcc-linux/source/tools/ChildProcess/parent_process_spawn.cpp
pin-3.15-98253-gb56e429b1-gcc-linux/source/tools/ChildProcess/2.sh
pin-3.15-98253-gb56e429b1-gcc-linux/source/tools/ChildProcess/parent_tool.cpp
pin-3.15-98253-gb56e429b1-gcc-linux/source/tools/ChildProcess/fork_probed_tool.cpp
pin-3.15-98253-gb56e429b1-gcc-linux/source/tools/ChildProcess/1.sh
pin-3.15-98253-gb56e429b1-gcc-linux/source/tools/ChildProcess/fork_hang_app.cpp
pin-3.15-98253-gb56e429b1-gcc-linux/source/tools/ChildProcess/win_parent_process1_unicode_probed_withsym.reference
pin-3.15-98253-gb56e429b1-gcc-linux/source/tools/ChildProcess/win_parent_process2_jpj.reference
pin-3.15-98253-gb56e429b1-gcc-linux/source/tools/ChildProcess/follow_child_tool.cpp
pin-3.15-98253-gb56e429b1-gcc-linux/source/tools/ChildProcess/badexec.c
pin-3.15-98253-gb56e429b1-gcc-linux/source/tools/ChildProcess/win_parent_process1_probed.reference
pin-3.15-98253-gb56e429b1-gcc-linux/source/tools/ChildProcess/follow_child_3gen_tool.cpp
pin-3.15-98253-gb56e429b1-gcc-linux/source/tools/ChildProcess/win_parent_process_unicode_launcher.bat
pin-3.15-98253-gb56e429b1-gcc-linux/source/tools/ChildProcess/win_parent_process_test_launcher_w_pintool_args.bat
pin-3.15-98253-gb56e429b1-gcc-linux/source/tools/ChildProcess/win_launcher_process.cpp
pin-3.15-98253-gb56e429b1-gcc-linux/source/tools/ChildProcess/win_parent_process2_jjj.reference
pin-3.15-98253-gb56e429b1-gcc-linux/source/tools/ChildProcess/null_check_app2.cpp
pin-3.15-98253-gb56e429b1-gcc-linux/source/tools/ChildProcess/child_injection_ppid.c
pin-3.15-98253-gb56e429b1-gcc-linux/source/tools/ChildProcess/fork_jit_tool.cpp
pin-3.15-98253-gb56e429b1-gcc-linux/source/tools/ChildProcess/fork_app.c
pin-3.15-98253-gb56e429b1-gcc-linux/source/tools/ChildProcess/selfexec_app.c
pin-3.15-98253-gb56e429b1-gcc-linux/source/tools/ChildProcess/win_parent_process_mt.cpp
pin-3.15-98253-gb56e429b1-gcc-linux/source/tools/ChildProcess/parent_process_popen.cpp
pin-3.15-98253-gb56e429b1-gcc-linux/source/tools/ChildProcess/follow_child.cpp
pin-3.15-98253-gb56e429b1-gcc-linux/source/tools/ChildProcess/uname_script.sh
pin-3.15-98253-gb56e429b1-gcc-linux/source/tools/ChildProcess/win_parent_process_mt_test_launcher.bat
pin-3.15-98253-gb56e429b1-gcc-linux/source/tools/ChildProcess/fork_probed2.cpp
pin-3.15-98253-gb56e429b1-gcc-linux/source/tools/ChildProcess/arglist.h
pin-3.15-98253-gb56e429b1-gcc-linux/source/tools/ChildProcess/null_check_app1.cpp
pin-3.15-98253-gb56e429b1-gcc-linux/source/tools/ChildProcess/execvp.c
pin-3.15-98253-gb56e429b1-gcc-linux/source/tools/ChildProcess/win_parent_process_mt_launcher.bat
pin-3.15-98253-gb56e429b1-gcc-linux/source/tools/ChildProcess/injection_test_app.c
pin-3.15-98253-gb56e429b1-gcc-linux/source/tools/ChildProcess/bind_now_app.c
pin-3.15-98253-gb56e429b1-gcc-linux/source/tools/ChildProcess/win_child_process.cpp
pin-3.15-98253-gb56e429b1-gcc-linux/source/tools/ChildProcess/child_process.cpp
pin-3.15-98253-gb56e429b1-gcc-linux/source/tools/ChildProcess/simple_tool.cpp
pin-3.15-98253-gb56e429b1-gcc-linux/source/tools/ChildProcess/win_parent_process_test_launcher.bat
pin-3.15-98253-gb56e429b1-gcc-linux/source/tools/ChildProcess/win_parent_process2.reference
pin-3.15-98253-gb56e429b1-gcc-linux/source/tools/ChildProcess/win_parent_process.cpp
pin-3.15-98253-gb56e429b1-gcc-linux/source/tools/ChildProcess/null_arg_check_tool.cpp
pin-3.15-98253-gb56e429b1-gcc-linux/source/tools/ChildProcess/win_parent_process2_unicode_ppp.reference
pin-3.15-98253-gb56e429b1-gcc-linux/source/tools/ChildProcess/win_parent_process2_pjp.reference
pin-3.15-98253-gb56e429b1-gcc-linux/source/tools/ChildProcess/parent_process_waitpid_bug2.cpp
pin-3.15-98253-gb56e429b1-gcc-linux/source/tools/ChildProcess/win_terminate_process_dll.cpp
pin-3.15-98253-gb56e429b1-gcc-linux/source/tools/ChildProcess/win_parent_process2_pjj.reference
pin-3.15-98253-gb56e429b1-gcc-linux/source/tools/ChildProcess/sigchld_app.reference
pin-3.15-98253-gb56e429b1-gcc-linux/source/tools/ChildProcess/win_parent_process_unicode.cpp
pin-3.15-98253-gb56e429b1-gcc-linux/source/tools/ChildProcess/parent_process_spawn2.cpp
pin-3.15-98253-gb56e429b1-gcc-linux/source/tools/ChildProcess/vfork_app.c
pin-3.15-98253-gb56e429b1-gcc-linux/source/tools/ChildProcess/win_parent_process1.reference
pin-3.15-98253-gb56e429b1-gcc-linux/source/tools/ChildProcess/sigchld_app.cpp
pin-3.15-98253-gb56e429b1-gcc-linux/source/tools/ChildProcess/makefile
pin-3.15-98253-gb56e429b1-gcc-linux/source/tools/ChildProcess/win_parent_process2_ppj.reference
pin-3.15-98253-gb56e429b1-gcc-linux/source/tools/ChildProcess/win_parent_process2_ppp.reference
pin-3.15-98253-gb56e429b1-gcc-linux/source/tools/ChildProcess/parent_process.cpp
pin-3.15-98253-gb56e429b1-gcc-linux/source/tools/ChildProcess/win_parent_process1_unicode_probed.reference
pin-3.15-98253-gb56e429b1-gcc-linux/source/tools/ChildProcess/win_parent_process2_jjp.reference
pin-3.15-98253-gb56e429b1-gcc-linux/source/tools/Tests/
pin-3.15-98253-gb56e429b1-gcc-linux/source/tools/Tests/winapp_runs_pin.h
pin-3.15-98253-gb56e429b1-gcc-linux/source/tools/Tests/jecxz_intel64.asm
pin-3.15-98253-gb56e429b1-gcc-linux/source/tools/Tests/check_env.cpp
pin-3.15-98253-gb56e429b1-gcc-linux/source/tools/Tests/icount4.cpp
pin-3.15-98253-gb56e429b1-gcc-linux/source/tools/Tests/rep_ip_at_ipoint_after_app_unix.s
pin-3.15-98253-gb56e429b1-gcc-linux/source/tools/Tests/parse_executed_rtns.cpp
pin-3.15-98253-gb56e429b1-gcc-linux/source/tools/Tests/correct_winapp_runs_pin_cmdline.cpp
pin-3.15-98253-gb56e429b1-gcc-linux/source/tools/Tests/empty_str_app.c
pin-3.15-98253-gb56e429b1-gcc-linux/source/tools/Tests/foobar.c
pin-3.15-98253-gb56e429b1-gcc-linux/source/tools/Tests/makefile.rules
pin-3.15-98253-gb56e429b1-gcc-linux/source/tools/Tests/winapp_runs_pin.ico
pin-3.15-98253-gb56e429b1-gcc-linux/source/tools/Tests/trace_address.cpp
pin-3.15-98253-gb56e429b1-gcc-linux/source/tools/Tests/sourceLocation_img2.cpp
pin-3.15-98253-gb56e429b1-gcc-linux/source/tools/Tests/sequence.cpp
pin-3.15-98253-gb56e429b1-gcc-linux/source/tools/Tests/statdyn_tool.cpp
pin-3.15-98253-gb56e429b1-gcc-linux/source/tools/Tests/win_cvapp_test_tool.cpp
pin-3.15-98253-gb56e429b1-gcc-linux/source/tools/Tests/prefixApp.s
pin-3.15-98253-gb56e429b1-gcc-linux/source/tools/Tests/emu.cpp
pin-3.15-98253-gb56e429b1-gcc-linux/source/tools/Tests/sampleApp.s
pin-3.15-98253-gb56e429b1-gcc-linux/source/tools/Tests/detach.cpp
pin-3.15-98253-gb56e429b1-gcc-linux/source/tools/Tests/jecxz_ia32.s
pin-3.15-98253-gb56e429b1-gcc-linux/source/tools/Tests/set_status_flags_tool.cpp
pin-3.15-98253-gb56e429b1-gcc-linux/source/tools/Tests/callargs_probe_tool.cpp
pin-3.15-98253-gb56e429b1-gcc-linux/source/tools/Tests/statdyn_app.cpp
pin-3.15-98253-gb56e429b1-gcc-linux/source/tools/Tests/snprintf.cpp
pin-3.15-98253-gb56e429b1-gcc-linux/source/tools/Tests/strcmp_app.c
pin-3.15-98253-gb56e429b1-gcc-linux/source/tools/Tests/winapp_runs_pin.vcxproj
pin-3.15-98253-gb56e429b1-gcc-linux/source/tools/Tests/insMixApp.s
pin-3.15-98253-gb56e429b1-gcc-linux/source/tools/Tests/context-pc.cpp
pin-3.15-98253-gb56e429b1-gcc-linux/source/tools/Tests/child_sig_while_execv_app.c
pin-3.15-98253-gb56e429b1-gcc-linux/source/tools/Tests/launcher_app.cpp
pin-3.15-98253-gb56e429b1-gcc-linux/source/tools/Tests/syntax.cpp
pin-3.15-98253-gb56e429b1-gcc-linux/source/tools/Tests/ifuncmemcpy.cpp
pin-3.15-98253-gb56e429b1-gcc-linux/source/tools/Tests/winapp_runs_pin.cpp
pin-3.15-98253-gb56e429b1-gcc-linux/source/tools/Tests/operand.cpp
pin-3.15-98253-gb56e429b1-gcc-linux/source/tools/Tests/rep_ip_at_ipoint_after_tool.cpp
pin-3.15-98253-gb56e429b1-gcc-linux/source/tools/Tests/symOutOfBound.cpp
pin-3.15-98253-gb56e429b1-gcc-linux/source/tools/Tests/child_sig_while_execv_simple_app.c
pin-3.15-98253-gb56e429b1-gcc-linux/source/tools/Tests/segv.cpp
pin-3.15-98253-gb56e429b1-gcc-linux/source/tools/Tests/test_ebx_in_exceptions_xed_interface.cpp
pin-3.15-98253-gb56e429b1-gcc-linux/source/tools/Tests/tracecount.cpp
pin-3.15-98253-gb56e429b1-gcc-linux/source/tools/Tests/bblnull.cpp
pin-3.15-98253-gb56e429b1-gcc-linux/source/tools/Tests/int3test.c
pin-3.15-98253-gb56e429b1-gcc-linux/source/tools/Tests/exitProcessApp.c
pin-3.15-98253-gb56e429b1-gcc-linux/source/tools/Tests/thread.cpp
pin-3.15-98253-gb56e429b1-gcc-linux/source/tools/Tests/jecxz_ia32.asm
pin-3.15-98253-gb56e429b1-gcc-linux/source/tools/Tests/rtn_insert_call_probed.cpp
pin-3.15-98253-gb56e429b1-gcc-linux/source/tools/Tests/const_context_at_ins.cpp
pin-3.15-98253-gb56e429b1-gcc-linux/source/tools/Tests/checkaddress.cpp
pin-3.15-98253-gb56e429b1-gcc-linux/source/tools/Tests/sourceLocation_tool.cpp
pin-3.15-98253-gb56e429b1-gcc-linux/source/tools/Tests/test_ebx_in_exceptions_ia32_unix.s
pin-3.15-98253-gb56e429b1-gcc-linux/source/tools/Tests/callargs.cpp
pin-3.15-98253-gb56e429b1-gcc-linux/source/tools/Tests/icount5.cpp
pin-3.15-98253-gb56e429b1-gcc-linux/source/tools/Tests/check_env.sh
pin-3.15-98253-gb56e429b1-gcc-linux/source/tools/Tests/imageLoad.cpp
pin-3.15-98253-gb56e429b1-gcc-linux/source/tools/Tests/sourceLocation_img1.cpp
pin-3.15-98253-gb56e429b1-gcc-linux/source/tools/Tests/context_stack_and_spill.cpp
pin-3.15-98253-gb56e429b1-gcc-linux/source/tools/Tests/sec.cpp
pin-3.15-98253-gb56e429b1-gcc-linux/source/tools/Tests/finiRemove.cpp
pin-3.15-98253-gb56e429b1-gcc-linux/source/tools/Tests/after.cpp
pin-3.15-98253-gb56e429b1-gcc-linux/source/tools/Tests/prefix.cpp
pin-3.15-98253-gb56e429b1-gcc-linux/source/tools/Tests/trace_address_app.cpp
pin-3.15-98253-gb56e429b1-gcc-linux/source/tools/Tests/memident.cpp
pin-3.15-98253-gb56e429b1-gcc-linux/source/tools/Tests/bblFallThrough.cpp
pin-3.15-98253-gb56e429b1-gcc-linux/source/tools/Tests/memcpy_app.c
pin-3.15-98253-gb56e429b1-gcc-linux/source/tools/Tests/mysetenv.c
pin-3.15-98253-gb56e429b1-gcc-linux/source/tools/Tests/reg_ref_inlined.cpp
pin-3.15-98253-gb56e429b1-gcc-linux/source/tools/Tests/illegalEnvp_app.c
pin-3.15-98253-gb56e429b1-gcc-linux/source/tools/Tests/brtaken.cpp
pin-3.15-98253-gb56e429b1-gcc-linux/source/tools/Tests/smc_check.cpp
pin-3.15-98253-gb56e429b1-gcc-linux/source/tools/Tests/rep_ip_at_ipoint_after_app.c
pin-3.15-98253-gb56e429b1-gcc-linux/source/tools/Tests/insMix.cpp
pin-3.15-98253-gb56e429b1-gcc-linux/source/tools/Tests/loop.s
pin-3.15-98253-gb56e429b1-gcc-linux/source/tools/Tests/exitProcess.cpp
pin-3.15-98253-gb56e429b1-gcc-linux/source/tools/Tests/icount2.cpp
pin-3.15-98253-gb56e429b1-gcc-linux/source/tools/Tests/reg.cpp
pin-3.15-98253-gb56e429b1-gcc-linux/source/tools/Tests/probe.cpp
pin-3.15-98253-gb56e429b1-gcc-linux/source/tools/Tests/icount3.cpp
pin-3.15-98253-gb56e429b1-gcc-linux/source/tools/Tests/smc_test_l.c
pin-3.15-98253-gb56e429b1-gcc-linux/source/tools/Tests/alah.cpp
pin-3.15-98253-gb56e429b1-gcc-linux/source/tools/Tests/imageLoadBackward.cpp
pin-3.15-98253-gb56e429b1-gcc-linux/source/tools/Tests/df_flag_utils.s
pin-3.15-98253-gb56e429b1-gcc-linux/source/tools/Tests/hello.cpp
pin-3.15-98253-gb56e429b1-gcc-linux/source/tools/Tests/pagetable.H
pin-3.15-98253-gb56e429b1-gcc-linux/source/tools/Tests/icount1.cpp
pin-3.15-98253-gb56e429b1-gcc-linux/source/tools/Tests/set_df_flag_tool.cpp
pin-3.15-98253-gb56e429b1-gcc-linux/source/tools/Tests/checkaddressapp.s
pin-3.15-98253-gb56e429b1-gcc-linux/source/tools/Tests/inscount2_mt_debuginfo.cpp
pin-3.15-98253-gb56e429b1-gcc-linux/source/tools/Tests/test_ebx_in_exceptions_win.cpp
pin-3.15-98253-gb56e429b1-gcc-linux/source/tools/Tests/new.cpp
pin-3.15-98253-gb56e429b1-gcc-linux/source/tools/Tests/winapp_runs_pin_intel64.exe
pin-3.15-98253-gb56e429b1-gcc-linux/source/tools/Tests/mtest.cpp
pin-3.15-98253-gb56e429b1-gcc-linux/source/tools/Tests/winapp_runs_pin.sln
pin-3.15-98253-gb56e429b1-gcc-linux/source/tools/Tests/syntax_tst.cpp
pin-3.15-98253-gb56e429b1-gcc-linux/source/tools/Tests/threadApp.cpp
pin-3.15-98253-gb56e429b1-gcc-linux/source/tools/Tests/test_ebx_in_exceptions_unix.cpp
pin-3.15-98253-gb56e429b1-gcc-linux/source/tools/Tests/launcher_tool.cpp
pin-3.15-98253-gb56e429b1-gcc-linux/source/tools/Tests/xedReg.cpp
pin-3.15-98253-gb56e429b1-gcc-linux/source/tools/Tests/traceusage.cpp
pin-3.15-98253-gb56e429b1-gcc-linux/source/tools/Tests/util.cpp
pin-3.15-98253-gb56e429b1-gcc-linux/source/tools/Tests/multipleinstrumentation.cpp
pin-3.15-98253-gb56e429b1-gcc-linux/source/tools/Tests/icountcheck.cpp
pin-3.15-98253-gb56e429b1-gcc-linux/source/tools/Tests/ifunc_tst.cpp
pin-3.15-98253-gb56e429b1-gcc-linux/source/tools/Tests/df_flag_utils.asm
pin-3.15-98253-gb56e429b1-gcc-linux/source/tools/Tests/winapp_runs_pin_ia32.exe
pin-3.15-98253-gb56e429b1-gcc-linux/source/tools/Tests/context.cpp
pin-3.15-98253-gb56e429b1-gcc-linux/source/tools/Tests/lasterror.cpp
pin-3.15-98253-gb56e429b1-gcc-linux/source/tools/Tests/IARGList.cpp
pin-3.15-98253-gb56e429b1-gcc-linux/source/tools/Tests/cflowcheck.cpp
pin-3.15-98253-gb56e429b1-gcc-linux/source/tools/Tests/sequencecheck.cpp
pin-3.15-98253-gb56e429b1-gcc-linux/source/tools/Tests/jecxz_intel64.s
pin-3.15-98253-gb56e429b1-gcc-linux/source/tools/Tests/malloc.cpp
pin-3.15-98253-gb56e429b1-gcc-linux/source/tools/Tests/test_ebx_in_exceptions_ia32_win.asm
pin-3.15-98253-gb56e429b1-gcc-linux/source/tools/Tests/makefile
pin-3.15-98253-gb56e429b1-gcc-linux/source/tools/Tests/pin_tests_util.H
pin-3.15-98253-gb56e429b1-gcc-linux/source/tools/Tests/sourceLocation_app.cpp
pin-3.15-98253-gb56e429b1-gcc-linux/source/tools/Tests/ea_verifier.cpp
pin-3.15-98253-gb56e429b1-gcc-linux/source/tools/Tests/swizzle1.cpp
pin-3.15-98253-gb56e429b1-gcc-linux/source/tools/Tests/clear_df_flag_tool.cpp
pin-3.15-98253-gb56e429b1-gcc-linux/source/tools/Tests/verify.cpp
pin-3.15-98253-gb56e429b1-gcc-linux/source/tools/Tests/rtn_create_at_dup.cpp
pin-3.15-98253-gb56e429b1-gcc-linux/source/tools/Tests/inscount_per_image.cpp
pin-3.15-98253-gb56e429b1-gcc-linux/source/tools/Tests/rtnNumIns.cpp
pin-3.15-98253-gb56e429b1-gcc-linux/source/tools/Config/
pin-3.15-98253-gb56e429b1-gcc-linux/source/tools/Config/makefile.debug.rules
pin-3.15-98253-gb56e429b1-gcc-linux/source/tools/Config/makefile.rules.tmpl
pin-3.15-98253-gb56e429b1-gcc-linux/source/tools/Config/makefile.tmpl
pin-3.15-98253-gb56e429b1-gcc-linux/source/tools/Config/unix.vars
pin-3.15-98253-gb56e429b1-gcc-linux/source/tools/Config/makefile.default.rules
pin-3.15-98253-gb56e429b1-gcc-linux/source/tools/Config/makefile.config
pin-3.15-98253-gb56e429b1-gcc-linux/source/tools/Config/makefile.unix.config
pin-3.15-98253-gb56e429b1-gcc-linux/source/tools/Maid/
pin-3.15-98253-gb56e429b1-gcc-linux/source/tools/Maid/makefile.rules
pin-3.15-98253-gb56e429b1-gcc-linux/source/tools/Maid/Maid.cpp
pin-3.15-98253-gb56e429b1-gcc-linux/source/tools/Maid/argv_readparam.h
pin-3.15-98253-gb56e429b1-gcc-linux/source/tools/Maid/syscall_names.cpp
pin-3.15-98253-gb56e429b1-gcc-linux/source/tools/Maid/CallStack.cpp
pin-3.15-98253-gb56e429b1-gcc-linux/source/tools/Maid/argv_readparam.cpp
pin-3.15-98253-gb56e429b1-gcc-linux/source/tools/Maid/syscall_names.H
pin-3.15-98253-gb56e429b1-gcc-linux/source/tools/Maid/addrfile.txt
pin-3.15-98253-gb56e429b1-gcc-linux/source/tools/Maid/CallStack.H
pin-3.15-98253-gb56e429b1-gcc-linux/source/tools/Maid/README
pin-3.15-98253-gb56e429b1-gcc-linux/source/tools/Maid/makefile
pin-3.15-98253-gb56e429b1-gcc-linux/source/tools/DebugTrace/
pin-3.15-98253-gb56e429b1-gcc-linux/source/tools/DebugTrace/makefile.rules
pin-3.15-98253-gb56e429b1-gcc-linux/source/tools/DebugTrace/debugtrace.cpp
pin-3.15-98253-gb56e429b1-gcc-linux/source/tools/DebugTrace/makefile
pin-3.15-98253-gb56e429b1-gcc-linux/source/tools/InstructionTests/
pin-3.15-98253-gb56e429b1-gcc-linux/source/tools/InstructionTests/rewritememop1.cpp
pin-3.15-98253-gb56e429b1-gcc-linux/source/tools/InstructionTests/clflush.s
pin-3.15-98253-gb56e429b1-gcc-linux/source/tools/InstructionTests/makefile.rules
pin-3.15-98253-gb56e429b1-gcc-linux/source/tools/InstructionTests/flush_cache_line_app.cpp
pin-3.15-98253-gb56e429b1-gcc-linux/source/tools/InstructionTests/pushpopcall_riprelative.s
pin-3.15-98253-gb56e429b1-gcc-linux/source/tools/InstructionTests/clflush.asm
pin-3.15-98253-gb56e429b1-gcc-linux/source/tools/InstructionTests/makefile
pin-3.15-98253-gb56e429b1-gcc-linux/source/tools/InstructionTests/flush_cache_line.cpp
pin-3.15-98253-gb56e429b1-gcc-linux/source/tools/InstLibExamples/
pin-3.15-98253-gb56e429b1-gcc-linux/source/tools/InstLibExamples/filter_app.c
pin-3.15-98253-gb56e429b1-gcc-linux/source/tools/InstLibExamples/makefile.rules
pin-3.15-98253-gb56e429b1-gcc-linux/source/tools/InstLibExamples/itext-marker-test.c
pin-3.15-98253-gb56e429b1-gcc-linux/source/tools/InstLibExamples/icount.cpp
pin-3.15-98253-gb56e429b1-gcc-linux/source/tools/InstLibExamples/filter.cpp
pin-3.15-98253-gb56e429b1-gcc-linux/source/tools/InstLibExamples/control_detach.cpp
pin-3.15-98253-gb56e429b1-gcc-linux/source/tools/InstLibExamples/control.cpp
pin-3.15-98253-gb56e429b1-gcc-linux/source/tools/InstLibExamples/follow_child.cpp
pin-3.15-98253-gb56e429b1-gcc-linux/source/tools/InstLibExamples/test-mt3.cpp
pin-3.15-98253-gb56e429b1-gcc-linux/source/tools/InstLibExamples/multi-start-stop-test.c
pin-3.15-98253-gb56e429b1-gcc-linux/source/tools/InstLibExamples/int3-test.c
pin-3.15-98253-gb56e429b1-gcc-linux/source/tools/InstLibExamples/makefile
pin-3.15-98253-gb56e429b1-gcc-linux/source/tools/InstLibExamples/one.c
pin-3.15-98253-gb56e429b1-gcc-linux/source/tools/CrossIa32Intel64/
pin-3.15-98253-gb56e429b1-gcc-linux/source/tools/CrossIa32Intel64/child_process_injection_app.c
pin-3.15-98253-gb56e429b1-gcc-linux/source/tools/CrossIa32Intel64/follow_child_tool_windows.cpp
pin-3.15-98253-gb56e429b1-gcc-linux/source/tools/CrossIa32Intel64/setuid_utility.c
pin-3.15-98253-gb56e429b1-gcc-linux/source/tools/CrossIa32Intel64/makefile.rules
pin-3.15-98253-gb56e429b1-gcc-linux/source/tools/CrossIa32Intel64/win_launcher_debugged_process.cpp
pin-3.15-98253-gb56e429b1-gcc-linux/source/tools/CrossIa32Intel64/parent_tool.cpp
pin-3.15-98253-gb56e429b1-gcc-linux/source/tools/CrossIa32Intel64/follow_child_tool.cpp
pin-3.15-98253-gb56e429b1-gcc-linux/source/tools/CrossIa32Intel64/parent_process_linux.cpp
pin-3.15-98253-gb56e429b1-gcc-linux/source/tools/CrossIa32Intel64/grand_child_process_mac.cpp
pin-3.15-98253-gb56e429b1-gcc-linux/source/tools/CrossIa32Intel64/grand_child_process_linux.cpp
pin-3.15-98253-gb56e429b1-gcc-linux/source/tools/CrossIa32Intel64/win_launcher_process.cpp
pin-3.15-98253-gb56e429b1-gcc-linux/source/tools/CrossIa32Intel64/w_terminate_process_dll.cpp
pin-3.15-98253-gb56e429b1-gcc-linux/source/tools/CrossIa32Intel64/early_termination.cpp
pin-3.15-98253-gb56e429b1-gcc-linux/source/tools/CrossIa32Intel64/parent_process_mac.cpp
pin-3.15-98253-gb56e429b1-gcc-linux/source/tools/CrossIa32Intel64/follow_child_tool_sym.cpp
pin-3.15-98253-gb56e429b1-gcc-linux/source/tools/CrossIa32Intel64/parent_process_windows.cpp
pin-3.15-98253-gb56e429b1-gcc-linux/source/tools/CrossIa32Intel64/child_process_linux.cpp
pin-3.15-98253-gb56e429b1-gcc-linux/source/tools/CrossIa32Intel64/child_process_windows.cpp
pin-3.15-98253-gb56e429b1-gcc-linux/source/tools/CrossIa32Intel64/grand_child_process_windows.cpp
pin-3.15-98253-gb56e429b1-gcc-linux/source/tools/CrossIa32Intel64/child_process_injection.cpp
pin-3.15-98253-gb56e429b1-gcc-linux/source/tools/CrossIa32Intel64/compiler-env.bat
pin-3.15-98253-gb56e429b1-gcc-linux/source/tools/CrossIa32Intel64/sigchld_app.reference
pin-3.15-98253-gb56e429b1-gcc-linux/source/tools/CrossIa32Intel64/child_process_mac.cpp
pin-3.15-98253-gb56e429b1-gcc-linux/source/tools/CrossIa32Intel64/sigchld_app.cpp
pin-3.15-98253-gb56e429b1-gcc-linux/source/tools/CrossIa32Intel64/makefile
pin-3.15-98253-gb56e429b1-gcc-linux/source/tools/CrossIa32Intel64/child_process_injection_app1.c
pin-3.15-98253-gb56e429b1-gcc-linux/source/tools/AttachDetach/
pin-3.15-98253-gb56e429b1-gcc-linux/source/tools/AttachDetach/attach_removed_app.cpp
pin-3.15-98253-gb56e429b1-gcc-linux/source/tools/AttachDetach/attach_app.cpp
pin-3.15-98253-gb56e429b1-gcc-linux/source/tools/AttachDetach/reattachThreadDetachCallbacks_tool.cpp
pin-3.15-98253-gb56e429b1-gcc-linux/source/tools/AttachDetach/launchReattachThreadDetachCallbacks_app.cpp
pin-3.15-98253-gb56e429b1-gcc-linux/source/tools/AttachDetach/makefile.rules
pin-3.15-98253-gb56e429b1-gcc-linux/source/tools/AttachDetach/detach_probed_wait_child_app.cpp
pin-3.15-98253-gb56e429b1-gcc-linux/source/tools/AttachDetach/read_write_app.cpp
pin-3.15-98253-gb56e429b1-gcc-linux/source/tools/AttachDetach/read_stdin_app.cpp
pin-3.15-98253-gb56e429b1-gcc-linux/source/tools/AttachDetach/attachReattachThreadDetachCallbacks_app.cpp
pin-3.15-98253-gb56e429b1-gcc-linux/source/tools/AttachDetach/attach_in_sighandler_app.cpp
pin-3.15-98253-gb56e429b1-gcc-linux/source/tools/AttachDetach/check_blocking_real_time_signals_tool.cpp
pin-3.15-98253-gb56e429b1-gcc-linux/source/tools/AttachDetach/w_attach_tool4.cpp
pin-3.15-98253-gb56e429b1-gcc-linux/source/tools/AttachDetach/check_xmms_tool.cpp
pin-3.15-98253-gb56e429b1-gcc-linux/source/tools/AttachDetach/detach_probed_app.cpp
pin-3.15-98253-gb56e429b1-gcc-linux/source/tools/AttachDetach/tls_app_ia32.cpp
pin-3.15-98253-gb56e429b1-gcc-linux/source/tools/AttachDetach/reattachZombie_tool.cpp
pin-3.15-98253-gb56e429b1-gcc-linux/source/tools/AttachDetach/attach_read_stdin.py
pin-3.15-98253-gb56e429b1-gcc-linux/source/tools/AttachDetach/tls_app_mac.cpp
pin-3.15-98253-gb56e429b1-gcc-linux/source/tools/AttachDetach/check_blocking_real_time_signals_app.cpp
pin-3.15-98253-gb56e429b1-gcc-linux/source/tools/AttachDetach/short_func_intel64.s
pin-3.15-98253-gb56e429b1-gcc-linux/source/tools/AttachDetach/mt_thread.cpp
pin-3.15-98253-gb56e429b1-gcc-linux/source/tools/AttachDetach/jit_detach_tool.cpp
pin-3.15-98253-gb56e429b1-gcc-linux/source/tools/AttachDetach/tls_app_intel64.cpp
pin-3.15-98253-gb56e429b1-gcc-linux/source/tools/AttachDetach/mt_fork_app.cpp
pin-3.15-98253-gb56e429b1-gcc-linux/source/tools/AttachDetach/detach_syscall.cpp
pin-3.15-98253-gb56e429b1-gcc-linux/source/tools/AttachDetach/my_exe.c
pin-3.15-98253-gb56e429b1-gcc-linux/source/tools/AttachDetach/w_app4.cpp
pin-3.15-98253-gb56e429b1-gcc-linux/source/tools/AttachDetach/check_xmms_asm.s
pin-3.15-98253-gb56e429b1-gcc-linux/source/tools/AttachDetach/main_command_line_app.cpp
pin-3.15-98253-gb56e429b1-gcc-linux/source/tools/AttachDetach/reattach_jit_tool.cpp
pin-3.15-98253-gb56e429b1-gcc-linux/source/tools/AttachDetach/probe_tool.cpp
pin-3.15-98253-gb56e429b1-gcc-linux/source/tools/AttachDetach/pause_msg_app.cpp
pin-3.15-98253-gb56e429b1-gcc-linux/source/tools/AttachDetach/fp_save_restore_ia32.s
pin-3.15-98253-gb56e429b1-gcc-linux/source/tools/AttachDetach/change_mask_app.cpp
pin-3.15-98253-gb56e429b1-gcc-linux/source/tools/AttachDetach/my_dll.c
pin-3.15-98253-gb56e429b1-gcc-linux/source/tools/AttachDetach/short_func_tool.cpp
pin-3.15-98253-gb56e429b1-gcc-linux/source/tools/AttachDetach/w_simple_attach_tool.cpp
pin-3.15-98253-gb56e429b1-gcc-linux/source/tools/AttachDetach/w_pin_service_launcher.cpp
pin-3.15-98253-gb56e429b1-gcc-linux/source/tools/AttachDetach/verify_fpstate_app.cpp
pin-3.15-98253-gb56e429b1-gcc-linux/source/tools/AttachDetach/reattach_verify_sigmask_app.cpp
pin-3.15-98253-gb56e429b1-gcc-linux/source/tools/AttachDetach/reattach_probed_tool.cpp
pin-3.15-98253-gb56e429b1-gcc-linux/source/tools/AttachDetach/secondary_attach_app.cpp
pin-3.15-98253-gb56e429b1-gcc-linux/source/tools/AttachDetach/mt_blocked.cpp
pin-3.15-98253-gb56e429b1-gcc-linux/source/tools/AttachDetach/verify_sigmask.cpp
pin-3.15-98253-gb56e429b1-gcc-linux/source/tools/AttachDetach/short_func_app.cpp
pin-3.15-98253-gb56e429b1-gcc-linux/source/tools/AttachDetach/detach_after_addss.cpp
pin-3.15-98253-gb56e429b1-gcc-linux/source/tools/AttachDetach/mt_attach.cpp
pin-3.15-98253-gb56e429b1-gcc-linux/source/tools/AttachDetach/threadOrder_tool.cpp
pin-3.15-98253-gb56e429b1-gcc-linux/source/tools/AttachDetach/change_mask.cpp
pin-3.15-98253-gb56e429b1-gcc-linux/source/tools/AttachDetach/short_func_ia32.s
pin-3.15-98253-gb56e429b1-gcc-linux/source/tools/AttachDetach/read_stdin.cpp
pin-3.15-98253-gb56e429b1-gcc-linux/source/tools/AttachDetach/zombie_utils.h
pin-3.15-98253-gb56e429b1-gcc-linux/source/tools/AttachDetach/w_attach_tool3.cpp
pin-3.15-98253-gb56e429b1-gcc-linux/source/tools/AttachDetach/check_xmms_asm.asm
pin-3.15-98253-gb56e429b1-gcc-linux/source/tools/AttachDetach/w_attach_tool5.cpp
pin-3.15-98253-gb56e429b1-gcc-linux/source/tools/AttachDetach/w_simple_app.cpp
pin-3.15-98253-gb56e429b1-gcc-linux/source/tools/AttachDetach/main_attach_app.cpp
pin-3.15-98253-gb56e429b1-gcc-linux/source/tools/AttachDetach/w_app_launcher2.cpp
pin-3.15-98253-gb56e429b1-gcc-linux/source/tools/AttachDetach/add_floats.c
pin-3.15-98253-gb56e429b1-gcc-linux/source/tools/AttachDetach/mt_detach.cpp
pin-3.15-98253-gb56e429b1-gcc-linux/source/tools/AttachDetach/detach_check_sigmask_app.cpp
pin-3.15-98253-gb56e429b1-gcc-linux/source/tools/AttachDetach/w_app1.cpp
pin-3.15-98253-gb56e429b1-gcc-linux/source/tools/AttachDetach/mt_attach_and_execv.cpp
pin-3.15-98253-gb56e429b1-gcc-linux/source/tools/AttachDetach/jit_tool.cpp
pin-3.15-98253-gb56e429b1-gcc-linux/source/tools/AttachDetach/reattach_probed_app.cpp
pin-3.15-98253-gb56e429b1-gcc-linux/source/tools/AttachDetach/w_app_launcher.cpp
pin-3.15-98253-gb56e429b1-gcc-linux/source/tools/AttachDetach/simple_tool.cpp
pin-3.15-98253-gb56e429b1-gcc-linux/source/tools/AttachDetach/w_app2.cpp
pin-3.15-98253-gb56e429b1-gcc-linux/source/tools/AttachDetach/reattach_jit_app.cpp
pin-3.15-98253-gb56e429b1-gcc-linux/source/tools/AttachDetach/secondary_command_line_app.cpp
pin-3.15-98253-gb56e429b1-gcc-linux/source/tools/AttachDetach/detach_check_tool.cpp
pin-3.15-98253-gb56e429b1-gcc-linux/source/tools/AttachDetach/reattachThreadDetachCallbacks_jit_tool.cpp
pin-3.15-98253-gb56e429b1-gcc-linux/source/tools/AttachDetach/w_attach_tool2.cpp
pin-3.15-98253-gb56e429b1-gcc-linux/source/tools/AttachDetach/threadOrder.cpp
pin-3.15-98253-gb56e429b1-gcc-linux/source/tools/AttachDetach/ld_linux_attach.cpp
pin-3.15-98253-gb56e429b1-gcc-linux/source/tools/AttachDetach/detach_probed_tool.cpp
pin-3.15-98253-gb56e429b1-gcc-linux/source/tools/AttachDetach/w_service_app1.cpp
pin-3.15-98253-gb56e429b1-gcc-linux/source/tools/AttachDetach/w_attach_mt_thread_app.cpp
pin-3.15-98253-gb56e429b1-gcc-linux/source/tools/AttachDetach/detach_in_sighandler_app.cpp
pin-3.15-98253-gb56e429b1-gcc-linux/source/tools/AttachDetach/w_app3.cpp
pin-3.15-98253-gb56e429b1-gcc-linux/source/tools/AttachDetach/w_attach_tool1.cpp
pin-3.15-98253-gb56e429b1-gcc-linux/source/tools/AttachDetach/tls_attach_detach_app_mac.cpp
pin-3.15-98253-gb56e429b1-gcc-linux/source/tools/AttachDetach/zombie_utils.cpp
pin-3.15-98253-gb56e429b1-gcc-linux/source/tools/AttachDetach/check_xmms_app.c
pin-3.15-98253-gb56e429b1-gcc-linux/source/tools/AttachDetach/jit_anls_detach.cpp
pin-3.15-98253-gb56e429b1-gcc-linux/source/tools/AttachDetach/chdir_app.cpp
pin-3.15-98253-gb56e429b1-gcc-linux/source/tools/AttachDetach/detach_syscall_app.cpp
pin-3.15-98253-gb56e429b1-gcc-linux/source/tools/AttachDetach/fp_save_restore_intel64.s
pin-3.15-98253-gb56e429b1-gcc-linux/source/tools/AttachDetach/ld_linux_attach_app.cpp
pin-3.15-98253-gb56e429b1-gcc-linux/source/tools/AttachDetach/jit_instr_detach.cpp
pin-3.15-98253-gb56e429b1-gcc-linux/source/tools/AttachDetach/makefile
pin-3.15-98253-gb56e429b1-gcc-linux/source/tools/AttachDetach/w_attach_mt_thread_tool.cpp
pin-3.15-98253-gb56e429b1-gcc-linux/source/tools/AttachDetach/send_signals.sh
pin-3.15-98253-gb56e429b1-gcc-linux/source/tools/AlignChk/
pin-3.15-98253-gb56e429b1-gcc-linux/source/tools/AlignChk/movdqa_test2_ia32.s
pin-3.15-98253-gb56e429b1-gcc-linux/source/tools/AlignChk/alignchk.H
pin-3.15-98253-gb56e429b1-gcc-linux/source/tools/AlignChk/makefile.rules
pin-3.15-98253-gb56e429b1-gcc-linux/source/tools/AlignChk/movdqa_test_intel64.asm
pin-3.15-98253-gb56e429b1-gcc-linux/source/tools/AlignChk/misaligned.c
pin-3.15-98253-gb56e429b1-gcc-linux/source/tools/AlignChk/movdqa_test_ia32.asm
pin-3.15-98253-gb56e429b1-gcc-linux/source/tools/AlignChk/alignchk.cpp
pin-3.15-98253-gb56e429b1-gcc-linux/source/tools/AlignChk/movdqa_test2.cpp
pin-3.15-98253-gb56e429b1-gcc-linux/source/tools/AlignChk/makefile
pin-3.15-98253-gb56e429b1-gcc-linux/source/tools/MemTrace/
pin-3.15-98253-gb56e429b1-gcc-linux/source/tools/MemTrace/memtrace_simple.cpp
pin-3.15-98253-gb56e429b1-gcc-linux/source/tools/MemTrace/membuffer_threadpool.cpp
pin-3.15-98253-gb56e429b1-gcc-linux/source/tools/MemTrace/thread2.cpp
pin-3.15-98253-gb56e429b1-gcc-linux/source/tools/MemTrace/makefile.rules
pin-3.15-98253-gb56e429b1-gcc-linux/source/tools/MemTrace/membuffer_simple_tid.cpp
pin-3.15-98253-gb56e429b1-gcc-linux/source/tools/MemTrace/threadpool_statistics.h
pin-3.15-98253-gb56e429b1-gcc-linux/source/tools/MemTrace/memtrace.cpp
pin-3.15-98253-gb56e429b1-gcc-linux/source/tools/MemTrace/atomic_increment_ia32.asm
pin-3.15-98253-gb56e429b1-gcc-linux/source/tools/MemTrace/thread.c
pin-3.15-98253-gb56e429b1-gcc-linux/source/tools/MemTrace/atomic_increment_intel64.s
pin-3.15-98253-gb56e429b1-gcc-linux/source/tools/MemTrace/membuffer_simple.cpp
pin-3.15-98253-gb56e429b1-gcc-linux/source/tools/MemTrace/atomic_increment_intel64.asm
pin-3.15-98253-gb56e429b1-gcc-linux/source/tools/MemTrace/atomic_increment_ia32.s
pin-3.15-98253-gb56e429b1-gcc-linux/source/tools/MemTrace/membuffer.cpp
pin-3.15-98253-gb56e429b1-gcc-linux/source/tools/MemTrace/makefile
pin-3.15-98253-gb56e429b1-gcc-linux/source/tools/MemTrace/memtrace_threadpool.cpp
pin-3.15-98253-gb56e429b1-gcc-linux/source/tools/DebugInfo/
pin-3.15-98253-gb56e429b1-gcc-linux/source/tools/DebugInfo/makefile.rules
pin-3.15-98253-gb56e429b1-gcc-linux/source/tools/DebugInfo/backtrace_from_dll.reference
pin-3.15-98253-gb56e429b1-gcc-linux/source/tools/DebugInfo/app_backtrace.cpp
pin-3.15-98253-gb56e429b1-gcc-linux/source/tools/DebugInfo/omit_source_location.cpp
pin-3.15-98253-gb56e429b1-gcc-linux/source/tools/DebugInfo/backtrace.reference
pin-3.15-98253-gb56e429b1-gcc-linux/source/tools/DebugInfo/backtrace.cpp
pin-3.15-98253-gb56e429b1-gcc-linux/source/tools/DebugInfo/pin_backtrace_on_assert.reference
pin-3.15-98253-gb56e429b1-gcc-linux/source/tools/DebugInfo/app_backtrace.reference
pin-3.15-98253-gb56e429b1-gcc-linux/source/tools/DebugInfo/pin_backtrace_on_assert.cpp
pin-3.15-98253-gb56e429b1-gcc-linux/source/tools/DebugInfo/backtrace_dll.cpp
pin-3.15-98253-gb56e429b1-gcc-linux/source/tools/DebugInfo/debugtest.cpp
pin-3.15-98253-gb56e429b1-gcc-linux/source/tools/DebugInfo/app_backtrace_app.cpp
pin-3.15-98253-gb56e429b1-gcc-linux/source/tools/DebugInfo/backtrace_from_dll.cpp
pin-3.15-98253-gb56e429b1-gcc-linux/source/tools/DebugInfo/makefile
pin-3.15-98253-gb56e429b1-gcc-linux/source/tools/Regvalue/
pin-3.15-98253-gb56e429b1-gcc-linux/source/tools/Regvalue/xstateBVUtils.cpp
pin-3.15-98253-gb56e429b1-gcc-linux/source/tools/Regvalue/makefile.rules
pin-3.15-98253-gb56e429b1-gcc-linux/source/tools/Regvalue/xsavec_iarg_mem_app.cpp
pin-3.15-98253-gb56e429b1-gcc-linux/source/tools/Regvalue/checkXStateBV_tool.cpp
pin-3.15-98253-gb56e429b1-gcc-linux/source/tools/Regvalue/doXsave_ia32.s
pin-3.15-98253-gb56e429b1-gcc-linux/source/tools/Regvalue/regvalue_test_utils.h
pin-3.15-98253-gb56e429b1-gcc-linux/source/tools/Regvalue/xsave_iarg_mem_app.cpp
pin-3.15-98253-gb56e429b1-gcc-linux/source/tools/Regvalue/register_modification_utils.h
pin-3.15-98253-gb56e429b1-gcc-linux/source/tools/Regvalue/regvalues.h
pin-3.15-98253-gb56e429b1-gcc-linux/source/tools/Regvalue/print_flags.c
pin-3.15-98253-gb56e429b1-gcc-linux/source/tools/Regvalue/print_flags_asm.asm
pin-3.15-98253-gb56e429b1-gcc-linux/source/tools/Regvalue/print_flags_asm.s
pin-3.15-98253-gb56e429b1-gcc-linux/source/tools/Regvalue/context_regvalue.cpp
pin-3.15-98253-gb56e429b1-gcc-linux/source/tools/Regvalue/context_utils.cpp
pin-3.15-98253-gb56e429b1-gcc-linux/source/tools/Regvalue/xsave_memoryXXX_size_IPAFTER.compare
pin-3.15-98253-gb56e429b1-gcc-linux/source/tools/Regvalue/iarg_reg_reference.cpp
pin-3.15-98253-gb56e429b1-gcc-linux/source/tools/Regvalue/register_modification_utils.cpp
pin-3.15-98253-gb56e429b1-gcc-linux/source/tools/Regvalue/emu_context_regvalue.cpp
pin-3.15-98253-gb56e429b1-gcc-linux/source/tools/Regvalue/doXsavec.s
pin-3.15-98253-gb56e429b1-gcc-linux/source/tools/Regvalue/regvalue_app.cpp
pin-3.15-98253-gb56e429b1-gcc-linux/source/tools/Regvalue/regvalues.cpp
pin-3.15-98253-gb56e429b1-gcc-linux/source/tools/Regvalue/xsave_memoryXXX_size_IPBEFORE.compare
pin-3.15-98253-gb56e429b1-gcc-linux/source/tools/Regvalue/change_context_rflags.cpp
pin-3.15-98253-gb56e429b1-gcc-linux/source/tools/Regvalue/doXsave_intel64.s
pin-3.15-98253-gb56e429b1-gcc-linux/source/tools/Regvalue/changeRegs_intel64.s
pin-3.15-98253-gb56e429b1-gcc-linux/source/tools/Regvalue/doXsavec.asm
pin-3.15-98253-gb56e429b1-gcc-linux/source/tools/Regvalue/change_context_regvalue.cpp
pin-3.15-98253-gb56e429b1-gcc-linux/source/tools/Regvalue/context_perf.cpp
pin-3.15-98253-gb56e429b1-gcc-linux/source/tools/Regvalue/xstateBVUtils.h
pin-3.15-98253-gb56e429b1-gcc-linux/source/tools/Regvalue/iarg_reg_reference_flags.cpp
pin-3.15-98253-gb56e429b1-gcc-linux/source/tools/Regvalue/changeRegs_intel64.asm
pin-3.15-98253-gb56e429b1-gcc-linux/source/tools/Regvalue/doXsave_ia32.asm
pin-3.15-98253-gb56e429b1-gcc-linux/source/tools/Regvalue/changeRegs_ia32.asm
pin-3.15-98253-gb56e429b1-gcc-linux/source/tools/Regvalue/changeRegs_ia32.s
pin-3.15-98253-gb56e429b1-gcc-linux/source/tools/Regvalue/xsave_iarg_mem.cpp
pin-3.15-98253-gb56e429b1-gcc-linux/source/tools/Regvalue/checkXStateBV_app.cpp
pin-3.15-98253-gb56e429b1-gcc-linux/source/tools/Regvalue/xsavec_memoryXXX_size_IPAFTER.compare
pin-3.15-98253-gb56e429b1-gcc-linux/source/tools/Regvalue/context_utils.h
pin-3.15-98253-gb56e429b1-gcc-linux/source/tools/Regvalue/regvalue_test_utils.cpp
pin-3.15-98253-gb56e429b1-gcc-linux/source/tools/Regvalue/doXsave_intel64.asm
pin-3.15-98253-gb56e429b1-gcc-linux/source/tools/Regvalue/xsavec_memoryXXX_size_IPBEFORE.compare
pin-3.15-98253-gb56e429b1-gcc-linux/source/tools/Regvalue/makefile
pin-3.15-98253-gb56e429b1-gcc-linux/source/tools/IArg/
pin-3.15-98253-gb56e429b1-gcc-linux/source/tools/IArg/iarg_uint64.reference
pin-3.15-98253-gb56e429b1-gcc-linux/source/tools/IArg/makefile.rules
pin-3.15-98253-gb56e429b1-gcc-linux/source/tools/IArg/DoFxsave.asm
pin-3.15-98253-gb56e429b1-gcc-linux/source/tools/IArg/iarg_uint64.cpp
pin-3.15-98253-gb56e429b1-gcc-linux/source/tools/IArg/fxsave_app.cpp
pin-3.15-98253-gb56e429b1-gcc-linux/source/tools/IArg/iarg_branch_taken_error.cpp
pin-3.15-98253-gb56e429b1-gcc-linux/source/tools/IArg/use_rtm_app.cpp
pin-3.15-98253-gb56e429b1-gcc-linux/source/tools/IArg/iarg_explicit_memory_ea_app.cpp
pin-3.15-98253-gb56e429b1-gcc-linux/source/tools/IArg/fxsave_size.cpp
pin-3.15-98253-gb56e429b1-gcc-linux/source/tools/IArg/iarg_explicit_memory_ea.cpp
pin-3.15-98253-gb56e429b1-gcc-linux/source/tools/IArg/iarg_explicit_memory_ea_app_asm_intel64.asm
pin-3.15-98253-gb56e429b1-gcc-linux/source/tools/IArg/iarg_explicit_memory_ea_app_asm_ia32.asm
pin-3.15-98253-gb56e429b1-gcc-linux/source/tools/IArg/iarg_inst_ptr_error_msg.cpp
pin-3.15-98253-gb56e429b1-gcc-linux/source/tools/IArg/DoFxsave.s
pin-3.15-98253-gb56e429b1-gcc-linux/source/tools/IArg/iarg_branch_taken_correct.cpp
pin-3.15-98253-gb56e429b1-gcc-linux/source/tools/IArg/makefile
pin-3.15-98253-gb56e429b1-gcc-linux/source/tools/MyPinTool/
pin-3.15-98253-gb56e429b1-gcc-linux/source/tools/MyPinTool/makefile.rules
pin-3.15-98253-gb56e429b1-gcc-linux/source/tools/MyPinTool/MyPinTool.cpp
pin-3.15-98253-gb56e429b1-gcc-linux/source/tools/MyPinTool/makefile
pin-3.15-98253-gb56e429b1-gcc-linux/source/tools/Replay/
pin-3.15-98253-gb56e429b1-gcc-linux/source/tools/Replay/win_exception.c
pin-3.15-98253-gb56e429b1-gcc-linux/source/tools/Replay/makefile.rules
pin-3.15-98253-gb56e429b1-gcc-linux/source/tools/Replay/call_function_natively.cpp
pin-3.15-98253-gb56e429b1-gcc-linux/source/tools/Replay/call_function_natively_app.cpp
pin-3.15-98253-gb56e429b1-gcc-linux/source/tools/Replay/expand_replayed_rtn_app.c
pin-3.15-98253-gb56e429b1-gcc-linux/source/tools/Replay/record_imageload.cpp
pin-3.15-98253-gb56e429b1-gcc-linux/source/tools/Replay/replay_syscall.cpp
pin-3.15-98253-gb56e429b1-gcc-linux/source/tools/Replay/call_function_natively.reference
pin-3.15-98253-gb56e429b1-gcc-linux/source/tools/Replay/intel64_cross_os_replay.record
pin-3.15-98253-gb56e429b1-gcc-linux/source/tools/Replay/intel64_cross_os_replay.reference
pin-3.15-98253-gb56e429b1-gcc-linux/source/tools/Replay/record_imageload2.cpp
pin-3.15-98253-gb56e429b1-gcc-linux/source/tools/Replay/ia32_cross_os_replay.reference
pin-3.15-98253-gb56e429b1-gcc-linux/source/tools/Replay/win_replay_exception.cpp
pin-3.15-98253-gb56e429b1-gcc-linux/source/tools/Replay/set_loader_info_shift.cpp
pin-3.15-98253-gb56e429b1-gcc-linux/source/tools/Replay/expand_replayed_rtn_app.asm
pin-3.15-98253-gb56e429b1-gcc-linux/source/tools/Replay/expand_replayed_rtn.cpp
pin-3.15-98253-gb56e429b1-gcc-linux/source/tools/Replay/expand_replayed_rtn_app.s
pin-3.15-98253-gb56e429b1-gcc-linux/source/tools/Replay/ia32_cross_os_replay.record
pin-3.15-98253-gb56e429b1-gcc-linux/source/tools/Replay/makefile
pin-3.15-98253-gb56e429b1-gcc-linux/source/tools/InstrumentationOrderAndVersion/
pin-3.15-98253-gb56e429b1-gcc-linux/source/tools/InstrumentationOrderAndVersion/instrumentation_order9.cpp
pin-3.15-98253-gb56e429b1-gcc-linux/source/tools/InstrumentationOrderAndVersion/makefile.rules
pin-3.15-98253-gb56e429b1-gcc-linux/source/tools/InstrumentationOrderAndVersion/instrumentation_order16.cpp
pin-3.15-98253-gb56e429b1-gcc-linux/source/tools/InstrumentationOrderAndVersion/special.cpp
pin-3.15-98253-gb56e429b1-gcc-linux/source/tools/InstrumentationOrderAndVersion/special_case_app.cpp
pin-3.15-98253-gb56e429b1-gcc-linux/source/tools/InstrumentationOrderAndVersion/instrumentation_order20.cpp
pin-3.15-98253-gb56e429b1-gcc-linux/source/tools/InstrumentationOrderAndVersion/special_case.cpp
pin-3.15-98253-gb56e429b1-gcc-linux/source/tools/InstrumentationOrderAndVersion/instrumentation_order7.cpp
pin-3.15-98253-gb56e429b1-gcc-linux/source/tools/InstrumentationOrderAndVersion/instrumentation_order9.ref
pin-3.15-98253-gb56e429b1-gcc-linux/source/tools/InstrumentationOrderAndVersion/instrumentation_order2.ref
pin-3.15-98253-gb56e429b1-gcc-linux/source/tools/InstrumentationOrderAndVersion/special_case_aoti.ref
pin-3.15-98253-gb56e429b1-gcc-linux/source/tools/InstrumentationOrderAndVersion/instrumentation_order4.cpp
pin-3.15-98253-gb56e429b1-gcc-linux/source/tools/InstrumentationOrderAndVersion/callbacks_order.reference
pin-3.15-98253-gb56e429b1-gcc-linux/source/tools/InstrumentationOrderAndVersion/instrumentation_order13.ref
pin-3.15-98253-gb56e429b1-gcc-linux/source/tools/InstrumentationOrderAndVersion/instrumentation_order5.ref
pin-3.15-98253-gb56e429b1-gcc-linux/source/tools/InstrumentationOrderAndVersion/instrumentation_order16.ref
pin-3.15-98253-gb56e429b1-gcc-linux/source/tools/InstrumentationOrderAndVersion/special_case_aoti.cpp
pin-3.15-98253-gb56e429b1-gcc-linux/source/tools/InstrumentationOrderAndVersion/instrumentation_order23.cpp
pin-3.15-98253-gb56e429b1-gcc-linux/source/tools/InstrumentationOrderAndVersion/instrumentation_order_app.h
pin-3.15-98253-gb56e429b1-gcc-linux/source/tools/InstrumentationOrderAndVersion/instrumentation_order19.cpp
pin-3.15-98253-gb56e429b1-gcc-linux/source/tools/InstrumentationOrderAndVersion/special_case.ref
pin-3.15-98253-gb56e429b1-gcc-linux/source/tools/InstrumentationOrderAndVersion/instrumentation_order22.cpp
pin-3.15-98253-gb56e429b1-gcc-linux/source/tools/InstrumentationOrderAndVersion/instrumentation_order_app.cpp
pin-3.15-98253-gb56e429b1-gcc-linux/source/tools/InstrumentationOrderAndVersion/special_case2.cpp
pin-3.15-98253-gb56e429b1-gcc-linux/source/tools/InstrumentationOrderAndVersion/instrumentation_order10.ref
pin-3.15-98253-gb56e429b1-gcc-linux/source/tools/InstrumentationOrderAndVersion/redblue.cpp
pin-3.15-98253-gb56e429b1-gcc-linux/source/tools/InstrumentationOrderAndVersion/instrumentation_order12.ref
pin-3.15-98253-gb56e429b1-gcc-linux/source/tools/InstrumentationOrderAndVersion/instrumentation_order.cpp
pin-3.15-98253-gb56e429b1-gcc-linux/source/tools/InstrumentationOrderAndVersion/redblue.s
pin-3.15-98253-gb56e429b1-gcc-linux/source/tools/InstrumentationOrderAndVersion/instrumentation_order4.ref
pin-3.15-98253-gb56e429b1-gcc-linux/source/tools/InstrumentationOrderAndVersion/redblue_ia32.asm
pin-3.15-98253-gb56e429b1-gcc-linux/source/tools/InstrumentationOrderAndVersion/special_case_aoti1.cpp
pin-3.15-98253-gb56e429b1-gcc-linux/source/tools/InstrumentationOrderAndVersion/instrumentation_order18.ref
pin-3.15-98253-gb56e429b1-gcc-linux/source/tools/InstrumentationOrderAndVersion/instrumentation_order2.cpp
pin-3.15-98253-gb56e429b1-gcc-linux/source/tools/InstrumentationOrderAndVersion/instrumentation_order6.cpp
pin-3.15-98253-gb56e429b1-gcc-linux/source/tools/InstrumentationOrderAndVersion/instrumentation_order5.cpp
pin-3.15-98253-gb56e429b1-gcc-linux/source/tools/InstrumentationOrderAndVersion/special_case_aoti1.ref
pin-3.15-98253-gb56e429b1-gcc-linux/source/tools/InstrumentationOrderAndVersion/callbacks_order.cpp
pin-3.15-98253-gb56e429b1-gcc-linux/source/tools/InstrumentationOrderAndVersion/instrumentation_order3.cpp
pin-3.15-98253-gb56e429b1-gcc-linux/source/tools/InstrumentationOrderAndVersion/instrumentation_order12.cpp
pin-3.15-98253-gb56e429b1-gcc-linux/source/tools/InstrumentationOrderAndVersion/instrumentation_order8.ref
pin-3.15-98253-gb56e429b1-gcc-linux/source/tools/InstrumentationOrderAndVersion/instrumentation_order17.cpp
pin-3.15-98253-gb56e429b1-gcc-linux/source/tools/InstrumentationOrderAndVersion/instrumentation_order17.ref
pin-3.15-98253-gb56e429b1-gcc-linux/source/tools/InstrumentationOrderAndVersion/instrumentation_order19.ref
pin-3.15-98253-gb56e429b1-gcc-linux/source/tools/InstrumentationOrderAndVersion/instrumentation_order6.ref
pin-3.15-98253-gb56e429b1-gcc-linux/source/tools/InstrumentationOrderAndVersion/instrumentation_order3.ref
pin-3.15-98253-gb56e429b1-gcc-linux/source/tools/InstrumentationOrderAndVersion/instrumentation_order11.cpp
pin-3.15-98253-gb56e429b1-gcc-linux/source/tools/InstrumentationOrderAndVersion/redblue_intel64.asm
pin-3.15-98253-gb56e429b1-gcc-linux/source/tools/InstrumentationOrderAndVersion/instrumentation_order15.cpp
pin-3.15-98253-gb56e429b1-gcc-linux/source/tools/InstrumentationOrderAndVersion/instrumentation_order1.ref
pin-3.15-98253-gb56e429b1-gcc-linux/source/tools/InstrumentationOrderAndVersion/instrumentation_order14.cpp
pin-3.15-98253-gb56e429b1-gcc-linux/source/tools/InstrumentationOrderAndVersion/instrumentation_order8.cpp
pin-3.15-98253-gb56e429b1-gcc-linux/source/tools/InstrumentationOrderAndVersion/special_case3.cpp
pin-3.15-98253-gb56e429b1-gcc-linux/source/tools/InstrumentationOrderAndVersion/instrumentation_order11.ref
pin-3.15-98253-gb56e429b1-gcc-linux/source/tools/InstrumentationOrderAndVersion/instrumentation_order7.ref
pin-3.15-98253-gb56e429b1-gcc-linux/source/tools/InstrumentationOrderAndVersion/special_case1.ref
pin-3.15-98253-gb56e429b1-gcc-linux/source/tools/InstrumentationOrderAndVersion/instrumentation_order21.cpp
pin-3.15-98253-gb56e429b1-gcc-linux/source/tools/InstrumentationOrderAndVersion/instrumentation_order1.cpp
pin-3.15-98253-gb56e429b1-gcc-linux/source/tools/InstrumentationOrderAndVersion/instrumentation_order13.cpp
pin-3.15-98253-gb56e429b1-gcc-linux/source/tools/InstrumentationOrderAndVersion/instrumentation_order10.cpp
pin-3.15-98253-gb56e429b1-gcc-linux/source/tools/InstrumentationOrderAndVersion/instrumentation_order.ref
pin-3.15-98253-gb56e429b1-gcc-linux/source/tools/InstrumentationOrderAndVersion/special_case1.cpp
pin-3.15-98253-gb56e429b1-gcc-linux/source/tools/InstrumentationOrderAndVersion/special.ref
pin-3.15-98253-gb56e429b1-gcc-linux/source/tools/InstrumentationOrderAndVersion/makefile
pin-3.15-98253-gb56e429b1-gcc-linux/source/tools/InstrumentationOrderAndVersion/instrumentation_order18.cpp
pin-3.15-98253-gb56e429b1-gcc-linux/source/tools/InstrumentationOrderAndVersion/instrumentation_order15.ref
pin-3.15-98253-gb56e429b1-gcc-linux/source/tools/I18N/
pin-3.15-98253-gb56e429b1-gcc-linux/source/tools/I18N/win_i18n_tool.reference
pin-3.15-98253-gb56e429b1-gcc-linux/source/tools/I18N/win_unicode_intel64.exe
pin-3.15-98253-gb56e429b1-gcc-linux/source/tools/I18N/makefile.rules
pin-3.15-98253-gb56e429b1-gcc-linux/source/tools/I18N/win_unicode_test_launcher.cpp
pin-3.15-98253-gb56e429b1-gcc-linux/source/tools/I18N/unix_unicode.cpp
pin-3.15-98253-gb56e429b1-gcc-linux/source/tools/I18N/win_unicode.reference
pin-3.15-98253-gb56e429b1-gcc-linux/source/tools/I18N/unix_unicode_test_launcher.cpp
pin-3.15-98253-gb56e429b1-gcc-linux/source/tools/I18N/win_unicode_ia32.pdb
pin-3.15-98253-gb56e429b1-gcc-linux/source/tools/I18N/win_unicode_ia32.exe
pin-3.15-98253-gb56e429b1-gcc-linux/source/tools/I18N/win_unicode.cpp
pin-3.15-98253-gb56e429b1-gcc-linux/source/tools/I18N/unix_unicode.reference
pin-3.15-98253-gb56e429b1-gcc-linux/source/tools/I18N/i18n_tool.cpp
pin-3.15-98253-gb56e429b1-gcc-linux/source/tools/I18N/win_unicode_intel64.pdb
pin-3.15-98253-gb56e429b1-gcc-linux/source/tools/I18N/makefile
pin-3.15-98253-gb56e429b1-gcc-linux/source/tools/I18N/unix_i18n_tool.reference
pin-3.15-98253-gb56e429b1-gcc-linux/source/tools/SyncTests/
pin-3.15-98253-gb56e429b1-gcc-linux/source/tools/SyncTests/makefile.rules
pin-3.15-98253-gb56e429b1-gcc-linux/source/tools/SyncTests/stress-client-lock-app.cpp
pin-3.15-98253-gb56e429b1-gcc-linux/source/tools/SyncTests/rt-locks-tool.cpp
pin-3.15-98253-gb56e429b1-gcc-linux/source/tools/SyncTests/mt-worker-win.cpp
pin-3.15-98253-gb56e429b1-gcc-linux/source/tools/SyncTests/stress-client-lock-tool.cpp
pin-3.15-98253-gb56e429b1-gcc-linux/source/tools/SyncTests/mt-worker-unix.cpp
pin-3.15-98253-gb56e429b1-gcc-linux/source/tools/SyncTests/rt-locks-app.cpp
pin-3.15-98253-gb56e429b1-gcc-linux/source/tools/SyncTests/lock-tester.cpp
pin-3.15-98253-gb56e429b1-gcc-linux/source/tools/SyncTests/makefile
pin-3.15-98253-gb56e429b1-gcc-linux/source/tools/SimpleExamples/
pin-3.15-98253-gb56e429b1-gcc-linux/source/tools/SimpleExamples/xed-print.cpp
pin-3.15-98253-gb56e429b1-gcc-linux/source/tools/SimpleExamples/makefile.rules
pin-3.15-98253-gb56e429b1-gcc-linux/source/tools/SimpleExamples/oper-imm.cpp
pin-3.15-98253-gb56e429b1-gcc-linux/source/tools/SimpleExamples/ldstmix.cpp
pin-3.15-98253-gb56e429b1-gcc-linux/source/tools/SimpleExamples/oper_imm_asm.asm
pin-3.15-98253-gb56e429b1-gcc-linux/source/tools/SimpleExamples/icount.cpp
pin-3.15-98253-gb56e429b1-gcc-linux/source/tools/SimpleExamples/toprtn.cpp
pin-3.15-98253-gb56e429b1-gcc-linux/source/tools/SimpleExamples/regval_app.cpp
pin-3.15-98253-gb56e429b1-gcc-linux/source/tools/SimpleExamples/oper_imm_asm.s
pin-3.15-98253-gb56e429b1-gcc-linux/source/tools/SimpleExamples/oper-imm.ia32.reference
pin-3.15-98253-gb56e429b1-gcc-linux/source/tools/SimpleExamples/coco.cpp
pin-3.15-98253-gb56e429b1-gcc-linux/source/tools/SimpleExamples/trace.cpp
pin-3.15-98253-gb56e429b1-gcc-linux/source/tools/SimpleExamples/opcodemix.cpp
pin-3.15-98253-gb56e429b1-gcc-linux/source/tools/SimpleExamples/fence.cpp
pin-3.15-98253-gb56e429b1-gcc-linux/source/tools/SimpleExamples/callgraph.py
pin-3.15-98253-gb56e429b1-gcc-linux/source/tools/SimpleExamples/xed-use.cpp
pin-3.15-98253-gb56e429b1-gcc-linux/source/tools/SimpleExamples/objdump-routine.csh
pin-3.15-98253-gb56e429b1-gcc-linux/source/tools/SimpleExamples/ilenmix.cpp
pin-3.15-98253-gb56e429b1-gcc-linux/source/tools/SimpleExamples/regmix.cpp
pin-3.15-98253-gb56e429b1-gcc-linux/source/tools/SimpleExamples/dcache.H
pin-3.15-98253-gb56e429b1-gcc-linux/source/tools/SimpleExamples/oper_imm_app.cpp
pin-3.15-98253-gb56e429b1-gcc-linux/source/tools/SimpleExamples/dcache.cpp
pin-3.15-98253-gb56e429b1-gcc-linux/source/tools/SimpleExamples/calltrace.cpp
pin-3.15-98253-gb56e429b1-gcc-linux/source/tools/SimpleExamples/inscount2_vregs.cpp
pin-3.15-98253-gb56e429b1-gcc-linux/source/tools/SimpleExamples/bsr_bsf_asm.asm
pin-3.15-98253-gb56e429b1-gcc-linux/source/tools/SimpleExamples/topopcode.cpp
pin-3.15-98253-gb56e429b1-gcc-linux/source/tools/SimpleExamples/get_source_app.cpp
pin-3.15-98253-gb56e429b1-gcc-linux/source/tools/SimpleExamples/bsr_bsf_app.cpp
pin-3.15-98253-gb56e429b1-gcc-linux/source/tools/SimpleExamples/bsr_bsf_asm.s
pin-3.15-98253-gb56e429b1-gcc-linux/source/tools/SimpleExamples/pinatrace.cpp
pin-3.15-98253-gb56e429b1-gcc-linux/source/tools/SimpleExamples/malloctrace.cpp
pin-3.15-98253-gb56e429b1-gcc-linux/source/tools/SimpleExamples/bsr_bsf.cpp
pin-3.15-98253-gb56e429b1-gcc-linux/source/tools/SimpleExamples/inscount2_mt.cpp
pin-3.15-98253-gb56e429b1-gcc-linux/source/tools/SimpleExamples/jumpmix.cpp
pin-3.15-98253-gb56e429b1-gcc-linux/source/tools/SimpleExamples/catmix.cpp
pin-3.15-98253-gb56e429b1-gcc-linux/source/tools/SimpleExamples/extmix.cpp
pin-3.15-98253-gb56e429b1-gcc-linux/source/tools/SimpleExamples/get_source_location.cpp
pin-3.15-98253-gb56e429b1-gcc-linux/source/tools/SimpleExamples/oper-imm.intel64.reference
pin-3.15-98253-gb56e429b1-gcc-linux/source/tools/SimpleExamples/edgcnt.cpp
pin-3.15-98253-gb56e429b1-gcc-linux/source/tools/SimpleExamples/emuload.cpp
pin-3.15-98253-gb56e429b1-gcc-linux/source/tools/SimpleExamples/regval.cpp
pin-3.15-98253-gb56e429b1-gcc-linux/source/tools/SimpleExamples/makefile
pin-3.15-98253-gb56e429b1-gcc-linux/source/tools/SimpleExamples/bsr_bsf.reference
pin-3.15-98253-gb56e429b1-gcc-linux/source/tools/SimpleExamples/inscount_and_check_tls.cpp
pin-3.15-98253-gb56e429b1-gcc-linux/source/tools/SimpleExamples/flowgraph.py
pin-3.15-98253-gb56e429b1-gcc-linux/source/tools/pintool.tscons-extension
pin-3.15-98253-gb56e429b1-gcc-linux/source/tools/SegTrace/
pin-3.15-98253-gb56e429b1-gcc-linux/source/tools/SegTrace/makefile.rules
pin-3.15-98253-gb56e429b1-gcc-linux/source/tools/SegTrace/disasm_container.H
pin-3.15-98253-gb56e429b1-gcc-linux/source/tools/SegTrace/thread.c
pin-3.15-98253-gb56e429b1-gcc-linux/source/tools/SegTrace/segtrace.cpp
pin-3.15-98253-gb56e429b1-gcc-linux/source/tools/SegTrace/pending_syscalls.H
pin-3.15-98253-gb56e429b1-gcc-linux/source/tools/SegTrace/makefile
pin-3.15-98253-gb56e429b1-gcc-linux/source/tools/Buffer/
pin-3.15-98253-gb56e429b1-gcc-linux/source/tools/Buffer/makefile.rules
pin-3.15-98253-gb56e429b1-gcc-linux/source/tools/Buffer/buffer-predicate.cpp
pin-3.15-98253-gb56e429b1-gcc-linux/source/tools/Buffer/mlog_buffer.cpp
pin-3.15-98253-gb56e429b1-gcc-linux/source/tools/Buffer/buffer_invalid_reg.cpp
pin-3.15-98253-gb56e429b1-gcc-linux/source/tools/Buffer/bufferaddr.cpp
pin-3.15-98253-gb56e429b1-gcc-linux/source/tools/Buffer/buffer-lengths.cpp
pin-3.15-98253-gb56e429b1-gcc-linux/source/tools/Buffer/two_buffers.cpp
pin-3.15-98253-gb56e429b1-gcc-linux/source/tools/Buffer/allocate.cpp
pin-3.15-98253-gb56e429b1-gcc-linux/source/tools/Buffer/buffer-then.cpp
pin-3.15-98253-gb56e429b1-gcc-linux/source/tools/Buffer/buffererror.cpp
pin-3.15-98253-gb56e429b1-gcc-linux/source/tools/Buffer/makefile
pin-3.15-98253-gb56e429b1-gcc-linux/source/tools/MemTranslate/
pin-3.15-98253-gb56e429b1-gcc-linux/source/tools/MemTranslate/translate_32bit_register.cpp
pin-3.15-98253-gb56e429b1-gcc-linux/source/tools/MemTranslate/memory_addr_callback_then.cpp
pin-3.15-98253-gb56e429b1-gcc-linux/source/tools/MemTranslate/malloc_translation.cpp
pin-3.15-98253-gb56e429b1-gcc-linux/source/tools/MemTranslate/makefile.rules
pin-3.15-98253-gb56e429b1-gcc-linux/source/tools/MemTranslate/rewrite_memory_ptr.cpp
pin-3.15-98253-gb56e429b1-gcc-linux/source/tools/MemTranslate/indirect_jmp.asm
pin-3.15-98253-gb56e429b1-gcc-linux/source/tools/MemTranslate/indirect_jmp.s
pin-3.15-98253-gb56e429b1-gcc-linux/source/tools/MemTranslate/malloc_translation_app.c
pin-3.15-98253-gb56e429b1-gcc-linux/source/tools/MemTranslate/memory_callback_error.cpp
pin-3.15-98253-gb56e429b1-gcc-linux/source/tools/MemTranslate/indirect_jmp_with_translation.cpp
pin-3.15-98253-gb56e429b1-gcc-linux/source/tools/MemTranslate/translate_32bit_register_app.cpp
pin-3.15-98253-gb56e429b1-gcc-linux/source/tools/MemTranslate/memory_addr_callback.cpp
pin-3.15-98253-gb56e429b1-gcc-linux/source/tools/MemTranslate/makefile
pin-3.15-98253-gb56e429b1-gcc-linux/source/tools/Insmix/
pin-3.15-98253-gb56e429b1-gcc-linux/source/tools/Insmix/makefile.rules
pin-3.15-98253-gb56e429b1-gcc-linux/source/tools/Insmix/insmix.cpp
pin-3.15-98253-gb56e429b1-gcc-linux/source/tools/Insmix/makefile
pin-3.15-98253-gb56e429b1-gcc-linux/source/tools/Cpp11Tests/
pin-3.15-98253-gb56e429b1-gcc-linux/source/tools/Cpp11Tests/makefile.rules
pin-3.15-98253-gb56e429b1-gcc-linux/source/tools/Cpp11Tests/cpp11ThreadsApp.cpp
pin-3.15-98253-gb56e429b1-gcc-linux/source/tools/Cpp11Tests/cpp11Threads.cpp
pin-3.15-98253-gb56e429b1-gcc-linux/source/tools/Cpp11Tests/makefile
pin-3.15-98253-gb56e429b1-gcc-linux/source/tools/InstLib/
pin-3.15-98253-gb56e429b1-gcc-linux/source/tools/InstLib/alarms.cpp
pin-3.15-98253-gb56e429b1-gcc-linux/source/tools/InstLib/alarms.H
pin-3.15-98253-gb56e429b1-gcc-linux/source/tools/InstLib/makefile.rules
pin-3.15-98253-gb56e429b1-gcc-linux/source/tools/InstLib/region_utils.H
pin-3.15-98253-gb56e429b1-gcc-linux/source/tools/InstLib/interactive_listener.cpp
pin-3.15-98253-gb56e429b1-gcc-linux/source/tools/InstLib/cntrl_client.py
pin-3.15-98253-gb56e429b1-gcc-linux/source/tools/InstLib/init_alarm.H
pin-3.15-98253-gb56e429b1-gcc-linux/source/tools/InstLib/call-stack.H
pin-3.15-98253-gb56e429b1-gcc-linux/source/tools/InstLib/control_chain.H
pin-3.15-98253-gb56e429b1-gcc-linux/source/tools/InstLib/time_warp.H
pin-3.15-98253-gb56e429b1-gcc-linux/source/tools/InstLib/instlib.H
pin-3.15-98253-gb56e429b1-gcc-linux/source/tools/InstLib/control_chain.cpp
pin-3.15-98253-gb56e429b1-gcc-linux/source/tools/InstLib/filter.H
pin-3.15-98253-gb56e429b1-gcc-linux/source/tools/InstLib/skipper.H
pin-3.15-98253-gb56e429b1-gcc-linux/source/tools/InstLib/alarm_manager.cpp
pin-3.15-98253-gb56e429b1-gcc-linux/source/tools/InstLib/controller_events.H
pin-3.15-98253-gb56e429b1-gcc-linux/source/tools/InstLib/parse_control.H
pin-3.15-98253-gb56e429b1-gcc-linux/source/tools/InstLib/asm_macros.inc
pin-3.15-98253-gb56e429b1-gcc-linux/source/tools/InstLib/icount.H
pin-3.15-98253-gb56e429b1-gcc-linux/source/tools/InstLib/regions_control.H
pin-3.15-98253-gb56e429b1-gcc-linux/source/tools/InstLib/ialarm.cpp
pin-3.15-98253-gb56e429b1-gcc-linux/source/tools/InstLib/debugger-shell.H
pin-3.15-98253-gb56e429b1-gcc-linux/source/tools/InstLib/asm_macros.h
pin-3.15-98253-gb56e429b1-gcc-linux/source/tools/InstLib/control_manager.H
pin-3.15-98253-gb56e429b1-gcc-linux/source/tools/InstLib/alarm_manager.H
pin-3.15-98253-gb56e429b1-gcc-linux/source/tools/InstLib/control_manager.cpp
pin-3.15-98253-gb56e429b1-gcc-linux/source/tools/InstLib/debugger-shell.cpp
pin-3.15-98253-gb56e429b1-gcc-linux/source/tools/InstLib/ialarm.H
pin-3.15-98253-gb56e429b1-gcc-linux/source/tools/InstLib/follow_child.H
pin-3.15-98253-gb56e429b1-gcc-linux/source/tools/InstLib/interactive_listener.H
pin-3.15-98253-gb56e429b1-gcc-linux/source/tools/InstLib/parse_control.cpp
pin-3.15-98253-gb56e429b1-gcc-linux/source/tools/InstLib/call-stack.cpp
pin-3.15-98253-gb56e429b1-gcc-linux/source/tools/InstLib/init_alarm.cpp
pin-3.15-98253-gb56e429b1-gcc-linux/source/tools/InstLib/makefile
pin-3.15-98253-gb56e429b1-gcc-linux/source/tools/InstLib/controller_events.cpp
pin-3.15-98253-gb56e429b1-gcc-linux/source/tools/Memory/
pin-3.15-98253-gb56e429b1-gcc-linux/source/tools/Memory/dcache_xscale_config.cpp
pin-3.15-98253-gb56e429b1-gcc-linux/source/tools/Memory/new_delete_tool.cpp
pin-3.15-98253-gb56e429b1-gcc-linux/source/tools/Memory/makefile.rules
pin-3.15-98253-gb56e429b1-gcc-linux/source/tools/Memory/icache.cpp
pin-3.15-98253-gb56e429b1-gcc-linux/source/tools/Memory/big_malloc.cpp
pin-3.15-98253-gb56e429b1-gcc-linux/source/tools/Memory/footprint.H
pin-3.15-98253-gb56e429b1-gcc-linux/source/tools/Memory/new_delete_app.cpp
pin-3.15-98253-gb56e429b1-gcc-linux/source/tools/Memory/print_vvar.cpp
pin-3.15-98253-gb56e429b1-gcc-linux/source/tools/Memory/memalign.cpp
pin-3.15-98253-gb56e429b1-gcc-linux/source/tools/Memory/print_stack.c
pin-3.15-98253-gb56e429b1-gcc-linux/source/tools/Memory/cache.H
pin-3.15-98253-gb56e429b1-gcc-linux/source/tools/Memory/memory_allocation_from_app_access_protection_tool.cpp
pin-3.15-98253-gb56e429b1-gcc-linux/source/tools/Memory/memalloc2.cpp
pin-3.15-98253-gb56e429b1-gcc-linux/source/tools/Memory/dcache.cpp
pin-3.15-98253-gb56e429b1-gcc-linux/source/tools/Memory/check_memory_access_tool.cpp
pin-3.15-98253-gb56e429b1-gcc-linux/source/tools/Memory/address_mapping_probe.cpp
pin-3.15-98253-gb56e429b1-gcc-linux/source/tools/Memory/check_memory_access_app.cpp
pin-3.15-98253-gb56e429b1-gcc-linux/source/tools/Memory/restrict_memory_vdso.cpp
pin-3.15-98253-gb56e429b1-gcc-linux/source/tools/Memory/memory_allocation_from_tool_access_protection_tool.cpp
pin-3.15-98253-gb56e429b1-gcc-linux/source/tools/Memory/memalloc.cpp
pin-3.15-98253-gb56e429b1-gcc-linux/source/tools/Memory/allcache.cpp
pin-3.15-98253-gb56e429b1-gcc-linux/source/tools/Memory/access_protection_app.cpp
pin-3.15-98253-gb56e429b1-gcc-linux/source/tools/Memory/malloc_stress.cpp
pin-3.15-98253-gb56e429b1-gcc-linux/source/tools/Memory/footprint.cpp
pin-3.15-98253-gb56e429b1-gcc-linux/source/tools/Memory/memory_limit.cpp
pin-3.15-98253-gb56e429b1-gcc-linux/source/tools/Memory/README
pin-3.15-98253-gb56e429b1-gcc-linux/source/tools/Memory/address_mapping.cpp
pin-3.15-98253-gb56e429b1-gcc-linux/source/tools/Memory/mmap_reader_app.cpp
pin-3.15-98253-gb56e429b1-gcc-linux/source/tools/Memory/print_vdso.c
pin-3.15-98253-gb56e429b1-gcc-linux/source/tools/Memory/makefile
pin-3.15-98253-gb56e429b1-gcc-linux/source/tools/ToolUnitTests/
pin-3.15-98253-gb56e429b1-gcc-linux/source/tools/ToolUnitTests/syscall_std.cpp
pin-3.15-98253-gb56e429b1-gcc-linux/source/tools/ToolUnitTests/guard_page.cpp
pin-3.15-98253-gb56e429b1-gcc-linux/source/tools/ToolUnitTests/check_env.cpp
pin-3.15-98253-gb56e429b1-gcc-linux/source/tools/ToolUnitTests/inline_opt_test_df1.cpp
pin-3.15-98253-gb56e429b1-gcc-linux/source/tools/ToolUnitTests/write_debugger_error.cpp
pin-3.15-98253-gb56e429b1-gcc-linux/source/tools/ToolUnitTests/fp_args_app.cpp
pin-3.15-98253-gb56e429b1-gcc-linux/source/tools/ToolUnitTests/callapp_nested_app1.c
pin-3.15-98253-gb56e429b1-gcc-linux/source/tools/ToolUnitTests/analysis_flag_overwrite_test3_noinline_bridge.reference
pin-3.15-98253-gb56e429b1-gcc-linux/source/tools/ToolUnitTests/rep_ia32.s
pin-3.15-98253-gb56e429b1-gcc-linux/source/tools/ToolUnitTests/df_test5_noinline_bridge.reference
pin-3.15-98253-gb56e429b1-gcc-linux/source/tools/ToolUnitTests/sigmask.reference
pin-3.15-98253-gb56e429b1-gcc-linux/source/tools/ToolUnitTests/win_early_thread_dll.cpp
pin-3.15-98253-gb56e429b1-gcc-linux/source/tools/ToolUnitTests/deepbind_syscalls.c
pin-3.15-98253-gb56e429b1-gcc-linux/source/tools/ToolUnitTests/bigrange.address
pin-3.15-98253-gb56e429b1-gcc-linux/source/tools/ToolUnitTests/xmmapp.cpp
pin-3.15-98253-gb56e429b1-gcc-linux/source/tools/ToolUnitTests/callappstd10.cpp
pin-3.15-98253-gb56e429b1-gcc-linux/source/tools/ToolUnitTests/flag_ac_win_noinline.reference
pin-3.15-98253-gb56e429b1-gcc-linux/source/tools/ToolUnitTests/test_iarg_preserve_mxcsr_app.cpp
pin-3.15-98253-gb56e429b1-gcc-linux/source/tools/ToolUnitTests/stress_const_context2.cpp
pin-3.15-98253-gb56e429b1-gcc-linux/source/tools/ToolUnitTests/memory_displacement_app.cpp
pin-3.15-98253-gb56e429b1-gcc-linux/source/tools/ToolUnitTests/reg_context_x87.cpp
pin-3.15-98253-gb56e429b1-gcc-linux/source/tools/ToolUnitTests/rewritememop1.cpp
pin-3.15-98253-gb56e429b1-gcc-linux/source/tools/ToolUnitTests/line.reference
pin-3.15-98253-gb56e429b1-gcc-linux/source/tools/ToolUnitTests/dltest.c
pin-3.15-98253-gb56e429b1-gcc-linux/source/tools/ToolUnitTests/xlat_ea.cpp
pin-3.15-98253-gb56e429b1-gcc-linux/source/tools/ToolUnitTests/syscall_std.reference
pin-3.15-98253-gb56e429b1-gcc-linux/source/tools/ToolUnitTests/flag_ac_app_ia32_win.asm
pin-3.15-98253-gb56e429b1-gcc-linux/source/tools/ToolUnitTests/callapp0.cpp
pin-3.15-98253-gb56e429b1-gcc-linux/source/tools/ToolUnitTests/inline_opt_test_df3.cpp
pin-3.15-98253-gb56e429b1-gcc-linux/source/tools/ToolUnitTests/rip_relative_prefix_67_app_intel64.c
pin-3.15-98253-gb56e429b1-gcc-linux/source/tools/ToolUnitTests/test_iarg_preserve_app.cpp
pin-3.15-98253-gb56e429b1-gcc-linux/source/tools/ToolUnitTests/callapp2.cpp
pin-3.15-98253-gb56e429b1-gcc-linux/source/tools/ToolUnitTests/funcarg_ep_ia32.reference
pin-3.15-98253-gb56e429b1-gcc-linux/source/tools/ToolUnitTests/df_test1_noinline.reference
pin-3.15-98253-gb56e429b1-gcc-linux/source/tools/ToolUnitTests/attach_app.cpp
pin-3.15-98253-gb56e429b1-gcc-linux/source/tools/ToolUnitTests/exception_app_ia32.s
pin-3.15-98253-gb56e429b1-gcc-linux/source/tools/ToolUnitTests/inlined-stack-arg1.cpp
pin-3.15-98253-gb56e429b1-gcc-linux/source/tools/ToolUnitTests/analysis_flag_overwrite_test1_inline.reference
pin-3.15-98253-gb56e429b1-gcc-linux/source/tools/ToolUnitTests/callapp0i.cpp
pin-3.15-98253-gb56e429b1-gcc-linux/source/tools/ToolUnitTests/exception_context_monitor.cpp
pin-3.15-98253-gb56e429b1-gcc-linux/source/tools/ToolUnitTests/str2flt.cpp
pin-3.15-98253-gb56e429b1-gcc-linux/source/tools/ToolUnitTests/rtn_insert_call1.cpp
pin-3.15-98253-gb56e429b1-gcc-linux/source/tools/ToolUnitTests/swizzle_seg.cpp
pin-3.15-98253-gb56e429b1-gcc-linux/source/tools/ToolUnitTests/jcx_addr16_app.c
pin-3.15-98253-gb56e429b1-gcc-linux/source/tools/ToolUnitTests/swizzle5.reference
pin-3.15-98253-gb56e429b1-gcc-linux/source/tools/ToolUnitTests/df_test5_noinline.reference
pin-3.15-98253-gb56e429b1-gcc-linux/source/tools/ToolUnitTests/flag_ac_win_noinline_bridge.reference
pin-3.15-98253-gb56e429b1-gcc-linux/source/tools/ToolUnitTests/callapp_nested_tool.cpp
pin-3.15-98253-gb56e429b1-gcc-linux/source/tools/ToolUnitTests/dlclose.cpp
pin-3.15-98253-gb56e429b1-gcc-linux/source/tools/ToolUnitTests/thread_count.reference
pin-3.15-98253-gb56e429b1-gcc-linux/source/tools/ToolUnitTests/thread_usestack.c
pin-3.15-98253-gb56e429b1-gcc-linux/source/tools/ToolUnitTests/iarg_tsc1.cpp
pin-3.15-98253-gb56e429b1-gcc-linux/source/tools/ToolUnitTests/dynamic_secondary_dll.cpp
pin-3.15-98253-gb56e429b1-gcc-linux/source/tools/ToolUnitTests/analysis_flag_overwrite_test2_inline.reference
pin-3.15-98253-gb56e429b1-gcc-linux/source/tools/ToolUnitTests/reserve_memory.c
pin-3.15-98253-gb56e429b1-gcc-linux/source/tools/ToolUnitTests/callapp15.cpp
pin-3.15-98253-gb56e429b1-gcc-linux/source/tools/ToolUnitTests/malmalloc.cpp
pin-3.15-98253-gb56e429b1-gcc-linux/source/tools/ToolUnitTests/reg_inst_gx.cpp
pin-3.15-98253-gb56e429b1-gcc-linux/source/tools/ToolUnitTests/inlined-stack-arg2.cpp
pin-3.15-98253-gb56e429b1-gcc-linux/source/tools/ToolUnitTests/makefile.rules
pin-3.15-98253-gb56e429b1-gcc-linux/source/tools/ToolUnitTests/reg_ref_fp_st.cpp
pin-3.15-98253-gb56e429b1-gcc-linux/source/tools/ToolUnitTests/flag_ac_noinline.reference
pin-3.15-98253-gb56e429b1-gcc-linux/source/tools/ToolUnitTests/teb_app.cpp
pin-3.15-98253-gb56e429b1-gcc-linux/source/tools/ToolUnitTests/callapp_64bit_param_app_2.c
pin-3.15-98253-gb56e429b1-gcc-linux/source/tools/ToolUnitTests/test_iarg_preserve_probe_app.cpp
pin-3.15-98253-gb56e429b1-gcc-linux/source/tools/ToolUnitTests/toolfetch_sub.reference
pin-3.15-98253-gb56e429b1-gcc-linux/source/tools/ToolUnitTests/funcarg_ep_app.cpp
pin-3.15-98253-gb56e429b1-gcc-linux/source/tools/ToolUnitTests/simplefoo2.c
pin-3.15-98253-gb56e429b1-gcc-linux/source/tools/ToolUnitTests/apc_monitor.reference
pin-3.15-98253-gb56e429b1-gcc-linux/source/tools/ToolUnitTests/rebase_dll_tool.cpp
pin-3.15-98253-gb56e429b1-gcc-linux/source/tools/ToolUnitTests/reg_value_xmm.cpp
pin-3.15-98253-gb56e429b1-gcc-linux/source/tools/ToolUnitTests/df_test1_inline.reference
pin-3.15-98253-gb56e429b1-gcc-linux/source/tools/ToolUnitTests/doint.c
pin-3.15-98253-gb56e429b1-gcc-linux/source/tools/ToolUnitTests/test_sysenter_win.cpp
pin-3.15-98253-gb56e429b1-gcc-linux/source/tools/ToolUnitTests/create_rtn.cpp
pin-3.15-98253-gb56e429b1-gcc-linux/source/tools/ToolUnitTests/badfile.reference
pin-3.15-98253-gb56e429b1-gcc-linux/source/tools/ToolUnitTests/insfetch_tool.cpp
pin-3.15-98253-gb56e429b1-gcc-linux/source/tools/ToolUnitTests/reg_value_fp_st.cpp
pin-3.15-98253-gb56e429b1-gcc-linux/source/tools/ToolUnitTests/reg_value_x87.cpp
pin-3.15-98253-gb56e429b1-gcc-linux/source/tools/ToolUnitTests/change_syscall.cpp
pin-3.15-98253-gb56e429b1-gcc-linux/source/tools/ToolUnitTests/seg_override_app1_win.asm
pin-3.15-98253-gb56e429b1-gcc-linux/source/tools/ToolUnitTests/spawntool_app.c
pin-3.15-98253-gb56e429b1-gcc-linux/source/tools/ToolUnitTests/attach_tool.reference
pin-3.15-98253-gb56e429b1-gcc-linux/source/tools/ToolUnitTests/and.s
pin-3.15-98253-gb56e429b1-gcc-linux/source/tools/ToolUnitTests/df_test4_noinline_bridge.reference
pin-3.15-98253-gb56e429b1-gcc-linux/source/tools/ToolUnitTests/df_test3_noinline_bridge.reference
pin-3.15-98253-gb56e429b1-gcc-linux/source/tools/ToolUnitTests/flag_spill_fill_app_win.asm
pin-3.15-98253-gb56e429b1-gcc-linux/source/tools/ToolUnitTests/flag_spill_fill_app.c
pin-3.15-98253-gb56e429b1-gcc-linux/source/tools/ToolUnitTests/flag_ac_app_intel64_win.asm
pin-3.15-98253-gb56e429b1-gcc-linux/source/tools/ToolUnitTests/swizzle_util.h
pin-3.15-98253-gb56e429b1-gcc-linux/source/tools/ToolUnitTests/insert_if_then_call1.cpp
pin-3.15-98253-gb56e429b1-gcc-linux/source/tools/ToolUnitTests/multimem.cpp
pin-3.15-98253-gb56e429b1-gcc-linux/source/tools/ToolUnitTests/flags_at_analysis_app.c
pin-3.15-98253-gb56e429b1-gcc-linux/source/tools/ToolUnitTests/swizzle_seg_app_intel64_unix.s
pin-3.15-98253-gb56e429b1-gcc-linux/source/tools/ToolUnitTests/thread_count_load_library.reference
pin-3.15-98253-gb56e429b1-gcc-linux/source/tools/ToolUnitTests/reg_inst_gx.tool.reference
pin-3.15-98253-gb56e429b1-gcc-linux/source/tools/ToolUnitTests/mxcsr_intel64.s
pin-3.15-98253-gb56e429b1-gcc-linux/source/tools/ToolUnitTests/reg_operands_test_app_win.asm
pin-3.15-98253-gb56e429b1-gcc-linux/source/tools/ToolUnitTests/pusha_popa_asm.asm
pin-3.15-98253-gb56e429b1-gcc-linux/source/tools/ToolUnitTests/sys_memory_unix.c
pin-3.15-98253-gb56e429b1-gcc-linux/source/tools/ToolUnitTests/args_lineno.cpp
pin-3.15-98253-gb56e429b1-gcc-linux/source/tools/ToolUnitTests/check_env_app.cpp
pin-3.15-98253-gb56e429b1-gcc-linux/source/tools/ToolUnitTests/app_inspects_internal_thread_win.cpp
pin-3.15-98253-gb56e429b1-gcc-linux/source/tools/ToolUnitTests/str2int64.reference
pin-3.15-98253-gb56e429b1-gcc-linux/source/tools/ToolUnitTests/tstcmpxchg8b.c
pin-3.15-98253-gb56e429b1-gcc-linux/source/tools/ToolUnitTests/test_ip_access.cpp
pin-3.15-98253-gb56e429b1-gcc-linux/source/tools/ToolUnitTests/fp_args.reference
pin-3.15-98253-gb56e429b1-gcc-linux/source/tools/ToolUnitTests/cmpxchg8b_with_explicit_ebx_win.asm
pin-3.15-98253-gb56e429b1-gcc-linux/source/tools/ToolUnitTests/spalign_asm_intel64_unix.s
pin-3.15-98253-gb56e429b1-gcc-linux/source/tools/ToolUnitTests/analysis_flag_overwrite_test1_noinline.reference
pin-3.15-98253-gb56e429b1-gcc-linux/source/tools/ToolUnitTests/win_cpp_exception.cpp
pin-3.15-98253-gb56e429b1-gcc-linux/source/tools/ToolUnitTests/str2int64.cpp
pin-3.15-98253-gb56e429b1-gcc-linux/source/tools/ToolUnitTests/test_iarg_partial_context.cpp
pin-3.15-98253-gb56e429b1-gcc-linux/source/tools/ToolUnitTests/datasym.cpp
pin-3.15-98253-gb56e429b1-gcc-linux/source/tools/ToolUnitTests/set_fp_context_xmm_regs_intel64.reference
pin-3.15-98253-gb56e429b1-gcc-linux/source/tools/ToolUnitTests/reg_context_set_xmm.cpp
pin-3.15-98253-gb56e429b1-gcc-linux/source/tools/ToolUnitTests/flag_ac_app_ia32_unix.s
pin-3.15-98253-gb56e429b1-gcc-linux/source/tools/ToolUnitTests/ea_verifier_addr16.cpp
pin-3.15-98253-gb56e429b1-gcc-linux/source/tools/ToolUnitTests/callapp9.cpp
pin-3.15-98253-gb56e429b1-gcc-linux/source/tools/ToolUnitTests/syscall.cpp
pin-3.15-98253-gb56e429b1-gcc-linux/source/tools/ToolUnitTests/reserve_memory_win.cpp
pin-3.15-98253-gb56e429b1-gcc-linux/source/tools/ToolUnitTests/replace_malloc_inst.cpp
pin-3.15-98253-gb56e429b1-gcc-linux/source/tools/ToolUnitTests/operandtool.cpp
pin-3.15-98253-gb56e429b1-gcc-linux/source/tools/ToolUnitTests/undecorate.cpp
pin-3.15-98253-gb56e429b1-gcc-linux/source/tools/ToolUnitTests/simplefoo.c
pin-3.15-98253-gb56e429b1-gcc-linux/source/tools/ToolUnitTests/check_acall_inline_opt.cpp
pin-3.15-98253-gb56e429b1-gcc-linux/source/tools/ToolUnitTests/stress_const_context.cpp
pin-3.15-98253-gb56e429b1-gcc-linux/source/tools/ToolUnitTests/reg_context_set_fp_st.cpp
pin-3.15-98253-gb56e429b1-gcc-linux/source/tools/ToolUnitTests/rewritememop.cpp
pin-3.15-98253-gb56e429b1-gcc-linux/source/tools/ToolUnitTests/clobber_asm.s
pin-3.15-98253-gb56e429b1-gcc-linux/source/tools/ToolUnitTests/iarg_tsc3.cpp
pin-3.15-98253-gb56e429b1-gcc-linux/source/tools/ToolUnitTests/leave.cpp
pin-3.15-98253-gb56e429b1-gcc-linux/source/tools/ToolUnitTests/btc_app.c
pin-3.15-98253-gb56e429b1-gcc-linux/source/tools/ToolUnitTests/baserel_in_probe_tool.cpp
pin-3.15-98253-gb56e429b1-gcc-linux/source/tools/ToolUnitTests/reg_operands_test_tool.cpp
pin-3.15-98253-gb56e429b1-gcc-linux/source/tools/ToolUnitTests/inlined-stack-arg2_win_intel64.asm
pin-3.15-98253-gb56e429b1-gcc-linux/source/tools/ToolUnitTests/suspend_context_app_win.cpp
pin-3.15-98253-gb56e429b1-gcc-linux/source/tools/ToolUnitTests/memalign.cpp
pin-3.15-98253-gb56e429b1-gcc-linux/source/tools/ToolUnitTests/df_test4_inline.reference
pin-3.15-98253-gb56e429b1-gcc-linux/source/tools/ToolUnitTests/internal_exception_handler.cpp
pin-3.15-98253-gb56e429b1-gcc-linux/source/tools/ToolUnitTests/inline_opt_test_ia32.s
pin-3.15-98253-gb56e429b1-gcc-linux/source/tools/ToolUnitTests/popea_verifier.cpp
pin-3.15-98253-gb56e429b1-gcc-linux/source/tools/ToolUnitTests/set_fp_context_xmm_regs.cpp
pin-3.15-98253-gb56e429b1-gcc-linux/source/tools/ToolUnitTests/sse-ref_intel64.s
pin-3.15-98253-gb56e429b1-gcc-linux/source/tools/ToolUnitTests/toolfetch_sub.cpp
pin-3.15-98253-gb56e429b1-gcc-linux/source/tools/ToolUnitTests/indirect_call_branch_target_addr.cpp
pin-3.15-98253-gb56e429b1-gcc-linux/source/tools/ToolUnitTests/repcmpsz_tool.cpp
pin-3.15-98253-gb56e429b1-gcc-linux/source/tools/ToolUnitTests/data_in_code_win.cpp
pin-3.15-98253-gb56e429b1-gcc-linux/source/tools/ToolUnitTests/win_queue_apc.cpp
pin-3.15-98253-gb56e429b1-gcc-linux/source/tools/ToolUnitTests/callapp_perf_app.c
pin-3.15-98253-gb56e429b1-gcc-linux/source/tools/ToolUnitTests/replace_rtl_alloc_heap.cpp
pin-3.15-98253-gb56e429b1-gcc-linux/source/tools/ToolUnitTests/error_log.cpp
pin-3.15-98253-gb56e429b1-gcc-linux/source/tools/ToolUnitTests/unsup_syscall.s
pin-3.15-98253-gb56e429b1-gcc-linux/source/tools/ToolUnitTests/test_inlined_consts_intel64.asm
pin-3.15-98253-gb56e429b1-gcc-linux/source/tools/ToolUnitTests/win_exception_test.cpp
pin-3.15-98253-gb56e429b1-gcc-linux/source/tools/ToolUnitTests/thread_count_queue_apc.reference
pin-3.15-98253-gb56e429b1-gcc-linux/source/tools/ToolUnitTests/large.address
pin-3.15-98253-gb56e429b1-gcc-linux/source/tools/ToolUnitTests/funreplace_alert.reference
pin-3.15-98253-gb56e429b1-gcc-linux/source/tools/ToolUnitTests/ea_verifier_bt.cpp
pin-3.15-98253-gb56e429b1-gcc-linux/source/tools/ToolUnitTests/funcarg_ep_intel64.reference
pin-3.15-98253-gb56e429b1-gcc-linux/source/tools/ToolUnitTests/mxcsr_intel64.asm
pin-3.15-98253-gb56e429b1-gcc-linux/source/tools/ToolUnitTests/analysis_flag_overwrite_test1_noinline_bridge.reference
pin-3.15-98253-gb56e429b1-gcc-linux/source/tools/ToolUnitTests/inlined-stack-arg1.reference
pin-3.15-98253-gb56e429b1-gcc-linux/source/tools/ToolUnitTests/callapp_64bit_param_app_1.c
pin-3.15-98253-gb56e429b1-gcc-linux/source/tools/ToolUnitTests/reg_ref_xmm.cpp
pin-3.15-98253-gb56e429b1-gcc-linux/source/tools/ToolUnitTests/debugservice_monitor.cpp
pin-3.15-98253-gb56e429b1-gcc-linux/source/tools/ToolUnitTests/simplefoo12.c
pin-3.15-98253-gb56e429b1-gcc-linux/source/tools/ToolUnitTests/exception_monitor_for_iret_order.cpp
pin-3.15-98253-gb56e429b1-gcc-linux/source/tools/ToolUnitTests/test_iarg_preserve2.cpp
pin-3.15-98253-gb56e429b1-gcc-linux/source/tools/ToolUnitTests/win_tls_dll.cpp
pin-3.15-98253-gb56e429b1-gcc-linux/source/tools/ToolUnitTests/df_test_tool1.cpp
pin-3.15-98253-gb56e429b1-gcc-linux/source/tools/ToolUnitTests/illegal_call_app.cpp
pin-3.15-98253-gb56e429b1-gcc-linux/source/tools/ToolUnitTests/callappfast10.cpp
pin-3.15-98253-gb56e429b1-gcc-linux/source/tools/ToolUnitTests/context_state_apis.cpp
pin-3.15-98253-gb56e429b1-gcc-linux/source/tools/ToolUnitTests/security_w_pin_dll_load.cpp
pin-3.15-98253-gb56e429b1-gcc-linux/source/tools/ToolUnitTests/mt_app.cpp
pin-3.15-98253-gb56e429b1-gcc-linux/source/tools/ToolUnitTests/df_test5_inline.reference
pin-3.15-98253-gb56e429b1-gcc-linux/source/tools/ToolUnitTests/winapp_exception_context.cpp
pin-3.15-98253-gb56e429b1-gcc-linux/source/tools/ToolUnitTests/simple.c
pin-3.15-98253-gb56e429b1-gcc-linux/source/tools/ToolUnitTests/thread_count2_debug_service.ia32.reference
pin-3.15-98253-gb56e429b1-gcc-linux/source/tools/ToolUnitTests/swizzlealloc.c
pin-3.15-98253-gb56e429b1-gcc-linux/source/tools/ToolUnitTests/win_load_library.reference
pin-3.15-98253-gb56e429b1-gcc-linux/source/tools/ToolUnitTests/inline_opt_test_app_intel64.s
pin-3.15-98253-gb56e429b1-gcc-linux/source/tools/ToolUnitTests/segmented_ea_verifier_win1_intel64.asm
pin-3.15-98253-gb56e429b1-gcc-linux/source/tools/ToolUnitTests/passthru_context_xmm_regs_executeat.cpp
pin-3.15-98253-gb56e429b1-gcc-linux/source/tools/ToolUnitTests/thread_count2_divide_by_zero.reference
pin-3.15-98253-gb56e429b1-gcc-linux/source/tools/ToolUnitTests/inlined-stack-arg2.reference
pin-3.15-98253-gb56e429b1-gcc-linux/source/tools/ToolUnitTests/suspend_app_win.cpp
pin-3.15-98253-gb56e429b1-gcc-linux/source/tools/ToolUnitTests/htab.c
pin-3.15-98253-gb56e429b1-gcc-linux/source/tools/ToolUnitTests/cmpxchg8b_unix.s
pin-3.15-98253-gb56e429b1-gcc-linux/source/tools/ToolUnitTests/win_divide_by_zero_exception.cpp
pin-3.15-98253-gb56e429b1-gcc-linux/source/tools/ToolUnitTests/inlined-stack-arg.reference
pin-3.15-98253-gb56e429b1-gcc-linux/source/tools/ToolUnitTests/set_fp_context_xmm_regs_ia32.reference
pin-3.15-98253-gb56e429b1-gcc-linux/source/tools/ToolUnitTests/tool_fetch_app.c
pin-3.15-98253-gb56e429b1-gcc-linux/source/tools/ToolUnitTests/seg_override_app1.c
pin-3.15-98253-gb56e429b1-gcc-linux/source/tools/ToolUnitTests/flag_ac_noinline_bridge.reference
pin-3.15-98253-gb56e429b1-gcc-linux/source/tools/ToolUnitTests/funreplace_alert.cpp
pin-3.15-98253-gb56e429b1-gcc-linux/source/tools/ToolUnitTests/ea_verifier_addr16_win.asm
pin-3.15-98253-gb56e429b1-gcc-linux/source/tools/ToolUnitTests/callapp_64bit_param_tool.cpp
pin-3.15-98253-gb56e429b1-gcc-linux/source/tools/ToolUnitTests/raise_exception_app.cpp
pin-3.15-98253-gb56e429b1-gcc-linux/source/tools/ToolUnitTests/dummy_dll.c
pin-3.15-98253-gb56e429b1-gcc-linux/source/tools/ToolUnitTests/far.s
pin-3.15-98253-gb56e429b1-gcc-linux/source/tools/ToolUnitTests/insert_if_then_call_app.cpp
pin-3.15-98253-gb56e429b1-gcc-linux/source/tools/ToolUnitTests/df_test_tool5_win.asm
pin-3.15-98253-gb56e429b1-gcc-linux/source/tools/ToolUnitTests/simplefoo10.c
pin-3.15-98253-gb56e429b1-gcc-linux/source/tools/ToolUnitTests/thread_wait.c
pin-3.15-98253-gb56e429b1-gcc-linux/source/tools/ToolUnitTests/inner.c
pin-3.15-98253-gb56e429b1-gcc-linux/source/tools/ToolUnitTests/simplefoo1.c
pin-3.15-98253-gb56e429b1-gcc-linux/source/tools/ToolUnitTests/test_iarg_preserve_mxcsr1.cpp
pin-3.15-98253-gb56e429b1-gcc-linux/source/tools/ToolUnitTests/test_lea_rip_intel64.asm
pin-3.15-98253-gb56e429b1-gcc-linux/source/tools/ToolUnitTests/simplefast10.c
pin-3.15-98253-gb56e429b1-gcc-linux/source/tools/ToolUnitTests/reppredicate_intel64.reference
pin-3.15-98253-gb56e429b1-gcc-linux/source/tools/ToolUnitTests/executeat_callback.cpp
pin-3.15-98253-gb56e429b1-gcc-linux/source/tools/ToolUnitTests/kthread.c
pin-3.15-98253-gb56e429b1-gcc-linux/source/tools/ToolUnitTests/exceptionAddress_lin.cpp
pin-3.15-98253-gb56e429b1-gcc-linux/source/tools/ToolUnitTests/elf_symbols.cpp
pin-3.15-98253-gb56e429b1-gcc-linux/source/tools/ToolUnitTests/args_err.cpp
pin-3.15-98253-gb56e429b1-gcc-linux/source/tools/ToolUnitTests/nops.cpp
pin-3.15-98253-gb56e429b1-gcc-linux/source/tools/ToolUnitTests/callapp13.cpp
pin-3.15-98253-gb56e429b1-gcc-linux/source/tools/ToolUnitTests/swizzle3.cpp
pin-3.15-98253-gb56e429b1-gcc-linux/source/tools/ToolUnitTests/fp_context_set_const_context.cpp
pin-3.15-98253-gb56e429b1-gcc-linux/source/tools/ToolUnitTests/callapp_nested_app.c
pin-3.15-98253-gb56e429b1-gcc-linux/source/tools/ToolUnitTests/df_test4_noinline.reference
pin-3.15-98253-gb56e429b1-gcc-linux/source/tools/ToolUnitTests/reg_context_set_const_context.cpp
pin-3.15-98253-gb56e429b1-gcc-linux/source/tools/ToolUnitTests/win_load_library.cpp
pin-3.15-98253-gb56e429b1-gcc-linux/source/tools/ToolUnitTests/iarg_tsc5.cpp
pin-3.15-98253-gb56e429b1-gcc-linux/source/tools/ToolUnitTests/test_lea_rip_app.cpp
pin-3.15-98253-gb56e429b1-gcc-linux/source/tools/ToolUnitTests/win_code_on_reused_memory.reference
pin-3.15-98253-gb56e429b1-gcc-linux/source/tools/ToolUnitTests/inline_opt_test_app_ia32.s
pin-3.15-98253-gb56e429b1-gcc-linux/source/tools/ToolUnitTests/reptool_intel64.reference
pin-3.15-98253-gb56e429b1-gcc-linux/source/tools/ToolUnitTests/mxcsr_ia32.s
pin-3.15-98253-gb56e429b1-gcc-linux/source/tools/ToolUnitTests/two.c
pin-3.15-98253-gb56e429b1-gcc-linux/source/tools/ToolUnitTests/analysis_flag_overwrite_test3_noinline.reference
pin-3.15-98253-gb56e429b1-gcc-linux/source/tools/ToolUnitTests/reg_ref_x87.cpp
pin-3.15-98253-gb56e429b1-gcc-linux/source/tools/ToolUnitTests/stringtest.c
pin-3.15-98253-gb56e429b1-gcc-linux/source/tools/ToolUnitTests/little_malloc.c
pin-3.15-98253-gb56e429b1-gcc-linux/source/tools/ToolUnitTests/int3test.c
pin-3.15-98253-gb56e429b1-gcc-linux/source/tools/ToolUnitTests/iret_ia32.s
pin-3.15-98253-gb56e429b1-gcc-linux/source/tools/ToolUnitTests/claim_regs.cpp
pin-3.15-98253-gb56e429b1-gcc-linux/source/tools/ToolUnitTests/factorial.c
pin-3.15-98253-gb56e429b1-gcc-linux/source/tools/ToolUnitTests/reptool_ia32.reference
pin-3.15-98253-gb56e429b1-gcc-linux/source/tools/ToolUnitTests/stackalign.cpp
pin-3.15-98253-gb56e429b1-gcc-linux/source/tools/ToolUnitTests/inlinecall.reference
pin-3.15-98253-gb56e429b1-gcc-linux/source/tools/ToolUnitTests/test_iarg_preserve_intel64_win.asm
pin-3.15-98253-gb56e429b1-gcc-linux/source/tools/ToolUnitTests/btc.s
pin-3.15-98253-gb56e429b1-gcc-linux/source/tools/ToolUnitTests/smallpush_intel64.s
pin-3.15-98253-gb56e429b1-gcc-linux/source/tools/ToolUnitTests/simplefoo13.c
pin-3.15-98253-gb56e429b1-gcc-linux/source/tools/ToolUnitTests/str2int.cpp
pin-3.15-98253-gb56e429b1-gcc-linux/source/tools/ToolUnitTests/df_test2_noinline.reference
pin-3.15-98253-gb56e429b1-gcc-linux/source/tools/ToolUnitTests/df_test_tool1_win.asm
pin-3.15-98253-gb56e429b1-gcc-linux/source/tools/ToolUnitTests/statica_locktest.cpp
pin-3.15-98253-gb56e429b1-gcc-linux/source/tools/ToolUnitTests/check_fpstate.cpp
pin-3.15-98253-gb56e429b1-gcc-linux/source/tools/ToolUnitTests/iret_ia32.asm
pin-3.15-98253-gb56e429b1-gcc-linux/source/tools/ToolUnitTests/app_inspects_internal_thread_win_app.c
pin-3.15-98253-gb56e429b1-gcc-linux/source/tools/ToolUnitTests/df_test_tool2.cpp
pin-3.15-98253-gb56e429b1-gcc-linux/source/tools/ToolUnitTests/socket_app.cpp
pin-3.15-98253-gb56e429b1-gcc-linux/source/tools/ToolUnitTests/df_test3_inline.reference
pin-3.15-98253-gb56e429b1-gcc-linux/source/tools/ToolUnitTests/test_ip_access_app_intel64.asm
pin-3.15-98253-gb56e429b1-gcc-linux/source/tools/ToolUnitTests/segmented_ea_verifier_win1_ia32.asm
pin-3.15-98253-gb56e429b1-gcc-linux/source/tools/ToolUnitTests/xlat_app_asm_intel64.s
pin-3.15-98253-gb56e429b1-gcc-linux/source/tools/ToolUnitTests/dltest2.c
pin-3.15-98253-gb56e429b1-gcc-linux/source/tools/ToolUnitTests/findthreadwithappstack.reference
pin-3.15-98253-gb56e429b1-gcc-linux/source/tools/ToolUnitTests/mmap.cpp
pin-3.15-98253-gb56e429b1-gcc-linux/source/tools/ToolUnitTests/error_log_app.cpp
pin-3.15-98253-gb56e429b1-gcc-linux/source/tools/ToolUnitTests/main_dll.cpp
pin-3.15-98253-gb56e429b1-gcc-linux/source/tools/ToolUnitTests/segmented_ea_verifier_lin_intel64.s
pin-3.15-98253-gb56e429b1-gcc-linux/source/tools/ToolUnitTests/realloc.cpp
pin-3.15-98253-gb56e429b1-gcc-linux/source/tools/ToolUnitTests/flag_ac_app_intel64_unix.s
pin-3.15-98253-gb56e429b1-gcc-linux/source/tools/ToolUnitTests/checkexecuting.cpp
pin-3.15-98253-gb56e429b1-gcc-linux/source/tools/ToolUnitTests/pusha_popa_asm.s
pin-3.15-98253-gb56e429b1-gcc-linux/source/tools/ToolUnitTests/tstcmpxchg8b_with_explicit_ebx.reference
pin-3.15-98253-gb56e429b1-gcc-linux/source/tools/ToolUnitTests/tstcmpxchg8b_with_explicit_ebx.c
pin-3.15-98253-gb56e429b1-gcc-linux/source/tools/ToolUnitTests/image_entry.reference
pin-3.15-98253-gb56e429b1-gcc-linux/source/tools/ToolUnitTests/partialinline.cpp
pin-3.15-98253-gb56e429b1-gcc-linux/source/tools/ToolUnitTests/fp_insert.cpp
pin-3.15-98253-gb56e429b1-gcc-linux/source/tools/ToolUnitTests/inlinecall.cpp
pin-3.15-98253-gb56e429b1-gcc-linux/source/tools/ToolUnitTests/posix_memalign.cpp
pin-3.15-98253-gb56e429b1-gcc-linux/source/tools/ToolUnitTests/stracewin_ia32.cpp
pin-3.15-98253-gb56e429b1-gcc-linux/source/tools/ToolUnitTests/win_mxcsr_app.cpp
pin-3.15-98253-gb56e429b1-gcc-linux/source/tools/ToolUnitTests/syscall_std_app.cpp
pin-3.15-98253-gb56e429b1-gcc-linux/source/tools/ToolUnitTests/df_test_tool3.cpp
pin-3.15-98253-gb56e429b1-gcc-linux/source/tools/ToolUnitTests/thread.c
pin-3.15-98253-gb56e429b1-gcc-linux/source/tools/ToolUnitTests/inline_opt_test_intel64.s
pin-3.15-98253-gb56e429b1-gcc-linux/source/tools/ToolUnitTests/sse.cpp
pin-3.15-98253-gb56e429b1-gcc-linux/source/tools/ToolUnitTests/simplefoo14.c
pin-3.15-98253-gb56e429b1-gcc-linux/source/tools/ToolUnitTests/flag_ac_win_tool.cpp
pin-3.15-98253-gb56e429b1-gcc-linux/source/tools/ToolUnitTests/iret_intel64.asm
pin-3.15-98253-gb56e429b1-gcc-linux/source/tools/ToolUnitTests/image_load.cpp
pin-3.15-98253-gb56e429b1-gcc-linux/source/tools/ToolUnitTests/lpd.c
pin-3.15-98253-gb56e429b1-gcc-linux/source/tools/ToolUnitTests/thread_count_thread_creation.reference
pin-3.15-98253-gb56e429b1-gcc-linux/source/tools/ToolUnitTests/inscount2_fornoinline.cpp
pin-3.15-98253-gb56e429b1-gcc-linux/source/tools/ToolUnitTests/jitmalloctrace.cpp
pin-3.15-98253-gb56e429b1-gcc-linux/source/tools/ToolUnitTests/reg_context_set_ymm.cpp
pin-3.15-98253-gb56e429b1-gcc-linux/source/tools/ToolUnitTests/mt_tool.cpp
pin-3.15-98253-gb56e429b1-gcc-linux/source/tools/ToolUnitTests/simplefoo8.c
pin-3.15-98253-gb56e429b1-gcc-linux/source/tools/ToolUnitTests/flag_spill_fill_tool1.dll.reference
pin-3.15-98253-gb56e429b1-gcc-linux/source/tools/ToolUnitTests/callapp8.cpp
pin-3.15-98253-gb56e429b1-gcc-linux/source/tools/ToolUnitTests/kthread.reference
pin-3.15-98253-gb56e429b1-gcc-linux/source/tools/ToolUnitTests/pipeapp.c
pin-3.15-98253-gb56e429b1-gcc-linux/source/tools/ToolUnitTests/smallpush_ia32.s
pin-3.15-98253-gb56e429b1-gcc-linux/source/tools/ToolUnitTests/repcmpsz_tool.reference
pin-3.15-98253-gb56e429b1-gcc-linux/source/tools/ToolUnitTests/static_secondary_dll.cpp
pin-3.15-98253-gb56e429b1-gcc-linux/source/tools/ToolUnitTests/funcarg_ep.cpp
pin-3.15-98253-gb56e429b1-gcc-linux/source/tools/ToolUnitTests/df_test_tool3_win.asm
pin-3.15-98253-gb56e429b1-gcc-linux/source/tools/ToolUnitTests/df_test_tool2_win.asm
pin-3.15-98253-gb56e429b1-gcc-linux/source/tools/ToolUnitTests/swizzle2.reference
pin-3.15-98253-gb56e429b1-gcc-linux/source/tools/ToolUnitTests/sw_interrupt_app.cpp
pin-3.15-98253-gb56e429b1-gcc-linux/source/tools/ToolUnitTests/incebx.cpp
pin-3.15-98253-gb56e429b1-gcc-linux/source/tools/ToolUnitTests/analysis_flag_overwrite_test2_noinline.reference
pin-3.15-98253-gb56e429b1-gcc-linux/source/tools/ToolUnitTests/segmented_ea_verifier.cpp
pin-3.15-98253-gb56e429b1-gcc-linux/source/tools/ToolUnitTests/executeat_lock.cpp
pin-3.15-98253-gb56e429b1-gcc-linux/source/tools/ToolUnitTests/exception_tool_ia32.s
pin-3.15-98253-gb56e429b1-gcc-linux/source/tools/ToolUnitTests/check_legal_callbacks.cpp
pin-3.15-98253-gb56e429b1-gcc-linux/source/tools/ToolUnitTests/test_iarg_partial_context_app.cpp
pin-3.15-98253-gb56e429b1-gcc-linux/source/tools/ToolUnitTests/sp_argument.cpp
pin-3.15-98253-gb56e429b1-gcc-linux/source/tools/ToolUnitTests/callapp1i.cpp
pin-3.15-98253-gb56e429b1-gcc-linux/source/tools/ToolUnitTests/swizzle_seg_app_ia32_win.asm
pin-3.15-98253-gb56e429b1-gcc-linux/source/tools/ToolUnitTests/move_then_test.cpp
pin-3.15-98253-gb56e429b1-gcc-linux/source/tools/ToolUnitTests/df_test2_noinline_bridge.reference
pin-3.15-98253-gb56e429b1-gcc-linux/source/tools/ToolUnitTests/replace_free.cpp
pin-3.15-98253-gb56e429b1-gcc-linux/source/tools/ToolUnitTests/internal_exception_handler_app_lin.cpp
pin-3.15-98253-gb56e429b1-gcc-linux/source/tools/ToolUnitTests/analysis_flag_overwrite_tool1.cpp
pin-3.15-98253-gb56e429b1-gcc-linux/source/tools/ToolUnitTests/callapp_perf_app1.c
pin-3.15-98253-gb56e429b1-gcc-linux/source/tools/ToolUnitTests/swizzle_seg.reference
pin-3.15-98253-gb56e429b1-gcc-linux/source/tools/ToolUnitTests/sse-unaligned-class.cpp
pin-3.15-98253-gb56e429b1-gcc-linux/source/tools/ToolUnitTests/deepbind.cpp
pin-3.15-98253-gb56e429b1-gcc-linux/source/tools/ToolUnitTests/checkreps.cpp
pin-3.15-98253-gb56e429b1-gcc-linux/source/tools/ToolUnitTests/swizzle2.cpp
pin-3.15-98253-gb56e429b1-gcc-linux/source/tools/ToolUnitTests/flag_ac_tool.cpp
pin-3.15-98253-gb56e429b1-gcc-linux/source/tools/ToolUnitTests/sp_argument_app.c
pin-3.15-98253-gb56e429b1-gcc-linux/source/tools/ToolUnitTests/w_chdir_app.cpp
pin-3.15-98253-gb56e429b1-gcc-linux/source/tools/ToolUnitTests/illegal_instrumentation.cpp
pin-3.15-98253-gb56e429b1-gcc-linux/source/tools/ToolUnitTests/callapp4.cpp
pin-3.15-98253-gb56e429b1-gcc-linux/source/tools/ToolUnitTests/execvp.reference
pin-3.15-98253-gb56e429b1-gcc-linux/source/tools/ToolUnitTests/funreplace.reference
pin-3.15-98253-gb56e429b1-gcc-linux/source/tools/ToolUnitTests/memory_displacement_app.s
pin-3.15-98253-gb56e429b1-gcc-linux/source/tools/ToolUnitTests/reg_context_ymm.cpp
pin-3.15-98253-gb56e429b1-gcc-linux/source/tools/ToolUnitTests/rebase_dll.c
pin-3.15-98253-gb56e429b1-gcc-linux/source/tools/ToolUnitTests/win_syscallenum.cpp
pin-3.15-98253-gb56e429b1-gcc-linux/source/tools/ToolUnitTests/simplestd10.c
pin-3.15-98253-gb56e429b1-gcc-linux/source/tools/ToolUnitTests/knob_writeonce.cpp
pin-3.15-98253-gb56e429b1-gcc-linux/source/tools/ToolUnitTests/cmovstest.c
pin-3.15-98253-gb56e429b1-gcc-linux/source/tools/ToolUnitTests/malmalloc.reference
pin-3.15-98253-gb56e429b1-gcc-linux/source/tools/ToolUnitTests/write_user_error.cpp
pin-3.15-98253-gb56e429b1-gcc-linux/source/tools/ToolUnitTests/deepbind_app.c
pin-3.15-98253-gb56e429b1-gcc-linux/source/tools/ToolUnitTests/undecorateOperator_app.cpp
pin-3.15-98253-gb56e429b1-gcc-linux/source/tools/ToolUnitTests/inline_opt_test_app.cpp
pin-3.15-98253-gb56e429b1-gcc-linux/source/tools/ToolUnitTests/aoti_mutation_tool.cpp
pin-3.15-98253-gb56e429b1-gcc-linux/source/tools/ToolUnitTests/rtn_insert_call2.cpp
pin-3.15-98253-gb56e429b1-gcc-linux/source/tools/ToolUnitTests/safecopy_mxcsr.cpp
pin-3.15-98253-gb56e429b1-gcc-linux/source/tools/ToolUnitTests/pushtest.c
pin-3.15-98253-gb56e429b1-gcc-linux/source/tools/ToolUnitTests/repcmpsz.s
pin-3.15-98253-gb56e429b1-gcc-linux/source/tools/ToolUnitTests/pusha_popa.cpp
pin-3.15-98253-gb56e429b1-gcc-linux/source/tools/ToolUnitTests/inline_opt_test_df_app_ia32.asm
pin-3.15-98253-gb56e429b1-gcc-linux/source/tools/ToolUnitTests/execvp.c
pin-3.15-98253-gb56e429b1-gcc-linux/source/tools/ToolUnitTests/rep_intel64.s
pin-3.15-98253-gb56e429b1-gcc-linux/source/tools/ToolUnitTests/internal_exception_handler_lin.cpp
pin-3.15-98253-gb56e429b1-gcc-linux/source/tools/ToolUnitTests/flag_ac_win_app.c
pin-3.15-98253-gb56e429b1-gcc-linux/source/tools/ToolUnitTests/addr32_override_app.cpp
pin-3.15-98253-gb56e429b1-gcc-linux/source/tools/ToolUnitTests/analysis_flag_overwrite_tool3.cpp
pin-3.15-98253-gb56e429b1-gcc-linux/source/tools/ToolUnitTests/iarg_tsc4.cpp
pin-3.15-98253-gb56e429b1-gcc-linux/source/tools/ToolUnitTests/dlclose_app.cpp
pin-3.15-98253-gb56e429b1-gcc-linux/source/tools/ToolUnitTests/symsize.c
pin-3.15-98253-gb56e429b1-gcc-linux/source/tools/ToolUnitTests/simplebar.c
pin-3.15-98253-gb56e429b1-gcc-linux/source/tools/ToolUnitTests/swizzle_seg_app.cpp
pin-3.15-98253-gb56e429b1-gcc-linux/source/tools/ToolUnitTests/df_test_tool4.cpp
pin-3.15-98253-gb56e429b1-gcc-linux/source/tools/ToolUnitTests/iarg_tsc_probed1.cpp
pin-3.15-98253-gb56e429b1-gcc-linux/source/tools/ToolUnitTests/earlyout.cpp
pin-3.15-98253-gb56e429b1-gcc-linux/source/tools/ToolUnitTests/df_test_app.c
pin-3.15-98253-gb56e429b1-gcc-linux/source/tools/ToolUnitTests/simplefoo4.c
pin-3.15-98253-gb56e429b1-gcc-linux/source/tools/ToolUnitTests/analysis_flag_overwrite_test3_inline.reference
pin-3.15-98253-gb56e429b1-gcc-linux/source/tools/ToolUnitTests/reptool.cpp
pin-3.15-98253-gb56e429b1-gcc-linux/source/tools/ToolUnitTests/simplefoo9.c
pin-3.15-98253-gb56e429b1-gcc-linux/source/tools/ToolUnitTests/inline_opt_test_app_intel64.asm
pin-3.15-98253-gb56e429b1-gcc-linux/source/tools/ToolUnitTests/df_test_app_win.asm
pin-3.15-98253-gb56e429b1-gcc-linux/source/tools/ToolUnitTests/returnreg.cpp
pin-3.15-98253-gb56e429b1-gcc-linux/source/tools/ToolUnitTests/thread_count.cpp
pin-3.15-98253-gb56e429b1-gcc-linux/source/tools/ToolUnitTests/flag_ac_app_u_64.s
pin-3.15-98253-gb56e429b1-gcc-linux/source/tools/ToolUnitTests/test_inlined_consts.cpp
pin-3.15-98253-gb56e429b1-gcc-linux/source/tools/ToolUnitTests/align_access.cpp
pin-3.15-98253-gb56e429b1-gcc-linux/source/tools/ToolUnitTests/branch_target_addr.cpp
pin-3.15-98253-gb56e429b1-gcc-linux/source/tools/ToolUnitTests/check_fpstate_app.c
pin-3.15-98253-gb56e429b1-gcc-linux/source/tools/ToolUnitTests/inline_opt_test.cpp
pin-3.15-98253-gb56e429b1-gcc-linux/source/tools/ToolUnitTests/short_name.cpp
pin-3.15-98253-gb56e429b1-gcc-linux/source/tools/ToolUnitTests/data_in_code_win_app.c
pin-3.15-98253-gb56e429b1-gcc-linux/source/tools/ToolUnitTests/checkerrorfile.cpp
pin-3.15-98253-gb56e429b1-gcc-linux/source/tools/ToolUnitTests/win_queue_apc.reference
pin-3.15-98253-gb56e429b1-gcc-linux/source/tools/ToolUnitTests/big_bss.c
pin-3.15-98253-gb56e429b1-gcc-linux/source/tools/ToolUnitTests/exception_monitor.cpp
pin-3.15-98253-gb56e429b1-gcc-linux/source/tools/ToolUnitTests/hello.reference
pin-3.15-98253-gb56e429b1-gcc-linux/source/tools/ToolUnitTests/addit.c
pin-3.15-98253-gb56e429b1-gcc-linux/source/tools/ToolUnitTests/fini.cpp
pin-3.15-98253-gb56e429b1-gcc-linux/source/tools/ToolUnitTests/test_iarg_preserve_intel64_unix.s
pin-3.15-98253-gb56e429b1-gcc-linux/source/tools/ToolUnitTests/pushw.s
pin-3.15-98253-gb56e429b1-gcc-linux/source/tools/ToolUnitTests/flag_ac_app.c
pin-3.15-98253-gb56e429b1-gcc-linux/source/tools/ToolUnitTests/raise_exception.cpp
pin-3.15-98253-gb56e429b1-gcc-linux/source/tools/ToolUnitTests/guard_page_app.cpp
pin-3.15-98253-gb56e429b1-gcc-linux/source/tools/ToolUnitTests/winillegalrange.address
pin-3.15-98253-gb56e429b1-gcc-linux/source/tools/ToolUnitTests/swizzle_seg_app_ia32_unix.s
pin-3.15-98253-gb56e429b1-gcc-linux/source/tools/ToolUnitTests/control_init.cpp
pin-3.15-98253-gb56e429b1-gcc-linux/source/tools/ToolUnitTests/strace_ia32.cpp
pin-3.15-98253-gb56e429b1-gcc-linux/source/tools/ToolUnitTests/reg_context_set_x87.cpp
pin-3.15-98253-gb56e429b1-gcc-linux/source/tools/ToolUnitTests/win_divide_by_zero_exception.reference
pin-3.15-98253-gb56e429b1-gcc-linux/source/tools/ToolUnitTests/analysis_flag_overwrite_test2_noinline_bridge.reference
pin-3.15-98253-gb56e429b1-gcc-linux/source/tools/ToolUnitTests/win_debug_service.reference
pin-3.15-98253-gb56e429b1-gcc-linux/source/tools/ToolUnitTests/soload.reference
pin-3.15-98253-gb56e429b1-gcc-linux/source/tools/ToolUnitTests/simplefoo7.c
pin-3.15-98253-gb56e429b1-gcc-linux/source/tools/ToolUnitTests/deepbind.ver
pin-3.15-98253-gb56e429b1-gcc-linux/source/tools/ToolUnitTests/knob_duplicate_name.cpp
pin-3.15-98253-gb56e429b1-gcc-linux/source/tools/ToolUnitTests/teb.cpp
pin-3.15-98253-gb56e429b1-gcc-linux/source/tools/ToolUnitTests/test_iarg_preserve_probe.cpp
pin-3.15-98253-gb56e429b1-gcc-linux/source/tools/ToolUnitTests/tool_full_path.cpp
pin-3.15-98253-gb56e429b1-gcc-linux/source/tools/ToolUnitTests/teb.reference
pin-3.15-98253-gb56e429b1-gcc-linux/source/tools/ToolUnitTests/flag_spill_fill_tool1.cpp
pin-3.15-98253-gb56e429b1-gcc-linux/source/tools/ToolUnitTests/create_rtn_app.cpp
pin-3.15-98253-gb56e429b1-gcc-linux/source/tools/ToolUnitTests/spawntool.cpp
pin-3.15-98253-gb56e429b1-gcc-linux/source/tools/ToolUnitTests/load_resource_app.c
pin-3.15-98253-gb56e429b1-gcc-linux/source/tools/ToolUnitTests/win_callback.cpp
pin-3.15-98253-gb56e429b1-gcc-linux/source/tools/ToolUnitTests/sigmask.c
pin-3.15-98253-gb56e429b1-gcc-linux/source/tools/ToolUnitTests/callapp3.cpp
pin-3.15-98253-gb56e429b1-gcc-linux/source/tools/ToolUnitTests/simplefoo3.c
pin-3.15-98253-gb56e429b1-gcc-linux/source/tools/ToolUnitTests/returnflags.cpp
pin-3.15-98253-gb56e429b1-gcc-linux/source/tools/ToolUnitTests/safecopy.cpp
pin-3.15-98253-gb56e429b1-gcc-linux/source/tools/ToolUnitTests/test_ip_access_app.cpp
pin-3.15-98253-gb56e429b1-gcc-linux/source/tools/ToolUnitTests/thread_count_cpp_exception.ia32.reference
pin-3.15-98253-gb56e429b1-gcc-linux/source/tools/ToolUnitTests/inlined-stack-arg.cpp
pin-3.15-98253-gb56e429b1-gcc-linux/source/tools/ToolUnitTests/code_cache_block_overflow2.cpp
pin-3.15-98253-gb56e429b1-gcc-linux/source/tools/ToolUnitTests/reg_operands_test.reference
pin-3.15-98253-gb56e429b1-gcc-linux/source/tools/ToolUnitTests/test_iarg_preserve.cpp
pin-3.15-98253-gb56e429b1-gcc-linux/source/tools/ToolUnitTests/flags_at_analysis_tool.cpp
pin-3.15-98253-gb56e429b1-gcc-linux/source/tools/ToolUnitTests/iret_intel64.s
pin-3.15-98253-gb56e429b1-gcc-linux/source/tools/ToolUnitTests/simplefoo6.c
pin-3.15-98253-gb56e429b1-gcc-linux/source/tools/ToolUnitTests/inline_opt_test_app_ia32.asm
pin-3.15-98253-gb56e429b1-gcc-linux/source/tools/ToolUnitTests/oneprog.c
pin-3.15-98253-gb56e429b1-gcc-linux/source/tools/ToolUnitTests/fp_replace_app.c
pin-3.15-98253-gb56e429b1-gcc-linux/source/tools/ToolUnitTests/passthru_context_xmm_regs_callapp.cpp
pin-3.15-98253-gb56e429b1-gcc-linux/source/tools/ToolUnitTests/iretmain.c
pin-3.15-98253-gb56e429b1-gcc-linux/source/tools/ToolUnitTests/sse-unaligned-class2.cpp
pin-3.15-98253-gb56e429b1-gcc-linux/source/tools/ToolUnitTests/callapp10i.cpp
pin-3.15-98253-gb56e429b1-gcc-linux/source/tools/ToolUnitTests/x87_regs_in_context.cpp
pin-3.15-98253-gb56e429b1-gcc-linux/source/tools/ToolUnitTests/flags_at_analysis_app_win.asm
pin-3.15-98253-gb56e429b1-gcc-linux/source/tools/ToolUnitTests/simplesp.s
pin-3.15-98253-gb56e429b1-gcc-linux/source/tools/ToolUnitTests/test_iarg_preserve_mxcsr.cpp
pin-3.15-98253-gb56e429b1-gcc-linux/source/tools/ToolUnitTests/reg_operands_test_app.c
pin-3.15-98253-gb56e429b1-gcc-linux/source/tools/ToolUnitTests/reg_ref_ymm.cpp
pin-3.15-98253-gb56e429b1-gcc-linux/source/tools/ToolUnitTests/cancel.c
pin-3.15-98253-gb56e429b1-gcc-linux/source/tools/ToolUnitTests/callsp_intel64.s
pin-3.15-98253-gb56e429b1-gcc-linux/source/tools/ToolUnitTests/flag_spill_fill_test1_inline.reference
pin-3.15-98253-gb56e429b1-gcc-linux/source/tools/ToolUnitTests/swizzle_seg_app.def
pin-3.15-98253-gb56e429b1-gcc-linux/source/tools/ToolUnitTests/segmented_ea_verifier_lin_ia32.s
pin-3.15-98253-gb56e429b1-gcc-linux/source/tools/ToolUnitTests/df_test2_inline.reference
pin-3.15-98253-gb56e429b1-gcc-linux/source/tools/ToolUnitTests/sse-ref_ia32.asm
pin-3.15-98253-gb56e429b1-gcc-linux/source/tools/ToolUnitTests/win_code_on_reused_memory.cpp
pin-3.15-98253-gb56e429b1-gcc-linux/source/tools/ToolUnitTests/insert_if_then_call.cpp
pin-3.15-98253-gb56e429b1-gcc-linux/source/tools/ToolUnitTests/waitpidbug.c
pin-3.15-98253-gb56e429b1-gcc-linux/source/tools/ToolUnitTests/sse-ref.cpp
pin-3.15-98253-gb56e429b1-gcc-linux/source/tools/ToolUnitTests/soloadrange.cpp
pin-3.15-98253-gb56e429b1-gcc-linux/source/tools/ToolUnitTests/df_test1_noinline_bridge.reference
pin-3.15-98253-gb56e429b1-gcc-linux/source/tools/ToolUnitTests/thread_segmented_ea.c
pin-3.15-98253-gb56e429b1-gcc-linux/source/tools/ToolUnitTests/args.cpp
pin-3.15-98253-gb56e429b1-gcc-linux/source/tools/ToolUnitTests/attach.cpp
pin-3.15-98253-gb56e429b1-gcc-linux/source/tools/ToolUnitTests/debugservice_monitor.reference
pin-3.15-98253-gb56e429b1-gcc-linux/source/tools/ToolUnitTests/analysis_flag_overwrite_tool2_win.asm
pin-3.15-98253-gb56e429b1-gcc-linux/source/tools/ToolUnitTests/int3del.cpp
pin-3.15-98253-gb56e429b1-gcc-linux/source/tools/ToolUnitTests/test_iarg_preserve_ia32_win.asm
pin-3.15-98253-gb56e429b1-gcc-linux/source/tools/ToolUnitTests/args.reference
pin-3.15-98253-gb56e429b1-gcc-linux/source/tools/ToolUnitTests/emu_jumps.cpp
pin-3.15-98253-gb56e429b1-gcc-linux/source/tools/ToolUnitTests/thread_count2_debug_service.intel64.reference
pin-3.15-98253-gb56e429b1-gcc-linux/source/tools/ToolUnitTests/aoti_mutation_target.c
pin-3.15-98253-gb56e429b1-gcc-linux/source/tools/ToolUnitTests/flag_spill_fill_test1_noinline.reference
pin-3.15-98253-gb56e429b1-gcc-linux/source/tools/ToolUnitTests/thread_ea_addr16.c
pin-3.15-98253-gb56e429b1-gcc-linux/source/tools/ToolUnitTests/sys_memory.h
pin-3.15-98253-gb56e429b1-gcc-linux/source/tools/ToolUnitTests/mxcsr_ia32.asm
pin-3.15-98253-gb56e429b1-gcc-linux/source/tools/ToolUnitTests/x87_regs_in_context_app.cpp
pin-3.15-98253-gb56e429b1-gcc-linux/source/tools/ToolUnitTests/reg_context_xmm.cpp
pin-3.15-98253-gb56e429b1-gcc-linux/source/tools/ToolUnitTests/jcx_addr16_tool.cpp
pin-3.15-98253-gb56e429b1-gcc-linux/source/tools/ToolUnitTests/rip_relative_prefix_67_asm_intel64.s
pin-3.15-98253-gb56e429b1-gcc-linux/source/tools/ToolUnitTests/fp_replace.cpp
pin-3.15-98253-gb56e429b1-gcc-linux/source/tools/ToolUnitTests/tcreatehook.reference
pin-3.15-98253-gb56e429b1-gcc-linux/source/tools/ToolUnitTests/reg_inst_gx.reference
pin-3.15-98253-gb56e429b1-gcc-linux/source/tools/ToolUnitTests/internal_exception_handler_app.cpp
pin-3.15-98253-gb56e429b1-gcc-linux/source/tools/ToolUnitTests/jcx_addr16_tool.reference
pin-3.15-98253-gb56e429b1-gcc-linux/source/tools/ToolUnitTests/df_test_tool5.cpp
pin-3.15-98253-gb56e429b1-gcc-linux/source/tools/ToolUnitTests/callapp14.cpp
pin-3.15-98253-gb56e429b1-gcc-linux/source/tools/ToolUnitTests/callapp_perf_tool.cpp
pin-3.15-98253-gb56e429b1-gcc-linux/source/tools/ToolUnitTests/insertand.cpp
pin-3.15-98253-gb56e429b1-gcc-linux/source/tools/ToolUnitTests/reg_context_fp_st.cpp
pin-3.15-98253-gb56e429b1-gcc-linux/source/tools/ToolUnitTests/win_early_thread.cpp
pin-3.15-98253-gb56e429b1-gcc-linux/source/tools/ToolUnitTests/passthru_context_xmm_regs_app.cpp
pin-3.15-98253-gb56e429b1-gcc-linux/source/tools/ToolUnitTests/swizzle5.cpp
pin-3.15-98253-gb56e429b1-gcc-linux/source/tools/ToolUnitTests/undecorate_app.cpp
pin-3.15-98253-gb56e429b1-gcc-linux/source/tools/ToolUnitTests/flag_spill_fill_test1_noinline_bridge.reference
pin-3.15-98253-gb56e429b1-gcc-linux/source/tools/ToolUnitTests/stress_const_context_app.cpp
pin-3.15-98253-gb56e429b1-gcc-linux/source/tools/ToolUnitTests/callsp_ia32.s
pin-3.15-98253-gb56e429b1-gcc-linux/source/tools/ToolUnitTests/symsize_asm.s
pin-3.15-98253-gb56e429b1-gcc-linux/source/tools/ToolUnitTests/flag_spill_fill_tool1_win.asm
pin-3.15-98253-gb56e429b1-gcc-linux/source/tools/ToolUnitTests/test_iarg_preserve_ia32_unix.s
pin-3.15-98253-gb56e429b1-gcc-linux/source/tools/ToolUnitTests/flag_ac_inline.reference
pin-3.15-98253-gb56e429b1-gcc-linux/source/tools/ToolUnitTests/analysis_flag_overwrite_app.c
pin-3.15-98253-gb56e429b1-gcc-linux/source/tools/ToolUnitTests/suspend-mxcsr.cpp
pin-3.15-98253-gb56e429b1-gcc-linux/source/tools/ToolUnitTests/xmmtest.cpp
pin-3.15-98253-gb56e429b1-gcc-linux/source/tools/ToolUnitTests/callapp1.cpp
pin-3.15-98253-gb56e429b1-gcc-linux/source/tools/ToolUnitTests/earlymalloc.cpp
pin-3.15-98253-gb56e429b1-gcc-linux/source/tools/ToolUnitTests/secname_tool.cpp
pin-3.15-98253-gb56e429b1-gcc-linux/source/tools/ToolUnitTests/checkinline.cpp
pin-3.15-98253-gb56e429b1-gcc-linux/source/tools/ToolUnitTests/sigmask-mac.reference
pin-3.15-98253-gb56e429b1-gcc-linux/source/tools/ToolUnitTests/analysis_flag_overwrite_app_win.asm
pin-3.15-98253-gb56e429b1-gcc-linux/source/tools/ToolUnitTests/farmain.cpp
pin-3.15-98253-gb56e429b1-gcc-linux/source/tools/ToolUnitTests/threadtestwin.c
pin-3.15-98253-gb56e429b1-gcc-linux/source/tools/ToolUnitTests/suspend-mxcsr-asm.asm
pin-3.15-98253-gb56e429b1-gcc-linux/source/tools/ToolUnitTests/callapp5.cpp
pin-3.15-98253-gb56e429b1-gcc-linux/source/tools/ToolUnitTests/exception_monitor_for_divide_by_zero_test.reference
pin-3.15-98253-gb56e429b1-gcc-linux/source/tools/ToolUnitTests/sys_memory_win.c
pin-3.15-98253-gb56e429b1-gcc-linux/source/tools/ToolUnitTests/soload.cpp
pin-3.15-98253-gb56e429b1-gcc-linux/source/tools/ToolUnitTests/iarg_tsc2.cpp
pin-3.15-98253-gb56e429b1-gcc-linux/source/tools/ToolUnitTests/change_syscall_app.c
pin-3.15-98253-gb56e429b1-gcc-linux/source/tools/ToolUnitTests/sse-ref_intel64.asm
pin-3.15-98253-gb56e429b1-gcc-linux/source/tools/ToolUnitTests/context.cpp
pin-3.15-98253-gb56e429b1-gcc-linux/source/tools/ToolUnitTests/callapp10.cpp
pin-3.15-98253-gb56e429b1-gcc-linux/source/tools/ToolUnitTests/inline_opt_test_df_ia32.asm
pin-3.15-98253-gb56e429b1-gcc-linux/source/tools/ToolUnitTests/image_entry.cpp
pin-3.15-98253-gb56e429b1-gcc-linux/source/tools/ToolUnitTests/partialinline.reference
pin-3.15-98253-gb56e429b1-gcc-linux/source/tools/ToolUnitTests/df_test3_noinline.reference
pin-3.15-98253-gb56e429b1-gcc-linux/source/tools/ToolUnitTests/thread_callback.cpp
pin-3.15-98253-gb56e429b1-gcc-linux/source/tools/ToolUnitTests/create_rtn.strip
pin-3.15-98253-gb56e429b1-gcc-linux/source/tools/ToolUnitTests/exports_only_tool.cpp
pin-3.15-98253-gb56e429b1-gcc-linux/source/tools/ToolUnitTests/isret.cpp
pin-3.15-98253-gb56e429b1-gcc-linux/source/tools/ToolUnitTests/xlat_app.cpp
pin-3.15-98253-gb56e429b1-gcc-linux/source/tools/ToolUnitTests/thenpredicated.cpp
pin-3.15-98253-gb56e429b1-gcc-linux/source/tools/ToolUnitTests/win_no_dependencies.cpp
pin-3.15-98253-gb56e429b1-gcc-linux/source/tools/ToolUnitTests/align_access_app.c
pin-3.15-98253-gb56e429b1-gcc-linux/source/tools/ToolUnitTests/sw_interrupt.cpp
pin-3.15-98253-gb56e429b1-gcc-linux/source/tools/ToolUnitTests/apc_monitor.cpp
pin-3.15-98253-gb56e429b1-gcc-linux/source/tools/ToolUnitTests/spalign_asm_intel64_win.asm
pin-3.15-98253-gb56e429b1-gcc-linux/source/tools/ToolUnitTests/reppredicate_ia32.reference
pin-3.15-98253-gb56e429b1-gcc-linux/source/tools/ToolUnitTests/spalign.cpp
pin-3.15-98253-gb56e429b1-gcc-linux/source/tools/ToolUnitTests/exception_tool_intel64.s
pin-3.15-98253-gb56e429b1-gcc-linux/source/tools/ToolUnitTests/returnflags_and_ref.cpp
pin-3.15-98253-gb56e429b1-gcc-linux/source/tools/ToolUnitTests/insert_if_then_call2.cpp
pin-3.15-98253-gb56e429b1-gcc-linux/source/tools/ToolUnitTests/sse-ref_ia32.s
pin-3.15-98253-gb56e429b1-gcc-linux/source/tools/ToolUnitTests/clobber.cpp
pin-3.15-98253-gb56e429b1-gcc-linux/source/tools/ToolUnitTests/sse-ref.reference
pin-3.15-98253-gb56e429b1-gcc-linux/source/tools/ToolUnitTests/flag_ac_win_inline.reference
pin-3.15-98253-gb56e429b1-gcc-linux/source/tools/ToolUnitTests/test_iarg_preserve_app2.cpp
pin-3.15-98253-gb56e429b1-gcc-linux/source/tools/ToolUnitTests/inline_opt_test_intel64.asm
pin-3.15-98253-gb56e429b1-gcc-linux/source/tools/ToolUnitTests/intrin.cpp
pin-3.15-98253-gb56e429b1-gcc-linux/source/tools/ToolUnitTests/analysis_flag_overwrite_tool2.cpp
pin-3.15-98253-gb56e429b1-gcc-linux/source/tools/ToolUnitTests/callapp12.cpp
pin-3.15-98253-gb56e429b1-gcc-linux/source/tools/ToolUnitTests/cmpxchg8b_win.asm
pin-3.15-98253-gb56e429b1-gcc-linux/source/tools/ToolUnitTests/exception_app_intel64.s
pin-3.15-98253-gb56e429b1-gcc-linux/source/tools/ToolUnitTests/secname_app.cpp
pin-3.15-98253-gb56e429b1-gcc-linux/source/tools/ToolUnitTests/thread_count2.cpp
pin-3.15-98253-gb56e429b1-gcc-linux/source/tools/ToolUnitTests/thread_count_cpp_exception.intel64.reference
pin-3.15-98253-gb56e429b1-gcc-linux/source/tools/ToolUnitTests/mtstatic.reference
pin-3.15-98253-gb56e429b1-gcc-linux/source/tools/ToolUnitTests/win_cpp_exception.reference
pin-3.15-98253-gb56e429b1-gcc-linux/source/tools/ToolUnitTests/inline_opt_test_ia32.asm
pin-3.15-98253-gb56e429b1-gcc-linux/source/tools/ToolUnitTests/reg_value_ymm.cpp
pin-3.15-98253-gb56e429b1-gcc-linux/source/tools/ToolUnitTests/df_test_tool4_win.asm
pin-3.15-98253-gb56e429b1-gcc-linux/source/tools/ToolUnitTests/callapp6.cpp
pin-3.15-98253-gb56e429b1-gcc-linux/source/tools/ToolUnitTests/import_forwarder_error.cpp
pin-3.15-98253-gb56e429b1-gcc-linux/source/tools/ToolUnitTests/fp_args.cpp
pin-3.15-98253-gb56e429b1-gcc-linux/source/tools/ToolUnitTests/badpath.reference
pin-3.15-98253-gb56e429b1-gcc-linux/source/tools/ToolUnitTests/suspend_win.cpp
pin-3.15-98253-gb56e429b1-gcc-linux/source/tools/ToolUnitTests/addr32_override_app_asm.s
pin-3.15-98253-gb56e429b1-gcc-linux/source/tools/ToolUnitTests/ins_check_fetcher.cpp
pin-3.15-98253-gb56e429b1-gcc-linux/source/tools/ToolUnitTests/analysis_flag_overwrite_tool1_win.asm
pin-3.15-98253-gb56e429b1-gcc-linux/source/tools/ToolUnitTests/set_fp_context_xmm_regs_app.cpp
pin-3.15-98253-gb56e429b1-gcc-linux/source/tools/ToolUnitTests/code_cache_block_overflow1.cpp
pin-3.15-98253-gb56e429b1-gcc-linux/source/tools/ToolUnitTests/tool_malloc.cpp
pin-3.15-98253-gb56e429b1-gcc-linux/source/tools/ToolUnitTests/check_tool_malloc.sh
pin-3.15-98253-gb56e429b1-gcc-linux/source/tools/ToolUnitTests/makefile
pin-3.15-98253-gb56e429b1-gcc-linux/source/tools/ToolUnitTests/datasym_app.c
pin-3.15-98253-gb56e429b1-gcc-linux/source/tools/ToolUnitTests/win_debug_service.cpp
pin-3.15-98253-gb56e429b1-gcc-linux/source/tools/ToolUnitTests/line.cpp
pin-3.15-98253-gb56e429b1-gcc-linux/source/tools/ToolUnitTests/repcmpsz.c
pin-3.15-98253-gb56e429b1-gcc-linux/source/tools/ToolUnitTests/exceptionAddress_lin_app.cpp
pin-3.15-98253-gb56e429b1-gcc-linux/source/tools/ToolUnitTests/simplebar64.c
pin-3.15-98253-gb56e429b1-gcc-linux/source/tools/ToolUnitTests/win_thread_create_apc.reference
pin-3.15-98253-gb56e429b1-gcc-linux/source/tools/ToolUnitTests/callapp7.cpp
pin-3.15-98253-gb56e429b1-gcc-linux/source/tools/ToolUnitTests/win_thread_create_apc.cpp
pin-3.15-98253-gb56e429b1-gcc-linux/source/tools/ToolUnitTests/winrange.address
pin-3.15-98253-gb56e429b1-gcc-linux/source/tools/ToolUnitTests/elf_symsize.cpp
pin-3.15-98253-gb56e429b1-gcc-linux/source/tools/ToolUnitTests/inline_opt_test_df_app.cpp
pin-3.15-98253-gb56e429b1-gcc-linux/source/tools/ToolUnitTests/emu_stack.cpp
pin-3.15-98253-gb56e429b1-gcc-linux/source/tools/ToolUnitTests/inlined-stack-arg2_win.asm
pin-3.15-98253-gb56e429b1-gcc-linux/source/tools/ToolUnitTests/isret_app.cpp
pin-3.15-98253-gb56e429b1-gcc-linux/source/tools/ToolUnitTests/doint_ia32.s
pin-3.15-98253-gb56e429b1-gcc-linux/source/tools/ToolUnitTests/win_callback_app.cpp
pin-3.15-98253-gb56e429b1-gcc-linux/source/tools/ToolUnitTests/analysis_flag_overwrite_tool3_win.asm
pin-3.15-98253-gb56e429b1-gcc-linux/source/tools/ToolUnitTests/memory_displacement.cpp
pin-3.15-98253-gb56e429b1-gcc-linux/source/tools/ToolUnitTests/one.c
pin-3.15-98253-gb56e429b1-gcc-linux/source/tools/ToolUnitTests/exception_monitor_for_cpp_exception_test.reference
pin-3.15-98253-gb56e429b1-gcc-linux/source/tools/makefile
pin-3.15-98253-gb56e429b1-gcc-linux/source/tools/GracefulExit/
pin-3.15-98253-gb56e429b1-gcc-linux/source/tools/GracefulExit/exitFromFini_tool.cpp
pin-3.15-98253-gb56e429b1-gcc-linux/source/tools/GracefulExit/threadUtils_linux.cpp
pin-3.15-98253-gb56e429b1-gcc-linux/source/tools/GracefulExit/makefile.rules
pin-3.15-98253-gb56e429b1-gcc-linux/source/tools/GracefulExit/threadUtils_android.cpp
pin-3.15-98253-gb56e429b1-gcc-linux/source/tools/GracefulExit/applicationexit.master
pin-3.15-98253-gb56e429b1-gcc-linux/source/tools/GracefulExit/create_and_exit_thread.cpp
pin-3.15-98253-gb56e429b1-gcc-linux/source/tools/GracefulExit/exitApplicationLocked_app.cpp
pin-3.15-98253-gb56e429b1-gcc-linux/source/tools/GracefulExit/applicationexit.cpp
pin-3.15-98253-gb56e429b1-gcc-linux/source/tools/GracefulExit/threadUtils_windows.cpp
pin-3.15-98253-gb56e429b1-gcc-linux/source/tools/GracefulExit/threadFini_exception_app.cpp
pin-3.15-98253-gb56e429b1-gcc-linux/source/tools/GracefulExit/exitFromInstCallback_tool.cpp
pin-3.15-98253-gb56e429b1-gcc-linux/source/tools/GracefulExit/raceToExit_app.cpp
pin-3.15-98253-gb56e429b1-gcc-linux/source/tools/GracefulExit/threadFini_sendsig.cpp
pin-3.15-98253-gb56e429b1-gcc-linux/source/tools/GracefulExit/threadFini_app.cpp
pin-3.15-98253-gb56e429b1-gcc-linux/source/tools/GracefulExit/threadUtils.h
pin-3.15-98253-gb56e429b1-gcc-linux/source/tools/GracefulExit/threadFini_tool.cpp
pin-3.15-98253-gb56e429b1-gcc-linux/source/tools/GracefulExit/exitApplicationLocked_tool.cpp
pin-3.15-98253-gb56e429b1-gcc-linux/source/tools/GracefulExit/threadFini_sig_app.cpp
pin-3.15-98253-gb56e429b1-gcc-linux/source/tools/GracefulExit/create_and_exit_thread_utils.h
pin-3.15-98253-gb56e429b1-gcc-linux/source/tools/GracefulExit/raceToEnterVm_app.cpp
pin-3.15-98253-gb56e429b1-gcc-linux/source/tools/GracefulExit/makefile
pin-3.15-98253-gb56e429b1-gcc-linux/source/tools/GracefulExit/create_and_exit_thread_app.cpp
pin-3.15-98253-gb56e429b1-gcc-linux/source/tools/GracefulExit/exitFromFini_app.cpp
pin-3.15-98253-gb56e429b1-gcc-linux/pin
pin-3.15-98253-gb56e429b1-gcc-linux/README
pin-3.15-98253-gb56e429b1-gcc-linux/intel64/
pin-3.15-98253-gb56e429b1-gcc-linux/intel64/bin/
pin-3.15-98253-gb56e429b1-gcc-linux/intel64/bin/pindb
pin-3.15-98253-gb56e429b1-gcc-linux/intel64/bin/pinbin
pin-3.15-98253-gb56e429b1-gcc-linux/intel64/bin/pindb.sig
pin-3.15-98253-gb56e429b1-gcc-linux/intel64/bin/pinbin.sig
pin-3.15-98253-gb56e429b1-gcc-linux/intel64/runtime/
pin-3.15-98253-gb56e429b1-gcc-linux/intel64/runtime/pincrt/
pin-3.15-98253-gb56e429b1-gcc-linux/intel64/runtime/pincrt/libstlport-dynamic.so
pin-3.15-98253-gb56e429b1-gcc-linux/intel64/runtime/pincrt/crtend.o.sig
pin-3.15-98253-gb56e429b1-gcc-linux/intel64/runtime/pincrt/libdl-dynamic.so.sig
pin-3.15-98253-gb56e429b1-gcc-linux/intel64/runtime/pincrt/crtendS.o
pin-3.15-98253-gb56e429b1-gcc-linux/intel64/runtime/pincrt/libos-apis.a
pin-3.15-98253-gb56e429b1-gcc-linux/intel64/runtime/pincrt/libm-dynamic.so
pin-3.15-98253-gb56e429b1-gcc-linux/intel64/runtime/pincrt/crtbeginS.o
pin-3.15-98253-gb56e429b1-gcc-linux/intel64/runtime/pincrt/libdl-dynamic.so
pin-3.15-98253-gb56e429b1-gcc-linux/intel64/runtime/pincrt/libos-apis.a.sig
pin-3.15-98253-gb56e429b1-gcc-linux/intel64/runtime/pincrt/crtbegin.o
pin-3.15-98253-gb56e429b1-gcc-linux/intel64/runtime/pincrt/libc-static.a.sig
pin-3.15-98253-gb56e429b1-gcc-linux/intel64/runtime/pincrt/crtbegin.o.sig
pin-3.15-98253-gb56e429b1-gcc-linux/intel64/runtime/pincrt/libm-dynamic.so.sig
pin-3.15-98253-gb56e429b1-gcc-linux/intel64/runtime/pincrt/libunwind-dynamic.so
pin-3.15-98253-gb56e429b1-gcc-linux/intel64/runtime/pincrt/libunwind-dynamic.so.sig
pin-3.15-98253-gb56e429b1-gcc-linux/intel64/runtime/pincrt/libstlport-dynamic.so.sig
pin-3.15-98253-gb56e429b1-gcc-linux/intel64/runtime/pincrt/libc-static.a
pin-3.15-98253-gb56e429b1-gcc-linux/intel64/runtime/pincrt/crtendS.o.sig
pin-3.15-98253-gb56e429b1-gcc-linux/intel64/runtime/pincrt/libc-dynamic.so.sig
pin-3.15-98253-gb56e429b1-gcc-linux/intel64/runtime/pincrt/crtbeginS.o.sig
pin-3.15-98253-gb56e429b1-gcc-linux/intel64/runtime/pincrt/linker
pin-3.15-98253-gb56e429b1-gcc-linux/intel64/runtime/pincrt/crtend.o
pin-3.15-98253-gb56e429b1-gcc-linux/intel64/runtime/pincrt/linker.sig
pin-3.15-98253-gb56e429b1-gcc-linux/intel64/runtime/pincrt/libc-dynamic.so
pin-3.15-98253-gb56e429b1-gcc-linux/intel64/lib/
pin-3.15-98253-gb56e429b1-gcc-linux/intel64/lib/libpin.a
pin-3.15-98253-gb56e429b1-gcc-linux/intel64/lib/libpinjitprofiling.so
pin-3.15-98253-gb56e429b1-gcc-linux/intel64/lib/libsapin-icc.a
pin-3.15-98253-gb56e429b1-gcc-linux/intel64/lib/libsapin-icc.a.sig
pin-3.15-98253-gb56e429b1-gcc-linux/intel64/lib/libpin-icc.a
pin-3.15-98253-gb56e429b1-gcc-linux/intel64/lib/libpin.a.sig
pin-3.15-98253-gb56e429b1-gcc-linux/intel64/lib/libsapin.a.sig
pin-3.15-98253-gb56e429b1-gcc-linux/intel64/lib/libpinjitprofiling.so.sig
pin-3.15-98253-gb56e429b1-gcc-linux/intel64/lib/libsapin.a
pin-3.15-98253-gb56e429b1-gcc-linux/intel64/lib/libpin-icc.a.sig
pin-3.15-98253-gb56e429b1-gcc-linux/intel64/lib-ext/
pin-3.15-98253-gb56e429b1-gcc-linux/intel64/lib-ext/libpin3dwarf.so.sig
pin-3.15-98253-gb56e429b1-gcc-linux/intel64/lib-ext/libpin3dwarf.so
 ---> Removed intermediate container 807e448ba510
 ---> 607d9efddf61
Step 29/40 : ENV PIN_ROOT $tmpdir/pin-3.15-98253-gb56e429b1-gcc-linux
 ---> Running in 71b10be9886f
 ---> Removed intermediate container 71b10be9886f
 ---> 64128167b988
Step 30/40 : ENV SCARAB_ENABLE_PT_MEMTRACE 1
 ---> Running in a8bcb8c013c0
 ---> Removed intermediate container a8bcb8c013c0
 ---> e682cf41b64e
Step 31/40 : ENV LD_LIBRARY_PATH $tmpdir/pin-3.15-98253-gb56e429b1-gcc-linux/extras/xed-intel64/lib
 ---> Running in 04c03d03f2e2
 ---> Removed intermediate container 04c03d03f2e2
 ---> a943437e8e0f
Step 32/40 : ENV LD_LIBRARY_PATH $tmpdir/pin-3.15-98253-gb56e429b1-gcc-linux/intel64/runtime/pincrt:$LD_LIBRARY_PATH
 ---> Running in 09d5a8374407
 ---> Removed intermediate container 09d5a8374407
 ---> 6263f852b0a9
Step 33/40 : ENV LD_LIBRARY_PATH $DYNAMORIO_HOME/lib64/release:$LD_LIBRARY_PATH
 ---> Running in 01682615906b
 ---> Removed intermediate container 01682615906b
 ---> b01f861a9cd9
Step 34/40 : RUN cd $tmpdir/ &&     git clone https://github.com/kofyou/SimPoint.3.2.git &&     make -C SimPoint.3.2 &&     ln -s SimPoint.3.2/bin/simpoint ./simpoint
 ---> Running in a549c6d535c7
[91mCloning into 'SimPoint.3.2'...
[0mmake: Entering directory '/tmp_home/SimPoint.3.2'
make -C analysiscode
make[1]: Entering directory '/tmp_home/SimPoint.3.2/analysiscode'
set -e; g++ -MM -Wall -pedantic -pedantic-errors -O3 -g Utilities.cpp \
| sed 's/\(Utilities\)\.o[ :]*/\1.o Utilities.d : /g' > Utilities.d; \
[ -s Utilities.d ] || rm -f Utilities.d
set -e; g++ -MM -Wall -pedantic -pedantic-errors -O3 -g SimpointOptions.cpp \
| sed 's/\(SimpointOptions\)\.o[ :]*/\1.o SimpointOptions.d : /g' > SimpointOptions.d; \
[ -s SimpointOptions.d ] || rm -f SimpointOptions.d
set -e; g++ -MM -Wall -pedantic -pedantic-errors -O3 -g Simpoint.cpp \
| sed 's/\(Simpoint\)\.o[ :]*/\1.o Simpoint.d : /g' > Simpoint.d; \
[ -s Simpoint.d ] || rm -f Simpoint.d
set -e; g++ -MM -Wall -pedantic -pedantic-errors -O3 -g Logger.cpp \
| sed 's/\(Logger\)\.o[ :]*/\1.o Logger.d : /g' > Logger.d; \
[ -s Logger.d ] || rm -f Logger.d
set -e; g++ -MM -Wall -pedantic -pedantic-errors -O3 -g KMeans.cpp \
| sed 's/\(KMeans\)\.o[ :]*/\1.o KMeans.d : /g' > KMeans.d; \
[ -s KMeans.d ] || rm -f KMeans.d
set -e; g++ -MM -Wall -pedantic -pedantic-errors -O3 -g FVParser.cpp \
| sed 's/\(FVParser\)\.o[ :]*/\1.o FVParser.d : /g' > FVParser.d; \
[ -s FVParser.d ] || rm -f FVParser.d
set -e; g++ -MM -Wall -pedantic -pedantic-errors -O3 -g Dataset.cpp \
| sed 's/\(Dataset\)\.o[ :]*/\1.o Dataset.d : /g' > Dataset.d; \
[ -s Dataset.d ] || rm -f Dataset.d
set -e; g++ -MM -Wall -pedantic -pedantic-errors -O3 -g Datapoint.cpp \
| sed 's/\(Datapoint\)\.o[ :]*/\1.o Datapoint.d : /g' > Datapoint.d; \
[ -s Datapoint.d ] || rm -f Datapoint.d
set -e; g++ -MM -Wall -pedantic -pedantic-errors -O3 -g CmdLineParser.cpp \
| sed 's/\(CmdLineParser\)\.o[ :]*/\1.o CmdLineParser.d : /g' > CmdLineParser.d; \
[ -s CmdLineParser.d ] || rm -f CmdLineParser.d
g++  -Wall -pedantic -pedantic-errors -O3 -g  -c -o CmdLineParser.o CmdLineParser.cpp
g++  -Wall -pedantic -pedantic-errors -O3 -g  -c -o Datapoint.o Datapoint.cpp
[91mDatapoint.cpp: In member function 'void Datapoint::read(FILE*)':
Datapoint.cpp:215:11: warning: ignoring return value of 'int fscanf(FILE*, const char*, ...)', declared with attribute warn_unused_result [-Wunused-result]
  215 |     fscanf(in, "%u", &length);
      |     ~~~~~~^~~~~~~~~~~~~~~~~~~
Datapoint.cpp:223:15: warning: ignoring return value of 'int fscanf(FILE*, const char*, ...)', declared with attribute warn_unused_result [-Wunused-result]
  223 |         fscanf(in, "%lf", &(*this)[i]);
      |         ~~~~~~^~~~~~~~~~~~~~~~~~~~~~~~
[0m[91mDatapoint.cpp: In member function 'void Datapoint::readBinary(FILE*)':
Datapoint.cpp:252:10: warning: ignoring return value of 'size_t fread(void*, size_t, size_t, FILE*)', declared with attribute warn_unused_result [-Wunused-result]
  252 |     fread((void *)&length, sizeof(unsigned int), 1, in);
      |     ~~~~~^~~~~~~~~~~~~~~~~~~~~~~~~~~~~~~~~~~~~~~~~~~~~~
Datapoint.cpp:255:10: warning: ignoring return value of 'size_t fread(void*, size_t, size_t, FILE*)', declared with attribute warn_unused_result [-Wunused-result]
  255 |     fread((void *)&(*b), sizeof(double), length, in);
      |     ~~~~~^~~~~~~~~~~~~~~~~~~~~~~~~~~~~~~~~~~~~~~~~~~
[0mg++  -Wall -pedantic -pedantic-errors -O3 -g  -c -o Dataset.o Dataset.cpp
[91mDataset.cpp: In member function 'void Dataset::read(FILE*)':
Dataset.cpp:174:11: warning: ignoring return value of 'int fscanf(FILE*, const char*, ...)', declared with attribute warn_unused_result [-Wunused-result]
  174 |     fscanf(in, "%u", &length);
      |     ~~~~~~^~~~~~~~~~~~~~~~~~~
Dataset.cpp:189:19: warning: ignoring return value of 'int fscanf(FILE*, const char*, ...)', declared with attribute warn_unused_result [-Wunused-result]
  189 |             fscanf(in, "%lf", &weight);
      |             ~~~~~~^~~~~~~~~~~~~~~~~~~~
[0m[91mDataset.cpp: In member function 'void Dataset::readBinary(FILE*)':
Dataset.cpp:251:10: warning: ignoring return value of 'size_t fread(void*, size_t, size_t, FILE*)', declared with attribute warn_unused_result [-Wunused-result]
  251 |     fread((void *)&length, sizeof(unsigned int), 1, in);
      |     ~~~~~^~~~~~~~~~~~~~~~~~~~~~~~~~~~~~~~~~~~~~~~~~~~~~
Dataset.cpp:254:10: warning: ignoring return value of 'size_t fread(void*, size_t, size_t, FILE*)', declared with attribute warn_unused_result [-Wunused-result]
  254 |     fread((void *)&hasWeights, sizeof(unsigned int), 1, in);
      |     ~~~~~^~~~~~~~~~~~~~~~~~~~~~~~~~~~~~~~~~~~~~~~~~~~~~~~~~
Dataset.cpp:261:18: warning: ignoring return value of 'size_t fread(void*, size_t, size_t, FILE*)', declared with attribute warn_unused_result [-Wunused-result]
  261 |             fread((void *)&weight, sizeof(double), 1, in);
      |             ~~~~~^~~~~~~~~~~~~~~~~~~~~~~~~~~~~~~~~~~~~~~~
[0mg++  -Wall -pedantic -pedantic-errors -O3 -g  -c -o FVParser.o FVParser.cpp
[91mFVParser.cpp: In member function 'bool FVParser::nextLine(std::__cxx11::list<FVParserToken>*)':
FVParser.cpp:106:14: warning: ignoring return value of 'char* fgets(char*, int, FILE*)', declared with attribute warn_unused_result [-Wunused-result]
  106 |         fgets(buffer, BUF_SIZE, input);
      |         ~~~~~^~~~~~~~~~~~~~~~~~~~~~~~~
[0mg++  -Wall -pedantic -pedantic-errors -O3 -g  -c -o KMeans.o KMeans.cpp
g++  -Wall -pedantic -pedantic-errors -O3 -g  -c -o Logger.o Logger.cpp
g++  -Wall -pedantic -pedantic-errors -O3 -g  -c -o Simpoint.o Simpoint.cpp
g++  -Wall -pedantic -pedantic-errors -o SimpointOptions.o -c SimpointOptions.cpp
g++  -Wall -pedantic -pedantic-errors -O3 -g  -c -o Utilities.o Utilities.cpp
g++ -Wall -pedantic -pedantic-errors -O3 -g CmdLineParser.o Datapoint.o Dataset.o FVParser.o KMeans.o Logger.o Simpoint.o SimpointOptions.o Utilities.o -o simpoint
cp simpoint ../bin/.
make[1]: Leaving directory '/tmp_home/SimPoint.3.2/analysiscode'
make: Leaving directory '/tmp_home/SimPoint.3.2'
 ---> Removed intermediate container a549c6d535c7
 ---> 51f41349662b
Step 35/40 : RUN cd $tmpdir/ && git clone https://github.com/litz-lab/scarab
 ---> Running in e7f1e484e63a
[91mCloning into 'scarab'...
[0m ---> Removed intermediate container e7f1e484e63a
 ---> f59ae186adc6
Step 36/40 : RUN pip3 install -r $tmpdir/scarab/bin/requirements.txt
 ---> Running in 9c20e75cd8ff
Collecting numpy>=1.16.6
  Downloading numpy-1.24.4-cp38-cp38-manylinux_2_17_x86_64.manylinux2014_x86_64.whl (17.3 MB)
Collecting scipy>=1.4.1
  Downloading scipy-1.10.1-cp38-cp38-manylinux_2_17_x86_64.manylinux2014_x86_64.whl (34.5 MB)
Collecting pandas>=1.0.3
  Downloading pandas-2.0.3-cp38-cp38-manylinux_2_17_x86_64.manylinux2014_x86_64.whl (12.4 MB)
Collecting pylint>=2.5.2
  Downloading pylint-3.2.7-py3-none-any.whl (519 kB)
Collecting pyparsing>=2.4.7
  Downloading pyparsing-3.1.4-py3-none-any.whl (104 kB)
Collecting python-dateutil>=2.8.1
  Downloading python_dateutil-2.9.0.post0-py2.py3-none-any.whl (229 kB)
Collecting PyYAML>=5.4
  Downloading PyYAML-6.0.3-cp38-cp38-manylinux2014_x86_64.manylinux_2_17_x86_64.manylinux_2_28_x86_64.whl (806 kB)
Collecting statistics>=1.0.3.5
  Downloading statistics-1.0.3.5.tar.gz (8.3 kB)
Collecting tzdata>=2022.1
  Downloading tzdata-2026.3-py2.py3-none-any.whl (348 kB)
Collecting pytz>=2020.1
  Downloading pytz-2026.2-py2.py3-none-any.whl (510 kB)
Collecting tomli>=1.1.0; python_version < "3.11"
  Downloading tomli-2.4.1-py3-none-any.whl (14 kB)
Collecting dill>=0.2; python_version < "3.11"
  Downloading dill-0.4.0-py3-none-any.whl (119 kB)
Collecting platformdirs>=2.2.0
  Downloading platformdirs-4.3.6-py3-none-any.whl (18 kB)
Collecting typing-extensions>=3.10.0; python_version < "3.10"
  Downloading typing_extensions-4.13.2-py3-none-any.whl (45 kB)
Collecting isort!=5.13.0,<6,>=4.2.5
  Downloading isort-5.13.2-py3-none-any.whl (92 kB)
Collecting tomlkit>=0.10.1
  Downloading tomlkit-0.13.3-py3-none-any.whl (38 kB)
Collecting astroid<=3.3.0-dev0,>=3.2.4
  Downloading astroid-3.2.4-py3-none-any.whl (276 kB)
Collecting mccabe<0.8,>=0.6
  Downloading mccabe-0.7.0-py2.py3-none-any.whl (7.3 kB)
Collecting six>=1.5
  Downloading six-1.17.0-py2.py3-none-any.whl (11 kB)
Collecting docutils>=0.3
  Downloading docutils-0.20.1-py3-none-any.whl (572 kB)
Building wheels for collected packages: statistics
  Building wheel for statistics (setup.py): started
  Building wheel for statistics (setup.py): finished with status 'done'
  Created wheel for statistics: filename=statistics-1.0.3.5-py3-none-any.whl size=7451 sha256=2fac4e1f09f457b91c609b05bb5616a74f2ef3da2704810079f211bc7f5e7ce3
  Stored in directory: /root/.cache/pip/wheels/36/4b/c7/6af97584669b756c0d60c5ff05d5fb1f533a4e4d96e5ee92b9
Successfully built statistics
Installing collected packages: numpy, scipy, tzdata, six, python-dateutil, pytz, pandas, tomli, dill, platformdirs, typing-extensions, isort, tomlkit, astroid, mccabe, pylint, pyparsing, PyYAML, docutils, statistics
  Attempting uninstall: PyYAML
    Found existing installation: PyYAML 5.3.1
    Not uninstalling pyyaml at /usr/lib/python3/dist-packages, outside environment /usr
    Can't uninstall 'PyYAML'. No files were found to uninstall.
Successfully installed PyYAML-6.0.3 astroid-3.2.4 dill-0.4.0 docutils-0.20.1 isort-5.13.2 mccabe-0.7.0 numpy-1.24.4 pandas-2.0.3 platformdirs-4.3.6 pylint-3.2.7 pyparsing-3.1.4 python-dateutil-2.9.0.post0 pytz-2026.2 scipy-1.10.1 six-1.17.0 statistics-1.0.3.5 tomli-2.4.1 tomlkit-0.13.3 typing-extensions-4.13.2 tzdata-2026.3
 ---> Removed intermediate container 9c20e75cd8ff
 ---> a08fa6b4f2cd
Step 37/40 : RUN cd $tmpdir && git clone https://github.com/andikleen/pmu-tools.git
 ---> Running in 1db136594311
[91mCloning into 'pmu-tools'...
[0m ---> Removed intermediate container 1db136594311
 ---> d95c1aa678a0
Step 38/40 : ENV DOCKER_BUILDKIT 1
 ---> Running in c1e370943bad
 ---> Removed intermediate container c1e370943bad
 ---> 064775ba3014
Step 39/40 : ENV COMPOSE_DOCKER_CLI_BUILD 1
 ---> Running in 55dc60c96a1b
 ---> Removed intermediate container 55dc60c96a1b
 ---> 355bd9efc7f5
Step 40/40 : CMD ["/bin/bash"]
 ---> Running in 7d40af5aa84c
 ---> Removed intermediate container 7d40af5aa84c
 ---> 9a2c57e9380c
Successfully built 9a2c57e9380c
Successfully tagged allbench_traces:bc6f831
$ git status --porcelain /users/deepmish/scarab-infra/common /users/deepmish/scarab-infra/workloads/allbench_traces
$ git rev-parse --short HEAD
$ docker images --format {{.Repository}}:{{.Tag}}

==> Build Docker Image
   Workload group: allbench_traces
   Target tag: allbench_traces:bc6f831
$ git diff 76ef88a -- /users/deepmish/scarab-infra/common /users/deepmish/scarab-infra/workloads/allbench_traces
   Changes detected or no base image available; building from source.
$ docker build /users/deepmish/scarab-infra -f /users/deepmish/scarab-infra/.sci-dockerfile-allbench_traces-guvezvkd.dockerfile --no-cache -t allbench_traces:bc6f831
   Docker image ready: allbench_traces:bc6f831
Untagged: allbench_traces:bc6f831
Deleted: sha256:9a2c57e9380c43a86ae19b083dfc6cfb9418ec9cd3001ac733fc0cc0e5f91edc
Deleted: sha256:355bd9efc7f517b6865df9eeaea24f1772d60b14d7daf3f4716334491428ff9d
Deleted: sha256:064775ba3014ffe1b8bb73177f8534eec662b0d3f13be8d77af4311453628ee6
Deleted: sha256:d95c1aa678a02dd1bc5ddbbf3b280dd8fbbcd343c70a42f778b5555baa05ebb4
Deleted: sha256:a08fa6b4f2cd46b6c7cfa27ef5d284fda123ef5f548825ca6e6029f0da15ec41
Deleted: sha256:f59ae186adc69f901c57bb00571ec216bbb0353be4666d627e8d3de87b5d2021
Deleted: sha256:51f41349662b33b99cef71e26de600ddd74824d73c0459ba0ea734362e7c188c
Deleted: sha256:b01f861a9cd97437a2cab6d1c6c047601b0280f83269dd5fd39d5961a26e0ece
Deleted: sha256:6263f852b0a9170d3dc155c81de4945e922fe4c78f4c285e88160dea2491ca7f
Deleted: sha256:a943437e8e0f285c960fb2661a9e6c4cf7f27b5329de3591dcc5d8aca45dcd66
Deleted: sha256:e682cf41b64e8a140e3ab6a5e74eccee0795a032b5ecba5d30308ad8c0c7b15b
Deleted: sha256:64128167b988fcee66f52c12ebd0b46e3b23260e0c519b9b37de96b42856b043
Deleted: sha256:607d9efddf617d0b05e19c6a13594ec37daba802a5781e1b3a81420037be5c02
Deleted: sha256:bc2e0d1424143d55f864cf5dd3b3432dd34fcb21b99140bc960e30f19891e868
Deleted: sha256:71a6dcd13c112db0dce967d6d5e1e1a63b65078ac10b936ad6ae686bdb84ef61
Deleted: sha256:d5d39b386e9cce5ca01366a229d741ce4460bd8581a468775661a2e7372f21c6
Deleted: sha256:73ca35e8ca059a3d0b1b4d72836d363c0d56cce2406c09daabfd2a98fa644e0c
Deleted: sha256:0bb8cf644167ab100a70f3c7c93f43bc0e04c9b94d8954f21845ef0b4831c6ab
Deleted: sha256:06c31fbd8c9511633b0689098b2a718f74c44bb8037b95151429faff2772a71e
Deleted: sha256:10db75b46f276308bd12d97003c901fcc68a6cda4e39f3dcaec0efd669c879c2
Deleted: sha256:6bb8de6495e0800909e1b103f73eba630e195410cdeaa34a1480edb077217a99
Deleted: sha256:21ced39aa3b49c301976cf9b9f19b8d9dbf0f70008d8ba37e8fbdc2c8eeaa3e9
Deleted: sha256:4f29679fa5edb43b0ced1c84a7e5d1f8c07d233a74f5b4fa15e7ace247c314ab
Deleted: sha256:e9c2bf62b539c9319dd4e35fde8434b6d55deb814d374d600ea3f3576a00a0da
Deleted: sha256:7a23c1a9665b82e9ee6cbe2e8b79621978584e6650476282e085f05152289f51
Deleted: sha256:c84d5704dc0950407dbd345b334313be73e438293321b5f7d01f9d49f7864b35
Deleted: sha256:29e55e795b3c015800142be687e4f2325088d5e37bca15792709f8b352690f1f
Deleted: sha256:acda37dec97cac40896f5fe7d96cb7aa873d4aa59751ae1644d101ca2a571c64
Deleted: sha256:476187d8b2855ef564b6d7175bbb28903207f3170e9f3ab4a826b6f1ba4288e5
Deleted: sha256:8aa08b24f6216b05be757b913aadca10344aa33b7f180b9fc30ca728e9d18672
Deleted: sha256:ed1fa9a5e08b6dc3d26ee71478c6f9d163ceb8864e76dde2f098630fcf297f33
Deleted: sha256:f7f39c02cc3623c54d2cfd6bf3c62f6ad6834bd97ad49f13d5779d311a580c96
Deleted: sha256:02d902a1e1238962afe2f4a21cd7ec8559fa44505fa719ec90bb06bbd39a986b
Deleted: sha256:9f52c03d266d80df07ac166636e6c873ca4439934ec861563b438b06acf57c98
Deleted: sha256:93b8a864730b9d3e994e7edb39f6dfab2101ac8e1964e36148ad0ea5e7b811fe
Deleted: sha256:82dc7841508dfc2f106e071bb97b2d2d5303803d7201eebd428a769142d5e5d1
Deleted: sha256:cecb5769df32476f3ff5b6edf742b219962d7d6325e2a70b009250df20a39290
Deleted: sha256:6c9c61cba52ecc658e269b2321ecab1837ea3f854ac81ad8fbfa5d496fd01e98
Deleted: sha256:03ff2921f682eb3dd130b9541ab85732b0407179ef52cf9b9ae0dee9d4d12778
['allbench_traces:bc6f831']
[None]
INFO: Calculate distribution stats for 516 groups
Took: 0.11222362518310547 seconds
INFO: Postprocess took: 0.11327862739562988 seconds
Wrote CSV: /users/deepmish/scarab/src/simulations/ideal-fusion-pass2/collected_stats.csv
[datacenter, datacenter, appworld, None, memtrace] is a valid simulation option.
[datacenter, datacenter, bfs, None, memtrace] is a valid simulation option.
[datacenter, datacenter, dfs, None, memtrace] is a valid simulation option.
[datacenter, datacenter, pagerank, None, memtrace] is a valid simulation option.
[datacenter, datacenter, core_bench, None, memtrace] is a valid simulation option.
[datacenter, datacenter, terminal_bench, None, memtrace] is a valid simulation option.
[datacenter, datacenter, duckdb, None, memtrace] is a valid simulation option.
[datacenter, datacenter, rocksdb, None, memtrace] is a valid simulation option.
[datacenter, datacenter, clickhouse, None, memtrace] is a valid simulation option.
Invoking /users/deepmish/scarab-infra/sci --build-image allbench_traces
INFO: Rebuild reason(s): scarab repo has uncommitted changes
Rebuilding Scarab binary...
Scarab build successful!
Submitting jobs...
Wait processes...
scripts/docker_cleaner.py --images allbench_traces:bc6f831
