Linux 5.15.0-177-generic (node0.paper.datacntr-effcy-pg0.utah.cloudlab.us) 	07/10/26 	_x86_64_	(32 CPU)

19:46:54     CPU    %usr   %nice    %sys %iowait    %irq   %soft  %steal  %guest  %gnice   %idle
19:46:55     all   99.10    0.00    0.81    0.00    0.00    0.00    0.00    0.00    0.00    0.09
19:46:55       0   99.00    0.00    1.00    0.00    0.00    0.00    0.00    0.00    0.00    0.00
19:46:55       1  100.00    0.00    0.00    0.00    0.00    0.00    0.00    0.00    0.00    0.00
19:46:55       2  100.00    0.00    0.00    0.00    0.00    0.00    0.00    0.00    0.00    0.00
19:46:55       3   99.00    0.00    1.00    0.00    0.00    0.00    0.00    0.00    0.00    0.00
19:46:55       4  100.00    0.00    0.00    0.00    0.00    0.00    0.00    0.00    0.00    0.00
19:46:55       5  100.00    0.00    0.00    0.00    0.00    0.00    0.00    0.00    0.00    0.00
19:46:55       6  100.00    0.00    0.00    0.00    0.00    0.00    0.00    0.00    0.00    0.00
19:46:55       7   98.00    0.00    2.00    0.00    0.00    0.00    0.00    0.00    0.00    0.00
19:46:55       8   99.01    0.00    0.99    0.00    0.00    0.00    0.00    0.00    0.00    0.00
19:46:55       9   99.00    0.00    1.00    0.00    0.00    0.00    0.00    0.00    0.00    0.00
19:46:55      10   98.02    0.00    1.98    0.00    0.00    0.00    0.00    0.00    0.00    0.00
19:46:55      11  100.00    0.00    0.00    0.00    0.00    0.00    0.00    0.00    0.00    0.00
19:46:55      12   97.98    0.00    2.02    0.00    0.00    0.00    0.00    0.00    0.00    0.00
19:46:55      13   99.01    0.00    0.99    0.00    0.00    0.00    0.00    0.00    0.00    0.00
19:46:55      14   98.02    0.00    1.98    0.00    0.00    0.00    0.00    0.00    0.00    0.00
19:46:55      15   99.00    0.00    1.00    0.00    0.00    0.00    0.00    0.00    0.00    0.00
19:46:55      16   99.00    0.00    1.00    0.00    0.00    0.00    0.00    0.00    0.00    0.00
19:46:55      17  100.00    0.00    0.00    0.00    0.00    0.00    0.00    0.00    0.00    0.00
19:46:55      18  100.00    0.00    0.00    0.00    0.00    0.00    0.00    0.00    0.00    0.00
19:46:55      19  100.00    0.00    0.00    0.00    0.00    0.00    0.00    0.00    0.00    0.00
19:46:55      20   99.01    0.00    0.99    0.00    0.00    0.00    0.00    0.00    0.00    0.00
19:46:55      21   99.01    0.00    0.99    0.00    0.00    0.00    0.00    0.00    0.00    0.00
19:46:55      22  100.00    0.00    0.00    0.00    0.00    0.00    0.00    0.00    0.00    0.00
19:46:55      23  100.00    0.00    0.00    0.00    0.00    0.00    0.00    0.00    0.00    0.00
19:46:55      24  100.00    0.00    0.00    0.00    0.00    0.00    0.00    0.00    0.00    0.00
19:46:55      25   99.01    0.00    0.99    0.00    0.00    0.00    0.00    0.00    0.00    0.00
19:46:55      26   97.06    0.00    1.96    0.00    0.00    0.00    0.00    0.00    0.00    0.98
19:46:55      27  100.00    0.00    0.00    0.00    0.00    0.00    0.00    0.00    0.00    0.00
19:46:55      28   94.06    0.00    3.96    0.00    0.00    0.00    0.00    0.00    0.00    1.98
19:46:55      29   99.00    0.00    1.00    0.00    0.00    0.00    0.00    0.00    0.00    0.00
19:46:55      30   99.00    0.00    1.00    0.00    0.00    0.00    0.00    0.00    0.00    0.00
19:46:55      31  100.00    0.00    0.00    0.00    0.00    0.00    0.00    0.00    0.00    0.00

19:46:55     CPU    %usr   %nice    %sys %iowait    %irq   %soft  %steal  %guest  %gnice   %idle
19:46:56     all   99.12    0.00    0.72    0.00    0.00    0.00    0.00    0.00    0.00    0.16
19:46:56       0  100.00    0.00    0.00    0.00    0.00    0.00    0.00    0.00    0.00    0.00
19:46:56       1  100.00    0.00    0.00    0.00    0.00    0.00    0.00    0.00    0.00    0.00
19:46:56       2   99.00    0.00    1.00    0.00    0.00    0.00    0.00    0.00    0.00    0.00
19:46:56       3  100.00    0.00    0.00    0.00    0.00    0.00    0.00    0.00    0.00    0.00
19:46:56       4  100.00    0.00    0.00    0.00    0.00    0.00    0.00    0.00    0.00    0.00
19:46:56       5  100.00    0.00    0.00    0.00    0.00    0.00    0.00    0.00    0.00    0.00
19:46:56       6   96.04    0.00    1.98    0.00    0.00    0.00    0.00    0.00    0.00    1.98
19:46:56       7   96.97    0.00    0.00    0.00    0.00    0.00    0.00    0.00    0.00    3.03
19:46:56       8  100.00    0.00    0.00    0.00    0.00    0.00    0.00    0.00    0.00    0.00
19:46:56       9  100.00    0.00    0.00    0.00    0.00    0.00    0.00    0.00    0.00    0.00
19:46:56      10   98.99    0.00    1.01    0.00    0.00    0.00    0.00    0.00    0.00    0.00
19:46:56      11  100.00    0.00    0.00    0.00    0.00    0.00    0.00    0.00    0.00    0.00
19:46:56      12  100.00    0.00    0.00    0.00    0.00    0.00    0.00    0.00    0.00    0.00
19:46:56      13   99.00    0.00    1.00    0.00    0.00    0.00    0.00    0.00    0.00    0.00
19:46:56      14  100.00    0.00    0.00    0.00    0.00    0.00    0.00    0.00    0.00    0.00
19:46:56      15  100.00    0.00    0.00    0.00    0.00    0.00    0.00    0.00    0.00    0.00
19:46:56      16   98.02    0.00    1.98    0.00    0.00    0.00    0.00    0.00    0.00    0.00
19:46:56      17  100.00    0.00    0.00    0.00    0.00    0.00    0.00    0.00    0.00    0.00
19:46:56      18  100.00    0.00    0.00    0.00    0.00    0.00    0.00    0.00    0.00    0.00
19:46:56      19   98.00    0.00    2.00    0.00    0.00    0.00    0.00    0.00    0.00    0.00
19:46:56      20  100.00    0.00    0.00    0.00    0.00    0.00    0.00    0.00    0.00    0.00
19:46:56      21   99.00    0.00    1.00    0.00    0.00    0.00    0.00    0.00    0.00    0.00
19:46:56      22   99.00    0.00    1.00    0.00    0.00    0.00    0.00    0.00    0.00    0.00
19:46:56      23   99.00    0.00    1.00    0.00    0.00    0.00    0.00    0.00    0.00    0.00
19:46:56      24   99.00    0.00    1.00    0.00    0.00    0.00    0.00    0.00    0.00    0.00
19:46:56      25  100.00    0.00    0.00    0.00    0.00    0.00    0.00    0.00    0.00    0.00
19:46:56      26   98.99    0.00    1.01    0.00    0.00    0.00    0.00    0.00    0.00    0.00
19:46:56      27   97.00    0.00    3.00    0.00    0.00    0.00    0.00    0.00    0.00    0.00
19:46:56      28  100.00    0.00    0.00    0.00    0.00    0.00    0.00    0.00    0.00    0.00
19:46:56      29   98.02    0.00    1.98    0.00    0.00    0.00    0.00    0.00    0.00    0.00
19:46:56      30   99.00    0.00    1.00    0.00    0.00    0.00    0.00    0.00    0.00    0.00
19:46:56      31   96.97    0.00    3.03    0.00    0.00    0.00    0.00    0.00    0.00    0.00

19:46:56     CPU    %usr   %nice    %sys %iowait    %irq   %soft  %steal  %guest  %gnice   %idle
19:46:57     all   98.65    0.00    1.09    0.00    0.00    0.06    0.00    0.00    0.00    0.19
19:46:57       0  100.00    0.00    0.00    0.00    0.00    0.00    0.00    0.00    0.00    0.00
19:46:57       1   99.00    0.00    1.00    0.00    0.00    0.00    0.00    0.00    0.00    0.00
19:46:57       2  100.00    0.00    0.00    0.00    0.00    0.00    0.00    0.00    0.00    0.00
19:46:57       3  100.00    0.00    0.00    0.00    0.00    0.00    0.00    0.00    0.00    0.00
19:46:57       4   98.00    0.00    2.00    0.00    0.00    0.00    0.00    0.00    0.00    0.00
19:46:57       5  100.00    0.00    0.00    0.00    0.00    0.00    0.00    0.00    0.00    0.00
19:46:57       6  100.00    0.00    0.00    0.00    0.00    0.00    0.00    0.00    0.00    0.00
19:46:57       7   96.97    0.00    3.03    0.00    0.00    0.00    0.00    0.00    0.00    0.00
19:46:57       8   99.00    0.00    1.00    0.00    0.00    0.00    0.00    0.00    0.00    0.00
19:46:57       9   99.01    0.00    0.99    0.00    0.00    0.00    0.00    0.00    0.00    0.00
19:46:57      10   99.00    0.00    1.00    0.00    0.00    0.00    0.00    0.00    0.00    0.00
19:46:57      11   98.02    0.00    0.99    0.00    0.00    0.99    0.00    0.00    0.00    0.00
19:46:57      12  100.00    0.00    0.00    0.00    0.00    0.00    0.00    0.00    0.00    0.00
19:46:57      13  100.00    0.00    0.00    0.00    0.00    0.00    0.00    0.00    0.00    0.00
19:46:57      14   99.01    0.00    0.99    0.00    0.00    0.00    0.00    0.00    0.00    0.00
19:46:57      15  100.00    0.00    0.00    0.00    0.00    0.00    0.00    0.00    0.00    0.00
19:46:57      16  100.00    0.00    0.00    0.00    0.00    0.00    0.00    0.00    0.00    0.00
19:46:57      17   99.00    0.00    1.00    0.00    0.00    0.00    0.00    0.00    0.00    0.00
19:46:57      18  100.00    0.00    0.00    0.00    0.00    0.00    0.00    0.00    0.00    0.00
19:46:57      19   98.00    0.00    2.00    0.00    0.00    0.00    0.00    0.00    0.00    0.00
19:46:57      20   99.01    0.00    0.99    0.00    0.00    0.00    0.00    0.00    0.00    0.00
19:46:57      21   99.00    0.00    1.00    0.00    0.00    0.00    0.00    0.00    0.00    0.00
19:46:57      22   98.00    0.00    1.00    0.00    0.00    0.00    0.00    0.00    0.00    1.00
19:46:57      23   97.98    0.00    1.01    0.00    0.00    0.00    0.00    0.00    0.00    1.01
19:46:57      24   98.00    0.00    2.00    0.00    0.00    0.00    0.00    0.00    0.00    0.00
19:46:57      25   98.00    0.00    2.00    0.00    0.00    0.00    0.00    0.00    0.00    0.00
19:46:57      26   95.96    0.00    2.02    0.00    0.00    1.01    0.00    0.00    0.00    1.01
19:46:57      27   98.00    0.00    2.00    0.00    0.00    0.00    0.00    0.00    0.00    0.00
19:46:57      28   98.00    0.00    2.00    0.00    0.00    0.00    0.00    0.00    0.00    0.00
19:46:57      29   97.00    0.00    3.00    0.00    0.00    0.00    0.00    0.00    0.00    0.00
19:46:57      30   93.88    0.00    3.06    0.00    0.00    0.00    0.00    0.00    0.00    3.06
19:46:57      31   99.00    0.00    1.00    0.00    0.00    0.00    0.00    0.00    0.00    0.00

19:46:57     CPU    %usr   %nice    %sys %iowait    %irq   %soft  %steal  %guest  %gnice   %idle
19:46:58     all   95.14    0.00    3.87    0.00    0.00    0.90    0.00    0.00    0.00    0.09
19:46:58       0   96.04    0.00    2.97    0.00    0.00    0.99    0.00    0.00    0.00    0.00
19:46:58       1   98.00    0.00    2.00    0.00    0.00    0.00    0.00    0.00    0.00    0.00
19:46:58       2   95.05    0.00    3.96    0.00    0.00    0.99    0.00    0.00    0.00    0.00
19:46:58       3   99.00    0.00    1.00    0.00    0.00    0.00    0.00    0.00    0.00    0.00
19:46:58       4   95.10    0.00    2.94    0.00    0.00    1.96    0.00    0.00    0.00    0.00
19:46:58       5   98.00    0.00    2.00    0.00    0.00    0.00    0.00    0.00    0.00    0.00
19:46:58       6   97.98    0.00    2.02    0.00    0.00    0.00    0.00    0.00    0.00    0.00
19:46:58       7   94.00    0.00    4.00    0.00    0.00    2.00    0.00    0.00    0.00    0.00
19:46:58       8   92.00    0.00    6.00    0.00    0.00    2.00    0.00    0.00    0.00    0.00
19:46:58       9   94.00    0.00    4.00    0.00    0.00    1.00    0.00    0.00    0.00    1.00
19:46:58      10   99.00    0.00    1.00    0.00    0.00    0.00    0.00    0.00    0.00    0.00
19:46:58      11   96.00    0.00    4.00    0.00    0.00    0.00    0.00    0.00    0.00    0.00
19:46:58      12   97.03    0.00    1.98    0.00    0.00    0.99    0.00    0.00    0.00    0.00
19:46:58      13   97.03    0.00    1.98    0.00    0.00    0.99    0.00    0.00    0.00    0.00
19:46:58      14   99.00    0.00    1.00    0.00    0.00    0.00    0.00    0.00    0.00    0.00
19:46:58      15  100.00    0.00    0.00    0.00    0.00    0.00    0.00    0.00    0.00    0.00
19:46:58      16   95.05    0.00    3.96    0.00    0.00    0.99    0.00    0.00    0.00    0.00
19:46:58      17  100.00    0.00    0.00    0.00    0.00    0.00    0.00    0.00    0.00    0.00
19:46:58      18   98.00    0.00    2.00    0.00    0.00    0.00    0.00    0.00    0.00    0.00
19:46:58      19   97.03    0.00    1.98    0.00    0.00    0.99    0.00    0.00    0.00    0.00
19:46:58      20   98.00    0.00    2.00    0.00    0.00    0.00    0.00    0.00    0.00    0.00
19:46:58      21   97.00    0.00    2.00    0.00    0.00    1.00    0.00    0.00    0.00    0.00
19:46:58      22   97.00    0.00    3.00    0.00    0.00    0.00    0.00    0.00    0.00    0.00
19:46:58      23   96.00    0.00    4.00    0.00    0.00    0.00    0.00    0.00    0.00    0.00
19:46:58      24   89.00    0.00    8.00    0.00    0.00    2.00    0.00    0.00    0.00    1.00
19:46:58      25   90.00    0.00    7.00    0.00    0.00    2.00    0.00    0.00    0.00    1.00
19:46:58      26   92.08    0.00    6.93    0.00    0.00    0.99    0.00    0.00    0.00    0.00
19:46:58      27   89.00    0.00    9.00    0.00    0.00    2.00    0.00    0.00    0.00    0.00
19:46:58      28   88.00    0.00    9.00    0.00    0.00    3.00    0.00    0.00    0.00    0.00
19:46:58      29   89.00    0.00    9.00    0.00    0.00    2.00    0.00    0.00    0.00    0.00
19:46:58      30   92.00    0.00    6.00    0.00    0.00    2.00    0.00    0.00    0.00    0.00
19:46:58      31   90.10    0.00    8.91    0.00    0.00    0.99    0.00    0.00    0.00    0.00

19:46:58     CPU    %usr   %nice    %sys %iowait    %irq   %soft  %steal  %guest  %gnice   %idle
19:46:59     all   95.49    0.00    3.51    0.00    0.00    0.75    0.00    0.00    0.00    0.25
19:46:59       0   97.00    0.00    3.00    0.00    0.00    0.00    0.00    0.00    0.00    0.00
19:46:59       1   97.00    0.00    3.00    0.00    0.00    0.00    0.00    0.00    0.00    0.00
19:46:59       2  100.00    0.00    0.00    0.00    0.00    0.00    0.00    0.00    0.00    0.00
19:46:59       3   99.00    0.00    1.00    0.00    0.00    0.00    0.00    0.00    0.00    0.00
19:46:59       4   97.98    0.00    2.02    0.00    0.00    0.00    0.00    0.00    0.00    0.00
19:46:59       5  100.00    0.00    0.00    0.00    0.00    0.00    0.00    0.00    0.00    0.00
19:46:59       6   91.00    0.00    6.00    0.00    0.00    3.00    0.00    0.00    0.00    0.00
19:46:59       7   99.00    0.00    1.00    0.00    0.00    0.00    0.00    0.00    0.00    0.00
19:46:59       8   97.00    0.00    2.00    0.00    0.00    1.00    0.00    0.00    0.00    0.00
19:46:59       9   80.77    0.00    9.62    0.00    0.00    4.81    0.00    0.00    0.00    4.81
19:46:59      10   98.00    0.00    2.00    0.00    0.00    0.00    0.00    0.00    0.00    0.00
19:46:59      11   98.02    0.00    0.99    0.00    0.00    0.00    0.00    0.00    0.00    0.99
19:46:59      12  100.00    0.00    0.00    0.00    0.00    0.00    0.00    0.00    0.00    0.00
19:46:59      13   97.00    0.00    2.00    0.00    0.00    1.00    0.00    0.00    0.00    0.00
19:46:59      14   98.99    0.00    1.01    0.00    0.00    0.00    0.00    0.00    0.00    0.00
19:46:59      15   99.00    0.00    1.00    0.00    0.00    0.00    0.00    0.00    0.00    0.00
19:46:59      16   98.99    0.00    1.01    0.00    0.00    0.00    0.00    0.00    0.00    0.00
19:46:59      17   98.00    0.00    2.00    0.00    0.00    0.00    0.00    0.00    0.00    0.00
19:46:59      18   98.99    0.00    1.01    0.00    0.00    0.00    0.00    0.00    0.00    0.00
19:46:59      19  100.00    0.00    0.00    0.00    0.00    0.00    0.00    0.00    0.00    0.00
19:46:59      20   99.00    0.00    1.00    0.00    0.00    0.00    0.00    0.00    0.00    0.00
19:46:59      21   96.04    0.00    2.97    0.00    0.00    0.99    0.00    0.00    0.00    0.00
19:46:59      22   96.97    0.00    3.03    0.00    0.00    0.00    0.00    0.00    0.00    0.00
19:46:59      23   97.00    0.00    3.00    0.00    0.00    0.00    0.00    0.00    0.00    0.00
19:46:59      24   89.90    0.00    9.09    0.00    0.00    1.01    0.00    0.00    0.00    0.00
19:46:59      25   91.92    0.00    7.07    0.00    0.00    1.01    0.00    0.00    0.00    0.00
19:46:59      26   92.93    0.00    6.06    0.00    0.00    1.01    0.00    0.00    0.00    0.00
19:46:59      27   86.00    0.00   10.00    0.00    0.00    3.00    0.00    0.00    0.00    1.00
19:46:59      28   90.00    0.00    9.00    0.00    0.00    1.00    0.00    0.00    0.00    0.00
19:46:59      29   90.91    0.00    7.07    0.00    0.00    2.02    0.00    0.00    0.00    0.00
19:46:59      30   91.00    0.00    6.00    0.00    0.00    2.00    0.00    0.00    0.00    1.00
19:46:59      31   88.89    0.00    9.09    0.00    0.00    2.02    0.00    0.00    0.00    0.00

19:46:59     CPU    %usr   %nice    %sys %iowait    %irq   %soft  %steal  %guest  %gnice   %idle
19:47:00     all   93.75    0.00    5.09    0.00    0.00    1.06    0.00    0.00    0.00    0.09
19:47:00       0   98.99    0.00    1.01    0.00    0.00    0.00    0.00    0.00    0.00    0.00
19:47:00       1   96.04    0.00    2.97    0.00    0.00    0.99    0.00    0.00    0.00    0.00
19:47:00       2   97.00    0.00    3.00    0.00    0.00    0.00    0.00    0.00    0.00    0.00
19:47:00       3   96.00    0.00    3.00    0.00    0.00    1.00    0.00    0.00    0.00    0.00
19:47:00       4   97.00    0.00    3.00    0.00    0.00    0.00    0.00    0.00    0.00    0.00
19:47:00       5   95.05    0.00    3.96    0.00    0.00    0.99    0.00    0.00    0.00    0.00
19:47:00       6   95.00    0.00    3.00    0.00    0.00    2.00    0.00    0.00    0.00    0.00
19:47:00       7   95.00    0.00    4.00    0.00    0.00    1.00    0.00    0.00    0.00    0.00
19:47:00       8   99.01    0.00    0.99    0.00    0.00    0.00    0.00    0.00    0.00    0.00
19:47:00       9   96.94    0.00    3.06    0.00    0.00    0.00    0.00    0.00    0.00    0.00
19:47:00      10   95.05    0.00    2.97    0.00    0.00    1.98    0.00    0.00    0.00    0.00
19:47:00      11   99.00    0.00    1.00    0.00    0.00    0.00    0.00    0.00    0.00    0.00
19:47:00      12   91.92    0.00    6.06    0.00    0.00    2.02    0.00    0.00    0.00    0.00
19:47:00      13   97.98    0.00    2.02    0.00    0.00    0.00    0.00    0.00    0.00    0.00
19:47:00      14   99.01    0.00    0.99    0.00    0.00    0.00    0.00    0.00    0.00    0.00
19:47:00      15   95.00    0.00    3.00    0.00    0.00    2.00    0.00    0.00    0.00    0.00
19:47:00      16   81.00    0.00   19.00    0.00    0.00    0.00    0.00    0.00    0.00    0.00
19:47:00      17   91.00    0.00    5.00    0.00    0.00    1.00    0.00    0.00    0.00    3.00
19:47:00      18   97.03    0.00    2.97    0.00    0.00    0.00    0.00    0.00    0.00    0.00
19:47:00      19   94.95    0.00    4.04    0.00    0.00    1.01    0.00    0.00    0.00    0.00
19:47:00      20   97.98    0.00    2.02    0.00    0.00    0.00    0.00    0.00    0.00    0.00
19:47:00      21   95.96    0.00    3.03    0.00    0.00    1.01    0.00    0.00    0.00    0.00
19:47:00      22   95.05    0.00    3.96    0.00    0.00    0.99    0.00    0.00    0.00    0.00
19:47:00      23   85.15    0.00   12.87    0.00    0.00    1.98    0.00    0.00    0.00    0.00
19:47:00      24   90.00    0.00    7.00    0.00    0.00    3.00    0.00    0.00    0.00    0.00
19:47:00      25   89.00    0.00    8.00    0.00    0.00    3.00    0.00    0.00    0.00    0.00
19:47:00      26   83.17    0.00   13.86    0.00    0.00    2.97    0.00    0.00    0.00    0.00
19:47:00      27   88.00    0.00    9.00    0.00    0.00    3.00    0.00    0.00    0.00    0.00
19:47:00      28  100.00    0.00    0.00    0.00    0.00    0.00    0.00    0.00    0.00    0.00
19:47:00      29   88.00    0.00   11.00    0.00    0.00    1.00    0.00    0.00    0.00    0.00
19:47:00      30   92.08    0.00    5.94    0.00    0.00    1.98    0.00    0.00    0.00    0.00
19:47:00      31   88.00    0.00   11.00    0.00    0.00    1.00    0.00    0.00    0.00    0.00

19:47:00     CPU    %usr   %nice    %sys %iowait    %irq   %soft  %steal  %guest  %gnice   %idle
19:47:01     all   90.74    0.00    7.29    0.00    0.00    1.69    0.00    0.00    0.00    0.28
19:47:01       0   97.03    0.00    2.97    0.00    0.00    0.00    0.00    0.00    0.00    0.00
19:47:01       1   88.00    0.00    8.00    0.00    0.00    3.00    0.00    0.00    0.00    1.00
19:47:01       2   91.92    0.00    6.06    0.00    0.00    1.01    0.00    0.00    0.00    1.01
19:47:01       3   94.00    0.00    5.00    0.00    0.00    1.00    0.00    0.00    0.00    0.00
19:47:01       4   93.07    0.00    5.94    0.00    0.00    0.99    0.00    0.00    0.00    0.00
19:47:01       5   97.98    0.00    2.02    0.00    0.00    0.00    0.00    0.00    0.00    0.00
19:47:01       6   98.02    0.00    0.99    0.00    0.00    0.99    0.00    0.00    0.00    0.00
19:47:01       7   85.00    0.00   13.00    0.00    0.00    2.00    0.00    0.00    0.00    0.00
19:47:01       8   95.96    0.00    4.04    0.00    0.00    0.00    0.00    0.00    0.00    0.00
19:47:01       9   97.00    0.00    3.00    0.00    0.00    0.00    0.00    0.00    0.00    0.00
19:47:01      10   86.00    0.00   11.00    0.00    0.00    3.00    0.00    0.00    0.00    0.00
19:47:01      11   93.94    0.00    5.05    0.00    0.00    1.01    0.00    0.00    0.00    0.00
19:47:01      12   91.09    0.00    5.94    0.00    0.00    2.97    0.00    0.00    0.00    0.00
19:47:01      13   97.00    0.00    2.00    0.00    0.00    1.00    0.00    0.00    0.00    0.00
19:47:01      14   96.00    0.00    2.00    0.00    0.00    2.00    0.00    0.00    0.00    0.00
19:47:01      15   96.00    0.00    3.00    0.00    0.00    1.00    0.00    0.00    0.00    0.00
19:47:01      16   90.00    0.00    7.00    0.00    0.00    3.00    0.00    0.00    0.00    0.00
19:47:01      17   93.00    0.00    6.00    0.00    0.00    1.00    0.00    0.00    0.00    0.00
19:47:01      18   91.92    0.00    7.07    0.00    0.00    1.01    0.00    0.00    0.00    0.00
19:47:01      19   88.12    0.00    8.91    0.00    0.00    1.98    0.00    0.00    0.00    0.99
19:47:01      20   94.06    0.00    4.95    0.00    0.00    0.99    0.00    0.00    0.00    0.00
19:47:01      21   94.00    0.00    4.00    0.00    0.00    2.00    0.00    0.00    0.00    0.00
19:47:01      22   95.00    0.00    4.00    0.00    0.00    1.00    0.00    0.00    0.00    0.00
19:47:01      23   93.94    0.00    6.06    0.00    0.00    0.00    0.00    0.00    0.00    0.00
19:47:01      24   87.00    0.00   11.00    0.00    0.00    2.00    0.00    0.00    0.00    0.00
19:47:01      25   79.00    0.00   17.00    0.00    0.00    4.00    0.00    0.00    0.00    0.00
19:47:01      26   82.83    0.00   14.14    0.00    0.00    3.03    0.00    0.00    0.00    0.00
19:47:01      27   81.00    0.00   16.00    0.00    0.00    3.00    0.00    0.00    0.00    0.00
19:47:01      28   86.87    0.00    8.08    0.00    0.00    2.02    0.00    0.00    0.00    3.03
19:47:01      29   78.35    0.00   13.40    0.00    0.00    5.15    0.00    0.00    0.00    3.09
19:47:01      30   84.85    0.00   14.14    0.00    0.00    1.01    0.00    0.00    0.00    0.00
19:47:01      31   85.15    0.00   11.88    0.00    0.00    2.97    0.00    0.00    0.00    0.00

19:47:01     CPU    %usr   %nice    %sys %iowait    %irq   %soft  %steal  %guest  %gnice   %idle
19:47:02     all   89.01    0.00    7.92    0.00    0.00    2.47    0.00    0.00    0.00    0.59
19:47:02       0   97.98    0.00    1.01    0.00    0.00    1.01    0.00    0.00    0.00    0.00
19:47:02       1   87.00    0.00   11.00    0.00    0.00    2.00    0.00    0.00    0.00    0.00
19:47:02       2   98.00    0.00    2.00    0.00    0.00    0.00    0.00    0.00    0.00    0.00
19:47:02       3   87.88    0.00    7.07    0.00    0.00    2.02    0.00    0.00    0.00    3.03
19:47:02       4   85.00    0.00   10.00    0.00    0.00    4.00    0.00    0.00    0.00    1.00
19:47:02       5   93.00    0.00    6.00    0.00    0.00    1.00    0.00    0.00    0.00    0.00
19:47:02       6   93.00    0.00    6.00    0.00    0.00    1.00    0.00    0.00    0.00    0.00
19:47:02       7   95.00    0.00    3.00    0.00    0.00    2.00    0.00    0.00    0.00    0.00
19:47:02       8   86.00    0.00   10.00    0.00    0.00    4.00    0.00    0.00    0.00    0.00
19:47:02       9   99.01    0.00    0.99    0.00    0.00    0.00    0.00    0.00    0.00    0.00
19:47:02      10   83.84    0.00   15.15    0.00    0.00    1.01    0.00    0.00    0.00    0.00
19:47:02      11   90.00    0.00    8.00    0.00    0.00    2.00    0.00    0.00    0.00    0.00
19:47:02      12   90.91    0.00    6.06    0.00    0.00    3.03    0.00    0.00    0.00    0.00
19:47:02      13   96.00    0.00    4.00    0.00    0.00    0.00    0.00    0.00    0.00    0.00
19:47:02      14   96.00    0.00    2.00    0.00    0.00    2.00    0.00    0.00    0.00    0.00
19:47:02      15   86.87    0.00    9.09    0.00    0.00    4.04    0.00    0.00    0.00    0.00
19:47:02      16   91.00    0.00    8.00    0.00    0.00    1.00    0.00    0.00    0.00    0.00
19:47:02      17   78.00    0.00   19.00    0.00    0.00    3.00    0.00    0.00    0.00    0.00
19:47:02      18   97.00    0.00    3.00    0.00    0.00    0.00    0.00    0.00    0.00    0.00
19:47:02      19   86.00    0.00   10.00    0.00    0.00    4.00    0.00    0.00    0.00    0.00
19:47:02      20   91.92    0.00    6.06    0.00    0.00    2.02    0.00    0.00    0.00    0.00
19:47:02      21   96.00    0.00    3.00    0.00    0.00    1.00    0.00    0.00    0.00    0.00
19:47:02      22   97.98    0.00    2.02    0.00    0.00    0.00    0.00    0.00    0.00    0.00
19:47:02      23   95.00    0.00    4.00    0.00    0.00    1.00    0.00    0.00    0.00    0.00
19:47:02      24   94.00    0.00    5.00    0.00    0.00    1.00    0.00    0.00    0.00    0.00
19:47:02      25   80.20    0.00   13.86    0.00    0.00    5.94    0.00    0.00    0.00    0.00
19:47:02      26   72.73    0.00   14.14    0.00    0.00    4.04    0.00    0.00    0.00    9.09
19:47:02      27   79.00    0.00   16.00    0.00    0.00    5.00    0.00    0.00    0.00    0.00
19:47:02      28   83.17    0.00    9.90    0.00    0.00    3.96    0.00    0.00    0.00    2.97
19:47:02      29   87.13    0.00    7.92    0.00    0.00    4.95    0.00    0.00    0.00    0.00
19:47:02      30   80.00    0.00   16.00    0.00    0.00    4.00    0.00    0.00    0.00    0.00
19:47:02      31   73.47    0.00   14.29    0.00    0.00    9.18    0.00    0.00    0.00    3.06

19:47:02     CPU    %usr   %nice    %sys %iowait    %irq   %soft  %steal  %guest  %gnice   %idle
19:47:03     all   87.58    0.00    8.98    0.00    0.00    2.60    0.00    0.00    0.00    0.84
19:47:03       0   96.04    0.00    2.97    0.00    0.00    0.00    0.00    0.00    0.00    0.99
19:47:03       1   74.00    0.00   23.00    0.00    0.00    3.00    0.00    0.00    0.00    0.00
19:47:03       2   87.00    0.00   11.00    0.00    0.00    2.00    0.00    0.00    0.00    0.00
19:47:03       3   89.00    0.00    9.00    0.00    0.00    1.00    0.00    0.00    0.00    1.00
19:47:03       4   87.88    0.00    7.07    0.00    0.00    3.03    0.00    0.00    0.00    2.02
19:47:03       5   90.00    0.00    8.00    0.00    0.00    2.00    0.00    0.00    0.00    0.00
19:47:03       6   92.00    0.00    7.00    0.00    0.00    1.00    0.00    0.00    0.00    0.00
19:47:03       7   97.00    0.00    3.00    0.00    0.00    0.00    0.00    0.00    0.00    0.00
19:47:03       8   88.89    0.00    9.09    0.00    0.00    2.02    0.00    0.00    0.00    0.00
19:47:03       9   97.98    0.00    2.02    0.00    0.00    0.00    0.00    0.00    0.00    0.00
19:47:03      10   87.00    0.00   11.00    0.00    0.00    2.00    0.00    0.00    0.00    0.00
19:47:03      11   95.00    0.00    4.00    0.00    0.00    1.00    0.00    0.00    0.00    0.00
19:47:03      12   83.00    0.00   13.00    0.00    0.00    3.00    0.00    0.00    0.00    1.00
19:47:03      13   95.00    0.00    4.00    0.00    0.00    1.00    0.00    0.00    0.00    0.00
19:47:03      14   89.00    0.00    7.00    0.00    0.00    4.00    0.00    0.00    0.00    0.00
19:47:03      15   93.07    0.00    4.95    0.00    0.00    1.98    0.00    0.00    0.00    0.00
19:47:03      16   96.00    0.00    3.00    0.00    0.00    1.00    0.00    0.00    0.00    0.00
19:47:03      17   75.00    0.00   21.00    0.00    0.00    3.00    0.00    0.00    0.00    1.00
19:47:03      18   95.00    0.00    4.00    0.00    0.00    1.00    0.00    0.00    0.00    0.00
19:47:03      19   91.00    0.00    7.00    0.00    0.00    2.00    0.00    0.00    0.00    0.00
19:47:03      20   93.07    0.00    4.95    0.00    0.00    1.98    0.00    0.00    0.00    0.00
19:47:03      21   94.06    0.00    4.95    0.00    0.00    0.99    0.00    0.00    0.00    0.00
19:47:03      22   97.00    0.00    2.00    0.00    0.00    1.00    0.00    0.00    0.00    0.00
19:47:03      23   87.00    0.00   11.00    0.00    0.00    2.00    0.00    0.00    0.00    0.00
19:47:03      24   96.04    0.00    2.97    0.00    0.00    0.99    0.00    0.00    0.00    0.00
19:47:03      25   75.00    0.00   17.00    0.00    0.00    8.00    0.00    0.00    0.00    0.00
19:47:03      26   92.08    0.00    1.98    0.00    0.00    1.98    0.00    0.00    0.00    3.96
19:47:03      27   76.77    0.00   16.16    0.00    0.00    6.06    0.00    0.00    0.00    1.01
19:47:03      28   64.95    0.00   16.49    0.00    0.00    5.15    0.00    0.00    0.00   13.40
19:47:03      29   74.23    0.00   16.49    0.00    0.00    7.22    0.00    0.00    0.00    2.06
19:47:03      30   76.77    0.00   17.17    0.00    0.00    6.06    0.00    0.00    0.00    0.00
19:47:03      31   75.25    0.00   15.84    0.00    0.00    7.92    0.00    0.00    0.00    0.99

19:47:03     CPU    %usr   %nice    %sys %iowait    %irq   %soft  %steal  %guest  %gnice   %idle
19:47:04     all   87.27    0.00    9.79    0.00    0.00    2.25    0.00    0.00    0.00    0.69
19:47:04       0  100.00    0.00    0.00    0.00    0.00    0.00    0.00    0.00    0.00    0.00
19:47:04       1   93.94    0.00    6.06    0.00    0.00    0.00    0.00    0.00    0.00    0.00
19:47:04       2   92.00    0.00    6.00    0.00    0.00    2.00    0.00    0.00    0.00    0.00
19:47:04       3   89.90    0.00    8.08    0.00    0.00    2.02    0.00    0.00    0.00    0.00
19:47:04       4   95.00    0.00    5.00    0.00    0.00    0.00    0.00    0.00    0.00    0.00
19:47:04       5   92.08    0.00    6.93    0.00    0.00    0.99    0.00    0.00    0.00    0.00
19:47:04       6   96.00    0.00    3.00    0.00    0.00    1.00    0.00    0.00    0.00    0.00
19:47:04       7   88.12    0.00    8.91    0.00    0.00    1.98    0.00    0.00    0.00    0.99
19:47:04       8   89.00    0.00    9.00    0.00    0.00    2.00    0.00    0.00    0.00    0.00
19:47:04       9   99.00    0.00    1.00    0.00    0.00    0.00    0.00    0.00    0.00    0.00
19:47:04      10   81.19    0.00   16.83    0.00    0.00    1.98    0.00    0.00    0.00    0.00
19:47:04      11   89.00    0.00    9.00    0.00    0.00    2.00    0.00    0.00    0.00    0.00
19:47:04      12   91.00    0.00    7.00    0.00    0.00    2.00    0.00    0.00    0.00    0.00
19:47:04      13   91.00    0.00    6.00    0.00    0.00    2.00    0.00    0.00    0.00    1.00
19:47:04      14   89.00    0.00    8.00    0.00    0.00    3.00    0.00    0.00    0.00    0.00
19:47:04      15   92.00    0.00    6.00    0.00    0.00    2.00    0.00    0.00    0.00    0.00
19:47:04      16   35.00    0.00   54.00    0.00    0.00    1.00    0.00    0.00    0.00   10.00
19:47:04      17   96.00    0.00    3.00    0.00    0.00    1.00    0.00    0.00    0.00    0.00
19:47:04      18   95.00    0.00    4.00    0.00    0.00    1.00    0.00    0.00    0.00    0.00
19:47:04      19   92.00    0.00    6.00    0.00    0.00    1.00    0.00    0.00    0.00    1.00
19:47:04      20   95.96    0.00    3.03    0.00    0.00    1.01    0.00    0.00    0.00    0.00
19:47:04      21   93.94    0.00    5.05    0.00    0.00    1.01    0.00    0.00    0.00    0.00
19:47:04      22   85.15    0.00   11.88    0.00    0.00    2.97    0.00    0.00    0.00    0.00
19:47:04      23   90.10    0.00    7.92    0.00    0.00    1.98    0.00    0.00    0.00    0.00
19:47:04      24   98.99    0.00    1.01    0.00    0.00    0.00    0.00    0.00    0.00    0.00
19:47:04      25   75.00    0.00   19.00    0.00    0.00    6.00    0.00    0.00    0.00    0.00
19:47:04      26   99.00    0.00    1.00    0.00    0.00    0.00    0.00    0.00    0.00    0.00
19:47:04      27   75.76    0.00   17.17    0.00    0.00    5.05    0.00    0.00    0.00    2.02
19:47:04      28   81.00    0.00   14.00    0.00    0.00    4.00    0.00    0.00    0.00    1.00
19:47:04      29   65.31    0.00   21.43    0.00    0.00    8.16    0.00    0.00    0.00    5.10
19:47:04      30   76.24    0.00   16.83    0.00    0.00    6.93    0.00    0.00    0.00    0.00
19:47:04      31   69.70    0.00   21.21    0.00    0.00    8.08    0.00    0.00    0.00    1.01

19:47:04     CPU    %usr   %nice    %sys %iowait    %irq   %soft  %steal  %guest  %gnice   %idle
19:47:05     all   89.23    0.00    8.12    0.00    0.00    2.02    0.00    0.00    0.00    0.62
19:47:05       0  100.00    0.00    0.00    0.00    0.00    0.00    0.00    0.00    0.00    0.00
19:47:05       1   99.01    0.00    0.99    0.00    0.00    0.00    0.00    0.00    0.00    0.00
19:47:05       2   88.12    0.00    8.91    0.00    0.00    2.97    0.00    0.00    0.00    0.00
19:47:05       3   91.09    0.00    7.92    0.00    0.00    0.99    0.00    0.00    0.00    0.00
19:47:05       4   95.05    0.00    2.97    0.00    0.00    1.98    0.00    0.00    0.00    0.00
19:47:05       5   89.00    0.00    9.00    0.00    0.00    2.00    0.00    0.00    0.00    0.00
19:47:05       6   92.08    0.00    5.94    0.00    0.00    1.98    0.00    0.00    0.00    0.00
19:47:05       7   98.99    0.00    1.01    0.00    0.00    0.00    0.00    0.00    0.00    0.00
19:47:05       8   87.25    0.00    9.80    0.00    0.00    2.94    0.00    0.00    0.00    0.00
19:47:05       9   93.07    0.00    6.93    0.00    0.00    0.00    0.00    0.00    0.00    0.00
19:47:05      10   94.00    0.00    5.00    0.00    0.00    1.00    0.00    0.00    0.00    0.00
19:47:05      11   96.00    0.00    3.00    0.00    0.00    1.00    0.00    0.00    0.00    0.00
19:47:05      12   93.94    0.00    4.04    0.00    0.00    2.02    0.00    0.00    0.00    0.00
19:47:05      13   65.69    0.00   30.39    0.00    0.00    1.96    0.00    0.00    0.00    1.96
19:47:05      14   94.06    0.00    3.96    0.00    0.00    1.98    0.00    0.00    0.00    0.00
19:47:05      15   89.00    0.00    9.00    0.00    0.00    2.00    0.00    0.00    0.00    0.00
19:47:05      16   99.01    0.00    0.99    0.00    0.00    0.00    0.00    0.00    0.00    0.00
19:47:05      17   99.01    0.00    0.99    0.00    0.00    0.00    0.00    0.00    0.00    0.00
19:47:05      18   82.83    0.00   14.14    0.00    0.00    3.03    0.00    0.00    0.00    0.00
19:47:05      19   89.11    0.00    7.92    0.00    0.00    1.98    0.00    0.00    0.00    0.99
19:47:05      20   92.16    0.00    5.88    0.00    0.00    1.96    0.00    0.00    0.00    0.00
19:47:05      21   94.06    0.00    4.95    0.00    0.00    0.99    0.00    0.00    0.00    0.00
19:47:05      22   91.00    0.00    8.00    0.00    0.00    1.00    0.00    0.00    0.00    0.00
19:47:05      23   87.13    0.00    3.96    0.00    0.00    3.96    0.00    0.00    0.00    4.95
19:47:05      24   92.00    0.00    6.00    0.00    0.00    2.00    0.00    0.00    0.00    0.00
19:47:05      25   95.00    0.00    5.00    0.00    0.00    0.00    0.00    0.00    0.00    0.00
19:47:05      26   95.05    0.00    4.95    0.00    0.00    0.00    0.00    0.00    0.00    0.00
19:47:05      27   76.24    0.00   16.83    0.00    0.00    6.93    0.00    0.00    0.00    0.00
19:47:05      28   84.00    0.00   12.00    0.00    0.00    3.00    0.00    0.00    0.00    1.00
19:47:05      29   66.67    0.00   19.19    0.00    0.00    7.07    0.00    0.00    0.00    7.07
19:47:05      30   76.00    0.00   20.00    0.00    0.00    4.00    0.00    0.00    0.00    0.00
19:47:05      31   69.07    0.00   20.62    0.00    0.00    6.19    0.00    0.00    0.00    4.12

19:47:05     CPU    %usr   %nice    %sys %iowait    %irq   %soft  %steal  %guest  %gnice   %idle
19:47:06     all   87.06    0.00    9.59    0.00    0.00    2.62    0.00    0.00    0.00    0.72
19:47:06       0   98.00    0.00    2.00    0.00    0.00    0.00    0.00    0.00    0.00    0.00
19:47:06       1  100.00    0.00    0.00    0.00    0.00    0.00    0.00    0.00    0.00    0.00
19:47:06       2   90.00    0.00    6.00    0.00    0.00    4.00    0.00    0.00    0.00    0.00
19:47:06       3   88.12    0.00    8.91    0.00    0.00    2.97    0.00    0.00    0.00    0.00
19:47:06       4   97.98    0.00    2.02    0.00    0.00    0.00    0.00    0.00    0.00    0.00
19:47:06       5   96.00    0.00    4.00    0.00    0.00    0.00    0.00    0.00    0.00    0.00
19:47:06       6   89.00    0.00   10.00    0.00    0.00    1.00    0.00    0.00    0.00    0.00
19:47:06       7   89.00    0.00    9.00    0.00    0.00    2.00    0.00    0.00    0.00    0.00
19:47:06       8   90.91    0.00    8.08    0.00    0.00    1.01    0.00    0.00    0.00    0.00
19:47:06       9   84.16    0.00   10.89    0.00    0.00    3.96    0.00    0.00    0.00    0.99
19:47:06      10   83.00    0.00   14.00    0.00    0.00    3.00    0.00    0.00    0.00    0.00
19:47:06      11   89.00    0.00    8.00    0.00    0.00    3.00    0.00    0.00    0.00    0.00
19:47:06      12   70.59    0.00   25.49    0.00    0.00    2.94    0.00    0.00    0.00    0.98
19:47:06      13   79.59    0.00   13.27    0.00    0.00    6.12    0.00    0.00    0.00    1.02
19:47:06      14   82.18    0.00   12.87    0.00    0.00    2.97    0.00    0.00    0.00    1.98
19:47:06      15   94.00    0.00    6.00    0.00    0.00    0.00    0.00    0.00    0.00    0.00
19:47:06      16   95.96    0.00    3.03    0.00    0.00    1.01    0.00    0.00    0.00    0.00
19:47:06      17   99.00    0.00    1.00    0.00    0.00    0.00    0.00    0.00    0.00    0.00
19:47:06      18   84.16    0.00   11.88    0.00    0.00    2.97    0.00    0.00    0.00    0.99
19:47:06      19   89.11    0.00    5.94    0.00    0.00    4.95    0.00    0.00    0.00    0.00
19:47:06      20   94.95    0.00    5.05    0.00    0.00    0.00    0.00    0.00    0.00    0.00
19:47:06      21   88.00    0.00   10.00    0.00    0.00    2.00    0.00    0.00    0.00    0.00
19:47:06      22   96.04    0.00    2.97    0.00    0.00    0.99    0.00    0.00    0.00    0.00
19:47:06      23   92.00    0.00    6.00    0.00    0.00    2.00    0.00    0.00    0.00    0.00
19:47:06      24   87.13    0.00    9.90    0.00    0.00    2.97    0.00    0.00    0.00    0.00
19:47:06      25   89.11    0.00    7.92    0.00    0.00    2.97    0.00    0.00    0.00    0.00
19:47:06      26   80.81    0.00   16.16    0.00    0.00    3.03    0.00    0.00    0.00    0.00
19:47:06      27   74.00    0.00   19.00    0.00    0.00    6.00    0.00    0.00    0.00    1.00
19:47:06      28   74.00    0.00   19.00    0.00    0.00    5.00    0.00    0.00    0.00    2.00
19:47:06      29   71.43    0.00   13.27    0.00    0.00    7.14    0.00    0.00    0.00    8.16
19:47:06      30   76.77    0.00   16.16    0.00    0.00    4.04    0.00    0.00    0.00    3.03
19:47:06      31   72.00    0.00   19.00    0.00    0.00    6.00    0.00    0.00    0.00    3.00

19:47:06     CPU    %usr   %nice    %sys %iowait    %irq   %soft  %steal  %guest  %gnice   %idle
19:47:07     all   88.55    0.00    8.53    0.00    0.00    2.23    0.00    0.00    0.00    0.69
19:47:07       0   95.05    0.00    3.96    0.00    0.00    0.99    0.00    0.00    0.00    0.00
19:47:07       1   96.00    0.00    4.00    0.00    0.00    0.00    0.00    0.00    0.00    0.00
19:47:07       2   91.00    0.00    8.00    0.00    0.00    1.00    0.00    0.00    0.00    0.00
19:47:07       3   94.95    0.00    4.04    0.00    0.00    1.01    0.00    0.00    0.00    0.00
19:47:07       4   93.00    0.00    5.00    0.00    0.00    2.00    0.00    0.00    0.00    0.00
19:47:07       5   86.00    0.00   10.00    0.00    0.00    4.00    0.00    0.00    0.00    0.00
19:47:07       6   96.00    0.00    4.00    0.00    0.00    0.00    0.00    0.00    0.00    0.00
19:47:07       7   88.12    0.00    8.91    0.00    0.00    2.97    0.00    0.00    0.00    0.00
19:47:07       8   91.09    0.00    6.93    0.00    0.00    1.98    0.00    0.00    0.00    0.00
19:47:07       9   85.00    0.00   11.00    0.00    0.00    4.00    0.00    0.00    0.00    0.00
19:47:07      10   91.00    0.00    6.00    0.00    0.00    3.00    0.00    0.00    0.00    0.00
19:47:07      11   86.14    0.00   10.89    0.00    0.00    2.97    0.00    0.00    0.00    0.00
19:47:07      12   84.85    0.00   13.13    0.00    0.00    2.02    0.00    0.00    0.00    0.00
19:47:07      13   78.79    0.00   19.19    0.00    0.00    2.02    0.00    0.00    0.00    0.00
19:47:07      14   90.91    0.00    7.07    0.00    0.00    2.02    0.00    0.00    0.00    0.00
19:47:07      15  100.00    0.00    0.00    0.00    0.00    0.00    0.00    0.00    0.00    0.00
19:47:07      16   94.00    0.00    4.00    0.00    0.00    2.00    0.00    0.00    0.00    0.00
19:47:07      17  100.00    0.00    0.00    0.00    0.00    0.00    0.00    0.00    0.00    0.00
19:47:07      18   91.00    0.00    7.00    0.00    0.00    2.00    0.00    0.00    0.00    0.00
19:47:07      19   97.98    0.00    2.02    0.00    0.00    0.00    0.00    0.00    0.00    0.00
19:47:07      20   92.08    0.00    6.93    0.00    0.00    0.99    0.00    0.00    0.00    0.00
19:47:07      21   91.00    0.00    6.00    0.00    0.00    3.00    0.00    0.00    0.00    0.00
19:47:07      22   89.90    0.00    9.09    0.00    0.00    1.01    0.00    0.00    0.00    0.00
19:47:07      23   89.00    0.00    8.00    0.00    0.00    2.00    0.00    0.00    0.00    1.00
19:47:07      24   99.00    0.00    1.00    0.00    0.00    0.00    0.00    0.00    0.00    0.00
19:47:07      25   89.90    0.00    9.09    0.00    0.00    1.01    0.00    0.00    0.00    0.00
19:47:07      26   82.00    0.00   14.00    0.00    0.00    4.00    0.00    0.00    0.00    0.00
19:47:07      27   80.81    0.00   16.16    0.00    0.00    3.03    0.00    0.00    0.00    0.00
19:47:07      28   68.75    0.00   19.79    0.00    0.00    5.21    0.00    0.00    0.00    6.25
19:47:07      29   58.95    0.00   21.05    0.00    0.00    6.32    0.00    0.00    0.00   13.68
19:47:07      30   85.00    0.00   10.00    0.00    0.00    3.00    0.00    0.00    0.00    2.00
19:47:07      31   74.26    0.00   17.82    0.00    0.00    7.92    0.00    0.00    0.00    0.00

19:47:07     CPU    %usr   %nice    %sys %iowait    %irq   %soft  %steal  %guest  %gnice   %idle
19:47:08     all   85.77    0.00   10.57    0.00    0.00    2.78    0.00    0.00    0.00    0.88
19:47:08       0   84.00    0.00   11.00    0.00    0.00    3.00    0.00    0.00    0.00    2.00
19:47:08       1   68.69    0.00   24.24    0.00    0.00    2.02    0.00    0.00    0.00    5.05
19:47:08       2   85.00    0.00   11.00    0.00    0.00    4.00    0.00    0.00    0.00    0.00
19:47:08       3   87.13    0.00    9.90    0.00    0.00    1.98    0.00    0.00    0.00    0.99
19:47:08       4   96.00    0.00    4.00    0.00    0.00    0.00    0.00    0.00    0.00    0.00
19:47:08       5   94.00    0.00    5.00    0.00    0.00    1.00    0.00    0.00    0.00    0.00
19:47:08       6   93.94    0.00    5.05    0.00    0.00    1.01    0.00    0.00    0.00    0.00
19:47:08       7   92.93    0.00    5.05    0.00    0.00    2.02    0.00    0.00    0.00    0.00
19:47:08       8   92.93    0.00    5.05    0.00    0.00    2.02    0.00    0.00    0.00    0.00
19:47:08       9   85.86    0.00   12.12    0.00    0.00    2.02    0.00    0.00    0.00    0.00
19:47:08      10   90.00    0.00    7.00    0.00    0.00    3.00    0.00    0.00    0.00    0.00
19:47:08      11   89.00    0.00    9.00    0.00    0.00    2.00    0.00    0.00    0.00    0.00
19:47:08      12   83.00    0.00   13.00    0.00    0.00    2.00    0.00    0.00    0.00    2.00
19:47:08      13   86.00    0.00    9.00    0.00    0.00    4.00    0.00    0.00    0.00    1.00
19:47:08      14   93.14    0.00    4.90    0.00    0.00    1.96    0.00    0.00    0.00    0.00
19:47:08      15   96.04    0.00    2.97    0.00    0.00    0.99    0.00    0.00    0.00    0.00
19:47:08      16   55.00    0.00   38.00    0.00    0.00    3.00    0.00    0.00    0.00    4.00
19:47:08      17   89.00    0.00    8.00    0.00    0.00    2.00    0.00    0.00    0.00    1.00
19:47:08      18   89.00    0.00    7.00    0.00    0.00    2.00    0.00    0.00    0.00    2.00
19:47:08      19   95.00    0.00    4.00    0.00    0.00    1.00    0.00    0.00    0.00    0.00
19:47:08      20  100.00    0.00    0.00    0.00    0.00    0.00    0.00    0.00    0.00    0.00
19:47:08      21   94.00    0.00    5.00    0.00    0.00    1.00    0.00    0.00    0.00    0.00
19:47:08      22   93.07    0.00    4.95    0.00    0.00    1.98    0.00    0.00    0.00    0.00
19:47:08      23   92.08    0.00    5.94    0.00    0.00    1.98    0.00    0.00    0.00    0.00
19:47:08      24  100.00    0.00    0.00    0.00    0.00    0.00    0.00    0.00    0.00    0.00
19:47:08      25   90.00    0.00    8.00    0.00    0.00    2.00    0.00    0.00    0.00    0.00
19:47:08      26   81.00    0.00   14.00    0.00    0.00    5.00    0.00    0.00    0.00    0.00
19:47:08      27   71.00    0.00   22.00    0.00    0.00    7.00    0.00    0.00    0.00    0.00
19:47:08      28   67.68    0.00   20.20    0.00    0.00    7.07    0.00    0.00    0.00    5.05
19:47:08      29   61.86    0.00   24.74    0.00    0.00    8.25    0.00    0.00    0.00    5.15
19:47:08      30   75.25    0.00   17.82    0.00    0.00    6.93    0.00    0.00    0.00    0.00
19:47:08      31   72.00    0.00   21.00    0.00    0.00    7.00    0.00    0.00    0.00    0.00

19:47:08     CPU    %usr   %nice    %sys %iowait    %irq   %soft  %steal  %guest  %gnice   %idle
19:47:09     all   88.94    0.00    8.43    0.00    0.00    2.50    0.00    0.00    0.00    0.12
19:47:09       0   89.90    0.00    8.08    0.00    0.00    2.02    0.00    0.00    0.00    0.00
19:47:09       1   81.82    0.00   11.11    0.00    0.00    5.05    0.00    0.00    0.00    2.02
19:47:09       2   96.00    0.00    4.00    0.00    0.00    0.00    0.00    0.00    0.00    0.00
19:47:09       3   96.00    0.00    4.00    0.00    0.00    0.00    0.00    0.00    0.00    0.00
19:47:09       4   97.00    0.00    2.00    0.00    0.00    1.00    0.00    0.00    0.00    0.00
19:47:09       5   96.00    0.00    3.00    0.00    0.00    1.00    0.00    0.00    0.00    0.00
19:47:09       6   93.00    0.00    6.00    0.00    0.00    1.00    0.00    0.00    0.00    0.00
19:47:09       7   91.09    0.00    4.95    0.00    0.00    3.96    0.00    0.00    0.00    0.00
19:47:09       8   88.12    0.00    9.90    0.00    0.00    1.98    0.00    0.00    0.00    0.00
19:47:09       9   91.09    0.00    6.93    0.00    0.00    1.98    0.00    0.00    0.00    0.00
19:47:09      10   90.00    0.00    8.00    0.00    0.00    2.00    0.00    0.00    0.00    0.00
19:47:09      11   90.00    0.00    9.00    0.00    0.00    1.00    0.00    0.00    0.00    0.00
19:47:09      12   90.00    0.00    9.00    0.00    0.00    1.00    0.00    0.00    0.00    0.00
19:47:09      13   93.00    0.00    6.00    0.00    0.00    1.00    0.00    0.00    0.00    0.00
19:47:09      14   89.90    0.00    9.09    0.00    0.00    1.01    0.00    0.00    0.00    0.00
19:47:09      15   92.00    0.00    6.00    0.00    0.00    2.00    0.00    0.00    0.00    0.00
19:47:09      16   99.00    0.00    1.00    0.00    0.00    0.00    0.00    0.00    0.00    0.00
19:47:09      17   66.34    0.00   26.73    0.00    0.00    4.95    0.00    0.00    0.00    1.98
19:47:09      18   90.10    0.00    7.92    0.00    0.00    1.98    0.00    0.00    0.00    0.00
19:47:09      19   93.00    0.00    6.00    0.00    0.00    1.00    0.00    0.00    0.00    0.00
19:47:09      20   98.00    0.00    2.00    0.00    0.00    0.00    0.00    0.00    0.00    0.00
19:47:09      21   94.06    0.00    3.96    0.00    0.00    1.98    0.00    0.00    0.00    0.00
19:47:09      22   97.00    0.00    1.00    0.00    0.00    2.00    0.00    0.00    0.00    0.00
19:47:09      23   93.94    0.00    5.05    0.00    0.00    1.01    0.00    0.00    0.00    0.00
19:47:09      24   99.00    0.00    1.00    0.00    0.00    0.00    0.00    0.00    0.00    0.00
19:47:09      25   93.00    0.00    5.00    0.00    0.00    2.00    0.00    0.00    0.00    0.00
19:47:09      26   77.00    0.00   18.00    0.00    0.00    5.00    0.00    0.00    0.00    0.00
19:47:09      27   74.26    0.00   14.85    0.00    0.00   10.89    0.00    0.00    0.00    0.00
19:47:09      28   78.22    0.00   17.82    0.00    0.00    3.96    0.00    0.00    0.00    0.00
19:47:09      29   73.74    0.00   17.17    0.00    0.00    9.09    0.00    0.00    0.00    0.00
19:47:09      30   72.73    0.00   22.22    0.00    0.00    5.05    0.00    0.00    0.00    0.00
19:47:09      31   81.82    0.00   13.13    0.00    0.00    5.05    0.00    0.00    0.00    0.00

19:47:09     CPU    %usr   %nice    %sys %iowait    %irq   %soft  %steal  %guest  %gnice   %idle
19:47:10     all   88.60    0.00    8.68    0.00    0.00    2.41    0.00    0.00    0.00    0.31
19:47:10       0   90.10    0.00    5.94    0.00    0.00    2.97    0.00    0.00    0.00    0.99
19:47:10       1   74.26    0.00   16.83    0.00    0.00    5.94    0.00    0.00    0.00    2.97
19:47:10       2   96.00    0.00    3.00    0.00    0.00    1.00    0.00    0.00    0.00    0.00
19:47:10       3   93.94    0.00    5.05    0.00    0.00    1.01    0.00    0.00    0.00    0.00
19:47:10       4   98.02    0.00    1.98    0.00    0.00    0.00    0.00    0.00    0.00    0.00
19:47:10       5   93.07    0.00    5.94    0.00    0.00    0.99    0.00    0.00    0.00    0.00
19:47:10       6   93.07    0.00    3.96    0.00    0.00    2.97    0.00    0.00    0.00    0.00
19:47:10       7   94.95    0.00    3.03    0.00    0.00    2.02    0.00    0.00    0.00    0.00
19:47:10       8   94.95    0.00    5.05    0.00    0.00    0.00    0.00    0.00    0.00    0.00
19:47:10       9   91.00    0.00    7.00    0.00    0.00    2.00    0.00    0.00    0.00    0.00
19:47:10      10   96.97    0.00    3.03    0.00    0.00    0.00    0.00    0.00    0.00    0.00
19:47:10      11   90.00    0.00    7.00    0.00    0.00    3.00    0.00    0.00    0.00    0.00
19:47:10      12   93.00    0.00    6.00    0.00    0.00    1.00    0.00    0.00    0.00    0.00
19:47:10      13   90.00    0.00    8.00    0.00    0.00    2.00    0.00    0.00    0.00    0.00
19:47:10      14   95.96    0.00    3.03    0.00    0.00    1.01    0.00    0.00    0.00    0.00
19:47:10      15   94.95    0.00    3.03    0.00    0.00    2.02    0.00    0.00    0.00    0.00
19:47:10      16   88.89    0.00    8.08    0.00    0.00    3.03    0.00    0.00    0.00    0.00
19:47:10      17   63.00    0.00   30.00    0.00    0.00    5.00    0.00    0.00    0.00    2.00
19:47:10      18   94.95    0.00    4.04    0.00    0.00    1.01    0.00    0.00    0.00    0.00
19:47:10      19   91.00    0.00    7.00    0.00    0.00    2.00    0.00    0.00    0.00    0.00
19:47:10      20   90.10    0.00    7.92    0.00    0.00    1.98    0.00    0.00    0.00    0.00
19:47:10      21   88.78    0.00    9.18    0.00    0.00    2.04    0.00    0.00    0.00    0.00
19:47:10      22   91.92    0.00    7.07    0.00    0.00    1.01    0.00    0.00    0.00    0.00
19:47:10      23   93.00    0.00    3.00    0.00    0.00    4.00    0.00    0.00    0.00    0.00
19:47:10      24  100.00    0.00    0.00    0.00    0.00    0.00    0.00    0.00    0.00    0.00
19:47:10      25   91.09    0.00    6.93    0.00    0.00    1.98    0.00    0.00    0.00    0.00
19:47:10      26   78.00    0.00   18.00    0.00    0.00    4.00    0.00    0.00    0.00    0.00
19:47:10      27   78.79    0.00   18.18    0.00    0.00    3.03    0.00    0.00    0.00    0.00
19:47:10      28   78.57    0.00   16.33    0.00    0.00    5.10    0.00    0.00    0.00    0.00
19:47:10      29   76.77    0.00   17.17    0.00    0.00    5.05    0.00    0.00    0.00    1.01
19:47:10      30   72.73    0.00   20.20    0.00    0.00    4.04    0.00    0.00    0.00    3.03
19:47:10      31   77.23    0.00   16.83    0.00    0.00    5.94    0.00    0.00    0.00    0.00

19:47:10     CPU    %usr   %nice    %sys %iowait    %irq   %soft  %steal  %guest  %gnice   %idle
19:47:11     all   88.49    0.00    8.70    0.00    0.00    2.60    0.00    0.00    0.00    0.22
19:47:11       0   92.00    0.00    6.00    0.00    0.00    2.00    0.00    0.00    0.00    0.00
19:47:11       1   81.82    0.00   14.14    0.00    0.00    3.03    0.00    0.00    0.00    1.01
19:47:11       2   97.03    0.00    1.98    0.00    0.00    0.99    0.00    0.00    0.00    0.00
19:47:11       3   89.00    0.00    7.00    0.00    0.00    4.00    0.00    0.00    0.00    0.00
19:47:11       4   92.93    0.00    6.06    0.00    0.00    1.01    0.00    0.00    0.00    0.00
19:47:11       5  100.00    0.00    0.00    0.00    0.00    0.00    0.00    0.00    0.00    0.00
19:47:11       6   92.93    0.00    6.06    0.00    0.00    1.01    0.00    0.00    0.00    0.00
19:47:11       7   93.00    0.00    6.00    0.00    0.00    1.00    0.00    0.00    0.00    0.00
19:47:11       8   97.00    0.00    3.00    0.00    0.00    0.00    0.00    0.00    0.00    0.00
19:47:11       9   96.97    0.00    2.02    0.00    0.00    1.01    0.00    0.00    0.00    0.00
19:47:11      10   88.12    0.00    8.91    0.00    0.00    2.97    0.00    0.00    0.00    0.00
19:47:11      11   95.05    0.00    3.96    0.00    0.00    0.99    0.00    0.00    0.00    0.00
19:47:11      12   88.00    0.00    9.00    0.00    0.00    3.00    0.00    0.00    0.00    0.00
19:47:11      13   91.09    0.00    5.94    0.00    0.00    2.97    0.00    0.00    0.00    0.00
19:47:11      14   92.08    0.00    5.94    0.00    0.00    1.98    0.00    0.00    0.00    0.00
19:47:11      15   91.09    0.00    5.94    0.00    0.00    2.97    0.00    0.00    0.00    0.00
19:47:11      16   88.89    0.00    8.08    0.00    0.00    2.02    0.00    0.00    0.00    1.01
19:47:11      17   68.69    0.00   27.27    0.00    0.00    3.03    0.00    0.00    0.00    1.01
19:47:11      18   92.00    0.00    6.00    0.00    0.00    2.00    0.00    0.00    0.00    0.00
19:47:11      19   90.91    0.00    7.07    0.00    0.00    2.02    0.00    0.00    0.00    0.00
19:47:11      20   91.00    0.00    6.00    0.00    0.00    3.00    0.00    0.00    0.00    0.00
19:47:11      21   88.00    0.00   10.00    0.00    0.00    2.00    0.00    0.00    0.00    0.00
19:47:11      22   94.00    0.00    4.00    0.00    0.00    2.00    0.00    0.00    0.00    0.00
19:47:11      23   94.00    0.00    5.00    0.00    0.00    1.00    0.00    0.00    0.00    0.00
19:47:11      24   99.00    0.00    1.00    0.00    0.00    0.00    0.00    0.00    0.00    0.00
19:47:11      25   91.92    0.00    6.06    0.00    0.00    2.02    0.00    0.00    0.00    0.00
19:47:11      26   76.00    0.00   17.00    0.00    0.00    7.00    0.00    0.00    0.00    0.00
19:47:11      27   77.23    0.00   18.81    0.00    0.00    3.96    0.00    0.00    0.00    0.00
19:47:11      28   79.21    0.00   14.85    0.00    0.00    4.95    0.00    0.00    0.00    0.99
19:47:11      29   74.00    0.00   20.00    0.00    0.00    5.00    0.00    0.00    0.00    1.00
19:47:11      30   77.00    0.00   15.00    0.00    0.00    8.00    0.00    0.00    0.00    0.00
19:47:11      31   71.43    0.00   20.41    0.00    0.00    6.12    0.00    0.00    0.00    2.04

19:47:11     CPU    %usr   %nice    %sys %iowait    %irq   %soft  %steal  %guest  %gnice   %idle
19:47:12     all   88.09    0.00    8.75    0.00    0.00    2.69    0.00    0.00    0.00    0.47
19:47:12       0   90.82    0.00    7.14    0.00    0.00    2.04    0.00    0.00    0.00    0.00
19:47:12       1   72.28    0.00   22.77    0.00    0.00    4.95    0.00    0.00    0.00    0.00
19:47:12       2   91.92    0.00    7.07    0.00    0.00    1.01    0.00    0.00    0.00    0.00
19:47:12       3   91.00    0.00    7.00    0.00    0.00    2.00    0.00    0.00    0.00    0.00
19:47:12       4   87.00    0.00    9.00    0.00    0.00    4.00    0.00    0.00    0.00    0.00
19:47:12       5  100.00    0.00    0.00    0.00    0.00    0.00    0.00    0.00    0.00    0.00
19:47:12       6   95.00    0.00    3.00    0.00    0.00    2.00    0.00    0.00    0.00    0.00
19:47:12       7   94.06    0.00    2.97    0.00    0.00    2.97    0.00    0.00    0.00    0.00
19:47:12       8   92.08    0.00    5.94    0.00    0.00    1.98    0.00    0.00    0.00    0.00
19:47:12       9   91.09    0.00    6.93    0.00    0.00    1.98    0.00    0.00    0.00    0.00
19:47:12      10   86.00    0.00   10.00    0.00    0.00    2.00    0.00    0.00    0.00    2.00
19:47:12      11   98.99    0.00    1.01    0.00    0.00    0.00    0.00    0.00    0.00    0.00
19:47:12      12   83.17    0.00   14.85    0.00    0.00    1.98    0.00    0.00    0.00    0.00
19:47:12      13   96.00    0.00    3.00    0.00    0.00    1.00    0.00    0.00    0.00    0.00
19:47:12      14   93.94    0.00    5.05    0.00    0.00    1.01    0.00    0.00    0.00    0.00
19:47:12      15   86.14    0.00   10.89    0.00    0.00    1.98    0.00    0.00    0.00    0.99
19:47:12      16   96.04    0.00    2.97    0.00    0.00    0.99    0.00    0.00    0.00    0.00
19:47:12      17   79.00    0.00   15.00    0.00    0.00    2.00    0.00    0.00    0.00    4.00
19:47:12      18   90.00    0.00    9.00    0.00    0.00    1.00    0.00    0.00    0.00    0.00
19:47:12      19   90.00    0.00    8.00    0.00    0.00    2.00    0.00    0.00    0.00    0.00
19:47:12      20   95.96    0.00    3.03    0.00    0.00    1.01    0.00    0.00    0.00    0.00
19:47:12      21   94.06    0.00    4.95    0.00    0.00    0.99    0.00    0.00    0.00    0.00
19:47:12      22   94.06    0.00    4.95    0.00    0.00    0.99    0.00    0.00    0.00    0.00
19:47:12      23   92.00    0.00    6.00    0.00    0.00    2.00    0.00    0.00    0.00    0.00
19:47:12      24   96.00    0.00    3.00    0.00    0.00    1.00    0.00    0.00    0.00    0.00
19:47:12      25   83.00    0.00   11.00    0.00    0.00    6.00    0.00    0.00    0.00    0.00
19:47:12      26   66.33    0.00   20.41    0.00    0.00    9.18    0.00    0.00    0.00    4.08
19:47:12      27   77.00    0.00   16.00    0.00    0.00    7.00    0.00    0.00    0.00    0.00
19:47:12      28   80.20    0.00   12.87    0.00    0.00    4.95    0.00    0.00    0.00    1.98
19:47:12      29   80.00    0.00   15.00    0.00    0.00    5.00    0.00    0.00    0.00    0.00
19:47:12      30   79.80    0.00   15.15    0.00    0.00    5.05    0.00    0.00    0.00    0.00
19:47:12      31   75.76    0.00   16.16    0.00    0.00    6.06    0.00    0.00    0.00    2.02

19:47:12     CPU    %usr   %nice    %sys %iowait    %irq   %soft  %steal  %guest  %gnice   %idle
19:47:13     all   89.48    0.00    8.02    0.00    0.00    2.35    0.00    0.00    0.00    0.16
19:47:13       0   90.00    0.00    8.00    0.00    0.00    2.00    0.00    0.00    0.00    0.00
19:47:13       1   93.00    0.00    6.00    0.00    0.00    1.00    0.00    0.00    0.00    0.00
19:47:13       2   71.00    0.00   24.00    0.00    0.00    4.00    0.00    0.00    0.00    1.00
19:47:13       3   92.00    0.00    7.00    0.00    0.00    1.00    0.00    0.00    0.00    0.00
19:47:13       4   92.08    0.00    5.94    0.00    0.00    1.98    0.00    0.00    0.00    0.00
19:47:13       5   91.00    0.00    8.00    0.00    0.00    1.00    0.00    0.00    0.00    0.00
19:47:13       6   95.00    0.00    4.00    0.00    0.00    1.00    0.00    0.00    0.00    0.00
19:47:13       7   89.00    0.00    7.00    0.00    0.00    4.00    0.00    0.00    0.00    0.00
19:47:13       8   89.90    0.00    7.07    0.00    0.00    3.03    0.00    0.00    0.00    0.00
19:47:13       9   97.98    0.00    2.02    0.00    0.00    0.00    0.00    0.00    0.00    0.00
19:47:13      10   95.05    0.00    3.96    0.00    0.00    0.99    0.00    0.00    0.00    0.00
19:47:13      11   90.00    0.00    8.00    0.00    0.00    2.00    0.00    0.00    0.00    0.00
19:47:13      12   88.89    0.00    7.07    0.00    0.00    4.04    0.00    0.00    0.00    0.00
19:47:13      13   95.96    0.00    3.03    0.00    0.00    1.01    0.00    0.00    0.00    0.00
19:47:13      14   91.09    0.00    5.94    0.00    0.00    2.97    0.00    0.00    0.00    0.00
19:47:13      15   93.00    0.00    5.00    0.00    0.00    2.00    0.00    0.00    0.00    0.00
19:47:13      16   93.00    0.00    5.00    0.00    0.00    2.00    0.00    0.00    0.00    0.00
19:47:13      17   89.90    0.00    8.08    0.00    0.00    2.02    0.00    0.00    0.00    0.00
19:47:13      18   91.00    0.00    6.00    0.00    0.00    3.00    0.00    0.00    0.00    0.00
19:47:13      19   96.00    0.00    2.00    0.00    0.00    2.00    0.00    0.00    0.00    0.00
19:47:13      20   92.00    0.00    7.00    0.00    0.00    1.00    0.00    0.00    0.00    0.00
19:47:13      21   90.00    0.00    8.00    0.00    0.00    2.00    0.00    0.00    0.00    0.00
19:47:13      22   93.00    0.00    5.00    0.00    0.00    2.00    0.00    0.00    0.00    0.00
19:47:13      23   93.00    0.00    5.00    0.00    0.00    2.00    0.00    0.00    0.00    0.00
19:47:13      24   98.00    0.00    2.00    0.00    0.00    0.00    0.00    0.00    0.00    0.00
19:47:13      25   71.29    0.00   22.77    0.00    0.00    5.94    0.00    0.00    0.00    0.00
19:47:13      26   82.00    0.00   13.00    0.00    0.00    5.00    0.00    0.00    0.00    0.00
19:47:13      27   86.00    0.00   11.00    0.00    0.00    3.00    0.00    0.00    0.00    0.00
19:47:13      28   80.41    0.00   14.43    0.00    0.00    4.12    0.00    0.00    0.00    1.03
19:47:13      29   75.76    0.00   19.19    0.00    0.00    5.05    0.00    0.00    0.00    0.00
19:47:13      30   81.82    0.00   12.12    0.00    0.00    3.03    0.00    0.00    0.00    3.03
19:47:13      31   94.95    0.00    4.04    0.00    0.00    1.01    0.00    0.00    0.00    0.00

19:47:13     CPU    %usr   %nice    %sys %iowait    %irq   %soft  %steal  %guest  %gnice   %idle
19:47:14     all   87.64    0.00    9.20    0.00    0.00    2.75    0.00    0.00    0.00    0.41
19:47:14       0   86.00    0.00   12.00    0.00    0.00    2.00    0.00    0.00    0.00    0.00
19:47:14       1   96.00    0.00    3.00    0.00    0.00    1.00    0.00    0.00    0.00    0.00
19:47:14       2   76.77    0.00   15.15    0.00    0.00    5.05    0.00    0.00    0.00    3.03
19:47:14       3   83.84    0.00   11.11    0.00    0.00    5.05    0.00    0.00    0.00    0.00
19:47:14       4   84.85    0.00   11.11    0.00    0.00    4.04    0.00    0.00    0.00    0.00
19:47:14       5   95.05    0.00    3.96    0.00    0.00    0.99    0.00    0.00    0.00    0.00
19:47:14       6   93.07    0.00    3.96    0.00    0.00    2.97    0.00    0.00    0.00    0.00
19:47:14       7   97.00    0.00    2.00    0.00    0.00    1.00    0.00    0.00    0.00    0.00
19:47:14       8   86.00    0.00   12.00    0.00    0.00    2.00    0.00    0.00    0.00    0.00
19:47:14       9   99.00    0.00    1.00    0.00    0.00    0.00    0.00    0.00    0.00    0.00
19:47:14      10   94.00    0.00    5.00    0.00    0.00    1.00    0.00    0.00    0.00    0.00
19:47:14      11   95.00    0.00    1.00    0.00    0.00    4.00    0.00    0.00    0.00    0.00
19:47:14      12   97.00    0.00    3.00    0.00    0.00    0.00    0.00    0.00    0.00    0.00
19:47:14      13   79.21    0.00   15.84    0.00    0.00    3.96    0.00    0.00    0.00    0.99
19:47:14      14   86.00    0.00   11.00    0.00    0.00    3.00    0.00    0.00    0.00    0.00
19:47:14      15   94.00    0.00    5.00    0.00    0.00    1.00    0.00    0.00    0.00    0.00
19:47:14      16   89.11    0.00    8.91    0.00    0.00    1.98    0.00    0.00    0.00    0.00
19:47:14      17   99.00    0.00    1.00    0.00    0.00    0.00    0.00    0.00    0.00    0.00
19:47:14      18   89.00    0.00    8.00    0.00    0.00    3.00    0.00    0.00    0.00    0.00
19:47:14      19   95.05    0.00    3.96    0.00    0.00    0.99    0.00    0.00    0.00    0.00
19:47:14      20   88.89    0.00   10.10    0.00    0.00    1.01    0.00    0.00    0.00    0.00
19:47:14      21   87.00    0.00   11.00    0.00    0.00    2.00    0.00    0.00    0.00    0.00
19:47:14      22   86.00    0.00   11.00    0.00    0.00    3.00    0.00    0.00    0.00    0.00
19:47:14      23   91.92    0.00    6.06    0.00    0.00    2.02    0.00    0.00    0.00    0.00
19:47:14      24   98.00    0.00    2.00    0.00    0.00    0.00    0.00    0.00    0.00    0.00
19:47:14      25   72.00    0.00   24.00    0.00    0.00    4.00    0.00    0.00    0.00    0.00
19:47:14      26   82.00    0.00   11.00    0.00    0.00    6.00    0.00    0.00    0.00    1.00
19:47:14      27   83.00    0.00   13.00    0.00    0.00    4.00    0.00    0.00    0.00    0.00
19:47:14      28   70.00    0.00   23.00    0.00    0.00    7.00    0.00    0.00    0.00    0.00
19:47:14      29   66.33    0.00   19.39    0.00    0.00    7.14    0.00    0.00    0.00    7.14
19:47:14      30   73.74    0.00   18.18    0.00    0.00    7.07    0.00    0.00    0.00    1.01
19:47:14      31   90.00    0.00    8.00    0.00    0.00    2.00    0.00    0.00    0.00    0.00

19:47:14     CPU    %usr   %nice    %sys %iowait    %irq   %soft  %steal  %guest  %gnice   %idle
19:47:15     all   87.76    0.00    8.69    0.00    0.00    2.57    0.00    0.00    0.00    0.97
19:47:15       0   93.07    0.00    4.95    0.00    0.00    1.98    0.00    0.00    0.00    0.00
19:47:15       1   90.00    0.00    9.00    0.00    0.00    1.00    0.00    0.00    0.00    0.00
19:47:15       2   86.14    0.00   10.89    0.00    0.00    2.97    0.00    0.00    0.00    0.00
19:47:15       3   88.00    0.00   10.00    0.00    0.00    1.00    0.00    0.00    0.00    1.00
19:47:15       4   68.00    0.00   25.00    0.00    0.00    4.00    0.00    0.00    0.00    3.00
19:47:15       5   95.96    0.00    2.02    0.00    0.00    2.02    0.00    0.00    0.00    0.00
19:47:15       6   87.00    0.00   10.00    0.00    0.00    3.00    0.00    0.00    0.00    0.00
19:47:15       7   88.00    0.00   11.00    0.00    0.00    1.00    0.00    0.00    0.00    0.00
19:47:15       8   80.00    0.00   17.00    0.00    0.00    3.00    0.00    0.00    0.00    0.00
19:47:15       9  100.00    0.00    0.00    0.00    0.00    0.00    0.00    0.00    0.00    0.00
19:47:15      10   96.97    0.00    3.03    0.00    0.00    0.00    0.00    0.00    0.00    0.00
19:47:15      11   88.89    0.00    6.06    0.00    0.00    5.05    0.00    0.00    0.00    0.00
19:47:15      12   89.11    0.00    6.93    0.00    0.00    1.98    0.00    0.00    0.00    1.98
19:47:15      13   93.88    0.00    4.08    0.00    0.00    2.04    0.00    0.00    0.00    0.00
19:47:15      14   88.00    0.00    9.00    0.00    0.00    3.00    0.00    0.00    0.00    0.00
19:47:15      15  100.00    0.00    0.00    0.00    0.00    0.00    0.00    0.00    0.00    0.00
19:47:15      16   90.91    0.00    8.08    0.00    0.00    1.01    0.00    0.00    0.00    0.00
19:47:15      17   93.07    0.00    5.94    0.00    0.00    0.99    0.00    0.00    0.00    0.00
19:47:15      18   99.00    0.00    1.00    0.00    0.00    0.00    0.00    0.00    0.00    0.00
19:47:15      19   90.91    0.00    6.06    0.00    0.00    1.01    0.00    0.00    0.00    2.02
19:47:15      20   86.27    0.00    7.84    0.00    0.00    2.94    0.00    0.00    0.00    2.94
19:47:15      21   95.96    0.00    3.03    0.00    0.00    1.01    0.00    0.00    0.00    0.00
19:47:15      22   93.00    0.00    6.00    0.00    0.00    1.00    0.00    0.00    0.00    0.00
19:47:15      23   91.09    0.00    5.94    0.00    0.00    2.97    0.00    0.00    0.00    0.00
19:47:15      24   99.00    0.00    1.00    0.00    0.00    0.00    0.00    0.00    0.00    0.00
19:47:15      25   73.00    0.00   19.00    0.00    0.00    8.00    0.00    0.00    0.00    0.00
19:47:15      26   92.08    0.00    5.94    0.00    0.00    1.98    0.00    0.00    0.00    0.00
19:47:15      27   79.59    0.00   15.31    0.00    0.00    5.10    0.00    0.00    0.00    0.00
19:47:15      28   66.67    0.00   17.71    0.00    0.00    7.29    0.00    0.00    0.00    8.33
19:47:15      29   63.54    0.00   18.75    0.00    0.00    8.33    0.00    0.00    0.00    9.38
19:47:15      30   71.72    0.00   19.19    0.00    0.00    6.06    0.00    0.00    0.00    3.03
19:47:15      31   87.88    0.00    9.09    0.00    0.00    3.03    0.00    0.00    0.00    0.00

19:47:15     CPU    %usr   %nice    %sys %iowait    %irq   %soft  %steal  %guest  %gnice   %idle
19:47:16     all   85.54    0.00   11.11    0.00    0.00    2.82    0.00    0.00    0.00    0.53
19:47:16       0   91.92    0.00    7.07    0.00    0.00    1.01    0.00    0.00    0.00    0.00
19:47:16       1   47.47    0.00   51.52    0.00    0.00    1.01    0.00    0.00    0.00    0.00
19:47:16       2   84.85    0.00   12.12    0.00    0.00    3.03    0.00    0.00    0.00    0.00
19:47:16       3   96.08    0.00    2.94    0.00    0.00    0.98    0.00    0.00    0.00    0.00
19:47:16       4   80.20    0.00   14.85    0.00    0.00    4.95    0.00    0.00    0.00    0.00
19:47:16       5   90.00    0.00    9.00    0.00    0.00    1.00    0.00    0.00    0.00    0.00
19:47:16       6   80.61    0.00   13.27    0.00    0.00    5.10    0.00    0.00    0.00    1.02
19:47:16       7   86.14    0.00    9.90    0.00    0.00    2.97    0.00    0.00    0.00    0.99
19:47:16       8   86.14    0.00    9.90    0.00    0.00    3.96    0.00    0.00    0.00    0.00
19:47:16       9   94.00    0.00    5.00    0.00    0.00    1.00    0.00    0.00    0.00    0.00
19:47:16      10   89.90    0.00    9.09    0.00    0.00    1.01    0.00    0.00    0.00    0.00
19:47:16      11   96.04    0.00    3.96    0.00    0.00    0.00    0.00    0.00    0.00    0.00
19:47:16      12   83.00    0.00   14.00    0.00    0.00    2.00    0.00    0.00    0.00    1.00
19:47:16      13   90.00    0.00    8.00    0.00    0.00    2.00    0.00    0.00    0.00    0.00
19:47:16      14   94.00    0.00    4.00    0.00    0.00    2.00    0.00    0.00    0.00    0.00
19:47:16      15   99.00    0.00    1.00    0.00    0.00    0.00    0.00    0.00    0.00    0.00
19:47:16      16   93.00    0.00    4.00    0.00    0.00    1.00    0.00    0.00    0.00    2.00
19:47:16      17   91.09    0.00    5.94    0.00    0.00    1.98    0.00    0.00    0.00    0.99
19:47:16      18   91.00    0.00    5.00    0.00    0.00    4.00    0.00    0.00    0.00    0.00
19:47:16      19   96.00    0.00    2.00    0.00    0.00    2.00    0.00    0.00    0.00    0.00
19:47:16      20   93.94    0.00    5.05    0.00    0.00    0.00    0.00    0.00    0.00    1.01
19:47:16      21   92.00    0.00    6.00    0.00    0.00    2.00    0.00    0.00    0.00    0.00
19:47:16      22   95.96    0.00    4.04    0.00    0.00    0.00    0.00    0.00    0.00    0.00
19:47:16      23   89.00    0.00    8.00    0.00    0.00    3.00    0.00    0.00    0.00    0.00
19:47:16      24   96.97    0.00    3.03    0.00    0.00    0.00    0.00    0.00    0.00    0.00
19:47:16      25   67.35    0.00   23.47    0.00    0.00    7.14    0.00    0.00    0.00    2.04
19:47:16      26   92.93    0.00    5.05    0.00    0.00    2.02    0.00    0.00    0.00    0.00
19:47:16      27   70.30    0.00   21.78    0.00    0.00    6.93    0.00    0.00    0.00    0.99
19:47:16      28   61.22    0.00   25.51    0.00    0.00    8.16    0.00    0.00    0.00    5.10
19:47:16      29   66.00    0.00   27.00    0.00    0.00    7.00    0.00    0.00    0.00    0.00
19:47:16      30   70.71    0.00   19.19    0.00    0.00    8.08    0.00    0.00    0.00    2.02
19:47:16      31   79.21    0.00   15.84    0.00    0.00    4.95    0.00    0.00    0.00    0.00

19:47:16     CPU    %usr   %nice    %sys %iowait    %irq   %soft  %steal  %guest  %gnice   %idle
19:47:17     all   86.73    0.00    9.30    0.00    0.00    3.09    0.00    0.00    0.00    0.87
19:47:17       0   90.29    0.00    3.88    0.00    0.00    2.91    0.00    0.00    0.00    2.91
19:47:17       1   71.29    0.00   13.86    0.00    0.00    1.98    0.00    0.00    0.00   12.87
19:47:17       2   92.00    0.00    6.00    0.00    0.00    2.00    0.00    0.00    0.00    0.00
19:47:17       3   93.94    0.00    4.04    0.00    0.00    2.02    0.00    0.00    0.00    0.00
19:47:17       4   96.94    0.00    2.04    0.00    0.00    1.02    0.00    0.00    0.00    0.00
19:47:17       5   89.00    0.00   10.00    0.00    0.00    1.00    0.00    0.00    0.00    0.00
19:47:17       6   92.00    0.00    7.00    0.00    0.00    1.00    0.00    0.00    0.00    0.00
19:47:17       7   93.00    0.00    6.00    0.00    0.00    1.00    0.00    0.00    0.00    0.00
19:47:17       8   92.00    0.00    5.00    0.00    0.00    3.00    0.00    0.00    0.00    0.00
19:47:17       9   86.00    0.00   10.00    0.00    0.00    4.00    0.00    0.00    0.00    0.00
19:47:17      10   76.24    0.00   21.78    0.00    0.00    1.98    0.00    0.00    0.00    0.00
19:47:17      11   91.00    0.00    6.00    0.00    0.00    3.00    0.00    0.00    0.00    0.00
19:47:17      12   89.00    0.00    7.00    0.00    0.00    4.00    0.00    0.00    0.00    0.00
19:47:17      13  100.00    0.00    0.00    0.00    0.00    0.00    0.00    0.00    0.00    0.00
19:47:17      14   87.00    0.00    9.00    0.00    0.00    4.00    0.00    0.00    0.00    0.00
19:47:17      15   99.01    0.00    0.99    0.00    0.00    0.00    0.00    0.00    0.00    0.00
19:47:17      16   87.00    0.00    9.00    0.00    0.00    3.00    0.00    0.00    0.00    1.00
19:47:17      17   83.00    0.00   12.00    0.00    0.00    4.00    0.00    0.00    0.00    1.00
19:47:17      18   87.00    0.00   12.00    0.00    0.00    1.00    0.00    0.00    0.00    0.00
19:47:17      19   93.00    0.00    6.00    0.00    0.00    1.00    0.00    0.00    0.00    0.00
19:47:17      20   96.04    0.00    2.97    0.00    0.00    0.99    0.00    0.00    0.00    0.00
19:47:17      21   87.13    0.00    8.91    0.00    0.00    3.96    0.00    0.00    0.00    0.00
19:47:17      22   87.13    0.00    9.90    0.00    0.00    2.97    0.00    0.00    0.00    0.00
19:47:17      23   93.07    0.00    2.97    0.00    0.00    3.96    0.00    0.00    0.00    0.00
19:47:17      24   89.11    0.00    6.93    0.00    0.00    3.96    0.00    0.00    0.00    0.00
19:47:17      25   72.28    0.00   19.80    0.00    0.00    6.93    0.00    0.00    0.00    0.99
19:47:17      26   93.00    0.00    7.00    0.00    0.00    0.00    0.00    0.00    0.00    0.00
19:47:17      27   77.00    0.00   16.00    0.00    0.00    7.00    0.00    0.00    0.00    0.00
19:47:17      28   63.16    0.00   22.11    0.00    0.00    7.37    0.00    0.00    0.00    7.37
19:47:17      29   74.00    0.00   19.00    0.00    0.00    7.00    0.00    0.00    0.00    0.00
19:47:17      30   67.68    0.00   20.20    0.00    0.00   10.10    0.00    0.00    0.00    2.02
19:47:17      31   86.00    0.00   11.00    0.00    0.00    3.00    0.00    0.00    0.00    0.00

19:47:17     CPU    %usr   %nice    %sys %iowait    %irq   %soft  %steal  %guest  %gnice   %idle
19:47:18     all   88.27    0.00    9.01    0.00    0.00    2.56    0.00    0.00    0.00    0.16
19:47:18       0   94.95    0.00    4.04    0.00    0.00    1.01    0.00    0.00    0.00    0.00
19:47:18       1   96.97    0.00    2.02    0.00    0.00    1.01    0.00    0.00    0.00    0.00
19:47:18       2   93.00    0.00    5.00    0.00    0.00    2.00    0.00    0.00    0.00    0.00
19:47:18       3   94.00    0.00    5.00    0.00    0.00    1.00    0.00    0.00    0.00    0.00
19:47:18       4   87.25    0.00    9.80    0.00    0.00    2.94    0.00    0.00    0.00    0.00
19:47:18       5   87.13    0.00    8.91    0.00    0.00    2.97    0.00    0.00    0.00    0.99
19:47:18       6   84.16    0.00   12.87    0.00    0.00    2.97    0.00    0.00    0.00    0.00
19:47:18       7   92.93    0.00    6.06    0.00    0.00    1.01    0.00    0.00    0.00    0.00
19:47:18       8   92.00    0.00    7.00    0.00    0.00    1.00    0.00    0.00    0.00    0.00
19:47:18       9   96.04    0.00    2.97    0.00    0.00    0.99    0.00    0.00    0.00    0.00
19:47:18      10   64.00    0.00   33.00    0.00    0.00    2.00    0.00    0.00    0.00    1.00
19:47:18      11   90.00    0.00    8.00    0.00    0.00    2.00    0.00    0.00    0.00    0.00
19:47:18      12   91.00    0.00    6.00    0.00    0.00    3.00    0.00    0.00    0.00    0.00
19:47:18      13   91.09    0.00    6.93    0.00    0.00    1.98    0.00    0.00    0.00    0.00
19:47:18      14   94.00    0.00    5.00    0.00    0.00    1.00    0.00    0.00    0.00    0.00
19:47:18      15  100.00    0.00    0.00    0.00    0.00    0.00    0.00    0.00    0.00    0.00
19:47:18      16   90.00    0.00    7.00    0.00    0.00    3.00    0.00    0.00    0.00    0.00
19:47:18      17   92.00    0.00    6.00    0.00    0.00    2.00    0.00    0.00    0.00    0.00
19:47:18      18   95.00    0.00    4.00    0.00    0.00    1.00    0.00    0.00    0.00    0.00
19:47:18      19   91.00    0.00    8.00    0.00    0.00    1.00    0.00    0.00    0.00    0.00
19:47:18      20   91.00    0.00    8.00    0.00    0.00    1.00    0.00    0.00    0.00    0.00
19:47:18      21   92.00    0.00    7.00    0.00    0.00    1.00    0.00    0.00    0.00    0.00
19:47:18      22   88.89    0.00    7.07    0.00    0.00    4.04    0.00    0.00    0.00    0.00
19:47:18      23   94.95    0.00    3.03    0.00    0.00    2.02    0.00    0.00    0.00    0.00
19:47:18      24   74.49    0.00   18.37    0.00    0.00    6.12    0.00    0.00    0.00    1.02
19:47:18      25   82.00    0.00   13.00    0.00    0.00    5.00    0.00    0.00    0.00    0.00
19:47:18      26   82.00    0.00   12.00    0.00    0.00    6.00    0.00    0.00    0.00    0.00
19:47:18      27   84.00    0.00   13.00    0.00    0.00    3.00    0.00    0.00    0.00    0.00
19:47:18      28   79.21    0.00   16.83    0.00    0.00    3.96    0.00    0.00    0.00    0.00
19:47:18      29   77.55    0.00   14.29    0.00    0.00    7.14    0.00    0.00    0.00    1.02
19:47:18      30   79.00    0.00   15.00    0.00    0.00    5.00    0.00    0.00    0.00    1.00
19:47:18      31   83.00    0.00   13.00    0.00    0.00    4.00    0.00    0.00    0.00    0.00

19:47:18     CPU    %usr   %nice    %sys %iowait    %irq   %soft  %steal  %guest  %gnice   %idle
19:47:19     all   88.76    0.00    8.24    0.00    0.00    2.47    0.00    0.00    0.00    0.53
19:47:19       0   93.00    0.00    6.00    0.00    0.00    1.00    0.00    0.00    0.00    0.00
19:47:19       1   90.00    0.00    9.00    0.00    0.00    1.00    0.00    0.00    0.00    0.00
19:47:19       2   93.00    0.00    5.00    0.00    0.00    2.00    0.00    0.00    0.00    0.00
19:47:19       3   88.12    0.00    9.90    0.00    0.00    1.98    0.00    0.00    0.00    0.00
19:47:19       4   93.94    0.00    4.04    0.00    0.00    2.02    0.00    0.00    0.00    0.00
19:47:19       5   88.89    0.00    8.08    0.00    0.00    2.02    0.00    0.00    0.00    1.01
19:47:19       6   92.93    0.00    6.06    0.00    0.00    1.01    0.00    0.00    0.00    0.00
19:47:19       7   92.00    0.00    6.00    0.00    0.00    2.00    0.00    0.00    0.00    0.00
19:47:19       8   95.00    0.00    4.00    0.00    0.00    1.00    0.00    0.00    0.00    0.00
19:47:19       9   93.00    0.00    6.00    0.00    0.00    1.00    0.00    0.00    0.00    0.00
19:47:19      10   63.73    0.00   28.43    0.00    0.00    4.90    0.00    0.00    0.00    2.94
19:47:19      11   96.00    0.00    2.00    0.00    0.00    2.00    0.00    0.00    0.00    0.00
19:47:19      12   95.00    0.00    4.00    0.00    0.00    1.00    0.00    0.00    0.00    0.00
19:47:19      13   89.00    0.00    8.00    0.00    0.00    2.00    0.00    0.00    0.00    1.00
19:47:19      14   90.91    0.00    7.07    0.00    0.00    2.02    0.00    0.00    0.00    0.00
19:47:19      15   99.00    0.00    1.00    0.00    0.00    0.00    0.00    0.00    0.00    0.00
19:47:19      16   92.00    0.00    6.00    0.00    0.00    2.00    0.00    0.00    0.00    0.00
19:47:19      17   95.96    0.00    4.04    0.00    0.00    0.00    0.00    0.00    0.00    0.00
19:47:19      18   90.10    0.00    7.92    0.00    0.00    1.98    0.00    0.00    0.00    0.00
19:47:19      19   90.10    0.00    7.92    0.00    0.00    1.98    0.00    0.00    0.00    0.00
19:47:19      20   90.00    0.00    8.00    0.00    0.00    2.00    0.00    0.00    0.00    0.00
19:47:19      21   94.00    0.00    6.00    0.00    0.00    0.00    0.00    0.00    0.00    0.00
19:47:19      22   86.00    0.00   10.00    0.00    0.00    4.00    0.00    0.00    0.00    0.00
19:47:19      23   92.08    0.00    6.93    0.00    0.00    0.99    0.00    0.00    0.00    0.00
19:47:19      24   79.21    0.00   12.87    0.00    0.00    7.92    0.00    0.00    0.00    0.00
19:47:19      25   85.86    0.00   11.11    0.00    0.00    3.03    0.00    0.00    0.00    0.00
19:47:19      26   76.53    0.00   13.27    0.00    0.00    7.14    0.00    0.00    0.00    3.06
19:47:19      27   83.00    0.00   11.00    0.00    0.00    6.00    0.00    0.00    0.00    0.00
19:47:19      28   83.00    0.00   11.00    0.00    0.00    6.00    0.00    0.00    0.00    0.00
19:47:19      29   69.15    0.00   15.96    0.00    0.00    5.32    0.00    0.00    0.00    9.57
19:47:19      30   88.00    0.00    9.00    0.00    0.00    3.00    0.00    0.00    0.00    0.00
19:47:19      31   91.00    0.00    8.00    0.00    0.00    1.00    0.00    0.00    0.00    0.00

19:47:19     CPU    %usr   %nice    %sys %iowait    %irq   %soft  %steal  %guest  %gnice   %idle
19:47:20     all   87.55    0.00    9.28    0.00    0.00    2.60    0.00    0.00    0.00    0.56
19:47:20       0   88.00    0.00    9.00    0.00    0.00    3.00    0.00    0.00    0.00    0.00
19:47:20       1   85.00    0.00   13.00    0.00    0.00    2.00    0.00    0.00    0.00    0.00
19:47:20       2   96.04    0.00    2.97    0.00    0.00    0.99    0.00    0.00    0.00    0.00
19:47:20       3   87.00    0.00   11.00    0.00    0.00    2.00    0.00    0.00    0.00    0.00
19:47:20       4   92.00    0.00    7.00    0.00    0.00    1.00    0.00    0.00    0.00    0.00
19:47:20       5   94.95    0.00    5.05    0.00    0.00    0.00    0.00    0.00    0.00    0.00
19:47:20       6   94.06    0.00    3.96    0.00    0.00    1.98    0.00    0.00    0.00    0.00
19:47:20       7   96.04    0.00    2.97    0.00    0.00    0.99    0.00    0.00    0.00    0.00
19:47:20       8   84.85    0.00   12.12    0.00    0.00    3.03    0.00    0.00    0.00    0.00
19:47:20       9   84.85    0.00   11.11    0.00    0.00    4.04    0.00    0.00    0.00    0.00
19:47:20      10   82.83    0.00   16.16    0.00    0.00    1.01    0.00    0.00    0.00    0.00
19:47:20      11   89.00    0.00    6.00    0.00    0.00    4.00    0.00    0.00    0.00    1.00
19:47:20      12   96.97    0.00    3.03    0.00    0.00    0.00    0.00    0.00    0.00    0.00
19:47:20      13   91.92    0.00    6.06    0.00    0.00    2.02    0.00    0.00    0.00    0.00
19:47:20      14   94.06    0.00    4.95    0.00    0.00    0.99    0.00    0.00    0.00    0.00
19:47:20      15   99.00    0.00    1.00    0.00    0.00    0.00    0.00    0.00    0.00    0.00
19:47:20      16   89.00    0.00    8.00    0.00    0.00    3.00    0.00    0.00    0.00    0.00
19:47:20      17   90.00    0.00    7.00    0.00    0.00    3.00    0.00    0.00    0.00    0.00
19:47:20      18   90.91    0.00    7.07    0.00    0.00    2.02    0.00    0.00    0.00    0.00
19:47:20      19   79.80    0.00   18.18    0.00    0.00    2.02    0.00    0.00    0.00    0.00
19:47:20      20   91.00    0.00    7.00    0.00    0.00    2.00    0.00    0.00    0.00    0.00
19:47:20      21   96.97    0.00    2.02    0.00    0.00    1.01    0.00    0.00    0.00    0.00
19:47:20      22   94.00    0.00    6.00    0.00    0.00    0.00    0.00    0.00    0.00    0.00
19:47:20      23   73.74    0.00   17.17    0.00    0.00    5.05    0.00    0.00    0.00    4.04
19:47:20      24   82.65    0.00   12.24    0.00    0.00    4.08    0.00    0.00    0.00    1.02
19:47:20      25   87.00    0.00    9.00    0.00    0.00    4.00    0.00    0.00    0.00    0.00
19:47:20      26   66.67    0.00   22.22    0.00    0.00    4.04    0.00    0.00    0.00    7.07
19:47:20      27   77.55    0.00   14.29    0.00    0.00    5.10    0.00    0.00    0.00    3.06
19:47:20      28   82.18    0.00   13.86    0.00    0.00    3.96    0.00    0.00    0.00    0.00
19:47:20      29   69.00    0.00   22.00    0.00    0.00    7.00    0.00    0.00    0.00    2.00
19:47:20      30   85.86    0.00    8.08    0.00    0.00    6.06    0.00    0.00    0.00    0.00
19:47:20      31   88.00    0.00    8.00    0.00    0.00    4.00    0.00    0.00    0.00    0.00

19:47:20     CPU    %usr   %nice    %sys %iowait    %irq   %soft  %steal  %guest  %gnice   %idle
19:47:21     all   88.15    0.00    8.77    0.00    0.00    2.66    0.00    0.00    0.00    0.41
19:47:21       0   92.00    0.00    6.00    0.00    0.00    2.00    0.00    0.00    0.00    0.00
19:47:21       1   84.69    0.00   12.24    0.00    0.00    2.04    0.00    0.00    0.00    1.02
19:47:21       2   91.92    0.00    5.05    0.00    0.00    3.03    0.00    0.00    0.00    0.00
19:47:21       3   92.93    0.00    5.05    0.00    0.00    2.02    0.00    0.00    0.00    0.00
19:47:21       4   90.00    0.00    8.00    0.00    0.00    2.00    0.00    0.00    0.00    0.00
19:47:21       5   89.00    0.00    9.00    0.00    0.00    2.00    0.00    0.00    0.00    0.00
19:47:21       6   94.95    0.00    3.03    0.00    0.00    1.01    0.00    0.00    0.00    1.01
19:47:21       7   94.95    0.00    3.03    0.00    0.00    2.02    0.00    0.00    0.00    0.00
19:47:21       8   92.00    0.00    6.00    0.00    0.00    2.00    0.00    0.00    0.00    0.00
19:47:21       9   93.07    0.00    4.95    0.00    0.00    1.98    0.00    0.00    0.00    0.00
19:47:21      10   85.15    0.00    9.90    0.00    0.00    3.96    0.00    0.00    0.00    0.99
19:47:21      11   96.00    0.00    3.00    0.00    0.00    1.00    0.00    0.00    0.00    0.00
19:47:21      12   95.05    0.00    2.97    0.00    0.00    1.98    0.00    0.00    0.00    0.00
19:47:21      13   92.00    0.00    7.00    0.00    0.00    1.00    0.00    0.00    0.00    0.00
19:47:21      14   99.00    0.00    1.00    0.00    0.00    0.00    0.00    0.00    0.00    0.00
19:47:21      15   91.00    0.00    6.00    0.00    0.00    3.00    0.00    0.00    0.00    0.00
19:47:21      16   96.00    0.00    3.00    0.00    0.00    1.00    0.00    0.00    0.00    0.00
19:47:21      17   88.00    0.00    9.00    0.00    0.00    3.00    0.00    0.00    0.00    0.00
19:47:21      18   95.00    0.00    4.00    0.00    0.00    1.00    0.00    0.00    0.00    0.00
19:47:21      19   58.00    0.00   37.00    0.00    0.00    5.00    0.00    0.00    0.00    0.00
19:47:21      20   89.90    0.00    9.09    0.00    0.00    1.01    0.00    0.00    0.00    0.00
19:47:21      21   91.09    0.00    5.94    0.00    0.00    2.97    0.00    0.00    0.00    0.00
19:47:21      22   97.00    0.00    2.00    0.00    0.00    1.00    0.00    0.00    0.00    0.00
19:47:21      23   91.00    0.00    8.00    0.00    0.00    1.00    0.00    0.00    0.00    0.00
19:47:21      24   86.00    0.00   11.00    0.00    0.00    3.00    0.00    0.00    0.00    0.00
19:47:21      25   85.15    0.00    9.90    0.00    0.00    4.95    0.00    0.00    0.00    0.00
19:47:21      26   62.37    0.00   19.35    0.00    0.00    8.60    0.00    0.00    0.00    9.68
19:47:21      27   78.00    0.00   17.00    0.00    0.00    4.00    0.00    0.00    0.00    1.00
19:47:21      28   78.79    0.00   15.15    0.00    0.00    6.06    0.00    0.00    0.00    0.00
19:47:21      29   79.00    0.00   16.00    0.00    0.00    5.00    0.00    0.00    0.00    0.00
19:47:21      30   78.22    0.00   15.84    0.00    0.00    5.94    0.00    0.00    0.00    0.00
19:47:21      31   92.00    0.00    7.00    0.00    0.00    1.00    0.00    0.00    0.00    0.00

19:47:21     CPU    %usr   %nice    %sys %iowait    %irq   %soft  %steal  %guest  %gnice   %idle
19:47:22     all   87.45    0.00    9.08    0.00    0.00    2.93    0.00    0.00    0.00    0.53
19:47:22       0   81.00    0.00   16.00    0.00    0.00    3.00    0.00    0.00    0.00    0.00
19:47:22       1   94.06    0.00    3.96    0.00    0.00    1.98    0.00    0.00    0.00    0.00
19:47:22       2   93.00    0.00    4.00    0.00    0.00    3.00    0.00    0.00    0.00    0.00
19:47:22       3   89.00    0.00    9.00    0.00    0.00    2.00    0.00    0.00    0.00    0.00
19:47:22       4   91.00    0.00    8.00    0.00    0.00    1.00    0.00    0.00    0.00    0.00
19:47:22       5   96.00    0.00    2.00    0.00    0.00    2.00    0.00    0.00    0.00    0.00
19:47:22       6   94.06    0.00    4.95    0.00    0.00    0.99    0.00    0.00    0.00    0.00
19:47:22       7   92.00    0.00    5.00    0.00    0.00    3.00    0.00    0.00    0.00    0.00
19:47:22       8   85.15    0.00   12.87    0.00    0.00    1.98    0.00    0.00    0.00    0.00
19:47:22       9   97.00    0.00    3.00    0.00    0.00    0.00    0.00    0.00    0.00    0.00
19:47:22      10   95.96    0.00    4.04    0.00    0.00    0.00    0.00    0.00    0.00    0.00
19:47:22      11   80.00    0.00   13.00    0.00    0.00    4.00    0.00    0.00    0.00    3.00
19:47:22      12   92.00    0.00    7.00    0.00    0.00    1.00    0.00    0.00    0.00    0.00
19:47:22      13   93.07    0.00    3.96    0.00    0.00    2.97    0.00    0.00    0.00    0.00
19:47:22      14  100.00    0.00    0.00    0.00    0.00    0.00    0.00    0.00    0.00    0.00
19:47:22      15   85.15    0.00   11.88    0.00    0.00    2.97    0.00    0.00    0.00    0.00
19:47:22      16   95.00    0.00    4.00    0.00    0.00    1.00    0.00    0.00    0.00    0.00
19:47:22      17   91.09    0.00    5.94    0.00    0.00    2.97    0.00    0.00    0.00    0.00
19:47:22      18   80.00    0.00   13.00    0.00    0.00    6.00    0.00    0.00    0.00    1.00
19:47:22      19   73.00    0.00   20.00    0.00    0.00    5.00    0.00    0.00    0.00    2.00
19:47:22      20   93.07    0.00    5.94    0.00    0.00    0.99    0.00    0.00    0.00    0.00
19:47:22      21   89.90    0.00    9.09    0.00    0.00    1.01    0.00    0.00    0.00    0.00
19:47:22      22   92.08    0.00    5.94    0.00    0.00    1.98    0.00    0.00    0.00    0.00
19:47:22      23   94.06    0.00    3.96    0.00    0.00    1.98    0.00    0.00    0.00    0.00
19:47:22      24   79.00    0.00   15.00    0.00    0.00    6.00    0.00    0.00    0.00    0.00
19:47:22      25   84.00    0.00   13.00    0.00    0.00    3.00    0.00    0.00    0.00    0.00
19:47:22      26   77.00    0.00   14.00    0.00    0.00    7.00    0.00    0.00    0.00    2.00
19:47:22      27   68.37    0.00   17.35    0.00    0.00    6.12    0.00    0.00    0.00    8.16
19:47:22      28   84.85    0.00   10.10    0.00    0.00    4.04    0.00    0.00    0.00    1.01
19:47:22      29   82.00    0.00   14.00    0.00    0.00    4.00    0.00    0.00    0.00    0.00
19:47:22      30   68.00    0.00   23.00    0.00    0.00    9.00    0.00    0.00    0.00    0.00
19:47:22      31   88.00    0.00    8.00    0.00    0.00    4.00    0.00    0.00    0.00    0.00

19:47:22     CPU    %usr   %nice    %sys %iowait    %irq   %soft  %steal  %guest  %gnice   %idle
19:47:23     all   88.06    0.00    9.05    0.00    0.00    2.76    0.00    0.00    0.00    0.13
19:47:23       0   89.90    0.00    8.08    0.00    0.00    2.02    0.00    0.00    0.00    0.00
19:47:23       1   89.90    0.00    7.07    0.00    0.00    3.03    0.00    0.00    0.00    0.00
19:47:23       2   90.10    0.00    7.92    0.00    0.00    0.99    0.00    0.00    0.00    0.99
19:47:23       3   96.00    0.00    3.00    0.00    0.00    1.00    0.00    0.00    0.00    0.00
19:47:23       4   97.00    0.00    2.00    0.00    0.00    1.00    0.00    0.00    0.00    0.00
19:47:23       5   91.00    0.00    8.00    0.00    0.00    1.00    0.00    0.00    0.00    0.00
19:47:23       6   92.00    0.00    8.00    0.00    0.00    0.00    0.00    0.00    0.00    0.00
19:47:23       7   89.00    0.00    8.00    0.00    0.00    3.00    0.00    0.00    0.00    0.00
19:47:23       8   94.95    0.00    3.03    0.00    0.00    2.02    0.00    0.00    0.00    0.00
19:47:23       9   90.91    0.00    6.06    0.00    0.00    3.03    0.00    0.00    0.00    0.00
19:47:23      10   86.00    0.00   10.00    0.00    0.00    4.00    0.00    0.00    0.00    0.00
19:47:23      11   86.00    0.00   11.00    0.00    0.00    3.00    0.00    0.00    0.00    0.00
19:47:23      12   98.00    0.00    2.00    0.00    0.00    0.00    0.00    0.00    0.00    0.00
19:47:23      13   84.00    0.00   11.00    0.00    0.00    5.00    0.00    0.00    0.00    0.00
19:47:23      14   89.90    0.00    8.08    0.00    0.00    2.02    0.00    0.00    0.00    0.00
19:47:23      15   86.00    0.00    9.00    0.00    0.00    5.00    0.00    0.00    0.00    0.00
19:47:23      16   95.00    0.00    5.00    0.00    0.00    0.00    0.00    0.00    0.00    0.00
19:47:23      17   93.88    0.00    4.08    0.00    0.00    2.04    0.00    0.00    0.00    0.00
19:47:23      18   89.90    0.00    6.06    0.00    0.00    3.03    0.00    0.00    0.00    1.01
19:47:23      19   93.94    0.00    6.06    0.00    0.00    0.00    0.00    0.00    0.00    0.00
19:47:23      20   89.00    0.00    8.00    0.00    0.00    3.00    0.00    0.00    0.00    0.00
19:47:23      21   88.12    0.00    8.91    0.00    0.00    2.97    0.00    0.00    0.00    0.00
19:47:23      22   84.85    0.00   14.14    0.00    0.00    1.01    0.00    0.00    0.00    0.00
19:47:23      23   90.00    0.00    8.00    0.00    0.00    2.00    0.00    0.00    0.00    0.00
19:47:23      24   80.00    0.00   14.00    0.00    0.00    5.00    0.00    0.00    0.00    1.00
19:47:23      25   85.00    0.00   10.00    0.00    0.00    5.00    0.00    0.00    0.00    0.00
19:47:23      26   78.00    0.00   17.00    0.00    0.00    5.00    0.00    0.00    0.00    0.00
19:47:23      27   75.00    0.00   19.00    0.00    0.00    5.00    0.00    0.00    0.00    1.00
19:47:23      28   75.00    0.00   17.00    0.00    0.00    8.00    0.00    0.00    0.00    0.00
19:47:23      29   82.00    0.00   14.00    0.00    0.00    4.00    0.00    0.00    0.00    0.00
19:47:23      30   80.00    0.00   16.00    0.00    0.00    4.00    0.00    0.00    0.00    0.00
19:47:23      31   88.00    0.00   10.00    0.00    0.00    2.00    0.00    0.00    0.00    0.00

19:47:23     CPU    %usr   %nice    %sys %iowait    %irq   %soft  %steal  %guest  %gnice   %idle
19:47:24     all   87.75    0.00    9.37    0.00    0.00    2.78    0.00    0.00    0.00    0.09
19:47:24       0   97.00    0.00    3.00    0.00    0.00    0.00    0.00    0.00    0.00    0.00
19:47:24       1   98.00    0.00    2.00    0.00    0.00    0.00    0.00    0.00    0.00    0.00
19:47:24       2   91.92    0.00    8.08    0.00    0.00    0.00    0.00    0.00    0.00    0.00
19:47:24       3   95.00    0.00    4.00    0.00    0.00    1.00    0.00    0.00    0.00    0.00
19:47:24       4   93.00    0.00    6.00    0.00    0.00    1.00    0.00    0.00    0.00    0.00
19:47:24       5   83.17    0.00   11.88    0.00    0.00    3.96    0.00    0.00    0.00    0.99
19:47:24       6   89.00    0.00    9.00    0.00    0.00    2.00    0.00    0.00    0.00    0.00
19:47:24       7   83.17    0.00   13.86    0.00    0.00    2.97    0.00    0.00    0.00    0.00
19:47:24       8   88.12    0.00    9.90    0.00    0.00    1.98    0.00    0.00    0.00    0.00
19:47:24       9   88.00    0.00    9.00    0.00    0.00    3.00    0.00    0.00    0.00    0.00
19:47:24      10   87.00    0.00    9.00    0.00    0.00    4.00    0.00    0.00    0.00    0.00
19:47:24      11   92.00    0.00    5.00    0.00    0.00    3.00    0.00    0.00    0.00    0.00
19:47:24      12   92.00    0.00    6.00    0.00    0.00    2.00    0.00    0.00    0.00    0.00
19:47:24      13   90.00    0.00    7.00    0.00    0.00    3.00    0.00    0.00    0.00    0.00
19:47:24      14   88.12    0.00    7.92    0.00    0.00    3.96    0.00    0.00    0.00    0.00
19:47:24      15   90.00    0.00    7.00    0.00    0.00    3.00    0.00    0.00    0.00    0.00
19:47:24      16  100.00    0.00    0.00    0.00    0.00    0.00    0.00    0.00    0.00    0.00
19:47:24      17   94.06    0.00    4.95    0.00    0.00    0.99    0.00    0.00    0.00    0.00
19:47:24      18   85.15    0.00   10.89    0.00    0.00    3.96    0.00    0.00    0.00    0.00
19:47:24      19   90.00    0.00    9.00    0.00    0.00    1.00    0.00    0.00    0.00    0.00
19:47:24      20   91.92    0.00    7.07    0.00    0.00    1.01    0.00    0.00    0.00    0.00
19:47:24      21   86.87    0.00   12.12    0.00    0.00    1.01    0.00    0.00    0.00    0.00
19:47:24      22   84.00    0.00   13.00    0.00    0.00    3.00    0.00    0.00    0.00    0.00
19:47:24      23   94.95    0.00    4.04    0.00    0.00    1.01    0.00    0.00    0.00    0.00
19:47:24      24   73.74    0.00   19.19    0.00    0.00    5.05    0.00    0.00    0.00    2.02
19:47:24      25   87.00    0.00   11.00    0.00    0.00    2.00    0.00    0.00    0.00    0.00
19:47:24      26   80.00    0.00   13.00    0.00    0.00    7.00    0.00    0.00    0.00    0.00
19:47:24      27   82.00    0.00   14.00    0.00    0.00    4.00    0.00    0.00    0.00    0.00
19:47:24      28   78.22    0.00   15.84    0.00    0.00    5.94    0.00    0.00    0.00    0.00
19:47:24      29   83.84    0.00   12.12    0.00    0.00    4.04    0.00    0.00    0.00    0.00
19:47:24      30   75.25    0.00   15.84    0.00    0.00    8.91    0.00    0.00    0.00    0.00
19:47:24      31   76.00    0.00   19.00    0.00    0.00    5.00    0.00    0.00    0.00    0.00

19:47:24     CPU    %usr   %nice    %sys %iowait    %irq   %soft  %steal  %guest  %gnice   %idle
19:47:25     all   87.78    0.00    9.24    0.00    0.00    2.79    0.00    0.00    0.00    0.19
19:47:25       0   88.12    0.00    7.92    0.00    0.00    2.97    0.00    0.00    0.00    0.99
19:47:25       1   92.08    0.00    6.93    0.00    0.00    0.99    0.00    0.00    0.00    0.00
19:47:25       2   88.89    0.00    8.08    0.00    0.00    2.02    0.00    0.00    0.00    1.01
19:47:25       3   91.00    0.00    7.00    0.00    0.00    2.00    0.00    0.00    0.00    0.00
19:47:25       4   76.00    0.00   22.00    0.00    0.00    2.00    0.00    0.00    0.00    0.00
19:47:25       5   93.00    0.00    5.00    0.00    0.00    2.00    0.00    0.00    0.00    0.00
19:47:25       6   85.00    0.00   11.00    0.00    0.00    4.00    0.00    0.00    0.00    0.00
19:47:25       7   91.92    0.00    6.06    0.00    0.00    2.02    0.00    0.00    0.00    0.00
19:47:25       8   97.00    0.00    3.00    0.00    0.00    0.00    0.00    0.00    0.00    0.00
19:47:25       9   98.00    0.00    2.00    0.00    0.00    0.00    0.00    0.00    0.00    0.00
19:47:25      10   89.90    0.00    8.08    0.00    0.00    2.02    0.00    0.00    0.00    0.00
19:47:25      11   84.85    0.00   10.10    0.00    0.00    5.05    0.00    0.00    0.00    0.00
19:47:25      12   95.00    0.00    2.00    0.00    0.00    3.00    0.00    0.00    0.00    0.00
19:47:25      13   86.87    0.00   11.11    0.00    0.00    2.02    0.00    0.00    0.00    0.00
19:47:25      14   96.00    0.00    2.00    0.00    0.00    2.00    0.00    0.00    0.00    0.00
19:47:25      15  100.00    0.00    0.00    0.00    0.00    0.00    0.00    0.00    0.00    0.00
19:47:25      16   89.11    0.00    8.91    0.00    0.00    1.98    0.00    0.00    0.00    0.00
19:47:25      17   91.92    0.00    7.07    0.00    0.00    1.01    0.00    0.00    0.00    0.00
19:47:25      18   93.94    0.00    4.04    0.00    0.00    2.02    0.00    0.00    0.00    0.00
19:47:25      19   89.11    0.00    7.92    0.00    0.00    2.97    0.00    0.00    0.00    0.00
19:47:25      20   96.04    0.00    2.97    0.00    0.00    0.99    0.00    0.00    0.00    0.00
19:47:25      21   80.00    0.00   14.00    0.00    0.00    5.00    0.00    0.00    0.00    1.00
19:47:25      22   86.00    0.00   12.00    0.00    0.00    2.00    0.00    0.00    0.00    0.00
19:47:25      23   90.00    0.00    8.00    0.00    0.00    2.00    0.00    0.00    0.00    0.00
19:47:25      24   71.72    0.00   19.19    0.00    0.00    7.07    0.00    0.00    0.00    2.02
19:47:25      25   95.96    0.00    4.04    0.00    0.00    0.00    0.00    0.00    0.00    0.00
19:47:25      26   77.78    0.00   18.18    0.00    0.00    4.04    0.00    0.00    0.00    0.00
19:47:25      27   79.80    0.00   15.15    0.00    0.00    5.05    0.00    0.00    0.00    0.00
19:47:25      28   78.79    0.00   13.13    0.00    0.00    7.07    0.00    0.00    0.00    1.01
19:47:25      29   75.00    0.00   19.00    0.00    0.00    6.00    0.00    0.00    0.00    0.00
19:47:25      30   81.82    0.00   14.14    0.00    0.00    4.04    0.00    0.00    0.00    0.00
19:47:25      31   78.00    0.00   16.00    0.00    0.00    6.00    0.00    0.00    0.00    0.00

19:47:25     CPU    %usr   %nice    %sys %iowait    %irq   %soft  %steal  %guest  %gnice   %idle
19:47:26     all   87.09    0.00    9.88    0.00    0.00    2.81    0.00    0.00    0.00    0.22
19:47:26       0   84.00    0.00   10.00    0.00    0.00    5.00    0.00    0.00    0.00    1.00
19:47:26       1   86.00    0.00   10.00    0.00    0.00    3.00    0.00    0.00    0.00    1.00
19:47:26       2   86.14    0.00    9.90    0.00    0.00    3.96    0.00    0.00    0.00    0.00
19:47:26       3   94.95    0.00    3.03    0.00    0.00    2.02    0.00    0.00    0.00    0.00
19:47:26       4   91.09    0.00    6.93    0.00    0.00    1.98    0.00    0.00    0.00    0.00
19:47:26       5   90.00    0.00    7.00    0.00    0.00    3.00    0.00    0.00    0.00    0.00
19:47:26       6   82.00    0.00   15.00    0.00    0.00    3.00    0.00    0.00    0.00    0.00
19:47:26       7   76.00    0.00   20.00    0.00    0.00    4.00    0.00    0.00    0.00    0.00
19:47:26       8   89.90    0.00    8.08    0.00    0.00    2.02    0.00    0.00    0.00    0.00
19:47:26       9   96.04    0.00    1.98    0.00    0.00    1.98    0.00    0.00    0.00    0.00
19:47:26      10   91.00    0.00    9.00    0.00    0.00    0.00    0.00    0.00    0.00    0.00
19:47:26      11   96.04    0.00    2.97    0.00    0.00    0.99    0.00    0.00    0.00    0.00
19:47:26      12   94.00    0.00    4.00    0.00    0.00    2.00    0.00    0.00    0.00    0.00
19:47:26      13   89.11    0.00    8.91    0.00    0.00    1.98    0.00    0.00    0.00    0.00
19:47:26      14   95.00    0.00    4.00    0.00    0.00    1.00    0.00    0.00    0.00    0.00
19:47:26      15  100.00    0.00    0.00    0.00    0.00    0.00    0.00    0.00    0.00    0.00
19:47:26      16   95.00    0.00    4.00    0.00    0.00    1.00    0.00    0.00    0.00    0.00
19:47:26      17   80.39    0.00   15.69    0.00    0.00    2.94    0.00    0.00    0.00    0.98
19:47:26      18   93.07    0.00    5.94    0.00    0.00    0.99    0.00    0.00    0.00    0.00
19:47:26      19   90.91    0.00    7.07    0.00    0.00    2.02    0.00    0.00    0.00    0.00
19:47:26      20   88.78    0.00    8.16    0.00    0.00    3.06    0.00    0.00    0.00    0.00
19:47:26      21   88.00    0.00    9.00    0.00    0.00    3.00    0.00    0.00    0.00    0.00
19:47:26      22   75.00    0.00   21.00    0.00    0.00    4.00    0.00    0.00    0.00    0.00
19:47:26      23   91.00    0.00    7.00    0.00    0.00    2.00    0.00    0.00    0.00    0.00
19:47:26      24   70.41    0.00   20.41    0.00    0.00    6.12    0.00    0.00    0.00    3.06
19:47:26      25   93.00    0.00    5.00    0.00    0.00    2.00    0.00    0.00    0.00    0.00
19:47:26      26   82.00    0.00   14.00    0.00    0.00    4.00    0.00    0.00    0.00    0.00
19:47:26      27   76.24    0.00   18.81    0.00    0.00    4.95    0.00    0.00    0.00    0.00
19:47:26      28   73.74    0.00   21.21    0.00    0.00    5.05    0.00    0.00    0.00    0.00
19:47:26      29   80.00    0.00   15.00    0.00    0.00    4.00    0.00    0.00    0.00    1.00
19:47:26      30   80.81    0.00   15.15    0.00    0.00    4.04    0.00    0.00    0.00    0.00
19:47:26      31   86.87    0.00    8.08    0.00    0.00    5.05    0.00    0.00    0.00    0.00

19:47:26     CPU    %usr   %nice    %sys %iowait    %irq   %soft  %steal  %guest  %gnice   %idle
19:47:27     all   87.43    0.00    9.39    0.00    0.00    2.71    0.00    0.00    0.00    0.47
19:47:27       0   86.87    0.00   10.10    0.00    0.00    2.02    0.00    0.00    0.00    1.01
19:47:27       1   94.00    0.00    5.00    0.00    0.00    1.00    0.00    0.00    0.00    0.00
19:47:27       2   91.00    0.00    7.00    0.00    0.00    2.00    0.00    0.00    0.00    0.00
19:47:27       3   92.00    0.00    6.00    0.00    0.00    2.00    0.00    0.00    0.00    0.00
19:47:27       4   91.92    0.00    7.07    0.00    0.00    1.01    0.00    0.00    0.00    0.00
19:47:27       5   93.00    0.00    5.00    0.00    0.00    2.00    0.00    0.00    0.00    0.00
19:47:27       6   83.84    0.00   10.10    0.00    0.00    3.03    0.00    0.00    0.00    3.03
19:47:27       7   65.35    0.00   29.70    0.00    0.00    3.96    0.00    0.00    0.00    0.99
19:47:27       8   96.04    0.00    2.97    0.00    0.00    0.99    0.00    0.00    0.00    0.00
19:47:27       9   90.00    0.00    9.00    0.00    0.00    1.00    0.00    0.00    0.00    0.00
19:47:27      10   86.00    0.00   12.00    0.00    0.00    1.00    0.00    0.00    0.00    1.00
19:47:27      11   99.01    0.00    0.99    0.00    0.00    0.00    0.00    0.00    0.00    0.00
19:47:27      12   95.00    0.00    5.00    0.00    0.00    0.00    0.00    0.00    0.00    0.00
19:47:27      13   84.00    0.00   12.00    0.00    0.00    4.00    0.00    0.00    0.00    0.00
19:47:27      14   95.96    0.00    4.04    0.00    0.00    0.00    0.00    0.00    0.00    0.00
19:47:27      15  100.00    0.00    0.00    0.00    0.00    0.00    0.00    0.00    0.00    0.00
19:47:27      16   91.00    0.00    7.00    0.00    0.00    2.00    0.00    0.00    0.00    0.00
19:47:27      17   95.05    0.00    3.96    0.00    0.00    0.99    0.00    0.00    0.00    0.00
19:47:27      18   90.91    0.00    6.06    0.00    0.00    3.03    0.00    0.00    0.00    0.00
19:47:27      19   86.14    0.00    9.90    0.00    0.00    3.96    0.00    0.00    0.00    0.00
19:47:27      20   82.00    0.00   13.00    0.00    0.00    4.00    0.00    0.00    0.00    1.00
19:47:27      21   95.05    0.00    3.96    0.00    0.00    0.99    0.00    0.00    0.00    0.00
19:47:27      22   85.15    0.00   10.89    0.00    0.00    1.98    0.00    0.00    0.00    1.98
19:47:27      23   90.10    0.00    6.93    0.00    0.00    1.98    0.00    0.00    0.00    0.99
19:47:27      24   75.76    0.00   14.14    0.00    0.00   10.10    0.00    0.00    0.00    0.00
19:47:27      25   83.17    0.00   10.89    0.00    0.00    5.94    0.00    0.00    0.00    0.00
19:47:27      26   73.74    0.00   13.13    0.00    0.00    8.08    0.00    0.00    0.00    5.05
19:47:27      27   79.00    0.00   17.00    0.00    0.00    4.00    0.00    0.00    0.00    0.00
19:47:27      28   80.20    0.00   17.82    0.00    0.00    1.98    0.00    0.00    0.00    0.00
19:47:27      29   84.00    0.00   14.00    0.00    0.00    2.00    0.00    0.00    0.00    0.00
19:47:27      30   80.20    0.00   13.86    0.00    0.00    5.94    0.00    0.00    0.00    0.00
19:47:27      31   82.18    0.00   11.88    0.00    0.00    5.94    0.00    0.00    0.00    0.00

19:47:27     CPU    %usr   %nice    %sys %iowait    %irq   %soft  %steal  %guest  %gnice   %idle
19:47:28     all   87.11    0.00    9.69    0.00    0.00    2.82    0.00    0.00    0.00    0.38
19:47:28       0   84.00    0.00   12.00    0.00    0.00    4.00    0.00    0.00    0.00    0.00
19:47:28       1   92.00    0.00    6.00    0.00    0.00    2.00    0.00    0.00    0.00    0.00
19:47:28       2   93.00    0.00    5.00    0.00    0.00    1.00    0.00    0.00    0.00    1.00
19:47:28       3   91.09    0.00    6.93    0.00    0.00    1.98    0.00    0.00    0.00    0.00
19:47:28       4   88.00    0.00   11.00    0.00    0.00    1.00    0.00    0.00    0.00    0.00
19:47:28       5   92.00    0.00    7.00    0.00    0.00    1.00    0.00    0.00    0.00    0.00
19:47:28       6   83.84    0.00   12.12    0.00    0.00    3.03    0.00    0.00    0.00    1.01
19:47:28       7   82.83    0.00   14.14    0.00    0.00    3.03    0.00    0.00    0.00    0.00
19:47:28       8   83.17    0.00   14.85    0.00    0.00    0.99    0.00    0.00    0.00    0.99
19:47:28       9   93.00    0.00    6.00    0.00    0.00    1.00    0.00    0.00    0.00    0.00
19:47:28      10   99.00    0.00    1.00    0.00    0.00    0.00    0.00    0.00    0.00    0.00
19:47:28      11  100.00    0.00    0.00    0.00    0.00    0.00    0.00    0.00    0.00    0.00
19:47:28      12   92.93    0.00    5.05    0.00    0.00    2.02    0.00    0.00    0.00    0.00
19:47:28      13   90.91    0.00    7.07    0.00    0.00    2.02    0.00    0.00    0.00    0.00
19:47:28      14   99.01    0.00    0.99    0.00    0.00    0.00    0.00    0.00    0.00    0.00
19:47:28      15  100.00    0.00    0.00    0.00    0.00    0.00    0.00    0.00    0.00    0.00
19:47:28      16   79.59    0.00   15.31    0.00    0.00    5.10    0.00    0.00    0.00    0.00
19:47:28      17   92.86    0.00    6.12    0.00    0.00    1.02    0.00    0.00    0.00    0.00
19:47:28      18   92.00    0.00    5.00    0.00    0.00    3.00    0.00    0.00    0.00    0.00
19:47:28      19   88.89    0.00    8.08    0.00    0.00    2.02    0.00    0.00    0.00    1.01
19:47:28      20   78.22    0.00   15.84    0.00    0.00    4.95    0.00    0.00    0.00    0.99
19:47:28      21   97.98    0.00    2.02    0.00    0.00    0.00    0.00    0.00    0.00    0.00
19:47:28      22   80.00    0.00   14.00    0.00    0.00    4.00    0.00    0.00    0.00    2.00
19:47:28      23   79.59    0.00   16.33    0.00    0.00    4.08    0.00    0.00    0.00    0.00
19:47:28      24   74.00    0.00   17.00    0.00    0.00    5.00    0.00    0.00    0.00    4.00
19:47:28      25   78.79    0.00   15.15    0.00    0.00    6.06    0.00    0.00    0.00    0.00
19:47:28      26   78.00    0.00   15.00    0.00    0.00    7.00    0.00    0.00    0.00    0.00
19:47:28      27   73.00    0.00   21.00    0.00    0.00    6.00    0.00    0.00    0.00    0.00
19:47:28      28   85.86    0.00   11.11    0.00    0.00    2.02    0.00    0.00    0.00    1.01
19:47:28      29   84.00    0.00   10.00    0.00    0.00    6.00    0.00    0.00    0.00    0.00
19:47:28      30   80.00    0.00   14.00    0.00    0.00    6.00    0.00    0.00    0.00    0.00
19:47:28      31   80.00    0.00   15.00    0.00    0.00    5.00    0.00    0.00    0.00    0.00

19:47:28     CPU    %usr   %nice    %sys %iowait    %irq   %soft  %steal  %guest  %gnice   %idle
19:47:29     all   85.42    0.00   10.92    0.00    0.00    3.34    0.00    0.00    0.00    0.31
19:47:29       0   76.77    0.00   18.18    0.00    0.00    5.05    0.00    0.00    0.00    0.00
19:47:29       1   88.00    0.00    9.00    0.00    0.00    3.00    0.00    0.00    0.00    0.00
19:47:29       2   89.00    0.00   10.00    0.00    0.00    1.00    0.00    0.00    0.00    0.00
19:47:29       3   82.00    0.00   15.00    0.00    0.00    3.00    0.00    0.00    0.00    0.00
19:47:29       4   86.00    0.00   11.00    0.00    0.00    3.00    0.00    0.00    0.00    0.00
19:47:29       5  100.00    0.00    0.00    0.00    0.00    0.00    0.00    0.00    0.00    0.00
19:47:29       6   71.29    0.00   16.83    0.00    0.00    9.90    0.00    0.00    0.00    1.98
19:47:29       7   91.00    0.00    6.00    0.00    0.00    3.00    0.00    0.00    0.00    0.00
19:47:29       8   96.97    0.00    3.03    0.00    0.00    0.00    0.00    0.00    0.00    0.00
19:47:29       9   95.96    0.00    3.03    0.00    0.00    1.01    0.00    0.00    0.00    0.00
19:47:29      10   92.00    0.00    8.00    0.00    0.00    0.00    0.00    0.00    0.00    0.00
19:47:29      11   99.01    0.00    0.99    0.00    0.00    0.00    0.00    0.00    0.00    0.00
19:47:29      12   92.08    0.00    5.94    0.00    0.00    1.98    0.00    0.00    0.00    0.00
19:47:29      13   80.00    0.00   15.00    0.00    0.00    5.00    0.00    0.00    0.00    0.00
19:47:29      14  100.00    0.00    0.00    0.00    0.00    0.00    0.00    0.00    0.00    0.00
19:47:29      15   99.00    0.00    1.00    0.00    0.00    0.00    0.00    0.00    0.00    0.00
19:47:29      16   72.00    0.00   21.00    0.00    0.00    5.00    0.00    0.00    0.00    2.00
19:47:29      17   87.00    0.00   10.00    0.00    0.00    2.00    0.00    0.00    0.00    1.00
19:47:29      18   97.03    0.00    2.97    0.00    0.00    0.00    0.00    0.00    0.00    0.00
19:47:29      19   87.13    0.00    8.91    0.00    0.00    3.96    0.00    0.00    0.00    0.00
19:47:29      20   76.00    0.00   18.00    0.00    0.00    5.00    0.00    0.00    0.00    1.00
19:47:29      21   89.11    0.00    8.91    0.00    0.00    1.98    0.00    0.00    0.00    0.00
19:47:29      22   74.75    0.00   16.16    0.00    0.00    7.07    0.00    0.00    0.00    2.02
19:47:29      23   93.14    0.00    4.90    0.00    0.00    1.96    0.00    0.00    0.00    0.00
19:47:29      24   73.00    0.00   22.00    0.00    0.00    5.00    0.00    0.00    0.00    0.00
19:47:29      25   83.00    0.00   13.00    0.00    0.00    4.00    0.00    0.00    0.00    0.00
19:47:29      26   83.17    0.00    9.90    0.00    0.00    4.95    0.00    0.00    0.00    1.98
19:47:29      27   71.72    0.00   22.22    0.00    0.00    6.06    0.00    0.00    0.00    0.00
19:47:29      28   78.00    0.00   15.00    0.00    0.00    7.00    0.00    0.00    0.00    0.00
19:47:29      29   74.26    0.00   19.80    0.00    0.00    5.94    0.00    0.00    0.00    0.00
19:47:29      30   78.22    0.00   17.82    0.00    0.00    3.96    0.00    0.00    0.00    0.00
19:47:29      31   77.00    0.00   16.00    0.00    0.00    7.00    0.00    0.00    0.00    0.00

19:47:29     CPU    %usr   %nice    %sys %iowait    %irq   %soft  %steal  %guest  %gnice   %idle
19:47:30     all   87.72    0.00    9.46    0.00    0.00    2.60    0.00    0.00    0.00    0.22
19:47:30       0   89.00    0.00    8.00    0.00    0.00    3.00    0.00    0.00    0.00    0.00
19:47:30       1   89.00    0.00    9.00    0.00    0.00    2.00    0.00    0.00    0.00    0.00
19:47:30       2   75.00    0.00   20.00    0.00    0.00    4.00    0.00    0.00    0.00    1.00
19:47:30       3   94.00    0.00    5.00    0.00    0.00    1.00    0.00    0.00    0.00    0.00
19:47:30       4   89.11    0.00    6.93    0.00    0.00    3.96    0.00    0.00    0.00    0.00
19:47:30       5   95.05    0.00    3.96    0.00    0.00    0.99    0.00    0.00    0.00    0.00
19:47:30       6   85.86    0.00   11.11    0.00    0.00    2.02    0.00    0.00    0.00    1.01
19:47:30       7   86.00    0.00   12.00    0.00    0.00    2.00    0.00    0.00    0.00    0.00
19:47:30       8   97.00    0.00    2.00    0.00    0.00    1.00    0.00    0.00    0.00    0.00
19:47:30       9   88.12    0.00    8.91    0.00    0.00    2.97    0.00    0.00    0.00    0.00
19:47:30      10   93.94    0.00    5.05    0.00    0.00    1.01    0.00    0.00    0.00    0.00
19:47:30      11   98.99    0.00    1.01    0.00    0.00    0.00    0.00    0.00    0.00    0.00
19:47:30      12   97.00    0.00    1.00    0.00    0.00    2.00    0.00    0.00    0.00    0.00
19:47:30      13   87.13    0.00    8.91    0.00    0.00    2.97    0.00    0.00    0.00    0.99
19:47:30      14   96.04    0.00    2.97    0.00    0.00    0.99    0.00    0.00    0.00    0.00
19:47:30      15  100.00    0.00    0.00    0.00    0.00    0.00    0.00    0.00    0.00    0.00
19:47:30      16   89.00    0.00    8.00    0.00    0.00    3.00    0.00    0.00    0.00    0.00
19:47:30      17  100.00    0.00    0.00    0.00    0.00    0.00    0.00    0.00    0.00    0.00
19:47:30      18   74.49    0.00   19.39    0.00    0.00    5.10    0.00    0.00    0.00    1.02
19:47:30      19   93.00    0.00    6.00    0.00    0.00    1.00    0.00    0.00    0.00    0.00
19:47:30      20   80.81    0.00   14.14    0.00    0.00    4.04    0.00    0.00    0.00    1.01
19:47:30      21   98.99    0.00    1.01    0.00    0.00    0.00    0.00    0.00    0.00    0.00
19:47:30      22   73.74    0.00   20.20    0.00    0.00    4.04    0.00    0.00    0.00    2.02
19:47:30      23   94.90    0.00    5.10    0.00    0.00    0.00    0.00    0.00    0.00    0.00
19:47:30      24   76.00    0.00   19.00    0.00    0.00    5.00    0.00    0.00    0.00    0.00
19:47:30      25   81.19    0.00   15.84    0.00    0.00    2.97    0.00    0.00    0.00    0.00
19:47:30      26   92.00    0.00    6.00    0.00    0.00    2.00    0.00    0.00    0.00    0.00
19:47:30      27   86.00    0.00   11.00    0.00    0.00    3.00    0.00    0.00    0.00    0.00
19:47:30      28   77.00    0.00   16.00    0.00    0.00    7.00    0.00    0.00    0.00    0.00
19:47:30      29   73.74    0.00   21.21    0.00    0.00    5.05    0.00    0.00    0.00    0.00
19:47:30      30   75.76    0.00   19.19    0.00    0.00    5.05    0.00    0.00    0.00    0.00
19:47:30      31   79.00    0.00   15.00    0.00    0.00    6.00    0.00    0.00    0.00    0.00

19:47:30     CPU    %usr   %nice    %sys %iowait    %irq   %soft  %steal  %guest  %gnice   %idle
19:47:31     all   88.14    0.00    8.79    0.00    0.00    2.69    0.00    0.00    0.00    0.38
19:47:31       0  100.00    0.00    0.00    0.00    0.00    0.00    0.00    0.00    0.00    0.00
19:47:31       1  100.00    0.00    0.00    0.00    0.00    0.00    0.00    0.00    0.00    0.00
19:47:31       2   84.00    0.00   12.00    0.00    0.00    4.00    0.00    0.00    0.00    0.00
19:47:31       3   92.93    0.00    5.05    0.00    0.00    2.02    0.00    0.00    0.00    0.00
19:47:31       4   61.62    0.00   33.33    0.00    0.00    3.03    0.00    0.00    0.00    2.02
19:47:31       5   94.95    0.00    5.05    0.00    0.00    0.00    0.00    0.00    0.00    0.00
19:47:31       6   92.00    0.00    6.00    0.00    0.00    2.00    0.00    0.00    0.00    0.00
19:47:31       7   92.00    0.00    7.00    0.00    0.00    1.00    0.00    0.00    0.00    0.00
19:47:31       8   93.00    0.00    5.00    0.00    0.00    2.00    0.00    0.00    0.00    0.00
19:47:31       9   91.92    0.00    7.07    0.00    0.00    1.01    0.00    0.00    0.00    0.00
19:47:31      10   83.17    0.00   14.85    0.00    0.00    1.98    0.00    0.00    0.00    0.00
19:47:31      11   97.00    0.00    2.00    0.00    0.00    1.00    0.00    0.00    0.00    0.00
19:47:31      12   96.00    0.00    3.00    0.00    0.00    1.00    0.00    0.00    0.00    0.00
19:47:31      13   88.00    0.00    9.00    0.00    0.00    3.00    0.00    0.00    0.00    0.00
19:47:31      14   85.86    0.00   12.12    0.00    0.00    2.02    0.00    0.00    0.00    0.00
19:47:31      15  100.00    0.00    0.00    0.00    0.00    0.00    0.00    0.00    0.00    0.00
19:47:31      16   98.00    0.00    2.00    0.00    0.00    0.00    0.00    0.00    0.00    0.00
19:47:31      17   99.01    0.00    0.99    0.00    0.00    0.00    0.00    0.00    0.00    0.00
19:47:31      18   83.00    0.00    8.00    0.00    0.00    5.00    0.00    0.00    0.00    4.00
19:47:31      19   90.00    0.00    8.00    0.00    0.00    2.00    0.00    0.00    0.00    0.00
19:47:31      20   86.14    0.00   10.89    0.00    0.00    2.97    0.00    0.00    0.00    0.00
19:47:31      21   92.00    0.00    6.00    0.00    0.00    2.00    0.00    0.00    0.00    0.00
19:47:31      22   83.00    0.00   13.00    0.00    0.00    3.00    0.00    0.00    0.00    1.00
19:47:31      23   90.00    0.00    7.00    0.00    0.00    2.00    0.00    0.00    0.00    1.00
19:47:31      24   78.22    0.00   14.85    0.00    0.00    6.93    0.00    0.00    0.00    0.00
19:47:31      25   79.80    0.00   14.14    0.00    0.00    6.06    0.00    0.00    0.00    0.00
19:47:31      26   99.00    0.00    1.00    0.00    0.00    0.00    0.00    0.00    0.00    0.00
19:47:31      27  100.00    0.00    0.00    0.00    0.00    0.00    0.00    0.00    0.00    0.00
19:47:31      28   74.00    0.00   16.00    0.00    0.00   10.00    0.00    0.00    0.00    0.00
19:47:31      29   67.68    0.00   19.19    0.00    0.00    9.09    0.00    0.00    0.00    4.04
19:47:31      30   76.00    0.00   19.00    0.00    0.00    5.00    0.00    0.00    0.00    0.00
19:47:31      31   71.72    0.00   20.20    0.00    0.00    8.08    0.00    0.00    0.00    0.00

19:47:31     CPU    %usr   %nice    %sys %iowait    %irq   %soft  %steal  %guest  %gnice   %idle
19:47:32     all   88.81    0.00    8.36    0.00    0.00    2.59    0.00    0.00    0.00    0.25
19:47:32       0   96.04    0.00    2.97    0.00    0.00    0.99    0.00    0.00    0.00    0.00
19:47:32       1   97.00    0.00    3.00    0.00    0.00    0.00    0.00    0.00    0.00    0.00
19:47:32       2   93.00    0.00    7.00    0.00    0.00    0.00    0.00    0.00    0.00    0.00
19:47:32       3   86.00    0.00   11.00    0.00    0.00    3.00    0.00    0.00    0.00    0.00
19:47:32       4   82.18    0.00   13.86    0.00    0.00    2.97    0.00    0.00    0.00    0.99
19:47:32       5   92.08    0.00    5.94    0.00    0.00    1.98    0.00    0.00    0.00    0.00
19:47:32       6   93.00    0.00    5.00    0.00    0.00    1.00    0.00    0.00    0.00    1.00
19:47:32       7   96.00    0.00    3.00    0.00    0.00    1.00    0.00    0.00    0.00    0.00
19:47:32       8   92.00    0.00    6.00    0.00    0.00    2.00    0.00    0.00    0.00    0.00
19:47:32       9   92.00    0.00    6.00    0.00    0.00    2.00    0.00    0.00    0.00    0.00
19:47:32      10   84.00    0.00   12.00    0.00    0.00    4.00    0.00    0.00    0.00    0.00
19:47:32      11   81.19    0.00   13.86    0.00    0.00    4.95    0.00    0.00    0.00    0.00
19:47:32      12   97.00    0.00    2.00    0.00    0.00    1.00    0.00    0.00    0.00    0.00
19:47:32      13   90.10    0.00    6.93    0.00    0.00    2.97    0.00    0.00    0.00    0.00
19:47:32      14   88.00    0.00    8.00    0.00    0.00    4.00    0.00    0.00    0.00    0.00
19:47:32      15   94.00    0.00    3.00    0.00    0.00    3.00    0.00    0.00    0.00    0.00
19:47:32      16   96.00    0.00    3.00    0.00    0.00    1.00    0.00    0.00    0.00    0.00
19:47:32      17   98.00    0.00    1.00    0.00    0.00    1.00    0.00    0.00    0.00    0.00
19:47:32      18   93.07    0.00    3.96    0.00    0.00    2.97    0.00    0.00    0.00    0.00
19:47:32      19   94.00    0.00    3.00    0.00    0.00    3.00    0.00    0.00    0.00    0.00
19:47:32      20   66.00    0.00   28.00    0.00    0.00    5.00    0.00    0.00    0.00    1.00
19:47:32      21   94.00    0.00    5.00    0.00    0.00    1.00    0.00    0.00    0.00    0.00
19:47:32      22   89.90    0.00    9.09    0.00    0.00    0.00    0.00    0.00    0.00    1.01
19:47:32      23   96.00    0.00    3.00    0.00    0.00    1.00    0.00    0.00    0.00    0.00
19:47:32      24   73.74    0.00   19.19    0.00    0.00    7.07    0.00    0.00    0.00    0.00
19:47:32      25   76.00    0.00   16.00    0.00    0.00    8.00    0.00    0.00    0.00    0.00
19:47:32      26   99.01    0.00    0.99    0.00    0.00    0.00    0.00    0.00    0.00    0.00
19:47:32      27   99.01    0.00    0.99    0.00    0.00    0.00    0.00    0.00    0.00    0.00
19:47:32      28   79.80    0.00   15.15    0.00    0.00    5.05    0.00    0.00    0.00    0.00
19:47:32      29   76.24    0.00   15.84    0.00    0.00    3.96    0.00    0.00    0.00    3.96
19:47:32      30   77.00    0.00   18.00    0.00    0.00    5.00    0.00    0.00    0.00    0.00
19:47:32      31   80.20    0.00   15.84    0.00    0.00    3.96    0.00    0.00    0.00    0.00

19:47:32     CPU    %usr   %nice    %sys %iowait    %irq   %soft  %steal  %guest  %gnice   %idle
19:47:33     all   88.54    0.00    8.62    0.00    0.00    2.69    0.00    0.00    0.00    0.16
19:47:33       0  100.00    0.00    0.00    0.00    0.00    0.00    0.00    0.00    0.00    0.00
19:47:33       1   98.00    0.00    2.00    0.00    0.00    0.00    0.00    0.00    0.00    0.00
19:47:33       2   93.00    0.00    5.00    0.00    0.00    2.00    0.00    0.00    0.00    0.00
19:47:33       3   90.10    0.00    6.93    0.00    0.00    2.97    0.00    0.00    0.00    0.00
19:47:33       4   83.84    0.00   13.13    0.00    0.00    2.02    0.00    0.00    0.00    1.01
19:47:33       5   85.00    0.00   12.00    0.00    0.00    3.00    0.00    0.00    0.00    0.00
19:47:33       6   93.00    0.00    5.00    0.00    0.00    2.00    0.00    0.00    0.00    0.00
19:47:33       7   92.00    0.00    7.00    0.00    0.00    1.00    0.00    0.00    0.00    0.00
19:47:33       8   91.09    0.00    5.94    0.00    0.00    2.97    0.00    0.00    0.00    0.00
19:47:33       9   90.00    0.00    7.00    0.00    0.00    3.00    0.00    0.00    0.00    0.00
19:47:33      10   84.16    0.00   14.85    0.00    0.00    0.00    0.00    0.00    0.00    0.99
19:47:33      11   94.95    0.00    4.04    0.00    0.00    1.01    0.00    0.00    0.00    0.00
19:47:33      12   94.00    0.00    5.00    0.00    0.00    1.00    0.00    0.00    0.00    0.00
19:47:33      13   94.95    0.00    4.04    0.00    0.00    1.01    0.00    0.00    0.00    0.00
19:47:33      14   84.16    0.00   11.88    0.00    0.00    3.96    0.00    0.00    0.00    0.00
19:47:33      15   90.00    0.00    6.00    0.00    0.00    4.00    0.00    0.00    0.00    0.00
19:47:33      16   92.08    0.00    4.95    0.00    0.00    2.97    0.00    0.00    0.00    0.00
19:47:33      17   90.00    0.00   10.00    0.00    0.00    0.00    0.00    0.00    0.00    0.00
19:47:33      18   87.88    0.00    9.09    0.00    0.00    3.03    0.00    0.00    0.00    0.00
19:47:33      19   90.00    0.00    8.00    0.00    0.00    2.00    0.00    0.00    0.00    0.00
19:47:33      20   76.00    0.00   17.00    0.00    0.00    7.00    0.00    0.00    0.00    0.00
19:47:33      21   94.00    0.00    4.00    0.00    0.00    2.00    0.00    0.00    0.00    0.00
19:47:33      22   88.12    0.00    9.90    0.00    0.00    1.98    0.00    0.00    0.00    0.00
19:47:33      23   91.09    0.00    5.94    0.00    0.00    2.97    0.00    0.00    0.00    0.00
19:47:33      24   73.27    0.00   17.82    0.00    0.00    8.91    0.00    0.00    0.00    0.00
19:47:33      25   82.00    0.00   14.00    0.00    0.00    4.00    0.00    0.00    0.00    0.00
19:47:33      26  100.00    0.00    0.00    0.00    0.00    0.00    0.00    0.00    0.00    0.00
19:47:33      27  100.00    0.00    0.00    0.00    0.00    0.00    0.00    0.00    0.00    0.00
19:47:33      28   78.00    0.00   15.00    0.00    0.00    5.00    0.00    0.00    0.00    2.00
19:47:33      29   81.00    0.00   14.00    0.00    0.00    5.00    0.00    0.00    0.00    0.00
19:47:33      30   79.00    0.00   16.00    0.00    0.00    5.00    0.00    0.00    0.00    0.00
19:47:33      31   73.00    0.00   20.00    0.00    0.00    6.00    0.00    0.00    0.00    1.00

19:47:33     CPU    %usr   %nice    %sys %iowait    %irq   %soft  %steal  %guest  %gnice   %idle
19:47:34     all   87.92    0.00    9.01    0.00    0.00    2.66    0.00    0.00    0.00    0.41
19:47:34       0   99.00    0.00    1.00    0.00    0.00    0.00    0.00    0.00    0.00    0.00
19:47:34       1   97.98    0.00    2.02    0.00    0.00    0.00    0.00    0.00    0.00    0.00
19:47:34       2   89.00    0.00    9.00    0.00    0.00    1.00    0.00    0.00    0.00    1.00
19:47:34       3   93.00    0.00    4.00    0.00    0.00    3.00    0.00    0.00    0.00    0.00
19:47:34       4   87.00    0.00   11.00    0.00    0.00    2.00    0.00    0.00    0.00    0.00
19:47:34       5   80.00    0.00   13.00    0.00    0.00    5.00    0.00    0.00    0.00    2.00
19:47:34       6   87.00    0.00   10.00    0.00    0.00    3.00    0.00    0.00    0.00    0.00
19:47:34       7   86.00    0.00   11.00    0.00    0.00    2.00    0.00    0.00    0.00    1.00
19:47:34       8   84.85    0.00   13.13    0.00    0.00    2.02    0.00    0.00    0.00    0.00
19:47:34       9   80.20    0.00   14.85    0.00    0.00    4.95    0.00    0.00    0.00    0.00
19:47:34      10   94.95    0.00    5.05    0.00    0.00    0.00    0.00    0.00    0.00    0.00
19:47:34      11   99.00    0.00    1.00    0.00    0.00    0.00    0.00    0.00    0.00    0.00
19:47:34      12   95.96    0.00    3.03    0.00    0.00    1.01    0.00    0.00    0.00    0.00
19:47:34      13  100.00    0.00    0.00    0.00    0.00    0.00    0.00    0.00    0.00    0.00
19:47:34      14   92.08    0.00    5.94    0.00    0.00    1.98    0.00    0.00    0.00    0.00
19:47:34      15   90.00    0.00    8.00    0.00    0.00    1.00    0.00    0.00    0.00    1.00
19:47:34      16   96.00    0.00    2.00    0.00    0.00    2.00    0.00    0.00    0.00    0.00
19:47:34      17   95.00    0.00    4.00    0.00    0.00    1.00    0.00    0.00    0.00    0.00
19:47:34      18   85.15    0.00    8.91    0.00    0.00    3.96    0.00    0.00    0.00    1.98
19:47:34      19   91.92    0.00    6.06    0.00    0.00    2.02    0.00    0.00    0.00    0.00
19:47:34      20   93.94    0.00    4.04    0.00    0.00    2.02    0.00    0.00    0.00    0.00
19:47:34      21   83.00    0.00   11.00    0.00    0.00    5.00    0.00    0.00    0.00    1.00
19:47:34      22   87.00    0.00    9.00    0.00    0.00    4.00    0.00    0.00    0.00    0.00
19:47:34      23   83.00    0.00   14.00    0.00    0.00    3.00    0.00    0.00    0.00    0.00
19:47:34      24   74.75    0.00   19.19    0.00    0.00    6.06    0.00    0.00    0.00    0.00
19:47:34      25   77.23    0.00   18.81    0.00    0.00    3.96    0.00    0.00    0.00    0.00
19:47:34      26   98.02    0.00    1.98    0.00    0.00    0.00    0.00    0.00    0.00    0.00
19:47:34      27  100.00    0.00    0.00    0.00    0.00    0.00    0.00    0.00    0.00    0.00
19:47:34      28   75.00    0.00   18.00    0.00    0.00    7.00    0.00    0.00    0.00    0.00
19:47:34      29   78.00    0.00   16.00    0.00    0.00    6.00    0.00    0.00    0.00    0.00
19:47:34      30   73.00    0.00   21.00    0.00    0.00    6.00    0.00    0.00    0.00    0.00
19:47:34      31   66.33    0.00   22.45    0.00    0.00    6.12    0.00    0.00    0.00    5.10

19:47:34     CPU    %usr   %nice    %sys %iowait    %irq   %soft  %steal  %guest  %gnice   %idle
19:47:35     all   89.17    0.00    8.26    0.00    0.00    2.50    0.00    0.00    0.00    0.06
19:47:35       0   95.00    0.00    3.00    0.00    0.00    2.00    0.00    0.00    0.00    0.00
19:47:35       1   88.00    0.00    8.00    0.00    0.00    4.00    0.00    0.00    0.00    0.00
19:47:35       2   93.00    0.00    4.00    0.00    0.00    3.00    0.00    0.00    0.00    0.00
19:47:35       3   94.00    0.00    6.00    0.00    0.00    0.00    0.00    0.00    0.00    0.00
19:47:35       4   82.83    0.00   15.15    0.00    0.00    2.02    0.00    0.00    0.00    0.00
19:47:35       5   91.00    0.00    6.00    0.00    0.00    3.00    0.00    0.00    0.00    0.00
19:47:35       6   89.00    0.00    9.00    0.00    0.00    2.00    0.00    0.00    0.00    0.00
19:47:35       7   91.00    0.00    7.00    0.00    0.00    2.00    0.00    0.00    0.00    0.00
19:47:35       8   92.00    0.00    5.00    0.00    0.00    3.00    0.00    0.00    0.00    0.00
19:47:35       9   88.00    0.00    9.00    0.00    0.00    3.00    0.00    0.00    0.00    0.00
19:47:35      10   99.01    0.00    0.99    0.00    0.00    0.00    0.00    0.00    0.00    0.00
19:47:35      11   99.01    0.00    0.99    0.00    0.00    0.00    0.00    0.00    0.00    0.00
19:47:35      12   90.10    0.00    6.93    0.00    0.00    2.97    0.00    0.00    0.00    0.00
19:47:35      13   95.00    0.00    5.00    0.00    0.00    0.00    0.00    0.00    0.00    0.00
19:47:35      14   87.76    0.00    9.18    0.00    0.00    3.06    0.00    0.00    0.00    0.00
19:47:35      15   85.86    0.00   12.12    0.00    0.00    2.02    0.00    0.00    0.00    0.00
19:47:35      16  100.00    0.00    0.00    0.00    0.00    0.00    0.00    0.00    0.00    0.00
19:47:35      17   94.00    0.00    6.00    0.00    0.00    0.00    0.00    0.00    0.00    0.00
19:47:35      18   91.00    0.00    6.00    0.00    0.00    3.00    0.00    0.00    0.00    0.00
19:47:35      19   92.08    0.00    5.94    0.00    0.00    1.98    0.00    0.00    0.00    0.00
19:47:35      20   92.08    0.00    5.94    0.00    0.00    1.98    0.00    0.00    0.00    0.00
19:47:35      21   88.00    0.00    8.00    0.00    0.00    3.00    0.00    0.00    0.00    1.00
19:47:35      22   92.93    0.00    5.05    0.00    0.00    2.02    0.00    0.00    0.00    0.00
19:47:35      23   85.00    0.00   10.00    0.00    0.00    4.00    0.00    0.00    0.00    1.00
19:47:35      24   79.00    0.00   18.00    0.00    0.00    3.00    0.00    0.00    0.00    0.00
19:47:35      25   72.00    0.00   21.00    0.00    0.00    7.00    0.00    0.00    0.00    0.00
19:47:35      26  100.00    0.00    0.00    0.00    0.00    0.00    0.00    0.00    0.00    0.00
19:47:35      27   99.00    0.00    1.00    0.00    0.00    0.00    0.00    0.00    0.00    0.00
19:47:35      28   74.75    0.00   17.17    0.00    0.00    8.08    0.00    0.00    0.00    0.00
19:47:35      29   77.78    0.00   17.17    0.00    0.00    5.05    0.00    0.00    0.00    0.00
19:47:35      30   75.00    0.00   20.00    0.00    0.00    5.00    0.00    0.00    0.00    0.00
19:47:35      31   79.80    0.00   16.16    0.00    0.00    4.04    0.00    0.00    0.00    0.00

19:47:35     CPU    %usr   %nice    %sys %iowait    %irq   %soft  %steal  %guest  %gnice   %idle
19:47:36     all   88.33    0.00    8.83    0.00    0.00    2.65    0.00    0.00    0.00    0.19
19:47:36       0   97.98    0.00    2.02    0.00    0.00    0.00    0.00    0.00    0.00    0.00
19:47:36       1   93.07    0.00    5.94    0.00    0.00    0.99    0.00    0.00    0.00    0.00
19:47:36       2   94.06    0.00    3.96    0.00    0.00    1.98    0.00    0.00    0.00    0.00
19:47:36       3   93.00    0.00    6.00    0.00    0.00    1.00    0.00    0.00    0.00    0.00
19:47:36       4   76.47    0.00   16.67    0.00    0.00    5.88    0.00    0.00    0.00    0.98
19:47:36       5   94.95    0.00    5.05    0.00    0.00    0.00    0.00    0.00    0.00    0.00
19:47:36       6   93.07    0.00    4.95    0.00    0.00    1.98    0.00    0.00    0.00    0.00
19:47:36       7   89.00    0.00    9.00    0.00    0.00    2.00    0.00    0.00    0.00    0.00
19:47:36       8   86.00    0.00   12.00    0.00    0.00    2.00    0.00    0.00    0.00    0.00
19:47:36       9   88.00    0.00    9.00    0.00    0.00    3.00    0.00    0.00    0.00    0.00
19:47:36      10   84.00    0.00   15.00    0.00    0.00    0.00    0.00    0.00    0.00    1.00
19:47:36      11  100.00    0.00    0.00    0.00    0.00    0.00    0.00    0.00    0.00    0.00
19:47:36      12   91.00    0.00    7.00    0.00    0.00    1.00    0.00    0.00    0.00    1.00
19:47:36      13   93.00    0.00    5.00    0.00    0.00    2.00    0.00    0.00    0.00    0.00
19:47:36      14   88.24    0.00    8.82    0.00    0.00    2.94    0.00    0.00    0.00    0.00
19:47:36      15   91.92    0.00    7.07    0.00    0.00    1.01    0.00    0.00    0.00    0.00
19:47:36      16   92.08    0.00    5.94    0.00    0.00    1.98    0.00    0.00    0.00    0.00
19:47:36      17   87.00    0.00   10.00    0.00    0.00    2.00    0.00    0.00    0.00    1.00
19:47:36      18   98.00    0.00    2.00    0.00    0.00    0.00    0.00    0.00    0.00    0.00
19:47:36      19   90.00    0.00    7.00    0.00    0.00    3.00    0.00    0.00    0.00    0.00
19:47:36      20   81.00    0.00   15.00    0.00    0.00    3.00    0.00    0.00    0.00    1.00
19:47:36      21   92.08    0.00    3.96    0.00    0.00    3.96    0.00    0.00    0.00    0.00
19:47:36      22   88.12    0.00    7.92    0.00    0.00    3.96    0.00    0.00    0.00    0.00
19:47:36      23   90.00    0.00    8.00    0.00    0.00    2.00    0.00    0.00    0.00    0.00
19:47:36      24   78.00    0.00   17.00    0.00    0.00    5.00    0.00    0.00    0.00    0.00
19:47:36      25   74.75    0.00   20.20    0.00    0.00    5.05    0.00    0.00    0.00    0.00
19:47:36      26   98.00    0.00    2.00    0.00    0.00    0.00    0.00    0.00    0.00    0.00
19:47:36      27   99.01    0.00    0.99    0.00    0.00    0.00    0.00    0.00    0.00    0.00
19:47:36      28   78.22    0.00   13.86    0.00    0.00    6.93    0.00    0.00    0.00    0.99
19:47:36      29   79.59    0.00   15.31    0.00    0.00    5.10    0.00    0.00    0.00    0.00
19:47:36      30   75.00    0.00   18.00    0.00    0.00    7.00    0.00    0.00    0.00    0.00
19:47:36      31   72.00    0.00   18.00    0.00    0.00   10.00    0.00    0.00    0.00    0.00

19:47:36     CPU    %usr   %nice    %sys %iowait    %irq   %soft  %steal  %guest  %gnice   %idle
19:47:37     all   89.18    0.00    8.44    0.00    0.00    2.10    0.00    0.00    0.00    0.28
19:47:37       0   96.00    0.00    3.00    0.00    0.00    1.00    0.00    0.00    0.00    0.00
19:47:37       1   88.89    0.00   10.10    0.00    0.00    1.01    0.00    0.00    0.00    0.00
19:47:37       2   98.99    0.00    1.01    0.00    0.00    0.00    0.00    0.00    0.00    0.00
19:47:37       3   85.86    0.00   10.10    0.00    0.00    4.04    0.00    0.00    0.00    0.00
19:47:37       4   93.94    0.00    5.05    0.00    0.00    1.01    0.00    0.00    0.00    0.00
19:47:37       5   89.11    0.00    7.92    0.00    0.00    2.97    0.00    0.00    0.00    0.00
19:47:37       6  100.00    0.00    0.00    0.00    0.00    0.00    0.00    0.00    0.00    0.00
19:47:37       7   90.10    0.00    7.92    0.00    0.00    1.98    0.00    0.00    0.00    0.00
19:47:37       8   94.95    0.00    4.04    0.00    0.00    1.01    0.00    0.00    0.00    0.00
19:47:37       9   78.79    0.00   15.15    0.00    0.00    5.05    0.00    0.00    0.00    1.01
19:47:37      10   96.00    0.00    3.00    0.00    0.00    1.00    0.00    0.00    0.00    0.00
19:47:37      11  100.00    0.00    0.00    0.00    0.00    0.00    0.00    0.00    0.00    0.00
19:47:37      12   91.00    0.00    6.00    0.00    0.00    3.00    0.00    0.00    0.00    0.00
19:47:37      13   97.00    0.00    3.00    0.00    0.00    0.00    0.00    0.00    0.00    0.00
19:47:37      14   93.94    0.00    6.06    0.00    0.00    0.00    0.00    0.00    0.00    0.00
19:47:37      15   92.00    0.00    7.00    0.00    0.00    1.00    0.00    0.00    0.00    0.00
19:47:37      16   96.00    0.00    3.00    0.00    0.00    1.00    0.00    0.00    0.00    0.00
19:47:37      17   66.67    0.00   30.30    0.00    0.00    3.03    0.00    0.00    0.00    0.00
19:47:37      18   94.00    0.00    4.00    0.00    0.00    2.00    0.00    0.00    0.00    0.00
19:47:37      19   88.00    0.00   11.00    0.00    0.00    1.00    0.00    0.00    0.00    0.00
19:47:37      20   86.00    0.00   12.00    0.00    0.00    2.00    0.00    0.00    0.00    0.00
19:47:37      21   89.00    0.00   10.00    0.00    0.00    1.00    0.00    0.00    0.00    0.00
19:47:37      22   93.00    0.00    6.00    0.00    0.00    1.00    0.00    0.00    0.00    0.00
19:47:37      23   93.00    0.00    6.00    0.00    0.00    1.00    0.00    0.00    0.00    0.00
19:47:37      24   81.00    0.00   15.00    0.00    0.00    4.00    0.00    0.00    0.00    0.00
19:47:37      25   72.73    0.00   18.18    0.00    0.00    6.06    0.00    0.00    0.00    3.03
19:47:37      26   99.00    0.00    1.00    0.00    0.00    0.00    0.00    0.00    0.00    0.00
19:47:37      27   99.00    0.00    1.00    0.00    0.00    0.00    0.00    0.00    0.00    0.00
19:47:37      28   77.32    0.00   17.53    0.00    0.00    4.12    0.00    0.00    0.00    1.03
19:47:37      29   82.18    0.00   11.88    0.00    0.00    4.95    0.00    0.00    0.00    0.99
19:47:37      30   78.00    0.00   15.00    0.00    0.00    7.00    0.00    0.00    0.00    0.00
19:47:37      31   71.43    0.00   19.39    0.00    0.00    6.12    0.00    0.00    0.00    3.06

19:47:37     CPU    %usr   %nice    %sys %iowait    %irq   %soft  %steal  %guest  %gnice   %idle
19:47:38     all   87.90    0.00    9.09    0.00    0.00    2.54    0.00    0.00    0.00    0.47
19:47:38       0   68.32    0.00   28.71    0.00    0.00    2.97    0.00    0.00    0.00    0.00
19:47:38       1   96.04    0.00    3.96    0.00    0.00    0.00    0.00    0.00    0.00    0.00
19:47:38       2   87.13    0.00   10.89    0.00    0.00    1.98    0.00    0.00    0.00    0.00
19:47:38       3   94.00    0.00    4.00    0.00    0.00    2.00    0.00    0.00    0.00    0.00
19:47:38       4   93.07    0.00    5.94    0.00    0.00    0.99    0.00    0.00    0.00    0.00
19:47:38       5   92.00    0.00    7.00    0.00    0.00    1.00    0.00    0.00    0.00    0.00
19:47:38       6   94.00    0.00    6.00    0.00    0.00    0.00    0.00    0.00    0.00    0.00
19:47:38       7   83.84    0.00   12.12    0.00    0.00    3.03    0.00    0.00    0.00    1.01
19:47:38       8   86.87    0.00    9.09    0.00    0.00    4.04    0.00    0.00    0.00    0.00
19:47:38       9   90.91    0.00    7.07    0.00    0.00    2.02    0.00    0.00    0.00    0.00
19:47:38      10   83.84    0.00   16.16    0.00    0.00    0.00    0.00    0.00    0.00    0.00
19:47:38      11   97.00    0.00    3.00    0.00    0.00    0.00    0.00    0.00    0.00    0.00
19:47:38      12   88.12    0.00    6.93    0.00    0.00    4.95    0.00    0.00    0.00    0.00
19:47:38      13   95.00    0.00    2.00    0.00    0.00    3.00    0.00    0.00    0.00    0.00
19:47:38      14   95.96    0.00    4.04    0.00    0.00    0.00    0.00    0.00    0.00    0.00
19:47:38      15   86.14    0.00    9.90    0.00    0.00    3.96    0.00    0.00    0.00    0.00
19:47:38      16   97.98    0.00    1.01    0.00    0.00    1.01    0.00    0.00    0.00    0.00
19:47:38      17   93.07    0.00    4.95    0.00    0.00    1.98    0.00    0.00    0.00    0.00
19:47:38      18   89.00    0.00    9.00    0.00    0.00    2.00    0.00    0.00    0.00    0.00
19:47:38      19   95.00    0.00    4.00    0.00    0.00    1.00    0.00    0.00    0.00    0.00
19:47:38      20   83.84    0.00   12.12    0.00    0.00    3.03    0.00    0.00    0.00    1.01
19:47:38      21   99.00    0.00    1.00    0.00    0.00    0.00    0.00    0.00    0.00    0.00
19:47:38      22   89.90    0.00    7.07    0.00    0.00    3.03    0.00    0.00    0.00    0.00
19:47:38      23   83.00    0.00   12.00    0.00    0.00    4.00    0.00    0.00    0.00    1.00
19:47:38      24   69.07    0.00   20.62    0.00    0.00    6.19    0.00    0.00    0.00    4.12
19:47:38      25   80.81    0.00   12.12    0.00    0.00    7.07    0.00    0.00    0.00    0.00
19:47:38      26   99.00    0.00    1.00    0.00    0.00    0.00    0.00    0.00    0.00    0.00
19:47:38      27  100.00    0.00    0.00    0.00    0.00    0.00    0.00    0.00    0.00    0.00
19:47:38      28   78.00    0.00   17.00    0.00    0.00    4.00    0.00    0.00    0.00    1.00
19:47:38      29   73.00    0.00   21.00    0.00    0.00    6.00    0.00    0.00    0.00    0.00
19:47:38      30   84.00    0.00   13.00    0.00    0.00    3.00    0.00    0.00    0.00    0.00
19:47:38      31   64.21    0.00   18.95    0.00    0.00    9.47    0.00    0.00    0.00    7.37

19:47:38     CPU    %usr   %nice    %sys %iowait    %irq   %soft  %steal  %guest  %gnice   %idle
19:47:39     all   88.95    0.00    8.32    0.00    0.00    2.10    0.00    0.00    0.00    0.63
19:47:39       0   88.89    0.00   10.10    0.00    0.00    1.01    0.00    0.00    0.00    0.00
19:47:39       1   96.00    0.00    3.00    0.00    0.00    1.00    0.00    0.00    0.00    0.00
19:47:39       2   91.92    0.00    7.07    0.00    0.00    1.01    0.00    0.00    0.00    0.00
19:47:39       3   91.92    0.00    6.06    0.00    0.00    2.02    0.00    0.00    0.00    0.00
19:47:39       4   92.00    0.00    6.00    0.00    0.00    2.00    0.00    0.00    0.00    0.00
19:47:39       5   88.89    0.00    8.08    0.00    0.00    3.03    0.00    0.00    0.00    0.00
19:47:39       6   99.00    0.00    1.00    0.00    0.00    0.00    0.00    0.00    0.00    0.00
19:47:39       7   95.05    0.00    3.96    0.00    0.00    0.99    0.00    0.00    0.00    0.00
19:47:39       8   77.23    0.00   15.84    0.00    0.00    4.95    0.00    0.00    0.00    1.98
19:47:39       9   94.00    0.00    5.00    0.00    0.00    1.00    0.00    0.00    0.00    0.00
19:47:39      10   98.02    0.00    1.98    0.00    0.00    0.00    0.00    0.00    0.00    0.00
19:47:39      11   99.00    0.00    1.00    0.00    0.00    0.00    0.00    0.00    0.00    0.00
19:47:39      12   90.91    0.00    9.09    0.00    0.00    0.00    0.00    0.00    0.00    0.00
19:47:39      13   89.11    0.00    8.91    0.00    0.00    1.98    0.00    0.00    0.00    0.00
19:47:39      14   92.00    0.00    6.00    0.00    0.00    2.00    0.00    0.00    0.00    0.00
19:47:39      15   92.00    0.00    7.00    0.00    0.00    1.00    0.00    0.00    0.00    0.00
19:47:39      16   77.78    0.00   20.20    0.00    0.00    2.02    0.00    0.00    0.00    0.00
19:47:39      17   94.00    0.00    5.00    0.00    0.00    1.00    0.00    0.00    0.00    0.00
19:47:39      18   92.93    0.00    6.06    0.00    0.00    1.01    0.00    0.00    0.00    0.00
19:47:39      19   93.00    0.00    5.00    0.00    0.00    2.00    0.00    0.00    0.00    0.00
19:47:39      20   92.08    0.00    6.93    0.00    0.00    0.99    0.00    0.00    0.00    0.00
19:47:39      21   93.00    0.00    5.00    0.00    0.00    2.00    0.00    0.00    0.00    0.00
19:47:39      22   91.00    0.00    7.00    0.00    0.00    2.00    0.00    0.00    0.00    0.00
19:47:39      23   94.00    0.00    5.00    0.00    0.00    1.00    0.00    0.00    0.00    0.00
19:47:39      24   54.95    0.00   17.58    0.00    0.00   10.99    0.00    0.00    0.00   16.48
19:47:39      25   78.79    0.00   16.16    0.00    0.00    5.05    0.00    0.00    0.00    0.00
19:47:39      26  100.00    0.00    0.00    0.00    0.00    0.00    0.00    0.00    0.00    0.00
19:47:39      27   99.01    0.00    0.99    0.00    0.00    0.00    0.00    0.00    0.00    0.00
19:47:39      28   80.00    0.00   16.00    0.00    0.00    3.00    0.00    0.00    0.00    1.00
19:47:39      29   70.41    0.00   22.45    0.00    0.00    5.10    0.00    0.00    0.00    2.04
19:47:39      30   78.00    0.00   17.00    0.00    0.00    5.00    0.00    0.00    0.00    0.00
19:47:39      31   78.00    0.00   17.00    0.00    0.00    5.00    0.00    0.00    0.00    0.00

19:47:39     CPU    %usr   %nice    %sys %iowait    %irq   %soft  %steal  %guest  %gnice   %idle
19:47:40     all   87.52    0.00    9.01    0.00    0.00    2.78    0.00    0.00    0.00    0.69
19:47:40       0   80.20    0.00   17.82    0.00    0.00    1.98    0.00    0.00    0.00    0.00
19:47:40       1   91.00    0.00    7.00    0.00    0.00    2.00    0.00    0.00    0.00    0.00
19:47:40       2   95.00    0.00    4.00    0.00    0.00    1.00    0.00    0.00    0.00    0.00
19:47:40       3   87.13    0.00   10.89    0.00    0.00    1.98    0.00    0.00    0.00    0.00
19:47:40       4   95.00    0.00    5.00    0.00    0.00    0.00    0.00    0.00    0.00    0.00
19:47:40       5   88.12    0.00    7.92    0.00    0.00    3.96    0.00    0.00    0.00    0.00
19:47:40       6   92.00    0.00    7.00    0.00    0.00    1.00    0.00    0.00    0.00    0.00
19:47:40       7   88.00    0.00    9.00    0.00    0.00    3.00    0.00    0.00    0.00    0.00
19:47:40       8   87.13    0.00    9.90    0.00    0.00    1.98    0.00    0.00    0.00    0.99
19:47:40       9   85.15    0.00   10.89    0.00    0.00    2.97    0.00    0.00    0.00    0.99
19:47:40      10   90.00    0.00    8.00    0.00    0.00    2.00    0.00    0.00    0.00    0.00
19:47:40      11   93.00    0.00    4.00    0.00    0.00    3.00    0.00    0.00    0.00    0.00
19:47:40      12   96.00    0.00    2.00    0.00    0.00    2.00    0.00    0.00    0.00    0.00
19:47:40      13   87.88    0.00    9.09    0.00    0.00    3.03    0.00    0.00    0.00    0.00
19:47:40      14   92.08    0.00    5.94    0.00    0.00    1.98    0.00    0.00    0.00    0.00
19:47:40      15   99.00    0.00    1.00    0.00    0.00    0.00    0.00    0.00    0.00    0.00
19:47:40      16   73.53    0.00   20.59    0.00    0.00    4.90    0.00    0.00    0.00    0.98
19:47:40      17   89.90    0.00    8.08    0.00    0.00    2.02    0.00    0.00    0.00    0.00
19:47:40      18   91.09    0.00    6.93    0.00    0.00    1.98    0.00    0.00    0.00    0.00
19:47:40      19   93.00    0.00    6.00    0.00    0.00    1.00    0.00    0.00    0.00    0.00
19:47:40      20   96.00    0.00    2.00    0.00    0.00    2.00    0.00    0.00    0.00    0.00
19:47:40      21   91.92    0.00    7.07    0.00    0.00    1.01    0.00    0.00    0.00    0.00
19:47:40      22   92.08    0.00    5.94    0.00    0.00    1.98    0.00    0.00    0.00    0.00
19:47:40      23   94.00    0.00    4.00    0.00    0.00    2.00    0.00    0.00    0.00    0.00
19:47:40      24   61.05    0.00   23.16    0.00    0.00    6.32    0.00    0.00    0.00    9.47
19:47:40      25   65.31    0.00   20.41    0.00    0.00    8.16    0.00    0.00    0.00    6.12
19:47:40      26  100.00    0.00    0.00    0.00    0.00    0.00    0.00    0.00    0.00    0.00
19:47:40      27  100.00    0.00    0.00    0.00    0.00    0.00    0.00    0.00    0.00    0.00
19:47:40      28   84.00    0.00   12.00    0.00    0.00    4.00    0.00    0.00    0.00    0.00
19:47:40      29   67.35    0.00   19.39    0.00    0.00    9.18    0.00    0.00    0.00    4.08
19:47:40      30   78.00    0.00   16.00    0.00    0.00    6.00    0.00    0.00    0.00    0.00
19:47:40      31   75.00    0.00   18.00    0.00    0.00    7.00    0.00    0.00    0.00    0.00

19:47:40     CPU    %usr   %nice    %sys %iowait    %irq   %soft  %steal  %guest  %gnice   %idle
19:47:41     all   88.64    0.00    8.28    0.00    0.00    2.64    0.00    0.00    0.00    0.44
19:47:41       0   87.88    0.00    9.09    0.00    0.00    3.03    0.00    0.00    0.00    0.00
19:47:41       1   91.00    0.00    8.00    0.00    0.00    1.00    0.00    0.00    0.00    0.00
19:47:41       2   96.04    0.00    3.96    0.00    0.00    0.00    0.00    0.00    0.00    0.00
19:47:41       3   94.00    0.00    4.00    0.00    0.00    2.00    0.00    0.00    0.00    0.00
19:47:41       4   90.91    0.00    6.06    0.00    0.00    3.03    0.00    0.00    0.00    0.00
19:47:41       5   91.00    0.00    7.00    0.00    0.00    2.00    0.00    0.00    0.00    0.00
19:47:41       6   92.93    0.00    6.06    0.00    0.00    1.01    0.00    0.00    0.00    0.00
19:47:41       7   93.88    0.00    6.12    0.00    0.00    0.00    0.00    0.00    0.00    0.00
19:47:41       8   95.00    0.00    4.00    0.00    0.00    1.00    0.00    0.00    0.00    0.00
19:47:41       9   83.00    0.00   13.00    0.00    0.00    4.00    0.00    0.00    0.00    0.00
19:47:41      10   83.84    0.00   14.14    0.00    0.00    2.02    0.00    0.00    0.00    0.00
19:47:41      11   85.15    0.00   11.88    0.00    0.00    2.97    0.00    0.00    0.00    0.00
19:47:41      12   93.00    0.00    5.00    0.00    0.00    2.00    0.00    0.00    0.00    0.00
19:47:41      13   89.00    0.00    8.00    0.00    0.00    3.00    0.00    0.00    0.00    0.00
19:47:41      14   95.00    0.00    5.00    0.00    0.00    0.00    0.00    0.00    0.00    0.00
19:47:41      15   99.00    0.00    1.00    0.00    0.00    0.00    0.00    0.00    0.00    0.00
19:47:41      16   68.37    0.00   26.53    0.00    0.00    5.10    0.00    0.00    0.00    0.00
19:47:41      17   93.00    0.00    4.00    0.00    0.00    2.00    0.00    0.00    0.00    1.00
19:47:41      18   99.00    0.00    1.00    0.00    0.00    0.00    0.00    0.00    0.00    0.00
19:47:41      19   93.00    0.00    6.00    0.00    0.00    1.00    0.00    0.00    0.00    0.00
19:47:41      20   84.00    0.00   13.00    0.00    0.00    3.00    0.00    0.00    0.00    0.00
19:47:41      21   93.07    0.00    4.95    0.00    0.00    1.98    0.00    0.00    0.00    0.00
19:47:41      22   95.00    0.00    3.00    0.00    0.00    2.00    0.00    0.00    0.00    0.00
19:47:41      23   93.94    0.00    5.05    0.00    0.00    1.01    0.00    0.00    0.00    0.00
19:47:41      24   75.26    0.00   15.46    0.00    0.00    6.19    0.00    0.00    0.00    3.09
19:47:41      25   82.00    0.00   12.00    0.00    0.00    6.00    0.00    0.00    0.00    0.00
19:47:41      26   99.01    0.00    0.99    0.00    0.00    0.00    0.00    0.00    0.00    0.00
19:47:41      27  100.00    0.00    0.00    0.00    0.00    0.00    0.00    0.00    0.00    0.00
19:47:41      28   72.73    0.00   15.15    0.00    0.00    9.09    0.00    0.00    0.00    3.03
19:47:41      29   67.71    0.00   18.75    0.00    0.00    6.25    0.00    0.00    0.00    7.29
19:47:41      30   79.00    0.00   14.00    0.00    0.00    7.00    0.00    0.00    0.00    0.00
19:47:41      31   79.21    0.00   13.86    0.00    0.00    6.93    0.00    0.00    0.00    0.00

19:47:41     CPU    %usr   %nice    %sys %iowait    %irq   %soft  %steal  %guest  %gnice   %idle
19:47:42     all   88.40    0.00    8.94    0.00    0.00    2.31    0.00    0.00    0.00    0.34
19:47:42       0   86.14    0.00    9.90    0.00    0.00    3.96    0.00    0.00    0.00    0.00
19:47:42       1   87.00    0.00   11.00    0.00    0.00    2.00    0.00    0.00    0.00    0.00
19:47:42       2   97.98    0.00    2.02    0.00    0.00    0.00    0.00    0.00    0.00    0.00
19:47:42       3   94.00    0.00    6.00    0.00    0.00    0.00    0.00    0.00    0.00    0.00
19:47:42       4   91.00    0.00    8.00    0.00    0.00    1.00    0.00    0.00    0.00    0.00
19:47:42       5   95.00    0.00    4.00    0.00    0.00    1.00    0.00    0.00    0.00    0.00
19:47:42       6   94.06    0.00    3.96    0.00    0.00    1.98    0.00    0.00    0.00    0.00
19:47:42       7   95.00    0.00    5.00    0.00    0.00    0.00    0.00    0.00    0.00    0.00
19:47:42       8   95.96    0.00    4.04    0.00    0.00    0.00    0.00    0.00    0.00    0.00
19:47:42       9   85.86    0.00   10.10    0.00    0.00    4.04    0.00    0.00    0.00    0.00
19:47:42      10   86.27    0.00   12.75    0.00    0.00    0.98    0.00    0.00    0.00    0.00
19:47:42      11   84.00    0.00   11.00    0.00    0.00    4.00    0.00    0.00    0.00    1.00
19:47:42      12   94.00    0.00    4.00    0.00    0.00    2.00    0.00    0.00    0.00    0.00
19:47:42      13   89.00    0.00   10.00    0.00    0.00    1.00    0.00    0.00    0.00    0.00
19:47:42      14   92.00    0.00    7.00    0.00    0.00    1.00    0.00    0.00    0.00    0.00
19:47:42      15   99.00    0.00    1.00    0.00    0.00    0.00    0.00    0.00    0.00    0.00
19:47:42      16   72.55    0.00   23.53    0.00    0.00    1.96    0.00    0.00    0.00    1.96
19:47:42      17   92.00    0.00    7.00    0.00    0.00    1.00    0.00    0.00    0.00    0.00
19:47:42      18   99.00    0.00    1.00    0.00    0.00    0.00    0.00    0.00    0.00    0.00
19:47:42      19   88.00    0.00    9.00    0.00    0.00    3.00    0.00    0.00    0.00    0.00
19:47:42      20   82.65    0.00   11.22    0.00    0.00    3.06    0.00    0.00    0.00    3.06
19:47:42      21   98.00    0.00    2.00    0.00    0.00    0.00    0.00    0.00    0.00    0.00
19:47:42      22   97.00    0.00    3.00    0.00    0.00    0.00    0.00    0.00    0.00    0.00
19:47:42      23   86.00    0.00    9.00    0.00    0.00    5.00    0.00    0.00    0.00    0.00
19:47:42      24   75.76    0.00   17.17    0.00    0.00    6.06    0.00    0.00    0.00    1.01
19:47:42      25   81.00    0.00   14.00    0.00    0.00    4.00    0.00    0.00    0.00    1.00
19:47:42      26   98.99    0.00    1.01    0.00    0.00    0.00    0.00    0.00    0.00    0.00
19:47:42      27  100.00    0.00    0.00    0.00    0.00    0.00    0.00    0.00    0.00    0.00
19:47:42      28   76.00    0.00   18.00    0.00    0.00    6.00    0.00    0.00    0.00    0.00
19:47:42      29   71.00    0.00   20.00    0.00    0.00    8.00    0.00    0.00    0.00    1.00
19:47:42      30   71.00    0.00   21.00    0.00    0.00    6.00    0.00    0.00    0.00    2.00
19:47:42      31   73.74    0.00   19.19    0.00    0.00    7.07    0.00    0.00    0.00    0.00

19:47:42     CPU    %usr   %nice    %sys %iowait    %irq   %soft  %steal  %guest  %gnice   %idle
19:47:43     all   87.41    0.00    9.28    0.00    0.00    2.91    0.00    0.00    0.00    0.41
19:47:43       0   92.08    0.00    5.94    0.00    0.00    0.99    0.00    0.00    0.00    0.99
19:47:43       1   99.00    0.00    1.00    0.00    0.00    0.00    0.00    0.00    0.00    0.00
19:47:43       2   99.01    0.00    0.99    0.00    0.00    0.00    0.00    0.00    0.00    0.00
19:47:43       3   92.08    0.00    6.93    0.00    0.00    0.99    0.00    0.00    0.00    0.00
19:47:43       4   91.09    0.00    5.94    0.00    0.00    1.98    0.00    0.00    0.00    0.99
19:47:43       5   74.00    0.00   19.00    0.00    0.00    5.00    0.00    0.00    0.00    2.00
19:47:43       6   91.92    0.00    6.06    0.00    0.00    2.02    0.00    0.00    0.00    0.00
19:47:43       7   90.10    0.00    7.92    0.00    0.00    1.98    0.00    0.00    0.00    0.00
19:47:43       8   98.00    0.00    2.00    0.00    0.00    0.00    0.00    0.00    0.00    0.00
19:47:43       9   68.00    0.00   24.00    0.00    0.00    8.00    0.00    0.00    0.00    0.00
19:47:43      10   91.00    0.00    7.00    0.00    0.00    2.00    0.00    0.00    0.00    0.00
19:47:43      11   83.84    0.00   14.14    0.00    0.00    2.02    0.00    0.00    0.00    0.00
19:47:43      12   98.00    0.00    2.00    0.00    0.00    0.00    0.00    0.00    0.00    0.00
19:47:43      13   87.00    0.00   10.00    0.00    0.00    3.00    0.00    0.00    0.00    0.00
19:47:43      14   89.00    0.00    9.00    0.00    0.00    2.00    0.00    0.00    0.00    0.00
19:47:43      15   92.00    0.00    5.00    0.00    0.00    3.00    0.00    0.00    0.00    0.00
19:47:43      16   82.83    0.00   11.11    0.00    0.00    4.04    0.00    0.00    0.00    2.02
19:47:43      17  100.00    0.00    0.00    0.00    0.00    0.00    0.00    0.00    0.00    0.00
19:47:43      18   95.00    0.00    5.00    0.00    0.00    0.00    0.00    0.00    0.00    0.00
19:47:43      19   88.00    0.00    8.00    0.00    0.00    4.00    0.00    0.00    0.00    0.00
19:47:43      20   93.94    0.00    5.05    0.00    0.00    1.01    0.00    0.00    0.00    0.00
19:47:43      21   79.00    0.00   17.00    0.00    0.00    3.00    0.00    0.00    0.00    1.00
19:47:43      22   88.00    0.00    9.00    0.00    0.00    3.00    0.00    0.00    0.00    0.00
19:47:43      23   91.00    0.00    7.00    0.00    0.00    2.00    0.00    0.00    0.00    0.00
19:47:43      24   74.00    0.00   17.00    0.00    0.00    8.00    0.00    0.00    0.00    1.00
19:47:43      25   72.45    0.00   19.39    0.00    0.00    6.12    0.00    0.00    0.00    2.04
19:47:43      26   98.02    0.00    1.98    0.00    0.00    0.00    0.00    0.00    0.00    0.00
19:47:43      27   98.02    0.00    1.98    0.00    0.00    0.00    0.00    0.00    0.00    0.00
19:47:43      28   75.00    0.00   15.00    0.00    0.00   10.00    0.00    0.00    0.00    0.00
19:47:43      29   76.77    0.00   15.15    0.00    0.00    5.05    0.00    0.00    0.00    3.03
19:47:43      30   76.00    0.00   16.00    0.00    0.00    8.00    0.00    0.00    0.00    0.00
19:47:43      31   72.28    0.00   21.78    0.00    0.00    5.94    0.00    0.00    0.00    0.00

19:47:43     CPU    %usr   %nice    %sys %iowait    %irq   %soft  %steal  %guest  %gnice   %idle
19:47:44     all   89.11    0.00    8.08    0.00    0.00    2.54    0.00    0.00    0.00    0.28
19:47:44       0   85.71    0.00   12.24    0.00    0.00    1.02    0.00    0.00    0.00    1.02
19:47:44       1   86.87    0.00   12.12    0.00    0.00    1.01    0.00    0.00    0.00    0.00
19:47:44       2   94.95    0.00    4.04    0.00    0.00    1.01    0.00    0.00    0.00    0.00
19:47:44       3   94.00    0.00    4.00    0.00    0.00    2.00    0.00    0.00    0.00    0.00
19:47:44       4   92.93    0.00    6.06    0.00    0.00    1.01    0.00    0.00    0.00    0.00
19:47:44       5   94.06    0.00    3.96    0.00    0.00    1.98    0.00    0.00    0.00    0.00
19:47:44       6   87.13    0.00   10.89    0.00    0.00    1.98    0.00    0.00    0.00    0.00
19:47:44       7   94.00    0.00    5.00    0.00    0.00    1.00    0.00    0.00    0.00    0.00
19:47:44       8   92.00    0.00    8.00    0.00    0.00    0.00    0.00    0.00    0.00    0.00
19:47:44       9   65.69    0.00   26.47    0.00    0.00    6.86    0.00    0.00    0.00    0.98
19:47:44      10   95.96    0.00    2.02    0.00    0.00    2.02    0.00    0.00    0.00    0.00
19:47:44      11   83.84    0.00   11.11    0.00    0.00    4.04    0.00    0.00    0.00    1.01
19:47:44      12  100.00    0.00    0.00    0.00    0.00    0.00    0.00    0.00    0.00    0.00
19:47:44      13   91.00    0.00    6.00    0.00    0.00    3.00    0.00    0.00    0.00    0.00
19:47:44      14   92.00    0.00    5.00    0.00    0.00    3.00    0.00    0.00    0.00    0.00
19:47:44      15   96.00    0.00    3.00    0.00    0.00    1.00    0.00    0.00    0.00    0.00
19:47:44      16   91.09    0.00    5.94    0.00    0.00    2.97    0.00    0.00    0.00    0.00
19:47:44      17   96.00    0.00    3.00    0.00    0.00    1.00    0.00    0.00    0.00    0.00
19:47:44      18  100.00    0.00    0.00    0.00    0.00    0.00    0.00    0.00    0.00    0.00
19:47:44      19   91.09    0.00    6.93    0.00    0.00    1.98    0.00    0.00    0.00    0.00
19:47:44      20   88.12    0.00    7.92    0.00    0.00    1.98    0.00    0.00    0.00    1.98
19:47:44      21   94.00    0.00    6.00    0.00    0.00    0.00    0.00    0.00    0.00    0.00
19:47:44      22   91.00    0.00    4.00    0.00    0.00    5.00    0.00    0.00    0.00    0.00
19:47:44      23   94.00    0.00    5.00    0.00    0.00    1.00    0.00    0.00    0.00    0.00
19:47:44      24   75.00    0.00   15.00    0.00    0.00    9.00    0.00    0.00    0.00    1.00
19:47:44      25   75.76    0.00   15.15    0.00    0.00    7.07    0.00    0.00    0.00    2.02
19:47:44      26  100.00    0.00    0.00    0.00    0.00    0.00    0.00    0.00    0.00    0.00
19:47:44      27  100.00    0.00    0.00    0.00    0.00    0.00    0.00    0.00    0.00    0.00
19:47:44      28   70.00    0.00   24.00    0.00    0.00    6.00    0.00    0.00    0.00    0.00
19:47:44      29   82.00    0.00   15.00    0.00    0.00    3.00    0.00    0.00    0.00    0.00
19:47:44      30   78.00    0.00   15.00    0.00    0.00    6.00    0.00    0.00    0.00    1.00
19:47:44      31   79.59    0.00   15.31    0.00    0.00    5.10    0.00    0.00    0.00    0.00

19:47:44     CPU    %usr   %nice    %sys %iowait    %irq   %soft  %steal  %guest  %gnice   %idle
19:47:45     all   90.84    0.00    6.97    0.00    0.00    1.88    0.00    0.00    0.00    0.31
19:47:45       0   96.00    0.00    4.00    0.00    0.00    0.00    0.00    0.00    0.00    0.00
19:47:45       1   94.06    0.00    4.95    0.00    0.00    0.99    0.00    0.00    0.00    0.00
19:47:45       2   97.03    0.00    1.98    0.00    0.00    0.99    0.00    0.00    0.00    0.00
19:47:45       3   94.95    0.00    3.03    0.00    0.00    2.02    0.00    0.00    0.00    0.00
19:47:45       4   97.00    0.00    2.00    0.00    0.00    1.00    0.00    0.00    0.00    0.00
19:47:45       5   93.94    0.00    6.06    0.00    0.00    0.00    0.00    0.00    0.00    0.00
19:47:45       6   90.00    0.00    8.00    0.00    0.00    2.00    0.00    0.00    0.00    0.00
19:47:45       7   96.04    0.00    2.97    0.00    0.00    0.99    0.00    0.00    0.00    0.00
19:47:45       8   93.00    0.00    5.00    0.00    0.00    2.00    0.00    0.00    0.00    0.00
19:47:45       9   59.00    0.00   35.00    0.00    0.00    5.00    0.00    0.00    0.00    1.00
19:47:45      10   91.00    0.00    8.00    0.00    0.00    1.00    0.00    0.00    0.00    0.00
19:47:45      11   92.08    0.00    3.96    0.00    0.00    1.98    0.00    0.00    0.00    1.98
19:47:45      12   97.00    0.00    1.00    0.00    0.00    2.00    0.00    0.00    0.00    0.00
19:47:45      13   93.00    0.00    5.00    0.00    0.00    2.00    0.00    0.00    0.00    0.00
19:47:45      14   96.00    0.00    3.00    0.00    0.00    1.00    0.00    0.00    0.00    0.00
19:47:45      15   95.00    0.00    4.00    0.00    0.00    1.00    0.00    0.00    0.00    0.00
19:47:45      16   94.00    0.00    6.00    0.00    0.00    0.00    0.00    0.00    0.00    0.00
19:47:45      17   93.00    0.00    5.00    0.00    0.00    2.00    0.00    0.00    0.00    0.00
19:47:45      18   97.00    0.00    2.00    0.00    0.00    1.00    0.00    0.00    0.00    0.00
19:47:45      19   89.90    0.00    9.09    0.00    0.00    1.01    0.00    0.00    0.00    0.00
19:47:45      20   96.00    0.00    3.00    0.00    0.00    1.00    0.00    0.00    0.00    0.00
19:47:45      21   96.97    0.00    3.03    0.00    0.00    0.00    0.00    0.00    0.00    0.00
19:47:45      22   95.96    0.00    3.03    0.00    0.00    1.01    0.00    0.00    0.00    0.00
19:47:45      23   91.00    0.00    7.00    0.00    0.00    2.00    0.00    0.00    0.00    0.00
19:47:45      24   80.00    0.00   14.00    0.00    0.00    6.00    0.00    0.00    0.00    0.00
19:47:45      25   86.14    0.00    8.91    0.00    0.00    4.95    0.00    0.00    0.00    0.00
19:47:45      26   99.00    0.00    1.00    0.00    0.00    0.00    0.00    0.00    0.00    0.00
19:47:45      27   99.00    0.00    1.00    0.00    0.00    0.00    0.00    0.00    0.00    0.00
19:47:45      28   80.00    0.00   15.00    0.00    0.00    5.00    0.00    0.00    0.00    0.00
19:47:45      29   68.37    0.00   18.37    0.00    0.00    6.12    0.00    0.00    0.00    7.14
19:47:45      30   80.00    0.00   16.00    0.00    0.00    4.00    0.00    0.00    0.00    0.00
19:47:45      31   85.15    0.00   12.87    0.00    0.00    1.98    0.00    0.00    0.00    0.00

19:47:45     CPU    %usr   %nice    %sys %iowait    %irq   %soft  %steal  %guest  %gnice   %idle
19:47:46     all   88.53    0.00    8.36    0.00    0.00    2.54    0.00    0.00    0.00    0.56
19:47:46       0   98.02    0.00    1.98    0.00    0.00    0.00    0.00    0.00    0.00    0.00
19:47:46       1   91.00    0.00    6.00    0.00    0.00    3.00    0.00    0.00    0.00    0.00
19:47:46       2   93.94    0.00    6.06    0.00    0.00    0.00    0.00    0.00    0.00    0.00
19:47:46       3   90.91    0.00    7.07    0.00    0.00    2.02    0.00    0.00    0.00    0.00
19:47:46       4   97.00    0.00    2.00    0.00    0.00    1.00    0.00    0.00    0.00    0.00
19:47:46       5   89.90    0.00    7.07    0.00    0.00    2.02    0.00    0.00    0.00    1.01
19:47:46       6   78.00    0.00   15.00    0.00    0.00    5.00    0.00    0.00    0.00    2.00
19:47:46       7   95.96    0.00    3.03    0.00    0.00    1.01    0.00    0.00    0.00    0.00
19:47:46       8   90.00    0.00    9.00    0.00    0.00    1.00    0.00    0.00    0.00    0.00
19:47:46       9   61.62    0.00   29.29    0.00    0.00    6.06    0.00    0.00    0.00    3.03
19:47:46      10   90.00    0.00    7.00    0.00    0.00    3.00    0.00    0.00    0.00    0.00
19:47:46      11   88.00    0.00   10.00    0.00    0.00    2.00    0.00    0.00    0.00    0.00
19:47:46      12   95.05    0.00    2.97    0.00    0.00    1.98    0.00    0.00    0.00    0.00
19:47:46      13   92.00    0.00    6.00    0.00    0.00    2.00    0.00    0.00    0.00    0.00
19:47:46      14   92.08    0.00    6.93    0.00    0.00    0.99    0.00    0.00    0.00    0.00
19:47:46      15   92.00    0.00    5.00    0.00    0.00    3.00    0.00    0.00    0.00    0.00
19:47:46      16   96.97    0.00    2.02    0.00    0.00    1.01    0.00    0.00    0.00    0.00
19:47:46      17   95.00    0.00    3.00    0.00    0.00    2.00    0.00    0.00    0.00    0.00
19:47:46      18   92.08    0.00    5.94    0.00    0.00    1.98    0.00    0.00    0.00    0.00
19:47:46      19   99.00    0.00    1.00    0.00    0.00    0.00    0.00    0.00    0.00    0.00
19:47:46      20   96.04    0.00    2.97    0.00    0.00    0.99    0.00    0.00    0.00    0.00
19:47:46      21   91.00    0.00    7.00    0.00    0.00    1.00    0.00    0.00    0.00    1.00
19:47:46      22   94.06    0.00    5.94    0.00    0.00    0.00    0.00    0.00    0.00    0.00
19:47:46      23   91.00    0.00    8.00    0.00    0.00    1.00    0.00    0.00    0.00    0.00
19:47:46      24   80.81    0.00   13.13    0.00    0.00    6.06    0.00    0.00    0.00    0.00
19:47:46      25   74.00    0.00   17.00    0.00    0.00    8.00    0.00    0.00    0.00    1.00
19:47:46      26   98.00    0.00    2.00    0.00    0.00    0.00    0.00    0.00    0.00    0.00
19:47:46      27   98.02    0.00    1.98    0.00    0.00    0.00    0.00    0.00    0.00    0.00
19:47:46      28   69.00    0.00   20.00    0.00    0.00    9.00    0.00    0.00    0.00    2.00
19:47:46      29   63.04    0.00   20.65    0.00    0.00    7.61    0.00    0.00    0.00    8.70
19:47:46      30   80.00    0.00   17.00    0.00    0.00    3.00    0.00    0.00    0.00    0.00
19:47:46      31   77.00    0.00   17.00    0.00    0.00    6.00    0.00    0.00    0.00    0.00

19:47:46     CPU    %usr   %nice    %sys %iowait    %irq   %soft  %steal  %guest  %gnice   %idle
19:47:47     all   89.84    0.00    7.37    0.00    0.00    2.20    0.00    0.00    0.00    0.60
19:47:47       0   99.00    0.00    0.00    0.00    0.00    1.00    0.00    0.00    0.00    0.00
19:47:47       1   95.00    0.00    4.00    0.00    0.00    1.00    0.00    0.00    0.00    0.00
19:47:47       2   95.00    0.00    4.00    0.00    0.00    1.00    0.00    0.00    0.00    0.00
19:47:47       3   92.16    0.00    5.88    0.00    0.00    1.96    0.00    0.00    0.00    0.00
19:47:47       4   94.06    0.00    4.95    0.00    0.00    0.99    0.00    0.00    0.00    0.00
19:47:47       5   95.05    0.00    3.96    0.00    0.00    0.99    0.00    0.00    0.00    0.00
19:47:47       6   97.00    0.00    1.00    0.00    0.00    2.00    0.00    0.00    0.00    0.00
19:47:47       7   94.00    0.00    5.00    0.00    0.00    1.00    0.00    0.00    0.00    0.00
19:47:47       8   81.00    0.00   14.00    0.00    0.00    3.00    0.00    0.00    0.00    2.00
19:47:47       9   61.62    0.00   34.34    0.00    0.00    3.03    0.00    0.00    0.00    1.01
19:47:47      10   95.00    0.00    4.00    0.00    0.00    1.00    0.00    0.00    0.00    0.00
19:47:47      11   95.00    0.00    3.00    0.00    0.00    2.00    0.00    0.00    0.00    0.00
19:47:47      12   92.93    0.00    5.05    0.00    0.00    2.02    0.00    0.00    0.00    0.00
19:47:47      13   90.10    0.00    5.94    0.00    0.00    2.97    0.00    0.00    0.00    0.99
19:47:47      14   89.90    0.00    8.08    0.00    0.00    2.02    0.00    0.00    0.00    0.00
19:47:47      15   93.94    0.00    4.04    0.00    0.00    2.02    0.00    0.00    0.00    0.00
19:47:47      16   95.05    0.00    2.97    0.00    0.00    1.98    0.00    0.00    0.00    0.00
19:47:47      17   95.96    0.00    3.03    0.00    0.00    1.01    0.00    0.00    0.00    0.00
19:47:47      18   97.00    0.00    3.00    0.00    0.00    0.00    0.00    0.00    0.00    0.00
19:47:47      19   97.98    0.00    2.02    0.00    0.00    0.00    0.00    0.00    0.00    0.00
19:47:47      20   92.93    0.00    5.05    0.00    0.00    2.02    0.00    0.00    0.00    0.00
19:47:47      21   89.00    0.00    9.00    0.00    0.00    2.00    0.00    0.00    0.00    0.00
19:47:47      22   94.00    0.00    4.00    0.00    0.00    2.00    0.00    0.00    0.00    0.00
19:47:47      23   99.00    0.00    1.00    0.00    0.00    0.00    0.00    0.00    0.00    0.00
19:47:47      24   71.29    0.00   21.78    0.00    0.00    4.95    0.00    0.00    0.00    1.98
19:47:47      25   75.49    0.00   15.69    0.00    0.00    6.86    0.00    0.00    0.00    1.96
19:47:47      26   99.00    0.00    1.00    0.00    0.00    0.00    0.00    0.00    0.00    0.00
19:47:47      27  100.00    0.00    0.00    0.00    0.00    0.00    0.00    0.00    0.00    0.00
19:47:47      28   89.90    0.00    9.09    0.00    0.00    1.01    0.00    0.00    0.00    0.00
19:47:47      29   52.87    0.00   21.84    0.00    0.00   12.64    0.00    0.00    0.00   12.64
19:47:47      30   78.00    0.00   17.00    0.00    0.00    5.00    0.00    0.00    0.00    0.00
19:47:47      31   82.00    0.00   14.00    0.00    0.00    4.00    0.00    0.00    0.00    0.00

19:47:47     CPU    %usr   %nice    %sys %iowait    %irq   %soft  %steal  %guest  %gnice   %idle
19:47:48     all   89.19    0.00    7.66    0.00    0.00    2.17    0.00    0.00    0.00    0.98
19:47:48       0   94.95    0.00    5.05    0.00    0.00    0.00    0.00    0.00    0.00    0.00
19:47:48       1   94.00    0.00    5.00    0.00    0.00    1.00    0.00    0.00    0.00    0.00
19:47:48       2   96.00    0.00    3.00    0.00    0.00    1.00    0.00    0.00    0.00    0.00
19:47:48       3   93.88    0.00    4.08    0.00    0.00    1.02    0.00    0.00    0.00    1.02
19:47:48       4   98.99    0.00    1.01    0.00    0.00    0.00    0.00    0.00    0.00    0.00
19:47:48       5   90.00    0.00    7.00    0.00    0.00    2.00    0.00    0.00    0.00    1.00
19:47:48       6   90.91    0.00    8.08    0.00    0.00    1.01    0.00    0.00    0.00    0.00
19:47:48       7   93.00    0.00    5.00    0.00    0.00    2.00    0.00    0.00    0.00    0.00
19:47:48       8   81.63    0.00   14.29    0.00    0.00    2.04    0.00    0.00    0.00    2.04
19:47:48       9   67.00    0.00   30.00    0.00    0.00    3.00    0.00    0.00    0.00    0.00
19:47:48      10   95.00    0.00    4.00    0.00    0.00    1.00    0.00    0.00    0.00    0.00
19:47:48      11   95.96    0.00    4.04    0.00    0.00    0.00    0.00    0.00    0.00    0.00
19:47:48      12   93.00    0.00    5.00    0.00    0.00    2.00    0.00    0.00    0.00    0.00
19:47:48      13   86.87    0.00    9.09    0.00    0.00    3.03    0.00    0.00    0.00    1.01
19:47:48      14   90.10    0.00    7.92    0.00    0.00    1.98    0.00    0.00    0.00    0.00
19:47:48      15   95.00    0.00    4.00    0.00    0.00    1.00    0.00    0.00    0.00    0.00
19:47:48      16   96.00    0.00    3.00    0.00    0.00    1.00    0.00    0.00    0.00    0.00
19:47:48      17   96.04    0.00    2.97    0.00    0.00    0.99    0.00    0.00    0.00    0.00
19:47:48      18   96.00    0.00    3.00    0.00    0.00    1.00    0.00    0.00    0.00    0.00
19:47:48      19   76.77    0.00   15.15    0.00    0.00    5.05    0.00    0.00    0.00    3.03
19:47:48      20   96.00    0.00    3.00    0.00    0.00    1.00    0.00    0.00    0.00    0.00
19:47:48      21   94.95    0.00    5.05    0.00    0.00    0.00    0.00    0.00    0.00    0.00
19:47:48      22   96.97    0.00    2.02    0.00    0.00    1.01    0.00    0.00    0.00    0.00
19:47:48      23   98.00    0.00    1.00    0.00    0.00    1.00    0.00    0.00    0.00    0.00
19:47:48      24   65.62    0.00   19.79    0.00    0.00    6.25    0.00    0.00    0.00    8.33
19:47:48      25   79.59    0.00   14.29    0.00    0.00    5.10    0.00    0.00    0.00    1.02
19:47:48      26  100.00    0.00    0.00    0.00    0.00    0.00    0.00    0.00    0.00    0.00
19:47:48      27  100.00    0.00    0.00    0.00    0.00    0.00    0.00    0.00    0.00    0.00
19:47:48      28   78.00    0.00   15.00    0.00    0.00    7.00    0.00    0.00    0.00    0.00
19:47:48      29   60.87    0.00   17.39    0.00    0.00    9.78    0.00    0.00    0.00   11.96
19:47:48      30   88.00    0.00   11.00    0.00    0.00    1.00    0.00    0.00    0.00    0.00
19:47:48      31   71.43    0.00   17.35    0.00    0.00    8.16    0.00    0.00    0.00    3.06

19:47:48     CPU    %usr   %nice    %sys %iowait    %irq   %soft  %steal  %guest  %gnice   %idle
19:47:49     all   87.40    0.00    8.93    0.00    0.00    2.73    0.00    0.00    0.00    0.94
19:47:49       0   98.02    0.00    0.99    0.00    0.00    0.99    0.00    0.00    0.00    0.00
19:47:49       1   94.00    0.00    4.00    0.00    0.00    2.00    0.00    0.00    0.00    0.00
19:47:49       2   98.00    0.00    2.00    0.00    0.00    0.00    0.00    0.00    0.00    0.00
19:47:49       3   98.00    0.00    2.00    0.00    0.00    0.00    0.00    0.00    0.00    0.00
19:47:49       4   84.00    0.00   12.00    0.00    0.00    4.00    0.00    0.00    0.00    0.00
19:47:49       5   81.63    0.00   14.29    0.00    0.00    3.06    0.00    0.00    0.00    1.02
19:47:49       6   92.93    0.00    7.07    0.00    0.00    0.00    0.00    0.00    0.00    0.00
19:47:49       7   89.90    0.00    8.08    0.00    0.00    2.02    0.00    0.00    0.00    0.00
19:47:49       8   88.12    0.00    7.92    0.00    0.00    3.96    0.00    0.00    0.00    0.00
19:47:49       9   63.27    0.00   30.61    0.00    0.00    2.04    0.00    0.00    0.00    4.08
19:47:49      10   85.15    0.00   12.87    0.00    0.00    1.98    0.00    0.00    0.00    0.00
19:47:49      11   92.00    0.00    6.00    0.00    0.00    2.00    0.00    0.00    0.00    0.00
19:47:49      12   91.00    0.00    8.00    0.00    0.00    1.00    0.00    0.00    0.00    0.00
19:47:49      13   75.76    0.00   17.17    0.00    0.00    5.05    0.00    0.00    0.00    2.02
19:47:49      14   89.80    0.00    8.16    0.00    0.00    2.04    0.00    0.00    0.00    0.00
19:47:49      15   91.00    0.00    6.00    0.00    0.00    3.00    0.00    0.00    0.00    0.00
19:47:49      16  100.00    0.00    0.00    0.00    0.00    0.00    0.00    0.00    0.00    0.00
19:47:49      17   92.93    0.00    6.06    0.00    0.00    1.01    0.00    0.00    0.00    0.00
19:47:49      18   98.00    0.00    1.00    0.00    0.00    1.00    0.00    0.00    0.00    0.00
19:47:49      19   93.14    0.00    4.90    0.00    0.00    0.98    0.00    0.00    0.00    0.98
19:47:49      20   94.00    0.00    4.00    0.00    0.00    2.00    0.00    0.00    0.00    0.00
19:47:49      21   89.11    0.00    7.92    0.00    0.00    2.97    0.00    0.00    0.00    0.00
19:47:49      22   90.00    0.00    9.00    0.00    0.00    1.00    0.00    0.00    0.00    0.00
19:47:49      23   94.00    0.00    4.00    0.00    0.00    2.00    0.00    0.00    0.00    0.00
19:47:49      24   60.00    0.00   20.00    0.00    0.00    7.37    0.00    0.00    0.00   12.63
19:47:49      25   64.36    0.00   18.81    0.00    0.00   11.88    0.00    0.00    0.00    4.95
19:47:49      26  100.00    0.00    0.00    0.00    0.00    0.00    0.00    0.00    0.00    0.00
19:47:49      27  100.00    0.00    0.00    0.00    0.00    0.00    0.00    0.00    0.00    0.00
19:47:49      28   74.00    0.00   19.00    0.00    0.00    7.00    0.00    0.00    0.00    0.00
19:47:49      29   71.29    0.00   16.83    0.00    0.00    9.90    0.00    0.00    0.00    1.98
19:47:49      30   87.13    0.00    9.90    0.00    0.00    2.97    0.00    0.00    0.00    0.00
19:47:49      31   74.49    0.00   18.37    0.00    0.00    4.08    0.00    0.00    0.00    3.06

19:47:49     CPU    %usr   %nice    %sys %iowait    %irq   %soft  %steal  %guest  %gnice   %idle
19:47:50     all   85.67    0.00   10.25    0.00    0.00    3.26    0.00    0.00    0.00    0.82
19:47:50       0  100.00    0.00    0.00    0.00    0.00    0.00    0.00    0.00    0.00    0.00
19:47:50       1   98.00    0.00    2.00    0.00    0.00    0.00    0.00    0.00    0.00    0.00
19:47:50       2   85.15    0.00   10.89    0.00    0.00    3.96    0.00    0.00    0.00    0.00
19:47:50       3   98.99    0.00    1.01    0.00    0.00    0.00    0.00    0.00    0.00    0.00
19:47:50       4   93.07    0.00    4.95    0.00    0.00    1.98    0.00    0.00    0.00    0.00
19:47:50       5   82.00    0.00   15.00    0.00    0.00    3.00    0.00    0.00    0.00    0.00
19:47:50       6   84.16    0.00   11.88    0.00    0.00    2.97    0.00    0.00    0.00    0.99
19:47:50       7   95.00    0.00    3.00    0.00    0.00    2.00    0.00    0.00    0.00    0.00
19:47:50       8   92.93    0.00    5.05    0.00    0.00    2.02    0.00    0.00    0.00    0.00
19:47:50       9   53.47    0.00   36.63    0.00    0.00    3.96    0.00    0.00    0.00    5.94
19:47:50      10   86.87    0.00    9.09    0.00    0.00    4.04    0.00    0.00    0.00    0.00
19:47:50      11   83.00    0.00   14.00    0.00    0.00    3.00    0.00    0.00    0.00    0.00
19:47:50      12   95.05    0.00    3.96    0.00    0.00    0.99    0.00    0.00    0.00    0.00
19:47:50      13   79.00    0.00   16.00    0.00    0.00    5.00    0.00    0.00    0.00    0.00
19:47:50      14   88.00    0.00    9.00    0.00    0.00    3.00    0.00    0.00    0.00    0.00
19:47:50      15   87.13    0.00    8.91    0.00    0.00    3.96    0.00    0.00    0.00    0.00
19:47:50      16   97.03    0.00    1.98    0.00    0.00    0.99    0.00    0.00    0.00    0.00
19:47:50      17   95.00    0.00    4.00    0.00    0.00    1.00    0.00    0.00    0.00    0.00
19:47:50      18   91.92    0.00    5.05    0.00    0.00    3.03    0.00    0.00    0.00    0.00
19:47:50      19   93.00    0.00    4.00    0.00    0.00    3.00    0.00    0.00    0.00    0.00
19:47:50      20   90.00    0.00    7.00    0.00    0.00    3.00    0.00    0.00    0.00    0.00
19:47:50      21   94.95    0.00    4.04    0.00    0.00    1.01    0.00    0.00    0.00    0.00
19:47:50      22   90.10    0.00    8.91    0.00    0.00    0.99    0.00    0.00    0.00    0.00
19:47:50      23   92.00    0.00    6.00    0.00    0.00    2.00    0.00    0.00    0.00    0.00
19:47:50      24   61.22    0.00   22.45    0.00    0.00   10.20    0.00    0.00    0.00    6.12
19:47:50      25   54.95    0.00   27.47    0.00    0.00    8.79    0.00    0.00    0.00    8.79
19:47:50      26   96.00    0.00    4.00    0.00    0.00    0.00    0.00    0.00    0.00    0.00
19:47:50      27  100.00    0.00    0.00    0.00    0.00    0.00    0.00    0.00    0.00    0.00
19:47:50      28   68.32    0.00   19.80    0.00    0.00    9.90    0.00    0.00    0.00    1.98
19:47:50      29   62.89    0.00   21.65    0.00    0.00   12.37    0.00    0.00    0.00    3.09
19:47:50      30   74.00    0.00   20.00    0.00    0.00    6.00    0.00    0.00    0.00    0.00
19:47:50      31   75.00    0.00   22.00    0.00    0.00    3.00    0.00    0.00    0.00    0.00

19:47:50     CPU    %usr   %nice    %sys %iowait    %irq   %soft  %steal  %guest  %gnice   %idle
19:47:51     all   88.29    0.00    8.40    0.00    0.00    2.33    0.00    0.00    0.00    0.98
19:47:51       0   93.00    0.00    5.00    0.00    0.00    1.00    0.00    0.00    0.00    1.00
19:47:51       1   98.00    0.00    2.00    0.00    0.00    0.00    0.00    0.00    0.00    0.00
19:47:51       2   86.87    0.00   11.11    0.00    0.00    2.02    0.00    0.00    0.00    0.00
19:47:51       3   99.01    0.00    0.00    0.00    0.00    0.99    0.00    0.00    0.00    0.00
19:47:51       4   86.87    0.00   11.11    0.00    0.00    2.02    0.00    0.00    0.00    0.00
19:47:51       5   94.00    0.00    5.00    0.00    0.00    1.00    0.00    0.00    0.00    0.00
19:47:51       6   94.06    0.00    4.95    0.00    0.00    0.99    0.00    0.00    0.00    0.00
19:47:51       7   92.08    0.00    5.94    0.00    0.00    1.98    0.00    0.00    0.00    0.00
19:47:51       8   83.00    0.00   13.00    0.00    0.00    3.00    0.00    0.00    0.00    1.00
19:47:51       9   55.45    0.00   35.64    0.00    0.00    5.94    0.00    0.00    0.00    2.97
19:47:51      10   89.90    0.00    8.08    0.00    0.00    2.02    0.00    0.00    0.00    0.00
19:47:51      11   96.00    0.00    3.00    0.00    0.00    1.00    0.00    0.00    0.00    0.00
19:47:51      12   78.79    0.00   14.14    0.00    0.00    6.06    0.00    0.00    0.00    1.01
19:47:51      13   96.97    0.00    3.03    0.00    0.00    0.00    0.00    0.00    0.00    0.00
19:47:51      14   95.05    0.00    3.96    0.00    0.00    0.99    0.00    0.00    0.00    0.00
19:47:51      15   91.00    0.00    8.00    0.00    0.00    1.00    0.00    0.00    0.00    0.00
19:47:51      16   86.87    0.00   11.11    0.00    0.00    2.02    0.00    0.00    0.00    0.00
19:47:51      17   98.00    0.00    2.00    0.00    0.00    0.00    0.00    0.00    0.00    0.00
19:47:51      18   91.09    0.00    5.94    0.00    0.00    2.97    0.00    0.00    0.00    0.00
19:47:51      19   94.95    0.00    5.05    0.00    0.00    0.00    0.00    0.00    0.00    0.00
19:47:51      20   95.00    0.00    3.00    0.00    0.00    2.00    0.00    0.00    0.00    0.00
19:47:51      21   98.02    0.00    0.99    0.00    0.00    0.99    0.00    0.00    0.00    0.00
19:47:51      22   93.00    0.00    5.00    0.00    0.00    2.00    0.00    0.00    0.00    0.00
19:47:51      23   98.00    0.00    2.00    0.00    0.00    0.00    0.00    0.00    0.00    0.00
19:47:51      24   59.78    0.00   20.65    0.00    0.00    7.61    0.00    0.00    0.00   11.96
19:47:51      25   63.33    0.00   17.78    0.00    0.00    6.67    0.00    0.00    0.00   12.22
19:47:51      26   98.00    0.00    2.00    0.00    0.00    0.00    0.00    0.00    0.00    0.00
19:47:51      27  100.00    0.00    0.00    0.00    0.00    0.00    0.00    0.00    0.00    0.00
19:47:51      28   68.37    0.00   23.47    0.00    0.00    5.10    0.00    0.00    0.00    3.06
19:47:51      29   75.76    0.00   17.17    0.00    0.00    7.07    0.00    0.00    0.00    0.00
19:47:51      30   75.76    0.00   17.17    0.00    0.00    7.07    0.00    0.00    0.00    0.00
19:47:51      31   94.00    0.00    4.00    0.00    0.00    2.00    0.00    0.00    0.00    0.00

19:47:51     CPU    %usr   %nice    %sys %iowait    %irq   %soft  %steal  %guest  %gnice   %idle
19:47:52     all   89.23    0.00    7.79    0.00    0.00    2.35    0.00    0.00    0.00    0.63
19:47:52       0   87.88    0.00   10.10    0.00    0.00    2.02    0.00    0.00    0.00    0.00
19:47:52       1   92.93    0.00    6.06    0.00    0.00    1.01    0.00    0.00    0.00    0.00
19:47:52       2   99.00    0.00    1.00    0.00    0.00    0.00    0.00    0.00    0.00    0.00
19:47:52       3   97.00    0.00    3.00    0.00    0.00    0.00    0.00    0.00    0.00    0.00
19:47:52       4   75.25    0.00   18.81    0.00    0.00    3.96    0.00    0.00    0.00    1.98
19:47:52       5   97.00    0.00    3.00    0.00    0.00    0.00    0.00    0.00    0.00    0.00
19:47:52       6   92.93    0.00    7.07    0.00    0.00    0.00    0.00    0.00    0.00    0.00
19:47:52       7   91.00    0.00    8.00    0.00    0.00    1.00    0.00    0.00    0.00    0.00
19:47:52       8   98.00    0.00    2.00    0.00    0.00    0.00    0.00    0.00    0.00    0.00
19:47:52       9   62.00    0.00   34.00    0.00    0.00    4.00    0.00    0.00    0.00    0.00
19:47:52      10   93.00    0.00    7.00    0.00    0.00    0.00    0.00    0.00    0.00    0.00
19:47:52      11   98.00    0.00    2.00    0.00    0.00    0.00    0.00    0.00    0.00    0.00
19:47:52      12   96.00    0.00    3.00    0.00    0.00    1.00    0.00    0.00    0.00    0.00
19:47:52      13   96.00    0.00    3.00    0.00    0.00    1.00    0.00    0.00    0.00    0.00
19:47:52      14   92.93    0.00    5.05    0.00    0.00    2.02    0.00    0.00    0.00    0.00
19:47:52      15   95.00    0.00    3.00    0.00    0.00    2.00    0.00    0.00    0.00    0.00
19:47:52      16   96.00    0.00    2.00    0.00    0.00    2.00    0.00    0.00    0.00    0.00
19:47:52      17   86.14    0.00    7.92    0.00    0.00    4.95    0.00    0.00    0.00    0.99
19:47:52      18   90.00    0.00    6.00    0.00    0.00    4.00    0.00    0.00    0.00    0.00
19:47:52      19   95.96    0.00    4.04    0.00    0.00    0.00    0.00    0.00    0.00    0.00
19:47:52      20   91.00    0.00    7.00    0.00    0.00    2.00    0.00    0.00    0.00    0.00
19:47:52      21   96.97    0.00    2.02    0.00    0.00    1.01    0.00    0.00    0.00    0.00
19:47:52      22   89.90    0.00    6.06    0.00    0.00    3.03    0.00    0.00    0.00    1.01
19:47:52      23   95.00    0.00    4.00    0.00    0.00    1.00    0.00    0.00    0.00    0.00
19:47:52      24   74.49    0.00   18.37    0.00    0.00    7.14    0.00    0.00    0.00    0.00
19:47:52      25   70.41    0.00   20.41    0.00    0.00    7.14    0.00    0.00    0.00    2.04
19:47:52      26   98.00    0.00    1.00    0.00    0.00    1.00    0.00    0.00    0.00    0.00
19:47:52      27   99.01    0.00    0.99    0.00    0.00    0.00    0.00    0.00    0.00    0.00
19:47:52      28   75.00    0.00   15.00    0.00    0.00    7.00    0.00    0.00    0.00    3.00
19:47:52      29   73.74    0.00   19.19    0.00    0.00    6.06    0.00    0.00    0.00    1.01
19:47:52      30   58.51    0.00   19.15    0.00    0.00   11.70    0.00    0.00    0.00   10.64
19:47:52      31   99.00    0.00    1.00    0.00    0.00    0.00    0.00    0.00    0.00    0.00

19:47:52     CPU    %usr   %nice    %sys %iowait    %irq   %soft  %steal  %guest  %gnice   %idle
19:47:53     all   88.05    0.00    8.66    0.00    0.00    2.51    0.00    0.00    0.00    0.78
19:47:53       0   97.00    0.00    2.00    0.00    0.00    1.00    0.00    0.00    0.00    0.00
19:47:53       1   95.00    0.00    5.00    0.00    0.00    0.00    0.00    0.00    0.00    0.00
19:47:53       2   93.07    0.00    4.95    0.00    0.00    1.98    0.00    0.00    0.00    0.00
19:47:53       3   94.06    0.00    3.96    0.00    0.00    0.99    0.00    0.00    0.00    0.99
19:47:53       4   89.90    0.00    8.08    0.00    0.00    2.02    0.00    0.00    0.00    0.00
19:47:53       5   95.00    0.00    5.00    0.00    0.00    0.00    0.00    0.00    0.00    0.00
19:47:53       6   93.07    0.00    5.94    0.00    0.00    0.99    0.00    0.00    0.00    0.00
19:47:53       7   90.91    0.00    7.07    0.00    0.00    2.02    0.00    0.00    0.00    0.00
19:47:53       8   91.92    0.00    6.06    0.00    0.00    2.02    0.00    0.00    0.00    0.00
19:47:53       9   62.00    0.00   31.00    0.00    0.00    6.00    0.00    0.00    0.00    1.00
19:47:53      10   91.09    0.00    6.93    0.00    0.00    1.98    0.00    0.00    0.00    0.00
19:47:53      11   93.07    0.00    4.95    0.00    0.00    1.98    0.00    0.00    0.00    0.00
19:47:53      12   96.04    0.00    2.97    0.00    0.00    0.99    0.00    0.00    0.00    0.00
19:47:53      13   90.10    0.00    5.94    0.00    0.00    3.96    0.00    0.00    0.00    0.00
19:47:53      14   86.14    0.00    8.91    0.00    0.00    4.95    0.00    0.00    0.00    0.00
19:47:53      15   97.00    0.00    3.00    0.00    0.00    0.00    0.00    0.00    0.00    0.00
19:47:53      16   98.00    0.00    1.00    0.00    0.00    1.00    0.00    0.00    0.00    0.00
19:47:53      17   88.00    0.00    9.00    0.00    0.00    3.00    0.00    0.00    0.00    0.00
19:47:53      18   89.00    0.00   10.00    0.00    0.00    1.00    0.00    0.00    0.00    0.00
19:47:53      19   93.07    0.00    4.95    0.00    0.00    1.98    0.00    0.00    0.00    0.00
19:47:53      20   74.00    0.00   21.00    0.00    0.00    4.00    0.00    0.00    0.00    1.00
19:47:53      21   99.00    0.00    1.00    0.00    0.00    0.00    0.00    0.00    0.00    0.00
19:47:53      22   90.00    0.00    9.00    0.00    0.00    1.00    0.00    0.00    0.00    0.00
19:47:53      23   91.00    0.00    7.00    0.00    0.00    2.00    0.00    0.00    0.00    0.00
19:47:53      24   72.34    0.00   15.96    0.00    0.00    9.57    0.00    0.00    0.00    2.13
19:47:53      25   64.58    0.00   19.79    0.00    0.00    7.29    0.00    0.00    0.00    8.33
19:47:53      26   96.00    0.00    4.00    0.00    0.00    0.00    0.00    0.00    0.00    0.00
19:47:53      27   98.99    0.00    1.01    0.00    0.00    0.00    0.00    0.00    0.00    0.00
19:47:53      28   67.01    0.00   23.71    0.00    0.00    8.25    0.00    0.00    0.00    1.03
19:47:53      29   73.74    0.00   19.19    0.00    0.00    5.05    0.00    0.00    0.00    2.02
19:47:53      30   70.10    0.00   16.49    0.00    0.00    4.12    0.00    0.00    0.00    9.28
19:47:53      31   94.00    0.00    4.00    0.00    0.00    2.00    0.00    0.00    0.00    0.00

19:47:53     CPU    %usr   %nice    %sys %iowait    %irq   %soft  %steal  %guest  %gnice   %idle
19:47:54     all   88.46    0.00    8.27    0.00    0.00    2.55    0.00    0.00    0.00    0.72
19:47:54       0   94.00    0.00    5.00    0.00    0.00    1.00    0.00    0.00    0.00    0.00
19:47:54       1   96.00    0.00    3.00    0.00    0.00    1.00    0.00    0.00    0.00    0.00
19:47:54       2   93.94    0.00    6.06    0.00    0.00    0.00    0.00    0.00    0.00    0.00
19:47:54       3   97.00    0.00    3.00    0.00    0.00    0.00    0.00    0.00    0.00    0.00
19:47:54       4   92.00    0.00    5.00    0.00    0.00    2.00    0.00    0.00    0.00    1.00
19:47:54       5   95.00    0.00    4.00    0.00    0.00    1.00    0.00    0.00    0.00    0.00
19:47:54       6   97.98    0.00    1.01    0.00    0.00    1.01    0.00    0.00    0.00    0.00
19:47:54       7   86.87    0.00   10.10    0.00    0.00    2.02    0.00    0.00    0.00    1.01
19:47:54       8   94.06    0.00    3.96    0.00    0.00    1.98    0.00    0.00    0.00    0.00
19:47:54       9   60.00    0.00   36.00    0.00    0.00    4.00    0.00    0.00    0.00    0.00
19:47:54      10   84.00    0.00   16.00    0.00    0.00    0.00    0.00    0.00    0.00    0.00
19:47:54      11   90.91    0.00    7.07    0.00    0.00    2.02    0.00    0.00    0.00    0.00
19:47:54      12   93.94    0.00    5.05    0.00    0.00    1.01    0.00    0.00    0.00    0.00
19:47:54      13   92.93    0.00    5.05    0.00    0.00    2.02    0.00    0.00    0.00    0.00
19:47:54      14   92.08    0.00    4.95    0.00    0.00    2.97    0.00    0.00    0.00    0.00
19:47:54      15   91.00    0.00    7.00    0.00    0.00    2.00    0.00    0.00    0.00    0.00
19:47:54      16   98.00    0.00    2.00    0.00    0.00    0.00    0.00    0.00    0.00    0.00
19:47:54      17   87.00    0.00   11.00    0.00    0.00    2.00    0.00    0.00    0.00    0.00
19:47:54      18   81.63    0.00   14.29    0.00    0.00    3.06    0.00    0.00    0.00    1.02
19:47:54      19   93.00    0.00    4.00    0.00    0.00    3.00    0.00    0.00    0.00    0.00
19:47:54      20   83.00    0.00   11.00    0.00    0.00    6.00    0.00    0.00    0.00    0.00
19:47:54      21  100.00    0.00    0.00    0.00    0.00    0.00    0.00    0.00    0.00    0.00
19:47:54      22   92.00    0.00    7.00    0.00    0.00    1.00    0.00    0.00    0.00    0.00
19:47:54      23   92.00    0.00    6.00    0.00    0.00    2.00    0.00    0.00    0.00    0.00
19:47:54      24   79.59    0.00   10.20    0.00    0.00    7.14    0.00    0.00    0.00    3.06
19:47:54      25   50.56    0.00   21.35    0.00    0.00   12.36    0.00    0.00    0.00   15.73
19:47:54      26   99.00    0.00    1.00    0.00    0.00    0.00    0.00    0.00    0.00    0.00
19:47:54      27  100.00    0.00    0.00    0.00    0.00    0.00    0.00    0.00    0.00    0.00
19:47:54      28   78.79    0.00   16.16    0.00    0.00    4.04    0.00    0.00    0.00    1.01
19:47:54      29   77.00    0.00   15.00    0.00    0.00    7.00    0.00    0.00    0.00    1.00
19:47:54      30   76.77    0.00   14.14    0.00    0.00    8.08    0.00    0.00    0.00    1.01
19:47:54      31   86.00    0.00   11.00    0.00    0.00    3.00    0.00    0.00    0.00    0.00

19:47:54     CPU    %usr   %nice    %sys %iowait    %irq   %soft  %steal  %guest  %gnice   %idle
19:47:55     all   90.43    0.00    7.04    0.00    0.00    2.28    0.00    0.00    0.00    0.25
19:47:55       0   91.00    0.00    6.00    0.00    0.00    2.00    0.00    0.00    0.00    1.00
19:47:55       1   94.06    0.00    3.96    0.00    0.00    1.98    0.00    0.00    0.00    0.00
19:47:55       2   97.03    0.00    1.98    0.00    0.00    0.99    0.00    0.00    0.00    0.00
19:47:55       3   98.00    0.00    1.00    0.00    0.00    1.00    0.00    0.00    0.00    0.00
19:47:55       4   94.00    0.00    6.00    0.00    0.00    0.00    0.00    0.00    0.00    0.00
19:47:55       5   95.00    0.00    4.00    0.00    0.00    1.00    0.00    0.00    0.00    0.00
19:47:55       6   91.00    0.00    7.00    0.00    0.00    2.00    0.00    0.00    0.00    0.00
19:47:55       7   93.00    0.00    6.00    0.00    0.00    1.00    0.00    0.00    0.00    0.00
19:47:55       8   89.90    0.00    9.09    0.00    0.00    1.01    0.00    0.00    0.00    0.00
19:47:55       9   62.38    0.00   32.67    0.00    0.00    3.96    0.00    0.00    0.00    0.99
19:47:55      10   93.00    0.00    5.00    0.00    0.00    2.00    0.00    0.00    0.00    0.00
19:47:55      11   95.00    0.00    5.00    0.00    0.00    0.00    0.00    0.00    0.00    0.00
19:47:55      12   94.00    0.00    3.00    0.00    0.00    3.00    0.00    0.00    0.00    0.00
19:47:55      13   93.00    0.00    5.00    0.00    0.00    2.00    0.00    0.00    0.00    0.00
19:47:55      14   88.89    0.00    8.08    0.00    0.00    3.03    0.00    0.00    0.00    0.00
19:47:55      15   89.00    0.00    8.00    0.00    0.00    3.00    0.00    0.00    0.00    0.00
19:47:55      16   98.00    0.00    2.00    0.00    0.00    0.00    0.00    0.00    0.00    0.00
19:47:55      17   94.00    0.00    4.00    0.00    0.00    2.00    0.00    0.00    0.00    0.00
19:47:55      18   94.06    0.00    4.95    0.00    0.00    0.99    0.00    0.00    0.00    0.00
19:47:55      19   94.00    0.00    4.00    0.00    0.00    2.00    0.00    0.00    0.00    0.00
19:47:55      20   93.00    0.00    4.00    0.00    0.00    2.00    0.00    0.00    0.00    1.00
19:47:55      21   94.06    0.00    3.96    0.00    0.00    1.98    0.00    0.00    0.00    0.00
19:47:55      22  100.00    0.00    0.00    0.00    0.00    0.00    0.00    0.00    0.00    0.00
19:47:55      23   93.94    0.00    5.05    0.00    0.00    1.01    0.00    0.00    0.00    0.00
19:47:55      24   92.00    0.00    5.00    0.00    0.00    3.00    0.00    0.00    0.00    0.00
19:47:55      25   68.37    0.00   17.35    0.00    0.00   11.22    0.00    0.00    0.00    3.06
19:47:55      26   95.00    0.00    3.00    0.00    0.00    1.00    0.00    0.00    0.00    1.00
19:47:55      27   98.02    0.00    1.98    0.00    0.00    0.00    0.00    0.00    0.00    0.00
19:47:55      28   79.21    0.00   15.84    0.00    0.00    4.95    0.00    0.00    0.00    0.00
19:47:55      29   80.61    0.00   14.29    0.00    0.00    5.10    0.00    0.00    0.00    0.00
19:47:55      30   77.78    0.00   15.15    0.00    0.00    6.06    0.00    0.00    0.00    1.01
19:47:55      31   82.83    0.00   13.13    0.00    0.00    4.04    0.00    0.00    0.00    0.00

19:47:55     CPU    %usr   %nice    %sys %iowait    %irq   %soft  %steal  %guest  %gnice   %idle
19:47:56     all   88.24    0.00    8.73    0.00    0.00    2.69    0.00    0.00    0.00    0.34
19:47:56       0   83.67    0.00   10.20    0.00    0.00    4.08    0.00    0.00    0.00    2.04
19:47:56       1   94.95    0.00    5.05    0.00    0.00    0.00    0.00    0.00    0.00    0.00
19:47:56       2   92.00    0.00    7.00    0.00    0.00    1.00    0.00    0.00    0.00    0.00
19:47:56       3   87.00    0.00   10.00    0.00    0.00    3.00    0.00    0.00    0.00    0.00
19:47:56       4   90.10    0.00    7.92    0.00    0.00    1.98    0.00    0.00    0.00    0.00
19:47:56       5   92.00    0.00    4.00    0.00    0.00    4.00    0.00    0.00    0.00    0.00
19:47:56       6   99.00    0.00    1.00    0.00    0.00    0.00    0.00    0.00    0.00    0.00
19:47:56       7   92.00    0.00    7.00    0.00    0.00    1.00    0.00    0.00    0.00    0.00
19:47:56       8   93.00    0.00    5.00    0.00    0.00    2.00    0.00    0.00    0.00    0.00
19:47:56       9   65.00    0.00   30.00    0.00    0.00    4.00    0.00    0.00    0.00    1.00
19:47:56      10   82.00    0.00   14.00    0.00    0.00    4.00    0.00    0.00    0.00    0.00
19:47:56      11   91.00    0.00    7.00    0.00    0.00    2.00    0.00    0.00    0.00    0.00
19:47:56      12   98.00    0.00    1.00    0.00    0.00    1.00    0.00    0.00    0.00    0.00
19:47:56      13   90.10    0.00    7.92    0.00    0.00    1.98    0.00    0.00    0.00    0.00
19:47:56      14   92.00    0.00    5.00    0.00    0.00    3.00    0.00    0.00    0.00    0.00
19:47:56      15   94.00    0.00    5.00    0.00    0.00    1.00    0.00    0.00    0.00    0.00
19:47:56      16   85.86    0.00   10.10    0.00    0.00    3.03    0.00    0.00    0.00    1.01
19:47:56      17   98.00    0.00    2.00    0.00    0.00    0.00    0.00    0.00    0.00    0.00
19:47:56      18   92.00    0.00    7.00    0.00    0.00    1.00    0.00    0.00    0.00    0.00
19:47:56      19   89.00    0.00    9.00    0.00    0.00    2.00    0.00    0.00    0.00    0.00
19:47:56      20   92.00    0.00    6.00    0.00    0.00    2.00    0.00    0.00    0.00    0.00
19:47:56      21   93.00    0.00    5.00    0.00    0.00    2.00    0.00    0.00    0.00    0.00
19:47:56      22   93.00    0.00    6.00    0.00    0.00    1.00    0.00    0.00    0.00    0.00
19:47:56      23   91.09    0.00    6.93    0.00    0.00    1.98    0.00    0.00    0.00    0.00
19:47:56      24   80.00    0.00   13.00    0.00    0.00    7.00    0.00    0.00    0.00    0.00
19:47:56      25   78.79    0.00   13.13    0.00    0.00    6.06    0.00    0.00    0.00    2.02
19:47:56      26   88.89    0.00    9.09    0.00    0.00    2.02    0.00    0.00    0.00    0.00
19:47:56      27  100.00    0.00    0.00    0.00    0.00    0.00    0.00    0.00    0.00    0.00
19:47:56      28   77.78    0.00   16.16    0.00    0.00    6.06    0.00    0.00    0.00    0.00
19:47:56      29   71.00    0.00   17.00    0.00    0.00    8.00    0.00    0.00    0.00    4.00
19:47:56      30   72.00    0.00   21.00    0.00    0.00    7.00    0.00    0.00    0.00    0.00
19:47:56      31   85.15    0.00   10.89    0.00    0.00    2.97    0.00    0.00    0.00    0.99

19:47:56     CPU    %usr   %nice    %sys %iowait    %irq   %soft  %steal  %guest  %gnice   %idle
19:47:57     all   87.73    0.00    9.33    0.00    0.00    2.57    0.00    0.00    0.00    0.38
19:47:57       0   91.00    0.00    7.00    0.00    0.00    2.00    0.00    0.00    0.00    0.00
19:47:57       1   93.07    0.00    4.95    0.00    0.00    1.98    0.00    0.00    0.00    0.00
19:47:57       2   88.89    0.00   10.10    0.00    0.00    1.01    0.00    0.00    0.00    0.00
19:47:57       3   95.00    0.00    3.00    0.00    0.00    2.00    0.00    0.00    0.00    0.00
19:47:57       4   93.94    0.00    5.05    0.00    0.00    1.01    0.00    0.00    0.00    0.00
19:47:57       5   86.87    0.00   10.10    0.00    0.00    3.03    0.00    0.00    0.00    0.00
19:47:57       6   98.00    0.00    1.00    0.00    0.00    1.00    0.00    0.00    0.00    0.00
19:47:57       7   88.00    0.00   10.00    0.00    0.00    2.00    0.00    0.00    0.00    0.00
19:47:57       8   93.00    0.00    6.00    0.00    0.00    1.00    0.00    0.00    0.00    0.00
19:47:57       9   86.00    0.00   12.00    0.00    0.00    2.00    0.00    0.00    0.00    0.00
19:47:57      10   86.87    0.00   13.13    0.00    0.00    0.00    0.00    0.00    0.00    0.00
19:47:57      11   86.00    0.00   11.00    0.00    0.00    3.00    0.00    0.00    0.00    0.00
19:47:57      12   94.00    0.00    5.00    0.00    0.00    1.00    0.00    0.00    0.00    0.00
19:47:57      13   90.00    0.00    7.00    0.00    0.00    3.00    0.00    0.00    0.00    0.00
19:47:57      14   97.98    0.00    1.01    0.00    0.00    1.01    0.00    0.00    0.00    0.00
19:47:57      15   90.91    0.00    6.06    0.00    0.00    3.03    0.00    0.00    0.00    0.00
19:47:57      16   85.15    0.00    9.90    0.00    0.00    1.98    0.00    0.00    0.00    2.97
19:47:57      17   90.10    0.00    7.92    0.00    0.00    1.98    0.00    0.00    0.00    0.00
19:47:57      18   97.00    0.00    3.00    0.00    0.00    0.00    0.00    0.00    0.00    0.00
19:47:57      19   90.00    0.00    7.00    0.00    0.00    3.00    0.00    0.00    0.00    0.00
19:47:57      20   91.00    0.00    7.00    0.00    0.00    2.00    0.00    0.00    0.00    0.00
19:47:57      21   86.00    0.00    9.00    0.00    0.00    3.00    0.00    0.00    0.00    2.00
19:47:57      22   81.82    0.00   17.17    0.00    0.00    1.01    0.00    0.00    0.00    0.00
19:47:57      23   89.00    0.00   10.00    0.00    0.00    1.00    0.00    0.00    0.00    0.00
19:47:57      24   85.00    0.00   11.00    0.00    0.00    4.00    0.00    0.00    0.00    0.00
19:47:57      25   75.00    0.00   17.00    0.00    0.00    7.00    0.00    0.00    0.00    1.00
19:47:57      26   72.00    0.00   19.00    0.00    0.00    7.00    0.00    0.00    0.00    2.00
19:47:57      27  100.00    0.00    0.00    0.00    0.00    0.00    0.00    0.00    0.00    0.00
19:47:57      28   80.00    0.00   17.00    0.00    0.00    3.00    0.00    0.00    0.00    0.00
19:47:57      29   74.00    0.00   18.00    0.00    0.00    8.00    0.00    0.00    0.00    0.00
19:47:57      30   76.24    0.00   15.84    0.00    0.00    6.93    0.00    0.00    0.00    0.99
19:47:57      31   75.51    0.00   17.35    0.00    0.00    4.08    0.00    0.00    0.00    3.06

19:47:57     CPU    %usr   %nice    %sys %iowait    %irq   %soft  %steal  %guest  %gnice   %idle
19:47:58     all   88.02    0.00    9.07    0.00    0.00    2.66    0.00    0.00    0.00    0.25
19:47:58       0   89.00    0.00    8.00    0.00    0.00    3.00    0.00    0.00    0.00    0.00
19:47:58       1   89.90    0.00   10.10    0.00    0.00    0.00    0.00    0.00    0.00    0.00
19:47:58       2   86.00    0.00   11.00    0.00    0.00    3.00    0.00    0.00    0.00    0.00
19:47:58       3   92.00    0.00    5.00    0.00    0.00    3.00    0.00    0.00    0.00    0.00
19:47:58       4   92.00    0.00    4.00    0.00    0.00    4.00    0.00    0.00    0.00    0.00
19:47:58       5   99.00    0.00    1.00    0.00    0.00    0.00    0.00    0.00    0.00    0.00
19:47:58       6   86.00    0.00   12.00    0.00    0.00    1.00    0.00    0.00    0.00    1.00
19:47:58       7   80.00    0.00   17.00    0.00    0.00    2.00    0.00    0.00    0.00    1.00
19:47:58       8   89.11    0.00    7.92    0.00    0.00    2.97    0.00    0.00    0.00    0.00
19:47:58       9   90.00    0.00    7.00    0.00    0.00    3.00    0.00    0.00    0.00    0.00
19:47:58      10   89.11    0.00    7.92    0.00    0.00    2.97    0.00    0.00    0.00    0.00
19:47:58      11   91.00    0.00    6.00    0.00    0.00    3.00    0.00    0.00    0.00    0.00
19:47:58      12   90.91    0.00    6.06    0.00    0.00    3.03    0.00    0.00    0.00    0.00
19:47:58      13   92.93    0.00    4.04    0.00    0.00    3.03    0.00    0.00    0.00    0.00
19:47:58      14   97.00    0.00    2.00    0.00    0.00    1.00    0.00    0.00    0.00    0.00
19:47:58      15   90.10    0.00    6.93    0.00    0.00    2.97    0.00    0.00    0.00    0.00
19:47:58      16   96.97    0.00    3.03    0.00    0.00    0.00    0.00    0.00    0.00    0.00
19:47:58      17   97.98    0.00    2.02    0.00    0.00    0.00    0.00    0.00    0.00    0.00
19:47:58      18   87.00    0.00    9.00    0.00    0.00    4.00    0.00    0.00    0.00    0.00
19:47:58      19   91.00    0.00    8.00    0.00    0.00    1.00    0.00    0.00    0.00    0.00
19:47:58      20   98.02    0.00    1.98    0.00    0.00    0.00    0.00    0.00    0.00    0.00
19:47:58      21   98.00    0.00    2.00    0.00    0.00    0.00    0.00    0.00    0.00    0.00
19:47:58      22   79.00    0.00   18.00    0.00    0.00    3.00    0.00    0.00    0.00    0.00
19:47:58      23   87.13    0.00    8.91    0.00    0.00    3.96    0.00    0.00    0.00    0.00
19:47:58      24   76.77    0.00   16.16    0.00    0.00    5.05    0.00    0.00    0.00    2.02
19:47:58      25   76.24    0.00   18.81    0.00    0.00    4.95    0.00    0.00    0.00    0.00
19:47:58      26   73.74    0.00   19.19    0.00    0.00    6.06    0.00    0.00    0.00    1.01
19:47:58      27   98.99    0.00    1.01    0.00    0.00    0.00    0.00    0.00    0.00    0.00
19:47:58      28   83.17    0.00   10.89    0.00    0.00    4.95    0.00    0.00    0.00    0.99
19:47:58      29   76.77    0.00   19.19    0.00    0.00    3.03    0.00    0.00    0.00    1.01
19:47:58      30   74.00    0.00   20.00    0.00    0.00    6.00    0.00    0.00    0.00    0.00
19:47:58      31   78.00    0.00   16.00    0.00    0.00    5.00    0.00    0.00    0.00    1.00

19:47:58     CPU    %usr   %nice    %sys %iowait    %irq   %soft  %steal  %guest  %gnice   %idle
19:47:59     all   86.57    0.00   10.39    0.00    0.00    2.50    0.00    0.00    0.00    0.53
19:47:59       0   86.00    0.00    9.00    0.00    0.00    3.00    0.00    0.00    0.00    2.00
19:47:59       1   93.07    0.00    4.95    0.00    0.00    1.98    0.00    0.00    0.00    0.00
19:47:59       2   89.00    0.00    8.00    0.00    0.00    3.00    0.00    0.00    0.00    0.00
19:47:59       3   90.00    0.00    6.00    0.00    0.00    4.00    0.00    0.00    0.00    0.00
19:47:59       4   88.12    0.00    9.90    0.00    0.00    1.98    0.00    0.00    0.00    0.00
19:47:59       5   94.06    0.00    4.95    0.00    0.00    0.99    0.00    0.00    0.00    0.00
19:47:59       6   51.52    0.00   44.44    0.00    0.00    3.03    0.00    0.00    0.00    1.01
19:47:59       7   93.00    0.00    5.00    0.00    0.00    2.00    0.00    0.00    0.00    0.00
19:47:59       8   92.00    0.00    7.00    0.00    0.00    1.00    0.00    0.00    0.00    0.00
19:47:59       9   84.00    0.00   12.00    0.00    0.00    4.00    0.00    0.00    0.00    0.00
19:47:59      10   86.87    0.00   13.13    0.00    0.00    0.00    0.00    0.00    0.00    0.00
19:47:59      11   89.00    0.00    8.00    0.00    0.00    3.00    0.00    0.00    0.00    0.00
19:47:59      12   98.00    0.00    2.00    0.00    0.00    0.00    0.00    0.00    0.00    0.00
19:47:59      13   93.00    0.00    6.00    0.00    0.00    1.00    0.00    0.00    0.00    0.00
19:47:59      14   97.03    0.00    1.98    0.00    0.00    0.99    0.00    0.00    0.00    0.00
19:47:59      15   94.00    0.00    4.00    0.00    0.00    2.00    0.00    0.00    0.00    0.00
19:47:59      16   94.00    0.00    4.00    0.00    0.00    2.00    0.00    0.00    0.00    0.00
19:47:59      17   93.00    0.00    6.00    0.00    0.00    1.00    0.00    0.00    0.00    0.00
19:47:59      18   90.91    0.00    9.09    0.00    0.00    0.00    0.00    0.00    0.00    0.00
19:47:59      19   85.15    0.00    9.90    0.00    0.00    4.95    0.00    0.00    0.00    0.00
19:47:59      20   90.82    0.00    7.14    0.00    0.00    2.04    0.00    0.00    0.00    0.00
19:47:59      21   91.09    0.00    7.92    0.00    0.00    0.99    0.00    0.00    0.00    0.00
19:47:59      22   85.15    0.00   10.89    0.00    0.00    3.96    0.00    0.00    0.00    0.00
19:47:59      23   94.95    0.00    5.05    0.00    0.00    0.00    0.00    0.00    0.00    0.00
19:47:59      24   75.00    0.00   17.00    0.00    0.00    6.00    0.00    0.00    0.00    2.00
19:47:59      25   68.75    0.00   22.92    0.00    0.00    4.17    0.00    0.00    0.00    4.17
19:47:59      26   74.75    0.00   16.16    0.00    0.00    5.05    0.00    0.00    0.00    4.04
19:47:59      27   92.08    0.00    6.93    0.00    0.00    0.99    0.00    0.00    0.00    0.00
19:47:59      28   80.00    0.00   16.00    0.00    0.00    4.00    0.00    0.00    0.00    0.00
19:47:59      29   74.75    0.00   18.18    0.00    0.00    4.04    0.00    0.00    0.00    3.03
19:47:59      30   85.86    0.00   10.10    0.00    0.00    4.04    0.00    0.00    0.00    0.00
19:47:59      31   73.74    0.00   20.20    0.00    0.00    5.05    0.00    0.00    0.00    1.01

19:47:59     CPU    %usr   %nice    %sys %iowait    %irq   %soft  %steal  %guest  %gnice   %idle
19:48:00     all   86.51    0.00   10.43    0.00    0.00    2.81    0.00    0.00    0.00    0.25
19:48:00       0   91.00    0.00    8.00    0.00    0.00    1.00    0.00    0.00    0.00    0.00
19:48:00       1   95.00    0.00    5.00    0.00    0.00    0.00    0.00    0.00    0.00    0.00
19:48:00       2   89.00    0.00   10.00    0.00    0.00    1.00    0.00    0.00    0.00    0.00
19:48:00       3   98.00    0.00    2.00    0.00    0.00    0.00    0.00    0.00    0.00    0.00
19:48:00       4   85.71    0.00   12.24    0.00    0.00    2.04    0.00    0.00    0.00    0.00
19:48:00       5   84.00    0.00   14.00    0.00    0.00    1.00    0.00    0.00    0.00    1.00
19:48:00       6   87.25    0.00   10.78    0.00    0.00    0.98    0.00    0.00    0.00    0.98
19:48:00       7   75.00    0.00   19.00    0.00    0.00    6.00    0.00    0.00    0.00    0.00
19:48:00       8   85.86    0.00   11.11    0.00    0.00    3.03    0.00    0.00    0.00    0.00
19:48:00       9   85.86    0.00   11.11    0.00    0.00    3.03    0.00    0.00    0.00    0.00
19:48:00      10   85.15    0.00   11.88    0.00    0.00    2.97    0.00    0.00    0.00    0.00
19:48:00      11   83.17    0.00   10.89    0.00    0.00    5.94    0.00    0.00    0.00    0.00
19:48:00      12   87.13    0.00    8.91    0.00    0.00    3.96    0.00    0.00    0.00    0.00
19:48:00      13   91.09    0.00    5.94    0.00    0.00    2.97    0.00    0.00    0.00    0.00
19:48:00      14  100.00    0.00    0.00    0.00    0.00    0.00    0.00    0.00    0.00    0.00
19:48:00      15   99.00    0.00    1.00    0.00    0.00    0.00    0.00    0.00    0.00    0.00
19:48:00      16   94.06    0.00    4.95    0.00    0.00    0.99    0.00    0.00    0.00    0.00
19:48:00      17   95.00    0.00    4.00    0.00    0.00    1.00    0.00    0.00    0.00    0.00
19:48:00      18   76.47    0.00   16.67    0.00    0.00    3.92    0.00    0.00    0.00    2.94
19:48:00      19   97.98    0.00    2.02    0.00    0.00    0.00    0.00    0.00    0.00    0.00
19:48:00      20   89.00    0.00    9.00    0.00    0.00    2.00    0.00    0.00    0.00    0.00
19:48:00      21   92.93    0.00    6.06    0.00    0.00    1.01    0.00    0.00    0.00    0.00
19:48:00      22   94.00    0.00    5.00    0.00    0.00    1.00    0.00    0.00    0.00    0.00
19:48:00      23   78.00    0.00   18.00    0.00    0.00    3.00    0.00    0.00    0.00    1.00
19:48:00      24   76.00    0.00   18.00    0.00    0.00    6.00    0.00    0.00    0.00    0.00
19:48:00      25   75.25    0.00   17.82    0.00    0.00    5.94    0.00    0.00    0.00    0.99
19:48:00      26   82.83    0.00   14.14    0.00    0.00    3.03    0.00    0.00    0.00    0.00
19:48:00      27   88.00    0.00    9.00    0.00    0.00    3.00    0.00    0.00    0.00    0.00
19:48:00      28   81.82    0.00   14.14    0.00    0.00    4.04    0.00    0.00    0.00    0.00
19:48:00      29   79.21    0.00   13.86    0.00    0.00    6.93    0.00    0.00    0.00    0.00
19:48:00      30   73.00    0.00   21.00    0.00    0.00    6.00    0.00    0.00    0.00    0.00
19:48:00      31   73.00    0.00   18.00    0.00    0.00    8.00    0.00    0.00    0.00    1.00

19:48:00     CPU    %usr   %nice    %sys %iowait    %irq   %soft  %steal  %guest  %gnice   %idle
19:48:01     all   86.80    0.00   10.04    0.00    0.00    3.03    0.00    0.00    0.00    0.13
19:48:01       0   93.00    0.00    6.00    0.00    0.00    1.00    0.00    0.00    0.00    0.00
19:48:01       1   91.92    0.00    6.06    0.00    0.00    2.02    0.00    0.00    0.00    0.00
19:48:01       2   80.20    0.00   13.86    0.00    0.00    4.95    0.00    0.00    0.00    0.99
19:48:01       3   97.00    0.00    2.00    0.00    0.00    1.00    0.00    0.00    0.00    0.00
19:48:01       4   85.00    0.00   12.00    0.00    0.00    3.00    0.00    0.00    0.00    0.00
19:48:01       5   86.00    0.00   12.00    0.00    0.00    2.00    0.00    0.00    0.00    0.00
19:48:01       6   87.88    0.00    9.09    0.00    0.00    3.03    0.00    0.00    0.00    0.00
19:48:01       7   85.15    0.00   10.89    0.00    0.00    3.96    0.00    0.00    0.00    0.00
19:48:01       8   91.09    0.00    4.95    0.00    0.00    3.96    0.00    0.00    0.00    0.00
19:48:01       9   88.12    0.00    7.92    0.00    0.00    3.96    0.00    0.00    0.00    0.00
19:48:01      10   88.00    0.00   10.00    0.00    0.00    2.00    0.00    0.00    0.00    0.00
19:48:01      11   87.00    0.00   10.00    0.00    0.00    3.00    0.00    0.00    0.00    0.00
19:48:01      12   90.00    0.00    8.00    0.00    0.00    2.00    0.00    0.00    0.00    0.00
19:48:01      13   88.89    0.00    8.08    0.00    0.00    3.03    0.00    0.00    0.00    0.00
19:48:01      14   99.00    0.00    1.00    0.00    0.00    0.00    0.00    0.00    0.00    0.00
19:48:01      15  100.00    0.00    0.00    0.00    0.00    0.00    0.00    0.00    0.00    0.00
19:48:01      16   95.00    0.00    4.00    0.00    0.00    1.00    0.00    0.00    0.00    0.00
19:48:01      17   93.00    0.00    6.00    0.00    0.00    1.00    0.00    0.00    0.00    0.00
19:48:01      18   87.88    0.00   10.10    0.00    0.00    1.01    0.00    0.00    0.00    1.01
19:48:01      19   98.00    0.00    1.00    0.00    0.00    1.00    0.00    0.00    0.00    0.00
19:48:01      20   90.10    0.00    7.92    0.00    0.00    1.98    0.00    0.00    0.00    0.00
19:48:01      21   96.00    0.00    3.00    0.00    0.00    1.00    0.00    0.00    0.00    0.00
19:48:01      22   88.00    0.00   10.00    0.00    0.00    2.00    0.00    0.00    0.00    0.00
19:48:01      23   67.33    0.00   24.75    0.00    0.00    6.93    0.00    0.00    0.00    0.99
19:48:01      24   78.00    0.00   16.00    0.00    0.00    6.00    0.00    0.00    0.00    0.00
19:48:01      25   77.00    0.00   16.00    0.00    0.00    7.00    0.00    0.00    0.00    0.00
19:48:01      26   79.80    0.00   14.14    0.00    0.00    5.05    0.00    0.00    0.00    1.01
19:48:01      27   78.00    0.00   17.00    0.00    0.00    5.00    0.00    0.00    0.00    0.00
19:48:01      28   83.84    0.00   11.11    0.00    0.00    5.05    0.00    0.00    0.00    0.00
19:48:01      29   71.72    0.00   22.22    0.00    0.00    6.06    0.00    0.00    0.00    0.00
19:48:01      30   74.00    0.00   21.00    0.00    0.00    5.00    0.00    0.00    0.00    0.00
19:48:01      31   81.82    0.00   15.15    0.00    0.00    3.03    0.00    0.00    0.00    0.00

19:48:01     CPU    %usr   %nice    %sys %iowait    %irq   %soft  %steal  %guest  %gnice   %idle
19:48:02     all   87.14    0.00    9.70    0.00    0.00    3.00    0.00    0.00    0.00    0.16
19:48:02       0   92.00    0.00    5.00    0.00    0.00    3.00    0.00    0.00    0.00    0.00
19:48:02       1   93.00    0.00    6.00    0.00    0.00    1.00    0.00    0.00    0.00    0.00
19:48:02       2   89.00    0.00    9.00    0.00    0.00    2.00    0.00    0.00    0.00    0.00
19:48:02       3   87.00    0.00   11.00    0.00    0.00    2.00    0.00    0.00    0.00    0.00
19:48:02       4   93.00    0.00    5.00    0.00    0.00    2.00    0.00    0.00    0.00    0.00
19:48:02       5   87.00    0.00   10.00    0.00    0.00    3.00    0.00    0.00    0.00    0.00
19:48:02       6   59.60    0.00   34.34    0.00    0.00    5.05    0.00    0.00    0.00    1.01
19:48:02       7   92.00    0.00    6.00    0.00    0.00    1.00    0.00    0.00    0.00    1.00
19:48:02       8   94.95    0.00    5.05    0.00    0.00    0.00    0.00    0.00    0.00    0.00
19:48:02       9   84.85    0.00   13.13    0.00    0.00    2.02    0.00    0.00    0.00    0.00
19:48:02      10   96.00    0.00    3.00    0.00    0.00    1.00    0.00    0.00    0.00    0.00
19:48:02      11   87.88    0.00   10.10    0.00    0.00    2.02    0.00    0.00    0.00    0.00
19:48:02      12   92.93    0.00    5.05    0.00    0.00    2.02    0.00    0.00    0.00    0.00
19:48:02      13   92.00    0.00    6.00    0.00    0.00    2.00    0.00    0.00    0.00    0.00
19:48:02      14  100.00    0.00    0.00    0.00    0.00    0.00    0.00    0.00    0.00    0.00
19:48:02      15  100.00    0.00    0.00    0.00    0.00    0.00    0.00    0.00    0.00    0.00
19:48:02      16   92.93    0.00    5.05    0.00    0.00    2.02    0.00    0.00    0.00    0.00
19:48:02      17   94.95    0.00    4.04    0.00    0.00    1.01    0.00    0.00    0.00    0.00
19:48:02      18   82.00    0.00   13.00    0.00    0.00    5.00    0.00    0.00    0.00    0.00
19:48:02      19   91.09    0.00    7.92    0.00    0.00    0.99    0.00    0.00    0.00    0.00
19:48:02      20   91.92    0.00    6.06    0.00    0.00    2.02    0.00    0.00    0.00    0.00
19:48:02      21   94.00    0.00    4.00    0.00    0.00    2.00    0.00    0.00    0.00    0.00
19:48:02      22   76.00    0.00   16.00    0.00    0.00    7.00    0.00    0.00    0.00    1.00
19:48:02      23   97.00    0.00    3.00    0.00    0.00    0.00    0.00    0.00    0.00    0.00
19:48:02      24   76.00    0.00   18.00    0.00    0.00    6.00    0.00    0.00    0.00    0.00
19:48:02      25   75.00    0.00   18.00    0.00    0.00    7.00    0.00    0.00    0.00    0.00
19:48:02      26   81.19    0.00   12.87    0.00    0.00    5.94    0.00    0.00    0.00    0.00
19:48:02      27   82.00    0.00   12.00    0.00    0.00    6.00    0.00    0.00    0.00    0.00
19:48:02      28   77.23    0.00   16.83    0.00    0.00    5.94    0.00    0.00    0.00    0.00
19:48:02      29   83.17    0.00   11.88    0.00    0.00    2.97    0.00    0.00    0.00    1.98
19:48:02      30   74.00    0.00   18.00    0.00    0.00    8.00    0.00    0.00    0.00    0.00
19:48:02      31   79.21    0.00   14.85    0.00    0.00    5.94    0.00    0.00    0.00    0.00

19:48:02     CPU    %usr   %nice    %sys %iowait    %irq   %soft  %steal  %guest  %gnice   %idle
19:48:03     all   85.96    0.00   10.23    0.00    0.00    3.13    0.00    0.00    0.00    0.69
19:48:03       0   88.12    0.00    8.91    0.00    0.00    2.97    0.00    0.00    0.00    0.00
19:48:03       1   95.00    0.00    5.00    0.00    0.00    0.00    0.00    0.00    0.00    0.00
19:48:03       2   84.85    0.00   12.12    0.00    0.00    3.03    0.00    0.00    0.00    0.00
19:48:03       3   93.00    0.00    5.00    0.00    0.00    2.00    0.00    0.00    0.00    0.00
19:48:03       4   91.09    0.00    5.94    0.00    0.00    2.97    0.00    0.00    0.00    0.00
19:48:03       5   88.00    0.00    8.00    0.00    0.00    4.00    0.00    0.00    0.00    0.00
19:48:03       6   78.00    0.00   17.00    0.00    0.00    4.00    0.00    0.00    0.00    1.00
19:48:03       7   72.73    0.00   24.24    0.00    0.00    3.03    0.00    0.00    0.00    0.00
19:48:03       8   96.00    0.00    4.00    0.00    0.00    0.00    0.00    0.00    0.00    0.00
19:48:03       9   88.12    0.00    8.91    0.00    0.00    2.97    0.00    0.00    0.00    0.00
19:48:03      10   91.09    0.00    6.93    0.00    0.00    1.98    0.00    0.00    0.00    0.00
19:48:03      11   90.00    0.00    8.00    0.00    0.00    2.00    0.00    0.00    0.00    0.00
19:48:03      12   93.07    0.00    3.96    0.00    0.00    2.97    0.00    0.00    0.00    0.00
19:48:03      13   85.15    0.00   10.89    0.00    0.00    2.97    0.00    0.00    0.00    0.99
19:48:03      14   99.00    0.00    1.00    0.00    0.00    0.00    0.00    0.00    0.00    0.00
19:48:03      15  100.00    0.00    0.00    0.00    0.00    0.00    0.00    0.00    0.00    0.00
19:48:03      16  100.00    0.00    0.00    0.00    0.00    0.00    0.00    0.00    0.00    0.00
19:48:03      17   89.11    0.00    8.91    0.00    0.00    1.98    0.00    0.00    0.00    0.00
19:48:03      18   92.00    0.00    7.00    0.00    0.00    1.00    0.00    0.00    0.00    0.00
19:48:03      19   92.93    0.00    6.06    0.00    0.00    1.01    0.00    0.00    0.00    0.00
19:48:03      20   88.12    0.00    7.92    0.00    0.00    2.97    0.00    0.00    0.00    0.99
19:48:03      21   90.00    0.00    9.00    0.00    0.00    1.00    0.00    0.00    0.00    0.00
19:48:03      22   88.00    0.00   10.00    0.00    0.00    2.00    0.00    0.00    0.00    0.00
19:48:03      23   79.00    0.00   16.00    0.00    0.00    4.00    0.00    0.00    0.00    1.00
19:48:03      24   82.83    0.00   12.12    0.00    0.00    4.04    0.00    0.00    0.00    1.01
19:48:03      25   73.00    0.00   19.00    0.00    0.00    8.00    0.00    0.00    0.00    0.00
19:48:03      26   94.00    0.00    5.00    0.00    0.00    1.00    0.00    0.00    0.00    0.00
19:48:03      27   78.00    0.00   18.00    0.00    0.00    4.00    0.00    0.00    0.00    0.00
19:48:03      28   70.41    0.00   18.37    0.00    0.00    8.16    0.00    0.00    0.00    3.06
19:48:03      29   51.55    0.00   22.68    0.00    0.00   11.34    0.00    0.00    0.00   14.43
19:48:03      30   73.00    0.00   20.00    0.00    0.00    7.00    0.00    0.00    0.00    0.00
19:48:03      31   73.74    0.00   18.18    0.00    0.00    8.08    0.00    0.00    0.00    0.00

19:48:03     CPU    %usr   %nice    %sys %iowait    %irq   %soft  %steal  %guest  %gnice   %idle
19:48:04     all   86.35    0.00   10.15    0.00    0.00    3.13    0.00    0.00    0.00    0.38
19:48:04       0   89.90    0.00    8.08    0.00    0.00    2.02    0.00    0.00    0.00    0.00
19:48:04       1   91.00    0.00    7.00    0.00    0.00    2.00    0.00    0.00    0.00    0.00
19:48:04       2   86.14    0.00   10.89    0.00    0.00    2.97    0.00    0.00    0.00    0.00
19:48:04       3   92.00    0.00    7.00    0.00    0.00    1.00    0.00    0.00    0.00    0.00
19:48:04       4   88.00    0.00    8.00    0.00    0.00    4.00    0.00    0.00    0.00    0.00
19:48:04       5   83.00    0.00   14.00    0.00    0.00    3.00    0.00    0.00    0.00    0.00
19:48:04       6   92.86    0.00    5.10    0.00    0.00    1.02    0.00    0.00    0.00    1.02
19:48:04       7   73.00    0.00   20.00    0.00    0.00    6.00    0.00    0.00    0.00    1.00
19:48:04       8   99.00    0.00    1.00    0.00    0.00    0.00    0.00    0.00    0.00    0.00
19:48:04       9   87.88    0.00   10.10    0.00    0.00    2.02    0.00    0.00    0.00    0.00
19:48:04      10   91.92    0.00    7.07    0.00    0.00    1.01    0.00    0.00    0.00    0.00
19:48:04      11   85.15    0.00    9.90    0.00    0.00    4.95    0.00    0.00    0.00    0.00
19:48:04      12   77.55    0.00   15.31    0.00    0.00    6.12    0.00    0.00    0.00    1.02
19:48:04      13   99.01    0.00    0.99    0.00    0.00    0.00    0.00    0.00    0.00    0.00
19:48:04      14  100.00    0.00    0.00    0.00    0.00    0.00    0.00    0.00    0.00    0.00
19:48:04      15   99.01    0.00    0.99    0.00    0.00    0.00    0.00    0.00    0.00    0.00
19:48:04      16   96.00    0.00    2.00    0.00    0.00    2.00    0.00    0.00    0.00    0.00
19:48:04      17   89.00    0.00    8.00    0.00    0.00    3.00    0.00    0.00    0.00    0.00
19:48:04      18   98.00    0.00    2.00    0.00    0.00    0.00    0.00    0.00    0.00    0.00
19:48:04      19   91.00    0.00    7.00    0.00    0.00    2.00    0.00    0.00    0.00    0.00
19:48:04      20   82.83    0.00   13.13    0.00    0.00    3.03    0.00    0.00    0.00    1.01
19:48:04      21   94.00    0.00    5.00    0.00    0.00    1.00    0.00    0.00    0.00    0.00
19:48:04      22   83.00    0.00   12.00    0.00    0.00    4.00    0.00    0.00    0.00    1.00
19:48:04      23   79.80    0.00   16.16    0.00    0.00    3.03    0.00    0.00    0.00    1.01
19:48:04      24   81.00    0.00   16.00    0.00    0.00    3.00    0.00    0.00    0.00    0.00
19:48:04      25   75.76    0.00   16.16    0.00    0.00    8.08    0.00    0.00    0.00    0.00
19:48:04      26   96.00    0.00    2.00    0.00    0.00    2.00    0.00    0.00    0.00    0.00
19:48:04      27   73.74    0.00   20.20    0.00    0.00    6.06    0.00    0.00    0.00    0.00
19:48:04      28   64.29    0.00   20.41    0.00    0.00   10.20    0.00    0.00    0.00    5.10
19:48:04      29   72.28    0.00   20.79    0.00    0.00    5.94    0.00    0.00    0.00    0.99
19:48:04      30   69.00    0.00   24.00    0.00    0.00    7.00    0.00    0.00    0.00    0.00
19:48:04      31   81.19    0.00   14.85    0.00    0.00    3.96    0.00    0.00    0.00    0.00

19:48:04     CPU    %usr   %nice    %sys %iowait    %irq   %soft  %steal  %guest  %gnice   %idle
19:48:05     all   86.13    0.00   10.05    0.00    0.00    3.07    0.00    0.00    0.00    0.75
19:48:05       0   96.00    0.00    4.00    0.00    0.00    0.00    0.00    0.00    0.00    0.00
19:48:05       1   93.00    0.00    6.00    0.00    0.00    1.00    0.00    0.00    0.00    0.00
19:48:05       2   94.00    0.00    6.00    0.00    0.00    0.00    0.00    0.00    0.00    0.00
19:48:05       3   88.00    0.00    9.00    0.00    0.00    3.00    0.00    0.00    0.00    0.00
19:48:05       4   87.88    0.00    9.09    0.00    0.00    1.01    0.00    0.00    0.00    2.02
19:48:05       5   92.00    0.00    6.00    0.00    0.00    1.00    0.00    0.00    0.00    1.00
19:48:05       6   97.03    0.00    1.98    0.00    0.00    0.99    0.00    0.00    0.00    0.00
19:48:05       7   73.00    0.00   18.00    0.00    0.00    7.00    0.00    0.00    0.00    2.00
19:48:05       8   91.00    0.00    8.00    0.00    0.00    1.00    0.00    0.00    0.00    0.00
19:48:05       9   85.00    0.00   12.00    0.00    0.00    3.00    0.00    0.00    0.00    0.00
19:48:05      10   95.00    0.00    3.00    0.00    0.00    2.00    0.00    0.00    0.00    0.00
19:48:05      11   86.87    0.00   11.11    0.00    0.00    2.02    0.00    0.00    0.00    0.00
19:48:05      12   86.14    0.00    9.90    0.00    0.00    2.97    0.00    0.00    0.00    0.99
19:48:05      13   98.99    0.00    1.01    0.00    0.00    0.00    0.00    0.00    0.00    0.00
19:48:05      14   99.00    0.00    1.00    0.00    0.00    0.00    0.00    0.00    0.00    0.00
19:48:05      15   98.99    0.00    1.01    0.00    0.00    0.00    0.00    0.00    0.00    0.00
19:48:05      16   94.00    0.00    5.00    0.00    0.00    1.00    0.00    0.00    0.00    0.00
19:48:05      17   90.91    0.00    6.06    0.00    0.00    3.03    0.00    0.00    0.00    0.00
19:48:05      18   91.92    0.00    7.07    0.00    0.00    1.01    0.00    0.00    0.00    0.00
19:48:05      19   78.00    0.00   15.00    0.00    0.00    6.00    0.00    0.00    0.00    1.00
19:48:05      20   88.00    0.00    9.00    0.00    0.00    2.00    0.00    0.00    0.00    1.00
19:48:05      21   74.75    0.00   19.19    0.00    0.00    4.04    0.00    0.00    0.00    2.02
19:48:05      22   98.99    0.00    0.00    0.00    0.00    1.01    0.00    0.00    0.00    0.00
19:48:05      23   78.79    0.00   15.15    0.00    0.00    4.04    0.00    0.00    0.00    2.02
19:48:05      24   88.12    0.00    8.91    0.00    0.00    2.97    0.00    0.00    0.00    0.00
19:48:05      25   70.30    0.00   20.79    0.00    0.00    8.91    0.00    0.00    0.00    0.00
19:48:05      26   96.00    0.00    4.00    0.00    0.00    0.00    0.00    0.00    0.00    0.00
19:48:05      27   74.26    0.00   17.82    0.00    0.00    7.92    0.00    0.00    0.00    0.00
19:48:05      28   55.00    0.00   23.00    0.00    0.00   10.00    0.00    0.00    0.00   12.00
19:48:05      29   69.70    0.00   23.23    0.00    0.00    7.07    0.00    0.00    0.00    0.00
19:48:05      30   73.27    0.00   19.80    0.00    0.00    6.93    0.00    0.00    0.00    0.00
19:48:05      31   72.73    0.00   20.20    0.00    0.00    7.07    0.00    0.00    0.00    0.00

19:48:05     CPU    %usr   %nice    %sys %iowait    %irq   %soft  %steal  %guest  %gnice   %idle
19:48:06     all   86.51    0.00    9.61    0.00    0.00    3.07    0.00    0.00    0.00    0.81
19:48:06       0   96.00    0.00    2.00    0.00    0.00    2.00    0.00    0.00    0.00    0.00
19:48:06       1   95.05    0.00    2.97    0.00    0.00    1.98    0.00    0.00    0.00    0.00
19:48:06       2   82.00    0.00   15.00    0.00    0.00    3.00    0.00    0.00    0.00    0.00
19:48:06       3   89.90    0.00    6.06    0.00    0.00    4.04    0.00    0.00    0.00    0.00
19:48:06       4   87.00    0.00   10.00    0.00    0.00    3.00    0.00    0.00    0.00    0.00
19:48:06       5   93.00    0.00    5.00    0.00    0.00    2.00    0.00    0.00    0.00    0.00
19:48:06       6   93.94    0.00    5.05    0.00    0.00    1.01    0.00    0.00    0.00    0.00
19:48:06       7   98.00    0.00    2.00    0.00    0.00    0.00    0.00    0.00    0.00    0.00
19:48:06       8   90.00    0.00    8.00    0.00    0.00    2.00    0.00    0.00    0.00    0.00
19:48:06       9   85.15    0.00   12.87    0.00    0.00    1.98    0.00    0.00    0.00    0.00
19:48:06      10   88.00    0.00    9.00    0.00    0.00    3.00    0.00    0.00    0.00    0.00
19:48:06      11   86.00    0.00   11.00    0.00    0.00    3.00    0.00    0.00    0.00    0.00
19:48:06      12   79.21    0.00   13.86    0.00    0.00    2.97    0.00    0.00    0.00    3.96
19:48:06      13   93.00    0.00    4.00    0.00    0.00    3.00    0.00    0.00    0.00    0.00
19:48:06      14  100.00    0.00    0.00    0.00    0.00    0.00    0.00    0.00    0.00    0.00
19:48:06      15   98.02    0.00    1.98    0.00    0.00    0.00    0.00    0.00    0.00    0.00
19:48:06      16   95.00    0.00    4.00    0.00    0.00    1.00    0.00    0.00    0.00    0.00
19:48:06      17   84.16    0.00   11.88    0.00    0.00    2.97    0.00    0.00    0.00    0.99
19:48:06      18   86.00    0.00   11.00    0.00    0.00    3.00    0.00    0.00    0.00    0.00
19:48:06      19   79.80    0.00   14.14    0.00    0.00    5.05    0.00    0.00    0.00    1.01
19:48:06      20   91.00    0.00    6.00    0.00    0.00    2.00    0.00    0.00    0.00    1.00
19:48:06      21   85.86    0.00   11.11    0.00    0.00    2.02    0.00    0.00    0.00    1.01
19:48:06      22   93.07    0.00    6.93    0.00    0.00    0.00    0.00    0.00    0.00    0.00
19:48:06      23   89.11    0.00    6.93    0.00    0.00    3.96    0.00    0.00    0.00    0.00
19:48:06      24   83.84    0.00   12.12    0.00    0.00    4.04    0.00    0.00    0.00    0.00
19:48:06      25   79.00    0.00   14.00    0.00    0.00    7.00    0.00    0.00    0.00    0.00
19:48:06      26   97.00    0.00    2.00    0.00    0.00    1.00    0.00    0.00    0.00    0.00
19:48:06      27   76.00    0.00   20.00    0.00    0.00    4.00    0.00    0.00    0.00    0.00
19:48:06      28   50.52    0.00   22.68    0.00    0.00   10.31    0.00    0.00    0.00   16.49
19:48:06      29   66.33    0.00   23.47    0.00    0.00    8.16    0.00    0.00    0.00    2.04
19:48:06      30   83.67    0.00   12.24    0.00    0.00    4.08    0.00    0.00    0.00    0.00
19:48:06      31   71.72    0.00   21.21    0.00    0.00    7.07    0.00    0.00    0.00    0.00

19:48:06     CPU    %usr   %nice    %sys %iowait    %irq   %soft  %steal  %guest  %gnice   %idle
19:48:07     all   87.42    0.00    9.41    0.00    0.00    2.67    0.00    0.00    0.00    0.50
19:48:07       0   94.06    0.00    5.94    0.00    0.00    0.00    0.00    0.00    0.00    0.00
19:48:07       1   80.00    0.00   15.00    0.00    0.00    4.00    0.00    0.00    0.00    1.00
19:48:07       2   88.89    0.00   10.10    0.00    0.00    1.01    0.00    0.00    0.00    0.00
19:48:07       3   88.89    0.00    8.08    0.00    0.00    2.02    0.00    0.00    0.00    1.01
19:48:07       4   76.00    0.00   20.00    0.00    0.00    4.00    0.00    0.00    0.00    0.00
19:48:07       5   90.00    0.00    8.00    0.00    0.00    2.00    0.00    0.00    0.00    0.00
19:48:07       6   92.00    0.00    6.00    0.00    0.00    2.00    0.00    0.00    0.00    0.00
19:48:07       7   96.00    0.00    3.00    0.00    0.00    1.00    0.00    0.00    0.00    0.00
19:48:07       8   89.00    0.00    8.00    0.00    0.00    3.00    0.00    0.00    0.00    0.00
19:48:07       9   90.91    0.00    6.06    0.00    0.00    3.03    0.00    0.00    0.00    0.00
19:48:07      10   88.00    0.00    9.00    0.00    0.00    3.00    0.00    0.00    0.00    0.00
19:48:07      11   88.12    0.00    7.92    0.00    0.00    3.96    0.00    0.00    0.00    0.00
19:48:07      12   94.95    0.00    3.03    0.00    0.00    2.02    0.00    0.00    0.00    0.00
19:48:07      13   77.23    0.00   16.83    0.00    0.00    3.96    0.00    0.00    0.00    1.98
19:48:07      14  100.00    0.00    0.00    0.00    0.00    0.00    0.00    0.00    0.00    0.00
19:48:07      15   99.00    0.00    1.00    0.00    0.00    0.00    0.00    0.00    0.00    0.00
19:48:07      16  100.00    0.00    0.00    0.00    0.00    0.00    0.00    0.00    0.00    0.00
19:48:07      17   94.00    0.00    6.00    0.00    0.00    0.00    0.00    0.00    0.00    0.00
19:48:07      18   71.29    0.00   22.77    0.00    0.00    4.95    0.00    0.00    0.00    0.99
19:48:07      19   90.00    0.00   10.00    0.00    0.00    0.00    0.00    0.00    0.00    0.00
19:48:07      20   85.86    0.00   11.11    0.00    0.00    3.03    0.00    0.00    0.00    0.00
19:48:07      21   99.00    0.00    1.00    0.00    0.00    0.00    0.00    0.00    0.00    0.00
19:48:07      22   91.92    0.00    5.05    0.00    0.00    3.03    0.00    0.00    0.00    0.00
19:48:07      23   94.95    0.00    4.04    0.00    0.00    1.01    0.00    0.00    0.00    0.00
19:48:07      24   73.00    0.00   20.00    0.00    0.00    6.00    0.00    0.00    0.00    1.00
19:48:07      25   73.74    0.00   17.17    0.00    0.00    9.09    0.00    0.00    0.00    0.00
19:48:07      26   90.91    0.00    7.07    0.00    0.00    2.02    0.00    0.00    0.00    0.00
19:48:07      27   73.00    0.00   21.00    0.00    0.00    6.00    0.00    0.00    0.00    0.00
19:48:07      28   76.77    0.00   19.19    0.00    0.00    3.03    0.00    0.00    0.00    1.01
19:48:07      29   58.70    0.00   21.74    0.00    0.00   10.87    0.00    0.00    0.00    8.70
19:48:07      30   99.01    0.00    0.99    0.00    0.00    0.00    0.00    0.00    0.00    0.00
19:48:07      31   90.00    0.00    7.00    0.00    0.00    2.00    0.00    0.00    0.00    1.00

19:48:07     CPU    %usr   %nice    %sys %iowait    %irq   %soft  %steal  %guest  %gnice   %idle
19:48:08     all   85.93    0.00    9.77    0.00    0.00    3.30    0.00    0.00    0.00    1.01
19:48:08       0   85.86    0.00   11.11    0.00    0.00    3.03    0.00    0.00    0.00    0.00
19:48:08       1   98.00    0.00    2.00    0.00    0.00    0.00    0.00    0.00    0.00    0.00
19:48:08       2   82.00    0.00   13.00    0.00    0.00    5.00    0.00    0.00    0.00    0.00
19:48:08       3   93.00    0.00    6.00    0.00    0.00    1.00    0.00    0.00    0.00    0.00
19:48:08       4   94.95    0.00    4.04    0.00    0.00    1.01    0.00    0.00    0.00    0.00
19:48:08       5   89.00    0.00    7.00    0.00    0.00    4.00    0.00    0.00    0.00    0.00
19:48:08       6   85.00    0.00   13.00    0.00    0.00    2.00    0.00    0.00    0.00    0.00
19:48:08       7   95.00    0.00    5.00    0.00    0.00    0.00    0.00    0.00    0.00    0.00
19:48:08       8   89.00    0.00    9.00    0.00    0.00    2.00    0.00    0.00    0.00    0.00
19:48:08       9   81.00    0.00   13.00    0.00    0.00    6.00    0.00    0.00    0.00    0.00
19:48:08      10   84.00    0.00   14.00    0.00    0.00    2.00    0.00    0.00    0.00    0.00
19:48:08      11   87.88    0.00    9.09    0.00    0.00    3.03    0.00    0.00    0.00    0.00
19:48:08      12   87.13    0.00    6.93    0.00    0.00    4.95    0.00    0.00    0.00    0.99
19:48:08      13   71.00    0.00   24.00    0.00    0.00    3.00    0.00    0.00    0.00    2.00
19:48:08      14   98.00    0.00    1.00    0.00    0.00    1.00    0.00    0.00    0.00    0.00
19:48:08      15  100.00    0.00    0.00    0.00    0.00    0.00    0.00    0.00    0.00    0.00
19:48:08      16   92.08    0.00    5.94    0.00    0.00    1.98    0.00    0.00    0.00    0.00
19:48:08      17  100.00    0.00    0.00    0.00    0.00    0.00    0.00    0.00    0.00    0.00
19:48:08      18   79.80    0.00   12.12    0.00    0.00    6.06    0.00    0.00    0.00    2.02
19:48:08      19   92.00    0.00    7.00    0.00    0.00    1.00    0.00    0.00    0.00    0.00
19:48:08      20   86.00    0.00   11.00    0.00    0.00    3.00    0.00    0.00    0.00    0.00
19:48:08      21   97.00    0.00    3.00    0.00    0.00    0.00    0.00    0.00    0.00    0.00
19:48:08      22   86.00    0.00   10.00    0.00    0.00    3.00    0.00    0.00    0.00    1.00
19:48:08      23   94.00    0.00    5.00    0.00    0.00    1.00    0.00    0.00    0.00    0.00
19:48:08      24   78.57    0.00   15.31    0.00    0.00    6.12    0.00    0.00    0.00    0.00
19:48:08      25   65.98    0.00   18.56    0.00    0.00    9.28    0.00    0.00    0.00    6.19
19:48:08      26   78.00    0.00   16.00    0.00    0.00    4.00    0.00    0.00    0.00    2.00
19:48:08      27   71.72    0.00   17.17    0.00    0.00    7.07    0.00    0.00    0.00    4.04
19:48:08      28   60.42    0.00   20.83    0.00    0.00   10.42    0.00    0.00    0.00    8.33
19:48:08      29   61.22    0.00   23.47    0.00    0.00    9.18    0.00    0.00    0.00    6.12
19:48:08      30   98.99    0.00    1.01    0.00    0.00    0.00    0.00    0.00    0.00    0.00
19:48:08      31   85.00    0.00    9.00    0.00    0.00    6.00    0.00    0.00    0.00    0.00

19:48:08     CPU    %usr   %nice    %sys %iowait    %irq   %soft  %steal  %guest  %gnice   %idle
19:48:09     all   86.55    0.00    9.30    0.00    0.00    2.80    0.00    0.00    0.00    1.35
19:48:09       0   94.00    0.00    5.00    0.00    0.00    1.00    0.00    0.00    0.00    0.00
19:48:09       1   98.99    0.00    1.01    0.00    0.00    0.00    0.00    0.00    0.00    0.00
19:48:09       2   88.12    0.00    7.92    0.00    0.00    2.97    0.00    0.00    0.00    0.99
19:48:09       3   94.06    0.00    3.96    0.00    0.00    1.98    0.00    0.00    0.00    0.00
19:48:09       4   88.12    0.00    8.91    0.00    0.00    2.97    0.00    0.00    0.00    0.00
19:48:09       5   90.00    0.00    9.00    0.00    0.00    1.00    0.00    0.00    0.00    0.00
19:48:09       6   93.00    0.00    6.00    0.00    0.00    1.00    0.00    0.00    0.00    0.00
19:48:09       7   90.00    0.00    7.00    0.00    0.00    2.00    0.00    0.00    0.00    1.00
19:48:09       8   84.00    0.00   12.00    0.00    0.00    4.00    0.00    0.00    0.00    0.00
19:48:09       9   85.15    0.00    9.90    0.00    0.00    4.95    0.00    0.00    0.00    0.00
19:48:09      10   85.00    0.00   11.00    0.00    0.00    4.00    0.00    0.00    0.00    0.00
19:48:09      11   89.90    0.00    7.07    0.00    0.00    2.02    0.00    0.00    0.00    1.01
19:48:09      12   91.92    0.00    5.05    0.00    0.00    3.03    0.00    0.00    0.00    0.00
19:48:09      13   80.81    0.00   15.15    0.00    0.00    4.04    0.00    0.00    0.00    0.00
19:48:09      14   94.95    0.00    5.05    0.00    0.00    0.00    0.00    0.00    0.00    0.00
19:48:09      15   99.00    0.00    1.00    0.00    0.00    0.00    0.00    0.00    0.00    0.00
19:48:09      16   98.00    0.00    2.00    0.00    0.00    0.00    0.00    0.00    0.00    0.00
19:48:09      17  100.00    0.00    0.00    0.00    0.00    0.00    0.00    0.00    0.00    0.00
19:48:09      18   84.00    0.00   10.00    0.00    0.00    6.00    0.00    0.00    0.00    0.00
19:48:09      19   86.87    0.00    9.09    0.00    0.00    3.03    0.00    0.00    0.00    1.01
19:48:09      20   89.00    0.00    8.00    0.00    0.00    3.00    0.00    0.00    0.00    0.00
19:48:09      21   87.00    0.00   11.00    0.00    0.00    2.00    0.00    0.00    0.00    0.00
19:48:09      22   94.00    0.00    5.00    0.00    0.00    1.00    0.00    0.00    0.00    0.00
19:48:09      23   80.20    0.00   14.85    0.00    0.00    3.96    0.00    0.00    0.00    0.99
19:48:09      24   86.14    0.00    9.90    0.00    0.00    2.97    0.00    0.00    0.00    0.99
19:48:09      25   63.54    0.00   21.88    0.00    0.00    8.33    0.00    0.00    0.00    6.25
19:48:09      26   67.68    0.00   22.22    0.00    0.00    5.05    0.00    0.00    0.00    5.05
19:48:09      27   63.27    0.00   21.43    0.00    0.00    5.10    0.00    0.00    0.00   10.20
19:48:09      28   67.35    0.00   22.45    0.00    0.00    8.16    0.00    0.00    0.00    2.04
19:48:09      29   59.55    0.00   19.10    0.00    0.00    5.62    0.00    0.00    0.00   15.73
19:48:09      30   98.02    0.00    1.98    0.00    0.00    0.00    0.00    0.00    0.00    0.00
19:48:09      31   93.07    0.00    5.94    0.00    0.00    0.99    0.00    0.00    0.00    0.00

19:48:09     CPU    %usr   %nice    %sys %iowait    %irq   %soft  %steal  %guest  %gnice   %idle
19:48:10     all   86.76    0.00    9.07    0.00    0.00    2.92    0.00    0.00    0.00    1.26
19:48:10       0   92.00    0.00    6.00    0.00    0.00    2.00    0.00    0.00    0.00    0.00
19:48:10       1   82.18    0.00   13.86    0.00    0.00    2.97    0.00    0.00    0.00    0.99
19:48:10       2   91.00    0.00    6.00    0.00    0.00    3.00    0.00    0.00    0.00    0.00
19:48:10       3   91.92    0.00    6.06    0.00    0.00    2.02    0.00    0.00    0.00    0.00
19:48:10       4   91.92    0.00    7.07    0.00    0.00    1.01    0.00    0.00    0.00    0.00
19:48:10       5   88.12    0.00    8.91    0.00    0.00    2.97    0.00    0.00    0.00    0.00
19:48:10       6   96.04    0.00    2.97    0.00    0.00    0.99    0.00    0.00    0.00    0.00
19:48:10       7   91.92    0.00    5.05    0.00    0.00    3.03    0.00    0.00    0.00    0.00
19:48:10       8   91.09    0.00    6.93    0.00    0.00    0.99    0.00    0.00    0.00    0.99
19:48:10       9   79.59    0.00   15.31    0.00    0.00    4.08    0.00    0.00    0.00    1.02
19:48:10      10   79.00    0.00   14.00    0.00    0.00    6.00    0.00    0.00    0.00    1.00
19:48:10      11   98.02    0.00    1.98    0.00    0.00    0.00    0.00    0.00    0.00    0.00
19:48:10      12   78.00    0.00   16.00    0.00    0.00    5.00    0.00    0.00    0.00    1.00
19:48:10      13   90.00    0.00    7.00    0.00    0.00    3.00    0.00    0.00    0.00    0.00
19:48:10      14   95.05    0.00    3.96    0.00    0.00    0.99    0.00    0.00    0.00    0.00
19:48:10      15   97.00    0.00    3.00    0.00    0.00    0.00    0.00    0.00    0.00    0.00
19:48:10      16   98.00    0.00    2.00    0.00    0.00    0.00    0.00    0.00    0.00    0.00
19:48:10      17   99.00    0.00    1.00    0.00    0.00    0.00    0.00    0.00    0.00    0.00
19:48:10      18   93.00    0.00    5.00    0.00    0.00    2.00    0.00    0.00    0.00    0.00
19:48:10      19   85.15    0.00   12.87    0.00    0.00    1.98    0.00    0.00    0.00    0.00
19:48:10      20   88.00    0.00   10.00    0.00    0.00    1.00    0.00    0.00    0.00    1.00
19:48:10      21   87.13    0.00    9.90    0.00    0.00    2.97    0.00    0.00    0.00    0.00
19:48:10      22   98.00    0.00    1.00    0.00    0.00    1.00    0.00    0.00    0.00    0.00
19:48:10      23   94.00    0.00    5.00    0.00    0.00    1.00    0.00    0.00    0.00    0.00
19:48:10      24   76.77    0.00   12.12    0.00    0.00    4.04    0.00    0.00    0.00    7.07
19:48:10      25   57.61    0.00   23.91    0.00    0.00    9.78    0.00    0.00    0.00    8.70
19:48:10      26   62.50    0.00   21.88    0.00    0.00    8.33    0.00    0.00    0.00    7.29
19:48:10      27   76.00    0.00   18.00    0.00    0.00    6.00    0.00    0.00    0.00    0.00
19:48:10      28   57.58    0.00   22.22    0.00    0.00    9.09    0.00    0.00    0.00   11.11
19:48:10      29   74.00    0.00   18.00    0.00    0.00    7.00    0.00    0.00    0.00    1.00
19:48:10      30   98.00    0.00    1.00    0.00    0.00    1.00    0.00    0.00    0.00    0.00
19:48:10      31   94.90    0.00    4.08    0.00    0.00    1.02    0.00    0.00    0.00    0.00

19:48:10     CPU    %usr   %nice    %sys %iowait    %irq   %soft  %steal  %guest  %gnice   %idle
19:48:11     all   87.86    0.00    8.43    0.00    0.00    2.67    0.00    0.00    0.00    1.04
19:48:11       0   92.00    0.00    5.00    0.00    0.00    3.00    0.00    0.00    0.00    0.00
19:48:11       1   87.00    0.00   10.00    0.00    0.00    3.00    0.00    0.00    0.00    0.00
19:48:11       2   77.00    0.00   21.00    0.00    0.00    1.00    0.00    0.00    0.00    1.00
19:48:11       3   91.09    0.00    7.92    0.00    0.00    0.99    0.00    0.00    0.00    0.00
19:48:11       4   93.00    0.00    5.00    0.00    0.00    2.00    0.00    0.00    0.00    0.00
19:48:11       5   95.00    0.00    4.00    0.00    0.00    1.00    0.00    0.00    0.00    0.00
19:48:11       6  100.00    0.00    0.00    0.00    0.00    0.00    0.00    0.00    0.00    0.00
19:48:11       7   87.13    0.00    9.90    0.00    0.00    2.97    0.00    0.00    0.00    0.00
19:48:11       8   94.00    0.00    4.00    0.00    0.00    2.00    0.00    0.00    0.00    0.00
19:48:11       9   90.10    0.00    6.93    0.00    0.00    1.98    0.00    0.00    0.00    0.99
19:48:11      10   86.00    0.00   11.00    0.00    0.00    3.00    0.00    0.00    0.00    0.00
19:48:11      11   90.00    0.00    8.00    0.00    0.00    2.00    0.00    0.00    0.00    0.00
19:48:11      12   80.00    0.00   16.00    0.00    0.00    3.00    0.00    0.00    0.00    1.00
19:48:11      13   86.00    0.00    9.00    0.00    0.00    4.00    0.00    0.00    0.00    1.00
19:48:11      14   95.96    0.00    3.03    0.00    0.00    1.01    0.00    0.00    0.00    0.00
19:48:11      15   93.00    0.00    6.00    0.00    0.00    1.00    0.00    0.00    0.00    0.00
19:48:11      16   96.00    0.00    3.00    0.00    0.00    1.00    0.00    0.00    0.00    0.00
19:48:11      17   92.00    0.00    5.00    0.00    0.00    3.00    0.00    0.00    0.00    0.00
19:48:11      18   85.00    0.00   11.00    0.00    0.00    4.00    0.00    0.00    0.00    0.00
19:48:11      19   93.94    0.00    6.06    0.00    0.00    0.00    0.00    0.00    0.00    0.00
19:48:11      20   93.07    0.00    3.96    0.00    0.00    2.97    0.00    0.00    0.00    0.00
19:48:11      21   96.97    0.00    2.02    0.00    0.00    1.01    0.00    0.00    0.00    0.00
19:48:11      22   94.00    0.00    4.00    0.00    0.00    2.00    0.00    0.00    0.00    0.00
19:48:11      23   94.00    0.00    3.00    0.00    0.00    3.00    0.00    0.00    0.00    0.00
19:48:11      24   71.72    0.00   22.22    0.00    0.00    6.06    0.00    0.00    0.00    0.00
19:48:11      25   59.78    0.00   20.65    0.00    0.00    5.43    0.00    0.00    0.00   14.13
19:48:11      26   77.78    0.00   17.17    0.00    0.00    4.04    0.00    0.00    0.00    1.01
19:48:11      27   82.00    0.00   13.00    0.00    0.00    4.00    0.00    0.00    0.00    1.00
19:48:11      28   61.80    0.00   13.48    0.00    0.00   11.24    0.00    0.00    0.00   13.48
19:48:11      29   75.00    0.00   17.00    0.00    0.00    6.00    0.00    0.00    0.00    2.00
19:48:11      30   96.00    0.00    3.00    0.00    0.00    1.00    0.00    0.00    0.00    0.00
19:48:11      31  100.00    0.00    0.00    0.00    0.00    0.00    0.00    0.00    0.00    0.00

19:48:11     CPU    %usr   %nice    %sys %iowait    %irq   %soft  %steal  %guest  %gnice   %idle
19:48:12     all   88.59    0.00    7.83    0.00    0.00    2.45    0.00    0.00    0.00    1.13
19:48:12       0   83.00    0.00   13.00    0.00    0.00    3.00    0.00    0.00    0.00    1.00
19:48:12       1   72.28    0.00   18.81    0.00    0.00    6.93    0.00    0.00    0.00    1.98
19:48:12       2   75.00    0.00   21.00    0.00    0.00    3.00    0.00    0.00    0.00    1.00
19:48:12       3   98.99    0.00    0.00    0.00    0.00    1.01    0.00    0.00    0.00    0.00
19:48:12       4   96.00    0.00    3.00    0.00    0.00    1.00    0.00    0.00    0.00    0.00
19:48:12       5   95.00    0.00    4.00    0.00    0.00    1.00    0.00    0.00    0.00    0.00
19:48:12       6   97.03    0.00    2.97    0.00    0.00    0.00    0.00    0.00    0.00    0.00
19:48:12       7   93.07    0.00    5.94    0.00    0.00    0.99    0.00    0.00    0.00    0.00
19:48:12       8   94.95    0.00    4.04    0.00    0.00    1.01    0.00    0.00    0.00    0.00
19:48:12       9   95.00    0.00    4.00    0.00    0.00    1.00    0.00    0.00    0.00    0.00
19:48:12      10   97.00    0.00    2.00    0.00    0.00    1.00    0.00    0.00    0.00    0.00
19:48:12      11   88.00    0.00    8.00    0.00    0.00    4.00    0.00    0.00    0.00    0.00
19:48:12      12   89.00    0.00    8.00    0.00    0.00    2.00    0.00    0.00    0.00    1.00
19:48:12      13   77.55    0.00   14.29    0.00    0.00    6.12    0.00    0.00    0.00    2.04
19:48:12      14   95.05    0.00    3.96    0.00    0.00    0.99    0.00    0.00    0.00    0.00
19:48:12      15   93.00    0.00    5.00    0.00    0.00    2.00    0.00    0.00    0.00    0.00
19:48:12      16   95.00    0.00    4.00    0.00    0.00    1.00    0.00    0.00    0.00    0.00
19:48:12      17   92.00    0.00    6.00    0.00    0.00    2.00    0.00    0.00    0.00    0.00
19:48:12      18   93.00    0.00    6.00    0.00    0.00    1.00    0.00    0.00    0.00    0.00
19:48:12      19   92.08    0.00    4.95    0.00    0.00    1.98    0.00    0.00    0.00    0.99
19:48:12      20   94.00    0.00    4.00    0.00    0.00    2.00    0.00    0.00    0.00    0.00
19:48:12      21   97.03    0.00    2.97    0.00    0.00    0.00    0.00    0.00    0.00    0.00
19:48:12      22   94.00    0.00    5.00    0.00    0.00    1.00    0.00    0.00    0.00    0.00
19:48:12      23   92.93    0.00    7.07    0.00    0.00    0.00    0.00    0.00    0.00    0.00
19:48:12      24   64.89    0.00   19.15    0.00    0.00    6.38    0.00    0.00    0.00    9.57
19:48:12      25   77.00    0.00   18.00    0.00    0.00    5.00    0.00    0.00    0.00    0.00
19:48:12      26   90.00    0.00    6.00    0.00    0.00    4.00    0.00    0.00    0.00    0.00
19:48:12      27   81.63    0.00   14.29    0.00    0.00    2.04    0.00    0.00    0.00    2.04
19:48:12      28   72.16    0.00   12.37    0.00    0.00    8.25    0.00    0.00    0.00    7.22
19:48:12      29   55.56    0.00   23.33    0.00    0.00   10.00    0.00    0.00    0.00   11.11
19:48:12      30  100.00    0.00    0.00    0.00    0.00    0.00    0.00    0.00    0.00    0.00
19:48:12      31   98.02    0.00    1.98    0.00    0.00    0.00    0.00    0.00    0.00    0.00

19:48:12     CPU    %usr   %nice    %sys %iowait    %irq   %soft  %steal  %guest  %gnice   %idle
19:48:13     all   88.86    0.00    7.93    0.00    0.00    2.08    0.00    0.00    0.00    1.13
19:48:13       0   76.00    0.00   18.00    0.00    0.00    4.00    0.00    0.00    0.00    2.00
19:48:13       1   89.00    0.00   10.00    0.00    0.00    0.00    0.00    0.00    0.00    1.00
19:48:13       2   89.90    0.00    6.06    0.00    0.00    2.02    0.00    0.00    0.00    2.02
19:48:13       3   89.11    0.00    7.92    0.00    0.00    2.97    0.00    0.00    0.00    0.00
19:48:13       4   98.00    0.00    2.00    0.00    0.00    0.00    0.00    0.00    0.00    0.00
19:48:13       5   96.97    0.00    3.03    0.00    0.00    0.00    0.00    0.00    0.00    0.00
19:48:13       6   94.00    0.00    6.00    0.00    0.00    0.00    0.00    0.00    0.00    0.00
19:48:13       7   94.95    0.00    4.04    0.00    0.00    1.01    0.00    0.00    0.00    0.00
19:48:13       8   84.31    0.00   10.78    0.00    0.00    1.96    0.00    0.00    0.00    2.94
19:48:13       9   97.00    0.00    2.00    0.00    0.00    1.00    0.00    0.00    0.00    0.00
19:48:13      10   93.94    0.00    6.06    0.00    0.00    0.00    0.00    0.00    0.00    0.00
19:48:13      11   96.97    0.00    2.02    0.00    0.00    1.01    0.00    0.00    0.00    0.00
19:48:13      12   92.00    0.00    6.00    0.00    0.00    2.00    0.00    0.00    0.00    0.00
19:48:13      13   84.00    0.00   13.00    0.00    0.00    2.00    0.00    0.00    0.00    1.00
19:48:13      14   93.00    0.00    6.00    0.00    0.00    1.00    0.00    0.00    0.00    0.00
19:48:13      15   98.99    0.00    1.01    0.00    0.00    0.00    0.00    0.00    0.00    0.00
19:48:13      16   97.00    0.00    2.00    0.00    0.00    1.00    0.00    0.00    0.00    0.00
19:48:13      17   79.21    0.00   14.85    0.00    0.00    3.96    0.00    0.00    0.00    1.98
19:48:13      18   94.00    0.00    5.00    0.00    0.00    1.00    0.00    0.00    0.00    0.00
19:48:13      19   86.87    0.00    9.09    0.00    0.00    4.04    0.00    0.00    0.00    0.00
19:48:13      20   94.00    0.00    5.00    0.00    0.00    1.00    0.00    0.00    0.00    0.00
19:48:13      21   94.00    0.00    5.00    0.00    0.00    1.00    0.00    0.00    0.00    0.00
19:48:13      22   96.04    0.00    2.97    0.00    0.00    0.99    0.00    0.00    0.00    0.00
19:48:13      23   96.00    0.00    2.00    0.00    0.00    2.00    0.00    0.00    0.00    0.00
19:48:13      24   53.93    0.00   24.72    0.00    0.00    6.74    0.00    0.00    0.00   14.61
19:48:13      25   79.00    0.00   17.00    0.00    0.00    4.00    0.00    0.00    0.00    0.00
19:48:13      26   92.00    0.00    7.00    0.00    0.00    1.00    0.00    0.00    0.00    0.00
19:48:13      27   75.25    0.00   17.82    0.00    0.00    5.94    0.00    0.00    0.00    0.99
19:48:13      28   77.78    0.00   15.15    0.00    0.00    7.07    0.00    0.00    0.00    0.00
19:48:13      29   58.06    0.00   21.51    0.00    0.00    8.60    0.00    0.00    0.00   11.83
19:48:13      30   96.97    0.00    3.03    0.00    0.00    0.00    0.00    0.00    0.00    0.00
19:48:13      31  100.00    0.00    0.00    0.00    0.00    0.00    0.00    0.00    0.00    0.00

19:48:13     CPU    %usr   %nice    %sys %iowait    %irq   %soft  %steal  %guest  %gnice   %idle
19:48:14     all   88.85    0.00    7.89    0.00    0.00    2.51    0.00    0.00    0.00    0.75
19:48:14       0   94.00    0.00    4.00    0.00    0.00    1.00    0.00    0.00    0.00    1.00
19:48:14       1   95.96    0.00    3.03    0.00    0.00    1.01    0.00    0.00    0.00    0.00
19:48:14       2   93.00    0.00    5.00    0.00    0.00    2.00    0.00    0.00    0.00    0.00
19:48:14       3   90.91    0.00    7.07    0.00    0.00    2.02    0.00    0.00    0.00    0.00
19:48:14       4   98.02    0.00    1.98    0.00    0.00    0.00    0.00    0.00    0.00    0.00
19:48:14       5   96.00    0.00    3.00    0.00    0.00    1.00    0.00    0.00    0.00    0.00
19:48:14       6   94.00    0.00    4.00    0.00    0.00    2.00    0.00    0.00    0.00    0.00
19:48:14       7   95.00    0.00    4.00    0.00    0.00    1.00    0.00    0.00    0.00    0.00
19:48:14       8   80.81    0.00   15.15    0.00    0.00    4.04    0.00    0.00    0.00    0.00
19:48:14       9   94.00    0.00    6.00    0.00    0.00    0.00    0.00    0.00    0.00    0.00
19:48:14      10   95.05    0.00    3.96    0.00    0.00    0.99    0.00    0.00    0.00    0.00
19:48:14      11   96.04    0.00    2.97    0.00    0.00    0.99    0.00    0.00    0.00    0.00
19:48:14      12   78.00    0.00   20.00    0.00    0.00    2.00    0.00    0.00    0.00    0.00
19:48:14      13   76.00    0.00   14.00    0.00    0.00    9.00    0.00    0.00    0.00    1.00
19:48:14      14   93.94    0.00    4.04    0.00    0.00    2.02    0.00    0.00    0.00    0.00
19:48:14      15   98.00    0.00    2.00    0.00    0.00    0.00    0.00    0.00    0.00    0.00
19:48:14      16  100.00    0.00    0.00    0.00    0.00    0.00    0.00    0.00    0.00    0.00
19:48:14      17   82.83    0.00   12.12    0.00    0.00    4.04    0.00    0.00    0.00    1.01
19:48:14      18   93.94    0.00    5.05    0.00    0.00    1.01    0.00    0.00    0.00    0.00
19:48:14      19   93.07    0.00    5.94    0.00    0.00    0.99    0.00    0.00    0.00    0.00
19:48:14      20   91.92    0.00    7.07    0.00    0.00    1.01    0.00    0.00    0.00    0.00
19:48:14      21   94.00    0.00    5.00    0.00    0.00    1.00    0.00    0.00    0.00    0.00
19:48:14      22   96.00    0.00    3.00    0.00    0.00    1.00    0.00    0.00    0.00    0.00
19:48:14      23   91.00    0.00    8.00    0.00    0.00    1.00    0.00    0.00    0.00    0.00
19:48:14      24   54.55    0.00   18.18    0.00    0.00   10.23    0.00    0.00    0.00   17.05
19:48:14      25   77.78    0.00   16.16    0.00    0.00    6.06    0.00    0.00    0.00    0.00
19:48:14      26   86.14    0.00    9.90    0.00    0.00    3.96    0.00    0.00    0.00    0.00
19:48:14      27   71.00    0.00   24.00    0.00    0.00    5.00    0.00    0.00    0.00    0.00
19:48:14      28   76.00    0.00   16.00    0.00    0.00    6.00    0.00    0.00    0.00    2.00
19:48:14      29   72.73    0.00   14.14    0.00    0.00    9.09    0.00    0.00    0.00    4.04
19:48:14      30   89.00    0.00    9.00    0.00    0.00    2.00    0.00    0.00    0.00    0.00
19:48:14      31  100.00    0.00    0.00    0.00    0.00    0.00    0.00    0.00    0.00    0.00

19:48:14     CPU    %usr   %nice    %sys %iowait    %irq   %soft  %steal  %guest  %gnice   %idle
19:48:15     all   87.95    0.00    8.75    0.00    0.00    2.42    0.00    0.00    0.00    0.88
19:48:15       0   83.00    0.00   12.00    0.00    0.00    5.00    0.00    0.00    0.00    0.00
19:48:15       1   84.16    0.00   12.87    0.00    0.00    2.97    0.00    0.00    0.00    0.00
19:48:15       2   90.00    0.00    9.00    0.00    0.00    1.00    0.00    0.00    0.00    0.00
19:48:15       3   87.00    0.00   12.00    0.00    0.00    1.00    0.00    0.00    0.00    0.00
19:48:15       4   92.93    0.00    6.06    0.00    0.00    1.01    0.00    0.00    0.00    0.00
19:48:15       5   93.07    0.00    5.94    0.00    0.00    0.99    0.00    0.00    0.00    0.00
19:48:15       6   95.96    0.00    3.03    0.00    0.00    1.01    0.00    0.00    0.00    0.00
19:48:15       7   92.08    0.00    5.94    0.00    0.00    0.99    0.00    0.00    0.00    0.99
19:48:15       8   78.79    0.00   14.14    0.00    0.00    5.05    0.00    0.00    0.00    2.02
19:48:15       9   96.00    0.00    3.00    0.00    0.00    1.00    0.00    0.00    0.00    0.00
19:48:15      10   89.00    0.00    9.00    0.00    0.00    2.00    0.00    0.00    0.00    0.00
19:48:15      11   98.99    0.00    1.01    0.00    0.00    0.00    0.00    0.00    0.00    0.00
19:48:15      12   97.00    0.00    3.00    0.00    0.00    0.00    0.00    0.00    0.00    0.00
19:48:15      13   75.00    0.00   17.00    0.00    0.00    6.00    0.00    0.00    0.00    2.00
19:48:15      14   88.12    0.00    9.90    0.00    0.00    1.98    0.00    0.00    0.00    0.00
19:48:15      15   94.06    0.00    3.96    0.00    0.00    1.98    0.00    0.00    0.00    0.00
19:48:15      16   97.00    0.00    2.00    0.00    0.00    1.00    0.00    0.00    0.00    0.00
19:48:15      17   96.00    0.00    2.00    0.00    0.00    2.00    0.00    0.00    0.00    0.00
19:48:15      18   93.00    0.00    4.00    0.00    0.00    3.00    0.00    0.00    0.00    0.00
19:48:15      19   87.13    0.00   10.89    0.00    0.00    1.98    0.00    0.00    0.00    0.00
19:48:15      20   98.02    0.00    1.98    0.00    0.00    0.00    0.00    0.00    0.00    0.00
19:48:15      21   92.93    0.00    7.07    0.00    0.00    0.00    0.00    0.00    0.00    0.00
19:48:15      22   97.00    0.00    3.00    0.00    0.00    0.00    0.00    0.00    0.00    0.00
19:48:15      23   81.82    0.00   12.12    0.00    0.00    5.05    0.00    0.00    0.00    1.01
19:48:15      24   58.95    0.00   21.05    0.00    0.00    8.42    0.00    0.00    0.00   11.58
19:48:15      25   78.22    0.00   17.82    0.00    0.00    3.96    0.00    0.00    0.00    0.00
19:48:15      26   85.71    0.00   10.20    0.00    0.00    3.06    0.00    0.00    0.00    1.02
19:48:15      27   80.81    0.00   14.14    0.00    0.00    4.04    0.00    0.00    0.00    1.01
19:48:15      28   74.49    0.00   19.39    0.00    0.00    6.12    0.00    0.00    0.00    0.00
19:48:15      29   65.22    0.00   19.57    0.00    0.00    5.43    0.00    0.00    0.00    9.78
19:48:15      30   90.20    0.00    7.84    0.00    0.00    1.96    0.00    0.00    0.00    0.00
19:48:15      31   99.01    0.00    0.99    0.00    0.00    0.00    0.00    0.00    0.00    0.00

19:48:15     CPU    %usr   %nice    %sys %iowait    %irq   %soft  %steal  %guest  %gnice   %idle
19:48:16     all   86.99    0.00    9.34    0.00    0.00    2.82    0.00    0.00    0.00    0.85
19:48:16       0   79.80    0.00   14.14    0.00    0.00    4.04    0.00    0.00    0.00    2.02
19:48:16       1   87.88    0.00    8.08    0.00    0.00    2.02    0.00    0.00    0.00    2.02
19:48:16       2   95.96    0.00    4.04    0.00    0.00    0.00    0.00    0.00    0.00    0.00
19:48:16       3   72.28    0.00   23.76    0.00    0.00    2.97    0.00    0.00    0.00    0.99
19:48:16       4   90.10    0.00    7.92    0.00    0.00    1.98    0.00    0.00    0.00    0.00
19:48:16       5   97.98    0.00    2.02    0.00    0.00    0.00    0.00    0.00    0.00    0.00
19:48:16       6   90.00    0.00    8.00    0.00    0.00    2.00    0.00    0.00    0.00    0.00
19:48:16       7   93.94    0.00    4.04    0.00    0.00    2.02    0.00    0.00    0.00    0.00
19:48:16       8   96.00    0.00    3.00    0.00    0.00    1.00    0.00    0.00    0.00    0.00
19:48:16       9   84.16    0.00   12.87    0.00    0.00    2.97    0.00    0.00    0.00    0.00
19:48:16      10   97.00    0.00    2.00    0.00    0.00    1.00    0.00    0.00    0.00    0.00
19:48:16      11   96.04    0.00    2.97    0.00    0.00    0.99    0.00    0.00    0.00    0.00
19:48:16      12   84.00    0.00   13.00    0.00    0.00    3.00    0.00    0.00    0.00    0.00
19:48:16      13   90.10    0.00    6.93    0.00    0.00    1.98    0.00    0.00    0.00    0.99
19:48:16      14   86.00    0.00   10.00    0.00    0.00    4.00    0.00    0.00    0.00    0.00
19:48:16      15   87.88    0.00    8.08    0.00    0.00    4.04    0.00    0.00    0.00    0.00
19:48:16      16   97.98    0.00    2.02    0.00    0.00    0.00    0.00    0.00    0.00    0.00
19:48:16      17   90.91    0.00    6.06    0.00    0.00    3.03    0.00    0.00    0.00    0.00
19:48:16      18   82.00    0.00   17.00    0.00    0.00    1.00    0.00    0.00    0.00    0.00
19:48:16      19   86.73    0.00   10.20    0.00    0.00    3.06    0.00    0.00    0.00    0.00
19:48:16      20   92.00    0.00    6.00    0.00    0.00    2.00    0.00    0.00    0.00    0.00
19:48:16      21   95.00    0.00    3.00    0.00    0.00    1.00    0.00    0.00    0.00    1.00
19:48:16      22   88.00    0.00    8.00    0.00    0.00    4.00    0.00    0.00    0.00    0.00
19:48:16      23   94.00    0.00    5.00    0.00    0.00    1.00    0.00    0.00    0.00    0.00
19:48:16      24   76.77    0.00   16.16    0.00    0.00    5.05    0.00    0.00    0.00    2.02
19:48:16      25   67.68    0.00   19.19    0.00    0.00    7.07    0.00    0.00    0.00    6.06
19:48:16      26   73.74    0.00   16.16    0.00    0.00    7.07    0.00    0.00    0.00    3.03
19:48:16      27   77.00    0.00   11.00    0.00    0.00    7.00    0.00    0.00    0.00    5.00
19:48:16      28   74.26    0.00   17.82    0.00    0.00    5.94    0.00    0.00    0.00    1.98
19:48:16      29   67.68    0.00   23.23    0.00    0.00    7.07    0.00    0.00    0.00    2.02
19:48:16      30   91.92    0.00    7.07    0.00    0.00    1.01    0.00    0.00    0.00    0.00
19:48:16      31   99.00    0.00    0.00    0.00    0.00    1.00    0.00    0.00    0.00    0.00

19:48:16     CPU    %usr   %nice    %sys %iowait    %irq   %soft  %steal  %guest  %gnice   %idle
19:48:17     all   86.51    0.00    9.92    0.00    0.00    2.94    0.00    0.00    0.00    0.63
19:48:17       0   93.94    0.00    4.04    0.00    0.00    2.02    0.00    0.00    0.00    0.00
19:48:17       1   89.00    0.00   10.00    0.00    0.00    1.00    0.00    0.00    0.00    0.00
19:48:17       2   81.19    0.00   12.87    0.00    0.00    3.96    0.00    0.00    0.00    1.98
19:48:17       3   76.77    0.00   15.15    0.00    0.00    7.07    0.00    0.00    0.00    1.01
19:48:17       4   90.91    0.00    7.07    0.00    0.00    2.02    0.00    0.00    0.00    0.00
19:48:17       5   91.00    0.00    5.00    0.00    0.00    4.00    0.00    0.00    0.00    0.00
19:48:17       6   91.00    0.00    7.00    0.00    0.00    2.00    0.00    0.00    0.00    0.00
19:48:17       7   95.00    0.00    5.00    0.00    0.00    0.00    0.00    0.00    0.00    0.00
19:48:17       8   91.00    0.00    7.00    0.00    0.00    2.00    0.00    0.00    0.00    0.00
19:48:17       9   93.88    0.00    6.12    0.00    0.00    0.00    0.00    0.00    0.00    0.00
19:48:17      10   99.01    0.00    0.99    0.00    0.00    0.00    0.00    0.00    0.00    0.00
19:48:17      11   95.96    0.00    3.03    0.00    0.00    1.01    0.00    0.00    0.00    0.00
19:48:17      12   88.00    0.00   10.00    0.00    0.00    2.00    0.00    0.00    0.00    0.00
19:48:17      13   93.00    0.00    5.00    0.00    0.00    2.00    0.00    0.00    0.00    0.00
19:48:17      14   87.00    0.00   11.00    0.00    0.00    2.00    0.00    0.00    0.00    0.00
19:48:17      15   86.14    0.00   10.89    0.00    0.00    2.97    0.00    0.00    0.00    0.00
19:48:17      16   97.00    0.00    2.00    0.00    0.00    1.00    0.00    0.00    0.00    0.00
19:48:17      17   95.00    0.00    3.00    0.00    0.00    2.00    0.00    0.00    0.00    0.00
19:48:17      18   89.00    0.00    7.00    0.00    0.00    3.00    0.00    0.00    0.00    1.00
19:48:17      19   63.73    0.00   30.39    0.00    0.00    3.92    0.00    0.00    0.00    1.96
19:48:17      20   90.91    0.00    7.07    0.00    0.00    2.02    0.00    0.00    0.00    0.00
19:48:17      21   95.00    0.00    3.00    0.00    0.00    2.00    0.00    0.00    0.00    0.00
19:48:17      22   89.00    0.00    7.00    0.00    0.00    4.00    0.00    0.00    0.00    0.00
19:48:17      23   88.89    0.00   10.10    0.00    0.00    1.01    0.00    0.00    0.00    0.00
19:48:17      24   69.70    0.00   21.21    0.00    0.00    7.07    0.00    0.00    0.00    2.02
19:48:17      25   66.33    0.00   20.41    0.00    0.00    8.16    0.00    0.00    0.00    5.10
19:48:17      26   74.26    0.00   18.81    0.00    0.00    6.93    0.00    0.00    0.00    0.00
19:48:17      27   83.17    0.00   12.87    0.00    0.00    3.96    0.00    0.00    0.00    0.00
19:48:17      28   67.35    0.00   20.41    0.00    0.00    6.12    0.00    0.00    0.00    6.12
19:48:17      29   77.23    0.00   16.83    0.00    0.00    4.95    0.00    0.00    0.00    0.99
19:48:17      30   79.00    0.00   17.00    0.00    0.00    4.00    0.00    0.00    0.00    0.00
19:48:17      31  100.00    0.00    0.00    0.00    0.00    0.00    0.00    0.00    0.00    0.00

19:48:17     CPU    %usr   %nice    %sys %iowait    %irq   %soft  %steal  %guest  %gnice   %idle
19:48:18     all   87.24    0.00    9.33    0.00    0.00    2.80    0.00    0.00    0.00    0.62
19:48:18       0   97.06    0.00    1.96    0.00    0.00    0.00    0.00    0.00    0.00    0.98
19:48:18       1   95.05    0.00    3.96    0.00    0.00    0.99    0.00    0.00    0.00    0.00
19:48:18       2   94.00    0.00    5.00    0.00    0.00    0.00    0.00    0.00    0.00    1.00
19:48:18       3   64.00    0.00   29.00    0.00    0.00    4.00    0.00    0.00    0.00    3.00
19:48:18       4   94.06    0.00    3.96    0.00    0.00    1.98    0.00    0.00    0.00    0.00
19:48:18       5   93.07    0.00    4.95    0.00    0.00    1.98    0.00    0.00    0.00    0.00
19:48:18       6   89.22    0.00    7.84    0.00    0.00    1.96    0.00    0.00    0.00    0.98
19:48:18       7   93.00    0.00    6.00    0.00    0.00    1.00    0.00    0.00    0.00    0.00
19:48:18       8   89.11    0.00    9.90    0.00    0.00    0.99    0.00    0.00    0.00    0.00
19:48:18       9   95.05    0.00    3.96    0.00    0.00    0.99    0.00    0.00    0.00    0.00
19:48:18      10   99.00    0.00    1.00    0.00    0.00    0.00    0.00    0.00    0.00    0.00
19:48:18      11   88.12    0.00    8.91    0.00    0.00    2.97    0.00    0.00    0.00    0.00
19:48:18      12   96.00    0.00    3.00    0.00    0.00    1.00    0.00    0.00    0.00    0.00
19:48:18      13   78.57    0.00   15.31    0.00    0.00    5.10    0.00    0.00    0.00    1.02
19:48:18      14   90.00    0.00    7.00    0.00    0.00    3.00    0.00    0.00    0.00    0.00
19:48:18      15   91.00    0.00    6.00    0.00    0.00    3.00    0.00    0.00    0.00    0.00
19:48:18      16   86.27    0.00    8.82    0.00    0.00    1.96    0.00    0.00    0.00    2.94
19:48:18      17   97.03    0.00    1.98    0.00    0.00    0.99    0.00    0.00    0.00    0.00
19:48:18      18   83.17    0.00   11.88    0.00    0.00    3.96    0.00    0.00    0.00    0.99
19:48:18      19   75.00    0.00   19.00    0.00    0.00    5.00    0.00    0.00    0.00    1.00
19:48:18      20   83.17    0.00   11.88    0.00    0.00    4.95    0.00    0.00    0.00    0.00
19:48:18      21   94.12    0.00    4.90    0.00    0.00    0.98    0.00    0.00    0.00    0.00
19:48:18      22   88.00    0.00   10.00    0.00    0.00    2.00    0.00    0.00    0.00    0.00
19:48:18      23   92.16    0.00    5.88    0.00    0.00    1.96    0.00    0.00    0.00    0.00
19:48:18      24   77.78    0.00   15.15    0.00    0.00    6.06    0.00    0.00    0.00    1.01
19:48:18      25   75.76    0.00   17.17    0.00    0.00    5.05    0.00    0.00    0.00    2.02
19:48:18      26   76.00    0.00   16.00    0.00    0.00    8.00    0.00    0.00    0.00    0.00
19:48:18      27   88.00    0.00    8.00    0.00    0.00    4.00    0.00    0.00    0.00    0.00
19:48:18      28   73.00    0.00   18.00    0.00    0.00    6.00    0.00    0.00    0.00    3.00
19:48:18      29   74.23    0.00   18.56    0.00    0.00    5.15    0.00    0.00    0.00    2.06
19:48:18      30   81.19    0.00   13.86    0.00    0.00    4.95    0.00    0.00    0.00    0.00
19:48:18      31   99.01    0.00    0.99    0.00    0.00    0.00    0.00    0.00    0.00    0.00

19:48:18     CPU    %usr   %nice    %sys %iowait    %irq   %soft  %steal  %guest  %gnice   %idle
19:48:19     all   87.55    0.00    8.74    0.00    0.00    2.77    0.00    0.00    0.00    0.94
19:48:19       0   93.94    0.00    5.05    0.00    0.00    0.00    0.00    0.00    0.00    1.01
19:48:19       1   82.83    0.00   14.14    0.00    0.00    2.02    0.00    0.00    0.00    1.01
19:48:19       2   96.97    0.00    2.02    0.00    0.00    1.01    0.00    0.00    0.00    0.00
19:48:19       3   65.66    0.00   23.23    0.00    0.00    7.07    0.00    0.00    0.00    4.04
19:48:19       4   96.00    0.00    2.00    0.00    0.00    2.00    0.00    0.00    0.00    0.00
19:48:19       5   90.00    0.00    8.00    0.00    0.00    2.00    0.00    0.00    0.00    0.00
19:48:19       6   91.00    0.00    8.00    0.00    0.00    1.00    0.00    0.00    0.00    0.00
19:48:19       7   91.09    0.00    4.95    0.00    0.00    3.96    0.00    0.00    0.00    0.00
19:48:19       8   95.00    0.00    4.00    0.00    0.00    1.00    0.00    0.00    0.00    0.00
19:48:19       9   89.00    0.00    8.00    0.00    0.00    3.00    0.00    0.00    0.00    0.00
19:48:19      10   99.00    0.00    1.00    0.00    0.00    0.00    0.00    0.00    0.00    0.00
19:48:19      11   85.15    0.00   10.89    0.00    0.00    3.96    0.00    0.00    0.00    0.00
19:48:19      12   89.11    0.00    7.92    0.00    0.00    1.98    0.00    0.00    0.00    0.99
19:48:19      13   92.00    0.00    5.00    0.00    0.00    2.00    0.00    0.00    0.00    1.00
19:48:19      14   95.00    0.00    4.00    0.00    0.00    1.00    0.00    0.00    0.00    0.00
19:48:19      15   88.89    0.00    9.09    0.00    0.00    2.02    0.00    0.00    0.00    0.00
19:48:19      16   99.00    0.00    1.00    0.00    0.00    0.00    0.00    0.00    0.00    0.00
19:48:19      17   90.00    0.00    8.00    0.00    0.00    2.00    0.00    0.00    0.00    0.00
19:48:19      18   96.97    0.00    3.03    0.00    0.00    0.00    0.00    0.00    0.00    0.00
19:48:19      19   67.35    0.00   25.51    0.00    0.00    4.08    0.00    0.00    0.00    3.06
19:48:19      20   98.00    0.00    1.00    0.00    0.00    1.00    0.00    0.00    0.00    0.00
19:48:19      21   93.88    0.00    5.10    0.00    0.00    1.02    0.00    0.00    0.00    0.00
19:48:19      22   90.00    0.00    7.00    0.00    0.00    3.00    0.00    0.00    0.00    0.00
19:48:19      23   90.91    0.00    7.07    0.00    0.00    2.02    0.00    0.00    0.00    0.00
19:48:19      24   70.00    0.00   22.00    0.00    0.00    7.00    0.00    0.00    0.00    1.00
19:48:19      25   80.00    0.00   14.00    0.00    0.00    6.00    0.00    0.00    0.00    0.00
19:48:19      26   87.88    0.00    9.09    0.00    0.00    3.03    0.00    0.00    0.00    0.00
19:48:19      27   82.47    0.00   11.34    0.00    0.00    3.09    0.00    0.00    0.00    3.09
19:48:19      28   58.95    0.00   22.11    0.00    0.00   10.53    0.00    0.00    0.00    8.42
19:48:19      29   69.70    0.00   17.17    0.00    0.00    7.07    0.00    0.00    0.00    6.06
19:48:19      30   88.00    0.00    8.00    0.00    0.00    4.00    0.00    0.00    0.00    0.00
19:48:19      31   96.00    0.00    2.00    0.00    0.00    1.00    0.00    0.00    0.00    1.00

19:48:19     CPU    %usr   %nice    %sys %iowait    %irq   %soft  %steal  %guest  %gnice   %idle
19:48:20     all   87.45    0.00    9.32    0.00    0.00    2.60    0.00    0.00    0.00    0.63
19:48:20       0   84.85    0.00   10.10    0.00    0.00    4.04    0.00    0.00    0.00    1.01
19:48:20       1   86.14    0.00   10.89    0.00    0.00    1.98    0.00    0.00    0.00    0.99
19:48:20       2   92.08    0.00    3.96    0.00    0.00    3.96    0.00    0.00    0.00    0.00
19:48:20       3   80.41    0.00   14.43    0.00    0.00    4.12    0.00    0.00    0.00    1.03
19:48:20       4   91.00    0.00    7.00    0.00    0.00    2.00    0.00    0.00    0.00    0.00
19:48:20       5   87.00    0.00    9.00    0.00    0.00    3.00    0.00    0.00    0.00    1.00
19:48:20       6   93.94    0.00    4.04    0.00    0.00    2.02    0.00    0.00    0.00    0.00
19:48:20       7   93.00    0.00    6.00    0.00    0.00    1.00    0.00    0.00    0.00    0.00
19:48:20       8   91.92    0.00    7.07    0.00    0.00    1.01    0.00    0.00    0.00    0.00
19:48:20       9   90.91    0.00    5.05    0.00    0.00    4.04    0.00    0.00    0.00    0.00
19:48:20      10   99.00    0.00    1.00    0.00    0.00    0.00    0.00    0.00    0.00    0.00
19:48:20      11   93.88    0.00    4.08    0.00    0.00    2.04    0.00    0.00    0.00    0.00
19:48:20      12   92.08    0.00    5.94    0.00    0.00    1.98    0.00    0.00    0.00    0.00
19:48:20      13   97.00    0.00    2.00    0.00    0.00    1.00    0.00    0.00    0.00    0.00
19:48:20      14   92.00    0.00    7.00    0.00    0.00    1.00    0.00    0.00    0.00    0.00
19:48:20      15   94.00    0.00    5.00    0.00    0.00    1.00    0.00    0.00    0.00    0.00
19:48:20      16   88.00    0.00    9.00    0.00    0.00    2.00    0.00    0.00    0.00    1.00
19:48:20      17   95.00    0.00    4.00    0.00    0.00    1.00    0.00    0.00    0.00    0.00
19:48:20      18   80.20    0.00   11.88    0.00    0.00    6.93    0.00    0.00    0.00    0.99
19:48:20      19   71.00    0.00   28.00    0.00    0.00    1.00    0.00    0.00    0.00    0.00
19:48:20      20   95.96    0.00    3.03    0.00    0.00    1.01    0.00    0.00    0.00    0.00
19:48:20      21   95.05    0.00    4.95    0.00    0.00    0.00    0.00    0.00    0.00    0.00
19:48:20      22   93.00    0.00    5.00    0.00    0.00    2.00    0.00    0.00    0.00    0.00
19:48:20      23   94.00    0.00    4.00    0.00    0.00    1.00    0.00    0.00    0.00    1.00
19:48:20      24   69.07    0.00   19.59    0.00    0.00    7.22    0.00    0.00    0.00    4.12
19:48:20      25   72.45    0.00   20.41    0.00    0.00    5.10    0.00    0.00    0.00    2.04
19:48:20      26   79.41    0.00   16.67    0.00    0.00    3.92    0.00    0.00    0.00    0.00
19:48:20      27   70.41    0.00   20.41    0.00    0.00    6.12    0.00    0.00    0.00    3.06
19:48:20      28   68.04    0.00   22.68    0.00    0.00    6.19    0.00    0.00    0.00    3.09
19:48:20      29   78.00    0.00   17.00    0.00    0.00    4.00    0.00    0.00    0.00    1.00
19:48:20      30   92.00    0.00    7.00    0.00    0.00    1.00    0.00    0.00    0.00    0.00
19:48:20      31   96.00    0.00    3.00    0.00    0.00    1.00    0.00    0.00    0.00    0.00

19:48:20     CPU    %usr   %nice    %sys %iowait    %irq   %soft  %steal  %guest  %gnice   %idle
19:48:21     all   88.39    0.00    8.51    0.00    0.00    2.50    0.00    0.00    0.00    0.59
19:48:21       0   89.90    0.00    7.07    0.00    0.00    2.02    0.00    0.00    0.00    1.01
19:48:21       1   92.00    0.00    6.00    0.00    0.00    2.00    0.00    0.00    0.00    0.00
19:48:21       2   85.00    0.00   11.00    0.00    0.00    3.00    0.00    0.00    0.00    1.00
19:48:21       3   89.11    0.00    7.92    0.00    0.00    0.99    0.00    0.00    0.00    1.98
19:48:21       4   91.92    0.00    6.06    0.00    0.00    2.02    0.00    0.00    0.00    0.00
19:48:21       5   86.00    0.00   13.00    0.00    0.00    1.00    0.00    0.00    0.00    0.00
19:48:21       6   86.14    0.00   11.88    0.00    0.00    1.98    0.00    0.00    0.00    0.00
19:48:21       7   90.00    0.00    8.00    0.00    0.00    2.00    0.00    0.00    0.00    0.00
19:48:21       8   96.04    0.00    1.98    0.00    0.00    1.98    0.00    0.00    0.00    0.00
19:48:21       9   86.14    0.00    8.91    0.00    0.00    4.95    0.00    0.00    0.00    0.00
19:48:21      10   97.98    0.00    2.02    0.00    0.00    0.00    0.00    0.00    0.00    0.00
19:48:21      11   90.10    0.00    7.92    0.00    0.00    0.99    0.00    0.00    0.00    0.99
19:48:21      12   96.97    0.00    2.02    0.00    0.00    1.01    0.00    0.00    0.00    0.00
19:48:21      13   99.00    0.00    1.00    0.00    0.00    0.00    0.00    0.00    0.00    0.00
19:48:21      14   90.00    0.00    9.00    0.00    0.00    1.00    0.00    0.00    0.00    0.00
19:48:21      15   88.12    0.00    7.92    0.00    0.00    3.96    0.00    0.00    0.00    0.00
19:48:21      16   91.92    0.00    4.04    0.00    0.00    2.02    0.00    0.00    0.00    2.02
19:48:21      17   97.03    0.00    1.98    0.00    0.00    0.99    0.00    0.00    0.00    0.00
19:48:21      18   85.00    0.00   12.00    0.00    0.00    1.00    0.00    0.00    0.00    2.00
19:48:21      19   82.83    0.00   14.14    0.00    0.00    2.02    0.00    0.00    0.00    1.01
19:48:21      20   98.00    0.00    2.00    0.00    0.00    0.00    0.00    0.00    0.00    0.00
19:48:21      21   73.00    0.00   23.00    0.00    0.00    3.00    0.00    0.00    0.00    1.00
19:48:21      22   89.00    0.00    9.00    0.00    0.00    2.00    0.00    0.00    0.00    0.00
19:48:21      23   96.00    0.00    3.00    0.00    0.00    1.00    0.00    0.00    0.00    0.00
19:48:21      24   63.92    0.00   19.59    0.00    0.00   11.34    0.00    0.00    0.00    5.15
19:48:21      25   88.00    0.00    8.00    0.00    0.00    4.00    0.00    0.00    0.00    0.00
19:48:21      26   89.90    0.00    7.07    0.00    0.00    3.03    0.00    0.00    0.00    0.00
19:48:21      27   77.78    0.00   15.15    0.00    0.00    5.05    0.00    0.00    0.00    2.02
19:48:21      28   75.00    0.00   16.00    0.00    0.00    8.00    0.00    0.00    0.00    1.00
19:48:21      29   75.25    0.00   18.81    0.00    0.00    5.94    0.00    0.00    0.00    0.00
19:48:21      30   94.95    0.00    4.04    0.00    0.00    1.01    0.00    0.00    0.00    0.00
19:48:21      31   96.00    0.00    3.00    0.00    0.00    1.00    0.00    0.00    0.00    0.00

19:48:21     CPU    %usr   %nice    %sys %iowait    %irq   %soft  %steal  %guest  %gnice   %idle
19:48:22     all   87.01    0.00    9.68    0.00    0.00    3.00    0.00    0.00    0.00    0.31
19:48:22       0   91.09    0.00    6.93    0.00    0.00    1.98    0.00    0.00    0.00    0.00
19:48:22       1   86.87    0.00    9.09    0.00    0.00    2.02    0.00    0.00    0.00    2.02
19:48:22       2   86.00    0.00   11.00    0.00    0.00    3.00    0.00    0.00    0.00    0.00
19:48:22       3   97.00    0.00    2.00    0.00    0.00    1.00    0.00    0.00    0.00    0.00
19:48:22       4   90.10    0.00    8.91    0.00    0.00    0.99    0.00    0.00    0.00    0.00
19:48:22       5   73.27    0.00   19.80    0.00    0.00    5.94    0.00    0.00    0.00    0.99
19:48:22       6   86.87    0.00   10.10    0.00    0.00    2.02    0.00    0.00    0.00    1.01
19:48:22       7   96.00    0.00    4.00    0.00    0.00    0.00    0.00    0.00    0.00    0.00
19:48:22       8   84.00    0.00   11.00    0.00    0.00    4.00    0.00    0.00    0.00    1.00
19:48:22       9   89.00    0.00    8.00    0.00    0.00    3.00    0.00    0.00    0.00    0.00
19:48:22      10   87.00    0.00   11.00    0.00    0.00    2.00    0.00    0.00    0.00    0.00
19:48:22      11   94.00    0.00    4.00    0.00    0.00    2.00    0.00    0.00    0.00    0.00
19:48:22      12   99.01    0.00    0.99    0.00    0.00    0.00    0.00    0.00    0.00    0.00
19:48:22      13  100.00    0.00    0.00    0.00    0.00    0.00    0.00    0.00    0.00    0.00
19:48:22      14   88.12    0.00    6.93    0.00    0.00    4.95    0.00    0.00    0.00    0.00
19:48:22      15   80.00    0.00   14.00    0.00    0.00    6.00    0.00    0.00    0.00    0.00
19:48:22      16   97.00    0.00    2.00    0.00    0.00    1.00    0.00    0.00    0.00    0.00
19:48:22      17   87.76    0.00   10.20    0.00    0.00    2.04    0.00    0.00    0.00    0.00
19:48:22      18   91.92    0.00    6.06    0.00    0.00    2.02    0.00    0.00    0.00    0.00
19:48:22      19   87.13    0.00    9.90    0.00    0.00    2.97    0.00    0.00    0.00    0.00
19:48:22      20   93.07    0.00    4.95    0.00    0.00    1.98    0.00    0.00    0.00    0.00
19:48:22      21   74.00    0.00   21.00    0.00    0.00    2.00    0.00    0.00    0.00    3.00
19:48:22      22   90.00    0.00    9.00    0.00    0.00    1.00    0.00    0.00    0.00    0.00
19:48:22      23   96.00    0.00    3.00    0.00    0.00    1.00    0.00    0.00    0.00    0.00
19:48:22      24   78.79    0.00   13.13    0.00    0.00    7.07    0.00    0.00    0.00    1.01
19:48:22      25   76.47    0.00   17.65    0.00    0.00    4.90    0.00    0.00    0.00    0.98
19:48:22      26   81.00    0.00   14.00    0.00    0.00    5.00    0.00    0.00    0.00    0.00
19:48:22      27   76.00    0.00   16.00    0.00    0.00    8.00    0.00    0.00    0.00    0.00
19:48:22      28   75.00    0.00   19.00    0.00    0.00    6.00    0.00    0.00    0.00    0.00
19:48:22      29   73.74    0.00   20.20    0.00    0.00    6.06    0.00    0.00    0.00    0.00
19:48:22      30   84.00    0.00   12.00    0.00    0.00    4.00    0.00    0.00    0.00    0.00
19:48:22      31   94.00    0.00    4.00    0.00    0.00    2.00    0.00    0.00    0.00    0.00

19:48:22     CPU    %usr   %nice    %sys %iowait    %irq   %soft  %steal  %guest  %gnice   %idle
19:48:23     all   87.30    0.00    9.76    0.00    0.00    2.60    0.00    0.00    0.00    0.34
19:48:23       0   95.00    0.00    4.00    0.00    0.00    1.00    0.00    0.00    0.00    0.00
19:48:23       1   92.08    0.00    6.93    0.00    0.00    0.99    0.00    0.00    0.00    0.00
19:48:23       2   89.00    0.00    9.00    0.00    0.00    1.00    0.00    0.00    0.00    1.00
19:48:23       3   90.00    0.00    7.00    0.00    0.00    3.00    0.00    0.00    0.00    0.00
19:48:23       4   81.82    0.00   13.13    0.00    0.00    4.04    0.00    0.00    0.00    1.01
19:48:23       5   70.00    0.00   26.00    0.00    0.00    2.00    0.00    0.00    0.00    2.00
19:48:23       6   93.07    0.00    5.94    0.00    0.00    0.99    0.00    0.00    0.00    0.00
19:48:23       7   93.00    0.00    5.00    0.00    0.00    2.00    0.00    0.00    0.00    0.00
19:48:23       8   89.00    0.00    7.00    0.00    0.00    3.00    0.00    0.00    0.00    1.00
19:48:23       9   91.00    0.00    7.00    0.00    0.00    2.00    0.00    0.00    0.00    0.00
19:48:23      10   90.00    0.00    8.00    0.00    0.00    2.00    0.00    0.00    0.00    0.00
19:48:23      11   90.00    0.00    9.00    0.00    0.00    1.00    0.00    0.00    0.00    0.00
19:48:23      12   99.00    0.00    1.00    0.00    0.00    0.00    0.00    0.00    0.00    0.00
19:48:23      13   99.00    0.00    1.00    0.00    0.00    0.00    0.00    0.00    0.00    0.00
19:48:23      14   91.00    0.00    8.00    0.00    0.00    1.00    0.00    0.00    0.00    0.00
19:48:23      15   89.00    0.00    9.00    0.00    0.00    2.00    0.00    0.00    0.00    0.00
19:48:23      16   96.04    0.00    2.97    0.00    0.00    0.99    0.00    0.00    0.00    0.00
19:48:23      17   95.05    0.00    3.96    0.00    0.00    0.99    0.00    0.00    0.00    0.00
19:48:23      18   91.09    0.00    7.92    0.00    0.00    0.99    0.00    0.00    0.00    0.00
19:48:23      19   88.00    0.00    9.00    0.00    0.00    2.00    0.00    0.00    0.00    1.00
19:48:23      20   87.88    0.00    8.08    0.00    0.00    2.02    0.00    0.00    0.00    2.02
19:48:23      21   77.78    0.00   16.16    0.00    0.00    6.06    0.00    0.00    0.00    0.00
19:48:23      22   88.00    0.00   10.00    0.00    0.00    2.00    0.00    0.00    0.00    0.00
19:48:23      23   86.00    0.00   10.00    0.00    0.00    4.00    0.00    0.00    0.00    0.00
19:48:23      24   72.73    0.00   19.19    0.00    0.00    6.06    0.00    0.00    0.00    2.02
19:48:23      25   68.75    0.00   22.92    0.00    0.00    7.29    0.00    0.00    0.00    1.04
19:48:23      26   75.25    0.00   17.82    0.00    0.00    6.93    0.00    0.00    0.00    0.00
19:48:23      27   74.75    0.00   19.19    0.00    0.00    6.06    0.00    0.00    0.00    0.00
19:48:23      28   86.87    0.00    9.09    0.00    0.00    4.04    0.00    0.00    0.00    0.00
19:48:23      29   78.79    0.00   16.16    0.00    0.00    5.05    0.00    0.00    0.00    0.00
19:48:23      30   84.00    0.00   13.00    0.00    0.00    3.00    0.00    0.00    0.00    0.00
19:48:23      31   99.01    0.00    0.99    0.00    0.00    0.00    0.00    0.00    0.00    0.00

19:48:23     CPU    %usr   %nice    %sys %iowait    %irq   %soft  %steal  %guest  %gnice   %idle
19:48:24     all   86.89    0.00    9.41    0.00    0.00    2.98    0.00    0.00    0.00    0.72
19:48:24       0   95.00    0.00    4.00    0.00    0.00    1.00    0.00    0.00    0.00    0.00
19:48:24       1   93.94    0.00    5.05    0.00    0.00    1.01    0.00    0.00    0.00    0.00
19:48:24       2   84.00    0.00   13.00    0.00    0.00    3.00    0.00    0.00    0.00    0.00
19:48:24       3   98.99    0.00    1.01    0.00    0.00    0.00    0.00    0.00    0.00    0.00
19:48:24       4   72.45    0.00   20.41    0.00    0.00    6.12    0.00    0.00    0.00    1.02
19:48:24       5   71.00    0.00   24.00    0.00    0.00    4.00    0.00    0.00    0.00    1.00
19:48:24       6   89.00    0.00    8.00    0.00    0.00    3.00    0.00    0.00    0.00    0.00
19:48:24       7   93.00    0.00    4.00    0.00    0.00    3.00    0.00    0.00    0.00    0.00
19:48:24       8   96.00    0.00    3.00    0.00    0.00    1.00    0.00    0.00    0.00    0.00
19:48:24       9   90.91    0.00    7.07    0.00    0.00    2.02    0.00    0.00    0.00    0.00
19:48:24      10   97.00    0.00    3.00    0.00    0.00    0.00    0.00    0.00    0.00    0.00
19:48:24      11   99.00    0.00    1.00    0.00    0.00    0.00    0.00    0.00    0.00    0.00
19:48:24      12   92.00    0.00    6.00    0.00    0.00    2.00    0.00    0.00    0.00    0.00
19:48:24      13   96.00    0.00    3.00    0.00    0.00    1.00    0.00    0.00    0.00    0.00
19:48:24      14   91.00    0.00    5.00    0.00    0.00    4.00    0.00    0.00    0.00    0.00
19:48:24      15   91.00    0.00    8.00    0.00    0.00    1.00    0.00    0.00    0.00    0.00
19:48:24      16   95.00    0.00    3.00    0.00    0.00    2.00    0.00    0.00    0.00    0.00
19:48:24      17   94.00    0.00    5.00    0.00    0.00    1.00    0.00    0.00    0.00    0.00
19:48:24      18  100.00    0.00    0.00    0.00    0.00    0.00    0.00    0.00    0.00    0.00
19:48:24      19   97.00    0.00    3.00    0.00    0.00    0.00    0.00    0.00    0.00    0.00
19:48:24      20   78.00    0.00   18.00    0.00    0.00    3.00    0.00    0.00    0.00    1.00
19:48:24      21   70.30    0.00   25.74    0.00    0.00    2.97    0.00    0.00    0.00    0.99
19:48:24      22   92.08    0.00    3.96    0.00    0.00    3.96    0.00    0.00    0.00    0.00
19:48:24      23   91.00    0.00    6.00    0.00    0.00    3.00    0.00    0.00    0.00    0.00
19:48:24      24   59.79    0.00   21.65    0.00    0.00   12.37    0.00    0.00    0.00    6.19
19:48:24      25   56.84    0.00   21.05    0.00    0.00    8.42    0.00    0.00    0.00   13.68
19:48:24      26   70.41    0.00   22.45    0.00    0.00    7.14    0.00    0.00    0.00    0.00
19:48:24      27   74.26    0.00   17.82    0.00    0.00    7.92    0.00    0.00    0.00    0.00
19:48:24      28   84.31    0.00   10.78    0.00    0.00    4.90    0.00    0.00    0.00    0.00
19:48:24      29   81.19    0.00   14.85    0.00    0.00    3.96    0.00    0.00    0.00    0.00
19:48:24      30   84.00    0.00   13.00    0.00    0.00    3.00    0.00    0.00    0.00    0.00
19:48:24      31  100.00    0.00    0.00    0.00    0.00    0.00    0.00    0.00    0.00    0.00

19:48:24     CPU    %usr   %nice    %sys %iowait    %irq   %soft  %steal  %guest  %gnice   %idle
19:48:25     all   87.97    0.00    8.61    0.00    0.00    2.94    0.00    0.00    0.00    0.47
19:48:25       0   82.65    0.00   11.22    0.00    0.00    5.10    0.00    0.00    0.00    1.02
19:48:25       1   98.00    0.00    2.00    0.00    0.00    0.00    0.00    0.00    0.00    0.00
19:48:25       2   92.00    0.00    8.00    0.00    0.00    0.00    0.00    0.00    0.00    0.00
19:48:25       3   98.00    0.00    2.00    0.00    0.00    0.00    0.00    0.00    0.00    0.00
19:48:25       4   68.93    0.00   20.39    0.00    0.00    7.77    0.00    0.00    0.00    2.91
19:48:25       5   70.71    0.00   19.19    0.00    0.00    7.07    0.00    0.00    0.00    3.03
19:48:25       6   95.00    0.00    2.00    0.00    0.00    3.00    0.00    0.00    0.00    0.00
19:48:25       7   98.00    0.00    2.00    0.00    0.00    0.00    0.00    0.00    0.00    0.00
19:48:25       8   95.00    0.00    4.00    0.00    0.00    1.00    0.00    0.00    0.00    0.00
19:48:25       9   94.95    0.00    4.04    0.00    0.00    1.01    0.00    0.00    0.00    0.00
19:48:25      10  100.00    0.00    0.00    0.00    0.00    0.00    0.00    0.00    0.00    0.00
19:48:25      11  100.00    0.00    0.00    0.00    0.00    0.00    0.00    0.00    0.00    0.00
19:48:25      12   94.00    0.00    4.00    0.00    0.00    2.00    0.00    0.00    0.00    0.00
19:48:25      13   89.90    0.00    7.07    0.00    0.00    3.03    0.00    0.00    0.00    0.00
19:48:25      14   97.98    0.00    2.02    0.00    0.00    0.00    0.00    0.00    0.00    0.00
19:48:25      15   88.00    0.00    8.00    0.00    0.00    4.00    0.00    0.00    0.00    0.00
19:48:25      16  100.00    0.00    0.00    0.00    0.00    0.00    0.00    0.00    0.00    0.00
19:48:25      17   97.00    0.00    2.00    0.00    0.00    1.00    0.00    0.00    0.00    0.00
19:48:25      18   97.03    0.00    1.98    0.00    0.00    0.99    0.00    0.00    0.00    0.00
19:48:25      19   97.00    0.00    3.00    0.00    0.00    0.00    0.00    0.00    0.00    0.00
19:48:25      20   72.00    0.00   19.00    0.00    0.00    7.00    0.00    0.00    0.00    2.00
19:48:25      21   62.63    0.00   32.32    0.00    0.00    4.04    0.00    0.00    0.00    1.01
19:48:25      22   92.93    0.00    5.05    0.00    0.00    2.02    0.00    0.00    0.00    0.00
19:48:25      23   91.00    0.00    6.00    0.00    0.00    3.00    0.00    0.00    0.00    0.00
19:48:25      24   69.07    0.00   19.59    0.00    0.00    8.25    0.00    0.00    0.00    3.09
19:48:25      25   70.00    0.00   20.00    0.00    0.00    8.00    0.00    0.00    0.00    2.00
19:48:25      26   75.25    0.00   16.83    0.00    0.00    7.92    0.00    0.00    0.00    0.00
19:48:25      27   78.00    0.00   16.00    0.00    0.00    6.00    0.00    0.00    0.00    0.00
19:48:25      28   90.91    0.00    7.07    0.00    0.00    2.02    0.00    0.00    0.00    0.00
19:48:25      29   73.00    0.00   20.00    0.00    0.00    7.00    0.00    0.00    0.00    0.00
19:48:25      30   87.00    0.00   10.00    0.00    0.00    3.00    0.00    0.00    0.00    0.00
19:48:25      31   99.00    0.00    1.00    0.00    0.00    0.00    0.00    0.00    0.00    0.00

19:48:25     CPU    %usr   %nice    %sys %iowait    %irq   %soft  %steal  %guest  %gnice   %idle
19:48:26     all   92.91    0.00    4.08    0.00    0.00    1.19    0.00    0.00    0.00    1.82
19:48:26       0   83.67    0.00    8.16    0.00    0.00    5.10    0.00    0.00    0.00    3.06
19:48:26       1   88.00    0.00   10.00    0.00    0.00    1.00    0.00    0.00    0.00    1.00
19:48:26       2  100.00    0.00    0.00    0.00    0.00    0.00    0.00    0.00    0.00    0.00
19:48:26       3   98.00    0.00    1.00    0.00    0.00    1.00    0.00    0.00    0.00    0.00
19:48:26       4   88.89    0.00    2.02    0.00    0.00    1.01    0.00    0.00    0.00    8.08
19:48:26       5   64.95    0.00   12.37    0.00    0.00    4.12    0.00    0.00    0.00   18.56
19:48:26       6   92.93    0.00    6.06    0.00    0.00    1.01    0.00    0.00    0.00    0.00
19:48:26       7  100.00    0.00    0.00    0.00    0.00    0.00    0.00    0.00    0.00    0.00
19:48:26       8  100.00    0.00    0.00    0.00    0.00    0.00    0.00    0.00    0.00    0.00
19:48:26       9  100.00    0.00    0.00    0.00    0.00    0.00    0.00    0.00    0.00    0.00
19:48:26      10   99.00    0.00    1.00    0.00    0.00    0.00    0.00    0.00    0.00    0.00
19:48:26      11  100.00    0.00    0.00    0.00    0.00    0.00    0.00    0.00    0.00    0.00
19:48:26      12   96.94    0.00    2.04    0.00    0.00    1.02    0.00    0.00    0.00    0.00
19:48:26      13   98.02    0.00    1.98    0.00    0.00    0.00    0.00    0.00    0.00    0.00
19:48:26      14   97.00    0.00    2.00    0.00    0.00    1.00    0.00    0.00    0.00    0.00
19:48:26      15   99.01    0.00    0.99    0.00    0.00    0.00    0.00    0.00    0.00    0.00
19:48:26      16   72.92    0.00   12.50    0.00    0.00    4.17    0.00    0.00    0.00   10.42
19:48:26      17  100.00    0.00    0.00    0.00    0.00    0.00    0.00    0.00    0.00    0.00
19:48:26      18   97.00    0.00    2.00    0.00    0.00    1.00    0.00    0.00    0.00    0.00
19:48:26      19   98.00    0.00    2.00    0.00    0.00    0.00    0.00    0.00    0.00    0.00
19:48:26      20   93.07    0.00    3.96    0.00    0.00    0.00    0.00    0.00    0.00    2.97
19:48:26      21   83.00    0.00   10.00    0.00    0.00    1.00    0.00    0.00    0.00    6.00
19:48:26      22   98.00    0.00    2.00    0.00    0.00    0.00    0.00    0.00    0.00    0.00
19:48:26      23   88.00    0.00    6.00    0.00    0.00    0.00    0.00    0.00    0.00    6.00
19:48:26      24   69.31    0.00   19.80    0.00    0.00    7.92    0.00    0.00    0.00    2.97
19:48:26      25   92.93    0.00    6.06    0.00    0.00    1.01    0.00    0.00    0.00    0.00
19:48:26      26   95.96    0.00    2.02    0.00    0.00    2.02    0.00    0.00    0.00    0.00
19:48:26      27   92.93    0.00    5.05    0.00    0.00    2.02    0.00    0.00    0.00    0.00
19:48:26      28   95.96    0.00    3.03    0.00    0.00    1.01    0.00    0.00    0.00    0.00
19:48:26      29   90.91    0.00    7.07    0.00    0.00    2.02    0.00    0.00    0.00    0.00
19:48:26      30   97.03    0.00    1.98    0.00    0.00    0.99    0.00    0.00    0.00    0.00
19:48:26      31  100.00    0.00    0.00    0.00    0.00    0.00    0.00    0.00    0.00    0.00

Average:     CPU    %usr   %nice    %sys %iowait    %irq   %soft  %steal  %guest  %gnice   %idle
Average:     all   88.49    0.00    8.50    0.00    0.00    2.48    0.00    0.00    0.00    0.53
Average:       0   91.49    0.00    6.43    0.00    0.00    1.73    0.00    0.00    0.00    0.35
Average:       1   90.66    0.00    7.48    0.00    0.00    1.44    0.00    0.00    0.00    0.42
Average:       2   90.78    0.00    7.27    0.00    0.00    1.72    0.00    0.00    0.00    0.23
Average:       3   91.59    0.00    6.42    0.00    0.00    1.76    0.00    0.00    0.00    0.23
Average:       4   89.97    0.00    7.75    0.00    0.00    1.96    0.00    0.00    0.00    0.33
Average:       5   90.72    0.00    7.08    0.00    0.00    1.78    0.00    0.00    0.00    0.41
Average:       6   90.89    0.00    7.16    0.00    0.00    1.71    0.00    0.00    0.00    0.25
Average:       7   90.87    0.00    7.12    0.00    0.00    1.84    0.00    0.00    0.00    0.17
Average:       8   91.09    0.00    6.96    0.00    0.00    1.77    0.00    0.00    0.00    0.18
Average:       9   86.46    0.00   10.72    0.00    0.00    2.47    0.00    0.00    0.00    0.36
Average:      10   90.24    0.00    8.14    0.00    0.00    1.50    0.00    0.00    0.00    0.12
Average:      11   92.46    0.00    5.63    0.00    0.00    1.79    0.00    0.00    0.00    0.12
Average:      12   91.76    0.00    6.13    0.00    0.00    1.89    0.00    0.00    0.00    0.22
Average:      13   90.15    0.00    7.30    0.00    0.00    2.26    0.00    0.00    0.00    0.29
Average:      14   93.36    0.00    5.04    0.00    0.00    1.58    0.00    0.00    0.00    0.02
Average:      15   94.36    0.00    4.24    0.00    0.00    1.38    0.00    0.00    0.00    0.02
Average:      16   91.75    0.00    6.32    0.00    0.00    1.45    0.00    0.00    0.00    0.49
Average:      17   91.74    0.00    6.47    0.00    0.00    1.52    0.00    0.00    0.00    0.27
Average:      18   91.18    0.00    6.61    0.00    0.00    1.94    0.00    0.00    0.00    0.27
Average:      19   89.85    0.00    7.97    0.00    0.00    1.92    0.00    0.00    0.00    0.26
Average:      20   90.38    0.00    7.30    0.00    0.00    1.99    0.00    0.00    0.00    0.34
Average:      21   91.47    0.00    6.75    0.00    0.00    1.53    0.00    0.00    0.00    0.25
Average:      22   90.89    0.00    7.05    0.00    0.00    1.90    0.00    0.00    0.00    0.16
Average:      23   90.86    0.00    6.86    0.00    0.00    1.96    0.00    0.00    0.00    0.33
Average:      24   79.42    0.00   13.57    0.00    0.00    4.97    0.00    0.00    0.00    2.04
Average:      25   77.99    0.00   14.98    0.00    0.00    5.43    0.00    0.00    0.00    1.60
Average:      26   87.07    0.00    9.08    0.00    0.00    3.02    0.00    0.00    0.00    0.83
Average:      27   85.52    0.00   10.62    0.00    0.00    3.31    0.00    0.00    0.00    0.56
Average:      28   76.73    0.00   15.60    0.00    0.00    5.62    0.00    0.00    0.00    2.05
Average:      29   74.20    0.00   17.04    0.00    0.00    6.01    0.00    0.00    0.00    2.76
Average:      30   81.30    0.00   13.68    0.00    0.00    4.49    0.00    0.00    0.00    0.53
Average:      31   84.04    0.00   11.57    0.00    0.00    3.88    0.00    0.00    0.00    0.51
