Linux 5.15.0-177-generic (node0.paper.datacntr-effcy-pg0.utah.cloudlab.us) 	07/10/26 	_x86_64_	(32 CPU)

19:40:39     CPU    %usr   %nice    %sys %iowait    %irq   %soft  %steal  %guest  %gnice   %idle
19:40:40     all   24.38    0.00    5.30    3.39    0.00    0.94    0.00    0.00    0.00   65.99
19:40:40       0   52.48    0.00    9.90    0.00    0.00    0.00    0.00    0.00    0.00   37.62
19:40:40       1    1.11    0.00    1.11    2.22    0.00    1.11    0.00    0.00    0.00   94.44
19:40:40       2    2.63    0.00    0.00    0.00    0.00   13.16    0.00    0.00    0.00   84.21
19:40:40       3    3.00    0.00    1.00    0.00    0.00    1.00    0.00    0.00    0.00   95.00
19:40:40       4   70.71    0.00    1.01    0.00    0.00    0.00    0.00    0.00    0.00   28.28
19:40:40       5    3.03    0.00    1.01    0.00    0.00    0.00    0.00    0.00    0.00   95.96
19:40:40       6   30.61    0.00    5.10   20.41    0.00    1.02    0.00    0.00    0.00   42.86
19:40:40       7   10.00    0.00    8.00   29.00    0.00    3.00    0.00    0.00    0.00   50.00
19:40:40       8    3.00    0.00    1.00    0.00    0.00    0.00    0.00    0.00    0.00   96.00
19:40:40       9   27.72    0.00    9.90    0.00    0.00    0.00    0.00    0.00    0.00   62.38
19:40:40      10    2.02    0.00    0.00    0.00    0.00    0.00    0.00    0.00    0.00   97.98
19:40:40      11    0.00    0.00    0.00    0.00    0.00    0.00    0.00    0.00    0.00  100.00
19:40:40      12   30.69    0.00    8.91    0.99    0.00    0.00    0.00    0.00    0.00   59.41
19:40:40      13   42.42    0.00   15.15    0.00    0.00    0.00    0.00    0.00    0.00   42.42
19:40:40      14   33.01    0.00    0.97    0.00    0.00    0.00    0.00    0.00    0.00   66.02
19:40:40      15    2.02    0.00    0.00    0.00    0.00    0.00    0.00    0.00    0.00   97.98
19:40:40      16    4.04    0.00    2.02    4.04    0.00    0.00    0.00    0.00    0.00   89.90
19:40:40      17    2.06    0.00    3.09    2.06    0.00    0.00    0.00    0.00    0.00   92.78
19:40:40      18    2.02    0.00    0.00    0.00    0.00    1.01    0.00    0.00    0.00   96.97
19:40:40      19   76.77    0.00   21.21    1.01    0.00    0.00    0.00    0.00    0.00    1.01
19:40:40      20    2.02    0.00    2.02    0.00    0.00    1.01    0.00    0.00    0.00   94.95
19:40:40      21    3.06    0.00    0.00    0.00    0.00    0.00    0.00    0.00    0.00   96.94
19:40:40      22    3.06    0.00   10.20   25.51    0.00    2.04    0.00    0.00    0.00   59.18
19:40:40      23    6.00    0.00    7.00   24.00    0.00    3.00    0.00    0.00    0.00   60.00
19:40:40      24   30.00    0.00   41.00    0.00    0.00    0.00    0.00    0.00    0.00   29.00
19:40:40      25   30.61    0.00    1.02    0.00    0.00    0.00    0.00    0.00    0.00   68.37
19:40:40      26   48.00    0.00    2.00    0.00    0.00    1.00    0.00    0.00    0.00   49.00
19:40:40      27   61.76    0.00    1.96    0.00    0.00    0.00    0.00    0.00    0.00   36.27
19:40:40      28   51.00    0.00    6.00    0.00    0.00    0.00    0.00    0.00    0.00   43.00
19:40:40      29   54.55    0.00    4.04    0.00    0.00    0.00    0.00    0.00    0.00   41.41
19:40:40      30   54.00    0.00    2.00    0.00    0.00    0.00    0.00    0.00    0.00   44.00
19:40:40      31   34.00    0.00    3.00    0.00    0.00    1.00    0.00    0.00    0.00   62.00

19:40:40     CPU    %usr   %nice    %sys %iowait    %irq   %soft  %steal  %guest  %gnice   %idle
19:40:41     all   37.72    0.00    6.72    3.49    0.00    1.12    0.00    0.00    0.00   50.96
19:40:41       0   25.26    0.00   10.53    9.47    0.00    0.00    0.00    0.00    0.00   54.74
19:40:41       1   19.35    0.00    3.23    9.68    0.00    8.60    0.00    0.00    0.00   59.14
19:40:41       2   27.55    0.00    7.14    1.02    0.00    0.00    0.00    0.00    0.00   64.29
19:40:41       3   21.65    0.00    3.09    1.03    0.00    0.00    0.00    0.00    0.00   74.23
19:40:41       4   99.00    0.00    1.00    0.00    0.00    0.00    0.00    0.00    0.00    0.00
19:40:41       5   13.83    0.00    4.26   11.70    0.00    3.19    0.00    0.00    0.00   67.02
19:40:41       6   55.32    0.00   18.09    6.38    0.00    1.06    0.00    0.00    0.00   19.15
19:40:41       7   35.42    0.00    8.33   11.46    0.00    1.04    0.00    0.00    0.00   43.75
19:40:41       8    2.04    0.00    1.02    0.00    0.00    0.00    0.00    0.00    0.00   96.94
19:40:41       9    4.04    0.00    2.02    0.00    0.00    0.00    0.00    0.00    0.00   93.94
19:40:41      10    4.35    0.00    0.00    1.09    0.00    0.00    0.00    0.00    0.00   94.57
19:40:41      11    9.00    0.00    3.00    0.00    0.00    0.00    0.00    0.00    0.00   88.00
19:40:41      12    0.00    0.00    0.00    0.00    0.00    0.00    0.00    0.00    0.00  100.00
19:40:41      13    0.00    0.00    0.00    0.00    0.00    0.00    0.00    0.00    0.00  100.00
19:40:41      14   12.77    0.00    3.19    6.38    0.00    0.00    0.00    0.00    0.00   77.66
19:40:41      15    5.10    0.00    2.04    4.08    0.00    1.02    0.00    0.00    0.00   87.76
19:40:41      16   23.40    0.00    7.45   11.70    0.00    0.00    0.00    0.00    0.00   57.45
19:40:41      17   18.56    0.00    5.15   10.31    0.00    3.09    0.00    0.00    0.00   62.89
19:40:41      18   21.65    0.00    2.06    2.06    0.00    1.03    0.00    0.00    0.00   73.20
19:40:41      19   62.75    0.00   20.59    2.94    0.00    0.98    0.00    0.00    0.00   12.75
19:40:41      20   14.13    0.00    6.52    9.78    0.00    1.09    0.00    0.00    0.00   68.48
19:40:41      21   18.56    0.00    5.15    8.25    0.00    2.06    0.00    0.00    0.00   65.98
19:40:41      22   43.88    0.00   15.31    4.08    0.00    0.00    0.00    0.00    0.00   36.73
19:40:41      23   41.00    0.00   13.00    2.00    0.00    2.00    0.00    0.00    0.00   42.00
19:40:41      24   78.57    0.00    7.14    0.00    0.00    1.02    0.00    0.00    0.00   13.27
19:40:41      25   75.25    0.00    9.90    0.00    0.00    1.98    0.00    0.00    0.00   12.87
19:40:41      26   76.24    0.00    9.90    0.00    0.00    0.99    0.00    0.00    0.00   12.87
19:40:41      27   74.00    0.00   10.00    0.00    0.00    2.00    0.00    0.00    0.00   14.00
19:40:41      28   77.67    0.00    8.74    0.00    0.00    0.97    0.00    0.00    0.00   12.62
19:40:41      29   79.00    0.00    8.00    0.00    0.00    1.00    0.00    0.00    0.00   12.00
19:40:41      30   75.25    0.00    7.92    0.00    0.00    1.98    0.00    0.00    0.00   14.85
19:40:41      31   75.25    0.00    9.90    0.99    0.00    0.99    0.00    0.00    0.00   12.87

19:40:41     CPU    %usr   %nice    %sys %iowait    %irq   %soft  %steal  %guest  %gnice   %idle
19:40:42     all   46.28    0.00    9.47    0.10    0.00    1.87    0.00    0.00    0.00   42.28
19:40:42       0   38.14    0.00    6.19    0.00    0.00    4.12    0.00    0.00    0.00   51.55
19:40:42       1   35.48    0.00    6.45    0.00    0.00    3.23    0.00    0.00    0.00   54.84
19:40:42       2   50.98    0.00   10.78    0.00    0.00    2.94    0.00    0.00    0.00   35.29
19:40:42       3   41.58    0.00    9.90    0.00    0.00    1.98    0.00    0.00    0.00   46.53
19:40:42       4   99.00    0.00    1.00    0.00    0.00    0.00    0.00    0.00    0.00    0.00
19:40:42       5   25.26    0.00   12.63    1.05    0.00    1.05    0.00    0.00    0.00   60.00
19:40:42       6   56.70    0.00   15.46    0.00    0.00    1.03    0.00    0.00    0.00   26.80
19:40:42       7   42.11    0.00    9.47    0.00    0.00    2.11    0.00    0.00    0.00   46.32
19:40:42       8   12.50    0.00    2.08    0.00    0.00    0.00    0.00    0.00    0.00   85.42
19:40:42       9   12.24    0.00    3.06    0.00    0.00    1.02    0.00    0.00    0.00   83.67
19:40:42      10   17.35    0.00    8.16    0.00    0.00    0.00    0.00    0.00    0.00   74.49
19:40:42      11   15.96    0.00    4.26    0.00    0.00    2.13    0.00    0.00    0.00   77.66
19:40:42      12    7.29    0.00    0.00    0.00    0.00    0.00    0.00    0.00    0.00   92.71
19:40:42      13    3.12    0.00    0.00    0.00    0.00    1.04    0.00    0.00    0.00   95.83
19:40:42      14   12.09    0.00    2.20    1.10    0.00    1.10    0.00    0.00    0.00   83.52
19:40:42      15   17.71    0.00    4.17    1.04    0.00    0.00    0.00    0.00    0.00   77.08
19:40:42      16   30.11    0.00   12.90    0.00    0.00    2.15    0.00    0.00    0.00   54.84
19:40:42      17   39.36    0.00    6.38    0.00    0.00    0.00    0.00    0.00    0.00   54.26
19:40:42      18   35.00    0.00    9.00    0.00    0.00    2.00    0.00    0.00    0.00   54.00
19:40:42      19   59.79    0.00   14.43    0.00    0.00    0.00    0.00    0.00    0.00   25.77
19:40:42      20   30.34    0.00    6.74    0.00    0.00    3.37    0.00    0.00    0.00   59.55
19:40:42      21   29.21    0.00    7.87    0.00    0.00    3.37    0.00    0.00    0.00   59.55
19:40:42      22   49.00    0.00   16.00    0.00    0.00    1.00    0.00    0.00    0.00   34.00
19:40:42      23   75.26    0.00   19.59    0.00    0.00    0.00    0.00    0.00    0.00    5.15
19:40:42      24   80.20    0.00   11.88    0.00    0.00    3.96    0.00    0.00    0.00    3.96
19:40:42      25   78.57    0.00   13.27    0.00    0.00    4.08    0.00    0.00    0.00    4.08
19:40:42      26   80.21    0.00   14.58    0.00    0.00    2.08    0.00    0.00    0.00    3.12
19:40:42      27   80.00    0.00   14.00    0.00    0.00    4.00    0.00    0.00    0.00    2.00
19:40:42      28   77.78    0.00   16.16    0.00    0.00    3.03    0.00    0.00    0.00    3.03
19:40:42      29   76.77    0.00   14.14    0.00    0.00    3.03    0.00    0.00    0.00    6.06
19:40:42      30   80.61    0.00   14.29    0.00    0.00    2.04    0.00    0.00    0.00    3.06
19:40:42      31   76.77    0.00   14.14    0.00    0.00    4.04    0.00    0.00    0.00    5.05

19:40:42     CPU    %usr   %nice    %sys %iowait    %irq   %soft  %steal  %guest  %gnice   %idle
19:40:43     all   59.83    0.00   10.23    0.00    0.00    2.92    0.00    0.00    0.00   27.03
19:40:43       0   50.00    0.00    7.45    0.00    0.00    1.06    0.00    0.00    0.00   41.49
19:40:43       1   47.92    0.00   10.42    0.00    0.00    2.08    0.00    0.00    0.00   39.58
19:40:43       2   47.42    0.00   11.34    0.00    0.00    3.09    0.00    0.00    0.00   38.14
19:40:43       3   76.77    0.00    9.09    0.00    0.00    1.01    0.00    0.00    0.00   13.13
19:40:43       4   71.72    0.00    6.06    0.00    0.00    2.02    0.00    0.00    0.00   20.20
19:40:43       5   39.58    0.00   13.54    0.00    0.00    4.17    0.00    0.00    0.00   42.71
19:40:43       6   67.68    0.00   11.11    0.00    0.00    2.02    0.00    0.00    0.00   19.19
19:40:43       7   53.12    0.00   13.54    0.00    0.00    1.04    0.00    0.00    0.00   32.29
19:40:43       8   49.02    0.00    6.86    0.00    0.00    3.92    0.00    0.00    0.00   40.20
19:40:43       9   52.00    0.00   10.00    0.00    0.00    2.00    0.00    0.00    0.00   36.00
19:40:43      10   51.02    0.00   10.20    0.00    0.00    1.02    0.00    0.00    0.00   37.76
19:40:43      11   47.31    0.00    8.60    0.00    0.00    3.23    0.00    0.00    0.00   40.86
19:40:43      12   31.25    0.00    8.33    0.00    0.00    1.04    0.00    0.00    0.00   59.38
19:40:43      13   35.92    0.00    8.74    0.00    0.00    0.97    0.00    0.00    0.00   54.37
19:40:43      14   37.50    0.00    5.68    0.00    0.00    1.14    0.00    0.00    0.00   55.68
19:40:43      15   42.71    0.00    6.25    0.00    0.00    1.04    0.00    0.00    0.00   50.00
19:40:43      16   46.15    0.00    8.79    0.00    0.00    2.20    0.00    0.00    0.00   42.86
19:40:43      17   48.31    0.00    5.62    0.00    0.00    3.37    0.00    0.00    0.00   42.70
19:40:43      18   51.04    0.00   10.42    0.00    0.00    2.08    0.00    0.00    0.00   36.46
19:40:43      19   58.42    0.00   12.87    0.00    0.00    1.98    0.00    0.00    0.00   26.73
19:40:43      20   72.73    0.00    6.06    0.00    0.00    2.02    0.00    0.00    0.00   19.19
19:40:43      21   42.27    0.00   11.34    0.00    0.00    4.12    0.00    0.00    0.00   42.27
19:40:43      22   83.67    0.00   15.31    0.00    0.00    0.00    0.00    0.00    0.00    1.02
19:40:43      23   63.92    0.00    8.25    0.00    0.00    3.09    0.00    0.00    0.00   24.74
19:40:43      24   79.00    0.00   14.00    0.00    0.00    6.00    0.00    0.00    0.00    1.00
19:40:43      25   76.00    0.00   14.00    0.00    0.00    7.00    0.00    0.00    0.00    3.00
19:40:43      26   79.00    0.00   12.00    0.00    0.00    6.00    0.00    0.00    0.00    3.00
19:40:43      27   79.80    0.00   13.13    0.00    0.00    3.03    0.00    0.00    0.00    4.04
19:40:43      28   80.20    0.00   14.85    0.00    0.00    4.95    0.00    0.00    0.00    0.00
19:40:43      29   84.85    0.00   10.10    0.00    0.00    5.05    0.00    0.00    0.00    0.00
19:40:43      30   79.00    0.00   12.00    0.00    0.00    5.00    0.00    0.00    0.00    4.00
19:40:43      31   80.00    0.00   10.00    0.00    0.00    6.00    0.00    0.00    0.00    4.00

19:40:43     CPU    %usr   %nice    %sys %iowait    %irq   %soft  %steal  %guest  %gnice   %idle
19:40:44     all   59.65    0.00   12.85    1.77    0.00    3.26    0.00    0.00    0.00   22.47
19:40:44       0   46.46    0.00   13.13    3.03    0.00    3.03    0.00    0.00    0.00   34.34
19:40:44       1   52.00    0.00   10.00    3.00    0.00    4.00    0.00    0.00    0.00   31.00
19:40:44       2   51.06    0.00   14.89    0.00    0.00    2.13    0.00    0.00    0.00   31.91
19:40:44       3   53.06    0.00   12.24    1.02    0.00    5.10    0.00    0.00    0.00   28.57
19:40:44       4   31.25    0.00   16.67    6.25    0.00    3.12    0.00    0.00    0.00   42.71
19:40:44       5   30.21    0.00   13.54    6.25    0.00    4.17    0.00    0.00    0.00   45.83
19:40:44       6   77.78    0.00   16.16    1.01    0.00    0.00    0.00    0.00    0.00    5.05
19:40:44       7   72.28    0.00   16.83    0.99    0.00    1.98    0.00    0.00    0.00    7.92
19:40:44       8   29.90    0.00   31.96    1.03    0.00    2.06    0.00    0.00    0.00   35.05
19:40:44       9   43.88    0.00    9.18    2.04    0.00    3.06    0.00    0.00    0.00   41.84
19:40:44      10   54.64    0.00   11.34    0.00    0.00    3.09    0.00    0.00    0.00   30.93
19:40:44      11   60.00    0.00   11.00    1.00    0.00    4.00    0.00    0.00    0.00   24.00
19:40:44      12   58.95    0.00    8.42    0.00    0.00    3.16    0.00    0.00    0.00   29.47
19:40:44      13   58.82    0.00   13.73    0.00    0.00    2.94    0.00    0.00    0.00   24.51
19:40:44      14   45.54    0.00    9.90    5.94    0.00    1.98    0.00    0.00    0.00   36.63
19:40:44      15   40.20    0.00   10.78   10.78    0.00    2.94    0.00    0.00    0.00   35.29
19:40:44      16   50.00    0.00    9.00    3.00    0.00    3.00    0.00    0.00    0.00   35.00
19:40:44      17   48.35    0.00    8.79    5.49    0.00    2.20    0.00    0.00    0.00   35.16
19:40:44      18   44.55    0.00   26.73    0.00    0.00    1.98    0.00    0.00    0.00   26.73
19:40:44      19   58.16    0.00    8.16    0.00    0.00    3.06    0.00    0.00    0.00   30.61
19:40:44      20  100.00    0.00    0.00    0.00    0.00    0.00    0.00    0.00    0.00    0.00
19:40:44      21   33.33    0.00    8.33    6.25    0.00    3.12    0.00    0.00    0.00   48.96
19:40:44      22   74.76    0.00   16.50    0.00    0.00    0.00    0.00    0.00    0.00    8.74
19:40:44      23   61.17    0.00   12.62    0.00    0.00    1.94    0.00    0.00    0.00   24.27
19:40:44      24   85.86    0.00   10.10    0.00    0.00    3.03    0.00    0.00    0.00    1.01
19:40:44      25   78.00    0.00   12.00    0.00    0.00    4.00    0.00    0.00    0.00    6.00
19:40:44      26   78.00    0.00   12.00    0.00    0.00    4.00    0.00    0.00    0.00    6.00
19:40:44      27   73.74    0.00   16.16    0.00    0.00    4.04    0.00    0.00    0.00    6.06
19:40:44      28   83.67    0.00   12.24    0.00    0.00    4.08    0.00    0.00    0.00    0.00
19:40:44      29   79.00    0.00   14.00    0.00    0.00    7.00    0.00    0.00    0.00    0.00
19:40:44      30   76.77    0.00   11.11    0.00    0.00    7.07    0.00    0.00    0.00    5.05
19:40:44      31   72.73    0.00   13.13    0.00    0.00    9.09    0.00    0.00    0.00    5.05

19:40:44     CPU    %usr   %nice    %sys %iowait    %irq   %soft  %steal  %guest  %gnice   %idle
19:40:45     all   60.34    0.00   13.67    1.78    0.00    4.22    0.00    0.00    0.00   20.01
19:40:45       0   29.13    0.00   15.53   10.68    0.00    1.94    0.00    0.00    0.00   42.72
19:40:45       1   29.67    0.00    8.79    7.69    0.00   12.09    0.00    0.00    0.00   41.76
19:40:45       2   62.77    0.00   10.64    0.00    0.00    3.19    0.00    0.00    0.00   23.40
19:40:45       3   64.65    0.00   17.17    0.00    0.00    2.02    0.00    0.00    0.00   16.16
19:40:45       4   67.71    0.00    8.33    0.00    0.00    1.04    0.00    0.00    0.00   22.92
19:40:45       5   47.37    0.00   24.21    0.00    0.00    0.00    0.00    0.00    0.00   28.42
19:40:45       6   61.05    0.00    9.47    1.05    0.00    6.32    0.00    0.00    0.00   22.11
19:40:45       7   62.89    0.00   14.43    0.00    0.00    3.09    0.00    0.00    0.00   19.59
19:40:45       8   45.54    0.00   12.87    2.97    0.00    0.99    0.00    0.00    0.00   37.62
19:40:45       9   41.58    0.00   16.83   12.87    0.00    7.92    0.00    0.00    0.00   20.79
19:40:45      10   62.14    0.00   15.53    0.00    0.00    2.91    0.00    0.00    0.00   19.42
19:40:45      11   63.44    0.00   11.83    0.00    0.00    3.23    0.00    0.00    0.00   21.51
19:40:45      12   60.61    0.00   14.14    0.00    0.00    4.04    0.00    0.00    0.00   21.21
19:40:45      13   64.95    0.00    7.22    1.03    0.00    2.06    0.00    0.00    0.00   24.74
19:40:45      14   58.16    0.00   11.22    0.00    0.00    4.08    0.00    0.00    0.00   26.53
19:40:45      15   57.73    0.00   13.40    0.00    0.00    3.09    0.00    0.00    0.00   25.77
19:40:45      16   31.25    0.00    9.38    8.33    0.00    1.04    0.00    0.00    0.00   50.00
19:40:45      17   28.12    0.00   12.50    8.33    0.00    1.04    0.00    0.00    0.00   50.00
19:40:45      18   60.00    0.00   14.00    1.00    0.00    2.00    0.00    0.00    0.00   23.00
19:40:45      19   77.00    0.00   16.00    0.00    0.00    0.00    0.00    0.00    0.00    7.00
19:40:45      20   88.12    0.00    3.96    0.00    0.00    0.99    0.00    0.00    0.00    6.93
19:40:45      21   54.00    0.00   14.00    1.00    0.00    2.00    0.00    0.00    0.00   29.00
19:40:45      22   56.70    0.00   16.49    1.03    0.00    4.12    0.00    0.00    0.00   21.65
19:40:45      23   60.19    0.00   13.89    0.93    0.00    6.48    0.00    0.00    0.00   18.52
19:40:45      24   78.22    0.00   13.86    0.00    0.00    5.94    0.00    0.00    0.00    1.98
19:40:45      25   71.00    0.00   16.00    0.00    0.00    9.00    0.00    0.00    0.00    4.00
19:40:45      26   80.61    0.00   12.24    0.00    0.00    5.10    0.00    0.00    0.00    2.04
19:40:45      27   73.47    0.00   16.33    0.00    0.00    7.14    0.00    0.00    0.00    3.06
19:40:45      28   74.00    0.00   14.00    0.00    0.00    8.00    0.00    0.00    0.00    4.00
19:40:45      29   66.34    0.00   19.80    0.00    0.00    9.90    0.00    0.00    0.00    3.96
19:40:45      30   75.25    0.00   14.85    0.00    0.00    7.92    0.00    0.00    0.00    1.98
19:40:45      31   73.47    0.00   17.35    0.00    0.00    6.12    0.00    0.00    0.00    3.06

19:40:45     CPU    %usr   %nice    %sys %iowait    %irq   %soft  %steal  %guest  %gnice   %idle
19:40:46     all   61.81    0.00   14.04    2.32    0.00    3.95    0.00    0.00    0.00   17.89
19:40:46       0   33.33    0.00    6.06    8.08    0.00    1.01    0.00    0.00    0.00   51.52
19:40:46       1   30.85    0.00    6.38    8.51    0.00    8.51    0.00    0.00    0.00   45.74
19:40:46       2   68.69    0.00   15.15    1.01    0.00    1.01    0.00    0.00    0.00   14.14
19:40:46       3   65.31    0.00   23.47    0.00    0.00    3.06    0.00    0.00    0.00    8.16
19:40:46       4   86.00    0.00    4.00    1.00    0.00    2.00    0.00    0.00    0.00    7.00
19:40:46       5   60.20    0.00   15.31    1.02    0.00    4.08    0.00    0.00    0.00   19.39
19:40:46       6   65.98    0.00   12.37    0.00    0.00    4.12    0.00    0.00    0.00   17.53
19:40:46       7   66.32    0.00   13.68    0.00    0.00    1.05    0.00    0.00    0.00   18.95
19:40:46       8   36.63    0.00    9.90    9.90    0.00    1.98    0.00    0.00    0.00   41.58
19:40:46       9   26.04    0.00   12.50   18.75    0.00    3.12    0.00    0.00    0.00   39.58
19:40:46      10   62.50    0.00   17.71    1.04    0.00    4.17    0.00    0.00    0.00   14.58
19:40:46      11   66.00    0.00   16.00    1.00    0.00    2.00    0.00    0.00    0.00   15.00
19:40:46      12   70.71    0.00   15.15    1.01    0.00    3.03    0.00    0.00    0.00   10.10
19:40:46      13   70.30    0.00   13.86    0.00    0.00    3.96    0.00    0.00    0.00   11.88
19:40:46      14   66.32    0.00   12.63    1.05    0.00    2.11    0.00    0.00    0.00   17.89
19:40:46      15   63.54    0.00   14.58    0.00    0.00    4.17    0.00    0.00    0.00   17.71
19:40:46      16   27.17    0.00    6.52   11.96    0.00    1.09    0.00    0.00    0.00   53.26
19:40:46      17   28.42    0.00    9.47    7.37    0.00    1.05    0.00    0.00    0.00   53.68
19:40:46      18   68.69    0.00   17.17    1.01    0.00    3.03    0.00    0.00    0.00   10.10
19:40:46      19   69.39    0.00   15.31    0.00    0.00    3.06    0.00    0.00    0.00   12.24
19:40:46      20   75.25    0.00    9.90    0.99    0.00    1.98    0.00    0.00    0.00   11.88
19:40:46      21   67.35    0.00   11.22    0.00    0.00    4.08    0.00    0.00    0.00   17.35
19:40:46      22   61.00    0.00   18.00    0.00    0.00    3.00    0.00    0.00    0.00   18.00
19:40:46      23   66.67    0.00   13.54    0.00    0.00    1.04    0.00    0.00    0.00   18.75
19:40:46      24   68.04    0.00   13.40    1.03    0.00    7.22    0.00    0.00    0.00   10.31
19:40:46      25   62.00    0.00   18.00    1.00    0.00    9.00    0.00    0.00    0.00   10.00
19:40:46      26   78.00    0.00   14.00    0.00    0.00    6.00    0.00    0.00    0.00    2.00
19:40:46      27   72.00    0.00   17.00    0.00    0.00    8.00    0.00    0.00    0.00    3.00
19:40:46      28   73.00    0.00   19.00    0.00    0.00    6.00    0.00    0.00    0.00    2.00
19:40:46      29   72.28    0.00   18.81    0.00    0.00    5.94    0.00    0.00    0.00    2.97
19:40:46      30   75.00    0.00   15.00    0.00    0.00    8.00    0.00    0.00    0.00    2.00
19:40:46      31   68.32    0.00   22.77    0.00    0.00    7.92    0.00    0.00    0.00    0.99

19:40:46     CPU    %usr   %nice    %sys %iowait    %irq   %soft  %steal  %guest  %gnice   %idle
19:40:47     all   59.81    0.00   13.91    2.23    0.00    4.08    0.00    0.00    0.00   19.97
19:40:47       0   30.85    0.00   13.83    5.32    0.00    2.13    0.00    0.00    0.00   47.87
19:40:47       1   26.60    0.00   10.64    9.57    0.00   10.64    0.00    0.00    0.00   42.55
19:40:47       2   67.68    0.00   18.18    0.00    0.00    3.03    0.00    0.00    0.00   11.11
19:40:47       3   61.62    0.00   19.19    0.00    0.00    4.04    0.00    0.00    0.00   15.15
19:40:47       4   43.96    0.00   14.29    6.59    0.00    3.30    0.00    0.00    0.00   31.87
19:40:47       5   45.00    0.00   13.00    9.00    0.00    2.00    0.00    0.00    0.00   31.00
19:40:47       6   64.58    0.00   14.58    0.00    0.00    2.08    0.00    0.00    0.00   18.75
19:40:47       7   62.77    0.00   14.89    0.00    0.00    4.26    0.00    0.00    0.00   18.09
19:40:47       8   27.27    0.00   11.11    5.05    0.00    1.01    0.00    0.00    0.00   55.56
19:40:47       9   25.77    0.00    8.25    8.25    0.00    1.03    0.00    0.00    0.00   56.70
19:40:47      10   65.98    0.00   13.40    1.03    0.00    4.12    0.00    0.00    0.00   15.46
19:40:47      11   63.00    0.00   16.00    0.00    0.00    5.00    0.00    0.00    0.00   16.00
19:40:47      12   65.00    0.00   14.00    0.00    0.00    2.00    0.00    0.00    0.00   19.00
19:40:47      13   66.67    0.00   13.13    0.00    0.00    3.03    0.00    0.00    0.00   17.17
19:40:47      14   71.00    0.00   11.00    1.00    0.00    2.00    0.00    0.00    0.00   15.00
19:40:47      15   62.24    0.00   18.37    1.02    0.00    1.02    0.00    0.00    0.00   17.35
19:40:47      16   29.79    0.00   11.70    9.57    0.00    0.00    0.00    0.00    0.00   48.94
19:40:47      17   31.18    0.00    8.60    8.60    0.00    1.08    0.00    0.00    0.00   50.54
19:40:47      18   74.23    0.00   17.53    0.00    0.00    2.06    0.00    0.00    0.00    6.19
19:40:47      19   63.37    0.00   15.84    0.00    0.00    3.96    0.00    0.00    0.00   16.83
19:40:47      20  100.00    0.00    0.00    0.00    0.00    0.00    0.00    0.00    0.00    0.00
19:40:47      21   44.33    0.00    9.28    7.22    0.00    4.12    0.00    0.00    0.00   35.05
19:40:47      22   65.00    0.00   13.00    0.00    0.00    4.00    0.00    0.00    0.00   18.00
19:40:47      23   65.98    0.00   12.37    0.00    0.00    4.12    0.00    0.00    0.00   17.53
19:40:47      24   77.23    0.00   14.85    0.00    0.00    4.95    0.00    0.00    0.00    2.97
19:40:47      25   68.32    0.00   18.81    0.99    0.00    7.92    0.00    0.00    0.00    3.96
19:40:47      26   77.00    0.00   15.00    0.00    0.00    7.00    0.00    0.00    0.00    1.00
19:40:47      27   74.75    0.00   17.17    0.00    0.00    5.05    0.00    0.00    0.00    3.03
19:40:47      28   67.68    0.00   19.19    0.00    0.00    9.09    0.00    0.00    0.00    4.04
19:40:47      29   77.00    0.00   13.00    0.00    0.00    7.00    0.00    0.00    0.00    3.00
19:40:47      30   72.73    0.00   16.16    0.00    0.00    8.08    0.00    0.00    0.00    3.03
19:40:47      31   66.00    0.00   18.00    0.00    0.00   11.00    0.00    0.00    0.00    5.00

19:40:47     CPU    %usr   %nice    %sys %iowait    %irq   %soft  %steal  %guest  %gnice   %idle
19:40:48     all   61.64    0.00   14.13    1.87    0.00    5.08    0.00    0.00    0.00   17.28
19:40:48       0   53.68    0.00   10.53   11.58    0.00    2.11    0.00    0.00    0.00   22.11
19:40:48       1   27.96    0.00   15.05    6.45    0.00    6.45    0.00    0.00    0.00   44.09
19:40:48       2   58.16    0.00   14.29    1.02    0.00    6.12    0.00    0.00    0.00   20.41
19:40:48       3   66.99    0.00    8.74    0.00    0.00    4.85    0.00    0.00    0.00   19.42
19:40:48       4   33.67    0.00    9.18   10.20    0.00    4.08    0.00    0.00    0.00   42.86
19:40:48       5   32.65    0.00   10.20    9.18    0.00    4.08    0.00    0.00    0.00   43.88
19:40:48       6   66.67    0.00   13.54    1.04    0.00    2.08    0.00    0.00    0.00   16.67
19:40:48       7   69.39    0.00    8.16    0.00    0.00    5.10    0.00    0.00    0.00   17.35
19:40:48       8   64.21    0.00   16.84    0.00    0.00    3.16    0.00    0.00    0.00   15.79
19:40:48       9   57.58    0.00   15.15    0.00    0.00    3.03    0.00    0.00    0.00   24.24
19:40:48      10   61.70    0.00   18.09    0.00    0.00    3.19    0.00    0.00    0.00   17.02
19:40:48      11   69.31    0.00   12.87    0.00    0.00    4.95    0.00    0.00    0.00   12.87
19:40:48      12   65.69    0.00   14.71    0.00    0.00    2.94    0.00    0.00    0.00   16.67
19:40:48      13   66.34    0.00   14.85    0.00    0.00    3.96    0.00    0.00    0.00   14.85
19:40:48      14   65.35    0.00   12.87    0.00    0.00    4.95    0.00    0.00    0.00   16.83
19:40:48      15   68.37    0.00   11.22    0.00    0.00    4.08    0.00    0.00    0.00   16.33
19:40:48      16   62.63    0.00   15.15    0.00    0.00    1.01    0.00    0.00    0.00   21.21
19:40:48      17   27.66    0.00   12.77   10.64    0.00    1.06    0.00    0.00    0.00   47.87
19:40:48      18   67.68    0.00   12.12    0.00    0.00    2.02    0.00    0.00    0.00   18.18
19:40:48      19   61.62    0.00   15.15    1.01    0.00    4.04    0.00    0.00    0.00   18.18
19:40:48      20   96.04    0.00    1.98    0.00    0.00    0.00    0.00    0.00    0.00    1.98
19:40:48      21   25.53    0.00    9.57   10.64    0.00    3.19    0.00    0.00    0.00   51.06
19:40:48      22   63.27    0.00   15.31    0.00    0.00    4.08    0.00    0.00    0.00   17.35
19:40:48      23   66.32    0.00   12.63    0.00    0.00    4.21    0.00    0.00    0.00   16.84
19:40:48      24   68.00    0.00   21.00    0.00    0.00   10.00    0.00    0.00    0.00    1.00
19:40:48      25   69.00    0.00   20.00    0.00    0.00    9.00    0.00    0.00    0.00    2.00
19:40:48      26   71.72    0.00   17.17    0.00    0.00   11.11    0.00    0.00    0.00    0.00
19:40:48      27   71.29    0.00   17.82    0.00    0.00    9.90    0.00    0.00    0.00    0.99
19:40:48      28   68.63    0.00   18.63    0.00    0.00   11.76    0.00    0.00    0.00    0.98
19:40:48      29   76.77    0.00   16.16    0.00    0.00    7.07    0.00    0.00    0.00    0.00
19:40:48      30   73.00    0.00   18.00    0.00    0.00    8.00    0.00    0.00    0.00    1.00
19:40:48      31   67.68    0.00   22.22    0.00    0.00   10.10    0.00    0.00    0.00    0.00

19:40:48     CPU    %usr   %nice    %sys %iowait    %irq   %soft  %steal  %guest  %gnice   %idle
19:40:49     all   62.58    0.00   16.18    2.65    0.00    4.84    0.00    0.00    0.00   13.75
19:40:49       0   52.58    0.00   10.31   18.56    0.00    1.03    0.00    0.00    0.00   17.53
19:40:49       1   25.51    0.00   10.20   17.35    0.00    9.18    0.00    0.00    0.00   37.76
19:40:49       2   66.00    0.00   17.00    0.00    0.00    4.00    0.00    0.00    0.00   13.00
19:40:49       3   48.45    0.00   30.93    0.00    0.00    3.09    0.00    0.00    0.00   17.53
19:40:49       4   66.67    0.00    8.08    5.05    0.00    3.03    0.00    0.00    0.00   17.17
19:40:49       5   81.19    0.00    4.95    0.99    0.00    0.00    0.00    0.00    0.00   12.87
19:40:49       6   63.92    0.00   18.56    0.00    0.00    2.06    0.00    0.00    0.00   15.46
19:40:49       7   60.20    0.00   18.37    1.02    0.00    6.12    0.00    0.00    0.00   14.29
19:40:49       8   70.30    0.00   12.87    0.99    0.00    3.96    0.00    0.00    0.00   11.88
19:40:49       9   70.00    0.00   13.00    1.00    0.00    4.00    0.00    0.00    0.00   12.00
19:40:49      10   73.74    0.00   13.13    0.00    0.00    2.02    0.00    0.00    0.00   11.11
19:40:49      11   68.69    0.00   13.13    1.01    0.00    6.06    0.00    0.00    0.00   11.11
19:40:49      12   71.88    0.00   10.42    0.00    0.00    4.17    0.00    0.00    0.00   13.54
19:40:49      13   66.67    0.00   14.58    1.04    0.00    4.17    0.00    0.00    0.00   13.54
19:40:49      14   68.37    0.00   15.31    0.00    0.00    4.08    0.00    0.00    0.00   12.24
19:40:49      15   60.61    0.00    9.09    1.01    0.00    6.06    0.00    0.00    0.00   23.23
19:40:49      16   60.00    0.00   16.00    4.00    0.00    0.00    0.00    0.00    0.00   20.00
19:40:49      17   25.00    0.00   11.46   22.92    0.00    1.04    0.00    0.00    0.00   39.58
19:40:49      18   58.16    0.00   28.57    1.02    0.00    1.02    0.00    0.00    0.00   11.22
19:40:49      19   58.59    0.00   28.28    0.00    0.00    2.02    0.00    0.00    0.00   11.11
19:40:49      20   50.00    0.00   16.00    4.00    0.00    2.00    0.00    0.00    0.00   28.00
19:40:49      21   46.32    0.00   14.74    6.32    0.00    4.21    0.00    0.00    0.00   28.42
19:40:49      22   64.36    0.00   18.81    0.00    0.00    3.96    0.00    0.00    0.00   12.87
19:40:49      23   61.76    0.00   17.65    0.00    0.00    5.88    0.00    0.00    0.00   14.71
19:40:49      24   69.70    0.00   18.18    0.00    0.00   11.11    0.00    0.00    0.00    1.01
19:40:49      25   71.72    0.00   17.17    0.00    0.00    9.09    0.00    0.00    0.00    2.02
19:40:49      26   76.24    0.00   13.86    0.00    0.00    7.92    0.00    0.00    0.00    1.98
19:40:49      27   72.00    0.00   17.00    0.00    0.00    9.00    0.00    0.00    0.00    2.00
19:40:49      28   64.65    0.00   21.21    0.00    0.00   11.11    0.00    0.00    0.00    3.03
19:40:49      29   68.00    0.00   20.00    0.00    0.00    9.00    0.00    0.00    0.00    3.00
19:40:49      30   66.00    0.00   19.00    0.00    0.00   10.00    0.00    0.00    0.00    5.00
19:40:49      31   72.00    0.00   20.00    0.00    0.00    4.00    0.00    0.00    0.00    4.00

19:40:49     CPU    %usr   %nice    %sys %iowait    %irq   %soft  %steal  %guest  %gnice   %idle
19:40:50     all   64.10    0.00   16.14    2.38    0.00    4.47    0.00    0.00    0.00   12.91
19:40:50       0   61.62    0.00   17.17    8.08    0.00    1.01    0.00    0.00    0.00   12.12
19:40:50       1   44.33    0.00   15.46    5.15    0.00   10.31    0.00    0.00    0.00   24.74
19:40:50       2   66.33    0.00   23.47    0.00    0.00    3.06    0.00    0.00    0.00    7.14
19:40:50       3   66.32    0.00   17.89    0.00    0.00    3.16    0.00    0.00    0.00   12.63
19:40:50       4   30.39    0.00   11.76    8.82    0.00    2.94    0.00    0.00    0.00   46.08
19:40:50       5  100.00    0.00    0.00    0.00    0.00    0.00    0.00    0.00    0.00    0.00
19:40:50       6   73.27    0.00   14.85    0.00    0.00    5.94    0.00    0.00    0.00    5.94
19:40:50       7   76.77    0.00   13.13    0.00    0.00    4.04    0.00    0.00    0.00    6.06
19:40:50       8   47.96    0.00   31.63    1.02    0.00    2.04    0.00    0.00    0.00   17.35
19:40:50       9   77.08    0.00   12.50    0.00    0.00    1.04    0.00    0.00    0.00    9.38
19:40:50      10   71.72    0.00   19.19    0.00    0.00    5.05    0.00    0.00    0.00    4.04
19:40:50      11   76.77    0.00   17.17    0.00    0.00    2.02    0.00    0.00    0.00    4.04
19:40:50      12   74.26    0.00   15.84    0.00    0.00    5.94    0.00    0.00    0.00    3.96
19:40:50      13   75.25    0.00   14.85    0.00    0.00    2.97    0.00    0.00    0.00    6.93
19:40:50      14   76.24    0.00   15.84    0.00    0.00    3.96    0.00    0.00    0.00    3.96
19:40:50      15   68.32    0.00   15.84    0.00    0.00    2.97    0.00    0.00    0.00   12.87
19:40:50      16   35.96    0.00    8.99   15.73    0.00    2.25    0.00    0.00    0.00   37.08
19:40:50      17   35.42    0.00   10.42   18.75    0.00    2.08    0.00    0.00    0.00   33.33
19:40:50      18   69.39    0.00   18.37    0.00    0.00    4.08    0.00    0.00    0.00    8.16
19:40:50      19   78.12    0.00    9.38    0.00    0.00    3.12    0.00    0.00    0.00    9.38
19:40:50      20   32.32    0.00   11.11   12.12    0.00    1.01    0.00    0.00    0.00   43.43
19:40:50      21   31.58    0.00    7.37    7.37    0.00    3.16    0.00    0.00    0.00   50.53
19:40:50      22   73.20    0.00   18.56    0.00    0.00    3.09    0.00    0.00    0.00    5.15
19:40:50      23   76.00    0.00   14.00    1.00    0.00    3.00    0.00    0.00    0.00    6.00
19:40:50      24   56.57    0.00   20.20    0.00    0.00    8.08    0.00    0.00    0.00   15.15
19:40:50      25   62.24    0.00   20.41    0.00    0.00    8.16    0.00    0.00    0.00    9.18
19:40:50      26   79.80    0.00   15.15    0.00    0.00    5.05    0.00    0.00    0.00    0.00
19:40:50      27   73.00    0.00   16.00    0.00    0.00    8.00    0.00    0.00    0.00    3.00
19:40:50      28   66.00    0.00   20.00    0.00    0.00   10.00    0.00    0.00    0.00    4.00
19:40:50      29   61.00    0.00   23.00    0.00    0.00   10.00    0.00    0.00    0.00    6.00
19:40:50      30   64.36    0.00   22.77    0.00    0.00    7.92    0.00    0.00    0.00    4.95
19:40:50      31   64.65    0.00   23.23    0.00    0.00    7.07    0.00    0.00    0.00    5.05

19:40:50     CPU    %usr   %nice    %sys %iowait    %irq   %soft  %steal  %guest  %gnice   %idle
19:40:51     all   64.10    0.00   18.25    2.12    0.00    5.25    0.00    0.00    0.00   10.28
19:40:51       0   42.00    0.00   14.00    7.00    0.00    1.00    0.00    0.00    0.00   36.00
19:40:51       1   64.29    0.00   16.33    3.06    0.00    7.14    0.00    0.00    0.00    9.18
19:40:51       2   73.27    0.00   21.78    0.00    0.00    3.96    0.00    0.00    0.00    0.99
19:40:51       3   45.92    0.00   37.76    1.02    0.00    5.10    0.00    0.00    0.00   10.20
19:40:51       4   30.77    0.00   16.48   16.48    0.00    2.20    0.00    0.00    0.00   34.07
19:40:51       5  100.00    0.00    0.00    0.00    0.00    0.00    0.00    0.00    0.00    0.00
19:40:51       6   77.23    0.00   14.85    0.00    0.00    6.93    0.00    0.00    0.00    0.99
19:40:51       7   82.18    0.00   14.85    0.00    0.00    1.98    0.00    0.00    0.00    0.99
19:40:51       8   56.57    0.00   34.34    0.00    0.00    2.02    0.00    0.00    0.00    7.07
19:40:51       9   75.73    0.00   16.50    0.97    0.00    5.83    0.00    0.00    0.00    0.97
19:40:51      10   76.00    0.00   17.00    0.00    0.00    6.00    0.00    0.00    0.00    1.00
19:40:51      11   76.24    0.00   18.81    0.00    0.00    3.96    0.00    0.00    0.00    0.99
19:40:51      12   75.76    0.00   19.19    0.00    0.00    4.04    0.00    0.00    0.00    1.01
19:40:51      13   76.24    0.00   17.82    0.99    0.00    3.96    0.00    0.00    0.00    0.99
19:40:51      14   80.20    0.00   15.84    0.00    0.00    2.97    0.00    0.00    0.00    0.99
19:40:51      15   76.77    0.00   16.16    0.00    0.00    6.06    0.00    0.00    0.00    1.01
19:40:51      16   42.27    0.00   15.46    5.15    0.00    0.00    0.00    0.00    0.00   37.11
19:40:51      17   56.70    0.00   10.31    5.15    0.00    2.06    0.00    0.00    0.00   25.77
19:40:51      18   72.45    0.00   22.45    0.00    0.00    4.08    0.00    0.00    0.00    1.02
19:40:51      19   76.47    0.00   14.71    0.98    0.00    4.90    0.00    0.00    0.00    2.94
19:40:51      20   29.35    0.00   18.48   14.13    0.00    3.26    0.00    0.00    0.00   34.78
19:40:51      21   30.11    0.00   17.20   16.13    0.00    4.30    0.00    0.00    0.00   32.26
19:40:51      22   72.28    0.00   22.77    0.00    0.00    2.97    0.00    0.00    0.00    1.98
19:40:51      23   77.00    0.00   16.00    0.00    0.00    5.00    0.00    0.00    0.00    2.00
19:40:51      24   62.89    0.00   15.46    0.00    0.00    6.19    0.00    0.00    0.00   15.46
19:40:51      25   54.55    0.00   21.21    0.00    0.00   14.14    0.00    0.00    0.00   10.10
19:40:51      26   62.00    0.00   18.00    0.00    0.00    9.00    0.00    0.00    0.00   11.00
19:40:51      27   61.86    0.00   20.62    0.00    0.00    8.25    0.00    0.00    0.00    9.28
19:40:51      28   61.22    0.00   19.39    0.00    0.00    8.16    0.00    0.00    0.00   11.22
19:40:51      29   54.64    0.00   18.56    0.00    0.00   14.43    0.00    0.00    0.00   12.37
19:40:51      30   61.62    0.00   17.17    0.00    0.00    9.09    0.00    0.00    0.00   12.12
19:40:51      31   55.88    0.00   24.51    0.00    0.00    8.82    0.00    0.00    0.00   10.78

19:40:51     CPU    %usr   %nice    %sys %iowait    %irq   %soft  %steal  %guest  %gnice   %idle
19:40:52     all   61.80    0.00   18.72    1.39    0.00    5.22    0.00    0.00    0.00   12.87
19:40:52       0   43.30    0.00   13.40    6.19    0.00    3.09    0.00    0.00    0.00   34.02
19:40:52       1   40.43    0.00   14.89    2.13    0.00    8.51    0.00    0.00    0.00   34.04
19:40:52       2   66.00    0.00   21.00    2.00    0.00    4.00    0.00    0.00    0.00    7.00
19:40:52       3   52.48    0.00   42.57    0.00    0.00    1.98    0.00    0.00    0.00    2.97
19:40:52       4   55.10    0.00   15.31    5.10    0.00    1.02    0.00    0.00    0.00   23.47
19:40:52       5   75.26    0.00   11.34    1.03    0.00    2.06    0.00    0.00    0.00   10.31
19:40:52       6   72.73    0.00   22.22    0.00    0.00    3.03    0.00    0.00    0.00    2.02
19:40:52       7   73.74    0.00   20.20    0.00    0.00    4.04    0.00    0.00    0.00    2.02
19:40:52       8   47.06    0.00   24.51    0.00    0.00    3.92    0.00    0.00    0.00   24.51
19:40:52       9   80.20    0.00   12.87    0.00    0.00    3.96    0.00    0.00    0.00    2.97
19:40:52      10   76.77    0.00   18.18    0.00    0.00    4.04    0.00    0.00    0.00    1.01
19:40:52      11   77.55    0.00   16.33    0.00    0.00    5.10    0.00    0.00    0.00    1.02
19:40:52      12   76.00    0.00   15.00    1.00    0.00    5.00    0.00    0.00    0.00    3.00
19:40:52      13   68.37    0.00   16.33    1.02    0.00    6.12    0.00    0.00    0.00    8.16
19:40:52      14   73.74    0.00   20.20    0.00    0.00    5.05    0.00    0.00    0.00    1.01
19:40:52      15   72.00    0.00   21.00    0.00    0.00    5.00    0.00    0.00    0.00    2.00
19:40:52      16   41.24    0.00   17.53    7.22    0.00    2.06    0.00    0.00    0.00   31.96
19:40:52      17   41.24    0.00   17.53    7.22    0.00    2.06    0.00    0.00    0.00   31.96
19:40:52      18   73.27    0.00   20.79    0.00    0.00    1.98    0.00    0.00    0.00    3.96
19:40:52      19   75.00    0.00   19.00    0.00    0.00    2.00    0.00    0.00    0.00    4.00
19:40:52      20   53.06    0.00   13.27    1.02    0.00    4.08    0.00    0.00    0.00   28.57
19:40:52      21   82.47    0.00    3.09    1.03    0.00    1.03    0.00    0.00    0.00   12.37
19:40:52      22   79.59    0.00   17.35    0.00    0.00    2.04    0.00    0.00    0.00    1.02
19:40:52      23   76.24    0.00   19.80    0.00    0.00    2.97    0.00    0.00    0.00    0.99
19:40:52      24   51.58    0.00   16.84    0.00    0.00    8.42    0.00    0.00    0.00   23.16
19:40:52      25   55.45    0.00   21.78    0.00    0.00    9.90    0.00    0.00    0.00   12.87
19:40:52      26   51.49    0.00   23.76    0.00    0.00   11.88    0.00    0.00    0.00   12.87
19:40:52      27   58.82    0.00   19.61    0.00    0.00   11.76    0.00    0.00    0.00    9.80
19:40:52      28   48.45    0.00   22.68    5.15    0.00   10.31    0.00    0.00    0.00   13.40
19:40:52      29   47.42    0.00   23.71    1.03    0.00   14.43    0.00    0.00    0.00   13.40
19:40:52      30   50.98    0.00   19.61    0.00    0.00    7.84    0.00    0.00    0.00   21.57
19:40:52      31   37.50    0.00   15.62    4.17    0.00    8.33    0.00    0.00    0.00   34.38

19:40:52     CPU    %usr   %nice    %sys %iowait    %irq   %soft  %steal  %guest  %gnice   %idle
19:40:53     all   61.67    0.00   16.96    2.17    0.00    5.07    0.00    0.00    0.00   14.13
19:40:53       0   37.23    0.00   18.09    6.38    0.00    1.06    0.00    0.00    0.00   37.23
19:40:53       1   52.53    0.00   13.13    5.05    0.00    8.08    0.00    0.00    0.00   21.21
19:40:53       2   73.47    0.00   15.31    0.00    0.00    8.16    0.00    0.00    0.00    3.06
19:40:53       3   60.87    0.00   21.74    0.00    0.00    5.43    0.00    0.00    0.00   11.96
19:40:53       4   71.43    0.00   18.37    1.02    0.00    4.08    0.00    0.00    0.00    5.10
19:40:53       5   97.03    0.00    1.98    0.00    0.00    0.99    0.00    0.00    0.00    0.00
19:40:53       6   67.68    0.00   26.26    1.01    0.00    3.03    0.00    0.00    0.00    2.02
19:40:53       7   75.76    0.00   18.18    0.00    0.00    5.05    0.00    0.00    0.00    1.01
19:40:53       8   71.00    0.00   19.00    1.00    0.00    3.00    0.00    0.00    0.00    6.00
19:40:53       9   78.79    0.00   13.13    0.00    0.00    4.04    0.00    0.00    0.00    4.04
19:40:53      10   73.79    0.00   17.48    0.97    0.00    4.85    0.00    0.00    0.00    2.91
19:40:53      11   74.00    0.00   20.00    0.00    0.00    4.00    0.00    0.00    0.00    2.00
19:40:53      12   34.38    0.00   10.42   12.50    0.00    5.21    0.00    0.00    0.00   37.50
19:40:53      13   40.59    0.00   11.88    6.93    0.00    1.98    0.00    0.00    0.00   38.61
19:40:53      14   59.00    0.00   14.00    5.00    0.00    5.00    0.00    0.00    0.00   17.00
19:40:53      15   62.24    0.00   11.22    2.04    0.00    5.10    0.00    0.00    0.00   19.39
19:40:53      16   32.61    0.00   14.13   10.87    0.00    3.26    0.00    0.00    0.00   39.13
19:40:53      17   47.92    0.00   13.54    7.29    0.00    1.04    0.00    0.00    0.00   30.21
19:40:53      18   79.80    0.00   13.13    0.00    0.00    4.04    0.00    0.00    0.00    3.03
19:40:53      19   67.68    0.00   18.18    1.01    0.00    6.06    0.00    0.00    0.00    7.07
19:40:53      20   78.00    0.00   17.00    0.00    0.00    3.00    0.00    0.00    0.00    2.00
19:40:53      21   75.76    0.00   18.18    0.00    0.00    4.04    0.00    0.00    0.00    2.02
19:40:53      22   77.00    0.00   17.00    0.00    0.00    3.00    0.00    0.00    0.00    3.00
19:40:53      23   78.00    0.00   18.00    0.00    0.00    3.00    0.00    0.00    0.00    1.00
19:40:53      24   54.64    0.00   24.74    0.00    0.00   12.37    0.00    0.00    0.00    8.25
19:40:53      25   60.61    0.00   23.23    0.00    0.00   10.10    0.00    0.00    0.00    6.06
19:40:53      26   65.00    0.00   24.00    0.00    0.00    8.00    0.00    0.00    0.00    3.00
19:40:53      27   64.29    0.00   25.51    0.00    0.00    7.14    0.00    0.00    0.00    3.06
19:40:53      28   28.42    0.00   12.63    4.21    0.00    6.32    0.00    0.00    0.00   48.42
19:40:53      29   27.66    0.00   12.77    4.26    0.00    4.26    0.00    0.00    0.00   51.06
19:40:53      30   51.00    0.00   20.00    1.00    0.00   11.00    0.00    0.00    0.00   17.00
19:40:53      31   45.05    0.00   20.88    0.00    0.00    6.59    0.00    0.00    0.00   27.47

19:40:53     CPU    %usr   %nice    %sys %iowait    %irq   %soft  %steal  %guest  %gnice   %idle
19:40:54     all   61.44    0.00   17.86    3.27    0.00    5.02    0.00    0.00    0.00   12.40
19:40:54       0   35.35    0.00   19.19   16.16    0.00    2.02    0.00    0.00    0.00   27.27
19:40:54       1   37.89    0.00   11.58   15.79    0.00   10.53    0.00    0.00    0.00   24.21
19:40:54       2   63.00    0.00   15.00    8.00    0.00    5.00    0.00    0.00    0.00    9.00
19:40:54       3   46.81    0.00   22.34    7.45    0.00    4.26    0.00    0.00    0.00   19.15
19:40:54       4   76.47    0.00   16.67    0.00    0.00    3.92    0.00    0.00    0.00    2.94
19:40:54       5  100.00    0.00    0.00    0.00    0.00    0.00    0.00    0.00    0.00    0.00
19:40:54       6   61.62    0.00   26.26    1.01    0.00    3.03    0.00    0.00    0.00    8.08
19:40:54       7   72.28    0.00   16.83    0.99    0.00    3.96    0.00    0.00    0.00    5.94
19:40:54       8   72.45    0.00   19.39    0.00    0.00    4.08    0.00    0.00    0.00    4.08
19:40:54       9   76.77    0.00   17.17    0.00    0.00    3.03    0.00    0.00    0.00    3.03
19:40:54      10   70.41    0.00   22.45    0.00    0.00    5.10    0.00    0.00    0.00    2.04
19:40:54      11   77.67    0.00   13.59    0.97    0.00    4.85    0.00    0.00    0.00    2.91
19:40:54      12   51.55    0.00   21.65    8.25    0.00    2.06    0.00    0.00    0.00   16.49
19:40:54      13   65.00    0.00   17.00    2.00    0.00    2.00    0.00    0.00    0.00   14.00
19:40:54      14   71.72    0.00   15.15    2.02    0.00    4.04    0.00    0.00    0.00    7.07
19:40:54      15   77.00    0.00   16.00    1.00    0.00    3.00    0.00    0.00    0.00    3.00
19:40:54      16   45.26    0.00   14.74    8.42    0.00    2.11    0.00    0.00    0.00   29.47
19:40:54      17   35.42    0.00   18.75   16.67    0.00    1.04    0.00    0.00    0.00   28.12
19:40:54      18   63.27    0.00   19.39    8.16    0.00    3.06    0.00    0.00    0.00    6.12
19:40:54      19   63.37    0.00   16.83    6.93    0.00    4.95    0.00    0.00    0.00    7.92
19:40:54      20   74.51    0.00   19.61    0.00    0.00    2.94    0.00    0.00    0.00    2.94
19:40:54      21   78.79    0.00   15.15    1.01    0.00    3.03    0.00    0.00    0.00    2.02
19:40:54      22   70.71    0.00   20.20    1.01    0.00    3.03    0.00    0.00    0.00    5.05
19:40:54      23   71.13    0.00   22.68    0.00    0.00    3.09    0.00    0.00    0.00    3.09
19:40:54      24   55.21    0.00   25.00    0.00    0.00   10.42    0.00    0.00    0.00    9.38
19:40:54      25   57.58    0.00   21.21    0.00    0.00   10.10    0.00    0.00    0.00   11.11
19:40:54      26   53.12    0.00   19.79    0.00    0.00   11.46    0.00    0.00    0.00   15.62
19:40:54      27   59.00    0.00   20.00    0.00    0.00    8.00    0.00    0.00    0.00   13.00
19:40:54      28   34.34    0.00   20.20    0.00    0.00   11.11    0.00    0.00    0.00   34.34
19:40:54      29   41.67    0.00   17.71    0.00    0.00    8.33    0.00    0.00    0.00   32.29
19:40:54      30   47.96    0.00   16.33    0.00    0.00   10.20    0.00    0.00    0.00   25.51
19:40:54      31   52.17    0.00   14.13    0.00    0.00    7.61    0.00    0.00    0.00   26.09

19:40:54     CPU    %usr   %nice    %sys %iowait    %irq   %soft  %steal  %guest  %gnice   %idle
19:40:55     all   62.39    0.00   17.75    2.68    0.00    5.01    0.00    0.00    0.00   12.16
19:40:55       0   53.06    0.00   18.37    9.18    0.00    3.06    0.00    0.00    0.00   16.33
19:40:55       1   51.55    0.00   12.37    8.25    0.00   12.37    0.00    0.00    0.00   15.46
19:40:55       2   44.57    0.00   15.22    4.35    0.00    2.17    0.00    0.00    0.00   33.70
19:40:55       3   36.96    0.00   21.74    3.26    0.00    2.17    0.00    0.00    0.00   35.87
19:40:55       4   61.86    0.00   14.43    8.25    0.00    4.12    0.00    0.00    0.00   11.34
19:40:55       5   61.86    0.00   13.40    8.25    0.00    6.19    0.00    0.00    0.00   10.31
19:40:55       6   74.26    0.00   16.83    0.99    0.00    3.96    0.00    0.00    0.00    3.96
19:40:55       7   80.00    0.00   17.00    0.00    0.00    1.00    0.00    0.00    0.00    2.00
19:40:55       8   72.55    0.00   19.61    0.98    0.00    5.88    0.00    0.00    0.00    0.98
19:40:55       9   76.53    0.00   22.45    0.00    0.00    1.02    0.00    0.00    0.00    0.00
19:40:55      10   66.67    0.00   17.17    3.03    0.00    5.05    0.00    0.00    0.00    8.08
19:40:55      11   79.17    0.00   14.58    0.00    0.00    4.17    0.00    0.00    0.00    2.08
19:40:55      12   75.76    0.00   15.15    0.00    0.00    5.05    0.00    0.00    0.00    4.04
19:40:55      13   75.25    0.00   18.81    0.00    0.00    4.95    0.00    0.00    0.00    0.99
19:40:55      14   72.45    0.00   21.43    0.00    0.00    2.04    0.00    0.00    0.00    4.08
19:40:55      15   78.79    0.00   16.16    0.00    0.00    4.04    0.00    0.00    0.00    1.01
19:40:55      16   59.60    0.00   13.13    8.08    0.00    3.03    0.00    0.00    0.00   16.16
19:40:55      17   58.76    0.00   11.34   10.31    0.00    1.03    0.00    0.00    0.00   18.56
19:40:55      18   95.00    0.00    3.00    0.00    0.00    0.00    0.00    0.00    0.00    2.00
19:40:55      19   41.30    0.00   14.13    4.35    0.00    2.17    0.00    0.00    0.00   38.04
19:40:55      20   61.22    0.00   18.37    7.14    0.00    2.04    0.00    0.00    0.00   11.22
19:40:55      21   63.11    0.00   17.48    6.80    0.00    2.91    0.00    0.00    0.00    9.71
19:40:55      22   70.71    0.00   22.22    2.02    0.00    1.01    0.00    0.00    0.00    4.04
19:40:55      23   72.28    0.00   19.80    0.99    0.00    4.95    0.00    0.00    0.00    1.98
19:40:55      24   45.74    0.00   26.60    0.00    0.00   11.70    0.00    0.00    0.00   15.96
19:40:55      25   54.17    0.00   20.83    0.00    0.00    9.38    0.00    0.00    0.00   15.62
19:40:55      26   49.47    0.00   18.95    0.00    0.00   10.53    0.00    0.00    0.00   21.05
19:40:55      27   53.00    0.00   23.00    0.00    0.00    7.00    0.00    0.00    0.00   17.00
19:40:55      28   52.08    0.00   19.79    0.00    0.00    9.38    0.00    0.00    0.00   18.75
19:40:55      29   51.02    0.00   17.35    0.00    0.00   10.20    0.00    0.00    0.00   21.43
19:40:55      30   51.00    0.00   23.00    0.00    0.00    9.00    0.00    0.00    0.00   17.00
19:40:55      31   48.98    0.00   24.49    0.00    0.00    9.18    0.00    0.00    0.00   17.35

19:40:55     CPU    %usr   %nice    %sys %iowait    %irq   %soft  %steal  %guest  %gnice   %idle
19:40:56     all   62.86    0.00   17.54    2.94    0.00    5.13    0.00    0.00    0.00   11.53
19:40:56       0   75.51    0.00   19.39    0.00    0.00    5.10    0.00    0.00    0.00    0.00
19:40:56       1   77.23    0.00   15.84    0.00    0.00    5.94    0.00    0.00    0.00    0.99
19:40:56       2   44.79    0.00   14.58    7.29    0.00    2.08    0.00    0.00    0.00   31.25
19:40:56       3   46.60    0.00   10.68   11.65    0.00    4.85    0.00    0.00    0.00   26.21
19:40:56       4   39.58    0.00   14.58   13.54    0.00    4.17    0.00    0.00    0.00   28.12
19:40:56       5   40.82    0.00   10.20   12.24    0.00    5.10    0.00    0.00    0.00   31.63
19:40:56       6   63.83    0.00   21.28    5.32    0.00    6.38    0.00    0.00    0.00    3.19
19:40:56       7   65.31    0.00   30.61    0.00    0.00    3.06    0.00    0.00    0.00    1.02
19:40:56       8   79.59    0.00   17.35    0.00    0.00    2.04    0.00    0.00    0.00    1.02
19:40:56       9   79.21    0.00   11.88    0.99    0.00    5.94    0.00    0.00    0.00    1.98
19:40:56      10   62.00    0.00   29.00    1.00    0.00    3.00    0.00    0.00    0.00    5.00
19:40:56      11   81.19    0.00   13.86    0.00    0.00    3.96    0.00    0.00    0.00    0.99
19:40:56      12   83.00    0.00   12.00    1.00    0.00    4.00    0.00    0.00    0.00    0.00
19:40:56      13   82.83    0.00   16.16    0.00    0.00    1.01    0.00    0.00    0.00    0.00
19:40:56      14   77.00    0.00   18.00    0.00    0.00    4.00    0.00    0.00    0.00    1.00
19:40:56      15   80.20    0.00   15.84    0.00    0.00    2.97    0.00    0.00    0.00    0.99
19:40:56      16   81.19    0.00   12.87    0.00    0.00    4.95    0.00    0.00    0.00    0.99
19:40:56      17   79.80    0.00   15.15    0.00    0.00    5.05    0.00    0.00    0.00    0.00
19:40:56      18  100.00    0.00    0.00    0.00    0.00    0.00    0.00    0.00    0.00    0.00
19:40:56      19   37.00    0.00   20.00    9.00    0.00    6.00    0.00    0.00    0.00   28.00
19:40:56      20   43.75    0.00   10.42   12.50    0.00    4.17    0.00    0.00    0.00   29.17
19:40:56      21   37.50    0.00   13.54   15.62    0.00    4.17    0.00    0.00    0.00   29.17
19:40:56      22   71.13    0.00   17.53    3.09    0.00    3.09    0.00    0.00    0.00    5.15
19:40:56      23   61.86    0.00   28.87    2.06    0.00    3.09    0.00    0.00    0.00    4.12
19:40:56      24   52.58    0.00   23.71    0.00    0.00    8.25    0.00    0.00    0.00   15.46
19:40:56      25   54.08    0.00   18.37    0.00    0.00    9.18    0.00    0.00    0.00   18.37
19:40:56      26   51.04    0.00   23.96    0.00    0.00    7.29    0.00    0.00    0.00   17.71
19:40:56      27   48.00    0.00   24.00    0.00    0.00    8.00    0.00    0.00    0.00   20.00
19:40:56      28   53.54    0.00   19.19    0.00    0.00    8.08    0.00    0.00    0.00   19.19
19:40:56      29   47.96    0.00   22.45    0.00    0.00    9.18    0.00    0.00    0.00   20.41
19:40:56      30   54.55    0.00   21.21    0.00    0.00   10.10    0.00    0.00    0.00   14.14
19:40:56      31   54.46    0.00   19.80    0.00    0.00    9.90    0.00    0.00    0.00   15.84

19:40:56     CPU    %usr   %nice    %sys %iowait    %irq   %soft  %steal  %guest  %gnice   %idle
19:40:57     all   61.75    0.00   17.96    3.48    0.00    5.53    0.00    0.00    0.00   11.29
19:40:57       0   74.26    0.00   18.81    0.99    0.00    3.96    0.00    0.00    0.00    1.98
19:40:57       1   77.78    0.00   14.14    0.00    0.00    7.07    0.00    0.00    0.00    1.01
19:40:57       2   67.68    0.00   14.14    1.01    0.00    4.04    0.00    0.00    0.00   13.13
19:40:57       3   56.57    0.00   20.20    4.04    0.00    5.05    0.00    0.00    0.00   14.14
19:40:57       4   60.40    0.00   34.65    0.00    0.00    2.97    0.00    0.00    0.00    1.98
19:40:57       5   82.00    0.00   14.00    0.00    0.00    1.00    0.00    0.00    0.00    3.00
19:40:57       6   36.46    0.00   20.83   11.46    0.00    2.08    0.00    0.00    0.00   29.17
19:40:57       7   37.25    0.00   20.59   12.75    0.00    2.94    0.00    0.00    0.00   26.47
19:40:57       8   68.32    0.00   24.75    0.00    0.00    2.97    0.00    0.00    0.00    3.96
19:40:57       9   81.19    0.00   12.87    0.00    0.00    3.96    0.00    0.00    0.00    1.98
19:40:57      10   44.21    0.00   22.11   15.79    0.00    3.16    0.00    0.00    0.00   14.74
19:40:57      11   51.04    0.00   20.83   19.79    0.00    5.21    0.00    0.00    0.00    3.12
19:40:57      12   78.00    0.00   16.00    0.00    0.00    3.00    0.00    0.00    0.00    3.00
19:40:57      13   79.21    0.00   12.87    0.00    0.00    5.94    0.00    0.00    0.00    1.98
19:40:57      14   75.76    0.00   18.18    0.00    0.00    4.04    0.00    0.00    0.00    2.02
19:40:57      15   78.22    0.00    9.90    0.99    0.00    7.92    0.00    0.00    0.00    2.97
19:40:57      16   70.41    0.00   19.39    1.02    0.00    5.10    0.00    0.00    0.00    4.08
19:40:57      17   74.00    0.00   19.00    0.00    0.00    5.00    0.00    0.00    0.00    2.00
19:40:57      18  100.00    0.00    0.00    0.00    0.00    0.00    0.00    0.00    0.00    0.00
19:40:57      19   58.42    0.00   15.84    5.94    0.00    3.96    0.00    0.00    0.00   15.84
19:40:57      20   70.71    0.00   24.24    0.00    0.00    4.04    0.00    0.00    0.00    1.01
19:40:57      21   79.21    0.00   14.85    0.00    0.00    2.97    0.00    0.00    0.00    2.97
19:40:57      22   25.53    0.00   18.09   19.15    0.00    5.32    0.00    0.00    0.00   31.91
19:40:57      23   31.46    0.00   16.85   19.10    0.00    2.25    0.00    0.00    0.00   30.34
19:40:57      24   50.00    0.00   23.00    0.00    0.00   10.00    0.00    0.00    0.00   17.00
19:40:57      25   57.28    0.00   20.39    0.00    0.00   11.65    0.00    0.00    0.00   10.68
19:40:57      26   49.48    0.00   11.34    2.06    0.00   12.37    0.00    0.00    0.00   24.74
19:40:57      27   43.75    0.00   16.67    1.04    0.00   10.42    0.00    0.00    0.00   28.12
19:40:57      28   50.49    0.00   25.24    0.00    0.00    9.71    0.00    0.00    0.00   14.56
19:40:57      29   58.16    0.00   17.35    0.00    0.00    8.16    0.00    0.00    0.00   16.33
19:40:57      30   48.98    0.00   20.41    0.00    0.00   10.20    0.00    0.00    0.00   20.41
19:40:57      31   50.53    0.00   16.84    0.00    0.00   10.53    0.00    0.00    0.00   22.11

19:40:57     CPU    %usr   %nice    %sys %iowait    %irq   %soft  %steal  %guest  %gnice   %idle
19:40:58     all   63.82    0.00   17.50    2.92    0.00    5.36    0.00    0.00    0.00   10.40
19:40:58       0   77.23    0.00   16.83    0.00    0.00    3.96    0.00    0.00    0.00    1.98
19:40:58       1   79.41    0.00   15.69    0.00    0.00    3.92    0.00    0.00    0.00    0.98
19:40:58       2   73.00    0.00   21.00    0.00    0.00    5.00    0.00    0.00    0.00    1.00
19:40:58       3   78.00    0.00   17.00    0.00    0.00    3.00    0.00    0.00    0.00    2.00
19:40:58       4   77.78    0.00   16.16    1.01    0.00    4.04    0.00    0.00    0.00    1.01
19:40:58       5   75.25    0.00   15.84    1.98    0.00    1.98    0.00    0.00    0.00    4.95
19:40:58       6   66.33    0.00   19.39    1.02    0.00    2.04    0.00    0.00    0.00   11.22
19:40:58       7   65.31    0.00   20.41    1.02    0.00    4.08    0.00    0.00    0.00    9.18
19:40:58       8   61.00    0.00   17.00    0.00    0.00    5.00    0.00    0.00    0.00   17.00
19:40:58       9   78.00    0.00   16.00    0.00    0.00    5.00    0.00    0.00    0.00    1.00
19:40:58      10   29.17    0.00   11.46   25.00    0.00    3.12    0.00    0.00    0.00   31.25
19:40:58      11   24.47    0.00   12.77   37.23    0.00    5.32    0.00    0.00    0.00   20.21
19:40:58      12   82.00    0.00   12.00    0.00    0.00    5.00    0.00    0.00    0.00    1.00
19:40:58      13   80.81    0.00   14.14    0.00    0.00    4.04    0.00    0.00    0.00    1.01
19:40:58      14   62.63    0.00   11.11    8.08    0.00    5.05    0.00    0.00    0.00   13.13
19:40:58      15   66.67    0.00   10.10    8.08    0.00    5.05    0.00    0.00    0.00   10.10
19:40:58      16   74.26    0.00   19.80    0.00    0.00    3.96    0.00    0.00    0.00    1.98
19:40:58      17   74.00    0.00   21.00    0.00    0.00    4.00    0.00    0.00    0.00    1.00
19:40:58      18  100.00    0.00    0.00    0.00    0.00    0.00    0.00    0.00    0.00    0.00
19:40:58      19   71.00    0.00   18.00    1.00    0.00    5.00    0.00    0.00    0.00    5.00
19:40:58      20   78.22    0.00   15.84    0.00    0.00    2.97    0.00    0.00    0.00    2.97
19:40:58      21   55.45    0.00   34.65    2.97    0.00    3.96    0.00    0.00    0.00    2.97
19:40:58      22   59.38    0.00   22.92    2.08    0.00    3.12    0.00    0.00    0.00   12.50
19:40:58      23   47.87    0.00   27.66    1.06    0.00    5.32    0.00    0.00    0.00   18.09
19:40:58      24   53.00    0.00   20.00    0.00    0.00    8.00    0.00    0.00    0.00   19.00
19:40:58      25   53.00    0.00   20.00    0.00    0.00   11.00    0.00    0.00    0.00   16.00
19:40:58      26   34.83    0.00   15.73    2.25    0.00    8.99    0.00    0.00    0.00   38.20
19:40:58      27   34.41    0.00   17.20    2.15    0.00    9.68    0.00    0.00    0.00   36.56
19:40:58      28   55.00    0.00   20.00    0.00    0.00   12.00    0.00    0.00    0.00   13.00
19:40:58      29   54.17    0.00   19.79    0.00    0.00    9.38    0.00    0.00    0.00   16.67
19:40:58      30   56.70    0.00   18.56    0.00    0.00    8.25    0.00    0.00    0.00   16.49
19:40:58      31   53.00    0.00   22.00    1.00    0.00   11.00    0.00    0.00    0.00   13.00

19:40:58     CPU    %usr   %nice    %sys %iowait    %irq   %soft  %steal  %guest  %gnice   %idle
19:40:59     all   60.25    0.00   18.64    3.92    0.00    5.38    0.00    0.00    0.00   11.80
19:40:59       0   77.78    0.00   15.15    0.00    0.00    7.07    0.00    0.00    0.00    0.00
19:40:59       1   75.51    0.00   18.37    0.00    0.00    6.12    0.00    0.00    0.00    0.00
19:40:59       2   78.79    0.00   17.17    0.00    0.00    4.04    0.00    0.00    0.00    0.00
19:40:59       3   80.81    0.00   15.15    0.00    0.00    4.04    0.00    0.00    0.00    0.00
19:40:59       4   32.29    0.00   14.58   22.92    0.00    5.21    0.00    0.00    0.00   25.00
19:40:59       5   32.29    0.00   12.50   26.04    0.00    2.08    0.00    0.00    0.00   27.08
19:40:59       6   69.00    0.00   24.00    0.00    0.00    6.00    0.00    0.00    0.00    1.00
19:40:59       7   70.00    0.00   20.00    2.00    0.00    6.00    0.00    0.00    0.00    2.00
19:40:59       8   47.06    0.00   31.37    0.98    0.00    3.92    0.00    0.00    0.00   16.67
19:40:59       9   78.79    0.00   15.15    0.00    0.00    5.05    0.00    0.00    0.00    1.01
19:40:59      10   77.00    0.00   17.00    0.00    0.00    4.00    0.00    0.00    0.00    2.00
19:40:59      11   78.00    0.00   17.00    0.00    0.00    4.00    0.00    0.00    0.00    1.00
19:40:59      12   55.00    0.00   41.00    0.00    0.00    2.00    0.00    0.00    0.00    2.00
19:40:59      13   77.23    0.00   14.85    0.00    0.00    6.93    0.00    0.00    0.00    0.99
19:40:59      14   37.00    0.00   15.00   15.00    0.00    6.00    0.00    0.00    0.00   27.00
19:40:59      15   42.42    0.00   12.12   12.12    0.00    6.06    0.00    0.00    0.00   27.27
19:40:59      16   68.69    0.00   30.30    0.00    0.00    1.01    0.00    0.00    0.00    0.00
19:40:59      17   74.26    0.00   18.81    0.00    0.00    5.94    0.00    0.00    0.00    0.99
19:40:59      18   99.00    0.00    1.00    0.00    0.00    0.00    0.00    0.00    0.00    0.00
19:40:59      19   81.19    0.00   14.85    0.00    0.00    2.97    0.00    0.00    0.00    0.99
19:40:59      20   31.31    0.00   13.13   23.23    0.00    7.07    0.00    0.00    0.00   25.25
19:40:59      21   34.74    0.00   13.68   22.11    0.00    3.16    0.00    0.00    0.00   26.32
19:40:59      22   78.22    0.00   15.84    0.00    0.00    4.95    0.00    0.00    0.00    0.99
19:40:59      23   53.76    0.00   22.58    2.15    0.00    3.23    0.00    0.00    0.00   18.28
19:40:59      24   50.00    0.00   20.21    0.00    0.00    8.51    0.00    0.00    0.00   21.28
19:40:59      25   51.49    0.00   20.79    0.00    0.00    8.91    0.00    0.00    0.00   18.81
19:40:59      26   47.00    0.00   21.00    0.00    0.00    8.00    0.00    0.00    0.00   24.00
19:40:59      27   41.24    0.00   17.53    0.00    0.00    8.25    0.00    0.00    0.00   32.99
19:40:59      28   54.64    0.00   18.56    0.00    0.00    7.22    0.00    0.00    0.00   19.59
19:40:59      29   45.05    0.00   21.98    0.00    0.00    9.89    0.00    0.00    0.00   23.08
19:40:59      30   49.04    0.00   23.08    0.96    0.00    8.65    0.00    0.00    0.00   18.27
19:40:59      31   53.54    0.00   22.22    0.00    0.00    6.06    0.00    0.00    0.00   18.18

19:40:59     CPU    %usr   %nice    %sys %iowait    %irq   %soft  %steal  %guest  %gnice   %idle
19:41:00     all   62.56    0.00   17.81    3.54    0.00    5.00    0.00    0.00    0.00   11.10
19:41:00       0   72.00    0.00   24.00    0.00    0.00    2.00    0.00    0.00    0.00    2.00
19:41:00       1   73.27    0.00   19.80    0.99    0.00    1.98    0.00    0.00    0.00    3.96
19:41:00       2   83.00    0.00   11.00    0.00    0.00    4.00    0.00    0.00    0.00    2.00
19:41:00       3   75.76    0.00   16.16    0.00    0.00    6.06    0.00    0.00    0.00    2.02
19:41:00       4   38.71    0.00    9.68   20.43    0.00    2.15    0.00    0.00    0.00   29.03
19:41:00       5   34.04    0.00   10.64   22.34    0.00    4.26    0.00    0.00    0.00   28.72
19:41:00       6   75.25    0.00   15.84    0.00    0.00    6.93    0.00    0.00    0.00    1.98
19:41:00       7   71.29    0.00   18.81    0.99    0.00    3.96    0.00    0.00    0.00    4.95
19:41:00       8   47.42    0.00   15.46   12.37    0.00    5.15    0.00    0.00    0.00   19.59
19:41:00       9   53.12    0.00   17.71   13.54    0.00    6.25    0.00    0.00    0.00    9.38
19:41:00      10   75.00    0.00   17.00    1.00    0.00    5.00    0.00    0.00    0.00    2.00
19:41:00      11   80.61    0.00   13.27    0.00    0.00    4.08    0.00    0.00    0.00    2.04
19:41:00      12   54.64    0.00   31.96    1.03    0.00    4.12    0.00    0.00    0.00    8.25
19:41:00      13   75.25    0.00   17.82    0.00    0.00    4.95    0.00    0.00    0.00    1.98
19:41:00      14   77.00    0.00   15.00    0.00    0.00    3.00    0.00    0.00    0.00    5.00
19:41:00      15   79.00    0.00   16.00    1.00    0.00    0.00    0.00    0.00    0.00    4.00
19:41:00      16   71.29    0.00   23.76    0.99    0.00    1.98    0.00    0.00    0.00    1.98
19:41:00      17   72.45    0.00   22.45    0.00    0.00    3.06    0.00    0.00    0.00    2.04
19:41:00      18   98.02    0.00    0.99    0.00    0.00    0.99    0.00    0.00    0.00    0.00
19:41:00      19   80.00    0.00   15.00    1.00    0.00    3.00    0.00    0.00    0.00    1.00
19:41:00      20   42.42    0.00    9.09   15.15    0.00    1.01    0.00    0.00    0.00   32.32
19:41:00      21   40.82    0.00    9.18   18.37    0.00    3.06    0.00    0.00    0.00   28.57
19:41:00      22   74.75    0.00   18.18    0.00    0.00    5.05    0.00    0.00    0.00    2.02
19:41:00      23   48.45    0.00   24.74    4.12    0.00    2.06    0.00    0.00    0.00   20.62
19:41:00      24   45.54    0.00   20.79    1.98    0.00   10.89    0.00    0.00    0.00   20.79
19:41:00      25   49.49    0.00   22.22    1.01    0.00    9.09    0.00    0.00    0.00   18.18
19:41:00      26   55.45    0.00   17.82    0.00    0.00    9.90    0.00    0.00    0.00   16.83
19:41:00      27   51.96    0.00   22.55    0.00    0.00    8.82    0.00    0.00    0.00   16.67
19:41:00      28   46.94    0.00   20.41    0.00    0.00   11.22    0.00    0.00    0.00   21.43
19:41:00      29   51.52    0.00   24.24    0.00    0.00    8.08    0.00    0.00    0.00   16.16
19:41:00      30   45.65    0.00   26.09    0.00    0.00    9.78    0.00    0.00    0.00   18.48
19:41:00      31   54.55    0.00   22.22    0.00    0.00    8.08    0.00    0.00    0.00   15.15

19:41:00     CPU    %usr   %nice    %sys %iowait    %irq   %soft  %steal  %guest  %gnice   %idle
19:41:01     all   60.52    0.00   18.39    3.04    0.00    5.02    0.00    0.00    0.00   13.02
19:41:01       0   76.77    0.00   16.16    1.01    0.00    4.04    0.00    0.00    0.00    2.02
19:41:01       1   68.09    0.00   21.28    4.26    0.00    5.32    0.00    0.00    0.00    1.06
19:41:01       2   78.79    0.00   14.14    0.00    0.00    6.06    0.00    0.00    0.00    1.01
19:41:01       3   74.00    0.00   20.00    0.00    0.00    5.00    0.00    0.00    0.00    1.00
19:41:01       4   47.31    0.00   11.83    7.53    0.00    2.15    0.00    0.00    0.00   31.18
19:41:01       5   44.09    0.00   15.05    7.53    0.00    3.23    0.00    0.00    0.00   30.11
19:41:01       6   74.49    0.00   20.41    1.02    0.00    1.02    0.00    0.00    0.00    3.06
19:41:01       7   58.59    0.00   26.26    2.02    0.00    2.02    0.00    0.00    0.00   11.11
19:41:01       8   35.64    0.00   11.88   16.83    0.00    2.97    0.00    0.00    0.00   32.67
19:41:01       9   30.85    0.00   13.83   19.15    0.00    2.13    0.00    0.00    0.00   34.04
19:41:01      10   76.77    0.00   17.17    0.00    0.00    4.04    0.00    0.00    0.00    2.02
19:41:01      11   78.79    0.00   14.14    1.01    0.00    5.05    0.00    0.00    0.00    1.01
19:41:01      12   44.68    0.00   32.98    1.06    0.00    3.19    0.00    0.00    0.00   18.09
19:41:01      13   71.29    0.00   15.84    0.99    0.00    8.91    0.00    0.00    0.00    2.97
19:41:01      14   77.78    0.00   16.16    0.00    0.00    5.05    0.00    0.00    0.00    1.01
19:41:01      15   79.59    0.00   14.29    0.00    0.00    5.10    0.00    0.00    0.00    1.02
19:41:01      16   75.51    0.00   17.35    1.02    0.00    3.06    0.00    0.00    0.00    3.06
19:41:01      17   76.47    0.00   14.71    1.96    0.00    3.92    0.00    0.00    0.00    2.94
19:41:01      18   99.00    0.00    1.00    0.00    0.00    0.00    0.00    0.00    0.00    0.00
19:41:01      19   80.41    0.00   14.43    0.00    0.00    4.12    0.00    0.00    0.00    1.03
19:41:01      20   40.86    0.00   17.20    6.45    0.00    3.23    0.00    0.00    0.00   32.26
19:41:01      21   40.59    0.00   17.82    8.91    0.00    1.98    0.00    0.00    0.00   30.69
19:41:01      22   78.35    0.00   15.46    0.00    0.00    2.06    0.00    0.00    0.00    4.12
19:41:01      23   40.82    0.00   36.73    1.02    0.00    2.04    0.00    0.00    0.00   19.39
19:41:01      24   18.95    0.00   16.84    8.42    0.00    4.21    0.00    0.00    0.00   51.58
19:41:01      25   21.84    0.00    8.05    9.20    0.00    4.60    0.00    0.00    0.00   56.32
19:41:01      26   56.12    0.00   23.47    0.00    0.00   12.24    0.00    0.00    0.00    8.16
19:41:01      27   53.92    0.00   31.37    0.00    0.00    7.84    0.00    0.00    0.00    6.86
19:41:01      28   52.48    0.00   26.73    0.00    0.00    9.90    0.00    0.00    0.00   10.89
19:41:01      29   58.42    0.00   21.78    0.00    0.00   10.89    0.00    0.00    0.00    8.91
19:41:01      30   56.00    0.00   22.00    0.00    0.00   13.00    0.00    0.00    0.00    9.00
19:41:01      31   59.38    0.00   20.83    0.00    0.00   11.46    0.00    0.00    0.00    8.33

19:41:01     CPU    %usr   %nice    %sys %iowait    %irq   %soft  %steal  %guest  %gnice   %idle
19:41:02     all   62.49    0.00   19.28    4.15    0.00    5.19    0.00    0.00    0.00    8.90
19:41:02       0   39.58    0.00   19.79   26.04    0.00    1.04    0.00    0.00    0.00   13.54
19:41:02       1   28.71    0.00   18.81   29.70    0.00   10.89    0.00    0.00    0.00   11.88
19:41:02       2   68.00    0.00   24.00    3.00    0.00    3.00    0.00    0.00    0.00    2.00
19:41:02       3   78.79    0.00   14.14    1.01    0.00    5.05    0.00    0.00    0.00    1.01
19:41:02       4   75.51    0.00   14.29    1.02    0.00    7.14    0.00    0.00    0.00    2.04
19:41:02       5   66.67    0.00   30.30    0.00    0.00    1.01    0.00    0.00    0.00    2.02
19:41:02       6   58.00    0.00   28.00    3.00    0.00    3.00    0.00    0.00    0.00    8.00
19:41:02       7   65.31    0.00   14.29    2.04    0.00    5.10    0.00    0.00    0.00   13.27
19:41:02       8   72.16    0.00   16.49    2.06    0.00    2.06    0.00    0.00    0.00    7.22
19:41:02       9   69.39    0.00   14.29    2.04    0.00    3.06    0.00    0.00    0.00   11.22
19:41:02      10   77.23    0.00   16.83    0.99    0.00    2.97    0.00    0.00    0.00    1.98
19:41:02      11   78.22    0.00   13.86    0.00    0.00    4.95    0.00    0.00    0.00    2.97
19:41:02      12   75.00    0.00   18.75    1.04    0.00    4.17    0.00    0.00    0.00    1.04
19:41:02      13   80.81    0.00   13.13    0.00    0.00    5.05    0.00    0.00    0.00    1.01
19:41:02      14   77.00    0.00   16.00    1.00    0.00    4.00    0.00    0.00    0.00    2.00
19:41:02      15   76.24    0.00   17.82    0.00    0.00    3.96    0.00    0.00    0.00    1.98
19:41:02      16   30.61    0.00   20.41   29.59    0.00    1.02    0.00    0.00    0.00   18.37
19:41:02      17   32.29    0.00   25.00   21.88    0.00    2.08    0.00    0.00    0.00   18.75
19:41:02      18  100.00    0.00    0.00    0.00    0.00    0.00    0.00    0.00    0.00    0.00
19:41:02      19   75.25    0.00   15.84    0.99    0.00    4.95    0.00    0.00    0.00    2.97
19:41:02      20   73.00    0.00   18.00    2.00    0.00    5.00    0.00    0.00    0.00    2.00
19:41:02      21   63.27    0.00   30.61    0.00    0.00    3.06    0.00    0.00    0.00    3.06
19:41:02      22   70.71    0.00   15.15    2.02    0.00    3.03    0.00    0.00    0.00    9.09
19:41:02      23   44.68    0.00   29.79    2.13    0.00    3.19    0.00    0.00    0.00   20.21
19:41:02      24   39.58    0.00   20.83    0.00    0.00    7.29    0.00    0.00    0.00   32.29
19:41:02      25   38.95    0.00   13.68    2.11    0.00    5.26    0.00    0.00    0.00   40.00
19:41:02      26   54.08    0.00   26.53    0.00    0.00   11.22    0.00    0.00    0.00    8.16
19:41:02      27   54.55    0.00   24.24    0.00    0.00   10.10    0.00    0.00    0.00   11.11
19:41:02      28   61.00    0.00   21.00    0.00    0.00   10.00    0.00    0.00    0.00    8.00
19:41:02      29   57.58    0.00   22.22    0.00    0.00   14.14    0.00    0.00    0.00    6.06
19:41:02      30   55.45    0.00   21.78    0.00    0.00    7.92    0.00    0.00    0.00   14.85
19:41:02      31   57.43    0.00   21.78    0.00    0.00   10.89    0.00    0.00    0.00    9.90

19:41:02     CPU    %usr   %nice    %sys %iowait    %irq   %soft  %steal  %guest  %gnice   %idle
19:41:03     all   34.49    0.00    9.26    5.90    0.00    2.51    0.00    0.00    0.00   47.84
19:41:03       0   22.34    0.00    5.32   19.15    0.00    0.00    0.00    0.00    0.00   53.19
19:41:03       1   16.30    0.00    5.43   39.13    0.00    3.26    0.00    0.00    0.00   35.87
19:41:03       2   34.34    0.00   14.14    3.03    0.00    2.02    0.00    0.00    0.00   46.46
19:41:03       3   37.00    0.00   11.00    4.00    0.00    1.00    0.00    0.00    0.00   47.00
19:41:03       4   35.00    0.00   14.00    1.00    0.00    1.00    0.00    0.00    0.00   49.00
19:41:03       5   33.33    0.00   15.69    1.96    0.00    2.94    0.00    0.00    0.00   46.08
19:41:03       6   35.35    0.00   10.10    1.01    0.00    2.02    0.00    0.00    0.00   51.52
19:41:03       7   28.57    0.00   13.27    1.02    0.00    1.02    0.00    0.00    0.00   56.12
19:41:03       8   37.62    0.00   10.89    6.93    0.00    1.98    0.00    0.00    0.00   42.57
19:41:03       9   36.73    0.00    9.18   39.80    0.00    2.04    0.00    0.00    0.00   12.24
19:41:03      10   40.82    0.00    5.10    2.04    0.00    2.04    0.00    0.00    0.00   50.00
19:41:03      11   41.58    0.00    6.93    0.99    0.00    1.98    0.00    0.00    0.00   48.51
19:41:03      12   37.37    0.00    9.09    8.08    0.00    2.02    0.00    0.00    0.00   43.43
19:41:03      13   36.36    0.00   10.10    1.01    0.00    2.02    0.00    0.00    0.00   50.51
19:41:03      14   37.37    0.00    9.09    3.03    0.00    2.02    0.00    0.00    0.00   48.48
19:41:03      15   39.60    0.00    7.92    1.98    0.00    0.99    0.00    0.00    0.00   49.50
19:41:03      16   19.79    0.00    5.21   22.92    0.00    1.04    0.00    0.00    0.00   51.04
19:41:03      17   15.79    0.00    9.47   29.47    0.00    0.00    0.00    0.00    0.00   45.26
19:41:03      18  100.00    0.00    0.00    0.00    0.00    0.00    0.00    0.00    0.00    0.00
19:41:03      19   36.00    0.00   12.00    1.00    0.00    1.00    0.00    0.00    0.00   50.00
19:41:03      20   37.76    0.00   10.20    1.02    0.00    2.04    0.00    0.00    0.00   48.98
19:41:03      21   40.40    0.00    6.06    3.03    0.00    3.03    0.00    0.00    0.00   47.47
19:41:03      22   36.73    0.00    6.12    1.02    0.00    3.06    0.00    0.00    0.00   53.06
19:41:03      23   37.37    0.00    8.08    1.01    0.00    1.01    0.00    0.00    0.00   52.53
19:41:03      24   24.75    0.00    9.90    0.00    0.00    7.92    0.00    0.00    0.00   57.43
19:41:03      25   23.23    0.00   11.11    0.00    0.00    2.02    0.00    0.00    0.00   63.64
19:41:03      26   27.55    0.00   11.22    0.00    0.00    7.14    0.00    0.00    0.00   54.08
19:41:03      27   30.93    0.00   11.34    0.00    0.00    2.06    0.00    0.00    0.00   55.67
19:41:03      28   29.29    0.00   10.10    0.00    0.00    6.06    0.00    0.00    0.00   54.55
19:41:03      29   28.28    0.00   11.11    0.00    0.00    5.05    0.00    0.00    0.00   55.56
19:41:03      30   31.63    0.00    9.18    0.00    0.00    4.08    0.00    0.00    0.00   55.10
19:41:03      31   30.93    0.00    7.22    0.00    0.00    6.19    0.00    0.00    0.00   55.67

19:41:03     CPU    %usr   %nice    %sys %iowait    %irq   %soft  %steal  %guest  %gnice   %idle
19:41:04     all   33.64    0.00   11.37    5.34    0.00    2.46    0.00    0.00    0.00   47.19
19:41:04       0   27.27    0.00   12.12   18.18    0.00    1.01    0.00    0.00    0.00   41.41
19:41:04       1   29.17    0.00    8.33   18.75    0.00    1.04    0.00    0.00    0.00   42.71
19:41:04       2   35.42    0.00    6.25    3.12    0.00    3.12    0.00    0.00    0.00   52.08
19:41:04       3   37.00    0.00    7.00    5.00    0.00    2.00    0.00    0.00    0.00   49.00
19:41:04       4   36.00    0.00   12.00    4.00    0.00    1.00    0.00    0.00    0.00   47.00
19:41:04       5   33.67    0.00   14.29    4.08    0.00    1.02    0.00    0.00    0.00   46.94
19:41:04       6   33.00    0.00   15.00    1.00    0.00    1.00    0.00    0.00    0.00   50.00
19:41:04       7   34.00    0.00   11.00    1.00    0.00    4.00    0.00    0.00    0.00   50.00
19:41:04       8   32.99    0.00   10.31   13.40    0.00    3.09    0.00    0.00    0.00   40.21
19:41:04       9   31.63    0.00   14.29   32.65    0.00    1.02    0.00    0.00    0.00   20.41
19:41:04      10   36.08    0.00    9.28    1.03    0.00    2.06    0.00    0.00    0.00   51.55
19:41:04      11   32.32    0.00   11.11    5.05    0.00    1.01    0.00    0.00    0.00   50.51
19:41:04      12   37.11    0.00   10.31    7.22    0.00    1.03    0.00    0.00    0.00   44.33
19:41:04      13   35.35    0.00   10.10    1.01    0.00    3.03    0.00    0.00    0.00   50.51
19:41:04      14   34.34    0.00   10.10    2.02    0.00    1.01    0.00    0.00    0.00   52.53
19:41:04      15   37.37    0.00   10.10    0.00    0.00    1.01    0.00    0.00    0.00   51.52
19:41:04      16   28.43    0.00    8.82   17.65    0.00    3.92    0.00    0.00    0.00   41.18
19:41:04      17   28.87    0.00   11.34   16.49    0.00    2.06    0.00    0.00    0.00   41.24
19:41:04      18   99.00    0.00    1.00    0.00    0.00    0.00    0.00    0.00    0.00    0.00
19:41:04      19   35.71    0.00    7.14    7.14    0.00    1.02    0.00    0.00    0.00   48.98
19:41:04      20   36.36    0.00   12.12    2.02    0.00    1.01    0.00    0.00    0.00   48.48
19:41:04      21   33.33    0.00   15.15    0.00    0.00    1.01    0.00    0.00    0.00   50.51
19:41:04      22   38.00    0.00   10.00    2.00    0.00    1.00    0.00    0.00    0.00   49.00
19:41:04      23   32.35    0.00   19.61    1.96    0.00    1.96    0.00    0.00    0.00   44.12
19:41:04      24   27.00    0.00   16.00    1.00    0.00    3.00    0.00    0.00    0.00   53.00
19:41:04      25   23.47    0.00   13.27    0.00    0.00    6.12    0.00    0.00    0.00   57.14
19:41:04      26   23.47    0.00   14.29    1.02    0.00    4.08    0.00    0.00    0.00   57.14
19:41:04      27   21.21    0.00   16.16    5.05    0.00    5.05    0.00    0.00    0.00   52.53
19:41:04      28   24.75    0.00   11.88    0.00    0.00    5.94    0.00    0.00    0.00   57.43
19:41:04      29   27.27    0.00    8.08    0.00    0.00    6.06    0.00    0.00    0.00   58.59
19:41:04      30   28.00    0.00   13.00    0.00    0.00    4.00    0.00    0.00    0.00   55.00
19:41:04      31   26.00    0.00   14.00    0.00    0.00    5.00    0.00    0.00    0.00   55.00

19:41:04     CPU    %usr   %nice    %sys %iowait    %irq   %soft  %steal  %guest  %gnice   %idle
19:41:05     all   24.96    0.00    8.10    5.68    0.00    1.60    0.00    0.00    0.00   59.65
19:41:05       0   23.00    0.00    8.00    5.00    0.00    1.00    0.00    0.00    0.00   63.00
19:41:05       1   20.79    0.00    8.91   15.84    0.00    2.97    0.00    0.00    0.00   51.49
19:41:05       2   24.24    0.00    8.08   12.12    0.00    0.00    0.00    0.00    0.00   55.56
19:41:05       3   19.39    0.00   10.20   15.31    0.00    1.02    0.00    0.00    0.00   54.08
19:41:05       4   25.51    0.00    8.16    1.02    0.00    1.02    0.00    0.00    0.00   64.29
19:41:05       5   26.47    0.00    8.82    0.00    0.00    0.98    0.00    0.00    0.00   63.73
19:41:05       6   23.23    0.00   10.10    1.01    0.00    2.02    0.00    0.00    0.00   63.64
19:41:05       7   25.77    0.00    6.19    0.00    0.00    2.06    0.00    0.00    0.00   65.98
19:41:05       8   25.00    0.00    6.00    9.00    0.00    1.00    0.00    0.00    0.00   59.00
19:41:05       9   18.37    0.00   10.20   14.29    0.00    1.02    0.00    0.00    0.00   56.12
19:41:05      10   24.24    0.00    7.07    2.02    0.00    1.01    0.00    0.00    0.00   65.66
19:41:05      11   28.28    0.00    6.06    1.01    0.00    0.00    0.00    0.00    0.00   64.65
19:41:05      12   26.00    0.00    8.00   20.00    0.00    1.00    0.00    0.00    0.00   45.00
19:41:05      13   25.51    0.00    7.14   42.86    0.00    1.02    0.00    0.00    0.00   23.47
19:41:05      14   25.74    0.00    7.92    0.99    0.00    0.99    0.00    0.00    0.00   64.36
19:41:05      15   26.47    0.00    7.84    1.96    0.00    0.98    0.00    0.00    0.00   62.75
19:41:05      16   19.79    0.00   12.50    5.21    0.00    1.04    0.00    0.00    0.00   61.46
19:41:05      17   17.00    0.00   15.00    8.00    0.00    1.00    0.00    0.00    0.00   59.00
19:41:05      18   99.00    0.00    1.00    0.00    0.00    0.00    0.00    0.00    0.00    0.00
19:41:05      19   21.78    0.00    9.90    9.90    0.00    0.00    0.00    0.00    0.00   58.42
19:41:05      20   28.28    0.00    5.05    1.01    0.00    2.02    0.00    0.00    0.00   63.64
19:41:05      21   25.00    0.00    9.00    1.00    0.00    1.00    0.00    0.00    0.00   64.00
19:41:05      22   27.27    0.00    7.07    1.01    0.00    1.01    0.00    0.00    0.00   63.64
19:41:05      23   25.25    0.00    8.08    3.03    0.00    1.01    0.00    0.00    0.00   62.63
19:41:05      24   18.75    0.00    6.25    8.33    0.00    2.08    0.00    0.00    0.00   64.58
19:41:05      25   20.00    0.00    6.00    3.00    0.00    3.00    0.00    0.00    0.00   68.00
19:41:05      26   19.42    0.00    7.77    0.00    0.00    4.85    0.00    0.00    0.00   67.96
19:41:05      27   19.42    0.00    9.71    0.00    0.00    3.88    0.00    0.00    0.00   66.99
19:41:05      28   19.19    0.00    6.06    0.00    0.00    4.04    0.00    0.00    0.00   70.71
19:41:05      29   19.19    0.00    9.09    0.00    0.00    1.01    0.00    0.00    0.00   70.71
19:41:05      30   15.69    0.00   10.78    0.00    0.00    2.94    0.00    0.00    0.00   70.59
19:41:05      31   15.31    0.00    7.14    0.00    0.00    4.08    0.00    0.00    0.00   73.47

19:41:05     CPU    %usr   %nice    %sys %iowait    %irq   %soft  %steal  %guest  %gnice   %idle
19:41:06     all   22.81    0.00    7.77    5.66    0.00    1.67    0.00    0.00    0.00   62.09
19:41:06       0   19.59    0.00   12.37   10.31    0.00    1.03    0.00    0.00    0.00   56.70
19:41:06       1   21.43    0.00   10.20    4.08    0.00    0.00    0.00    0.00    0.00   64.29
19:41:06       2   25.74    0.00    4.95    1.98    0.00    0.99    0.00    0.00    0.00   66.34
19:41:06       3   22.00    0.00    6.00    2.00    0.00    2.00    0.00    0.00    0.00   68.00
19:41:06       4   17.35    0.00   10.20    2.04    0.00    2.04    0.00    0.00    0.00   68.37
19:41:06       5   20.83    0.00    7.29   25.00    0.00    1.04    0.00    0.00    0.00   45.83
19:41:06       6   22.22    0.00    8.08    0.00    0.00    1.01    0.00    0.00    0.00   68.69
19:41:06       7   23.00    0.00    8.00    6.00    0.00    1.00    0.00    0.00    0.00   62.00
19:41:06       8   19.80    0.00    9.90    4.95    0.00    0.00    0.00    0.00    0.00   65.35
19:41:06       9   20.59    0.00    8.82    5.88    0.00    1.96    0.00    0.00    0.00   62.75
19:41:06      10   22.77    0.00    5.94    1.98    0.00    1.98    0.00    0.00    0.00   67.33
19:41:06      11   25.00    0.00    5.00    4.00    0.00    1.00    0.00    0.00    0.00   65.00
19:41:06      12   22.00    0.00    7.00    4.00    0.00    1.00    0.00    0.00    0.00   66.00
19:41:06      13   22.00    0.00    7.00    7.00    0.00    1.00    0.00    0.00    0.00   63.00
19:41:06      14   23.96    0.00    4.17    3.12    0.00    0.00    0.00    0.00    0.00   68.75
19:41:06      15   23.00    0.00    6.00    1.00    0.00    2.00    0.00    0.00    0.00   68.00
19:41:06      16   21.21    0.00   14.14   13.13    0.00    0.00    0.00    0.00    0.00   51.52
19:41:06      17   21.00    0.00    9.00    9.00    0.00    2.00    0.00    0.00    0.00   59.00
19:41:06      18   99.01    0.00    0.99    0.00    0.00    0.00    0.00    0.00    0.00    0.00
19:41:06      19   19.39    0.00    9.18    1.02    0.00    1.02    0.00    0.00    0.00   69.39
19:41:06      20   20.20    0.00    8.08   15.15    0.00    2.02    0.00    0.00    0.00   54.55
19:41:06      21   20.79    0.00    8.91   18.81    0.00    2.97    0.00    0.00    0.00   48.51
19:41:06      22   24.51    0.00    7.84    0.98    0.00    0.98    0.00    0.00    0.00   65.69
19:41:06      23   23.23    0.00    7.07    0.00    0.00    2.02    0.00    0.00    0.00   67.68
19:41:06      24   14.00    0.00    9.00    4.00    0.00    4.00    0.00    0.00    0.00   69.00
19:41:06      25   15.15    0.00    6.06    3.03    0.00    3.03    0.00    0.00    0.00   72.73
19:41:06      26   16.16    0.00   10.10    3.03    0.00    1.01    0.00    0.00    0.00   69.70
19:41:06      27   18.00    0.00    7.00    7.00    0.00    3.00    0.00    0.00    0.00   65.00
19:41:06      28   16.16    0.00    6.06    5.05    0.00    3.03    0.00    0.00    0.00   69.70
19:41:06      29   13.27    0.00   10.20   14.29    0.00    4.08    0.00    0.00    0.00   58.16
19:41:06      30   16.67    0.00    6.25    1.04    0.00    3.12    0.00    0.00    0.00   72.92
19:41:06      31   18.00    0.00    8.00    3.00    0.00    3.00    0.00    0.00    0.00   68.00

19:41:06     CPU    %usr   %nice    %sys %iowait    %irq   %soft  %steal  %guest  %gnice   %idle
19:41:07     all   21.12    0.00    6.93    6.36    0.00    1.21    0.00    0.00    0.00   64.38
19:41:07       0   17.17    0.00   14.14   21.21    0.00    2.02    0.00    0.00    0.00   45.45
19:41:07       1   14.89    0.00    7.45    7.45    0.00    2.13    0.00    0.00    0.00   68.09
19:41:07       2   21.43    0.00    5.10    3.06    0.00    2.04    0.00    0.00    0.00   68.37
19:41:07       3   22.22    0.00    6.06    1.01    0.00    1.01    0.00    0.00    0.00   69.70
19:41:07       4   18.75    0.00    6.25    5.21    0.00    0.00    0.00    0.00    0.00   69.79
19:41:07       5   20.62    0.00    7.22   18.56    0.00    0.00    0.00    0.00    0.00   53.61
19:41:07       6   21.43    0.00    7.14    6.12    0.00    1.02    0.00    0.00    0.00   64.29
19:41:07       7   21.00    0.00   10.00    5.00    0.00    1.00    0.00    0.00    0.00   63.00
19:41:07       8   19.79    0.00    6.25    7.29    0.00    1.04    0.00    0.00    0.00   65.62
19:41:07       9   20.62    0.00    6.19   13.40    0.00    1.03    0.00    0.00    0.00   58.76
19:41:07      10   23.47    0.00    5.10    2.04    0.00    1.02    0.00    0.00    0.00   68.37
19:41:07      11   22.68    0.00    5.15    1.03    0.00    0.00    0.00    0.00    0.00   71.13
19:41:07      12   21.43    0.00    5.10    3.06    0.00    1.02    0.00    0.00    0.00   69.39
19:41:07      13   18.18    0.00   10.10    3.03    0.00    1.01    0.00    0.00    0.00   67.68
19:41:07      14   18.18    0.00    7.07    5.05    0.00    1.01    0.00    0.00    0.00   68.69
19:41:07      15   17.53    0.00    4.12   11.34    0.00    0.00    0.00    0.00    0.00   67.01
19:41:07      16   18.56    0.00   10.31   15.46    0.00    0.00    0.00    0.00    0.00   55.67
19:41:07      17   19.39    0.00    6.12    9.18    0.00    2.04    0.00    0.00    0.00   63.27
19:41:07      18  100.00    0.00    0.00    0.00    0.00    0.00    0.00    0.00    0.00    0.00
19:41:07      19   20.20    0.00    8.08    3.03    0.00    1.01    0.00    0.00    0.00   67.68
19:41:07      20   19.80    0.00    7.92   26.73    0.00    1.98    0.00    0.00    0.00   43.56
19:41:07      21   20.41    0.00    7.14    3.06    0.00    0.00    0.00    0.00    0.00   69.39
19:41:07      22   19.80    0.00    8.91    5.94    0.00    1.98    0.00    0.00    0.00   63.37
19:41:07      23   21.00    0.00    7.00   15.00    0.00    2.00    0.00    0.00    0.00   55.00
19:41:07      24   11.58    0.00    6.32    5.26    0.00    2.11    0.00    0.00    0.00   74.74
19:41:07      25   15.84    0.00    6.93    0.99    0.00    1.98    0.00    0.00    0.00   74.26
19:41:07      26   15.31    0.00    7.14    0.00    0.00    1.02    0.00    0.00    0.00   76.53
19:41:07      27   17.00    0.00    7.00    0.00    0.00    1.00    0.00    0.00    0.00   75.00
19:41:07      28   11.22    0.00    7.14    2.04    0.00    3.06    0.00    0.00    0.00   76.53
19:41:07      29   15.84    0.00    5.94    0.00    0.00    0.99    0.00    0.00    0.00   77.23
19:41:07      30   14.29    0.00    7.14    3.06    0.00    2.04    0.00    0.00    0.00   73.47
19:41:07      31   15.31    0.00    6.12    0.00    0.00    2.04    0.00    0.00    0.00   76.53

19:41:07     CPU    %usr   %nice    %sys %iowait    %irq   %soft  %steal  %guest  %gnice   %idle
19:41:08     all   24.85    0.00    8.91    6.10    0.00    2.22    0.00    0.00    0.00   57.92
19:41:08       0   17.17    0.00   13.13   14.14    0.00    0.00    0.00    0.00    0.00   55.56
19:41:08       1   19.59    0.00    5.15   10.31    0.00    1.03    0.00    0.00    0.00   63.92
19:41:08       2   28.28    0.00    8.08    1.01    0.00    1.01    0.00    0.00    0.00   61.62
19:41:08       3   26.73    0.00    8.91    0.99    0.00    0.99    0.00    0.00    0.00   62.38
19:41:08       4   26.21    0.00    9.71    2.91    0.00    1.94    0.00    0.00    0.00   59.22
19:41:08       5   25.49    0.00   10.78    4.90    0.00    1.96    0.00    0.00    0.00   56.86
19:41:08       6   25.00    0.00    9.00    2.00    0.00    2.00    0.00    0.00    0.00   62.00
19:41:08       7   28.71    0.00    7.92    0.99    0.00    0.99    0.00    0.00    0.00   61.39
19:41:08       8   26.00    0.00    9.00   37.00    0.00    1.00    0.00    0.00    0.00   27.00
19:41:08       9   20.00    0.00   15.00   29.00    0.00    2.00    0.00    0.00    0.00   34.00
19:41:08      10   24.49    0.00    6.12    4.08    0.00    2.04    0.00    0.00    0.00   63.27
19:41:08      11   26.00    0.00    8.00   14.00    0.00    1.00    0.00    0.00    0.00   51.00
19:41:08      12   25.49    0.00    9.80    4.90    0.00    1.96    0.00    0.00    0.00   57.84
19:41:08      13   25.74    0.00    8.91    7.92    0.00    1.98    0.00    0.00    0.00   55.45
19:41:08      14   23.00    0.00   11.00    3.00    0.00    2.00    0.00    0.00    0.00   61.00
19:41:08      15   25.25    0.00   10.10    2.02    0.00    0.00    0.00    0.00    0.00   62.63
19:41:08      16   20.41    0.00    5.10   11.22    0.00    0.00    0.00    0.00    0.00   63.27
19:41:08      17   13.54    0.00    8.33   14.58    0.00    2.08    0.00    0.00    0.00   61.46
19:41:08      18   99.00    0.00    1.00    0.00    0.00    0.00    0.00    0.00    0.00    0.00
19:41:08      19   26.21    0.00    6.80    1.94    0.00    4.85    0.00    0.00    0.00   60.19
19:41:08      20   24.51    0.00   10.78    1.96    0.00    1.96    0.00    0.00    0.00   60.78
19:41:08      21   25.00    0.00   10.00    3.00    0.00    2.00    0.00    0.00    0.00   60.00
19:41:08      22   25.25    0.00    7.07    1.01    0.00    3.03    0.00    0.00    0.00   63.64
19:41:08      23   24.51    0.00   11.76    0.98    0.00    1.96    0.00    0.00    0.00   60.78
19:41:08      24   15.15    0.00   11.11    1.01    0.00    2.02    0.00    0.00    0.00   70.71
19:41:08      25   18.00    0.00    8.00    3.00    0.00    4.00    0.00    0.00    0.00   67.00
19:41:08      26   18.56    0.00    6.19    0.00    0.00    4.12    0.00    0.00    0.00   71.13
19:41:08      27   18.00    0.00   10.00    5.00    0.00    3.00    0.00    0.00    0.00   64.00
19:41:08      28   18.63    0.00   10.78    7.84    0.00    4.90    0.00    0.00    0.00   57.84
19:41:08      29   16.00    0.00   10.00    5.00    0.00    7.00    0.00    0.00    0.00   62.00
19:41:08      30   14.43    0.00   10.31    0.00    0.00    5.15    0.00    0.00    0.00   70.10
19:41:08      31   23.53    0.00    6.86    0.00    0.00    2.94    0.00    0.00    0.00   66.67

19:41:08     CPU    %usr   %nice    %sys %iowait    %irq   %soft  %steal  %guest  %gnice   %idle
19:41:09     all   67.20    0.00   18.02    0.19    0.00    5.20    0.00    0.00    0.00    9.39
19:41:09       0   48.94    0.00   15.96    1.06    0.00    3.19    0.00    0.00    0.00   30.85
19:41:09       1   60.82    0.00   15.46    1.03    0.00    3.09    0.00    0.00    0.00   19.59
19:41:09       2   78.00    0.00   16.00    1.00    0.00    1.00    0.00    0.00    0.00    4.00
19:41:09       3   78.64    0.00   13.59    0.00    0.00    3.88    0.00    0.00    0.00    3.88
19:41:09       4   70.41    0.00   20.41    0.00    0.00    4.08    0.00    0.00    0.00    5.10
19:41:09       5   66.67    0.00   21.57    0.00    0.00    4.90    0.00    0.00    0.00    6.86
19:41:09       6   75.51    0.00   14.29    0.00    0.00    4.08    0.00    0.00    0.00    6.12
19:41:09       7   71.29    0.00   16.83    0.99    0.00    4.95    0.00    0.00    0.00    5.94
19:41:09       8   74.26    0.00   14.85    0.99    0.00    3.96    0.00    0.00    0.00    5.94
19:41:09       9   65.66    0.00   23.23    0.00    0.00    4.04    0.00    0.00    0.00    7.07
19:41:09      10   74.75    0.00   15.15    0.00    0.00    5.05    0.00    0.00    0.00    5.05
19:41:09      11   73.74    0.00   17.17    0.00    0.00    4.04    0.00    0.00    0.00    5.05
19:41:09      12   80.61    0.00   10.20    0.00    0.00    4.08    0.00    0.00    0.00    5.10
19:41:09      13   74.51    0.00   16.67    0.00    0.00    2.94    0.00    0.00    0.00    5.88
19:41:09      14   76.77    0.00   16.16    0.00    0.00    3.03    0.00    0.00    0.00    4.04
19:41:09      15   53.47    0.00   39.60    0.00    0.00    3.96    0.00    0.00    0.00    2.97
19:41:09      16   61.39    0.00   15.84    0.00    0.00    1.98    0.00    0.00    0.00   20.79
19:41:09      17   63.92    0.00   13.40    1.03    0.00    2.06    0.00    0.00    0.00   19.59
19:41:09      18   99.01    0.00    0.99    0.00    0.00    0.00    0.00    0.00    0.00    0.00
19:41:09      19   70.00    0.00   21.00    0.00    0.00    5.00    0.00    0.00    0.00    4.00
19:41:09      20   74.49    0.00   18.37    0.00    0.00    2.04    0.00    0.00    0.00    5.10
19:41:09      21   78.35    0.00   13.40    0.00    0.00    2.06    0.00    0.00    0.00    6.19
19:41:09      22   76.53    0.00   15.31    0.00    0.00    3.06    0.00    0.00    0.00    5.10
19:41:09      23   73.27    0.00   14.85    0.00    0.00    3.96    0.00    0.00    0.00    7.92
19:41:09      24   48.54    0.00   17.48    0.00    0.00    6.80    0.00    0.00    0.00   27.18
19:41:09      25   40.86    0.00   16.13    0.00    0.00    9.68    0.00    0.00    0.00   33.33
19:41:09      26   54.46    0.00   25.74    0.00    0.00   10.89    0.00    0.00    0.00    8.91
19:41:09      27   54.08    0.00   24.49    0.00    0.00   14.29    0.00    0.00    0.00    7.14
19:41:09      28   62.00    0.00   22.00    0.00    0.00   11.00    0.00    0.00    0.00    5.00
19:41:09      29   57.58    0.00   24.24    0.00    0.00   12.12    0.00    0.00    0.00    6.06
19:41:09      30   54.64    0.00   22.68    0.00    0.00   11.34    0.00    0.00    0.00   11.34
19:41:09      31   54.55    0.00   23.23    0.00    0.00   10.10    0.00    0.00    0.00   12.12

19:41:09     CPU    %usr   %nice    %sys %iowait    %irq   %soft  %steal  %guest  %gnice   %idle
19:41:10     all   71.00    0.00   17.82    0.06    0.00    5.38    0.00    0.00    0.00    5.73
19:41:10       0   58.59    0.00   19.19    1.01    0.00    5.05    0.00    0.00    0.00   16.16
19:41:10       1   69.70    0.00   16.16    0.00    0.00    6.06    0.00    0.00    0.00    8.08
19:41:10       2   88.89    0.00    8.08    0.00    0.00    2.02    0.00    0.00    0.00    1.01
19:41:10       3   76.77    0.00   15.15    0.00    0.00    4.04    0.00    0.00    0.00    4.04
19:41:10       4   74.49    0.00   16.33    0.00    0.00    5.10    0.00    0.00    0.00    4.08
19:41:10       5   77.78    0.00   16.16    0.00    0.00    2.02    0.00    0.00    0.00    4.04
19:41:10       6   68.37    0.00   23.47    0.00    0.00    4.08    0.00    0.00    0.00    4.08
19:41:10       7   74.23    0.00   19.59    0.00    0.00    3.09    0.00    0.00    0.00    3.09
19:41:10       8   78.22    0.00   13.86    0.00    0.00    4.95    0.00    0.00    0.00    2.97
19:41:10       9   76.53    0.00   13.27    0.00    0.00    6.12    0.00    0.00    0.00    4.08
19:41:10      10   80.00    0.00   14.00    0.00    0.00    2.00    0.00    0.00    0.00    4.00
19:41:10      11   73.74    0.00   20.20    0.00    0.00    3.03    0.00    0.00    0.00    3.03
19:41:10      12   81.82    0.00   13.13    0.00    0.00    3.03    0.00    0.00    0.00    2.02
19:41:10      13   76.53    0.00   14.29    0.00    0.00    7.14    0.00    0.00    0.00    2.04
19:41:10      14   77.00    0.00   16.00    0.00    0.00    3.00    0.00    0.00    0.00    4.00
19:41:10      15   58.42    0.00   36.63    0.00    0.00    3.96    0.00    0.00    0.00    0.99
19:41:10      16   71.13    0.00   15.46    0.00    0.00    4.12    0.00    0.00    0.00    9.28
19:41:10      17   71.29    0.00   15.84    0.00    0.00    3.96    0.00    0.00    0.00    8.91
19:41:10      18   86.14    0.00    9.90    0.00    0.00    1.98    0.00    0.00    0.00    1.98
19:41:10      19   77.45    0.00   15.69    0.98    0.00    1.96    0.00    0.00    0.00    3.92
19:41:10      20   71.00    0.00   19.00    0.00    0.00    6.00    0.00    0.00    0.00    4.00
19:41:10      21   77.00    0.00   15.00    0.00    0.00    4.00    0.00    0.00    0.00    4.00
19:41:10      22   78.79    0.00   16.16    0.00    0.00    2.02    0.00    0.00    0.00    3.03
19:41:10      23   73.00    0.00   18.00    0.00    0.00    4.00    0.00    0.00    0.00    5.00
19:41:10      24   57.58    0.00   22.22    0.00    0.00   12.12    0.00    0.00    0.00    8.08
19:41:10      25   55.45    0.00   19.80    0.00    0.00    8.91    0.00    0.00    0.00   15.84
19:41:10      26   64.29    0.00   18.37    0.00    0.00    9.18    0.00    0.00    0.00    8.16
19:41:10      27   56.57    0.00   21.21    0.00    0.00   10.10    0.00    0.00    0.00   12.12
19:41:10      28   60.82    0.00   21.65    0.00    0.00    8.25    0.00    0.00    0.00    9.28
19:41:10      29   59.79    0.00   23.71    0.00    0.00   10.31    0.00    0.00    0.00    6.19
19:41:10      30   63.11    0.00   17.48    0.00    0.00   11.65    0.00    0.00    0.00    7.77
19:41:10      31   57.14    0.00   25.51    0.00    0.00    9.18    0.00    0.00    0.00    8.16

19:41:10     CPU    %usr   %nice    %sys %iowait    %irq   %soft  %steal  %guest  %gnice   %idle
19:41:11     all   70.65    0.00   15.98    0.06    0.00    4.82    0.00    0.00    0.00    8.48
19:41:11       0   77.23    0.00   13.86    0.00    0.00    4.95    0.00    0.00    0.00    3.96
19:41:11       1   67.01    0.00   16.49    0.00    0.00    4.12    0.00    0.00    0.00   12.37
19:41:11       2   90.91    0.00    6.06    0.00    0.00    2.02    0.00    0.00    0.00    1.01
19:41:11       3   75.76    0.00   15.15    0.00    0.00    5.05    0.00    0.00    0.00    4.04
19:41:11       4   73.47    0.00   17.35    0.00    0.00    3.06    0.00    0.00    0.00    6.12
19:41:11       5   80.20    0.00   11.88    0.99    0.00    1.98    0.00    0.00    0.00    4.95
19:41:11       6   78.43    0.00   14.71    0.00    0.00    2.94    0.00    0.00    0.00    3.92
19:41:11       7   78.00    0.00   14.00    0.00    0.00    5.00    0.00    0.00    0.00    3.00
19:41:11       8   76.77    0.00   11.11    0.00    0.00    3.03    0.00    0.00    0.00    9.09
19:41:11       9   59.80    0.00   10.78    0.00    0.00    1.96    0.00    0.00    0.00   27.45
19:41:11      10   81.00    0.00   14.00    0.00    0.00    1.00    0.00    0.00    0.00    4.00
19:41:11      11   83.00    0.00   11.00    0.00    0.00    3.00    0.00    0.00    0.00    3.00
19:41:11      12   76.77    0.00   15.15    0.00    0.00    3.03    0.00    0.00    0.00    5.05
19:41:11      13   77.45    0.00   15.69    0.00    0.00    2.94    0.00    0.00    0.00    3.92
19:41:11      14   75.76    0.00   15.15    0.00    0.00    6.06    0.00    0.00    0.00    3.03
19:41:11      15   54.64    0.00   40.21    0.00    0.00    2.06    0.00    0.00    0.00    3.09
19:41:11      16   78.43    0.00   14.71    0.98    0.00    1.96    0.00    0.00    0.00    3.92
19:41:11      17   77.55    0.00   14.29    0.00    0.00    4.08    0.00    0.00    0.00    4.08
19:41:11      18   87.63    0.00   10.31    0.00    0.00    1.03    0.00    0.00    0.00    1.03
19:41:11      19   82.65    0.00   11.22    0.00    0.00    2.04    0.00    0.00    0.00    4.08
19:41:11      20   77.23    0.00   14.85    0.00    0.00    4.95    0.00    0.00    0.00    2.97
19:41:11      21   78.00    0.00   14.00    0.00    0.00    5.00    0.00    0.00    0.00    3.00
19:41:11      22   80.81    0.00   13.13    0.00    0.00    3.03    0.00    0.00    0.00    3.03
19:41:11      23   79.00    0.00   14.00    0.00    0.00    4.00    0.00    0.00    0.00    3.00
19:41:11      24   54.64    0.00   17.53    0.00    0.00   10.31    0.00    0.00    0.00   17.53
19:41:11      25   47.92    0.00   19.79    0.00    0.00   12.50    0.00    0.00    0.00   19.79
19:41:11      26   54.64    0.00   19.59    0.00    0.00    7.22    0.00    0.00    0.00   18.56
19:41:11      27   49.48    0.00   21.65    0.00    0.00   10.31    0.00    0.00    0.00   18.56
19:41:11      28   50.00    0.00   23.47    0.00    0.00   10.20    0.00    0.00    0.00   16.33
19:41:11      29   49.51    0.00   21.36    0.00    0.00    7.77    0.00    0.00    0.00   21.36
19:41:11      30   56.70    0.00   20.62    0.00    0.00    6.19    0.00    0.00    0.00   16.49
19:41:11      31   47.42    0.00   19.59    0.00    0.00   12.37    0.00    0.00    0.00   20.62

19:41:11     CPU    %usr   %nice    %sys %iowait    %irq   %soft  %steal  %guest  %gnice   %idle
19:41:12     all   70.30    0.00   17.59    0.03    0.00    5.29    0.00    0.00    0.00    6.79
19:41:12       0   77.08    0.00   14.58    0.00    0.00    1.04    0.00    0.00    0.00    7.29
19:41:12       1   72.16    0.00   17.53    0.00    0.00    2.06    0.00    0.00    0.00    8.25
19:41:12       2   78.22    0.00   14.85    0.00    0.00    2.97    0.00    0.00    0.00    3.96
19:41:12       3   74.49    0.00   19.39    0.00    0.00    2.04    0.00    0.00    0.00    4.08
19:41:12       4   76.24    0.00   14.85    0.99    0.00    1.98    0.00    0.00    0.00    5.94
19:41:12       5   73.47    0.00   18.37    0.00    0.00    3.06    0.00    0.00    0.00    5.10
19:41:12       6   71.57    0.00   17.65    0.00    0.00    3.92    0.00    0.00    0.00    6.86
19:41:12       7   76.24    0.00   13.86    0.00    0.00    5.94    0.00    0.00    0.00    3.96
19:41:12       8   76.77    0.00   17.17    0.00    0.00    2.02    0.00    0.00    0.00    4.04
19:41:12       9   78.64    0.00   13.59    0.00    0.00    2.91    0.00    0.00    0.00    4.85
19:41:12      10   76.00    0.00   17.00    0.00    0.00    4.00    0.00    0.00    0.00    3.00
19:41:12      11   77.45    0.00   13.73    0.00    0.00    4.90    0.00    0.00    0.00    3.92
19:41:12      12   78.00    0.00   16.00    0.00    0.00    3.00    0.00    0.00    0.00    3.00
19:41:12      13   77.78    0.00   14.14    0.00    0.00    4.04    0.00    0.00    0.00    4.04
19:41:12      14   66.00    0.00   29.00    0.00    0.00    2.00    0.00    0.00    0.00    3.00
19:41:12      15   71.43    0.00   17.35    0.00    0.00    5.10    0.00    0.00    0.00    6.12
19:41:12      16   73.00    0.00   17.00    0.00    0.00    3.00    0.00    0.00    0.00    7.00
19:41:12      17   67.65    0.00   17.65    0.00    0.00    4.90    0.00    0.00    0.00    9.80
19:41:12      18   99.01    0.00    0.99    0.00    0.00    0.00    0.00    0.00    0.00    0.00
19:41:12      19   72.00    0.00   18.00    0.00    0.00    5.00    0.00    0.00    0.00    5.00
19:41:12      20   73.53    0.00   16.67    0.00    0.00    2.94    0.00    0.00    0.00    6.86
19:41:12      21   75.76    0.00   18.18    0.00    0.00    2.02    0.00    0.00    0.00    4.04
19:41:12      22   75.00    0.00   15.00    0.00    0.00    4.00    0.00    0.00    0.00    6.00
19:41:12      23   76.00    0.00   17.00    0.00    0.00    4.00    0.00    0.00    0.00    3.00
19:41:12      24   52.53    0.00   24.24    0.00    0.00   12.12    0.00    0.00    0.00   11.11
19:41:12      25   54.46    0.00   19.80    0.00    0.00   13.86    0.00    0.00    0.00   11.88
19:41:12      26   55.56    0.00   20.20    0.00    0.00   14.14    0.00    0.00    0.00   10.10
19:41:12      27   52.00    0.00   25.00    0.00    0.00   10.00    0.00    0.00    0.00   13.00
19:41:12      28   55.56    0.00   20.20    0.00    0.00   12.12    0.00    0.00    0.00   12.12
19:41:12      29   55.45    0.00   24.75    0.00    0.00    9.90    0.00    0.00    0.00    9.90
19:41:12      30   57.73    0.00   17.53    0.00    0.00    9.28    0.00    0.00    0.00   15.46
19:41:12      31   52.00    0.00   22.00    0.00    0.00   11.00    0.00    0.00    0.00   15.00

19:41:12     CPU    %usr   %nice    %sys %iowait    %irq   %soft  %steal  %guest  %gnice   %idle
19:41:13     all   70.88    0.00   17.75    0.03    0.00    4.92    0.00    0.00    0.00    6.41
19:41:13       0   76.47    0.00   13.73    0.00    0.00    2.94    0.00    0.00    0.00    6.86
19:41:13       1   68.75    0.00   19.79    0.00    0.00    4.17    0.00    0.00    0.00    7.29
19:41:13       2   73.74    0.00   19.19    0.00    0.00    3.03    0.00    0.00    0.00    4.04
19:41:13       3   72.92    0.00   17.71    0.00    0.00    4.17    0.00    0.00    0.00    5.21
19:41:13       4   67.68    0.00   22.22    0.00    0.00    4.04    0.00    0.00    0.00    6.06
19:41:13       5   74.26    0.00   14.85    0.00    0.00    5.94    0.00    0.00    0.00    4.95
19:41:13       6   73.96    0.00   17.71    0.00    0.00    3.12    0.00    0.00    0.00    5.21
19:41:13       7   78.79    0.00   16.16    0.00    0.00    2.02    0.00    0.00    0.00    3.03
19:41:13       8   78.57    0.00   15.31    0.00    0.00    2.04    0.00    0.00    0.00    4.08
19:41:13       9   80.00    0.00   12.00    1.00    0.00    4.00    0.00    0.00    0.00    3.00
19:41:13      10   79.21    0.00   12.87    0.00    0.00    3.96    0.00    0.00    0.00    3.96
19:41:13      11   77.32    0.00   15.46    0.00    0.00    3.09    0.00    0.00    0.00    4.12
19:41:13      12   76.77    0.00   14.14    0.00    0.00    6.06    0.00    0.00    0.00    3.03
19:41:13      13   76.00    0.00   15.00    0.00    0.00    5.00    0.00    0.00    0.00    4.00
19:41:13      14   55.00    0.00   40.00    0.00    0.00    3.00    0.00    0.00    0.00    2.00
19:41:13      15   75.00    0.00   14.00    0.00    0.00    5.00    0.00    0.00    0.00    6.00
19:41:13      16   73.47    0.00   16.33    0.00    0.00    4.08    0.00    0.00    0.00    6.12
19:41:13      17   77.32    0.00   12.37    0.00    0.00    4.12    0.00    0.00    0.00    6.19
19:41:13      18   99.00    0.00    1.00    0.00    0.00    0.00    0.00    0.00    0.00    0.00
19:41:13      19   80.41    0.00   11.34    0.00    0.00    3.09    0.00    0.00    0.00    5.15
19:41:13      20   74.49    0.00   15.31    0.00    0.00    4.08    0.00    0.00    0.00    6.12
19:41:13      21   73.74    0.00   18.18    0.00    0.00    3.03    0.00    0.00    0.00    5.05
19:41:13      22   73.00    0.00   18.00    0.00    0.00    4.00    0.00    0.00    0.00    5.00
19:41:13      23   81.82    0.00   12.12    0.00    0.00    2.02    0.00    0.00    0.00    4.04
19:41:13      24   64.00    0.00   18.00    0.00    0.00    9.00    0.00    0.00    0.00    9.00
19:41:13      25   54.08    0.00   23.47    0.00    0.00   10.20    0.00    0.00    0.00   12.24
19:41:13      26   57.58    0.00   22.22    0.00    0.00    9.09    0.00    0.00    0.00   11.11
19:41:13      27   57.14    0.00   24.49    0.00    0.00    8.16    0.00    0.00    0.00   10.20
19:41:13      28   52.13    0.00   23.40    0.00    0.00   10.64    0.00    0.00    0.00   13.83
19:41:13      29   57.73    0.00   22.68    0.00    0.00    7.22    0.00    0.00    0.00   12.37
19:41:13      30   52.58    0.00   22.68    0.00    0.00   10.31    0.00    0.00    0.00   14.43
19:41:13      31   52.63    0.00   27.37    0.00    0.00    7.37    0.00    0.00    0.00   12.63

19:41:13     CPU    %usr   %nice    %sys %iowait    %irq   %soft  %steal  %guest  %gnice   %idle
19:41:14     all   69.77    0.00   18.20    0.10    0.00    5.00    0.00    0.00    0.00    6.94
19:41:14       0   69.39    0.00   21.43    0.00    0.00    4.08    0.00    0.00    0.00    5.10
19:41:14       1   61.39    0.00   19.80    0.99    0.00    3.96    0.00    0.00    0.00   13.86
19:41:14       2  100.00    0.00    0.00    0.00    0.00    0.00    0.00    0.00    0.00    0.00
19:41:14       3   77.78    0.00   13.13    0.00    0.00    4.04    0.00    0.00    0.00    5.05
19:41:14       4   68.69    0.00   21.21    0.00    0.00    5.05    0.00    0.00    0.00    5.05
19:41:14       5   74.23    0.00   16.49    0.00    0.00    4.12    0.00    0.00    0.00    5.15
19:41:14       6   75.26    0.00   16.49    0.00    0.00    2.06    0.00    0.00    0.00    6.19
19:41:14       7   71.72    0.00   18.18    0.00    0.00    4.04    0.00    0.00    0.00    6.06
19:41:14       8   78.22    0.00   14.85    0.00    0.00    1.98    0.00    0.00    0.00    4.95
19:41:14       9   74.49    0.00   17.35    0.00    0.00    3.06    0.00    0.00    0.00    5.10
19:41:14      10   72.92    0.00   16.67    0.00    0.00    6.25    0.00    0.00    0.00    4.17
19:41:14      11   79.80    0.00   13.13    0.00    0.00    1.01    0.00    0.00    0.00    6.06
19:41:14      12   74.49    0.00   14.29    0.00    0.00    5.10    0.00    0.00    0.00    6.12
19:41:14      13   69.39    0.00   19.39    0.00    0.00    6.12    0.00    0.00    0.00    5.10
19:41:14      14   61.22    0.00   32.65    0.00    0.00    4.08    0.00    0.00    0.00    2.04
19:41:14      15   73.74    0.00   16.16    0.00    0.00    4.04    0.00    0.00    0.00    6.06
19:41:14      16   75.76    0.00   12.12    0.00    0.00    6.06    0.00    0.00    0.00    6.06
19:41:14      17   72.45    0.00   17.35    1.02    0.00    2.04    0.00    0.00    0.00    7.14
19:41:14      18   75.76    0.00   17.17    0.00    0.00    3.03    0.00    0.00    0.00    4.04
19:41:14      19   77.32    0.00   14.43    0.00    0.00    4.12    0.00    0.00    0.00    4.12
19:41:14      20   76.77    0.00   13.13    0.00    0.00    4.04    0.00    0.00    0.00    6.06
19:41:14      21   77.55    0.00   13.27    1.02    0.00    3.06    0.00    0.00    0.00    5.10
19:41:14      22   75.53    0.00   17.02    0.00    0.00    2.13    0.00    0.00    0.00    5.32
19:41:14      23   72.16    0.00   19.59    0.00    0.00    2.06    0.00    0.00    0.00    6.19
19:41:14      24   52.53    0.00   24.24    0.00    0.00   12.12    0.00    0.00    0.00   11.11
19:41:14      25   57.29    0.00   23.96    0.00    0.00    8.33    0.00    0.00    0.00   10.42
19:41:14      26   48.98    0.00   28.57    0.00    0.00   11.22    0.00    0.00    0.00   11.22
19:41:14      27   59.41    0.00   21.78    0.00    0.00    7.92    0.00    0.00    0.00   10.89
19:41:14      28   57.73    0.00   22.68    0.00    0.00    8.25    0.00    0.00    0.00   11.34
19:41:14      29   55.00    0.00   25.00    0.00    0.00    9.00    0.00    0.00    0.00   11.00
19:41:14      30   60.82    0.00   17.53    0.00    0.00    7.22    0.00    0.00    0.00   14.43
19:41:14      31   55.10    0.00   23.47    0.00    0.00   10.20    0.00    0.00    0.00   11.22

19:41:14     CPU    %usr   %nice    %sys %iowait    %irq   %soft  %steal  %guest  %gnice   %idle
19:41:15     all   69.15    0.00   18.43    0.03    0.00    5.24    0.00    0.00    0.00    7.15
19:41:15       0   72.73    0.00   15.15    0.00    0.00    5.05    0.00    0.00    0.00    7.07
19:41:15       1   70.10    0.00   15.46    0.00    0.00    4.12    0.00    0.00    0.00   10.31
19:41:15       2  100.00    0.00    0.00    0.00    0.00    0.00    0.00    0.00    0.00    0.00
19:41:15       3   81.63    0.00   14.29    0.00    0.00    0.00    0.00    0.00    0.00    4.08
19:41:15       4   76.53    0.00   17.35    0.00    0.00    3.06    0.00    0.00    0.00    3.06
19:41:15       5   75.00    0.00   19.00    0.00    0.00    2.00    0.00    0.00    0.00    4.00
19:41:15       6   69.31    0.00   19.80    0.00    0.00    5.94    0.00    0.00    0.00    4.95
19:41:15       7   74.75    0.00   16.16    0.00    0.00    5.05    0.00    0.00    0.00    4.04
19:41:15       8   81.19    0.00   12.87    0.00    0.00    1.98    0.00    0.00    0.00    3.96
19:41:15       9   77.00    0.00   16.00    0.00    0.00    4.00    0.00    0.00    0.00    3.00
19:41:15      10   67.33    0.00   17.82    0.00    0.00    3.96    0.00    0.00    0.00   10.89
19:41:15      11   55.56    0.00   11.11    1.01    0.00    4.04    0.00    0.00    0.00   28.28
19:41:15      12   77.78    0.00   15.15    0.00    0.00    4.04    0.00    0.00    0.00    3.03
19:41:15      13   82.00    0.00   11.00    0.00    0.00    3.00    0.00    0.00    0.00    4.00
19:41:15      14   52.48    0.00   41.58    0.00    0.00    2.97    0.00    0.00    0.00    2.97
19:41:15      15   73.74    0.00   19.19    0.00    0.00    4.04    0.00    0.00    0.00    3.03
19:41:15      16   73.47    0.00   16.33    0.00    0.00    4.08    0.00    0.00    0.00    6.12
19:41:15      17   69.31    0.00   17.82    0.00    0.00    4.95    0.00    0.00    0.00    7.92
19:41:15      18   78.00    0.00   16.00    0.00    0.00    2.00    0.00    0.00    0.00    4.00
19:41:15      19   74.49    0.00   16.33    0.00    0.00    5.10    0.00    0.00    0.00    4.08
19:41:15      20   73.27    0.00   18.81    0.00    0.00    3.96    0.00    0.00    0.00    3.96
19:41:15      21   78.22    0.00   12.87    0.00    0.00    3.96    0.00    0.00    0.00    4.95
19:41:15      22   76.00    0.00   17.00    0.00    0.00    3.00    0.00    0.00    0.00    4.00
19:41:15      23   73.53    0.00   16.67    0.00    0.00    5.88    0.00    0.00    0.00    3.92
19:41:15      24   54.55    0.00   21.21    0.00    0.00   12.12    0.00    0.00    0.00   12.12
19:41:15      25   55.45    0.00   23.76    0.00    0.00    9.90    0.00    0.00    0.00   10.89
19:41:15      26   56.70    0.00   24.74    0.00    0.00    7.22    0.00    0.00    0.00   11.34
19:41:15      27   54.46    0.00   24.75    0.00    0.00    7.92    0.00    0.00    0.00   12.87
19:41:15      28   57.14    0.00   23.47    0.00    0.00    9.18    0.00    0.00    0.00   10.20
19:41:15      29   49.49    0.00   28.28    0.00    0.00   13.13    0.00    0.00    0.00    9.09
19:41:15      30   50.98    0.00   22.55    0.00    0.00   12.75    0.00    0.00    0.00   13.73
19:41:15      31   51.00    0.00   27.00    0.00    0.00    9.00    0.00    0.00    0.00   13.00

19:41:15     CPU    %usr   %nice    %sys %iowait    %irq   %soft  %steal  %guest  %gnice   %idle
19:41:16     all   72.08    0.00   17.57    0.00    0.00    5.27    0.00    0.00    0.00    5.08
19:41:16       0   77.55    0.00   18.37    0.00    0.00    1.02    0.00    0.00    0.00    3.06
19:41:16       1   70.41    0.00   14.29    0.00    0.00    3.06    0.00    0.00    0.00   12.24
19:41:16       2  100.00    0.00    0.00    0.00    0.00    0.00    0.00    0.00    0.00    0.00
19:41:16       3   73.00    0.00   21.00    0.00    0.00    4.00    0.00    0.00    0.00    2.00
19:41:16       4   77.00    0.00   15.00    0.00    0.00    4.00    0.00    0.00    0.00    4.00
19:41:16       5   81.82    0.00   10.10    0.00    0.00    6.06    0.00    0.00    0.00    2.02
19:41:16       6   77.78    0.00   17.17    0.00    0.00    3.03    0.00    0.00    0.00    2.02
19:41:16       7   77.23    0.00   15.84    0.00    0.00    3.96    0.00    0.00    0.00    2.97
19:41:16       8   75.76    0.00   14.14    0.00    0.00    5.05    0.00    0.00    0.00    5.05
19:41:16       9   77.23    0.00   15.84    0.00    0.00    3.96    0.00    0.00    0.00    2.97
19:41:16      10   76.00    0.00   17.00    0.00    0.00    4.00    0.00    0.00    0.00    3.00
19:41:16      11   74.49    0.00   19.39    0.00    0.00    4.08    0.00    0.00    0.00    2.04
19:41:16      12   79.21    0.00   11.88    0.00    0.00    4.95    0.00    0.00    0.00    3.96
19:41:16      13   76.29    0.00   17.53    0.00    0.00    4.12    0.00    0.00    0.00    2.06
19:41:16      14   57.00    0.00   40.00    0.00    0.00    2.00    0.00    0.00    0.00    1.00
19:41:16      15   76.53    0.00   15.31    0.00    0.00    6.12    0.00    0.00    0.00    2.04
19:41:16      16   84.69    0.00   12.24    0.00    0.00    2.04    0.00    0.00    0.00    1.02
19:41:16      17   73.20    0.00   18.56    0.00    0.00    3.09    0.00    0.00    0.00    5.15
19:41:16      18   80.20    0.00   13.86    0.00    0.00    3.96    0.00    0.00    0.00    1.98
19:41:16      19   76.53    0.00   13.27    0.00    0.00    6.12    0.00    0.00    0.00    4.08
19:41:16      20   78.00    0.00   15.00    0.00    0.00    2.00    0.00    0.00    0.00    5.00
19:41:16      21   78.79    0.00   15.15    0.00    0.00    4.04    0.00    0.00    0.00    2.02
19:41:16      22   78.00    0.00   13.00    0.00    0.00    6.00    0.00    0.00    0.00    3.00
19:41:16      23   76.53    0.00   17.35    0.00    0.00    3.06    0.00    0.00    0.00    3.06
19:41:16      24   56.70    0.00   19.59    0.00    0.00   11.34    0.00    0.00    0.00   12.37
19:41:16      25   56.73    0.00   21.15    0.00    0.00   11.54    0.00    0.00    0.00   10.58
19:41:16      26   53.54    0.00   24.24    0.00    0.00   10.10    0.00    0.00    0.00   12.12
19:41:16      27   58.16    0.00   21.43    0.00    0.00   12.24    0.00    0.00    0.00    8.16
19:41:16      28   55.10    0.00   25.51    0.00    0.00    7.14    0.00    0.00    0.00   12.24
19:41:16      29   59.79    0.00   24.74    0.00    0.00    5.15    0.00    0.00    0.00   10.31
19:41:16      30   51.52    0.00   27.27    0.00    0.00   11.11    0.00    0.00    0.00   10.10
19:41:16      31   61.22    0.00   17.35    0.00    0.00   10.20    0.00    0.00    0.00   11.22

19:41:16     CPU    %usr   %nice    %sys %iowait    %irq   %soft  %steal  %guest  %gnice   %idle
19:41:17     all   72.36    0.00   17.93    0.03    0.00    5.12    0.00    0.00    0.00    4.55
19:41:17       0   76.00    0.00   16.00    0.00    0.00    4.00    0.00    0.00    0.00    4.00
19:41:17       1   66.33    0.00   22.45    0.00    0.00    3.06    0.00    0.00    0.00    8.16
19:41:17       2  100.00    0.00    0.00    0.00    0.00    0.00    0.00    0.00    0.00    0.00
19:41:17       3   76.24    0.00   15.84    0.99    0.00    2.97    0.00    0.00    0.00    3.96
19:41:17       4   79.00    0.00   17.00    0.00    0.00    2.00    0.00    0.00    0.00    2.00
19:41:17       5   77.23    0.00   18.81    0.00    0.00    1.98    0.00    0.00    0.00    1.98
19:41:17       6   80.20    0.00   12.87    0.00    0.00    4.95    0.00    0.00    0.00    1.98
19:41:17       7   75.26    0.00   18.56    0.00    0.00    4.12    0.00    0.00    0.00    2.06
19:41:17       8   75.76    0.00   19.19    0.00    0.00    4.04    0.00    0.00    0.00    1.01
19:41:17       9   83.84    0.00   13.13    0.00    0.00    2.02    0.00    0.00    0.00    1.01
19:41:17      10   74.00    0.00   19.00    0.00    0.00    5.00    0.00    0.00    0.00    2.00
19:41:17      11   77.23    0.00   13.86    0.00    0.00    6.93    0.00    0.00    0.00    1.98
19:41:17      12   80.00    0.00   16.00    0.00    0.00    1.00    0.00    0.00    0.00    3.00
19:41:17      13   75.76    0.00   17.17    0.00    0.00    5.05    0.00    0.00    0.00    2.02
19:41:17      14   60.00    0.00   37.00    0.00    0.00    3.00    0.00    0.00    0.00    0.00
19:41:17      15   75.00    0.00   17.00    0.00    0.00    6.00    0.00    0.00    0.00    2.00
19:41:17      16   91.84    0.00    4.08    0.00    0.00    1.02    0.00    0.00    0.00    3.06
19:41:17      17   73.74    0.00   19.19    0.00    0.00    2.02    0.00    0.00    0.00    5.05
19:41:17      18   79.00    0.00   15.00    0.00    0.00    3.00    0.00    0.00    0.00    3.00
19:41:17      19   75.76    0.00   18.18    0.00    0.00    4.04    0.00    0.00    0.00    2.02
19:41:17      20   85.15    0.00    9.90    0.00    0.00    1.98    0.00    0.00    0.00    2.97
19:41:17      21   77.23    0.00   15.84    0.00    0.00    3.96    0.00    0.00    0.00    2.97
19:41:17      22   76.24    0.00   17.82    0.00    0.00    3.96    0.00    0.00    0.00    1.98
19:41:17      23   75.76    0.00   17.17    0.00    0.00    4.04    0.00    0.00    0.00    3.03
19:41:17      24   58.95    0.00   22.11    0.00    0.00    8.42    0.00    0.00    0.00   10.53
19:41:17      25   54.08    0.00   19.39    0.00    0.00   11.22    0.00    0.00    0.00   15.31
19:41:17      26   58.59    0.00   23.23    0.00    0.00   10.10    0.00    0.00    0.00    8.08
19:41:17      27   50.00    0.00   27.00    0.00    0.00   15.00    0.00    0.00    0.00    8.00
19:41:17      28   57.00    0.00   23.00    0.00    0.00    7.00    0.00    0.00    0.00   13.00
19:41:17      29   53.47    0.00   26.73    0.00    0.00   11.88    0.00    0.00    0.00    7.92
19:41:17      30   61.22    0.00   16.33    0.00    0.00   10.20    0.00    0.00    0.00   12.24
19:41:17      31   54.55    0.00   25.25    0.00    0.00   10.10    0.00    0.00    0.00   10.10

19:41:17     CPU    %usr   %nice    %sys %iowait    %irq   %soft  %steal  %guest  %gnice   %idle
19:41:18     all   71.15    0.00   16.80    0.03    0.00    5.06    0.00    0.00    0.00    6.96
19:41:18       0   73.20    0.00   17.53    0.00    0.00    4.12    0.00    0.00    0.00    5.15
19:41:18       1   69.31    0.00   16.83    0.99    0.00    5.94    0.00    0.00    0.00    6.93
19:41:18       2   99.00    0.00    1.00    0.00    0.00    0.00    0.00    0.00    0.00    0.00
19:41:18       3   80.00    0.00   13.00    0.00    0.00    2.00    0.00    0.00    0.00    5.00
19:41:18       4   74.49    0.00   19.39    0.00    0.00    2.04    0.00    0.00    0.00    4.08
19:41:18       5   79.21    0.00   12.87    0.00    0.00    3.96    0.00    0.00    0.00    3.96
19:41:18       6   75.00    0.00   15.62    0.00    0.00    5.21    0.00    0.00    0.00    4.17
19:41:18       7   73.53    0.00   17.65    0.00    0.00    4.90    0.00    0.00    0.00    3.92
19:41:18       8   80.81    0.00   14.14    0.00    0.00    2.02    0.00    0.00    0.00    3.03
19:41:18       9   76.00    0.00   16.00    0.00    0.00    5.00    0.00    0.00    0.00    3.00
19:41:18      10   81.44    0.00   11.34    0.00    0.00    3.09    0.00    0.00    0.00    4.12
19:41:18      11   77.55    0.00   15.31    0.00    0.00    4.08    0.00    0.00    0.00    3.06
19:41:18      12   82.00    0.00   13.00    0.00    0.00    2.00    0.00    0.00    0.00    3.00
19:41:18      13   83.84    0.00   11.11    0.00    0.00    2.02    0.00    0.00    0.00    3.03
19:41:18      14   64.29    0.00   31.63    0.00    0.00    2.04    0.00    0.00    0.00    2.04
19:41:18      15   69.39    0.00   24.49    0.00    0.00    2.04    0.00    0.00    0.00    4.08
19:41:18      16  100.00    0.00    0.00    0.00    0.00    0.00    0.00    0.00    0.00    0.00
19:41:18      17   73.20    0.00   13.40    0.00    0.00    5.15    0.00    0.00    0.00    8.25
19:41:18      18   80.61    0.00   13.27    0.00    0.00    3.06    0.00    0.00    0.00    3.06
19:41:18      19   75.51    0.00   17.35    0.00    0.00    3.06    0.00    0.00    0.00    4.08
19:41:18      20   72.45    0.00   19.39    0.00    0.00    4.08    0.00    0.00    0.00    4.08
19:41:18      21   74.26    0.00   19.80    0.00    0.00    1.98    0.00    0.00    0.00    3.96
19:41:18      22   76.29    0.00   14.43    0.00    0.00    4.12    0.00    0.00    0.00    5.15
19:41:18      23   77.78    0.00   14.14    0.00    0.00    3.03    0.00    0.00    0.00    5.05
19:41:18      24   47.47    0.00   24.24    0.00    0.00   10.10    0.00    0.00    0.00   18.18
19:41:18      25   51.02    0.00   22.45    0.00    0.00   11.22    0.00    0.00    0.00   15.31
19:41:18      26   53.61    0.00   20.62    0.00    0.00   10.31    0.00    0.00    0.00   15.46
19:41:18      27   51.02    0.00   19.39    0.00    0.00   13.27    0.00    0.00    0.00   16.33
19:41:18      28   50.51    0.00   22.22    0.00    0.00   11.11    0.00    0.00    0.00   16.16
19:41:18      29   50.00    0.00   24.49    0.00    0.00   12.24    0.00    0.00    0.00   13.27
19:41:18      30   49.00    0.00   24.00    0.00    0.00   10.00    0.00    0.00    0.00   17.00
19:41:18      31   54.00    0.00   18.00    0.00    0.00    9.00    0.00    0.00    0.00   19.00

19:41:18     CPU    %usr   %nice    %sys %iowait    %irq   %soft  %steal  %guest  %gnice   %idle
19:41:19     all   70.98    0.00   17.27    0.10    0.00    5.30    0.00    0.00    0.00    6.35
19:41:19       0   72.55    0.00   16.67    0.98    0.00    3.92    0.00    0.00    0.00    5.88
19:41:19       1   70.83    0.00   19.79    0.00    0.00    4.17    0.00    0.00    0.00    5.21
19:41:19       2  100.00    0.00    0.00    0.00    0.00    0.00    0.00    0.00    0.00    0.00
19:41:19       3   72.16    0.00   17.53    0.00    0.00    5.15    0.00    0.00    0.00    5.15
19:41:19       4   79.17    0.00   13.54    0.00    0.00    4.17    0.00    0.00    0.00    3.12
19:41:19       5   73.96    0.00   16.67    0.00    0.00    4.17    0.00    0.00    0.00    5.21
19:41:19       6   71.43    0.00   16.33    0.00    0.00    7.14    0.00    0.00    0.00    5.10
19:41:19       7   75.76    0.00   17.17    0.00    0.00    3.03    0.00    0.00    0.00    4.04
19:41:19       8   74.49    0.00   16.33    0.00    0.00    3.06    0.00    0.00    0.00    6.12
19:41:19       9   76.77    0.00   16.16    0.00    0.00    3.03    0.00    0.00    0.00    4.04
19:41:19      10   75.00    0.00   15.00    1.00    0.00    4.00    0.00    0.00    0.00    5.00
19:41:19      11   71.43    0.00   18.37    0.00    0.00    5.10    0.00    0.00    0.00    5.10
19:41:19      12   77.78    0.00   15.15    0.00    0.00    3.03    0.00    0.00    0.00    4.04
19:41:19      13   76.24    0.00   15.84    0.99    0.00    2.97    0.00    0.00    0.00    3.96
19:41:19      14   77.78    0.00   14.14    0.00    0.00    3.03    0.00    0.00    0.00    5.05
19:41:19      15   73.47    0.00   20.41    0.00    0.00    3.06    0.00    0.00    0.00    3.06
19:41:19      16   98.99    0.00    1.01    0.00    0.00    0.00    0.00    0.00    0.00    0.00
19:41:19      17   55.10    0.00   31.63    0.00    0.00    5.10    0.00    0.00    0.00    8.16
19:41:19      18   77.00    0.00   13.00    0.00    0.00    6.00    0.00    0.00    0.00    4.00
19:41:19      19   72.55    0.00   15.69    0.00    0.00    4.90    0.00    0.00    0.00    6.86
19:41:19      20   80.41    0.00   12.37    0.00    0.00    2.06    0.00    0.00    0.00    5.15
19:41:19      21   71.88    0.00   16.67    0.00    0.00    7.29    0.00    0.00    0.00    4.17
19:41:19      22   74.49    0.00   16.33    0.00    0.00    5.10    0.00    0.00    0.00    4.08
19:41:19      23   73.74    0.00   16.16    0.00    0.00    6.06    0.00    0.00    0.00    4.04
19:41:19      24   53.19    0.00   21.28    0.00    0.00   11.70    0.00    0.00    0.00   13.83
19:41:19      25   53.54    0.00   27.27    0.00    0.00    9.09    0.00    0.00    0.00   10.10
19:41:19      26   58.00    0.00   22.00    0.00    0.00    9.00    0.00    0.00    0.00   11.00
19:41:19      27   55.10    0.00   24.49    0.00    0.00    8.16    0.00    0.00    0.00   12.24
19:41:19      28   59.18    0.00   19.39    0.00    0.00    9.18    0.00    0.00    0.00   12.24
19:41:19      29   63.27    0.00   21.43    0.00    0.00    6.12    0.00    0.00    0.00    9.18
19:41:19      30   54.08    0.00   21.43    0.00    0.00   12.24    0.00    0.00    0.00   12.24
19:41:19      31   51.00    0.00   24.00    0.00    0.00    9.00    0.00    0.00    0.00   16.00

19:41:19     CPU    %usr   %nice    %sys %iowait    %irq   %soft  %steal  %guest  %gnice   %idle
19:41:20     all   71.51    0.00   17.22    0.00    0.00    5.10    0.00    0.00    0.00    6.17
19:41:20       0   75.76    0.00   18.18    0.00    0.00    2.02    0.00    0.00    0.00    4.04
19:41:20       1   70.71    0.00   19.19    0.00    0.00    4.04    0.00    0.00    0.00    6.06
19:41:20       2   99.00    0.00    1.00    0.00    0.00    0.00    0.00    0.00    0.00    0.00
19:41:20       3   73.00    0.00   20.00    0.00    0.00    2.00    0.00    0.00    0.00    5.00
19:41:20       4   79.80    0.00   13.13    0.00    0.00    3.03    0.00    0.00    0.00    4.04
19:41:20       5   75.51    0.00   12.24    0.00    0.00    8.16    0.00    0.00    0.00    4.08
19:41:20       6   75.76    0.00   16.16    0.00    0.00    4.04    0.00    0.00    0.00    4.04
19:41:20       7   76.00    0.00   16.00    0.00    0.00    2.00    0.00    0.00    0.00    6.00
19:41:20       8   71.72    0.00   20.20    0.00    0.00    4.04    0.00    0.00    0.00    4.04
19:41:20       9   73.74    0.00   16.16    0.00    0.00    5.05    0.00    0.00    0.00    5.05
19:41:20      10   79.38    0.00   12.37    0.00    0.00    5.15    0.00    0.00    0.00    3.09
19:41:20      11   79.38    0.00   12.37    0.00    0.00    4.12    0.00    0.00    0.00    4.12
19:41:20      12   75.51    0.00   17.35    0.00    0.00    3.06    0.00    0.00    0.00    4.08
19:41:20      13   75.51    0.00   14.29    0.00    0.00    6.12    0.00    0.00    0.00    4.08
19:41:20      14   73.00    0.00   17.00    0.00    0.00    6.00    0.00    0.00    0.00    4.00
19:41:20      15   78.79    0.00   16.16    0.00    0.00    2.02    0.00    0.00    0.00    3.03
19:41:20      16   98.02    0.00    1.98    0.00    0.00    0.00    0.00    0.00    0.00    0.00
19:41:20      17   51.06    0.00   36.17    0.00    0.00    2.13    0.00    0.00    0.00   10.64
19:41:20      18   77.23    0.00   14.85    0.00    0.00    3.96    0.00    0.00    0.00    3.96
19:41:20      19   73.47    0.00   17.35    0.00    0.00    5.10    0.00    0.00    0.00    4.08
19:41:20      20   75.73    0.00   16.50    0.00    0.00    2.91    0.00    0.00    0.00    4.85
19:41:20      21   74.75    0.00   17.17    0.00    0.00    4.04    0.00    0.00    0.00    4.04
19:41:20      22   77.78    0.00   14.14    0.00    0.00    3.03    0.00    0.00    0.00    5.05
19:41:20      23   76.29    0.00   13.40    0.00    0.00    5.15    0.00    0.00    0.00    5.15
19:41:20      24   53.06    0.00   25.51    0.00    0.00    9.18    0.00    0.00    0.00   12.24
19:41:20      25   46.24    0.00   22.58    0.00    0.00   10.75    0.00    0.00    0.00   20.43
19:41:20      26   58.59    0.00   20.20    0.00    0.00   12.12    0.00    0.00    0.00    9.09
19:41:20      27   57.43    0.00   19.80    0.00    0.00    8.91    0.00    0.00    0.00   13.86
19:41:20      28   59.38    0.00   23.96    0.00    0.00    6.25    0.00    0.00    0.00   10.42
19:41:20      29   59.60    0.00   21.21    0.00    0.00   10.10    0.00    0.00    0.00    9.09
19:41:20      30   55.45    0.00   23.76    0.00    0.00    7.92    0.00    0.00    0.00   12.87
19:41:20      31   58.59    0.00   22.22    0.00    0.00   11.11    0.00    0.00    0.00    8.08

19:41:20     CPU    %usr   %nice    %sys %iowait    %irq   %soft  %steal  %guest  %gnice   %idle
19:41:21     all   71.10    0.00   17.12    0.00    0.00    5.28    0.00    0.00    0.00    6.50
19:41:21       0   70.83    0.00   18.75    0.00    0.00    3.12    0.00    0.00    0.00    7.29
19:41:21       1   62.77    0.00   23.40    0.00    0.00    3.19    0.00    0.00    0.00   10.64
19:41:21       2   78.79    0.00   13.13    0.00    0.00    4.04    0.00    0.00    0.00    4.04
19:41:21       3   72.55    0.00   16.67    0.00    0.00    3.92    0.00    0.00    0.00    6.86
19:41:21       4   77.55    0.00   16.33    0.00    0.00    3.06    0.00    0.00    0.00    3.06
19:41:21       5   74.75    0.00   18.18    0.00    0.00    4.04    0.00    0.00    0.00    3.03
19:41:21       6   74.49    0.00   19.39    0.00    0.00    3.06    0.00    0.00    0.00    3.06
19:41:21       7   74.00    0.00   18.00    0.00    0.00    3.00    0.00    0.00    0.00    5.00
19:41:21       8   76.00    0.00   18.00    0.00    0.00    3.00    0.00    0.00    0.00    3.00
19:41:21       9   78.79    0.00   15.15    0.00    0.00    3.03    0.00    0.00    0.00    3.03
19:41:21      10   79.21    0.00   13.86    0.00    0.00    2.97    0.00    0.00    0.00    3.96
19:41:21      11   72.00    0.00   19.00    0.00    0.00    4.00    0.00    0.00    0.00    5.00
19:41:21      12   76.00    0.00   16.00    0.00    0.00    4.00    0.00    0.00    0.00    4.00
19:41:21      13   78.00    0.00   13.00    0.00    0.00    5.00    0.00    0.00    0.00    4.00
19:41:21      14   75.00    0.00   18.00    0.00    0.00    4.00    0.00    0.00    0.00    3.00
19:41:21      15   79.00    0.00   13.00    0.00    0.00    5.00    0.00    0.00    0.00    3.00
19:41:21      16   98.99    0.00    1.01    0.00    0.00    0.00    0.00    0.00    0.00    0.00
19:41:21      17   52.63    0.00   31.58    0.00    0.00    4.21    0.00    0.00    0.00   11.58
19:41:21      18   99.00    0.00    1.00    0.00    0.00    0.00    0.00    0.00    0.00    0.00
19:41:21      19   77.00    0.00   15.00    0.00    0.00    4.00    0.00    0.00    0.00    4.00
19:41:21      20   77.00    0.00   15.00    0.00    0.00    2.00    0.00    0.00    0.00    6.00
19:41:21      21   75.25    0.00   16.83    0.00    0.00    2.97    0.00    0.00    0.00    4.95
19:41:21      22   76.77    0.00   15.15    0.00    0.00    5.05    0.00    0.00    0.00    3.03
19:41:21      23   75.25    0.00   17.82    0.00    0.00    2.97    0.00    0.00    0.00    3.96
19:41:21      24   54.90    0.00   20.59    0.00    0.00   11.76    0.00    0.00    0.00   12.75
19:41:21      25   54.64    0.00   18.56    0.00    0.00   12.37    0.00    0.00    0.00   14.43
19:41:21      26   51.49    0.00   24.75    0.00    0.00   12.87    0.00    0.00    0.00   10.89
19:41:21      27   57.43    0.00   17.82    0.00    0.00    7.92    0.00    0.00    0.00   16.83
19:41:21      28   55.88    0.00   20.59    0.00    0.00   12.75    0.00    0.00    0.00   10.78
19:41:21      29   54.00    0.00   23.00    0.00    0.00   10.00    0.00    0.00    0.00   13.00
19:41:21      30   52.53    0.00   22.22    0.00    0.00   12.12    0.00    0.00    0.00   13.13
19:41:21      31   62.00    0.00   18.00    0.00    0.00    9.00    0.00    0.00    0.00   11.00

19:41:21     CPU    %usr   %nice    %sys %iowait    %irq   %soft  %steal  %guest  %gnice   %idle
19:41:22     all   70.19    0.00   17.54    0.00    0.00    4.79    0.00    0.00    0.00    7.48
19:41:22       0   85.00    0.00   10.00    0.00    0.00    2.00    0.00    0.00    0.00    3.00
19:41:22       1   73.27    0.00   17.82    0.00    0.00    2.97    0.00    0.00    0.00    5.94
19:41:22       2   75.00    0.00   19.00    0.00    0.00    4.00    0.00    0.00    0.00    2.00
19:41:22       3   73.00    0.00   20.00    0.00    0.00    5.00    0.00    0.00    0.00    2.00
19:41:22       4   76.77    0.00   17.17    0.00    0.00    4.04    0.00    0.00    0.00    2.02
19:41:22       5   79.80    0.00   16.16    0.00    0.00    0.00    0.00    0.00    0.00    4.04
19:41:22       6   74.00    0.00   18.00    0.00    0.00    5.00    0.00    0.00    0.00    3.00
19:41:22       7   81.00    0.00   14.00    0.00    0.00    2.00    0.00    0.00    0.00    3.00
19:41:22       8   78.79    0.00   14.14    0.00    0.00    4.04    0.00    0.00    0.00    3.03
19:41:22       9   72.16    0.00   19.59    0.00    0.00    5.15    0.00    0.00    0.00    3.09
19:41:22      10   54.37    0.00    9.71    0.00    0.00    3.88    0.00    0.00    0.00   32.04
19:41:22      11   75.76    0.00   15.15    0.00    0.00    5.05    0.00    0.00    0.00    4.04
19:41:22      12   76.00    0.00   16.00    0.00    0.00    5.00    0.00    0.00    0.00    3.00
19:41:22      13   79.00    0.00   17.00    0.00    0.00    2.00    0.00    0.00    0.00    2.00
19:41:22      14   78.79    0.00   13.13    0.00    0.00    5.05    0.00    0.00    0.00    3.03
19:41:22      15   79.00    0.00   13.00    0.00    0.00    4.00    0.00    0.00    0.00    4.00
19:41:22      16   87.13    0.00    7.92    0.00    0.00    2.97    0.00    0.00    0.00    1.98
19:41:22      17   38.71    0.00   47.31    0.00    0.00    2.15    0.00    0.00    0.00   11.83
19:41:22      18   99.00    0.00    1.00    0.00    0.00    0.00    0.00    0.00    0.00    0.00
19:41:22      19   81.63    0.00   13.27    0.00    0.00    2.04    0.00    0.00    0.00    3.06
19:41:22      20   76.00    0.00   17.00    0.00    0.00    4.00    0.00    0.00    0.00    3.00
19:41:22      21   77.00    0.00   17.00    0.00    0.00    4.00    0.00    0.00    0.00    2.00
19:41:22      22   75.00    0.00   17.00    0.00    0.00    5.00    0.00    0.00    0.00    3.00
19:41:22      23   81.00    0.00   15.00    0.00    0.00    1.00    0.00    0.00    0.00    3.00
19:41:22      24   49.48    0.00   23.71    0.00    0.00    8.25    0.00    0.00    0.00   18.56
19:41:22      25   50.00    0.00   26.00    0.00    0.00   11.00    0.00    0.00    0.00   13.00
19:41:22      26   53.06    0.00   21.43    0.00    0.00    8.16    0.00    0.00    0.00   17.35
19:41:22      27   51.52    0.00   19.19    0.00    0.00   11.11    0.00    0.00    0.00   18.18
19:41:22      28   50.52    0.00   19.59    0.00    0.00   10.31    0.00    0.00    0.00   19.59
19:41:22      29   52.58    0.00   24.74    0.00    0.00    8.25    0.00    0.00    0.00   14.43
19:41:22      30   54.00    0.00   24.00    0.00    0.00    6.00    0.00    0.00    0.00   16.00
19:41:22      31   53.19    0.00   20.21    0.00    0.00   10.64    0.00    0.00    0.00   15.96

19:41:22     CPU    %usr   %nice    %sys %iowait    %irq   %soft  %steal  %guest  %gnice   %idle
19:41:23     all   71.13    0.00   17.25    0.00    0.00    5.34    0.00    0.00    0.00    6.28
19:41:23       0   99.00    0.00    1.00    0.00    0.00    0.00    0.00    0.00    0.00    0.00
19:41:23       1   69.70    0.00   21.21    0.00    0.00    4.04    0.00    0.00    0.00    5.05
19:41:23       2   72.28    0.00   16.83    0.00    0.00    7.92    0.00    0.00    0.00    2.97
19:41:23       3   79.80    0.00   14.14    0.00    0.00    3.03    0.00    0.00    0.00    3.03
19:41:23       4   76.00    0.00   17.00    0.00    0.00    4.00    0.00    0.00    0.00    3.00
19:41:23       5   75.00    0.00   17.00    0.00    0.00    5.00    0.00    0.00    0.00    3.00
19:41:23       6   76.24    0.00   16.83    0.00    0.00    3.96    0.00    0.00    0.00    2.97
19:41:23       7   69.39    0.00   22.45    0.00    0.00    4.08    0.00    0.00    0.00    4.08
19:41:23       8   77.00    0.00   18.00    0.00    0.00    3.00    0.00    0.00    0.00    2.00
19:41:23       9   75.49    0.00   18.63    0.00    0.00    2.94    0.00    0.00    0.00    2.94
19:41:23      10   74.49    0.00   12.24    0.00    0.00    4.08    0.00    0.00    0.00    9.18
19:41:23      11   71.57    0.00   17.65    0.00    0.00    3.92    0.00    0.00    0.00    6.86
19:41:23      12   75.00    0.00   16.00    0.00    0.00    6.00    0.00    0.00    0.00    3.00
19:41:23      13   79.21    0.00   13.86    0.00    0.00    3.96    0.00    0.00    0.00    2.97
19:41:23      14   81.82    0.00   14.14    0.00    0.00    2.02    0.00    0.00    0.00    2.02
19:41:23      15   79.21    0.00   15.84    0.00    0.00    1.98    0.00    0.00    0.00    2.97
19:41:23      16   73.27    0.00   15.84    0.00    0.00    3.96    0.00    0.00    0.00    6.93
19:41:23      17   53.06    0.00   30.61    0.00    0.00    3.06    0.00    0.00    0.00   13.27
19:41:23      18  100.00    0.00    0.00    0.00    0.00    0.00    0.00    0.00    0.00    0.00
19:41:23      19   74.00    0.00   18.00    0.00    0.00    5.00    0.00    0.00    0.00    3.00
19:41:23      20   76.77    0.00   16.16    0.00    0.00    4.04    0.00    0.00    0.00    3.03
19:41:23      21   75.25    0.00   14.85    0.00    0.00    6.93    0.00    0.00    0.00    2.97
19:41:23      22   78.22    0.00   15.84    0.00    0.00    2.97    0.00    0.00    0.00    2.97
19:41:23      23   73.74    0.00   16.16    0.00    0.00    6.06    0.00    0.00    0.00    4.04
19:41:23      24   59.18    0.00   19.39    0.00    0.00   10.20    0.00    0.00    0.00   11.22
19:41:23      25   52.63    0.00   22.11    0.00    0.00   10.53    0.00    0.00    0.00   14.74
19:41:23      26   55.56    0.00   20.20    0.00    0.00    9.09    0.00    0.00    0.00   15.15
19:41:23      27   52.58    0.00   27.84    0.00    0.00    9.28    0.00    0.00    0.00   10.31
19:41:23      28   49.50    0.00   23.76    0.00    0.00    9.90    0.00    0.00    0.00   16.83
19:41:23      29   57.73    0.00   19.59    0.00    0.00    8.25    0.00    0.00    0.00   14.43
19:41:23      30   59.80    0.00   16.67    0.00    0.00   10.78    0.00    0.00    0.00   12.75
19:41:23      31   50.53    0.00   23.16    0.00    0.00   11.58    0.00    0.00    0.00   14.74

19:41:23     CPU    %usr   %nice    %sys %iowait    %irq   %soft  %steal  %guest  %gnice   %idle
19:41:24     all   69.02    0.00   17.70    1.01    0.00    5.38    0.00    0.00    0.00    6.90
19:41:24       0   98.99    0.00    1.01    0.00    0.00    0.00    0.00    0.00    0.00    0.00
19:41:24       1   35.79    0.00   20.00    6.32    0.00   21.05    0.00    0.00    0.00   16.84
19:41:24       2   71.29    0.00   21.78    0.00    0.00    3.96    0.00    0.00    0.00    2.97
19:41:24       3   74.26    0.00   16.83    0.00    0.00    5.94    0.00    0.00    0.00    2.97
19:41:24       4   76.24    0.00   14.85    0.00    0.00    5.94    0.00    0.00    0.00    2.97
19:41:24       5   73.74    0.00   20.20    0.00    0.00    4.04    0.00    0.00    0.00    2.02
19:41:24       6   78.00    0.00   16.00    0.00    0.00    3.00    0.00    0.00    0.00    3.00
19:41:24       7   70.71    0.00   21.21    0.00    0.00    5.05    0.00    0.00    0.00    3.03
19:41:24       8   77.78    0.00   16.16    0.00    0.00    4.04    0.00    0.00    0.00    2.02
19:41:24       9   79.00    0.00   16.00    0.00    0.00    3.00    0.00    0.00    0.00    2.00
19:41:24      10   80.00    0.00   15.00    0.00    0.00    2.00    0.00    0.00    0.00    3.00
19:41:24      11   78.00    0.00   17.00    0.00    0.00    3.00    0.00    0.00    0.00    2.00
19:41:24      12   81.19    0.00   11.88    0.00    0.00    3.96    0.00    0.00    0.00    2.97
19:41:24      13   75.49    0.00   19.61    0.00    0.00    2.94    0.00    0.00    0.00    1.96
19:41:24      14   74.26    0.00   17.82    0.00    0.00    4.95    0.00    0.00    0.00    2.97
19:41:24      15   73.00    0.00   17.00    0.00    0.00    4.00    0.00    0.00    0.00    6.00
19:41:24      16   47.87    0.00   19.15   11.70    0.00    2.13    0.00    0.00    0.00   19.15
19:41:24      17   51.55    0.00   21.65   15.46    0.00    1.03    0.00    0.00    0.00   10.31
19:41:24      18   99.00    0.00    1.00    0.00    0.00    0.00    0.00    0.00    0.00    0.00
19:41:24      19   75.00    0.00   17.00    0.00    0.00    5.00    0.00    0.00    0.00    3.00
19:41:24      20   77.00    0.00   16.00    0.00    0.00    5.00    0.00    0.00    0.00    2.00
19:41:24      21   78.57    0.00   15.31    0.00    0.00    3.06    0.00    0.00    0.00    3.06
19:41:24      22   80.61    0.00   14.29    0.00    0.00    3.06    0.00    0.00    0.00    2.04
19:41:24      23   74.75    0.00   20.20    0.00    0.00    2.02    0.00    0.00    0.00    3.03
19:41:24      24   53.92    0.00   21.57    0.00    0.00   11.76    0.00    0.00    0.00   12.75
19:41:24      25   52.53    0.00   23.23    0.00    0.00    7.07    0.00    0.00    0.00   17.17
19:41:24      26   54.08    0.00   21.43    0.00    0.00   10.20    0.00    0.00    0.00   14.29
19:41:24      27   52.48    0.00   25.74    0.00    0.00    8.91    0.00    0.00    0.00   12.87
19:41:24      28   50.00    0.00   23.00    0.00    0.00    9.00    0.00    0.00    0.00   18.00
19:41:24      29   52.08    0.00   21.88    0.00    0.00   10.42    0.00    0.00    0.00   15.62
19:41:24      30   51.52    0.00   19.19    0.00    0.00   11.11    0.00    0.00    0.00   18.18
19:41:24      31   55.67    0.00   23.71    0.00    0.00    6.19    0.00    0.00    0.00   14.43

19:41:24     CPU    %usr   %nice    %sys %iowait    %irq   %soft  %steal  %guest  %gnice   %idle
19:41:25     all   67.33    0.00   16.62    2.18    0.00    5.35    0.00    0.00    0.00    8.52
19:41:25       0  100.00    0.00    0.00    0.00    0.00    0.00    0.00    0.00    0.00    0.00
19:41:25       1   20.22    0.00   13.48   13.48    0.00   19.10    0.00    0.00    0.00   33.71
19:41:25       2   94.00    0.00    5.00    0.00    0.00    0.00    0.00    0.00    0.00    1.00
19:41:25       3   74.00    0.00   19.00    0.00    0.00    4.00    0.00    0.00    0.00    3.00
19:41:25       4   77.55    0.00   16.33    0.00    0.00    3.06    0.00    0.00    0.00    3.06
19:41:25       5   74.00    0.00   17.00    0.00    0.00    5.00    0.00    0.00    0.00    4.00
19:41:25       6   75.51    0.00   19.39    0.00    0.00    2.04    0.00    0.00    0.00    3.06
19:41:25       7   77.00    0.00   15.00    0.00    0.00    6.00    0.00    0.00    0.00    2.00
19:41:25       8   77.00    0.00   14.00    0.00    0.00    6.00    0.00    0.00    0.00    3.00
19:41:25       9   74.26    0.00   16.83    0.00    0.00    2.97    0.00    0.00    0.00    5.94
19:41:25      10   81.82    0.00   13.13    0.00    0.00    3.03    0.00    0.00    0.00    2.02
19:41:25      11   77.78    0.00   13.13    0.00    0.00    6.06    0.00    0.00    0.00    3.03
19:41:25      12   79.00    0.00   15.00    0.00    0.00    3.00    0.00    0.00    0.00    3.00
19:41:25      13   81.00    0.00   10.00    0.00    0.00    6.00    0.00    0.00    0.00    3.00
19:41:25      14   80.39    0.00   14.71    0.00    0.00    1.96    0.00    0.00    0.00    2.94
19:41:25      15   71.72    0.00   17.17    1.01    0.00    8.08    0.00    0.00    0.00    2.02
19:41:25      16   30.21    0.00   19.79   26.04    0.00    0.00    0.00    0.00    0.00   23.96
19:41:25      17   18.48    0.00   19.57   33.70    0.00    2.17    0.00    0.00    0.00   26.09
19:41:25      18   81.00    0.00   11.00    0.00    0.00    3.00    0.00    0.00    0.00    5.00
19:41:25      19   75.25    0.00   16.83    0.00    0.00    5.94    0.00    0.00    0.00    1.98
19:41:25      20   77.23    0.00   15.84    0.00    0.00    3.96    0.00    0.00    0.00    2.97
19:41:25      21   77.00    0.00   16.00    0.00    0.00    4.00    0.00    0.00    0.00    3.00
19:41:25      22   79.00    0.00   13.00    0.00    0.00    5.00    0.00    0.00    0.00    3.00
19:41:25      23   73.00    0.00   20.00    0.00    0.00    5.00    0.00    0.00    0.00    2.00
19:41:25      24   51.55    0.00   24.74    0.00    0.00   10.31    0.00    0.00    0.00   13.40
19:41:25      25   51.02    0.00   22.45    0.00    0.00    7.14    0.00    0.00    0.00   19.39
19:41:25      26   53.54    0.00   22.22    0.00    0.00   10.10    0.00    0.00    0.00   14.14
19:41:25      27   54.46    0.00   20.79    0.00    0.00    7.92    0.00    0.00    0.00   16.83
19:41:25      28   50.00    0.00   20.83    0.00    0.00    7.29    0.00    0.00    0.00   21.88
19:41:25      29   46.88    0.00   26.04    0.00    0.00    7.29    0.00    0.00    0.00   19.79
19:41:25      30   52.04    0.00   23.47    0.00    0.00    8.16    0.00    0.00    0.00   16.33
19:41:25      31   55.56    0.00   21.21    0.00    0.00    9.09    0.00    0.00    0.00   14.14

19:41:25     CPU    %usr   %nice    %sys %iowait    %irq   %soft  %steal  %guest  %gnice   %idle
19:41:26     all   66.90    0.00   16.80    1.80    0.00    5.08    0.00    0.00    0.00    9.43
19:41:26       0   99.01    0.00    0.99    0.00    0.00    0.00    0.00    0.00    0.00    0.00
19:41:26       1   31.82    0.00   23.86    9.09    0.00    5.68    0.00    0.00    0.00   29.55
19:41:26       2   77.55    0.00   18.37    0.00    0.00    1.02    0.00    0.00    0.00    3.06
19:41:26       3   76.29    0.00   14.43    0.00    0.00    4.12    0.00    0.00    0.00    5.15
19:41:26       4   81.00    0.00   15.00    0.00    0.00    2.00    0.00    0.00    0.00    2.00
19:41:26       5   75.00    0.00   17.00    0.00    0.00    6.00    0.00    0.00    0.00    2.00
19:41:26       6   76.24    0.00   14.85    0.99    0.00    4.95    0.00    0.00    0.00    2.97
19:41:26       7   74.75    0.00   17.17    0.00    0.00    5.05    0.00    0.00    0.00    3.03
19:41:26       8   58.42    0.00   14.85    7.92    0.00    3.96    0.00    0.00    0.00   14.85
19:41:26       9   47.00    0.00   18.00   18.00    0.00    4.00    0.00    0.00    0.00   13.00
19:41:26      10   79.21    0.00   13.86    0.00    0.00    3.96    0.00    0.00    0.00    2.97
19:41:26      11   78.22    0.00   14.85    0.00    0.00    3.96    0.00    0.00    0.00    2.97
19:41:26      12   79.00    0.00   15.00    0.00    0.00    2.00    0.00    0.00    0.00    4.00
19:41:26      13   72.28    0.00   17.82    0.00    0.00    6.93    0.00    0.00    0.00    2.97
19:41:26      14   76.53    0.00   13.27    0.00    0.00    4.08    0.00    0.00    0.00    6.12
19:41:26      15   76.77    0.00   16.16    0.00    0.00    5.05    0.00    0.00    0.00    2.02
19:41:26      16  100.00    0.00    0.00    0.00    0.00    0.00    0.00    0.00    0.00    0.00
19:41:26      17   28.26    0.00   19.57   15.22    0.00    1.09    0.00    0.00    0.00   35.87
19:41:26      18   79.00    0.00   16.00    0.00    0.00    2.00    0.00    0.00    0.00    3.00
19:41:26      19   78.35    0.00   13.40    0.00    0.00    3.09    0.00    0.00    0.00    5.15
19:41:26      20   76.24    0.00   16.83    0.00    0.00    3.96    0.00    0.00    0.00    2.97
19:41:26      21   73.00    0.00   19.00    0.00    0.00    2.00    0.00    0.00    0.00    6.00
19:41:26      22   74.51    0.00   16.67    0.00    0.00    4.90    0.00    0.00    0.00    3.92
19:41:26      23   82.83    0.00   12.12    0.00    0.00    2.02    0.00    0.00    0.00    3.03
19:41:26      24   38.24    0.00   19.61    3.92    0.00    7.84    0.00    0.00    0.00   30.39
19:41:26      25   33.33    0.00   20.83    4.17    0.00   10.42    0.00    0.00    0.00   31.25
19:41:26      26   50.51    0.00   24.24    0.00    0.00   10.10    0.00    0.00    0.00   15.15
19:41:26      27   47.96    0.00   25.51    0.00    0.00   11.22    0.00    0.00    0.00   15.31
19:41:26      28   52.53    0.00   25.25    0.00    0.00   10.10    0.00    0.00    0.00   12.12
19:41:26      29   55.88    0.00   21.57    0.00    0.00    9.80    0.00    0.00    0.00   12.75
19:41:26      30   53.06    0.00   20.41    0.00    0.00    8.16    0.00    0.00    0.00   18.37
19:41:26      31   50.49    0.00   22.33    0.00    0.00   12.62    0.00    0.00    0.00   14.56

19:41:26     CPU    %usr   %nice    %sys %iowait    %irq   %soft  %steal  %guest  %gnice   %idle
19:41:27     all   66.45    0.00   17.17    1.14    0.00    5.25    0.00    0.00    0.00    9.99
19:41:27       0   53.54    0.00   20.20    7.07    0.00    2.02    0.00    0.00    0.00   17.17
19:41:27       1   57.61    0.00   14.13    4.35    0.00   10.87    0.00    0.00    0.00   13.04
19:41:27       2   77.00    0.00   16.00    0.00    0.00    4.00    0.00    0.00    0.00    3.00
19:41:27       3   67.01    0.00   16.49    2.06    0.00    6.19    0.00    0.00    0.00    8.25
19:41:27       4   77.55    0.00   15.31    0.00    0.00    4.08    0.00    0.00    0.00    3.06
19:41:27       5   71.43    0.00   21.43    0.00    0.00    4.08    0.00    0.00    0.00    3.06
19:41:27       6   77.23    0.00   13.86    0.00    0.00    4.95    0.00    0.00    0.00    3.96
19:41:27       7   71.72    0.00   20.20    0.00    0.00    4.04    0.00    0.00    0.00    4.04
19:41:27       8   51.02    0.00   16.33    3.06    0.00    2.04    0.00    0.00    0.00   27.55
19:41:27       9   62.63    0.00   14.14    4.04    0.00    2.02    0.00    0.00    0.00   17.17
19:41:27      10   80.20    0.00   13.86    0.00    0.00    2.97    0.00    0.00    0.00    2.97
19:41:27      11   78.00    0.00   16.00    0.00    0.00    3.00    0.00    0.00    0.00    3.00
19:41:27      12   78.00    0.00   15.00    0.00    0.00    5.00    0.00    0.00    0.00    2.00
19:41:27      13   71.00    0.00   17.00    0.00    0.00    7.00    0.00    0.00    0.00    5.00
19:41:27      14   78.22    0.00   13.86    0.00    0.00    4.95    0.00    0.00    0.00    2.97
19:41:27      15   83.33    0.00   12.75    0.00    0.00    0.98    0.00    0.00    0.00    2.94
19:41:27      16   99.00    0.00    1.00    0.00    0.00    0.00    0.00    0.00    0.00    0.00
19:41:27      17   44.57    0.00   16.30    9.78    0.00    0.00    0.00    0.00    0.00   29.35
19:41:27      18   75.00    0.00   17.00    0.00    0.00    5.00    0.00    0.00    0.00    3.00
19:41:27      19   73.74    0.00   20.20    0.00    0.00    2.02    0.00    0.00    0.00    4.04
19:41:27      20   80.81    0.00   12.12    0.00    0.00    4.04    0.00    0.00    0.00    3.03
19:41:27      21   72.55    0.00   17.65    0.00    0.00    5.88    0.00    0.00    0.00    3.92
19:41:27      22   77.55    0.00   14.29    0.00    0.00    4.08    0.00    0.00    0.00    4.08
19:41:27      23   72.00    0.00   19.00    0.00    0.00    6.00    0.00    0.00    0.00    3.00
19:41:27      24   21.74    0.00   10.87    3.26    0.00    4.35    0.00    0.00    0.00   59.78
19:41:27      25   18.56    0.00   13.40    4.12    0.00    5.15    0.00    0.00    0.00   58.76
19:41:27      26   54.08    0.00   29.59    0.00    0.00    9.18    0.00    0.00    0.00    7.14
19:41:27      27   60.20    0.00   21.43    0.00    0.00   10.20    0.00    0.00    0.00    8.16
19:41:27      28   54.46    0.00   28.71    0.00    0.00    9.90    0.00    0.00    0.00    6.93
19:41:27      29   60.61    0.00   23.23    0.00    0.00   11.11    0.00    0.00    0.00    5.05
19:41:27      30   57.43    0.00   25.74    0.00    0.00   10.89    0.00    0.00    0.00    5.94
19:41:27      31   60.40    0.00   21.78    0.00    0.00   11.88    0.00    0.00    0.00    5.94

19:41:27     CPU    %usr   %nice    %sys %iowait    %irq   %soft  %steal  %guest  %gnice   %idle
19:41:28     all   69.22    0.00   16.86    1.53    0.00    4.88    0.00    0.00    0.00    7.51
19:41:28       0   64.00    0.00   13.00    3.00    0.00    1.00    0.00    0.00    0.00   19.00
19:41:28       1   94.95    0.00    2.02    0.00    0.00    3.03    0.00    0.00    0.00    0.00
19:41:28       2   74.75    0.00   19.19    0.00    0.00    4.04    0.00    0.00    0.00    2.02
19:41:28       3   76.47    0.00   17.65    0.00    0.00    3.92    0.00    0.00    0.00    1.96
19:41:28       4   68.93    0.00   15.53    6.80    0.00    1.94    0.00    0.00    0.00    6.80
19:41:28       5   68.32    0.00   16.83    4.95    0.00    3.96    0.00    0.00    0.00    5.94
19:41:28       6   82.18    0.00   12.87    0.00    0.00    2.97    0.00    0.00    0.00    1.98
19:41:28       7   76.24    0.00   17.82    0.00    0.00    3.96    0.00    0.00    0.00    1.98
19:41:28       8   45.45    0.00   40.40    1.01    0.00    3.03    0.00    0.00    0.00   10.10
19:41:28       9   79.00    0.00   15.00    0.00    0.00    4.00    0.00    0.00    0.00    2.00
19:41:28      10   76.77    0.00   16.16    0.00    0.00    5.05    0.00    0.00    0.00    2.02
19:41:28      11   76.77    0.00   16.16    0.00    0.00    5.05    0.00    0.00    0.00    2.02
19:41:28      12   87.13    0.00    8.91    0.00    0.00    2.97    0.00    0.00    0.00    0.99
19:41:28      13   75.00    0.00   17.00    0.00    0.00    6.00    0.00    0.00    0.00    2.00
19:41:28      14   80.00    0.00   16.00    0.00    0.00    3.00    0.00    0.00    0.00    1.00
19:41:28      15   83.84    0.00   13.13    0.00    0.00    2.02    0.00    0.00    0.00    1.01
19:41:28      16   99.01    0.00    0.99    0.00    0.00    0.00    0.00    0.00    0.00    0.00
19:41:28      17   45.36    0.00   12.37   13.40    0.00    0.00    0.00    0.00    0.00   28.87
19:41:28      18   76.00    0.00   17.00    0.00    0.00    5.00    0.00    0.00    0.00    2.00
19:41:28      19   79.80    0.00   16.16    0.00    0.00    3.03    0.00    0.00    0.00    1.01
19:41:28      20   58.82    0.00   19.61   11.76    0.00    3.92    0.00    0.00    0.00    5.88
19:41:28      21   75.25    0.00   11.88    4.95    0.00    3.96    0.00    0.00    0.00    3.96
19:41:28      22   72.00    0.00   19.00    0.00    0.00    6.00    0.00    0.00    0.00    3.00
19:41:28      23   80.81    0.00   13.13    0.00    0.00    5.05    0.00    0.00    0.00    1.01
19:41:28      24   48.48    0.00   16.16    1.01    0.00   10.10    0.00    0.00    0.00   24.24
19:41:28      25   51.02    0.00   15.31    2.04    0.00    9.18    0.00    0.00    0.00   22.45
19:41:28      26   54.00    0.00   23.00    0.00    0.00    7.00    0.00    0.00    0.00   16.00
19:41:28      27   49.51    0.00   28.16    0.00    0.00    8.74    0.00    0.00    0.00   13.59
19:41:28      28   51.00    0.00   22.00    0.00    0.00    8.00    0.00    0.00    0.00   19.00
19:41:28      29   57.43    0.00   18.81    0.00    0.00    9.90    0.00    0.00    0.00   13.86
19:41:28      30   53.54    0.00   22.22    0.00    0.00   11.11    0.00    0.00    0.00   13.13
19:41:28      31   51.58    0.00   26.32    0.00    0.00    9.47    0.00    0.00    0.00   12.63

19:41:28     CPU    %usr   %nice    %sys %iowait    %irq   %soft  %steal  %guest  %gnice   %idle
19:41:29     all   67.03    0.00   16.95    1.43    0.00    4.85    0.00    0.00    0.00    9.76
19:41:29       0   85.57    0.00   10.31    1.03    0.00    1.03    0.00    0.00    0.00    2.06
19:41:29       1   73.47    0.00   12.24    7.14    0.00    6.12    0.00    0.00    0.00    1.02
19:41:29       2   80.00    0.00   15.00    0.00    0.00    3.00    0.00    0.00    0.00    2.00
19:41:29       3   76.00    0.00   18.00    0.00    0.00    5.00    0.00    0.00    0.00    1.00
19:41:29       4   43.88    0.00   10.20    8.16    0.00    5.10    0.00    0.00    0.00   32.65
19:41:29       5   39.13    0.00   14.13    7.61    0.00    3.26    0.00    0.00    0.00   35.87
19:41:29       6   76.77    0.00   20.20    0.00    0.00    3.03    0.00    0.00    0.00    0.00
19:41:29       7   72.28    0.00   19.80    0.00    0.00    6.93    0.00    0.00    0.00    0.99
19:41:29       8   66.33    0.00   27.55    0.00    0.00    3.06    0.00    0.00    0.00    3.06
19:41:29       9   80.00    0.00   16.00    0.00    0.00    3.00    0.00    0.00    0.00    1.00
19:41:29      10   82.00    0.00   14.00    0.00    0.00    2.00    0.00    0.00    0.00    2.00
19:41:29      11   78.43    0.00   14.71    0.00    0.00    5.88    0.00    0.00    0.00    0.98
19:41:29      12   82.83    0.00   12.12    0.00    0.00    4.04    0.00    0.00    0.00    1.01
19:41:29      13   79.00    0.00   15.00    0.00    0.00    5.00    0.00    0.00    0.00    1.00
19:41:29      14   79.80    0.00   17.17    0.00    0.00    2.02    0.00    0.00    0.00    1.01
19:41:29      15   77.45    0.00   18.63    0.00    0.00    1.96    0.00    0.00    0.00    1.96
19:41:29      16   57.14    0.00   16.48    4.40    0.00    1.10    0.00    0.00    0.00   20.88
19:41:29      17   70.41    0.00   14.29    5.10    0.00    1.02    0.00    0.00    0.00    9.18
19:41:29      18   76.77    0.00   17.17    0.00    0.00    5.05    0.00    0.00    0.00    1.01
19:41:29      19   82.00    0.00   14.00    0.00    0.00    3.00    0.00    0.00    0.00    1.00
19:41:29      20   43.69    0.00   12.62    6.80    0.00    2.91    0.00    0.00    0.00   33.98
19:41:29      21   35.42    0.00   14.58    6.25    0.00    4.17    0.00    0.00    0.00   39.58
19:41:29      22   88.78    0.00   11.22    0.00    0.00    0.00    0.00    0.00    0.00    0.00
19:41:29      23   81.82    0.00   16.16    0.00    0.00    1.01    0.00    0.00    0.00    1.01
19:41:29      24   54.55    0.00   23.23    0.00    0.00    9.09    0.00    0.00    0.00   13.13
19:41:29      25   53.47    0.00   27.72    0.00    0.00   10.89    0.00    0.00    0.00    7.92
19:41:29      26   59.41    0.00   19.80    0.00    0.00    6.93    0.00    0.00    0.00   13.86
19:41:29      27   54.17    0.00   18.75    0.00    0.00    7.29    0.00    0.00    0.00   19.79
19:41:29      28   51.55    0.00   17.53    0.00    0.00   12.37    0.00    0.00    0.00   18.56
19:41:29      29   44.79    0.00   19.79    0.00    0.00    9.38    0.00    0.00    0.00   26.04
19:41:29      30   49.49    0.00   28.28    0.00    0.00   10.10    0.00    0.00    0.00   12.12
19:41:29      31   63.64    0.00   15.15    0.00    0.00   10.10    0.00    0.00    0.00   11.11

19:41:29     CPU    %usr   %nice    %sys %iowait    %irq   %soft  %steal  %guest  %gnice   %idle
19:41:30     all   71.41    0.00   17.84    0.12    0.00    5.16    0.00    0.00    0.00    5.47
19:41:30       0   73.27    0.00   15.84    0.00    0.00    5.94    0.00    0.00    0.00    4.95
19:41:30       1   73.47    0.00   11.22    4.08    0.00    3.06    0.00    0.00    0.00    8.16
19:41:30       2   78.00    0.00   16.00    0.00    0.00    3.00    0.00    0.00    0.00    3.00
19:41:30       3   72.73    0.00   16.16    0.00    0.00    6.06    0.00    0.00    0.00    5.05
19:41:30       4   61.62    0.00   30.30    0.00    0.00    2.02    0.00    0.00    0.00    6.06
19:41:30       5   70.30    0.00   16.83    0.00    0.00    4.95    0.00    0.00    0.00    7.92
19:41:30       6   75.25    0.00   19.80    0.00    0.00    1.98    0.00    0.00    0.00    2.97
19:41:30       7   77.55    0.00   16.33    0.00    0.00    3.06    0.00    0.00    0.00    3.06
19:41:30       8   70.71    0.00   14.14    0.00    0.00    2.02    0.00    0.00    0.00   13.13
19:41:30       9   75.25    0.00   17.82    0.00    0.00    3.96    0.00    0.00    0.00    2.97
19:41:30      10   76.24    0.00   13.86    0.00    0.00    5.94    0.00    0.00    0.00    3.96
19:41:30      11   77.23    0.00   15.84    0.00    0.00    3.96    0.00    0.00    0.00    2.97
19:41:30      12   76.77    0.00   19.19    0.00    0.00    1.01    0.00    0.00    0.00    3.03
19:41:30      13   76.77    0.00   14.14    0.00    0.00    6.06    0.00    0.00    0.00    3.03
19:41:30      14   79.00    0.00   15.00    0.00    0.00    3.00    0.00    0.00    0.00    3.00
19:41:30      15   81.00    0.00   12.00    0.00    0.00    4.00    0.00    0.00    0.00    3.00
19:41:30      16   99.00    0.00    1.00    0.00    0.00    0.00    0.00    0.00    0.00    0.00
19:41:30      17   83.67    0.00   10.20    0.00    0.00    3.06    0.00    0.00    0.00    3.06
19:41:30      18   76.24    0.00   15.84    0.00    0.00    3.96    0.00    0.00    0.00    3.96
19:41:30      19   74.26    0.00   17.82    0.00    0.00    3.96    0.00    0.00    0.00    3.96
19:41:30      20   64.00    0.00   23.00    0.00    0.00    3.00    0.00    0.00    0.00   10.00
19:41:30      21   75.00    0.00   17.00    0.00    0.00    3.00    0.00    0.00    0.00    5.00
19:41:30      22   77.00    0.00   15.00    0.00    0.00    5.00    0.00    0.00    0.00    3.00
19:41:30      23   80.00    0.00   17.00    0.00    0.00    1.00    0.00    0.00    0.00    2.00
19:41:30      24   62.00    0.00   23.00    0.00    0.00    8.00    0.00    0.00    0.00    7.00
19:41:30      25   57.43    0.00   23.76    0.00    0.00   10.89    0.00    0.00    0.00    7.92
19:41:30      26   56.57    0.00   25.25    0.00    0.00    9.09    0.00    0.00    0.00    9.09
19:41:30      27   60.00    0.00   22.00    0.00    0.00    9.00    0.00    0.00    0.00    9.00
19:41:30      28   54.37    0.00   26.21    0.00    0.00   10.68    0.00    0.00    0.00    8.74
19:41:30      29   59.80    0.00   23.53    0.00    0.00    9.80    0.00    0.00    0.00    6.86
19:41:30      30   55.00    0.00   24.00    0.00    0.00   11.00    0.00    0.00    0.00   10.00
19:41:30      31   56.12    0.00   21.43    0.00    0.00   13.27    0.00    0.00    0.00    9.18

19:41:30     CPU    %usr   %nice    %sys %iowait    %irq   %soft  %steal  %guest  %gnice   %idle
19:41:31     all   71.67    0.00   17.79    0.00    0.00    4.80    0.00    0.00    0.00    5.74
19:41:31       0   78.00    0.00   17.00    0.00    0.00    3.00    0.00    0.00    0.00    2.00
19:41:31       1   99.00    0.00    1.00    0.00    0.00    0.00    0.00    0.00    0.00    0.00
19:41:31       2   69.00    0.00   21.00    0.00    0.00    5.00    0.00    0.00    0.00    5.00
19:41:31       3   76.77    0.00   18.18    0.00    0.00    1.01    0.00    0.00    0.00    4.04
19:41:31       4   66.67    0.00   28.28    0.00    0.00    3.03    0.00    0.00    0.00    2.02
19:41:31       5   73.27    0.00   18.81    0.00    0.00    3.96    0.00    0.00    0.00    3.96
19:41:31       6   73.74    0.00   18.18    0.00    0.00    5.05    0.00    0.00    0.00    3.03
19:41:31       7   77.00    0.00   17.00    0.00    0.00    4.00    0.00    0.00    0.00    2.00
19:41:31       8   65.31    0.00   13.27    0.00    0.00    2.04    0.00    0.00    0.00   19.39
19:41:31       9   77.00    0.00   17.00    0.00    0.00    3.00    0.00    0.00    0.00    3.00
19:41:31      10   76.00    0.00   16.00    0.00    0.00    4.00    0.00    0.00    0.00    4.00
19:41:31      11   76.00    0.00   17.00    0.00    0.00    5.00    0.00    0.00    0.00    2.00
19:41:31      12   75.00    0.00   19.00    0.00    0.00    3.00    0.00    0.00    0.00    3.00
19:41:31      13   80.20    0.00   15.84    0.00    0.00    0.99    0.00    0.00    0.00    2.97
19:41:31      14   75.25    0.00   17.82    0.00    0.00    4.95    0.00    0.00    0.00    1.98
19:41:31      15   77.00    0.00   18.00    0.00    0.00    3.00    0.00    0.00    0.00    2.00
19:41:31      16   99.00    0.00    1.00    0.00    0.00    0.00    0.00    0.00    0.00    0.00
19:41:31      17   75.49    0.00   14.71    0.00    0.00    5.88    0.00    0.00    0.00    3.92
19:41:31      18   74.75    0.00   16.16    0.00    0.00    6.06    0.00    0.00    0.00    3.03
19:41:31      19   80.41    0.00   13.40    0.00    0.00    2.06    0.00    0.00    0.00    4.12
19:41:31      20   67.33    0.00   29.70    0.00    0.00    0.99    0.00    0.00    0.00    1.98
19:41:31      21   73.96    0.00   19.79    0.00    0.00    3.12    0.00    0.00    0.00    3.12
19:41:31      22   73.79    0.00   14.56    0.00    0.00    7.77    0.00    0.00    0.00    3.88
19:41:31      23   82.00    0.00   13.00    0.00    0.00    2.00    0.00    0.00    0.00    3.00
19:41:31      24   56.00    0.00   22.00    0.00    0.00   10.00    0.00    0.00    0.00   12.00
19:41:31      25   57.14    0.00   20.41    0.00    0.00    9.18    0.00    0.00    0.00   13.27
19:41:31      26   51.55    0.00   19.59    0.00    0.00   11.34    0.00    0.00    0.00   17.53
19:41:31      27   54.17    0.00   21.88    0.00    0.00   10.42    0.00    0.00    0.00   13.54
19:41:31      28   61.62    0.00   22.22    0.00    0.00    4.04    0.00    0.00    0.00   12.12
19:41:31      29   52.53    0.00   22.22    0.00    0.00   11.11    0.00    0.00    0.00   14.14
19:41:31      30   56.00    0.00   25.00    0.00    0.00   10.00    0.00    0.00    0.00    9.00
19:41:31      31   60.78    0.00   20.59    0.00    0.00    8.82    0.00    0.00    0.00    9.80

19:41:31     CPU    %usr   %nice    %sys %iowait    %irq   %soft  %steal  %guest  %gnice   %idle
19:41:32     all   70.66    0.00   17.18    0.91    0.00    5.36    0.00    0.00    0.00    5.89
19:41:32       0   78.00    0.00   17.00    0.00    0.00    2.00    0.00    0.00    0.00    3.00
19:41:32       1  100.00    0.00    0.00    0.00    0.00    0.00    0.00    0.00    0.00    0.00
19:41:32       2   76.77    0.00   17.17    0.00    0.00    4.04    0.00    0.00    0.00    2.02
19:41:32       3   79.41    0.00   11.76    0.00    0.00    4.90    0.00    0.00    0.00    3.92
19:41:32       4   76.29    0.00   18.56    0.00    0.00    3.09    0.00    0.00    0.00    2.06
19:41:32       5   79.80    0.00   13.13    0.00    0.00    5.05    0.00    0.00    0.00    2.02
19:41:32       6   77.78    0.00   15.15    0.00    0.00    5.05    0.00    0.00    0.00    2.02
19:41:32       7   78.00    0.00   16.00    0.00    0.00    4.00    0.00    0.00    0.00    2.00
19:41:32       8   61.22    0.00   10.20    9.18    0.00    6.12    0.00    0.00    0.00   13.27
19:41:32       9   58.42    0.00   15.84   17.82    0.00    3.96    0.00    0.00    0.00    3.96
19:41:32      10   79.59    0.00   14.29    0.00    0.00    4.08    0.00    0.00    0.00    2.04
19:41:32      11   78.79    0.00   16.16    0.00    0.00    3.03    0.00    0.00    0.00    2.02
19:41:32      12   79.00    0.00   17.00    0.00    0.00    1.00    0.00    0.00    0.00    3.00
19:41:32      13   80.00    0.00   13.00    0.00    0.00    5.00    0.00    0.00    0.00    2.00
19:41:32      14   76.00    0.00   16.00    0.00    0.00    5.00    0.00    0.00    0.00    3.00
19:41:32      15   73.27    0.00   17.82    0.00    0.00    5.94    0.00    0.00    0.00    2.97
19:41:32      16  100.00    0.00    0.00    0.00    0.00    0.00    0.00    0.00    0.00    0.00
19:41:32      17   72.73    0.00   20.20    1.01    0.00    3.03    0.00    0.00    0.00    3.03
19:41:32      18   79.21    0.00   13.86    0.00    0.00    3.96    0.00    0.00    0.00    2.97
19:41:32      19   70.71    0.00   18.18    1.01    0.00    5.05    0.00    0.00    0.00    5.05
19:41:32      20   54.55    0.00   39.39    0.00    0.00    5.05    0.00    0.00    0.00    1.01
19:41:32      21   75.25    0.00   15.84    0.00    0.00    5.94    0.00    0.00    0.00    2.97
19:41:32      22   74.49    0.00   16.33    0.00    0.00    7.14    0.00    0.00    0.00    2.04
19:41:32      23   78.79    0.00   17.17    0.00    0.00    2.02    0.00    0.00    0.00    2.02
19:41:32      24   52.48    0.00   21.78    0.00    0.00    8.91    0.00    0.00    0.00   16.83
19:41:32      25   51.06    0.00   18.09    0.00    0.00   11.70    0.00    0.00    0.00   19.15
19:41:32      26   51.55    0.00   27.84    0.00    0.00    8.25    0.00    0.00    0.00   12.37
19:41:32      27   53.54    0.00   24.24    0.00    0.00   11.11    0.00    0.00    0.00   11.11
19:41:32      28   47.47    0.00   22.22    0.00    0.00    9.09    0.00    0.00    0.00   21.21
19:41:32      29   53.61    0.00   25.77    0.00    0.00    7.22    0.00    0.00    0.00   13.40
19:41:32      30   54.00    0.00   22.00    0.00    0.00   10.00    0.00    0.00    0.00   14.00
19:41:32      31   56.70    0.00   18.56    0.00    0.00   11.34    0.00    0.00    0.00   13.40

19:41:32     CPU    %usr   %nice    %sys %iowait    %irq   %soft  %steal  %guest  %gnice   %idle
19:41:33     all   66.17    0.00   17.59    1.60    0.00    4.79    0.00    0.00    0.00    9.86
19:41:33       0   71.29    0.00   22.77    0.00    0.00    1.98    0.00    0.00    0.00    3.96
19:41:33       1   95.92    0.00    2.04    0.00    0.00    2.04    0.00    0.00    0.00    0.00
19:41:33       2   63.00    0.00   15.00    7.00    0.00    6.00    0.00    0.00    0.00    9.00
19:41:33       3   62.50    0.00   18.27    1.92    0.00    4.81    0.00    0.00    0.00   12.50
19:41:33       4   63.37    0.00   31.68    0.00    0.00    1.98    0.00    0.00    0.00    2.97
19:41:33       5   77.23    0.00   18.81    0.00    0.00    0.99    0.00    0.00    0.00    2.97
19:41:33       6   75.25    0.00   17.82    0.00    0.00    3.96    0.00    0.00    0.00    2.97
19:41:33       7   72.28    0.00   18.81    0.00    0.00    5.94    0.00    0.00    0.00    2.97
19:41:33       8   55.67    0.00   10.31    5.15    0.00    4.12    0.00    0.00    0.00   24.74
19:41:33       9   47.00    0.00   12.00   14.00    0.00    1.00    0.00    0.00    0.00   26.00
19:41:33      10   76.00    0.00   18.00    0.00    0.00    3.00    0.00    0.00    0.00    3.00
19:41:33      11   80.81    0.00   12.12    0.00    0.00    4.04    0.00    0.00    0.00    3.03
19:41:33      12   79.59    0.00   16.33    0.00    0.00    2.04    0.00    0.00    0.00    2.04
19:41:33      13   74.75    0.00   19.19    0.00    0.00    4.04    0.00    0.00    0.00    2.02
19:41:33      14   74.26    0.00   17.82    0.00    0.00    4.95    0.00    0.00    0.00    2.97
19:41:33      15   79.41    0.00   12.75    0.00    0.00    5.88    0.00    0.00    0.00    1.96
19:41:33      16   98.02    0.00    1.98    0.00    0.00    0.00    0.00    0.00    0.00    0.00
19:41:33      17   51.55    0.00   13.40    9.28    0.00    3.09    0.00    0.00    0.00   22.68
19:41:33      18   60.61    0.00   17.17    7.07    0.00    5.05    0.00    0.00    0.00   10.10
19:41:33      19   53.47    0.00   18.81    5.94    0.00    5.94    0.00    0.00    0.00   15.84
19:41:33      20   71.00    0.00   23.00    0.00    0.00    4.00    0.00    0.00    0.00    2.00
19:41:33      21   77.78    0.00   16.16    0.00    0.00    4.04    0.00    0.00    0.00    2.02
19:41:33      22   79.21    0.00   14.85    0.00    0.00    2.97    0.00    0.00    0.00    2.97
19:41:33      23   78.00    0.00   16.00    0.00    0.00    4.00    0.00    0.00    0.00    2.00
19:41:33      24   42.16    0.00   19.61    0.98    0.00    9.80    0.00    0.00    0.00   27.45
19:41:33      25   40.00    0.00   22.00    0.00    0.00    9.00    0.00    0.00    0.00   29.00
19:41:33      26   49.49    0.00   24.24    0.00    0.00    9.09    0.00    0.00    0.00   17.17
19:41:33      27   57.73    0.00   18.56    0.00    0.00    6.19    0.00    0.00    0.00   17.53
19:41:33      28   51.96    0.00   21.57    0.00    0.00    9.80    0.00    0.00    0.00   16.67
19:41:33      29   54.64    0.00   22.68    0.00    0.00    5.15    0.00    0.00    0.00   17.53
19:41:33      30   51.52    0.00   25.25    0.00    0.00    7.07    0.00    0.00    0.00   16.16
19:41:33      31   51.02    0.00   23.47    0.00    0.00   11.22    0.00    0.00    0.00   14.29

19:41:33     CPU    %usr   %nice    %sys %iowait    %irq   %soft  %steal  %guest  %gnice   %idle
19:41:34     all   64.32    0.00   17.24    2.10    0.00    5.03    0.00    0.00    0.00   11.31
19:41:34       0   81.25    0.00    9.38    1.04    0.00    1.04    0.00    0.00    0.00    7.29
19:41:34       1   71.00    0.00   16.00    1.00    0.00    5.00    0.00    0.00    0.00    7.00
19:41:34       2   41.41    0.00    7.07   13.13    0.00    3.03    0.00    0.00    0.00   35.35
19:41:34       3   36.36    0.00    9.09   12.12    0.00    4.04    0.00    0.00    0.00   38.38
19:41:34       4   62.24    0.00   26.53    0.00    0.00    3.06    0.00    0.00    0.00    8.16
19:41:34       5   76.24    0.00   15.84    0.00    0.00    5.94    0.00    0.00    0.00    1.98
19:41:34       6   73.53    0.00   18.63    0.00    0.00    4.90    0.00    0.00    0.00    2.94
19:41:34       7   71.00    0.00   19.00    1.00    0.00    5.00    0.00    0.00    0.00    4.00
19:41:34       8   75.76    0.00   19.19    0.00    0.00    3.03    0.00    0.00    0.00    2.02
19:41:34       9   75.25    0.00   16.83    0.00    0.00    4.95    0.00    0.00    0.00    2.97
19:41:34      10   72.73    0.00   19.19    0.00    0.00    4.04    0.00    0.00    0.00    4.04
19:41:34      11   72.28    0.00   17.82    0.00    0.00    5.94    0.00    0.00    0.00    3.96
19:41:34      12   77.23    0.00   14.85    0.00    0.00    3.96    0.00    0.00    0.00    3.96
19:41:34      13   73.27    0.00   18.81    0.00    0.00    4.95    0.00    0.00    0.00    2.97
19:41:34      14   79.80    0.00   13.13    0.00    0.00    4.04    0.00    0.00    0.00    3.03
19:41:34      15   76.29    0.00   15.46    0.00    0.00    5.15    0.00    0.00    0.00    3.09
19:41:34      16   86.87    0.00    6.06    1.01    0.00    0.00    0.00    0.00    0.00    6.06
19:41:34      17   97.00    0.00    3.00    0.00    0.00    0.00    0.00    0.00    0.00    0.00
19:41:34      18   34.31    0.00   12.75   15.69    0.00    2.94    0.00    0.00    0.00   34.31
19:41:34      19   30.85    0.00   10.64   22.34    0.00    3.19    0.00    0.00    0.00   32.98
19:41:34      20   63.64    0.00   28.28    0.00    0.00    5.05    0.00    0.00    0.00    3.03
19:41:34      21   74.26    0.00   21.78    0.00    0.00    1.98    0.00    0.00    0.00    1.98
19:41:34      22   75.25    0.00   16.83    0.00    0.00    3.96    0.00    0.00    0.00    3.96
19:41:34      23   72.45    0.00   19.39    1.02    0.00    5.10    0.00    0.00    0.00    2.04
19:41:34      24   49.48    0.00   20.62    0.00    0.00    6.19    0.00    0.00    0.00   23.71
19:41:34      25   49.49    0.00   22.22    0.00    0.00    7.07    0.00    0.00    0.00   21.21
19:41:34      26   51.96    0.00   23.53    0.00    0.00    7.84    0.00    0.00    0.00   16.67
19:41:34      27   51.89    0.00   19.81    0.00    0.00   11.32    0.00    0.00    0.00   16.98
19:41:34      28   52.08    0.00   20.83    0.00    0.00   10.42    0.00    0.00    0.00   16.67
19:41:34      29   50.00    0.00   25.51    0.00    0.00    7.14    0.00    0.00    0.00   17.35
19:41:34      30   52.04    0.00   21.43    0.00    0.00    8.16    0.00    0.00    0.00   18.37
19:41:34      31   49.50    0.00   21.78    0.00    0.00   11.88    0.00    0.00    0.00   16.83

19:41:34     CPU    %usr   %nice    %sys %iowait    %irq   %soft  %steal  %guest  %gnice   %idle
19:41:35     all   65.31    0.00   16.09    1.91    0.00    4.78    0.00    0.00    0.00   11.91
19:41:35       0  100.00    0.00    0.00    0.00    0.00    0.00    0.00    0.00    0.00    0.00
19:41:35       1   49.47    0.00   14.74   11.58    0.00    5.26    0.00    0.00    0.00   18.95
19:41:35       2   41.05    0.00   11.58   11.58    0.00    2.11    0.00    0.00    0.00   33.68
19:41:35       3   39.58    0.00   11.46   12.50    0.00    2.08    0.00    0.00    0.00   34.38
19:41:35       4   73.47    0.00   21.43    0.00    0.00    3.06    0.00    0.00    0.00    2.04
19:41:35       5   78.00    0.00   15.00    0.00    0.00    3.00    0.00    0.00    0.00    4.00
19:41:35       6   76.77    0.00   16.16    0.00    0.00    5.05    0.00    0.00    0.00    2.02
19:41:35       7   76.77    0.00   17.17    0.00    0.00    3.03    0.00    0.00    0.00    3.03
19:41:35       8   79.41    0.00   11.76    0.00    0.00    3.92    0.00    0.00    0.00    4.90
19:41:35       9   76.53    0.00   17.35    0.00    0.00    2.04    0.00    0.00    0.00    4.08
19:41:35      10   73.74    0.00   18.18    0.00    0.00    4.04    0.00    0.00    0.00    4.04
19:41:35      11   78.35    0.00   12.37    0.00    0.00    6.19    0.00    0.00    0.00    3.09
19:41:35      12   76.24    0.00   15.84    0.99    0.00    3.96    0.00    0.00    0.00    2.97
19:41:35      13   77.32    0.00   15.46    1.03    0.00    3.09    0.00    0.00    0.00    3.09
19:41:35      14   78.00    0.00   14.00    0.00    0.00    4.00    0.00    0.00    0.00    4.00
19:41:35      15   77.78    0.00   14.14    0.00    0.00    5.05    0.00    0.00    0.00    3.03
19:41:35      16   64.29    0.00   11.22    2.04    0.00    3.06    0.00    0.00    0.00   19.39
19:41:35      17   99.00    0.00    1.00    0.00    0.00    0.00    0.00    0.00    0.00    0.00
19:41:35      18   39.13    0.00   10.87   10.87    0.00    2.17    0.00    0.00    0.00   36.96
19:41:35      19   42.86    0.00   12.24   11.22    0.00    2.04    0.00    0.00    0.00   31.63
19:41:35      20   62.00    0.00   32.00    0.00    0.00    3.00    0.00    0.00    0.00    3.00
19:41:35      21   74.75    0.00   17.17    0.00    0.00    4.04    0.00    0.00    0.00    4.04
19:41:35      22   76.77    0.00   16.16    1.01    0.00    4.04    0.00    0.00    0.00    2.02
19:41:35      23   74.00    0.00   18.00    0.00    0.00    4.00    0.00    0.00    0.00    4.00
19:41:35      24   52.53    0.00   22.22    0.00    0.00    6.06    0.00    0.00    0.00   19.19
19:41:35      25   48.98    0.00   19.39    0.00    0.00   12.24    0.00    0.00    0.00   19.39
19:41:35      26   50.00    0.00   21.57    0.00    0.00   12.75    0.00    0.00    0.00   15.69
19:41:35      27   54.55    0.00   19.19    0.00    0.00    9.09    0.00    0.00    0.00   17.17
19:41:35      28   51.55    0.00   18.56    0.00    0.00    9.28    0.00    0.00    0.00   20.62
19:41:35      29   41.76    0.00   20.88    0.00    0.00    9.89    0.00    0.00    0.00   27.47
19:41:35      30   46.81    0.00   20.21    0.00    0.00    9.57    0.00    0.00    0.00   23.40
19:41:35      31   50.00    0.00   27.55    0.00    0.00    6.12    0.00    0.00    0.00   16.33

19:41:35     CPU    %usr   %nice    %sys %iowait    %irq   %soft  %steal  %guest  %gnice   %idle
19:41:36     all   64.98    0.00   16.18    1.54    0.00    4.99    0.00    0.00    0.00   12.31
19:41:36       0   80.20    0.00   11.88    0.00    0.00    5.94    0.00    0.00    0.00    1.98
19:41:36       1   85.42    0.00    4.17    0.00    0.00    2.08    0.00    0.00    0.00    8.33
19:41:36       2   45.74    0.00   12.77    5.32    0.00    3.19    0.00    0.00    0.00   32.98
19:41:36       3   55.67    0.00   11.34    5.15    0.00    3.09    0.00    0.00    0.00   24.74
19:41:36       4   48.39    0.00   18.28    8.60    0.00    2.15    0.00    0.00    0.00   22.58
19:41:36       5   52.08    0.00   17.71    7.29    0.00    2.08    0.00    0.00    0.00   20.83
19:41:36       6   76.77    0.00   16.16    0.00    0.00    5.05    0.00    0.00    0.00    2.02
19:41:36       7   75.00    0.00   20.00    0.00    0.00    2.00    0.00    0.00    0.00    3.00
19:41:36       8   79.17    0.00   15.62    0.00    0.00    3.12    0.00    0.00    0.00    2.08
19:41:36       9   75.00    0.00   17.00    0.00    0.00    6.00    0.00    0.00    0.00    2.00
19:41:36      10   80.61    0.00   11.22    0.00    0.00    6.12    0.00    0.00    0.00    2.04
19:41:36      11   73.00    0.00   18.00    0.00    0.00    6.00    0.00    0.00    0.00    3.00
19:41:36      12   77.78    0.00   15.15    0.00    0.00    5.05    0.00    0.00    0.00    2.02
19:41:36      13   80.81    0.00   13.13    0.00    0.00    4.04    0.00    0.00    0.00    2.02
19:41:36      14   76.77    0.00   16.16    1.01    0.00    4.04    0.00    0.00    0.00    2.02
19:41:36      15   74.75    0.00   18.18    0.00    0.00    5.05    0.00    0.00    0.00    2.02
19:41:36      16   73.47    0.00   18.37    0.00    0.00    4.08    0.00    0.00    0.00    4.08
19:41:36      17   99.00    0.00    1.00    0.00    0.00    0.00    0.00    0.00    0.00    0.00
19:41:36      18   46.24    0.00   11.83    5.38    0.00    2.15    0.00    0.00    0.00   34.41
19:41:36      19   51.04    0.00   12.50    3.12    0.00    2.08    0.00    0.00    0.00   31.25
19:41:36      20   47.37    0.00   23.16    7.37    0.00    2.11    0.00    0.00    0.00   20.00
19:41:36      21   52.63    0.00   13.68    7.37    0.00    5.26    0.00    0.00    0.00   21.05
19:41:36      22   78.57    0.00   16.33    0.00    0.00    3.06    0.00    0.00    0.00    2.04
19:41:36      23   77.78    0.00   18.18    0.00    0.00    2.02    0.00    0.00    0.00    2.02
19:41:36      24   52.58    0.00   20.62    0.00    0.00    9.28    0.00    0.00    0.00   17.53
19:41:36      25   49.48    0.00   18.56    0.00    0.00   13.40    0.00    0.00    0.00   18.56
19:41:36      26   52.04    0.00   19.39    0.00    0.00   10.20    0.00    0.00    0.00   18.37
19:41:36      27   49.52    0.00   22.86    0.00    0.00    7.62    0.00    0.00    0.00   20.00
19:41:36      28   53.19    0.00   19.15    0.00    0.00    8.51    0.00    0.00    0.00   19.15
19:41:36      29   52.53    0.00   25.25    0.00    0.00    6.06    0.00    0.00    0.00   16.16
19:41:36      30   53.06    0.00   18.37    0.00    0.00    7.14    0.00    0.00    0.00   21.43
19:41:36      31   48.48    0.00   21.21    0.00    0.00   11.11    0.00    0.00    0.00   19.19

19:41:36     CPU    %usr   %nice    %sys %iowait    %irq   %soft  %steal  %guest  %gnice   %idle
19:41:37     all   62.88    0.00   15.83    2.15    0.00    5.37    0.00    0.00    0.00   13.78
19:41:37       0   57.45    0.00   11.70    4.26    0.00    3.19    0.00    0.00    0.00   23.40
19:41:37       1   54.55    0.00   12.12    9.09    0.00    8.08    0.00    0.00    0.00   16.16
19:41:37       2   73.79    0.00   16.50    0.00    0.00    5.83    0.00    0.00    0.00    3.88
19:41:37       3   77.23    0.00   15.84    0.00    0.00    2.97    0.00    0.00    0.00    3.96
19:41:37       4   34.65    0.00   13.86   11.88    0.00    5.94    0.00    0.00    0.00   33.66
19:41:37       5   30.77    0.00    8.79   13.19    0.00    5.49    0.00    0.00    0.00   41.76
19:41:37       6   85.86    0.00    9.09    0.00    0.00    3.03    0.00    0.00    0.00    2.02
19:41:37       7   78.00    0.00   16.00    0.00    0.00    3.00    0.00    0.00    0.00    3.00
19:41:37       8   76.77    0.00   15.15    0.00    0.00    4.04    0.00    0.00    0.00    4.04
19:41:37       9   80.00    0.00   11.00    0.00    0.00    5.00    0.00    0.00    0.00    4.00
19:41:37      10   78.22    0.00   13.86    0.00    0.00    3.96    0.00    0.00    0.00    3.96
19:41:37      11   73.27    0.00   17.82    0.00    0.00    5.94    0.00    0.00    0.00    2.97
19:41:37      12   74.26    0.00   18.81    0.00    0.00    2.97    0.00    0.00    0.00    3.96
19:41:37      13   79.80    0.00   14.14    0.00    0.00    2.02    0.00    0.00    0.00    4.04
19:41:37      14   72.28    0.00   19.80    0.00    0.00    2.97    0.00    0.00    0.00    4.95
19:41:37      15   74.00    0.00   15.00    0.00    0.00    7.00    0.00    0.00    0.00    4.00
19:41:37      16   51.52    0.00   15.15   11.11    0.00    4.04    0.00    0.00    0.00   18.18
19:41:37      17   99.00    0.00    1.00    0.00    0.00    0.00    0.00    0.00    0.00    0.00
19:41:37      18   74.75    0.00   17.17    0.00    0.00    4.04    0.00    0.00    0.00    4.04
19:41:37      19   75.49    0.00   14.71    0.00    0.00    4.90    0.00    0.00    0.00    4.90
19:41:37      20   32.22    0.00   12.22   11.11    0.00    3.33    0.00    0.00    0.00   41.11
19:41:37      21   31.58    0.00   13.68   10.53    0.00    2.11    0.00    0.00    0.00   42.11
19:41:37      22   82.00    0.00   14.00    0.00    0.00    2.00    0.00    0.00    0.00    2.00
19:41:37      23   75.51    0.00   17.35    0.00    0.00    4.08    0.00    0.00    0.00    3.06
19:41:37      24   50.50    0.00   20.79    0.00    0.00   11.88    0.00    0.00    0.00   16.83
19:41:37      25   45.92    0.00   23.47    0.00    0.00    8.16    0.00    0.00    0.00   22.45
19:41:37      26   48.45    0.00   25.77    0.00    0.00   10.31    0.00    0.00    0.00   15.46
19:41:37      27   51.55    0.00   16.49    0.00    0.00    7.22    0.00    0.00    0.00   24.74
19:41:37      28   52.04    0.00   19.39    0.00    0.00    7.14    0.00    0.00    0.00   21.43
19:41:37      29   44.12    0.00   22.55    0.00    0.00   11.76    0.00    0.00    0.00   21.57
19:41:37      30   39.39    0.00   23.23    0.00    0.00    9.09    0.00    0.00    0.00   28.28
19:41:37      31   48.00    0.00   19.00    0.00    0.00   10.00    0.00    0.00    0.00   23.00

19:41:37     CPU    %usr   %nice    %sys %iowait    %irq   %soft  %steal  %guest  %gnice   %idle
19:41:38     all   64.44    0.00   16.42    1.83    0.00    4.98    0.00    0.00    0.00   12.33
19:41:38       0   54.08    0.00   11.22    6.12    0.00    3.06    0.00    0.00    0.00   25.51
19:41:38       1   58.25    0.00   11.65    4.85    0.00    7.77    0.00    0.00    0.00   17.48
19:41:38       2   78.00    0.00   14.00    0.00    0.00    4.00    0.00    0.00    0.00    4.00
19:41:38       3   74.26    0.00   17.82    0.00    0.00    3.96    0.00    0.00    0.00    3.96
19:41:38       4   47.37    0.00   15.79    7.37    0.00    1.05    0.00    0.00    0.00   28.42
19:41:38       5   37.63    0.00   17.20   10.75    0.00    2.15    0.00    0.00    0.00   32.26
19:41:38       6   89.00    0.00    9.00    0.00    0.00    1.00    0.00    0.00    0.00    1.00
19:41:38       7   79.80    0.00   16.16    0.00    0.00    2.02    0.00    0.00    0.00    2.02
19:41:38       8   77.00    0.00   14.00    0.00    0.00    4.00    0.00    0.00    0.00    5.00
19:41:38       9   68.32    0.00   20.79    0.99    0.00    5.94    0.00    0.00    0.00    3.96
19:41:38      10   77.55    0.00   14.29    0.00    0.00    3.06    0.00    0.00    0.00    5.10
19:41:38      11   72.00    0.00   18.00    0.00    0.00    5.00    0.00    0.00    0.00    5.00
19:41:38      12   77.78    0.00   14.14    0.00    0.00    4.04    0.00    0.00    0.00    4.04
19:41:38      13   73.53    0.00   12.75    0.98    0.00    3.92    0.00    0.00    0.00    8.82
19:41:38      14   75.76    0.00   19.19    0.00    0.00    3.03    0.00    0.00    0.00    2.02
19:41:38      15   75.00    0.00   17.00    0.00    0.00    5.00    0.00    0.00    0.00    3.00
19:41:38      16   54.37    0.00   11.65    5.83    0.00    4.85    0.00    0.00    0.00   23.30
19:41:38      17  100.00    0.00    0.00    0.00    0.00    0.00    0.00    0.00    0.00    0.00
19:41:38      18   78.43    0.00   12.75    0.00    0.00    3.92    0.00    0.00    0.00    4.90
19:41:38      19   75.25    0.00   12.87    0.99    0.00    5.94    0.00    0.00    0.00    4.95
19:41:38      20   43.30    0.00   15.46   11.34    0.00    4.12    0.00    0.00    0.00   25.77
19:41:38      21   44.90    0.00   14.29    7.14    0.00    6.12    0.00    0.00    0.00   27.55
19:41:38      22   88.89    0.00    9.09    0.00    0.00    1.01    0.00    0.00    0.00    1.01
19:41:38      23   71.29    0.00   17.82    0.00    0.00    7.92    0.00    0.00    0.00    2.97
19:41:38      24   37.89    0.00   36.84    0.00    0.00    5.26    0.00    0.00    0.00   20.00
19:41:38      25   56.25    0.00   22.92    0.00    0.00    7.29    0.00    0.00    0.00   13.54
19:41:38      26   43.00    0.00   19.00    1.00    0.00    9.00    0.00    0.00    0.00   28.00
19:41:38      27   42.86    0.00   17.35    1.02    0.00    8.16    0.00    0.00    0.00   30.61
19:41:38      28   52.04    0.00   21.43    1.02    0.00    5.10    0.00    0.00    0.00   20.41
19:41:38      29   52.53    0.00   24.24    0.00    0.00    9.09    0.00    0.00    0.00   14.14
19:41:38      30   55.10    0.00   22.45    0.00    0.00    9.18    0.00    0.00    0.00   13.27
19:41:38      31   44.44    0.00   26.26    0.00    0.00   13.13    0.00    0.00    0.00   16.16

19:41:38     CPU    %usr   %nice    %sys %iowait    %irq   %soft  %steal  %guest  %gnice   %idle
19:41:39     all   64.28    0.00   16.17    2.27    0.00    4.87    0.00    0.00    0.00   12.42
19:41:39       0   72.55    0.00   18.63    0.00    0.00    6.86    0.00    0.00    0.00    1.96
19:41:39       1   75.76    0.00   16.16    0.00    0.00    6.06    0.00    0.00    0.00    2.02
19:41:39       2   61.62    0.00   13.13    3.03    0.00    4.04    0.00    0.00    0.00   18.18
19:41:39       3   62.89    0.00   12.37    3.09    0.00    4.12    0.00    0.00    0.00   17.53
19:41:39       4   29.47    0.00   15.79   16.84    0.00    3.16    0.00    0.00    0.00   34.74
19:41:39       5   39.36    0.00   10.64   13.83    0.00    2.13    0.00    0.00    0.00   34.04
19:41:39       6   86.14    0.00    7.92    0.00    0.00    4.95    0.00    0.00    0.00    0.99
19:41:39       7   74.00    0.00   20.00    0.00    0.00    4.00    0.00    0.00    0.00    2.00
19:41:39       8   81.00    0.00   15.00    0.00    0.00    2.00    0.00    0.00    0.00    2.00
19:41:39       9   79.00    0.00   15.00    0.00    0.00    5.00    0.00    0.00    0.00    1.00
19:41:39      10   75.76    0.00   15.15    0.00    0.00    4.04    0.00    0.00    0.00    5.05
19:41:39      11   84.85    0.00   11.11    0.00    0.00    2.02    0.00    0.00    0.00    2.02
19:41:39      12   72.00    0.00   21.00    0.00    0.00    5.00    0.00    0.00    0.00    2.00
19:41:39      13   74.49    0.00   20.41    0.00    0.00    4.08    0.00    0.00    0.00    1.02
19:41:39      14   76.77    0.00   15.15    0.00    0.00    6.06    0.00    0.00    0.00    2.02
19:41:39      15   79.00    0.00   18.00    0.00    0.00    2.00    0.00    0.00    0.00    1.00
19:41:39      16   80.00    0.00   16.00    0.00    0.00    3.00    0.00    0.00    0.00    1.00
19:41:39      17   98.00    0.00    2.00    0.00    0.00    0.00    0.00    0.00    0.00    0.00
19:41:39      18   57.73    0.00   17.53    4.12    0.00    1.03    0.00    0.00    0.00   19.59
19:41:39      19   59.18    0.00   12.24    4.08    0.00    5.10    0.00    0.00    0.00   19.39
19:41:39      20   26.67    0.00   13.33   17.78    0.00    3.33    0.00    0.00    0.00   38.89
19:41:39      21   27.27    0.00   15.91   13.64    0.00    2.27    0.00    0.00    0.00   40.91
19:41:39      22   87.88    0.00    9.09    0.00    0.00    2.02    0.00    0.00    0.00    1.01
19:41:39      23   78.00    0.00   14.00    0.00    0.00    6.00    0.00    0.00    0.00    2.00
19:41:39      24   40.21    0.00   16.49    0.00    0.00    6.19    0.00    0.00    0.00   37.11
19:41:39      25   52.69    0.00   18.28    0.00    0.00    6.45    0.00    0.00    0.00   22.58
19:41:39      26   51.02    0.00   25.51    0.00    0.00    9.18    0.00    0.00    0.00   14.29
19:41:39      27   48.45    0.00   24.74    0.00    0.00   11.34    0.00    0.00    0.00   15.46
19:41:39      28   48.45    0.00   20.62    0.00    0.00    6.19    0.00    0.00    0.00   24.74
19:41:39      29   50.00    0.00   23.47    0.00    0.00   11.22    0.00    0.00    0.00   15.31
19:41:39      30   57.89    0.00   24.21    0.00    0.00    7.37    0.00    0.00    0.00   10.53
19:41:39      31   53.68    0.00   18.95    0.00    0.00    9.47    0.00    0.00    0.00   17.89

19:41:39     CPU    %usr   %nice    %sys %iowait    %irq   %soft  %steal  %guest  %gnice   %idle
19:41:40     all   64.83    0.00   17.00    2.33    0.00    4.76    0.00    0.00    0.00   11.07
19:41:40       0   72.73    0.00   18.18    0.00    0.00    6.06    0.00    0.00    0.00    3.03
19:41:40       1   76.24    0.00   17.82    0.00    0.00    2.97    0.00    0.00    0.00    2.97
19:41:40       2   78.00    0.00   14.00    0.00    0.00    4.00    0.00    0.00    0.00    4.00
19:41:40       3   75.00    0.00   18.00    0.00    0.00    3.00    0.00    0.00    0.00    4.00
19:41:40       4   25.77    0.00   19.59   18.56    0.00    4.12    0.00    0.00    0.00   31.96
19:41:40       5   30.93    0.00   14.43   14.43    0.00    4.12    0.00    0.00    0.00   36.08
19:41:40       6   98.99    0.00    1.01    0.00    0.00    0.00    0.00    0.00    0.00    0.00
19:41:40       7   76.77    0.00   18.18    0.00    0.00    3.03    0.00    0.00    0.00    2.02
19:41:40       8   68.00    0.00   17.00    1.00    0.00    3.00    0.00    0.00    0.00   11.00
19:41:40       9   67.35    0.00   16.33    2.04    0.00    6.12    0.00    0.00    0.00    8.16
19:41:40      10   78.22    0.00   12.87    0.00    0.00    5.94    0.00    0.00    0.00    2.97
19:41:40      11   78.00    0.00   16.00    0.00    0.00    3.00    0.00    0.00    0.00    3.00
19:41:40      12   78.22    0.00   16.83    0.00    0.00    0.99    0.00    0.00    0.00    3.96
19:41:40      13   79.00    0.00   15.00    0.00    0.00    2.00    0.00    0.00    0.00    4.00
19:41:40      14   77.23    0.00   15.84    0.00    0.00    3.96    0.00    0.00    0.00    2.97
19:41:40      15   69.70    0.00   19.19    0.00    0.00    2.02    0.00    0.00    0.00    9.09
19:41:40      16   74.75    0.00   18.18    0.00    0.00    4.04    0.00    0.00    0.00    3.03
19:41:40      17   98.00    0.00    2.00    0.00    0.00    0.00    0.00    0.00    0.00    0.00
19:41:40      18   75.76    0.00   21.21    0.00    0.00    1.01    0.00    0.00    0.00    2.02
19:41:40      19   72.28    0.00   18.81    0.00    0.00    4.95    0.00    0.00    0.00    3.96
19:41:40      20   34.00    0.00   16.00   14.00    0.00    2.00    0.00    0.00    0.00   34.00
19:41:40      21   28.26    0.00   14.13   25.00    0.00    1.09    0.00    0.00    0.00   31.52
19:41:40      22   75.00    0.00   16.00    0.00    0.00    6.00    0.00    0.00    0.00    3.00
19:41:40      23   74.00    0.00   21.00    0.00    0.00    3.00    0.00    0.00    0.00    2.00
19:41:40      24   50.00    0.00   19.61    0.98    0.00   10.78    0.00    0.00    0.00   18.63
19:41:40      25   43.75    0.00   25.00    1.04    0.00    6.25    0.00    0.00    0.00   23.96
19:41:40      26   50.52    0.00   23.71    0.00    0.00    8.25    0.00    0.00    0.00   17.53
19:41:40      27   52.08    0.00   20.83    0.00    0.00   10.42    0.00    0.00    0.00   16.67
19:41:40      28   50.50    0.00   19.80    0.00    0.00    8.91    0.00    0.00    0.00   20.79
19:41:40      29   56.00    0.00   20.00    0.00    0.00   11.00    0.00    0.00    0.00   13.00
19:41:40      30   52.08    0.00   18.75    0.00    0.00    8.33    0.00    0.00    0.00   20.83
19:41:40      31   50.51    0.00   19.19    0.00    0.00   12.12    0.00    0.00    0.00   18.18

19:41:40     CPU    %usr   %nice    %sys %iowait    %irq   %soft  %steal  %guest  %gnice   %idle
19:41:41     all   66.67    0.00   15.70    2.02    0.00    4.82    0.00    0.00    0.00   10.79
19:41:41       0   76.24    0.00   15.84    0.00    0.00    3.96    0.00    0.00    0.00    3.96
19:41:41       1   88.00    0.00   10.00    0.00    0.00    1.00    0.00    0.00    0.00    1.00
19:41:41       2   72.28    0.00   15.84    0.00    0.00    5.94    0.00    0.00    0.00    5.94
19:41:41       3   73.74    0.00   14.14    0.00    0.00    3.03    0.00    0.00    0.00    9.09
19:41:41       4   38.30    0.00   20.21   12.77    0.00    1.06    0.00    0.00    0.00   27.66
19:41:41       5   36.78    0.00   11.49   11.49    0.00    2.30    0.00    0.00    0.00   37.93
19:41:41       6   98.02    0.00    0.99    0.00    0.00    0.00    0.00    0.00    0.00    0.99
19:41:41       7   77.78    0.00   16.16    0.00    0.00    2.02    0.00    0.00    0.00    4.04
19:41:41       8   81.00    0.00   14.00    1.00    0.00    1.00    0.00    0.00    0.00    3.00
19:41:41       9   71.57    0.00   15.69    2.94    0.00    3.92    0.00    0.00    0.00    5.88
19:41:41      10   82.18    0.00    9.90    0.00    0.00    2.97    0.00    0.00    0.00    4.95
19:41:41      11   77.45    0.00   12.75    0.00    0.00    4.90    0.00    0.00    0.00    4.90
19:41:41      12   75.76    0.00   17.17    0.00    0.00    3.03    0.00    0.00    0.00    4.04
19:41:41      13   78.00    0.00   16.00    0.00    0.00    2.00    0.00    0.00    0.00    4.00
19:41:41      14   77.00    0.00   15.00    0.00    0.00    4.00    0.00    0.00    0.00    4.00
19:41:41      15   72.00    0.00   18.00    1.00    0.00    3.00    0.00    0.00    0.00    6.00
19:41:41      16   76.24    0.00   14.85    0.00    0.00    4.95    0.00    0.00    0.00    3.96
19:41:41      17   83.84    0.00    9.09    1.01    0.00    3.03    0.00    0.00    0.00    3.03
19:41:41      18   74.26    0.00   14.85    0.00    0.00    4.95    0.00    0.00    0.00    5.94
19:41:41      19   80.81    0.00   11.11    0.00    0.00    4.04    0.00    0.00    0.00    4.04
19:41:41      20   40.22    0.00   14.13   13.04    0.00    4.35    0.00    0.00    0.00   28.26
19:41:41      21   37.50    0.00   16.67    9.38    0.00    2.08    0.00    0.00    0.00   34.38
19:41:41      22   76.00    0.00   18.00    0.00    0.00    4.00    0.00    0.00    0.00    2.00
19:41:41      23   74.26    0.00   15.84    0.00    0.00    5.94    0.00    0.00    0.00    3.96
19:41:41      24   37.37    0.00   13.13    4.04    0.00    9.09    0.00    0.00    0.00   36.36
19:41:41      25   42.31    0.00   23.08   10.58    0.00    6.73    0.00    0.00    0.00   17.31
19:41:41      26   52.08    0.00   20.83    0.00    0.00    7.29    0.00    0.00    0.00   19.79
19:41:41      27   55.56    0.00   21.21    0.00    0.00    8.08    0.00    0.00    0.00   15.15
19:41:41      28   56.00    0.00   20.00    0.00    0.00   12.00    0.00    0.00    0.00   12.00
19:41:41      29   52.48    0.00   26.73    0.00    0.00    8.91    0.00    0.00    0.00   11.88
19:41:41      30   51.49    0.00   22.77    0.00    0.00   12.87    0.00    0.00    0.00   12.87
19:41:41      31   57.29    0.00   16.67    0.00    0.00   11.46    0.00    0.00    0.00   14.58

19:41:41     CPU    %usr   %nice    %sys %iowait    %irq   %soft  %steal  %guest  %gnice   %idle
19:41:42     all   65.73    0.00   17.84    1.72    0.00    5.99    0.00    0.00    0.00    8.72
19:41:42       0   81.44    0.00   14.43    0.00    0.00    2.06    0.00    0.00    0.00    2.06
19:41:42       1   84.85    0.00   10.10    0.00    0.00    0.00    0.00    0.00    0.00    5.05
19:41:42       2   73.00    0.00   16.00    0.00    0.00    7.00    0.00    0.00    0.00    4.00
19:41:42       3   56.44    0.00   15.84    3.96    0.00    4.95    0.00    0.00    0.00   18.81
19:41:42       4   74.76    0.00   15.53    0.00    0.00    5.83    0.00    0.00    0.00    3.88
19:41:42       5   68.69    0.00   20.20    0.00    0.00    4.04    0.00    0.00    0.00    7.07
19:41:42       6   98.99    0.00    1.01    0.00    0.00    0.00    0.00    0.00    0.00    0.00
19:41:42       7   71.29    0.00   22.77    0.00    0.00    3.96    0.00    0.00    0.00    1.98
19:41:42       8   35.29    0.00   12.75   10.78    0.00    5.88    0.00    0.00    0.00   35.29
19:41:42       9   39.78    0.00    9.68   13.98    0.00    3.23    0.00    0.00    0.00   33.33
19:41:42      10   75.25    0.00   17.82    0.00    0.00    4.95    0.00    0.00    0.00    1.98
19:41:42      11   73.74    0.00   17.17    0.00    0.00    6.06    0.00    0.00    0.00    3.03
19:41:42      12   75.25    0.00   17.82    0.00    0.00    3.96    0.00    0.00    0.00    2.97
19:41:42      13   66.34    0.00   25.74    0.00    0.00    5.94    0.00    0.00    0.00    1.98
19:41:42      14   69.61    0.00   20.59    0.00    0.00    4.90    0.00    0.00    0.00    4.90
19:41:42      15   75.25    0.00   13.86    0.00    0.00    7.92    0.00    0.00    0.00    2.97
19:41:42      16   73.79    0.00   18.45    0.97    0.00    4.85    0.00    0.00    0.00    1.94
19:41:42      17   92.00    0.00    5.00    0.00    0.00    1.00    0.00    0.00    0.00    2.00
19:41:42      18   71.00    0.00   18.00    0.00    0.00    6.00    0.00    0.00    0.00    5.00
19:41:42      19   63.64    0.00   20.20    2.02    0.00    5.05    0.00    0.00    0.00    9.09
19:41:42      20   70.41    0.00   19.39    0.00    0.00    4.08    0.00    0.00    0.00    6.12
19:41:42      21   70.00    0.00   21.00    0.00    0.00    4.00    0.00    0.00    0.00    5.00
19:41:42      22   78.79    0.00   17.17    0.00    0.00    2.02    0.00    0.00    0.00    2.02
19:41:42      23   66.00    0.00   28.00    1.00    0.00    3.00    0.00    0.00    0.00    2.00
19:41:42      24   23.47    0.00   11.22   10.20    0.00    6.12    0.00    0.00    0.00   48.98
19:41:42      25   21.98    0.00    9.89   14.29    0.00    5.49    0.00    0.00    0.00   48.35
19:41:42      26   58.59    0.00   23.23    0.00    0.00   13.13    0.00    0.00    0.00    5.05
19:41:42      27   56.86    0.00   25.49    0.00    0.00   13.73    0.00    0.00    0.00    3.92
19:41:42      28   61.62    0.00   22.22    0.00    0.00   14.14    0.00    0.00    0.00    2.02
19:41:42      29   57.43    0.00   23.76    0.00    0.00   15.84    0.00    0.00    0.00    2.97
19:41:42      30   58.59    0.00   25.25    0.00    0.00   11.11    0.00    0.00    0.00    5.05
19:41:42      31   53.92    0.00   29.41    0.00    0.00   10.78    0.00    0.00    0.00    5.88

19:41:42     CPU    %usr   %nice    %sys %iowait    %irq   %soft  %steal  %guest  %gnice   %idle
19:41:43     all   65.19    0.00   16.38    2.46    0.00    4.76    0.00    0.00    0.00   11.22
19:41:43       0   75.73    0.00   16.50    1.94    0.00    1.94    0.00    0.00    0.00    3.88
19:41:43       1   79.21    0.00   12.87    1.98    0.00    0.99    0.00    0.00    0.00    4.95
19:41:43       2   41.00    0.00   14.00   16.00    0.00    5.00    0.00    0.00    0.00   24.00
19:41:43       3   41.58    0.00   10.89   16.83    0.00    2.97    0.00    0.00    0.00   27.72
19:41:43       4   77.23    0.00   16.83    0.00    0.00    2.97    0.00    0.00    0.00    2.97
19:41:43       5   72.00    0.00   18.00    0.00    0.00    4.00    0.00    0.00    0.00    6.00
19:41:43       6   98.00    0.00    2.00    0.00    0.00    0.00    0.00    0.00    0.00    0.00
19:41:43       7   75.51    0.00   21.43    0.00    0.00    2.04    0.00    0.00    0.00    1.02
19:41:43       8   57.00    0.00   16.00    1.00    0.00    1.00    0.00    0.00    0.00   25.00
19:41:43       9   63.64    0.00   10.10    0.00    0.00    3.03    0.00    0.00    0.00   23.23
19:41:43      10   80.81    0.00   15.15    0.00    0.00    2.02    0.00    0.00    0.00    2.02
19:41:43      11   78.22    0.00   16.83    0.00    0.00    2.97    0.00    0.00    0.00    1.98
19:41:43      12   76.77    0.00   17.17    0.00    0.00    4.04    0.00    0.00    0.00    2.02
19:41:43      13   77.00    0.00   16.00    0.00    0.00    4.00    0.00    0.00    0.00    3.00
19:41:43      14   75.25    0.00   15.84    0.00    0.00    5.94    0.00    0.00    0.00    2.97
19:41:43      15   81.00    0.00   13.00    0.00    0.00    5.00    0.00    0.00    0.00    1.00
19:41:43      16   73.74    0.00   16.16    1.01    0.00    3.03    0.00    0.00    0.00    6.06
19:41:43      17   90.91    0.00    6.06    0.00    0.00    1.01    0.00    0.00    0.00    2.02
19:41:43      18   41.67    0.00   11.46   14.58    0.00    3.12    0.00    0.00    0.00   29.17
19:41:43      19   38.14    0.00   14.43   22.68    0.00    3.09    0.00    0.00    0.00   21.65
19:41:43      20   76.29    0.00   15.46    0.00    0.00    4.12    0.00    0.00    0.00    4.12
19:41:43      21   78.00    0.00   12.00    0.00    0.00    5.00    0.00    0.00    0.00    5.00
19:41:43      22   75.76    0.00   19.19    0.00    0.00    3.03    0.00    0.00    0.00    2.02
19:41:43      23   62.00    0.00   34.00    0.00    0.00    3.00    0.00    0.00    0.00    1.00
19:41:43      24   32.22    0.00    7.78    1.11    0.00    4.44    0.00    0.00    0.00   54.44
19:41:43      25   30.93    0.00   12.37    2.06    0.00    5.15    0.00    0.00    0.00   49.48
19:41:43      26   51.49    0.00   28.71    0.00    0.00    9.90    0.00    0.00    0.00    9.90
19:41:43      27   56.25    0.00   20.83    0.00    0.00    9.38    0.00    0.00    0.00   13.54
19:41:43      28   60.00    0.00   18.00    0.00    0.00   14.00    0.00    0.00    0.00    8.00
19:41:43      29   55.00    0.00   26.00    0.00    0.00   12.00    0.00    0.00    0.00    7.00
19:41:43      30   52.00    0.00   26.00    0.00    0.00   12.00    0.00    0.00    0.00   10.00
19:41:43      31   56.00    0.00   22.00    0.00    0.00   12.00    0.00    0.00    0.00   10.00

Average:     CPU    %usr   %nice    %sys %iowait    %irq   %soft  %steal  %guest  %gnice   %idle
Average:     all   60.94    0.00   15.65    1.96    0.00    4.52    0.00    0.00    0.00   16.93
Average:       0   62.19    0.00   13.69    4.07    0.00    2.47    0.00    0.00    0.00   17.58
Average:       1   57.01    0.00   13.10    4.78    0.00    5.31    0.00    0.00    0.00   19.80
Average:       2   66.48    0.00   12.61    1.70    0.00    3.27    0.00    0.00    0.00   15.94
Average:       3   61.52    0.00   15.78    1.83    0.00    3.45    0.00    0.00    0.00   17.42
Average:       4   60.49    0.00   15.27    3.72    0.00    2.96    0.00    0.00    0.00   17.56
Average:       5   59.92    0.00   13.70    3.91    0.00    3.01    0.00    0.00    0.00   19.46
Average:       6   68.97    0.00   15.17    1.03    0.00    3.25    0.00    0.00    0.00   11.59
Average:       7   65.98    0.00   16.48    1.26    0.00    3.47    0.00    0.00    0.00   12.81
Average:       8   59.00    0.00   15.68    2.74    0.00    2.91    0.00    0.00    0.00   19.68
Average:       9   61.81    0.00   14.16    4.47    0.00    3.40    0.00    0.00    0.00   16.17
Average:      10   65.67    0.00   14.11    0.99    0.00    3.47    0.00    0.00    0.00   15.75
Average:      11   66.31    0.00   13.91    1.36    0.00    3.81    0.00    0.00    0.00   14.61
Average:      12   66.03    0.00   14.73    1.18    0.00    3.18    0.00    0.00    0.00   14.88
Average:      13   66.76    0.00   14.21    1.24    0.00    3.74    0.00    0.00    0.00   14.05
Average:      14   64.46    0.00   16.40    1.01    0.00    3.38    0.00    0.00    0.00   14.75
Average:      15   64.60    0.00   15.08    0.99    0.00    3.63    0.00    0.00    0.00   15.71
Average:      16   62.92    0.00   11.58    4.47    0.00    1.96    0.00    0.00    0.00   19.06
Average:      17   57.32    0.00   13.87    5.49    0.00    2.20    0.00    0.00    0.00   21.12
Average:      18   76.97    0.00   10.30    1.09    0.00    2.11    0.00    0.00    0.00    9.53
Average:      19   65.10    0.00   15.16    2.08    0.00    3.47    0.00    0.00    0.00   14.20
Average:      20   59.91    0.00   14.84    3.83    0.00    2.98    0.00    0.00    0.00   18.45
Average:      21   56.87    0.00   14.45    3.88    0.00    3.33    0.00    0.00    0.00   21.47
Average:      22   68.12    0.00   15.30    1.12    0.00    3.26    0.00    0.00    0.00   12.20
Average:      23   65.06    0.00   17.10    1.29    0.00    3.39    0.00    0.00    0.00   13.15
Average:      24   49.91    0.00   18.94    0.87    0.00    7.98    0.00    0.00    0.00   22.29
Average:      25   49.49    0.00   18.35    0.95    0.00    8.33    0.00    0.00    0.00   22.88
Average:      26   54.01    0.00   19.43    0.14    0.00    8.42    0.00    0.00    0.00   18.00
Average:      27   53.69    0.00   19.63    0.33    0.00    8.20    0.00    0.00    0.00   18.15
Average:      28   53.11    0.00   19.25    0.39    0.00    8.42    0.00    0.00    0.00   18.83
Average:      29   53.13    0.00   19.92    0.38    0.00    8.54    0.00    0.00    0.00   18.04
Average:      30   53.61    0.00   19.28    0.09    0.00    8.50    0.00    0.00    0.00   18.51
Average:      31   53.02    0.00   19.39    0.14    0.00    8.76    0.00    0.00    0.00   18.68
