Linux 5.15.0-177-generic (node0.paper.datacntr-effcy-pg0.utah.cloudlab.us) 	07/11/26 	_x86_64_	(32 CPU)

00:22:01     CPU    %usr   %nice    %sys %iowait    %irq   %soft  %steal  %guest  %gnice   %idle
00:22:02     all    2.78    0.00    0.44    0.06    0.00    0.09    0.00    0.00    0.00   96.62
00:22:02       0    1.00    0.00    0.00    0.00    0.00    1.00    0.00    0.00    0.00   98.00
00:22:02       1    0.99    0.00    0.99    0.00    0.00    0.99    0.00    0.00    0.00   97.03
00:22:02       2    0.00    0.00    0.00    0.00    0.00    0.00    0.00    0.00    0.00  100.00
00:22:02       3    0.00    0.00    1.00    0.00    0.00    0.00    0.00    0.00    0.00   99.00
00:22:02       4    0.00    0.00    0.99    0.00    0.00    0.99    0.00    0.00    0.00   98.02
00:22:02       5    0.00    0.00    0.00    0.00    0.00    0.00    0.00    0.00    0.00  100.00
00:22:02       6    0.00    0.00    0.99    0.00    0.00    0.00    0.00    0.00    0.00   99.01
00:22:02       7    0.00    0.00    0.00    0.00    0.00    0.00    0.00    0.00    0.00  100.00
00:22:02       8    0.00    0.00    0.00    0.00    0.00    0.00    0.00    0.00    0.00  100.00
00:22:02       9    0.00    0.00    0.00    0.00    0.00    0.00    0.00    0.00    0.00  100.00
00:22:02      10    0.00    0.00    0.00    0.00    0.00    0.00    0.00    0.00    0.00  100.00
00:22:02      11    0.00    0.00    1.01    0.00    0.00    0.00    0.00    0.00    0.00   98.99
00:22:02      12    0.99    0.00    0.99    0.00    0.00    0.00    0.00    0.00    0.00   98.02
00:22:02      13    0.00    0.00    0.00    0.00    0.00    0.00    0.00    0.00    0.00  100.00
00:22:02      14   81.63    0.00    0.00    0.00    0.00    0.00    0.00    0.00    0.00   18.37
00:22:02      15    0.99    0.00    0.99    0.99    0.00    0.00    0.00    0.00    0.00   97.03
00:22:02      16    0.00    0.00    0.00    0.00    0.00    0.00    0.00    0.00    0.00  100.00
00:22:02      17    0.00    0.00    0.00    0.00    0.00    0.00    0.00    0.00    0.00  100.00
00:22:02      18    0.00    0.00    1.00    0.00    0.00    0.00    0.00    0.00    0.00   99.00
00:22:02      19    0.00    0.00    0.00    0.00    0.00    0.00    0.00    0.00    0.00  100.00
00:22:02      20    0.00    0.00    0.99    0.00    0.00    0.00    0.00    0.00    0.00   99.01
00:22:02      21    0.98    0.00    0.98    0.00    0.00    0.00    0.00    0.00    0.00   98.04
00:22:02      22    0.00    0.00    0.00    0.00    0.00    0.00    0.00    0.00    0.00  100.00
00:22:02      23    0.00    0.00    1.00    0.00    0.00    0.00    0.00    0.00    0.00   99.00
00:22:02      24    2.97    0.00    0.99    0.00    0.00    0.00    0.00    0.00    0.00   96.04
00:22:02      25    0.00    0.00    1.01    0.00    0.00    0.00    0.00    0.00    0.00   98.99
00:22:02      26    0.00    0.00    0.00    0.00    0.00    0.00    0.00    0.00    0.00  100.00
00:22:02      27    0.00    0.00    0.00    0.00    0.00    0.00    0.00    0.00    0.00  100.00
00:22:02      28    0.00    0.00    0.00    0.00    0.00    0.00    0.00    0.00    0.00  100.00
00:22:02      29    0.00    0.00    0.00    0.00    0.00    0.00    0.00    0.00    0.00  100.00
00:22:02      30    1.01    0.00    0.00    0.00    0.00    0.00    0.00    0.00    0.00   98.99
00:22:02      31    0.00    0.00    1.00    1.00    0.00    0.00    0.00    0.00    0.00   98.00

00:22:02     CPU    %usr   %nice    %sys %iowait    %irq   %soft  %steal  %guest  %gnice   %idle
00:22:03     all    3.12    0.00    0.06    0.00    0.00    0.00    0.00    0.00    0.00   96.81
00:22:03       0    0.00    0.00    0.00    0.00    0.00    0.00    0.00    0.00    0.00  100.00
00:22:03       1    0.00    0.00    0.00    0.00    0.00    0.00    0.00    0.00    0.00  100.00
00:22:03       2    0.00    0.00    0.00    0.00    0.00    0.00    0.00    0.00    0.00  100.00
00:22:03       3    0.00    0.00    0.00    0.00    0.00    0.00    0.00    0.00    0.00  100.00
00:22:03       4    0.00    0.00    0.00    0.00    0.00    0.00    0.00    0.00    0.00  100.00
00:22:03       5    0.00    0.00    0.00    0.00    0.00    0.00    0.00    0.00    0.00  100.00
00:22:03       6    0.00    0.00    0.00    0.00    0.00    0.00    0.00    0.00    0.00  100.00
00:22:03       7    0.00    0.00    0.00    0.00    0.00    0.00    0.00    0.00    0.00  100.00
00:22:03       8    0.00    0.00    0.99    0.00    0.00    0.00    0.00    0.00    0.00   99.01
00:22:03       9    0.00    0.00    0.00    0.00    0.00    0.00    0.00    0.00    0.00  100.00
00:22:03      10    0.00    0.00    0.00    0.00    0.00    0.00    0.00    0.00    0.00  100.00
00:22:03      11    0.00    0.00    0.00    0.00    0.00    0.00    0.00    0.00    0.00  100.00
00:22:03      12    0.00    0.00    0.00    0.00    0.00    0.00    0.00    0.00    0.00  100.00
00:22:03      13    0.00    0.00    0.99    0.00    0.00    0.00    0.00    0.00    0.00   99.01
00:22:03      14  100.00    0.00    0.00    0.00    0.00    0.00    0.00    0.00    0.00    0.00
00:22:03      15    0.00    0.00    0.00    0.00    0.00    0.00    0.00    0.00    0.00  100.00
00:22:03      16    0.00    0.00    0.00    0.00    0.00    0.00    0.00    0.00    0.00  100.00
00:22:03      17    0.00    0.00    0.00    0.00    0.00    0.00    0.00    0.00    0.00  100.00
00:22:03      18    0.00    0.00    0.00    0.00    0.00    0.00    0.00    0.00    0.00  100.00
00:22:03      19    0.00    0.00    0.00    0.00    0.00    0.00    0.00    0.00    0.00  100.00
00:22:03      20    0.00    0.00    0.00    0.00    0.00    0.00    0.00    0.00    0.00  100.00
00:22:03      21    0.00    0.00    0.00    0.00    0.00    0.00    0.00    0.00    0.00  100.00
00:22:03      22    0.00    0.00    0.00    0.00    0.00    0.00    0.00    0.00    0.00  100.00
00:22:03      23    0.00    0.00    0.00    0.00    0.00    0.00    0.00    0.00    0.00  100.00
00:22:03      24    0.00    0.00    0.00    0.00    0.00    0.00    0.00    0.00    0.00  100.00
00:22:03      25    0.00    0.00    0.00    0.00    0.00    0.00    0.00    0.00    0.00  100.00
00:22:03      26    0.00    0.00    0.00    0.00    0.00    0.00    0.00    0.00    0.00  100.00
00:22:03      27    0.00    0.00    0.00    0.00    0.00    0.00    0.00    0.00    0.00  100.00
00:22:03      28    0.00    0.00    0.00    0.00    0.00    0.00    0.00    0.00    0.00  100.00
00:22:03      29    0.00    0.00    0.00    0.00    0.00    0.00    0.00    0.00    0.00  100.00
00:22:03      30    0.00    0.00    0.00    0.00    0.00    0.00    0.00    0.00    0.00  100.00
00:22:03      31    0.00    0.00    0.00    0.00    0.00    0.00    0.00    0.00    0.00  100.00

00:22:03     CPU    %usr   %nice    %sys %iowait    %irq   %soft  %steal  %guest  %gnice   %idle
00:22:04     all    3.16    0.00    0.00    0.00    0.00    0.00    0.00    0.00    0.00   96.84
00:22:04       0    0.00    0.00    0.00    0.00    0.00    0.00    0.00    0.00    0.00  100.00
00:22:04       1    0.00    0.00    0.00    0.00    0.00    0.00    0.00    0.00    0.00  100.00
00:22:04       2    0.00    0.00    0.00    0.00    0.00    0.00    0.00    0.00    0.00  100.00
00:22:04       3    0.00    0.00    0.00    0.00    0.00    0.00    0.00    0.00    0.00  100.00
00:22:04       4    0.00    0.00    0.00    0.00    0.00    0.00    0.00    0.00    0.00  100.00
00:22:04       5    0.00    0.00    0.00    0.00    0.00    0.00    0.00    0.00    0.00  100.00
00:22:04       6    0.00    0.00    0.00    0.00    0.00    0.00    0.00    0.00    0.00  100.00
00:22:04       7    0.00    0.00    0.00    0.00    0.00    0.00    0.00    0.00    0.00  100.00
00:22:04       8    0.00    0.00    0.00    0.00    0.00    0.00    0.00    0.00    0.00  100.00
00:22:04       9    0.00    0.00    0.00    0.00    0.00    0.00    0.00    0.00    0.00  100.00
00:22:04      10    0.00    0.00    0.00    0.00    0.00    0.00    0.00    0.00    0.00  100.00
00:22:04      11    0.99    0.00    0.00    0.00    0.00    0.00    0.00    0.00    0.00   99.01
00:22:04      12    0.00    0.00    0.00    0.00    0.00    0.00    0.00    0.00    0.00  100.00
00:22:04      13    0.00    0.00    0.00    0.00    0.00    0.00    0.00    0.00    0.00  100.00
00:22:04      14  100.00    0.00    0.00    0.00    0.00    0.00    0.00    0.00    0.00    0.00
00:22:04      15    0.00    0.00    0.00    0.00    0.00    0.00    0.00    0.00    0.00  100.00
00:22:04      16    0.00    0.00    0.00    0.00    0.00    0.00    0.00    0.00    0.00  100.00
00:22:04      17    0.00    0.00    0.00    0.00    0.00    0.00    0.00    0.00    0.00  100.00
00:22:04      18    0.00    0.00    0.00    0.00    0.00    0.00    0.00    0.00    0.00  100.00
00:22:04      19    0.00    0.00    0.00    0.00    0.00    0.00    0.00    0.00    0.00  100.00
00:22:04      20    0.00    0.00    0.00    0.00    0.00    0.00    0.00    0.00    0.00  100.00
00:22:04      21    0.00    0.00    0.00    0.00    0.00    0.00    0.00    0.00    0.00  100.00
00:22:04      22    0.00    0.00    0.00    0.00    0.00    0.00    0.00    0.00    0.00  100.00
00:22:04      23    0.00    0.00    0.00    0.00    0.00    0.00    0.00    0.00    0.00  100.00
00:22:04      24    0.00    0.00    0.00    0.00    0.00    0.00    0.00    0.00    0.00  100.00
00:22:04      25    0.00    0.00    0.00    0.00    0.00    0.00    0.00    0.00    0.00  100.00
00:22:04      26    0.00    0.00    0.00    0.00    0.00    0.00    0.00    0.00    0.00  100.00
00:22:04      27    0.00    0.00    0.00    0.00    0.00    0.00    0.00    0.00    0.00  100.00
00:22:04      28    0.00    0.00    0.00    0.00    0.00    0.00    0.00    0.00    0.00  100.00
00:22:04      29    0.00    0.00    0.00    0.00    0.00    0.00    0.00    0.00    0.00  100.00
00:22:04      30    0.00    0.00    0.00    0.00    0.00    0.00    0.00    0.00    0.00  100.00
00:22:04      31    0.00    0.00    0.00    0.00    0.00    0.00    0.00    0.00    0.00  100.00

00:22:04     CPU    %usr   %nice    %sys %iowait    %irq   %soft  %steal  %guest  %gnice   %idle
00:22:05     all    3.13    0.00    0.00    0.00    0.00    0.00    0.00    0.00    0.00   96.87
00:22:05       0    0.00    0.00    0.00    0.00    0.00    0.00    0.00    0.00    0.00  100.00
00:22:05       1    0.00    0.00    0.00    0.00    0.00    0.00    0.00    0.00    0.00  100.00
00:22:05       2    0.00    0.00    0.00    0.00    0.00    0.00    0.00    0.00    0.00  100.00
00:22:05       3    0.00    0.00    0.00    0.00    0.00    0.00    0.00    0.00    0.00  100.00
00:22:05       4    0.00    0.00    0.00    0.00    0.00    0.00    0.00    0.00    0.00  100.00
00:22:05       5    0.00    0.00    0.00    0.00    0.00    0.00    0.00    0.00    0.00  100.00
00:22:05       6    0.00    0.00    0.00    0.00    0.00    0.00    0.00    0.00    0.00  100.00
00:22:05       7    0.00    0.00    0.00    0.00    0.00    0.00    0.00    0.00    0.00  100.00
00:22:05       8    0.00    0.00    0.00    0.00    0.00    0.00    0.00    0.00    0.00  100.00
00:22:05       9    0.00    0.00    0.00    0.00    0.00    0.00    0.00    0.00    0.00  100.00
00:22:05      10    0.00    0.00    0.00    0.00    0.00    0.00    0.00    0.00    0.00  100.00
00:22:05      11    0.00    0.00    0.00    0.00    0.00    0.00    0.00    0.00    0.00  100.00
00:22:05      12    0.00    0.00    0.00    0.00    0.00    0.00    0.00    0.00    0.00  100.00
00:22:05      13    0.00    0.00    0.00    0.00    0.00    0.00    0.00    0.00    0.00  100.00
00:22:05      14  100.00    0.00    0.00    0.00    0.00    0.00    0.00    0.00    0.00    0.00
00:22:05      15    0.00    0.00    0.00    0.00    0.00    0.00    0.00    0.00    0.00  100.00
00:22:05      16    0.00    0.00    0.00    0.00    0.00    0.00    0.00    0.00    0.00  100.00
00:22:05      17    0.00    0.00    0.00    0.00    0.00    0.00    0.00    0.00    0.00  100.00
00:22:05      18    0.00    0.00    0.00    0.00    0.00    0.00    0.00    0.00    0.00  100.00
00:22:05      19    0.00    0.00    0.00    0.00    0.00    0.00    0.00    0.00    0.00  100.00
00:22:05      20    0.00    0.00    0.00    0.00    0.00    0.00    0.00    0.00    0.00  100.00
00:22:05      21    0.00    0.00    0.00    0.00    0.00    0.00    0.00    0.00    0.00  100.00
00:22:05      22    0.00    0.00    0.00    0.00    0.00    0.00    0.00    0.00    0.00  100.00
00:22:05      23    0.00    0.00    0.00    0.00    0.00    0.00    0.00    0.00    0.00  100.00
00:22:05      24    0.00    0.00    0.00    0.00    0.00    0.00    0.00    0.00    0.00  100.00
00:22:05      25    0.00    0.00    0.00    0.00    0.00    0.00    0.00    0.00    0.00  100.00
00:22:05      26    0.00    0.00    0.00    0.00    0.00    0.00    0.00    0.00    0.00  100.00
00:22:05      27    0.00    0.00    0.00    0.00    0.00    0.00    0.00    0.00    0.00  100.00
00:22:05      28    0.00    0.00    0.00    0.00    0.00    0.00    0.00    0.00    0.00  100.00
00:22:05      29    0.00    0.00    0.00    0.00    0.00    0.00    0.00    0.00    0.00  100.00
00:22:05      30    0.00    0.00    0.00    0.00    0.00    0.00    0.00    0.00    0.00  100.00
00:22:05      31    0.00    0.00    0.00    0.00    0.00    0.00    0.00    0.00    0.00  100.00

00:22:05     CPU    %usr   %nice    %sys %iowait    %irq   %soft  %steal  %guest  %gnice   %idle
00:22:06     all    3.13    0.00    0.00    0.00    0.00    0.00    0.00    0.00    0.00   96.87
00:22:06       0    0.00    0.00    0.00    0.00    0.00    0.00    0.00    0.00    0.00  100.00
00:22:06       1    0.00    0.00    0.00    0.00    0.00    0.00    0.00    0.00    0.00  100.00
00:22:06       2    0.00    0.00    0.00    0.00    0.00    0.00    0.00    0.00    0.00  100.00
00:22:06       3    0.00    0.00    0.00    0.00    0.00    0.00    0.00    0.00    0.00  100.00
00:22:06       4    0.00    0.00    0.00    0.00    0.00    0.00    0.00    0.00    0.00  100.00
00:22:06       5    0.00    0.00    0.00    0.00    0.00    0.00    0.00    0.00    0.00  100.00
00:22:06       6    0.00    0.00    0.00    0.00    0.00    0.00    0.00    0.00    0.00  100.00
00:22:06       7    0.00    0.00    0.00    0.00    0.00    0.00    0.00    0.00    0.00  100.00
00:22:06       8    0.00    0.00    0.00    0.00    0.00    0.00    0.00    0.00    0.00  100.00
00:22:06       9    0.00    0.00    0.00    0.00    0.00    0.00    0.00    0.00    0.00  100.00
00:22:06      10    0.00    0.00    0.00    0.00    0.00    0.00    0.00    0.00    0.00  100.00
00:22:06      11    0.00    0.00    0.00    0.00    0.00    0.00    0.00    0.00    0.00  100.00
00:22:06      12    0.00    0.00    0.00    0.00    0.00    0.00    0.00    0.00    0.00  100.00
00:22:06      13    0.00    0.00    0.00    0.00    0.00    0.00    0.00    0.00    0.00  100.00
00:22:06      14  100.00    0.00    0.00    0.00    0.00    0.00    0.00    0.00    0.00    0.00
00:22:06      15    0.00    0.00    0.00    0.00    0.00    0.00    0.00    0.00    0.00  100.00
00:22:06      16    0.00    0.00    0.00    0.00    0.00    0.00    0.00    0.00    0.00  100.00
00:22:06      17    0.00    0.00    0.00    0.00    0.00    0.00    0.00    0.00    0.00  100.00
00:22:06      18    0.00    0.00    0.00    0.00    0.00    0.00    0.00    0.00    0.00  100.00
00:22:06      19    0.00    0.00    0.00    0.00    0.00    0.00    0.00    0.00    0.00  100.00
00:22:06      20    0.00    0.00    0.00    0.00    0.00    0.00    0.00    0.00    0.00  100.00
00:22:06      21    0.00    0.00    0.00    0.00    0.00    0.00    0.00    0.00    0.00  100.00
00:22:06      22    0.00    0.00    0.00    0.00    0.00    0.00    0.00    0.00    0.00  100.00
00:22:06      23    0.00    0.00    0.00    0.00    0.00    0.00    0.00    0.00    0.00  100.00
00:22:06      24    0.00    0.00    0.00    0.00    0.00    0.00    0.00    0.00    0.00  100.00
00:22:06      25    0.00    0.00    0.00    0.00    0.00    0.00    0.00    0.00    0.00  100.00
00:22:06      26    0.00    0.00    0.00    0.00    0.00    0.00    0.00    0.00    0.00  100.00
00:22:06      27    0.00    0.00    0.00    0.00    0.00    0.00    0.00    0.00    0.00  100.00
00:22:06      28    0.00    0.00    0.00    0.00    0.00    0.00    0.00    0.00    0.00  100.00
00:22:06      29    0.00    0.00    0.00    0.00    0.00    0.00    0.00    0.00    0.00  100.00
00:22:06      30    0.00    0.00    0.00    0.00    0.00    0.00    0.00    0.00    0.00  100.00
00:22:06      31    0.00    0.00    0.00    0.00    0.00    0.00    0.00    0.00    0.00  100.00

00:22:06     CPU    %usr   %nice    %sys %iowait    %irq   %soft  %steal  %guest  %gnice   %idle
00:22:07     all    3.16    0.00    0.03    0.00    0.00    0.00    0.00    0.00    0.00   96.81
00:22:07       0    0.00    0.00    0.00    0.00    0.00    0.00    0.00    0.00    0.00  100.00
00:22:07       1    0.00    0.00    0.00    0.00    0.00    0.00    0.00    0.00    0.00  100.00
00:22:07       2    0.00    0.00    0.00    0.00    0.00    0.00    0.00    0.00    0.00  100.00
00:22:07       3    0.00    0.00    0.00    0.00    0.00    0.00    0.00    0.00    0.00  100.00
00:22:07       4    0.99    0.00    0.00    0.00    0.00    0.00    0.00    0.00    0.00   99.01
00:22:07       5    0.00    0.00    0.00    0.00    0.00    0.00    0.00    0.00    0.00  100.00
00:22:07       6    0.00    0.00    0.00    0.00    0.00    0.00    0.00    0.00    0.00  100.00
00:22:07       7    0.00    0.00    1.00    0.00    0.00    0.00    0.00    0.00    0.00   99.00
00:22:07       8    0.00    0.00    0.00    0.00    0.00    0.00    0.00    0.00    0.00  100.00
00:22:07       9    0.00    0.00    0.00    0.00    0.00    0.00    0.00    0.00    0.00  100.00
00:22:07      10    0.00    0.00    0.00    0.00    0.00    0.00    0.00    0.00    0.00  100.00
00:22:07      11    0.00    0.00    0.00    0.00    0.00    0.00    0.00    0.00    0.00  100.00
00:22:07      12    0.00    0.00    0.00    0.00    0.00    0.00    0.00    0.00    0.00  100.00
00:22:07      13    0.00    0.00    0.00    0.00    0.00    0.00    0.00    0.00    0.00  100.00
00:22:07      14  100.00    0.00    0.00    0.00    0.00    0.00    0.00    0.00    0.00    0.00
00:22:07      15    0.00    0.00    0.00    0.00    0.00    0.00    0.00    0.00    0.00  100.00
00:22:07      16    0.00    0.00    0.00    0.00    0.00    0.00    0.00    0.00    0.00  100.00
00:22:07      17    0.00    0.00    0.00    0.00    0.00    0.00    0.00    0.00    0.00  100.00
00:22:07      18    0.00    0.00    0.00    0.00    0.00    0.00    0.00    0.00    0.00  100.00
00:22:07      19    0.00    0.00    0.00    0.00    0.00    0.00    0.00    0.00    0.00  100.00
00:22:07      20    0.00    0.00    0.00    0.00    0.00    0.00    0.00    0.00    0.00  100.00
00:22:07      21    0.00    0.00    0.00    0.00    0.00    0.00    0.00    0.00    0.00  100.00
00:22:07      22    0.00    0.00    0.00    0.00    0.00    0.00    0.00    0.00    0.00  100.00
00:22:07      23    0.00    0.00    0.00    0.00    0.00    0.00    0.00    0.00    0.00  100.00
00:22:07      24    0.00    0.00    0.00    0.00    0.00    0.00    0.00    0.00    0.00  100.00
00:22:07      25    0.00    0.00    0.00    0.00    0.00    0.00    0.00    0.00    0.00  100.00
00:22:07      26    0.00    0.00    0.00    0.00    0.00    0.00    0.00    0.00    0.00  100.00
00:22:07      27    0.00    0.00    0.00    0.00    0.00    0.00    0.00    0.00    0.00  100.00
00:22:07      28    0.00    0.00    0.00    0.00    0.00    0.00    0.00    0.00    0.00  100.00
00:22:07      29    0.00    0.00    0.00    0.00    0.00    0.00    0.00    0.00    0.00  100.00
00:22:07      30    0.00    0.00    0.00    0.00    0.00    0.00    0.00    0.00    0.00  100.00
00:22:07      31    0.00    0.00    0.00    0.00    0.00    0.00    0.00    0.00    0.00  100.00

00:22:07     CPU    %usr   %nice    %sys %iowait    %irq   %soft  %steal  %guest  %gnice   %idle
00:22:08     all    3.12    0.00    0.03    0.00    0.00    0.00    0.00    0.00    0.00   96.84
00:22:08       0    0.00    0.00    0.00    0.00    0.00    0.00    0.00    0.00    0.00  100.00
00:22:08       1    0.00    0.00    0.00    0.00    0.00    0.00    0.00    0.00    0.00  100.00
00:22:08       2    0.00    0.00    0.00    0.00    0.00    0.00    0.00    0.00    0.00  100.00
00:22:08       3    0.00    0.00    0.00    0.00    0.00    0.00    0.00    0.00    0.00  100.00
00:22:08       4    0.00    0.00    0.00    0.00    0.00    0.00    0.00    0.00    0.00  100.00
00:22:08       5    0.00    0.00    0.00    0.00    0.00    0.00    0.00    0.00    0.00  100.00
00:22:08       6    0.00    0.00    0.00    0.00    0.00    0.00    0.00    0.00    0.00  100.00
00:22:08       7    0.00    0.00    1.00    0.00    0.00    0.00    0.00    0.00    0.00   99.00
00:22:08       8    0.00    0.00    0.00    0.00    0.00    0.00    0.00    0.00    0.00  100.00
00:22:08       9    0.00    0.00    0.00    0.00    0.00    0.00    0.00    0.00    0.00  100.00
00:22:08      10    0.00    0.00    0.00    0.00    0.00    0.00    0.00    0.00    0.00  100.00
00:22:08      11    0.00    0.00    0.00    0.00    0.00    0.00    0.00    0.00    0.00  100.00
00:22:08      12    0.00    0.00    0.00    0.00    0.00    0.00    0.00    0.00    0.00  100.00
00:22:08      13    0.00    0.00    0.00    0.00    0.00    0.00    0.00    0.00    0.00  100.00
00:22:08      14  100.00    0.00    0.00    0.00    0.00    0.00    0.00    0.00    0.00    0.00
00:22:08      15    0.00    0.00    0.00    0.00    0.00    0.00    0.00    0.00    0.00  100.00
00:22:08      16    0.00    0.00    0.00    0.00    0.00    0.00    0.00    0.00    0.00  100.00
00:22:08      17    0.00    0.00    0.00    0.00    0.00    0.00    0.00    0.00    0.00  100.00
00:22:08      18    0.00    0.00    0.00    0.00    0.00    0.00    0.00    0.00    0.00  100.00
00:22:08      19    0.00    0.00    0.00    0.00    0.00    0.00    0.00    0.00    0.00  100.00
00:22:08      20    0.00    0.00    0.00    0.00    0.00    0.00    0.00    0.00    0.00  100.00
00:22:08      21    0.00    0.00    0.00    0.00    0.00    0.00    0.00    0.00    0.00  100.00
00:22:08      22    0.00    0.00    0.00    0.00    0.00    0.00    0.00    0.00    0.00  100.00
00:22:08      23    0.00    0.00    0.00    0.00    0.00    0.00    0.00    0.00    0.00  100.00
00:22:08      24    0.00    0.00    0.00    0.00    0.00    0.00    0.00    0.00    0.00  100.00
00:22:08      25    0.00    0.00    0.00    0.00    0.00    0.00    0.00    0.00    0.00  100.00
00:22:08      26    0.00    0.00    0.00    0.00    0.00    0.00    0.00    0.00    0.00  100.00
00:22:08      27    0.00    0.00    0.00    0.00    0.00    0.00    0.00    0.00    0.00  100.00
00:22:08      28    0.00    0.00    0.00    0.00    0.00    0.00    0.00    0.00    0.00  100.00
00:22:08      29    0.00    0.00    0.00    0.00    0.00    0.00    0.00    0.00    0.00  100.00
00:22:08      30    0.00    0.00    0.00    0.00    0.00    0.00    0.00    0.00    0.00  100.00
00:22:08      31    0.00    0.00    0.00    0.00    0.00    0.00    0.00    0.00    0.00  100.00

00:22:08     CPU    %usr   %nice    %sys %iowait    %irq   %soft  %steal  %guest  %gnice   %idle
00:22:09     all    3.16    0.00    0.03    0.00    0.00    0.00    0.00    0.00    0.00   96.81
00:22:09       0    0.00    0.00    0.00    0.00    0.00    0.00    0.00    0.00    0.00  100.00
00:22:09       1    1.01    0.00    0.00    0.00    0.00    0.00    0.00    0.00    0.00   98.99
00:22:09       2    0.00    0.00    0.00    0.00    0.00    0.00    0.00    0.00    0.00  100.00
00:22:09       3    0.00    0.00    0.00    0.00    0.00    0.00    0.00    0.00    0.00  100.00
00:22:09       4    0.00    0.00    0.00    0.00    0.00    0.00    0.00    0.00    0.00  100.00
00:22:09       5    0.00    0.00    0.00    0.00    0.00    0.00    0.00    0.00    0.00  100.00
00:22:09       6    0.00    0.00    0.00    0.00    0.00    0.00    0.00    0.00    0.00  100.00
00:22:09       7    0.00    0.00    1.00    0.00    0.00    0.00    0.00    0.00    0.00   99.00
00:22:09       8    0.00    0.00    0.00    0.00    0.00    0.00    0.00    0.00    0.00  100.00
00:22:09       9    0.00    0.00    0.00    0.00    0.00    0.00    0.00    0.00    0.00  100.00
00:22:09      10    0.00    0.00    0.00    0.00    0.00    0.00    0.00    0.00    0.00  100.00
00:22:09      11    0.00    0.00    0.00    0.00    0.00    0.00    0.00    0.00    0.00  100.00
00:22:09      12    0.00    0.00    0.00    0.00    0.00    0.00    0.00    0.00    0.00  100.00
00:22:09      13    0.00    0.00    0.00    0.00    0.00    0.00    0.00    0.00    0.00  100.00
00:22:09      14  100.00    0.00    0.00    0.00    0.00    0.00    0.00    0.00    0.00    0.00
00:22:09      15    0.00    0.00    0.00    0.00    0.00    0.00    0.00    0.00    0.00  100.00
00:22:09      16    0.00    0.00    0.00    0.00    0.00    0.00    0.00    0.00    0.00  100.00
00:22:09      17    0.00    0.00    0.00    0.00    0.00    0.00    0.00    0.00    0.00  100.00
00:22:09      18    0.00    0.00    0.00    0.00    0.00    0.00    0.00    0.00    0.00  100.00
00:22:09      19    0.00    0.00    0.00    0.00    0.00    0.00    0.00    0.00    0.00  100.00
00:22:09      20    0.00    0.00    0.00    0.00    0.00    0.00    0.00    0.00    0.00  100.00
00:22:09      21    0.00    0.00    0.00    0.00    0.00    0.00    0.00    0.00    0.00  100.00
00:22:09      22    0.00    0.00    0.00    0.00    0.00    0.00    0.00    0.00    0.00  100.00
00:22:09      23    0.00    0.00    0.00    0.00    0.00    0.00    0.00    0.00    0.00  100.00
00:22:09      24    0.00    0.00    0.00    0.00    0.00    0.00    0.00    0.00    0.00  100.00
00:22:09      25    0.00    0.00    0.00    0.00    0.00    0.00    0.00    0.00    0.00  100.00
00:22:09      26    0.00    0.00    0.00    0.00    0.00    0.00    0.00    0.00    0.00  100.00
00:22:09      27    0.00    0.00    0.00    0.00    0.00    0.00    0.00    0.00    0.00  100.00
00:22:09      28    0.00    0.00    0.00    0.00    0.00    0.00    0.00    0.00    0.00  100.00
00:22:09      29    0.00    0.00    0.00    0.00    0.00    0.00    0.00    0.00    0.00  100.00
00:22:09      30    0.00    0.00    0.00    0.00    0.00    0.00    0.00    0.00    0.00  100.00
00:22:09      31    0.00    0.00    0.00    0.00    0.00    0.00    0.00    0.00    0.00  100.00

00:22:09     CPU    %usr   %nice    %sys %iowait    %irq   %soft  %steal  %guest  %gnice   %idle
00:22:10     all    3.19    0.00    0.03    0.00    0.00    0.00    0.00    0.00    0.00   96.78
00:22:10       0    0.00    0.00    0.00    0.00    0.00    0.00    0.00    0.00    0.00  100.00
00:22:10       1    0.00    0.00    0.00    0.00    0.00    0.00    0.00    0.00    0.00  100.00
00:22:10       2    0.00    0.00    0.00    0.00    0.00    0.00    0.00    0.00    0.00  100.00
00:22:10       3    0.00    0.00    0.00    0.00    0.00    0.00    0.00    0.00    0.00  100.00
00:22:10       4    0.00    0.00    0.00    0.00    0.00    0.00    0.00    0.00    0.00  100.00
00:22:10       5    0.00    0.00    0.00    0.00    0.00    0.00    0.00    0.00    0.00  100.00
00:22:10       6    0.00    0.00    0.00    0.00    0.00    0.00    0.00    0.00    0.00  100.00
00:22:10       7    0.00    0.00    0.00    0.00    0.00    0.00    0.00    0.00    0.00  100.00
00:22:10       8    0.00    0.00    0.00    0.00    0.00    0.00    0.00    0.00    0.00  100.00
00:22:10       9    0.00    0.00    0.00    0.00    0.00    0.00    0.00    0.00    0.00  100.00
00:22:10      10    0.00    0.00    0.00    0.00    0.00    0.00    0.00    0.00    0.00  100.00
00:22:10      11    0.00    0.00    0.00    0.00    0.00    0.00    0.00    0.00    0.00  100.00
00:22:10      12    0.00    0.00    0.00    0.00    0.00    0.00    0.00    0.00    0.00  100.00
00:22:10      13    0.00    0.00    0.00    0.00    0.00    0.00    0.00    0.00    0.00  100.00
00:22:10      14  100.00    0.00    0.00    0.00    0.00    0.00    0.00    0.00    0.00    0.00
00:22:10      15    0.00    0.00    0.00    0.00    0.00    0.00    0.00    0.00    0.00  100.00
00:22:10      16    1.98    0.00    0.99    0.00    0.00    0.00    0.00    0.00    0.00   97.03
00:22:10      17    0.00    0.00    0.00    0.00    0.00    0.00    0.00    0.00    0.00  100.00
00:22:10      18    0.00    0.00    0.00    0.00    0.00    0.00    0.00    0.00    0.00  100.00
00:22:10      19    0.00    0.00    0.00    0.00    0.00    0.00    0.00    0.00    0.00  100.00
00:22:10      20    0.00    0.00    0.00    0.00    0.00    0.00    0.00    0.00    0.00  100.00
00:22:10      21    0.00    0.00    0.00    0.00    0.00    0.00    0.00    0.00    0.00  100.00
00:22:10      22    0.00    0.00    0.00    0.00    0.00    0.00    0.00    0.00    0.00  100.00
00:22:10      23    0.00    0.00    0.00    0.00    0.00    0.00    0.00    0.00    0.00  100.00
00:22:10      24    0.00    0.00    0.00    0.00    0.00    0.00    0.00    0.00    0.00  100.00
00:22:10      25    0.00    0.00    0.00    0.00    0.00    0.00    0.00    0.00    0.00  100.00
00:22:10      26    0.00    0.00    0.00    0.00    0.00    0.00    0.00    0.00    0.00  100.00
00:22:10      27    0.00    0.00    0.00    0.00    0.00    0.00    0.00    0.00    0.00  100.00
00:22:10      28    0.00    0.00    0.00    0.00    0.00    0.00    0.00    0.00    0.00  100.00
00:22:10      29    0.00    0.00    0.00    0.00    0.00    0.00    0.00    0.00    0.00  100.00
00:22:10      30    0.00    0.00    0.00    0.00    0.00    0.00    0.00    0.00    0.00  100.00
00:22:10      31    0.00    0.00    0.00    0.00    0.00    0.00    0.00    0.00    0.00  100.00

00:22:10     CPU    %usr   %nice    %sys %iowait    %irq   %soft  %steal  %guest  %gnice   %idle
00:22:11     all    3.13    0.00    0.00    0.00    0.00    0.00    0.00    0.00    0.00   96.87
00:22:11       0    0.00    0.00    0.00    0.00    0.00    0.00    0.00    0.00    0.00  100.00
00:22:11       1    0.00    0.00    0.00    0.00    0.00    0.00    0.00    0.00    0.00  100.00
00:22:11       2    0.00    0.00    0.00    0.00    0.00    0.00    0.00    0.00    0.00  100.00
00:22:11       3    0.00    0.00    0.00    0.00    0.00    0.00    0.00    0.00    0.00  100.00
00:22:11       4    0.00    0.00    0.00    0.00    0.00    0.00    0.00    0.00    0.00  100.00
00:22:11       5    0.00    0.00    0.00    0.00    0.00    0.00    0.00    0.00    0.00  100.00
00:22:11       6    0.00    0.00    0.00    0.00    0.00    0.00    0.00    0.00    0.00  100.00
00:22:11       7    0.00    0.00    0.00    0.00    0.00    0.00    0.00    0.00    0.00  100.00
00:22:11       8    0.00    0.00    0.00    0.00    0.00    0.00    0.00    0.00    0.00  100.00
00:22:11       9    0.00    0.00    0.00    0.00    0.00    0.00    0.00    0.00    0.00  100.00
00:22:11      10    0.00    0.00    0.00    0.00    0.00    0.00    0.00    0.00    0.00  100.00
00:22:11      11    0.00    0.00    0.00    0.00    0.00    0.00    0.00    0.00    0.00  100.00
00:22:11      12    0.00    0.00    0.00    0.00    0.00    0.00    0.00    0.00    0.00  100.00
00:22:11      13    0.00    0.00    0.00    0.00    0.00    0.00    0.00    0.00    0.00  100.00
00:22:11      14  100.00    0.00    0.00    0.00    0.00    0.00    0.00    0.00    0.00    0.00
00:22:11      15    0.00    0.00    0.00    0.00    0.00    0.00    0.00    0.00    0.00  100.00
00:22:11      16    0.00    0.00    0.00    0.00    0.00    0.00    0.00    0.00    0.00  100.00
00:22:11      17    0.00    0.00    0.00    0.00    0.00    0.00    0.00    0.00    0.00  100.00
00:22:11      18    0.00    0.00    0.00    0.00    0.00    0.00    0.00    0.00    0.00  100.00
00:22:11      19    0.00    0.00    0.00    0.00    0.00    0.00    0.00    0.00    0.00  100.00
00:22:11      20    0.00    0.00    0.00    0.00    0.00    0.00    0.00    0.00    0.00  100.00
00:22:11      21    0.00    0.00    0.00    0.00    0.00    0.00    0.00    0.00    0.00  100.00
00:22:11      22    0.00    0.00    0.00    0.00    0.00    0.00    0.00    0.00    0.00  100.00
00:22:11      23    0.00    0.00    0.00    0.00    0.00    0.00    0.00    0.00    0.00  100.00
00:22:11      24    0.00    0.00    0.00    0.00    0.00    0.00    0.00    0.00    0.00  100.00
00:22:11      25    0.00    0.00    0.00    0.00    0.00    0.00    0.00    0.00    0.00  100.00
00:22:11      26    0.00    0.00    0.00    0.00    0.00    0.00    0.00    0.00    0.00  100.00
00:22:11      27    0.00    0.00    0.00    0.00    0.00    0.00    0.00    0.00    0.00  100.00
00:22:11      28    0.00    0.00    0.00    0.00    0.00    0.00    0.00    0.00    0.00  100.00
00:22:11      29    0.00    0.00    0.00    0.00    0.00    0.00    0.00    0.00    0.00  100.00
00:22:11      30    0.00    0.00    0.00    0.00    0.00    0.00    0.00    0.00    0.00  100.00
00:22:11      31    0.00    0.00    0.00    0.00    0.00    0.00    0.00    0.00    0.00  100.00

00:22:11     CPU    %usr   %nice    %sys %iowait    %irq   %soft  %steal  %guest  %gnice   %idle
00:22:12     all    3.13    0.00    0.00    0.00    0.00    0.00    0.00    0.00    0.00   96.87
00:22:12       0    0.00    0.00    0.00    0.00    0.00    0.00    0.00    0.00    0.00  100.00
00:22:12       1    0.00    0.00    0.00    0.00    0.00    0.00    0.00    0.00    0.00  100.00
00:22:12       2    0.00    0.00    0.00    0.00    0.00    0.00    0.00    0.00    0.00  100.00
00:22:12       3    0.00    0.00    0.00    0.00    0.00    0.00    0.00    0.00    0.00  100.00
00:22:12       4    0.00    0.00    0.00    0.00    0.00    0.00    0.00    0.00    0.00  100.00
00:22:12       5    0.00    0.00    0.00    0.00    0.00    0.00    0.00    0.00    0.00  100.00
00:22:12       6    0.00    0.00    0.00    0.00    0.00    0.00    0.00    0.00    0.00  100.00
00:22:12       7    0.00    0.00    0.00    0.00    0.00    0.00    0.00    0.00    0.00  100.00
00:22:12       8    0.00    0.00    0.00    0.00    0.00    0.00    0.00    0.00    0.00  100.00
00:22:12       9    0.00    0.00    0.00    0.00    0.00    0.00    0.00    0.00    0.00  100.00
00:22:12      10    0.00    0.00    0.00    0.00    0.00    0.00    0.00    0.00    0.00  100.00
00:22:12      11    0.00    0.00    0.00    0.00    0.00    0.00    0.00    0.00    0.00  100.00
00:22:12      12    0.00    0.00    0.00    0.00    0.00    0.00    0.00    0.00    0.00  100.00
00:22:12      13    0.00    0.00    0.00    0.00    0.00    0.00    0.00    0.00    0.00  100.00
00:22:12      14  100.00    0.00    0.00    0.00    0.00    0.00    0.00    0.00    0.00    0.00
00:22:12      15    0.00    0.00    0.00    0.00    0.00    0.00    0.00    0.00    0.00  100.00
00:22:12      16    0.00    0.00    0.00    0.00    0.00    0.00    0.00    0.00    0.00  100.00
00:22:12      17    0.00    0.00    0.00    0.00    0.00    0.00    0.00    0.00    0.00  100.00
00:22:12      18    0.00    0.00    0.00    0.00    0.00    0.00    0.00    0.00    0.00  100.00
00:22:12      19    0.00    0.00    0.00    0.00    0.00    0.00    0.00    0.00    0.00  100.00
00:22:12      20    0.00    0.00    0.00    0.00    0.00    0.00    0.00    0.00    0.00  100.00
00:22:12      21    0.00    0.00    0.00    0.00    0.00    0.00    0.00    0.00    0.00  100.00
00:22:12      22    0.00    0.00    0.00    0.00    0.00    0.00    0.00    0.00    0.00  100.00
00:22:12      23    0.00    0.00    0.00    0.00    0.00    0.00    0.00    0.00    0.00  100.00
00:22:12      24    0.00    0.00    0.00    0.00    0.00    0.00    0.00    0.00    0.00  100.00
00:22:12      25    0.00    0.00    0.00    0.00    0.00    0.00    0.00    0.00    0.00  100.00
00:22:12      26    0.00    0.00    0.00    0.00    0.00    0.00    0.00    0.00    0.00  100.00
00:22:12      27    0.00    0.00    0.00    0.00    0.00    0.00    0.00    0.00    0.00  100.00
00:22:12      28    0.00    0.00    0.00    0.00    0.00    0.00    0.00    0.00    0.00  100.00
00:22:12      29    0.00    0.00    0.00    0.00    0.00    0.00    0.00    0.00    0.00  100.00
00:22:12      30    0.00    0.00    0.00    0.00    0.00    0.00    0.00    0.00    0.00  100.00
00:22:12      31    0.00    0.00    0.00    0.00    0.00    0.00    0.00    0.00    0.00  100.00

00:22:12     CPU    %usr   %nice    %sys %iowait    %irq   %soft  %steal  %guest  %gnice   %idle
00:22:13     all    3.13    0.00    0.00    0.00    0.00    0.00    0.00    0.00    0.00   96.87
00:22:13       0    0.00    0.00    0.00    0.00    0.00    0.00    0.00    0.00    0.00  100.00
00:22:13       1    0.00    0.00    0.00    0.00    0.00    0.00    0.00    0.00    0.00  100.00
00:22:13       2    0.00    0.00    0.00    0.00    0.00    0.00    0.00    0.00    0.00  100.00
00:22:13       3    0.00    0.00    0.00    0.00    0.00    0.00    0.00    0.00    0.00  100.00
00:22:13       4    0.00    0.00    0.00    0.00    0.00    0.00    0.00    0.00    0.00  100.00
00:22:13       5    0.00    0.00    0.00    0.00    0.00    0.00    0.00    0.00    0.00  100.00
00:22:13       6    0.00    0.00    0.00    0.00    0.00    0.00    0.00    0.00    0.00  100.00
00:22:13       7    0.00    0.00    0.00    0.00    0.00    0.00    0.00    0.00    0.00  100.00
00:22:13       8    0.00    0.00    0.00    0.00    0.00    0.00    0.00    0.00    0.00  100.00
00:22:13       9    0.00    0.00    0.00    0.00    0.00    0.00    0.00    0.00    0.00  100.00
00:22:13      10    0.00    0.00    0.00    0.00    0.00    0.00    0.00    0.00    0.00  100.00
00:22:13      11    0.00    0.00    0.00    0.00    0.00    0.00    0.00    0.00    0.00  100.00
00:22:13      12    0.00    0.00    0.00    0.00    0.00    0.00    0.00    0.00    0.00  100.00
00:22:13      13    0.00    0.00    0.00    0.00    0.00    0.00    0.00    0.00    0.00  100.00
00:22:13      14  100.00    0.00    0.00    0.00    0.00    0.00    0.00    0.00    0.00    0.00
00:22:13      15    0.00    0.00    0.00    0.00    0.00    0.00    0.00    0.00    0.00  100.00
00:22:13      16    0.00    0.00    0.00    0.00    0.00    0.00    0.00    0.00    0.00  100.00
00:22:13      17    0.00    0.00    0.00    0.00    0.00    0.00    0.00    0.00    0.00  100.00
00:22:13      18    0.00    0.00    0.00    0.00    0.00    0.00    0.00    0.00    0.00  100.00
00:22:13      19    0.00    0.00    0.00    0.00    0.00    0.00    0.00    0.00    0.00  100.00
00:22:13      20    0.00    0.00    0.00    0.00    0.00    0.00    0.00    0.00    0.00  100.00
00:22:13      21    0.00    0.00    0.00    0.00    0.00    0.00    0.00    0.00    0.00  100.00
00:22:13      22    0.00    0.00    0.00    0.00    0.00    0.00    0.00    0.00    0.00  100.00
00:22:13      23    0.00    0.00    0.00    0.00    0.00    0.00    0.00    0.00    0.00  100.00
00:22:13      24    0.00    0.00    0.00    0.00    0.00    0.00    0.00    0.00    0.00  100.00
00:22:13      25    0.00    0.00    0.00    0.00    0.00    0.00    0.00    0.00    0.00  100.00
00:22:13      26    0.00    0.00    0.00    0.00    0.00    0.00    0.00    0.00    0.00  100.00
00:22:13      27    0.00    0.00    0.00    0.00    0.00    0.00    0.00    0.00    0.00  100.00
00:22:13      28    0.00    0.00    0.00    0.00    0.00    0.00    0.00    0.00    0.00  100.00
00:22:13      29    0.00    0.00    0.00    0.00    0.00    0.00    0.00    0.00    0.00  100.00
00:22:13      30    0.00    0.00    0.00    0.00    0.00    0.00    0.00    0.00    0.00  100.00
00:22:13      31    0.00    0.00    0.00    0.00    0.00    0.00    0.00    0.00    0.00  100.00

00:22:13     CPU    %usr   %nice    %sys %iowait    %irq   %soft  %steal  %guest  %gnice   %idle
00:22:14     all    3.16    0.00    0.03    0.00    0.00    0.00    0.00    0.00    0.00   96.81
00:22:14       0    0.00    0.00    0.00    0.00    0.00    0.00    0.00    0.00    0.00  100.00
00:22:14       1    0.00    0.00    0.00    0.00    0.00    0.00    0.00    0.00    0.00  100.00
00:22:14       2    0.00    0.00    0.00    0.00    0.00    0.00    0.00    0.00    0.00  100.00
00:22:14       3    0.00    0.00    0.00    0.00    0.00    0.00    0.00    0.00    0.00  100.00
00:22:14       4    0.00    0.00    0.00    0.00    0.00    0.00    0.00    0.00    0.00  100.00
00:22:14       5    0.00    0.00    0.00    0.00    0.00    0.00    0.00    0.00    0.00  100.00
00:22:14       6    0.00    0.00    0.00    0.00    0.00    0.00    0.00    0.00    0.00  100.00
00:22:14       7    0.99    0.00    0.99    0.00    0.00    0.00    0.00    0.00    0.00   98.02
00:22:14       8    0.00    0.00    0.00    0.00    0.00    0.00    0.00    0.00    0.00  100.00
00:22:14       9    0.00    0.00    0.00    0.00    0.00    0.00    0.00    0.00    0.00  100.00
00:22:14      10    0.00    0.00    0.00    0.00    0.00    0.00    0.00    0.00    0.00  100.00
00:22:14      11    0.00    0.00    0.00    0.00    0.00    0.00    0.00    0.00    0.00  100.00
00:22:14      12    0.00    0.00    0.00    0.00    0.00    0.00    0.00    0.00    0.00  100.00
00:22:14      13    0.00    0.00    0.00    0.00    0.00    0.00    0.00    0.00    0.00  100.00
00:22:14      14  100.00    0.00    0.00    0.00    0.00    0.00    0.00    0.00    0.00    0.00
00:22:14      15    0.00    0.00    0.00    0.00    0.00    0.00    0.00    0.00    0.00  100.00
00:22:14      16    0.00    0.00    0.00    0.00    0.00    0.00    0.00    0.00    0.00  100.00
00:22:14      17    0.00    0.00    0.00    0.00    0.00    0.00    0.00    0.00    0.00  100.00
00:22:14      18    0.00    0.00    0.00    0.00    0.00    0.00    0.00    0.00    0.00  100.00
00:22:14      19    0.00    0.00    0.00    0.00    0.00    0.00    0.00    0.00    0.00  100.00
00:22:14      20    0.00    0.00    0.00    0.00    0.00    0.00    0.00    0.00    0.00  100.00
00:22:14      21    0.00    0.00    0.00    0.00    0.00    0.00    0.00    0.00    0.00  100.00
00:22:14      22    0.00    0.00    0.00    0.00    0.00    0.00    0.00    0.00    0.00  100.00
00:22:14      23    0.00    0.00    0.00    0.00    0.00    0.00    0.00    0.00    0.00  100.00
00:22:14      24    0.00    0.00    0.00    0.00    0.00    0.00    0.00    0.00    0.00  100.00
00:22:14      25    0.00    0.00    0.00    0.00    0.00    0.00    0.00    0.00    0.00  100.00
00:22:14      26    0.00    0.00    0.00    0.00    0.00    0.00    0.00    0.00    0.00  100.00
00:22:14      27    0.00    0.00    0.00    0.00    0.00    0.00    0.00    0.00    0.00  100.00
00:22:14      28    0.00    0.00    0.00    0.00    0.00    0.00    0.00    0.00    0.00  100.00
00:22:14      29    0.00    0.00    0.00    0.00    0.00    0.00    0.00    0.00    0.00  100.00
00:22:14      30    0.00    0.00    0.00    0.00    0.00    0.00    0.00    0.00    0.00  100.00
00:22:14      31    0.00    0.00    0.00    0.00    0.00    0.00    0.00    0.00    0.00  100.00

00:22:14     CPU    %usr   %nice    %sys %iowait    %irq   %soft  %steal  %guest  %gnice   %idle
00:22:15     all    3.13    0.00    0.03    0.00    0.00    0.00    0.00    0.00    0.00   96.84
00:22:15       0    0.00    0.00    0.00    0.00    0.00    0.00    0.00    0.00    0.00  100.00
00:22:15       1    0.00    0.00    0.00    0.00    0.00    0.00    0.00    0.00    0.00  100.00
00:22:15       2    0.00    0.00    0.00    0.00    0.00    0.00    0.00    0.00    0.00  100.00
00:22:15       3    0.00    0.00    0.00    0.00    0.00    0.00    0.00    0.00    0.00  100.00
00:22:15       4    0.00    0.00    0.00    0.00    0.00    0.00    0.00    0.00    0.00  100.00
00:22:15       5    0.00    0.00    0.00    0.00    0.00    0.00    0.00    0.00    0.00  100.00
00:22:15       6    0.00    0.00    0.00    0.00    0.00    0.00    0.00    0.00    0.00  100.00
00:22:15       7    0.00    0.00    1.00    0.00    0.00    0.00    0.00    0.00    0.00   99.00
00:22:15       8    0.00    0.00    0.00    0.00    0.00    0.00    0.00    0.00    0.00  100.00
00:22:15       9    0.00    0.00    0.00    0.00    0.00    0.00    0.00    0.00    0.00  100.00
00:22:15      10    0.00    0.00    0.00    0.00    0.00    0.00    0.00    0.00    0.00  100.00
00:22:15      11    0.00    0.00    0.00    0.00    0.00    0.00    0.00    0.00    0.00  100.00
00:22:15      12    0.00    0.00    0.00    0.00    0.00    0.00    0.00    0.00    0.00  100.00
00:22:15      13    0.00    0.00    0.00    0.00    0.00    0.00    0.00    0.00    0.00  100.00
00:22:15      14  100.00    0.00    0.00    0.00    0.00    0.00    0.00    0.00    0.00    0.00
00:22:15      15    0.00    0.00    0.00    0.00    0.00    0.00    0.00    0.00    0.00  100.00
00:22:15      16    0.00    0.00    0.00    0.00    0.00    0.00    0.00    0.00    0.00  100.00
00:22:15      17    0.00    0.00    0.00    0.00    0.00    0.00    0.00    0.00    0.00  100.00
00:22:15      18    0.00    0.00    0.00    0.00    0.00    0.00    0.00    0.00    0.00  100.00
00:22:15      19    0.00    0.00    0.00    0.00    0.00    0.00    0.00    0.00    0.00  100.00
00:22:15      20    0.00    0.00    0.00    0.00    0.00    0.00    0.00    0.00    0.00  100.00
00:22:15      21    0.00    0.00    0.00    0.00    0.00    0.00    0.00    0.00    0.00  100.00
00:22:15      22    0.00    0.00    0.00    0.00    0.00    0.00    0.00    0.00    0.00  100.00
00:22:15      23    0.00    0.00    0.00    0.00    0.00    0.00    0.00    0.00    0.00  100.00
00:22:15      24    0.00    0.00    0.00    0.00    0.00    0.00    0.00    0.00    0.00  100.00
00:22:15      25    0.00    0.00    0.00    0.00    0.00    0.00    0.00    0.00    0.00  100.00
00:22:15      26    0.00    0.00    0.00    0.00    0.00    0.00    0.00    0.00    0.00  100.00
00:22:15      27    0.00    0.00    0.00    0.00    0.00    0.00    0.00    0.00    0.00  100.00
00:22:15      28    0.00    0.00    0.00    0.00    0.00    0.00    0.00    0.00    0.00  100.00
00:22:15      29    0.00    0.00    0.00    0.00    0.00    0.00    0.00    0.00    0.00  100.00
00:22:15      30    0.00    0.00    0.00    0.00    0.00    0.00    0.00    0.00    0.00  100.00
00:22:15      31    0.00    0.00    0.00    0.00    0.00    0.00    0.00    0.00    0.00  100.00

00:22:15     CPU    %usr   %nice    %sys %iowait    %irq   %soft  %steal  %guest  %gnice   %idle
00:22:16     all    3.13    0.00    0.03    0.00    0.00    0.00    0.00    0.00    0.00   96.84
00:22:16       0    0.00    0.00    0.00    0.00    0.00    0.00    0.00    0.00    0.00  100.00
00:22:16       1    0.00    0.00    0.00    0.00    0.00    0.00    0.00    0.00    0.00  100.00
00:22:16       2    0.00    0.00    0.00    0.00    0.00    0.00    0.00    0.00    0.00  100.00
00:22:16       3    0.00    0.00    0.00    0.00    0.00    0.00    0.00    0.00    0.00  100.00
00:22:16       4    0.00    0.00    0.00    0.00    0.00    0.00    0.00    0.00    0.00  100.00
00:22:16       5    0.00    0.00    0.00    0.00    0.00    0.00    0.00    0.00    0.00  100.00
00:22:16       6    0.00    0.00    0.00    0.00    0.00    0.00    0.00    0.00    0.00  100.00
00:22:16       7    0.00    0.00    0.99    0.00    0.00    0.00    0.00    0.00    0.00   99.01
00:22:16       8    0.00    0.00    0.00    0.00    0.00    0.00    0.00    0.00    0.00  100.00
00:22:16       9    0.00    0.00    0.00    0.00    0.00    0.00    0.00    0.00    0.00  100.00
00:22:16      10    0.00    0.00    0.00    0.00    0.00    0.00    0.00    0.00    0.00  100.00
00:22:16      11    0.00    0.00    0.00    0.00    0.00    0.00    0.00    0.00    0.00  100.00
00:22:16      12    0.00    0.00    0.00    0.00    0.00    0.00    0.00    0.00    0.00  100.00
00:22:16      13    0.00    0.00    0.00    0.00    0.00    0.00    0.00    0.00    0.00  100.00
00:22:16      14  100.00    0.00    0.00    0.00    0.00    0.00    0.00    0.00    0.00    0.00
00:22:16      15    0.00    0.00    0.00    0.00    0.00    0.00    0.00    0.00    0.00  100.00
00:22:16      16    0.00    0.00    0.00    0.00    0.00    0.00    0.00    0.00    0.00  100.00
00:22:16      17    0.00    0.00    0.00    0.00    0.00    0.00    0.00    0.00    0.00  100.00
00:22:16      18    0.00    0.00    0.00    0.00    0.00    0.00    0.00    0.00    0.00  100.00
00:22:16      19    0.00    0.00    0.00    0.00    0.00    0.00    0.00    0.00    0.00  100.00
00:22:16      20    0.00    0.00    0.00    0.00    0.00    0.00    0.00    0.00    0.00  100.00
00:22:16      21    0.00    0.00    0.00    0.00    0.00    0.00    0.00    0.00    0.00  100.00
00:22:16      22    0.00    0.00    0.00    0.00    0.00    0.00    0.00    0.00    0.00  100.00
00:22:16      23    0.00    0.00    0.00    0.00    0.00    0.00    0.00    0.00    0.00  100.00
00:22:16      24    0.00    0.00    0.00    0.00    0.00    0.00    0.00    0.00    0.00  100.00
00:22:16      25    0.00    0.00    0.00    0.00    0.00    0.00    0.00    0.00    0.00  100.00
00:22:16      26    0.00    0.00    0.00    0.00    0.00    0.00    0.00    0.00    0.00  100.00
00:22:16      27    0.00    0.00    0.00    0.00    0.00    0.00    0.00    0.00    0.00  100.00
00:22:16      28    0.00    0.00    0.00    0.00    0.00    0.00    0.00    0.00    0.00  100.00
00:22:16      29    0.00    0.00    0.00    0.00    0.00    0.00    0.00    0.00    0.00  100.00
00:22:16      30    0.00    0.00    0.00    0.00    0.00    0.00    0.00    0.00    0.00  100.00
00:22:16      31    0.00    0.00    0.00    0.00    0.00    0.00    0.00    0.00    0.00  100.00

00:22:16     CPU    %usr   %nice    %sys %iowait    %irq   %soft  %steal  %guest  %gnice   %idle
00:22:17     all    3.13    0.00    0.03    0.00    0.00    0.00    0.00    0.00    0.00   96.84
00:22:17       0    0.00    0.00    0.00    0.00    0.00    0.00    0.00    0.00    0.00  100.00
00:22:17       1    0.00    0.00    0.00    0.00    0.00    0.00    0.00    0.00    0.00  100.00
00:22:17       2    0.00    0.00    0.00    0.00    0.00    0.00    0.00    0.00    0.00  100.00
00:22:17       3    0.00    0.00    0.00    0.00    0.00    0.00    0.00    0.00    0.00  100.00
00:22:17       4    0.00    0.00    0.00    0.00    0.00    0.00    0.00    0.00    0.00  100.00
00:22:17       5    0.00    0.00    0.00    0.00    0.00    0.00    0.00    0.00    0.00  100.00
00:22:17       6    0.00    0.00    0.00    0.00    0.00    0.00    0.00    0.00    0.00  100.00
00:22:17       7    0.00    0.00    0.00    0.00    0.00    0.00    0.00    0.00    0.00  100.00
00:22:17       8    0.00    0.00    0.00    0.00    0.00    0.00    0.00    0.00    0.00  100.00
00:22:17       9    0.00    0.00    0.00    0.00    0.00    0.00    0.00    0.00    0.00  100.00
00:22:17      10    0.00    0.00    0.00    0.00    0.00    0.00    0.00    0.00    0.00  100.00
00:22:17      11    0.00    0.00    1.00    0.00    0.00    0.00    0.00    0.00    0.00   99.00
00:22:17      12    0.00    0.00    0.00    0.00    0.00    0.00    0.00    0.00    0.00  100.00
00:22:17      13    0.00    0.00    0.00    0.00    0.00    0.00    0.00    0.00    0.00  100.00
00:22:17      14  100.00    0.00    0.00    0.00    0.00    0.00    0.00    0.00    0.00    0.00
00:22:17      15    0.00    0.00    0.00    0.00    0.00    0.00    0.00    0.00    0.00  100.00
00:22:17      16    0.00    0.00    0.00    0.00    0.00    0.00    0.00    0.00    0.00  100.00
00:22:17      17    0.00    0.00    0.00    0.00    0.00    0.00    0.00    0.00    0.00  100.00
00:22:17      18    0.00    0.00    0.00    0.00    0.00    0.00    0.00    0.00    0.00  100.00
00:22:17      19    0.00    0.00    0.00    0.00    0.00    0.00    0.00    0.00    0.00  100.00
00:22:17      20    0.00    0.00    0.00    0.00    0.00    0.00    0.00    0.00    0.00  100.00
00:22:17      21    0.00    0.00    0.00    0.00    0.00    0.00    0.00    0.00    0.00  100.00
00:22:17      22    0.00    0.00    0.00    0.00    0.00    0.00    0.00    0.00    0.00  100.00
00:22:17      23    0.00    0.00    0.00    0.00    0.00    0.00    0.00    0.00    0.00  100.00
00:22:17      24    0.00    0.00    0.00    0.00    0.00    0.00    0.00    0.00    0.00  100.00
00:22:17      25    0.00    0.00    0.00    0.00    0.00    0.00    0.00    0.00    0.00  100.00
00:22:17      26    0.00    0.00    0.00    0.00    0.00    0.00    0.00    0.00    0.00  100.00
00:22:17      27    0.00    0.00    0.00    0.00    0.00    0.00    0.00    0.00    0.00  100.00
00:22:17      28    0.00    0.00    0.00    0.00    0.00    0.00    0.00    0.00    0.00  100.00
00:22:17      29    0.00    0.00    0.00    0.00    0.00    0.00    0.00    0.00    0.00  100.00
00:22:17      30    0.00    0.00    0.00    0.00    0.00    0.00    0.00    0.00    0.00  100.00
00:22:17      31    0.00    0.00    0.00    0.00    0.00    0.00    0.00    0.00    0.00  100.00

00:22:17     CPU    %usr   %nice    %sys %iowait    %irq   %soft  %steal  %guest  %gnice   %idle
00:22:18     all    3.13    0.00    0.03    0.00    0.00    0.00    0.00    0.00    0.00   96.84
00:22:18       0    0.00    0.00    0.00    0.00    0.00    0.00    0.00    0.00    0.00  100.00
00:22:18       1    0.00    0.00    0.00    0.00    0.00    0.00    0.00    0.00    0.00  100.00
00:22:18       2    0.00    0.00    0.00    0.00    0.00    0.00    0.00    0.00    0.00  100.00
00:22:18       3    0.00    0.00    0.00    0.00    0.00    0.00    0.00    0.00    0.00  100.00
00:22:18       4    0.00    0.00    0.00    0.00    0.00    0.00    0.00    0.00    0.00  100.00
00:22:18       5    0.00    0.00    0.00    0.00    0.00    0.00    0.00    0.00    0.00  100.00
00:22:18       6    0.00    0.00    0.00    0.00    0.00    0.00    0.00    0.00    0.00  100.00
00:22:18       7    0.00    0.00    0.00    0.00    0.00    0.00    0.00    0.00    0.00  100.00
00:22:18       8    0.00    0.00    0.00    0.00    0.00    0.00    0.00    0.00    0.00  100.00
00:22:18       9    0.00    0.00    0.00    0.00    0.00    0.00    0.00    0.00    0.00  100.00
00:22:18      10    0.00    0.00    0.00    0.00    0.00    0.00    0.00    0.00    0.00  100.00
00:22:18      11    0.00    0.00    0.00    0.00    0.00    0.00    0.00    0.00    0.00  100.00
00:22:18      12    0.00    0.00    0.00    0.00    0.00    0.00    0.00    0.00    0.00  100.00
00:22:18      13    0.00    0.00    0.00    0.00    0.00    0.00    0.00    0.00    0.00  100.00
00:22:18      14  100.00    0.00    0.00    0.00    0.00    0.00    0.00    0.00    0.00    0.00
00:22:18      15    0.00    0.00    0.99    0.00    0.00    0.00    0.00    0.00    0.00   99.01
00:22:18      16    0.00    0.00    0.00    0.00    0.00    0.00    0.00    0.00    0.00  100.00
00:22:18      17    0.00    0.00    0.00    0.00    0.00    0.00    0.00    0.00    0.00  100.00
00:22:18      18    0.00    0.00    0.00    0.00    0.00    0.00    0.00    0.00    0.00  100.00
00:22:18      19    0.00    0.00    0.00    0.00    0.00    0.00    0.00    0.00    0.00  100.00
00:22:18      20    0.00    0.00    0.00    0.00    0.00    0.00    0.00    0.00    0.00  100.00
00:22:18      21    0.00    0.00    0.00    0.00    0.00    0.00    0.00    0.00    0.00  100.00
00:22:18      22    0.00    0.00    0.00    0.00    0.00    0.00    0.00    0.00    0.00  100.00
00:22:18      23    0.00    0.00    0.00    0.00    0.00    0.00    0.00    0.00    0.00  100.00
00:22:18      24    0.00    0.00    0.00    0.00    0.00    0.00    0.00    0.00    0.00  100.00
00:22:18      25    0.00    0.00    0.00    0.00    0.00    0.00    0.00    0.00    0.00  100.00
00:22:18      26    0.00    0.00    0.00    0.00    0.00    0.00    0.00    0.00    0.00  100.00
00:22:18      27    0.00    0.00    0.00    0.00    0.00    0.00    0.00    0.00    0.00  100.00
00:22:18      28    0.00    0.00    0.00    0.00    0.00    0.00    0.00    0.00    0.00  100.00
00:22:18      29    0.00    0.00    0.00    0.00    0.00    0.00    0.00    0.00    0.00  100.00
00:22:18      30    0.00    0.00    0.00    0.00    0.00    0.00    0.00    0.00    0.00  100.00
00:22:18      31    0.00    0.00    0.00    0.00    0.00    0.00    0.00    0.00    0.00  100.00

00:22:18     CPU    %usr   %nice    %sys %iowait    %irq   %soft  %steal  %guest  %gnice   %idle
00:22:19     all    3.12    0.00    0.09    0.00    0.00    0.00    0.00    0.00    0.00   96.78
00:22:19       0    0.00    0.00    2.00    0.00    0.00    0.00    0.00    0.00    0.00   98.00
00:22:19       1    0.00    0.00    0.00    0.00    0.00    0.00    0.00    0.00    0.00  100.00
00:22:19       2    0.00    0.00    0.00    0.00    0.00    0.00    0.00    0.00    0.00  100.00
00:22:19       3    0.00    0.00    0.00    0.00    0.00    0.00    0.00    0.00    0.00  100.00
00:22:19       4    0.00    0.00    0.00    0.00    0.00    0.00    0.00    0.00    0.00  100.00
00:22:19       5    0.00    0.00    0.00    0.00    0.00    0.00    0.00    0.00    0.00  100.00
00:22:19       6    0.00    0.00    0.00    0.00    0.00    0.00    0.00    0.00    0.00  100.00
00:22:19       7    0.00    0.00    0.99    0.00    0.00    0.00    0.00    0.00    0.00   99.01
00:22:19       8    0.00    0.00    0.00    0.00    0.00    0.00    0.00    0.00    0.00  100.00
00:22:19       9    0.00    0.00    0.00    0.00    0.00    0.00    0.00    0.00    0.00  100.00
00:22:19      10    0.00    0.00    0.00    0.00    0.00    0.00    0.00    0.00    0.00  100.00
00:22:19      11    0.00    0.00    0.00    0.00    0.00    0.00    0.00    0.00    0.00  100.00
00:22:19      12    0.00    0.00    0.00    0.00    0.00    0.00    0.00    0.00    0.00  100.00
00:22:19      13    0.00    0.00    0.00    0.00    0.00    0.00    0.00    0.00    0.00  100.00
00:22:19      14  100.00    0.00    0.00    0.00    0.00    0.00    0.00    0.00    0.00    0.00
00:22:19      15    0.00    0.00    0.00    0.00    0.00    0.00    0.00    0.00    0.00  100.00
00:22:19      16    0.00    0.00    0.00    0.00    0.00    0.00    0.00    0.00    0.00  100.00
00:22:19      17    0.00    0.00    0.00    0.00    0.00    0.00    0.00    0.00    0.00  100.00
00:22:19      18    0.00    0.00    0.00    0.00    0.00    0.00    0.00    0.00    0.00  100.00
00:22:19      19    0.00    0.00    0.00    0.00    0.00    0.00    0.00    0.00    0.00  100.00
00:22:19      20    0.00    0.00    0.00    0.00    0.00    0.00    0.00    0.00    0.00  100.00
00:22:19      21    0.00    0.00    0.00    0.00    0.00    0.00    0.00    0.00    0.00  100.00
00:22:19      22    0.00    0.00    0.00    0.00    0.00    0.00    0.00    0.00    0.00  100.00
00:22:19      23    0.00    0.00    0.00    0.00    0.00    0.00    0.00    0.00    0.00  100.00
00:22:19      24    0.00    0.00    0.00    0.00    0.00    0.00    0.00    0.00    0.00  100.00
00:22:19      25    0.00    0.00    0.00    0.00    0.00    0.00    0.00    0.00    0.00  100.00
00:22:19      26    0.00    0.00    0.00    0.00    0.00    0.00    0.00    0.00    0.00  100.00
00:22:19      27    0.00    0.00    0.00    0.00    0.00    0.00    0.00    0.00    0.00  100.00
00:22:19      28    0.00    0.00    0.00    0.00    0.00    0.00    0.00    0.00    0.00  100.00
00:22:19      29    0.00    0.00    0.00    0.00    0.00    0.00    0.00    0.00    0.00  100.00
00:22:19      30    0.00    0.00    0.00    0.00    0.00    0.00    0.00    0.00    0.00  100.00
00:22:19      31    0.00    0.00    0.00    0.00    0.00    0.00    0.00    0.00    0.00  100.00

00:22:19     CPU    %usr   %nice    %sys %iowait    %irq   %soft  %steal  %guest  %gnice   %idle
00:22:20     all    3.13    0.00    0.03    0.00    0.00    0.00    0.00    0.00    0.00   96.84
00:22:20       0    0.00    0.00    0.00    0.00    0.00    0.00    0.00    0.00    0.00  100.00
00:22:20       1    0.00    0.00    0.00    0.00    0.00    0.00    0.00    0.00    0.00  100.00
00:22:20       2    0.00    0.00    0.00    0.00    0.00    0.00    0.00    0.00    0.00  100.00
00:22:20       3    0.00    0.00    0.00    0.00    0.00    0.00    0.00    0.00    0.00  100.00
00:22:20       4    0.00    0.00    0.00    0.00    0.00    0.00    0.00    0.00    0.00  100.00
00:22:20       5    0.00    0.00    0.00    0.00    0.00    0.00    0.00    0.00    0.00  100.00
00:22:20       6    0.00    0.00    0.00    0.00    0.00    0.00    0.00    0.00    0.00  100.00
00:22:20       7    0.00    0.00    0.00    0.00    0.00    0.00    0.00    0.00    0.00  100.00
00:22:20       8    0.00    0.00    0.00    0.00    0.00    0.00    0.00    0.00    0.00  100.00
00:22:20       9    0.00    0.00    0.00    0.00    0.00    0.00    0.00    0.00    0.00  100.00
00:22:20      10    0.00    0.00    0.00    0.00    0.00    0.00    0.00    0.00    0.00  100.00
00:22:20      11    0.00    0.00    0.00    0.00    0.00    0.00    0.00    0.00    0.00  100.00
00:22:20      12    0.00    0.00    0.00    0.00    0.00    0.00    0.00    0.00    0.00  100.00
00:22:20      13    0.00    0.00    0.00    0.00    0.00    0.00    0.00    0.00    0.00  100.00
00:22:20      14  100.00    0.00    0.00    0.00    0.00    0.00    0.00    0.00    0.00    0.00
00:22:20      15    0.00    0.00    0.00    0.00    0.00    0.00    0.00    0.00    0.00  100.00
00:22:20      16    0.00    0.00    1.01    0.00    0.00    0.00    0.00    0.00    0.00   98.99
00:22:20      17    0.00    0.00    0.00    0.00    0.00    0.00    0.00    0.00    0.00  100.00
00:22:20      18    0.00    0.00    0.00    0.00    0.00    0.00    0.00    0.00    0.00  100.00
00:22:20      19    0.00    0.00    0.00    0.00    0.00    0.00    0.00    0.00    0.00  100.00
00:22:20      20    0.00    0.00    0.00    0.00    0.00    0.00    0.00    0.00    0.00  100.00
00:22:20      21    0.00    0.00    0.00    0.00    0.00    0.00    0.00    0.00    0.00  100.00
00:22:20      22    0.00    0.00    0.00    0.00    0.00    0.00    0.00    0.00    0.00  100.00
00:22:20      23    0.00    0.00    0.00    0.00    0.00    0.00    0.00    0.00    0.00  100.00
00:22:20      24    0.00    0.00    0.00    0.00    0.00    0.00    0.00    0.00    0.00  100.00
00:22:20      25    0.00    0.00    0.00    0.00    0.00    0.00    0.00    0.00    0.00  100.00
00:22:20      26    0.00    0.00    0.00    0.00    0.00    0.00    0.00    0.00    0.00  100.00
00:22:20      27    0.00    0.00    0.00    0.00    0.00    0.00    0.00    0.00    0.00  100.00
00:22:20      28    0.00    0.00    0.00    0.00    0.00    0.00    0.00    0.00    0.00  100.00
00:22:20      29    0.00    0.00    0.00    0.00    0.00    0.00    0.00    0.00    0.00  100.00
00:22:20      30    0.00    0.00    0.00    0.00    0.00    0.00    0.00    0.00    0.00  100.00
00:22:20      31    0.00    0.00    0.00    0.00    0.00    0.00    0.00    0.00    0.00  100.00

00:22:20     CPU    %usr   %nice    %sys %iowait    %irq   %soft  %steal  %guest  %gnice   %idle
00:22:21     all    3.13    0.00    0.03    0.00    0.00    0.00    0.00    0.00    0.00   96.84
00:22:21       0    0.00    0.00    0.00    0.00    0.00    0.00    0.00    0.00    0.00  100.00
00:22:21       1    0.00    0.00    0.00    0.00    0.00    0.00    0.00    0.00    0.00  100.00
00:22:21       2    0.00    0.00    0.00    0.00    0.00    0.00    0.00    0.00    0.00  100.00
00:22:21       3    0.00    0.00    0.00    0.00    0.00    0.00    0.00    0.00    0.00  100.00
00:22:21       4    0.00    0.00    0.00    0.00    0.00    0.00    0.00    0.00    0.00  100.00
00:22:21       5    0.00    0.00    0.00    0.00    0.00    0.00    0.00    0.00    0.00  100.00
00:22:21       6    0.00    0.00    0.00    0.00    0.00    0.00    0.00    0.00    0.00  100.00
00:22:21       7    0.00    0.00    0.00    0.00    0.00    0.00    0.00    0.00    0.00  100.00
00:22:21       8    0.00    0.00    0.00    0.00    0.00    0.00    0.00    0.00    0.00  100.00
00:22:21       9    0.00    0.00    0.00    0.00    0.00    0.00    0.00    0.00    0.00  100.00
00:22:21      10    0.00    0.00    0.00    0.00    0.00    0.00    0.00    0.00    0.00  100.00
00:22:21      11    0.00    0.00    0.00    0.00    0.00    0.00    0.00    0.00    0.00  100.00
00:22:21      12    0.00    0.00    0.00    0.00    0.00    0.00    0.00    0.00    0.00  100.00
00:22:21      13    0.00    0.00    0.00    0.00    0.00    0.00    0.00    0.00    0.00  100.00
00:22:21      14  100.00    0.00    0.00    0.00    0.00    0.00    0.00    0.00    0.00    0.00
00:22:21      15    0.00    0.00    0.00    0.00    0.00    0.00    0.00    0.00    0.00  100.00
00:22:21      16    0.00    0.00    0.00    0.00    0.00    0.00    0.00    0.00    0.00  100.00
00:22:21      17    0.00    0.00    0.00    0.00    0.00    0.00    0.00    0.00    0.00  100.00
00:22:21      18    0.00    0.00    0.00    0.00    0.00    0.00    0.00    0.00    0.00  100.00
00:22:21      19    0.00    0.00    0.00    0.00    0.00    0.00    0.00    0.00    0.00  100.00
00:22:21      20    0.00    0.00    0.00    0.00    0.00    0.00    0.00    0.00    0.00  100.00
00:22:21      21    0.00    0.00    0.00    0.00    0.00    0.00    0.00    0.00    0.00  100.00
00:22:21      22    0.00    0.00    0.00    0.00    0.00    0.00    0.00    0.00    0.00  100.00
00:22:21      23    0.00    0.00    0.00    0.00    0.00    0.00    0.00    0.00    0.00  100.00
00:22:21      24    0.00    0.00    0.00    0.00    0.00    0.00    0.00    0.00    0.00  100.00
00:22:21      25    0.00    0.00    0.00    0.00    0.00    0.00    0.00    0.00    0.00  100.00
00:22:21      26    0.00    0.00    0.99    0.00    0.00    0.00    0.00    0.00    0.00   99.01
00:22:21      27    0.00    0.00    0.00    0.00    0.00    0.00    0.00    0.00    0.00  100.00
00:22:21      28    0.00    0.00    0.00    0.00    0.00    0.00    0.00    0.00    0.00  100.00
00:22:21      29    0.00    0.00    0.00    0.00    0.00    0.00    0.00    0.00    0.00  100.00
00:22:21      30    0.00    0.00    0.00    0.00    0.00    0.00    0.00    0.00    0.00  100.00
00:22:21      31    0.00    0.00    0.00    0.00    0.00    0.00    0.00    0.00    0.00  100.00

00:22:21     CPU    %usr   %nice    %sys %iowait    %irq   %soft  %steal  %guest  %gnice   %idle
00:22:22     all    3.13    0.00    0.00    0.00    0.00    0.00    0.00    0.00    0.00   96.87
00:22:22       0    0.00    0.00    0.00    0.00    0.00    0.00    0.00    0.00    0.00  100.00
00:22:22       1    0.00    0.00    0.00    0.00    0.00    0.00    0.00    0.00    0.00  100.00
00:22:22       2    0.00    0.00    0.00    0.00    0.00    0.00    0.00    0.00    0.00  100.00
00:22:22       3    0.00    0.00    0.00    0.00    0.00    0.00    0.00    0.00    0.00  100.00
00:22:22       4    0.00    0.00    0.00    0.00    0.00    0.00    0.00    0.00    0.00  100.00
00:22:22       5    0.00    0.00    0.00    0.00    0.00    0.00    0.00    0.00    0.00  100.00
00:22:22       6    0.00    0.00    0.00    0.00    0.00    0.00    0.00    0.00    0.00  100.00
00:22:22       7    0.00    0.00    0.00    0.00    0.00    0.00    0.00    0.00    0.00  100.00
00:22:22       8    0.00    0.00    0.00    0.00    0.00    0.00    0.00    0.00    0.00  100.00
00:22:22       9    0.00    0.00    0.00    0.00    0.00    0.00    0.00    0.00    0.00  100.00
00:22:22      10    0.00    0.00    0.00    0.00    0.00    0.00    0.00    0.00    0.00  100.00
00:22:22      11    0.00    0.00    0.00    0.00    0.00    0.00    0.00    0.00    0.00  100.00
00:22:22      12    0.00    0.00    0.00    0.00    0.00    0.00    0.00    0.00    0.00  100.00
00:22:22      13    0.00    0.00    0.00    0.00    0.00    0.00    0.00    0.00    0.00  100.00
00:22:22      14  100.00    0.00    0.00    0.00    0.00    0.00    0.00    0.00    0.00    0.00
00:22:22      15    0.00    0.00    0.00    0.00    0.00    0.00    0.00    0.00    0.00  100.00
00:22:22      16    0.00    0.00    0.00    0.00    0.00    0.00    0.00    0.00    0.00  100.00
00:22:22      17    0.00    0.00    0.00    0.00    0.00    0.00    0.00    0.00    0.00  100.00
00:22:22      18    0.00    0.00    0.00    0.00    0.00    0.00    0.00    0.00    0.00  100.00
00:22:22      19    0.00    0.00    0.00    0.00    0.00    0.00    0.00    0.00    0.00  100.00
00:22:22      20    0.00    0.00    0.00    0.00    0.00    0.00    0.00    0.00    0.00  100.00
00:22:22      21    0.00    0.00    0.00    0.00    0.00    0.00    0.00    0.00    0.00  100.00
00:22:22      22    0.00    0.00    0.00    0.00    0.00    0.00    0.00    0.00    0.00  100.00
00:22:22      23    0.00    0.00    0.00    0.00    0.00    0.00    0.00    0.00    0.00  100.00
00:22:22      24    0.00    0.00    0.00    0.00    0.00    0.00    0.00    0.00    0.00  100.00
00:22:22      25    0.00    0.00    0.00    0.00    0.00    0.00    0.00    0.00    0.00  100.00
00:22:22      26    0.00    0.00    0.00    0.00    0.00    0.00    0.00    0.00    0.00  100.00
00:22:22      27    0.00    0.00    0.00    0.00    0.00    0.00    0.00    0.00    0.00  100.00
00:22:22      28    0.00    0.00    0.00    0.00    0.00    0.00    0.00    0.00    0.00  100.00
00:22:22      29    0.00    0.00    0.00    0.00    0.00    0.00    0.00    0.00    0.00  100.00
00:22:22      30    0.00    0.00    0.00    0.00    0.00    0.00    0.00    0.00    0.00  100.00
00:22:22      31    0.00    0.00    0.00    0.00    0.00    0.00    0.00    0.00    0.00  100.00

00:22:22     CPU    %usr   %nice    %sys %iowait    %irq   %soft  %steal  %guest  %gnice   %idle
00:22:23     all    3.13    0.00    0.03    0.00    0.00    0.00    0.00    0.00    0.00   96.84
00:22:23       0    0.00    0.00    0.00    0.00    0.00    0.00    0.00    0.00    0.00  100.00
00:22:23       1    0.00    0.00    0.00    0.00    0.00    0.00    0.00    0.00    0.00  100.00
00:22:23       2    0.00    0.00    0.00    0.00    0.00    0.00    0.00    0.00    0.00  100.00
00:22:23       3    0.00    0.00    0.00    0.00    0.00    0.00    0.00    0.00    0.00  100.00
00:22:23       4    0.00    0.00    0.99    0.00    0.00    0.00    0.00    0.00    0.00   99.01
00:22:23       5    0.00    0.00    0.00    0.00    0.00    0.00    0.00    0.00    0.00  100.00
00:22:23       6    0.00    0.00    0.00    0.00    0.00    0.00    0.00    0.00    0.00  100.00
00:22:23       7    0.00    0.00    0.00    0.00    0.00    0.00    0.00    0.00    0.00  100.00
00:22:23       8    0.00    0.00    0.00    0.00    0.00    0.00    0.00    0.00    0.00  100.00
00:22:23       9    0.00    0.00    0.00    0.00    0.00    0.00    0.00    0.00    0.00  100.00
00:22:23      10    0.00    0.00    0.00    0.00    0.00    0.00    0.00    0.00    0.00  100.00
00:22:23      11    0.00    0.00    0.00    0.00    0.00    0.00    0.00    0.00    0.00  100.00
00:22:23      12    0.00    0.00    0.00    0.00    0.00    0.00    0.00    0.00    0.00  100.00
00:22:23      13    0.00    0.00    0.00    0.00    0.00    0.00    0.00    0.00    0.00  100.00
00:22:23      14  100.00    0.00    0.00    0.00    0.00    0.00    0.00    0.00    0.00    0.00
00:22:23      15    0.00    0.00    0.00    0.00    0.00    0.00    0.00    0.00    0.00  100.00
00:22:23      16    0.00    0.00    0.00    0.00    0.00    0.00    0.00    0.00    0.00  100.00
00:22:23      17    0.00    0.00    0.00    0.00    0.00    0.00    0.00    0.00    0.00  100.00
00:22:23      18    0.00    0.00    0.00    0.00    0.00    0.00    0.00    0.00    0.00  100.00
00:22:23      19    0.00    0.00    0.00    0.00    0.00    0.00    0.00    0.00    0.00  100.00
00:22:23      20    0.00    0.00    0.00    0.00    0.00    0.00    0.00    0.00    0.00  100.00
00:22:23      21    0.00    0.00    0.00    0.00    0.00    0.00    0.00    0.00    0.00  100.00
00:22:23      22    0.00    0.00    0.00    0.00    0.00    0.00    0.00    0.00    0.00  100.00
00:22:23      23    0.00    0.00    0.00    0.00    0.00    0.00    0.00    0.00    0.00  100.00
00:22:23      24    0.00    0.00    0.00    0.00    0.00    0.00    0.00    0.00    0.00  100.00
00:22:23      25    0.00    0.00    0.00    0.00    0.00    0.00    0.00    0.00    0.00  100.00
00:22:23      26    0.00    0.00    0.00    0.00    0.00    0.00    0.00    0.00    0.00  100.00
00:22:23      27    0.00    0.00    0.00    0.00    0.00    0.00    0.00    0.00    0.00  100.00
00:22:23      28    0.00    0.00    0.00    0.00    0.00    0.00    0.00    0.00    0.00  100.00
00:22:23      29    0.00    0.00    0.00    0.00    0.00    0.00    0.00    0.00    0.00  100.00
00:22:23      30    0.00    0.00    0.00    0.00    0.00    0.00    0.00    0.00    0.00  100.00
00:22:23      31    0.00    0.00    0.00    0.00    0.00    0.00    0.00    0.00    0.00  100.00

00:22:23     CPU    %usr   %nice    %sys %iowait    %irq   %soft  %steal  %guest  %gnice   %idle
00:22:24     all    3.13    0.00    0.00    0.00    0.00    0.00    0.00    0.00    0.00   96.87
00:22:24       0    0.00    0.00    0.00    0.00    0.00    0.00    0.00    0.00    0.00  100.00
00:22:24       1    0.00    0.00    0.00    0.00    0.00    0.00    0.00    0.00    0.00  100.00
00:22:24       2    0.00    0.00    0.00    0.00    0.00    0.00    0.00    0.00    0.00  100.00
00:22:24       3    0.00    0.00    0.00    0.00    0.00    0.00    0.00    0.00    0.00  100.00
00:22:24       4    0.00    0.00    0.00    0.00    0.00    0.00    0.00    0.00    0.00  100.00
00:22:24       5    0.00    0.00    0.00    0.00    0.00    0.00    0.00    0.00    0.00  100.00
00:22:24       6    0.00    0.00    0.00    0.00    0.00    0.00    0.00    0.00    0.00  100.00
00:22:24       7    0.00    0.00    0.00    0.00    0.00    0.00    0.00    0.00    0.00  100.00
00:22:24       8    0.00    0.00    0.00    0.00    0.00    0.00    0.00    0.00    0.00  100.00
00:22:24       9    0.00    0.00    0.00    0.00    0.00    0.00    0.00    0.00    0.00  100.00
00:22:24      10    0.00    0.00    0.00    0.00    0.00    0.00    0.00    0.00    0.00  100.00
00:22:24      11    0.00    0.00    0.00    0.00    0.00    0.00    0.00    0.00    0.00  100.00
00:22:24      12    0.00    0.00    0.00    0.00    0.00    0.00    0.00    0.00    0.00  100.00
00:22:24      13    0.00    0.00    0.00    0.00    0.00    0.00    0.00    0.00    0.00  100.00
00:22:24      14  100.00    0.00    0.00    0.00    0.00    0.00    0.00    0.00    0.00    0.00
00:22:24      15    0.00    0.00    0.00    0.00    0.00    0.00    0.00    0.00    0.00  100.00
00:22:24      16    0.00    0.00    0.00    0.00    0.00    0.00    0.00    0.00    0.00  100.00
00:22:24      17    0.00    0.00    0.00    0.00    0.00    0.00    0.00    0.00    0.00  100.00
00:22:24      18    0.00    0.00    0.00    0.00    0.00    0.00    0.00    0.00    0.00  100.00
00:22:24      19    0.00    0.00    0.00    0.00    0.00    0.00    0.00    0.00    0.00  100.00
00:22:24      20    0.00    0.00    0.00    0.00    0.00    0.00    0.00    0.00    0.00  100.00
00:22:24      21    0.00    0.00    0.00    0.00    0.00    0.00    0.00    0.00    0.00  100.00
00:22:24      22    0.00    0.00    0.00    0.00    0.00    0.00    0.00    0.00    0.00  100.00
00:22:24      23    0.00    0.00    0.00    0.00    0.00    0.00    0.00    0.00    0.00  100.00
00:22:24      24    0.00    0.00    0.00    0.00    0.00    0.00    0.00    0.00    0.00  100.00
00:22:24      25    0.00    0.00    0.00    0.00    0.00    0.00    0.00    0.00    0.00  100.00
00:22:24      26    0.00    0.00    0.00    0.00    0.00    0.00    0.00    0.00    0.00  100.00
00:22:24      27    0.00    0.00    0.00    0.00    0.00    0.00    0.00    0.00    0.00  100.00
00:22:24      28    0.00    0.00    0.00    0.00    0.00    0.00    0.00    0.00    0.00  100.00
00:22:24      29    0.00    0.00    0.00    0.00    0.00    0.00    0.00    0.00    0.00  100.00
00:22:24      30    0.00    0.00    0.00    0.00    0.00    0.00    0.00    0.00    0.00  100.00
00:22:24      31    0.00    0.00    0.00    0.00    0.00    0.00    0.00    0.00    0.00  100.00

00:22:24     CPU    %usr   %nice    %sys %iowait    %irq   %soft  %steal  %guest  %gnice   %idle
00:22:25     all    3.13    0.00    0.00    0.00    0.00    0.00    0.00    0.00    0.00   96.87
00:22:25       0    0.00    0.00    0.00    0.00    0.00    0.00    0.00    0.00    0.00  100.00
00:22:25       1    0.00    0.00    0.00    0.00    0.00    0.00    0.00    0.00    0.00  100.00
00:22:25       2    0.00    0.00    0.00    0.00    0.00    0.00    0.00    0.00    0.00  100.00
00:22:25       3    0.00    0.00    0.00    0.00    0.00    0.00    0.00    0.00    0.00  100.00
00:22:25       4    0.00    0.00    0.00    0.00    0.00    0.00    0.00    0.00    0.00  100.00
00:22:25       5    0.00    0.00    0.00    0.00    0.00    0.00    0.00    0.00    0.00  100.00
00:22:25       6    0.00    0.00    0.00    0.00    0.00    0.00    0.00    0.00    0.00  100.00
00:22:25       7    0.00    0.00    0.00    0.00    0.00    0.00    0.00    0.00    0.00  100.00
00:22:25       8    0.00    0.00    0.00    0.00    0.00    0.00    0.00    0.00    0.00  100.00
00:22:25       9    0.00    0.00    0.00    0.00    0.00    0.00    0.00    0.00    0.00  100.00
00:22:25      10    0.00    0.00    0.00    0.00    0.00    0.00    0.00    0.00    0.00  100.00
00:22:25      11    0.00    0.00    0.00    0.00    0.00    0.00    0.00    0.00    0.00  100.00
00:22:25      12    0.00    0.00    0.00    0.00    0.00    0.00    0.00    0.00    0.00  100.00
00:22:25      13    0.00    0.00    0.00    0.00    0.00    0.00    0.00    0.00    0.00  100.00
00:22:25      14  100.00    0.00    0.00    0.00    0.00    0.00    0.00    0.00    0.00    0.00
00:22:25      15    0.00    0.00    0.00    0.00    0.00    0.00    0.00    0.00    0.00  100.00
00:22:25      16    0.00    0.00    0.00    0.00    0.00    0.00    0.00    0.00    0.00  100.00
00:22:25      17    0.00    0.00    0.00    0.00    0.00    0.00    0.00    0.00    0.00  100.00
00:22:25      18    0.00    0.00    0.00    0.00    0.00    0.00    0.00    0.00    0.00  100.00
00:22:25      19    0.00    0.00    0.00    0.00    0.00    0.00    0.00    0.00    0.00  100.00
00:22:25      20    0.00    0.00    0.00    0.00    0.00    0.00    0.00    0.00    0.00  100.00
00:22:25      21    0.00    0.00    0.00    0.00    0.00    0.00    0.00    0.00    0.00  100.00
00:22:25      22    0.00    0.00    0.00    0.00    0.00    0.00    0.00    0.00    0.00  100.00
00:22:25      23    0.00    0.00    0.00    0.00    0.00    0.00    0.00    0.00    0.00  100.00
00:22:25      24    0.00    0.00    0.00    0.00    0.00    0.00    0.00    0.00    0.00  100.00
00:22:25      25    0.00    0.00    0.00    0.00    0.00    0.00    0.00    0.00    0.00  100.00
00:22:25      26    0.00    0.00    0.00    0.00    0.00    0.00    0.00    0.00    0.00  100.00
00:22:25      27    0.00    0.00    0.00    0.00    0.00    0.00    0.00    0.00    0.00  100.00
00:22:25      28    0.00    0.00    0.00    0.00    0.00    0.00    0.00    0.00    0.00  100.00
00:22:25      29    0.00    0.00    0.00    0.00    0.00    0.00    0.00    0.00    0.00  100.00
00:22:25      30    0.00    0.00    0.00    0.00    0.00    0.00    0.00    0.00    0.00  100.00
00:22:25      31    0.00    0.00    0.00    0.00    0.00    0.00    0.00    0.00    0.00  100.00

00:22:25     CPU    %usr   %nice    %sys %iowait    %irq   %soft  %steal  %guest  %gnice   %idle
00:22:26     all    3.06    0.00    0.09    0.00    0.00    0.00    0.00    0.00    0.00   96.84
00:22:26       0    0.00    0.00    0.00    0.00    0.00    0.00    0.00    0.00    0.00  100.00
00:22:26       1    0.00    0.00    0.00    0.00    0.00    0.00    0.00    0.00    0.00  100.00
00:22:26       2    0.00    0.00    0.00    0.00    0.00    0.00    0.00    0.00    0.00  100.00
00:22:26       3    0.00    0.00    0.00    0.00    0.00    0.00    0.00    0.00    0.00  100.00
00:22:26       4    0.00    0.00    0.00    0.00    0.00    0.00    0.00    0.00    0.00  100.00
00:22:26       5    0.00    0.00    0.00    0.00    0.00    0.00    0.00    0.00    0.00  100.00
00:22:26       6    0.00    0.00    0.00    0.00    0.00    0.00    0.00    0.00    0.00  100.00
00:22:26       7    0.00    0.00    0.00    0.00    0.00    0.00    0.00    0.00    0.00  100.00
00:22:26       8    0.00    0.00    0.00    0.00    0.00    0.00    0.00    0.00    0.00  100.00
00:22:26       9    0.00    0.00    0.00    0.00    0.00    0.00    0.00    0.00    0.00  100.00
00:22:26      10    0.00    0.00    0.00    0.00    0.00    0.00    0.00    0.00    0.00  100.00
00:22:26      11    0.00    0.00    0.00    0.00    0.00    0.00    0.00    0.00    0.00  100.00
00:22:26      12    0.00    0.00    0.00    0.00    0.00    0.00    0.00    0.00    0.00  100.00
00:22:26      13    0.00    0.00    0.00    0.00    0.00    0.00    0.00    0.00    0.00  100.00
00:22:26      14   97.03    0.00    2.97    0.00    0.00    0.00    0.00    0.00    0.00    0.00
00:22:26      15    0.00    0.00    0.00    0.00    0.00    0.00    0.00    0.00    0.00  100.00
00:22:26      16    0.00    0.00    0.00    0.00    0.00    0.00    0.00    0.00    0.00  100.00
00:22:26      17    0.00    0.00    0.00    0.00    0.00    0.00    0.00    0.00    0.00  100.00
00:22:26      18    0.00    0.00    0.00    0.00    0.00    0.00    0.00    0.00    0.00  100.00
00:22:26      19    0.00    0.00    0.00    0.00    0.00    0.00    0.00    0.00    0.00  100.00
00:22:26      20    0.00    0.00    0.00    0.00    0.00    0.00    0.00    0.00    0.00  100.00
00:22:26      21    0.00    0.00    0.00    0.00    0.00    0.00    0.00    0.00    0.00  100.00
00:22:26      22    0.00    0.00    0.00    0.00    0.00    0.00    0.00    0.00    0.00  100.00
00:22:26      23    0.00    0.00    0.00    0.00    0.00    0.00    0.00    0.00    0.00  100.00
00:22:26      24    0.00    0.00    0.00    0.00    0.00    0.00    0.00    0.00    0.00  100.00
00:22:26      25    0.00    0.00    0.00    0.00    0.00    0.00    0.00    0.00    0.00  100.00
00:22:26      26    0.00    0.00    0.00    0.00    0.00    0.00    0.00    0.00    0.00  100.00
00:22:26      27    0.00    0.00    0.00    0.00    0.00    0.00    0.00    0.00    0.00  100.00
00:22:26      28    0.00    0.00    0.00    0.00    0.00    0.00    0.00    0.00    0.00  100.00
00:22:26      29    0.00    0.00    0.00    0.00    0.00    0.00    0.00    0.00    0.00  100.00
00:22:26      30    0.00    0.00    0.00    0.00    0.00    0.00    0.00    0.00    0.00  100.00
00:22:26      31    0.00    0.00    0.00    0.00    0.00    0.00    0.00    0.00    0.00  100.00

00:22:26     CPU    %usr   %nice    %sys %iowait    %irq   %soft  %steal  %guest  %gnice   %idle
00:22:27     all    3.03    0.00    0.09    0.00    0.00    0.00    0.00    0.00    0.00   96.87
00:22:27       0    0.00    0.00    0.00    0.00    0.00    0.00    0.00    0.00    0.00  100.00
00:22:27       1    0.00    0.00    0.99    0.00    0.00    0.00    0.00    0.00    0.00   99.01
00:22:27       2    0.00    0.00    0.00    0.00    0.00    0.00    0.00    0.00    0.00  100.00
00:22:27       3    0.00    0.00    0.00    0.00    0.00    0.00    0.00    0.00    0.00  100.00
00:22:27       4    0.00    0.00    0.00    0.00    0.00    0.00    0.00    0.00    0.00  100.00
00:22:27       5    0.00    0.00    0.00    0.00    0.00    0.00    0.00    0.00    0.00  100.00
00:22:27       6    0.00    0.00    0.00    0.00    0.00    0.00    0.00    0.00    0.00  100.00
00:22:27       7    0.00    0.00    0.00    0.00    0.00    0.00    0.00    0.00    0.00  100.00
00:22:27       8    0.00    0.00    0.00    0.00    0.00    0.00    0.00    0.00    0.00  100.00
00:22:27       9    0.00    0.00    0.00    0.00    0.00    0.00    0.00    0.00    0.00  100.00
00:22:27      10    0.00    0.00    0.00    0.00    0.00    0.00    0.00    0.00    0.00  100.00
00:22:27      11    0.00    0.00    0.00    0.00    0.00    0.00    0.00    0.00    0.00  100.00
00:22:27      12    0.00    0.00    0.00    0.00    0.00    0.00    0.00    0.00    0.00  100.00
00:22:27      13    0.00    0.00    0.00    0.00    0.00    0.00    0.00    0.00    0.00  100.00
00:22:27      14   97.98    0.00    2.02    0.00    0.00    0.00    0.00    0.00    0.00    0.00
00:22:27      15    0.00    0.00    0.00    0.00    0.00    0.00    0.00    0.00    0.00  100.00
00:22:27      16    0.00    0.00    0.00    0.00    0.00    0.00    0.00    0.00    0.00  100.00
00:22:27      17    0.00    0.00    0.00    0.00    0.00    0.00    0.00    0.00    0.00  100.00
00:22:27      18    0.00    0.00    0.00    0.00    0.00    0.00    0.00    0.00    0.00  100.00
00:22:27      19    0.00    0.00    0.00    0.00    0.00    0.00    0.00    0.00    0.00  100.00
00:22:27      20    0.00    0.00    0.00    0.00    0.00    0.00    0.00    0.00    0.00  100.00
00:22:27      21    0.00    0.00    0.00    0.00    0.00    0.00    0.00    0.00    0.00  100.00
00:22:27      22    0.00    0.00    0.00    0.00    0.00    0.00    0.00    0.00    0.00  100.00
00:22:27      23    0.00    0.00    0.00    0.00    0.00    0.00    0.00    0.00    0.00  100.00
00:22:27      24    0.00    0.00    0.00    0.00    0.00    0.00    0.00    0.00    0.00  100.00
00:22:27      25    0.00    0.00    0.00    0.00    0.00    0.00    0.00    0.00    0.00  100.00
00:22:27      26    0.00    0.00    0.00    0.00    0.00    0.00    0.00    0.00    0.00  100.00
00:22:27      27    0.00    0.00    0.00    0.00    0.00    0.00    0.00    0.00    0.00  100.00
00:22:27      28    0.00    0.00    0.00    0.00    0.00    0.00    0.00    0.00    0.00  100.00
00:22:27      29    0.00    0.00    0.00    0.00    0.00    0.00    0.00    0.00    0.00  100.00
00:22:27      30    0.00    0.00    0.00    0.00    0.00    0.00    0.00    0.00    0.00  100.00
00:22:27      31    0.00    0.00    0.00    0.00    0.00    0.00    0.00    0.00    0.00  100.00

00:22:27     CPU    %usr   %nice    %sys %iowait    %irq   %soft  %steal  %guest  %gnice   %idle
00:22:28     all    3.06    0.00    0.16    0.00    0.00    0.00    0.00    0.00    0.00   96.78
00:22:28       0    0.00    0.00    0.00    0.00    0.00    0.00    0.00    0.00    0.00  100.00
00:22:28       1    0.00    0.00    0.00    0.00    0.00    0.00    0.00    0.00    0.00  100.00
00:22:28       2    0.00    0.00    0.00    0.00    0.00    0.00    0.00    0.00    0.00  100.00
00:22:28       3    0.00    0.00    0.00    0.00    0.00    0.00    0.00    0.00    0.00  100.00
00:22:28       4    0.00    0.00    0.00    0.00    0.00    0.00    0.00    0.00    0.00  100.00
00:22:28       5    0.00    0.00    0.00    0.00    0.00    0.00    0.00    0.00    0.00  100.00
00:22:28       6    0.00    0.00    0.00    0.00    0.00    0.00    0.00    0.00    0.00  100.00
00:22:28       7    0.00    0.00    1.00    0.00    0.00    0.00    0.00    0.00    0.00   99.00
00:22:28       8    0.00    0.00    0.00    0.00    0.00    0.00    0.00    0.00    0.00  100.00
00:22:28       9    0.00    0.00    0.00    0.00    0.00    0.00    0.00    0.00    0.00  100.00
00:22:28      10    0.00    0.00    0.99    0.00    0.00    0.00    0.00    0.00    0.00   99.01
00:22:28      11    0.00    0.00    0.00    0.00    0.00    0.00    0.00    0.00    0.00  100.00
00:22:28      12    0.00    0.00    0.00    0.00    0.00    0.00    0.00    0.00    0.00  100.00
00:22:28      13    0.00    0.00    0.00    0.00    0.00    0.00    0.00    0.00    0.00  100.00
00:22:28      14   97.03    0.00    2.97    0.00    0.00    0.00    0.00    0.00    0.00    0.00
00:22:28      15    0.00    0.00    0.00    0.00    0.00    0.00    0.00    0.00    0.00  100.00
00:22:28      16    0.00    0.00    0.00    0.00    0.00    0.00    0.00    0.00    0.00  100.00
00:22:28      17    0.00    0.00    0.00    0.00    0.00    0.00    0.00    0.00    0.00  100.00
00:22:28      18    0.00    0.00    0.00    0.00    0.00    0.00    0.00    0.00    0.00  100.00
00:22:28      19    0.00    0.00    0.00    0.00    0.00    0.00    0.00    0.00    0.00  100.00
00:22:28      20    0.00    0.00    0.00    0.00    0.00    0.00    0.00    0.00    0.00  100.00
00:22:28      21    0.00    0.00    0.00    0.00    0.00    0.00    0.00    0.00    0.00  100.00
00:22:28      22    0.00    0.00    0.00    0.00    0.00    0.00    0.00    0.00    0.00  100.00
00:22:28      23    0.00    0.00    0.00    0.00    0.00    0.00    0.00    0.00    0.00  100.00
00:22:28      24    0.00    0.00    0.00    0.00    0.00    0.00    0.00    0.00    0.00  100.00
00:22:28      25    0.00    0.00    0.00    0.00    0.00    0.00    0.00    0.00    0.00  100.00
00:22:28      26    0.00    0.00    0.00    0.00    0.00    0.00    0.00    0.00    0.00  100.00
00:22:28      27    0.00    0.00    0.00    0.00    0.00    0.00    0.00    0.00    0.00  100.00
00:22:28      28    0.00    0.00    0.00    0.00    0.00    0.00    0.00    0.00    0.00  100.00
00:22:28      29    0.00    0.00    0.00    0.00    0.00    0.00    0.00    0.00    0.00  100.00
00:22:28      30    0.00    0.00    0.00    0.00    0.00    0.00    0.00    0.00    0.00  100.00
00:22:28      31    0.00    0.00    0.00    0.00    0.00    0.00    0.00    0.00    0.00  100.00

00:22:28     CPU    %usr   %nice    %sys %iowait    %irq   %soft  %steal  %guest  %gnice   %idle
00:22:29     all    3.19    0.00    0.19    0.00    0.00    0.00    0.00    0.00    0.00   96.62
00:22:29       0    0.00    0.00    0.00    0.00    0.00    0.00    0.00    0.00    0.00  100.00
00:22:29       1    0.99    0.00    0.99    0.00    0.00    0.00    0.00    0.00    0.00   98.02
00:22:29       2    0.00    0.00    0.00    0.00    0.00    0.00    0.00    0.00    0.00  100.00
00:22:29       3    0.00    0.00    0.00    0.00    0.00    0.00    0.00    0.00    0.00  100.00
00:22:29       4    0.00    0.00    1.01    0.00    0.00    0.00    0.00    0.00    0.00   98.99
00:22:29       5    0.00    0.00    0.00    0.00    0.00    0.00    0.00    0.00    0.00  100.00
00:22:29       6    0.00    0.00    0.00    0.00    0.00    0.00    0.00    0.00    0.00  100.00
00:22:29       7    0.00    0.00    0.00    0.00    0.00    0.00    0.00    0.00    0.00  100.00
00:22:29       8    0.99    0.00    0.99    0.00    0.00    0.00    0.00    0.00    0.00   98.02
00:22:29       9    0.00    0.00    0.00    0.00    0.00    0.00    0.00    0.00    0.00  100.00
00:22:29      10    1.00    0.00    0.00    0.00    0.00    0.00    0.00    0.00    0.00   99.00
00:22:29      11    0.00    0.00    0.00    0.00    0.00    0.00    0.00    0.00    0.00  100.00
00:22:29      12    1.00    0.00    0.00    0.00    0.00    0.00    0.00    0.00    0.00   99.00
00:22:29      13    0.00    0.00    0.00    0.00    0.00    0.00    0.00    0.00    0.00  100.00
00:22:29      14   97.00    0.00    3.00    0.00    0.00    0.00    0.00    0.00    0.00    0.00
00:22:29      15    0.00    0.00    0.00    0.00    0.00    0.00    0.00    0.00    0.00  100.00
00:22:29      16    0.00    0.00    0.00    0.00    0.00    0.00    0.00    0.00    0.00  100.00
00:22:29      17    1.00    0.00    0.00    0.00    0.00    0.00    0.00    0.00    0.00   99.00
00:22:29      18    0.00    0.00    0.00    0.00    0.00    0.00    0.00    0.00    0.00  100.00
00:22:29      19    0.00    0.00    0.00    0.00    0.00    0.00    0.00    0.00    0.00  100.00
00:22:29      20    0.00    0.00    0.00    0.00    0.00    0.00    0.00    0.00    0.00  100.00
00:22:29      21    0.00    0.00    0.00    0.00    0.00    0.00    0.00    0.00    0.00  100.00
00:22:29      22    0.00    0.00    0.00    0.00    0.00    0.00    0.00    0.00    0.00  100.00
00:22:29      23    0.00    0.00    0.00    0.00    0.00    0.00    0.00    0.00    0.00  100.00
00:22:29      24    0.00    0.00    0.00    0.00    0.00    0.00    0.00    0.00    0.00  100.00
00:22:29      25    0.00    0.00    0.00    0.00    0.00    0.00    0.00    0.00    0.00  100.00
00:22:29      26    0.00    0.00    0.00    0.00    0.00    0.00    0.00    0.00    0.00  100.00
00:22:29      27    0.00    0.00    0.00    0.00    0.00    0.00    0.00    0.00    0.00  100.00
00:22:29      28    0.00    0.00    0.00    0.00    0.00    0.00    0.00    0.00    0.00  100.00
00:22:29      29    0.00    0.00    0.00    0.00    0.00    0.00    0.00    0.00    0.00  100.00
00:22:29      30    0.00    0.00    0.00    0.00    0.00    0.00    0.00    0.00    0.00  100.00
00:22:29      31    0.00    0.00    0.00    0.00    0.00    0.00    0.00    0.00    0.00  100.00

00:22:29     CPU    %usr   %nice    %sys %iowait    %irq   %soft  %steal  %guest  %gnice   %idle
00:22:30     all    3.03    0.00    0.13    0.00    0.00    0.00    0.00    0.00    0.00   96.84
00:22:30       0    0.00    0.00    0.00    0.00    0.00    0.00    0.00    0.00    0.00  100.00
00:22:30       1    0.00    0.00    0.00    0.00    0.00    0.00    0.00    0.00    0.00  100.00
00:22:30       2    0.00    0.00    0.00    0.00    0.00    0.00    0.00    0.00    0.00  100.00
00:22:30       3    0.00    0.00    0.00    0.00    0.00    0.00    0.00    0.00    0.00  100.00
00:22:30       4    0.00    0.00    0.00    0.00    0.00    0.00    0.00    0.00    0.00  100.00
00:22:30       5    0.00    0.00    0.00    0.00    0.00    0.00    0.00    0.00    0.00  100.00
00:22:30       6    0.00    0.00    0.00    0.00    0.00    0.00    0.00    0.00    0.00  100.00
00:22:30       7    0.00    0.00    0.00    0.00    0.00    0.00    0.00    0.00    0.00  100.00
00:22:30       8    0.00    0.00    0.00    0.00    0.00    0.00    0.00    0.00    0.00  100.00
00:22:30       9    0.00    0.00    0.00    0.00    0.00    0.00    0.00    0.00    0.00  100.00
00:22:30      10    0.00    0.00    0.00    0.00    0.00    0.00    0.00    0.00    0.00  100.00
00:22:30      11    0.00    0.00    0.00    0.00    0.00    0.00    0.00    0.00    0.00  100.00
00:22:30      12    0.00    0.00    0.00    0.00    0.00    0.00    0.00    0.00    0.00  100.00
00:22:30      13    0.00    0.00    0.00    0.00    0.00    0.00    0.00    0.00    0.00  100.00
00:22:30      14   96.97    0.00    3.03    0.00    0.00    0.00    0.00    0.00    0.00    0.00
00:22:30      15    0.00    0.00    0.00    0.00    0.00    0.00    0.00    0.00    0.00  100.00
00:22:30      16    1.00    0.00    1.00    0.00    0.00    0.00    0.00    0.00    0.00   98.00
00:22:30      17    0.00    0.00    0.00    0.00    0.00    0.00    0.00    0.00    0.00  100.00
00:22:30      18    0.00    0.00    0.00    0.00    0.00    0.00    0.00    0.00    0.00  100.00
00:22:30      19    0.00    0.00    0.00    0.00    0.00    0.00    0.00    0.00    0.00  100.00
00:22:30      20    0.00    0.00    0.00    0.00    0.00    0.00    0.00    0.00    0.00  100.00
00:22:30      21    0.00    0.00    0.00    0.00    0.00    0.00    0.00    0.00    0.00  100.00
00:22:30      22    0.00    0.00    0.00    0.00    0.00    0.00    0.00    0.00    0.00  100.00
00:22:30      23    0.00    0.00    0.00    0.00    0.00    0.00    0.00    0.00    0.00  100.00
00:22:30      24    0.00    0.00    0.00    0.00    0.00    0.00    0.00    0.00    0.00  100.00
00:22:30      25    0.00    0.00    0.00    0.00    0.00    0.00    0.00    0.00    0.00  100.00
00:22:30      26    0.00    0.00    0.00    0.00    0.00    0.00    0.00    0.00    0.00  100.00
00:22:30      27    0.00    0.00    0.00    0.00    0.00    0.00    0.00    0.00    0.00  100.00
00:22:30      28    0.00    0.00    0.00    0.00    0.00    0.00    0.00    0.00    0.00  100.00
00:22:30      29    0.00    0.00    0.00    0.00    0.00    0.00    0.00    0.00    0.00  100.00
00:22:30      30    0.00    0.00    0.00    0.00    0.00    0.00    0.00    0.00    0.00  100.00
00:22:30      31    0.00    0.00    0.00    0.00    0.00    0.00    0.00    0.00    0.00  100.00

00:22:30     CPU    %usr   %nice    %sys %iowait    %irq   %soft  %steal  %guest  %gnice   %idle
00:22:31     all    3.09    0.00    0.06    0.00    0.00    0.00    0.00    0.00    0.00   96.84
00:22:31       0    0.00    0.00    0.00    0.00    0.00    0.00    0.00    0.00    0.00  100.00
00:22:31       1    0.00    0.00    0.00    0.00    0.00    0.00    0.00    0.00    0.00  100.00
00:22:31       2    0.00    0.00    0.00    0.00    0.00    0.00    0.00    0.00    0.00  100.00
00:22:31       3    0.00    0.00    0.00    0.00    0.00    0.00    0.00    0.00    0.00  100.00
00:22:31       4    0.00    0.00    0.00    0.00    0.00    0.00    0.00    0.00    0.00  100.00
00:22:31       5    0.00    0.00    0.00    0.00    0.00    0.00    0.00    0.00    0.00  100.00
00:22:31       6    0.00    0.00    0.00    0.00    0.00    0.00    0.00    0.00    0.00  100.00
00:22:31       7    0.00    0.00    0.00    0.00    0.00    0.00    0.00    0.00    0.00  100.00
00:22:31       8    0.00    0.00    0.00    0.00    0.00    0.00    0.00    0.00    0.00  100.00
00:22:31       9    0.00    0.00    0.00    0.00    0.00    0.00    0.00    0.00    0.00  100.00
00:22:31      10    0.00    0.00    0.00    0.00    0.00    0.00    0.00    0.00    0.00  100.00
00:22:31      11    0.00    0.00    0.00    0.00    0.00    0.00    0.00    0.00    0.00  100.00
00:22:31      12    0.00    0.00    0.00    0.00    0.00    0.00    0.00    0.00    0.00  100.00
00:22:31      13    0.00    0.00    0.00    0.00    0.00    0.00    0.00    0.00    0.00  100.00
00:22:31      14   98.02    0.00    1.98    0.00    0.00    0.00    0.00    0.00    0.00    0.00
00:22:31      15    0.00    0.00    0.00    0.00    0.00    0.00    0.00    0.00    0.00  100.00
00:22:31      16    0.00    0.00    0.00    0.00    0.00    0.00    0.00    0.00    0.00  100.00
00:22:31      17    0.00    0.00    0.00    0.00    0.00    0.00    0.00    0.00    0.00  100.00
00:22:31      18    0.00    0.00    0.00    0.00    0.00    0.00    0.00    0.00    0.00  100.00
00:22:31      19    0.00    0.00    0.00    0.00    0.00    0.00    0.00    0.00    0.00  100.00
00:22:31      20    0.00    0.00    0.00    0.00    0.00    0.00    0.00    0.00    0.00  100.00
00:22:31      21    0.00    0.00    0.00    0.00    0.00    0.00    0.00    0.00    0.00  100.00
00:22:31      22    0.00    0.00    0.00    0.00    0.00    0.00    0.00    0.00    0.00  100.00
00:22:31      23    0.00    0.00    0.00    0.00    0.00    0.00    0.00    0.00    0.00  100.00
00:22:31      24    0.00    0.00    0.00    0.00    0.00    0.00    0.00    0.00    0.00  100.00
00:22:31      25    0.00    0.00    0.00    0.00    0.00    0.00    0.00    0.00    0.00  100.00
00:22:31      26    0.00    0.00    0.00    0.00    0.00    0.00    0.00    0.00    0.00  100.00
00:22:31      27    0.00    0.00    0.00    0.00    0.00    0.00    0.00    0.00    0.00  100.00
00:22:31      28    0.00    0.00    0.00    0.00    0.00    0.00    0.00    0.00    0.00  100.00
00:22:31      29    0.00    0.00    0.00    0.00    0.00    0.00    0.00    0.00    0.00  100.00
00:22:31      30    0.00    0.00    0.00    0.00    0.00    0.00    0.00    0.00    0.00  100.00
00:22:31      31    0.00    0.00    0.00    0.00    0.00    0.00    0.00    0.00    0.00  100.00

00:22:31     CPU    %usr   %nice    %sys %iowait    %irq   %soft  %steal  %guest  %gnice   %idle
00:22:32     all    3.10    0.00    0.03    0.00    0.00    0.00    0.00    0.00    0.00   96.87
00:22:32       0    0.00    0.00    0.00    0.00    0.00    0.00    0.00    0.00    0.00  100.00
00:22:32       1    0.00    0.00    0.00    0.00    0.00    0.00    0.00    0.00    0.00  100.00
00:22:32       2    0.00    0.00    0.00    0.00    0.00    0.00    0.00    0.00    0.00  100.00
00:22:32       3    0.00    0.00    0.00    0.00    0.00    0.00    0.00    0.00    0.00  100.00
00:22:32       4    0.00    0.00    0.00    0.00    0.00    0.00    0.00    0.00    0.00  100.00
00:22:32       5    0.00    0.00    0.00    0.00    0.00    0.00    0.00    0.00    0.00  100.00
00:22:32       6    0.00    0.00    0.00    0.00    0.00    0.00    0.00    0.00    0.00  100.00
00:22:32       7    0.00    0.00    0.00    0.00    0.00    0.00    0.00    0.00    0.00  100.00
00:22:32       8    0.00    0.00    0.00    0.00    0.00    0.00    0.00    0.00    0.00  100.00
00:22:32       9    0.00    0.00    0.00    0.00    0.00    0.00    0.00    0.00    0.00  100.00
00:22:32      10    0.00    0.00    0.00    0.00    0.00    0.00    0.00    0.00    0.00  100.00
00:22:32      11    0.00    0.00    0.00    0.00    0.00    0.00    0.00    0.00    0.00  100.00
00:22:32      12    0.00    0.00    0.00    0.00    0.00    0.00    0.00    0.00    0.00  100.00
00:22:32      13    0.00    0.00    0.00    0.00    0.00    0.00    0.00    0.00    0.00  100.00
00:22:32      14   99.00    0.00    1.00    0.00    0.00    0.00    0.00    0.00    0.00    0.00
00:22:32      15    0.00    0.00    0.00    0.00    0.00    0.00    0.00    0.00    0.00  100.00
00:22:32      16    0.00    0.00    0.00    0.00    0.00    0.00    0.00    0.00    0.00  100.00
00:22:32      17    0.00    0.00    0.00    0.00    0.00    0.00    0.00    0.00    0.00  100.00
00:22:32      18    0.00    0.00    0.00    0.00    0.00    0.00    0.00    0.00    0.00  100.00
00:22:32      19    0.00    0.00    0.00    0.00    0.00    0.00    0.00    0.00    0.00  100.00
00:22:32      20    0.00    0.00    0.00    0.00    0.00    0.00    0.00    0.00    0.00  100.00
00:22:32      21    0.00    0.00    0.00    0.00    0.00    0.00    0.00    0.00    0.00  100.00
00:22:32      22    0.00    0.00    0.00    0.00    0.00    0.00    0.00    0.00    0.00  100.00
00:22:32      23    0.00    0.00    0.00    0.00    0.00    0.00    0.00    0.00    0.00  100.00
00:22:32      24    0.00    0.00    0.00    0.00    0.00    0.00    0.00    0.00    0.00  100.00
00:22:32      25    0.00    0.00    0.00    0.00    0.00    0.00    0.00    0.00    0.00  100.00
00:22:32      26    0.00    0.00    0.00    0.00    0.00    0.00    0.00    0.00    0.00  100.00
00:22:32      27    0.00    0.00    0.00    0.00    0.00    0.00    0.00    0.00    0.00  100.00
00:22:32      28    0.00    0.00    0.00    0.00    0.00    0.00    0.00    0.00    0.00  100.00
00:22:32      29    0.00    0.00    0.00    0.00    0.00    0.00    0.00    0.00    0.00  100.00
00:22:32      30    0.00    0.00    0.00    0.00    0.00    0.00    0.00    0.00    0.00  100.00
00:22:32      31    0.00    0.00    0.00    0.00    0.00    0.00    0.00    0.00    0.00  100.00

00:22:32     CPU    %usr   %nice    %sys %iowait    %irq   %soft  %steal  %guest  %gnice   %idle
00:22:33     all    3.03    0.00    0.06    0.00    0.00    0.00    0.00    0.00    0.00   96.90
00:22:33       0    0.00    0.00    0.00    0.00    0.00    0.00    0.00    0.00    0.00  100.00
00:22:33       1    0.00    0.00    0.00    0.00    0.00    0.00    0.00    0.00    0.00  100.00
00:22:33       2    0.00    0.00    0.00    0.00    0.00    0.00    0.00    0.00    0.00  100.00
00:22:33       3    0.00    0.00    0.00    0.00    0.00    0.00    0.00    0.00    0.00  100.00
00:22:33       4    0.00    0.00    0.00    0.00    0.00    0.00    0.00    0.00    0.00  100.00
00:22:33       5    0.00    0.00    0.00    0.00    0.00    0.00    0.00    0.00    0.00  100.00
00:22:33       6    0.00    0.00    0.00    0.00    0.00    0.00    0.00    0.00    0.00  100.00
00:22:33       7    0.00    0.00    0.00    0.00    0.00    0.00    0.00    0.00    0.00  100.00
00:22:33       8    0.00    0.00    0.00    0.00    0.00    0.00    0.00    0.00    0.00  100.00
00:22:33       9    0.00    0.00    0.00    0.00    0.00    0.00    0.00    0.00    0.00  100.00
00:22:33      10    0.00    0.00    0.00    0.00    0.00    0.00    0.00    0.00    0.00  100.00
00:22:33      11    0.00    0.00    0.00    0.00    0.00    0.00    0.00    0.00    0.00  100.00
00:22:33      12    0.00    0.00    0.00    0.00    0.00    0.00    0.00    0.00    0.00  100.00
00:22:33      13    0.00    0.00    0.00    0.00    0.00    0.00    0.00    0.00    0.00  100.00
00:22:33      14   97.98    0.00    2.02    0.00    0.00    0.00    0.00    0.00    0.00    0.00
00:22:33      15    0.00    0.00    0.00    0.00    0.00    0.00    0.00    0.00    0.00  100.00
00:22:33      16    0.00    0.00    0.00    0.00    0.00    0.00    0.00    0.00    0.00  100.00
00:22:33      17    0.00    0.00    0.00    0.00    0.00    0.00    0.00    0.00    0.00  100.00
00:22:33      18    0.00    0.00    0.00    0.00    0.00    0.00    0.00    0.00    0.00  100.00
00:22:33      19    0.00    0.00    0.00    0.00    0.00    0.00    0.00    0.00    0.00  100.00
00:22:33      20    0.00    0.00    0.00    0.00    0.00    0.00    0.00    0.00    0.00  100.00
00:22:33      21    0.00    0.00    0.00    0.00    0.00    0.00    0.00    0.00    0.00  100.00
00:22:33      22    0.00    0.00    0.00    0.00    0.00    0.00    0.00    0.00    0.00  100.00
00:22:33      23    0.00    0.00    0.00    0.00    0.00    0.00    0.00    0.00    0.00  100.00
00:22:33      24    0.00    0.00    0.00    0.00    0.00    0.00    0.00    0.00    0.00  100.00
00:22:33      25    0.00    0.00    0.00    0.00    0.00    0.00    0.00    0.00    0.00  100.00
00:22:33      26    0.00    0.00    0.00    0.00    0.00    0.00    0.00    0.00    0.00  100.00
00:22:33      27    0.00    0.00    0.00    0.00    0.00    0.00    0.00    0.00    0.00  100.00
00:22:33      28    0.00    0.00    0.00    0.00    0.00    0.00    0.00    0.00    0.00  100.00
00:22:33      29    0.00    0.00    0.00    0.00    0.00    0.00    0.00    0.00    0.00  100.00
00:22:33      30    0.00    0.00    0.00    0.00    0.00    0.00    0.00    0.00    0.00  100.00
00:22:33      31    0.00    0.00    0.00    0.00    0.00    0.00    0.00    0.00    0.00  100.00

00:22:33     CPU    %usr   %nice    %sys %iowait    %irq   %soft  %steal  %guest  %gnice   %idle
00:22:34     all    3.09    0.00    0.06    0.00    0.00    0.00    0.00    0.00    0.00   96.84
00:22:34       0    0.00    0.00    0.00    0.00    0.00    0.00    0.00    0.00    0.00  100.00
00:22:34       1    0.00    0.00    0.00    0.00    0.00    0.00    0.00    0.00    0.00  100.00
00:22:34       2    0.00    0.00    0.00    0.00    0.00    0.00    0.00    0.00    0.00  100.00
00:22:34       3    0.00    0.00    0.00    0.00    0.00    0.00    0.00    0.00    0.00  100.00
00:22:34       4    0.00    0.00    0.00    0.00    0.00    0.00    0.00    0.00    0.00  100.00
00:22:34       5    0.00    0.00    0.00    0.00    0.00    0.00    0.00    0.00    0.00  100.00
00:22:34       6    0.00    0.00    0.00    0.00    0.00    0.00    0.00    0.00    0.00  100.00
00:22:34       7    0.00    0.00    0.00    0.00    0.00    0.00    0.00    0.00    0.00  100.00
00:22:34       8    0.00    0.00    0.00    0.00    0.00    0.00    0.00    0.00    0.00  100.00
00:22:34       9    0.00    0.00    0.00    0.00    0.00    0.00    0.00    0.00    0.00  100.00
00:22:34      10    0.00    0.00    0.00    0.00    0.00    0.00    0.00    0.00    0.00  100.00
00:22:34      11    0.00    0.00    0.00    0.00    0.00    0.00    0.00    0.00    0.00  100.00
00:22:34      12    0.00    0.00    0.00    0.00    0.00    0.00    0.00    0.00    0.00  100.00
00:22:34      13    0.00    0.00    0.00    0.00    0.00    0.00    0.00    0.00    0.00  100.00
00:22:34      14   98.02    0.00    1.98    0.00    0.00    0.00    0.00    0.00    0.00    0.00
00:22:34      15    0.00    0.00    0.00    0.00    0.00    0.00    0.00    0.00    0.00  100.00
00:22:34      16    0.00    0.00    0.00    0.00    0.00    0.00    0.00    0.00    0.00  100.00
00:22:34      17    0.00    0.00    0.00    0.00    0.00    0.00    0.00    0.00    0.00  100.00
00:22:34      18    0.00    0.00    0.00    0.00    0.00    0.00    0.00    0.00    0.00  100.00
00:22:34      19    0.00    0.00    0.00    0.00    0.00    0.00    0.00    0.00    0.00  100.00
00:22:34      20    0.00    0.00    0.00    0.00    0.00    0.00    0.00    0.00    0.00  100.00
00:22:34      21    0.00    0.00    0.00    0.00    0.00    0.00    0.00    0.00    0.00  100.00
00:22:34      22    0.00    0.00    0.00    0.00    0.00    0.00    0.00    0.00    0.00  100.00
00:22:34      23    0.00    0.00    0.00    0.00    0.00    0.00    0.00    0.00    0.00  100.00
00:22:34      24    0.00    0.00    0.00    0.00    0.00    0.00    0.00    0.00    0.00  100.00
00:22:34      25    0.00    0.00    0.00    0.00    0.00    0.00    0.00    0.00    0.00  100.00
00:22:34      26    0.00    0.00    0.00    0.00    0.00    0.00    0.00    0.00    0.00  100.00
00:22:34      27    0.00    0.00    0.00    0.00    0.00    0.00    0.00    0.00    0.00  100.00
00:22:34      28    0.00    0.00    0.00    0.00    0.00    0.00    0.00    0.00    0.00  100.00
00:22:34      29    0.00    0.00    0.00    0.00    0.00    0.00    0.00    0.00    0.00  100.00
00:22:34      30    0.00    0.00    0.00    0.00    0.00    0.00    0.00    0.00    0.00  100.00
00:22:34      31    0.00    0.00    0.00    0.00    0.00    0.00    0.00    0.00    0.00  100.00

00:22:34     CPU    %usr   %nice    %sys %iowait    %irq   %soft  %steal  %guest  %gnice   %idle
00:22:35     all    3.07    0.00    0.06    0.00    0.00    0.00    0.00    0.00    0.00   96.87
00:22:35       0    0.00    0.00    0.00    0.00    0.00    0.00    0.00    0.00    0.00  100.00
00:22:35       1    0.00    0.00    0.00    0.00    0.00    0.00    0.00    0.00    0.00  100.00
00:22:35       2    0.00    0.00    0.00    0.00    0.00    0.00    0.00    0.00    0.00  100.00
00:22:35       3    0.00    0.00    0.00    0.00    0.00    0.00    0.00    0.00    0.00  100.00
00:22:35       4    0.00    0.00    0.00    0.00    0.00    0.00    0.00    0.00    0.00  100.00
00:22:35       5    0.00    0.00    0.00    0.00    0.00    0.00    0.00    0.00    0.00  100.00
00:22:35       6    0.00    0.00    0.00    0.00    0.00    0.00    0.00    0.00    0.00  100.00
00:22:35       7    0.00    0.00    0.00    0.00    0.00    0.00    0.00    0.00    0.00  100.00
00:22:35       8    0.00    0.00    0.00    0.00    0.00    0.00    0.00    0.00    0.00  100.00
00:22:35       9    0.00    0.00    0.00    0.00    0.00    0.00    0.00    0.00    0.00  100.00
00:22:35      10    0.00    0.00    0.00    0.00    0.00    0.00    0.00    0.00    0.00  100.00
00:22:35      11    0.00    0.00    0.00    0.00    0.00    0.00    0.00    0.00    0.00  100.00
00:22:35      12    0.00    0.00    0.00    0.00    0.00    0.00    0.00    0.00    0.00  100.00
00:22:35      13    0.00    0.00    0.00    0.00    0.00    0.00    0.00    0.00    0.00  100.00
00:22:35      14   98.00    0.00    2.00    0.00    0.00    0.00    0.00    0.00    0.00    0.00
00:22:35      15    0.00    0.00    0.00    0.00    0.00    0.00    0.00    0.00    0.00  100.00
00:22:35      16    0.00    0.00    0.00    0.00    0.00    0.00    0.00    0.00    0.00  100.00
00:22:35      17    0.00    0.00    0.00    0.00    0.00    0.00    0.00    0.00    0.00  100.00
00:22:35      18    0.00    0.00    0.00    0.00    0.00    0.00    0.00    0.00    0.00  100.00
00:22:35      19    0.00    0.00    0.00    0.00    0.00    0.00    0.00    0.00    0.00  100.00
00:22:35      20    0.00    0.00    0.00    0.00    0.00    0.00    0.00    0.00    0.00  100.00
00:22:35      21    0.00    0.00    0.00    0.00    0.00    0.00    0.00    0.00    0.00  100.00
00:22:35      22    0.00    0.00    0.00    0.00    0.00    0.00    0.00    0.00    0.00  100.00
00:22:35      23    0.00    0.00    0.00    0.00    0.00    0.00    0.00    0.00    0.00  100.00
00:22:35      24    0.00    0.00    0.00    0.00    0.00    0.00    0.00    0.00    0.00  100.00
00:22:35      25    0.00    0.00    0.00    0.00    0.00    0.00    0.00    0.00    0.00  100.00
00:22:35      26    0.00    0.00    0.00    0.00    0.00    0.00    0.00    0.00    0.00  100.00
00:22:35      27    0.00    0.00    0.00    0.00    0.00    0.00    0.00    0.00    0.00  100.00
00:22:35      28    0.00    0.00    0.00    0.00    0.00    0.00    0.00    0.00    0.00  100.00
00:22:35      29    0.00    0.00    0.00    0.00    0.00    0.00    0.00    0.00    0.00  100.00
00:22:35      30    0.00    0.00    0.00    0.00    0.00    0.00    0.00    0.00    0.00  100.00
00:22:35      31    0.00    0.00    0.00    0.00    0.00    0.00    0.00    0.00    0.00  100.00

00:22:35     CPU    %usr   %nice    %sys %iowait    %irq   %soft  %steal  %guest  %gnice   %idle
00:22:36     all    3.03    0.00    0.16    0.00    0.00    0.00    0.00    0.00    0.00   96.81
00:22:36       0    0.00    0.00    0.00    0.00    0.00    0.00    0.00    0.00    0.00  100.00
00:22:36       1    0.00    0.00    0.00    0.00    0.00    0.00    0.00    0.00    0.00  100.00
00:22:36       2    0.00    0.00    0.00    0.00    0.00    0.00    0.00    0.00    0.00  100.00
00:22:36       3    0.00    0.00    0.00    0.00    0.00    0.00    0.00    0.00    0.00  100.00
00:22:36       4    0.00    0.00    0.00    0.00    0.00    0.00    0.00    0.00    0.00  100.00
00:22:36       5    0.00    0.00    0.00    0.00    0.00    0.00    0.00    0.00    0.00  100.00
00:22:36       6    0.00    0.00    0.00    0.00    0.00    0.00    0.00    0.00    0.00  100.00
00:22:36       7    0.00    0.00    0.00    0.00    0.00    0.00    0.00    0.00    0.00  100.00
00:22:36       8    0.00    0.00    0.99    0.00    0.00    0.00    0.00    0.00    0.00   99.01
00:22:36       9    0.00    0.00    0.00    0.00    0.00    0.00    0.00    0.00    0.00  100.00
00:22:36      10    0.00    0.00    0.99    0.00    0.00    0.00    0.00    0.00    0.00   99.01
00:22:36      11    0.00    0.00    0.00    0.00    0.00    0.00    0.00    0.00    0.00  100.00
00:22:36      12    0.00    0.00    0.00    0.00    0.00    0.00    0.00    0.00    0.00  100.00
00:22:36      13    0.00    0.00    0.00    0.00    0.00    0.00    0.00    0.00    0.00  100.00
00:22:36      14   97.00    0.00    3.00    0.00    0.00    0.00    0.00    0.00    0.00    0.00
00:22:36      15    0.00    0.00    0.00    0.00    0.00    0.00    0.00    0.00    0.00  100.00
00:22:36      16    0.00    0.00    0.00    0.00    0.00    0.00    0.00    0.00    0.00  100.00
00:22:36      17    0.00    0.00    0.00    0.00    0.00    0.00    0.00    0.00    0.00  100.00
00:22:36      18    0.00    0.00    0.00    0.00    0.00    0.00    0.00    0.00    0.00  100.00
00:22:36      19    0.00    0.00    0.00    0.00    0.00    0.00    0.00    0.00    0.00  100.00
00:22:36      20    0.00    0.00    0.00    0.00    0.00    0.00    0.00    0.00    0.00  100.00
00:22:36      21    0.00    0.00    0.00    0.00    0.00    0.00    0.00    0.00    0.00  100.00
00:22:36      22    0.00    0.00    0.00    0.00    0.00    0.00    0.00    0.00    0.00  100.00
00:22:36      23    0.00    0.00    0.00    0.00    0.00    0.00    0.00    0.00    0.00  100.00
00:22:36      24    0.00    0.00    0.00    0.00    0.00    0.00    0.00    0.00    0.00  100.00
00:22:36      25    0.00    0.00    0.00    0.00    0.00    0.00    0.00    0.00    0.00  100.00
00:22:36      26    0.00    0.00    0.00    0.00    0.00    0.00    0.00    0.00    0.00  100.00
00:22:36      27    0.00    0.00    0.00    0.00    0.00    0.00    0.00    0.00    0.00  100.00
00:22:36      28    0.00    0.00    0.00    0.00    0.00    0.00    0.00    0.00    0.00  100.00
00:22:36      29    0.00    0.00    0.00    0.00    0.00    0.00    0.00    0.00    0.00  100.00
00:22:36      30    0.00    0.00    0.00    0.00    0.00    0.00    0.00    0.00    0.00  100.00
00:22:36      31    0.00    0.00    0.00    0.00    0.00    0.00    0.00    0.00    0.00  100.00

00:22:36     CPU    %usr   %nice    %sys %iowait    %irq   %soft  %steal  %guest  %gnice   %idle
00:22:37     all    3.06    0.00    0.06    0.00    0.00    0.00    0.00    0.00    0.00   96.87
00:22:37       0    0.00    0.00    0.00    0.00    0.00    0.00    0.00    0.00    0.00  100.00
00:22:37       1    0.00    0.00    0.00    0.00    0.00    0.00    0.00    0.00    0.00  100.00
00:22:37       2    0.00    0.00    0.00    0.00    0.00    0.00    0.00    0.00    0.00  100.00
00:22:37       3    0.00    0.00    0.00    0.00    0.00    0.00    0.00    0.00    0.00  100.00
00:22:37       4    0.00    0.00    0.00    0.00    0.00    0.00    0.00    0.00    0.00  100.00
00:22:37       5    0.00    0.00    0.00    0.00    0.00    0.00    0.00    0.00    0.00  100.00
00:22:37       6    0.00    0.00    0.00    0.00    0.00    0.00    0.00    0.00    0.00  100.00
00:22:37       7    0.00    0.00    0.00    0.00    0.00    0.00    0.00    0.00    0.00  100.00
00:22:37       8    0.00    0.00    0.00    0.00    0.00    0.00    0.00    0.00    0.00  100.00
00:22:37       9    0.00    0.00    0.00    0.00    0.00    0.00    0.00    0.00    0.00  100.00
00:22:37      10    0.00    0.00    0.00    0.00    0.00    0.00    0.00    0.00    0.00  100.00
00:22:37      11    0.00    0.00    0.00    0.00    0.00    0.00    0.00    0.00    0.00  100.00
00:22:37      12    0.00    0.00    0.00    0.00    0.00    0.00    0.00    0.00    0.00  100.00
00:22:37      13    0.00    0.00    0.00    0.00    0.00    0.00    0.00    0.00    0.00  100.00
00:22:37      14   98.99    0.00    1.01    0.00    0.00    0.00    0.00    0.00    0.00    0.00
00:22:37      15    0.00    0.00    0.00    0.00    0.00    0.00    0.00    0.00    0.00  100.00
00:22:37      16    0.00    0.00    0.00    0.00    0.00    0.00    0.00    0.00    0.00  100.00
00:22:37      17    0.00    0.00    0.00    0.00    0.00    0.00    0.00    0.00    0.00  100.00
00:22:37      18    0.00    0.00    0.00    0.00    0.00    0.00    0.00    0.00    0.00  100.00
00:22:37      19    0.00    0.00    0.00    0.00    0.00    0.00    0.00    0.00    0.00  100.00
00:22:37      20    0.00    0.00    0.00    0.00    0.00    0.00    0.00    0.00    0.00  100.00
00:22:37      21    0.00    0.00    0.00    0.00    0.00    0.00    0.00    0.00    0.00  100.00
00:22:37      22    0.00    0.00    0.99    0.00    0.00    0.00    0.00    0.00    0.00   99.01
00:22:37      23    0.00    0.00    0.00    0.00    0.00    0.00    0.00    0.00    0.00  100.00
00:22:37      24    0.00    0.00    0.00    0.00    0.00    0.00    0.00    0.00    0.00  100.00
00:22:37      25    0.00    0.00    0.00    0.00    0.00    0.00    0.00    0.00    0.00  100.00
00:22:37      26    0.00    0.00    0.00    0.00    0.00    0.00    0.00    0.00    0.00  100.00
00:22:37      27    0.00    0.00    0.00    0.00    0.00    0.00    0.00    0.00    0.00  100.00
00:22:37      28    0.00    0.00    0.00    0.00    0.00    0.00    0.00    0.00    0.00  100.00
00:22:37      29    0.00    0.00    0.00    0.00    0.00    0.00    0.00    0.00    0.00  100.00
00:22:37      30    0.00    0.00    0.00    0.00    0.00    0.00    0.00    0.00    0.00  100.00
00:22:37      31    0.00    0.00    0.00    0.00    0.00    0.00    0.00    0.00    0.00  100.00

00:22:37     CPU    %usr   %nice    %sys %iowait    %irq   %soft  %steal  %guest  %gnice   %idle
00:22:38     all    3.10    0.00    0.09    0.00    0.00    0.00    0.00    0.00    0.00   96.81
00:22:38       0    0.00    0.00    0.00    0.00    0.00    0.00    0.00    0.00    0.00  100.00
00:22:38       1    0.00    0.00    0.00    0.00    0.00    0.00    0.00    0.00    0.00  100.00
00:22:38       2    0.00    0.00    0.00    0.00    0.00    0.00    0.00    0.00    0.00  100.00
00:22:38       3    0.00    0.00    0.00    0.00    0.00    0.00    0.00    0.00    0.00  100.00
00:22:38       4    0.00    0.00    0.00    0.00    0.00    0.00    0.00    0.00    0.00  100.00
00:22:38       5    0.00    0.00    0.00    0.00    0.00    0.00    0.00    0.00    0.00  100.00
00:22:38       6    0.00    0.00    0.00    0.00    0.00    0.00    0.00    0.00    0.00  100.00
00:22:38       7    0.00    0.00    0.00    0.00    0.00    0.00    0.00    0.00    0.00  100.00
00:22:38       8    0.00    0.00    0.00    0.00    0.00    0.00    0.00    0.00    0.00  100.00
00:22:38       9    0.00    0.00    0.00    0.00    0.00    0.00    0.00    0.00    0.00  100.00
00:22:38      10    0.00    0.00    0.00    0.00    0.00    0.00    0.00    0.00    0.00  100.00
00:22:38      11    0.00    0.00    0.00    0.00    0.00    0.00    0.00    0.00    0.00  100.00
00:22:38      12    0.00    0.00    0.00    0.00    0.00    0.00    0.00    0.00    0.00  100.00
00:22:38      13    0.00    0.00    0.00    0.00    0.00    0.00    0.00    0.00    0.00  100.00
00:22:38      14   98.02    0.00    1.98    0.00    0.00    0.00    0.00    0.00    0.00    0.00
00:22:38      15    0.00    0.00    0.00    0.00    0.00    0.00    0.00    0.00    0.00  100.00
00:22:38      16    0.00    0.00    0.00    0.00    0.00    0.00    0.00    0.00    0.00  100.00
00:22:38      17    0.00    0.00    0.00    0.00    0.00    0.00    0.00    0.00    0.00  100.00
00:22:38      18    0.00    0.00    0.00    0.00    0.00    0.00    0.00    0.00    0.00  100.00
00:22:38      19    0.00    0.00    0.00    0.00    0.00    0.00    0.00    0.00    0.00  100.00
00:22:38      20    0.00    0.00    0.00    0.00    0.00    0.00    0.00    0.00    0.00  100.00
00:22:38      21    0.00    0.00    0.00    0.00    0.00    0.00    0.00    0.00    0.00  100.00
00:22:38      22    0.00    0.00    1.00    0.00    0.00    0.00    0.00    0.00    0.00   99.00
00:22:38      23    0.00    0.00    0.00    0.00    0.00    0.00    0.00    0.00    0.00  100.00
00:22:38      24    0.00    0.00    0.00    0.00    0.00    0.00    0.00    0.00    0.00  100.00
00:22:38      25    0.00    0.00    0.00    0.00    0.00    0.00    0.00    0.00    0.00  100.00
00:22:38      26    0.00    0.00    0.00    0.00    0.00    0.00    0.00    0.00    0.00  100.00
00:22:38      27    0.00    0.00    0.00    0.00    0.00    0.00    0.00    0.00    0.00  100.00
00:22:38      28    0.00    0.00    0.00    0.00    0.00    0.00    0.00    0.00    0.00  100.00
00:22:38      29    0.00    0.00    0.00    0.00    0.00    0.00    0.00    0.00    0.00  100.00
00:22:38      30    0.00    0.00    0.00    0.00    0.00    0.00    0.00    0.00    0.00  100.00
00:22:38      31    0.00    0.00    0.00    0.00    0.00    0.00    0.00    0.00    0.00  100.00

00:22:38     CPU    %usr   %nice    %sys %iowait    %irq   %soft  %steal  %guest  %gnice   %idle
00:22:39     all    3.12    0.00    0.09    0.00    0.00    0.00    0.00    0.00    0.00   96.78
00:22:39       0    0.00    0.00    0.00    0.00    0.00    0.00    0.00    0.00    0.00  100.00
00:22:39       1    0.00    0.00    1.98    0.00    0.00    0.00    0.00    0.00    0.00   98.02
00:22:39       2    0.00    0.00    0.00    0.00    0.00    0.00    0.00    0.00    0.00  100.00
00:22:39       3    0.00    0.00    0.00    0.00    0.00    0.00    0.00    0.00    0.00  100.00
00:22:39       4    0.99    0.00    0.00    0.00    0.00    0.00    0.00    0.00    0.00   99.01
00:22:39       5    0.00    0.00    0.00    0.00    0.00    0.00    0.00    0.00    0.00  100.00
00:22:39       6    0.00    0.00    0.00    0.00    0.00    0.00    0.00    0.00    0.00  100.00
00:22:39       7    0.00    0.00    0.00    0.00    0.00    0.00    0.00    0.00    0.00  100.00
00:22:39       8    0.00    0.00    0.00    0.00    0.00    0.00    0.00    0.00    0.00  100.00
00:22:39       9    0.00    0.00    0.00    0.00    0.00    0.00    0.00    0.00    0.00  100.00
00:22:39      10    0.00    0.00    0.00    0.00    0.00    0.00    0.00    0.00    0.00  100.00
00:22:39      11    0.00    0.00    0.00    0.00    0.00    0.00    0.00    0.00    0.00  100.00
00:22:39      12    0.00    0.00    0.00    0.00    0.00    0.00    0.00    0.00    0.00  100.00
00:22:39      13    0.00    0.00    0.00    0.00    0.00    0.00    0.00    0.00    0.00  100.00
00:22:39      14   98.99    0.00    1.01    0.00    0.00    0.00    0.00    0.00    0.00    0.00
00:22:39      15    0.00    0.00    0.00    0.00    0.00    0.00    0.00    0.00    0.00  100.00
00:22:39      16    0.00    0.00    0.00    0.00    0.00    0.00    0.00    0.00    0.00  100.00
00:22:39      17    0.00    0.00    0.00    0.00    0.00    0.00    0.00    0.00    0.00  100.00
00:22:39      18    0.00    0.00    0.00    0.00    0.00    0.00    0.00    0.00    0.00  100.00
00:22:39      19    0.00    0.00    0.00    0.00    0.00    0.00    0.00    0.00    0.00  100.00
00:22:39      20    0.00    0.00    0.00    0.00    0.00    0.00    0.00    0.00    0.00  100.00
00:22:39      21    0.00    0.00    0.00    0.00    0.00    0.00    0.00    0.00    0.00  100.00
00:22:39      22    1.00    0.00    0.00    0.00    0.00    0.00    0.00    0.00    0.00   99.00
00:22:39      23    0.00    0.00    0.00    0.00    0.00    0.00    0.00    0.00    0.00  100.00
00:22:39      24    0.00    0.00    0.00    0.00    0.00    0.00    0.00    0.00    0.00  100.00
00:22:39      25    0.00    0.00    0.00    0.00    0.00    0.00    0.00    0.00    0.00  100.00
00:22:39      26    0.00    0.00    0.00    0.00    0.00    0.00    0.00    0.00    0.00  100.00
00:22:39      27    0.00    0.00    0.00    0.00    0.00    0.00    0.00    0.00    0.00  100.00
00:22:39      28    0.00    0.00    0.00    0.00    0.00    0.00    0.00    0.00    0.00  100.00
00:22:39      29    0.00    0.00    0.00    0.00    0.00    0.00    0.00    0.00    0.00  100.00
00:22:39      30    0.00    0.00    0.00    0.00    0.00    0.00    0.00    0.00    0.00  100.00
00:22:39      31    0.00    0.00    0.00    0.00    0.00    0.00    0.00    0.00    0.00  100.00

00:22:39     CPU    %usr   %nice    %sys %iowait    %irq   %soft  %steal  %guest  %gnice   %idle
00:22:40     all    3.12    0.00    0.12    0.00    0.00    0.00    0.00    0.00    0.00   96.75
00:22:40       0    0.00    0.00    0.00    0.00    0.00    0.00    0.00    0.00    0.00  100.00
00:22:40       1    0.00    0.00    1.01    0.00    0.00    0.00    0.00    0.00    0.00   98.99
00:22:40       2    0.00    0.00    0.00    0.00    0.00    0.00    0.00    0.00    0.00  100.00
00:22:40       3    0.00    0.00    0.00    0.00    0.00    0.00    0.00    0.00    0.00  100.00
00:22:40       4    0.00    0.00    0.00    0.00    0.00    0.00    0.00    0.00    0.00  100.00
00:22:40       5    0.00    0.00    0.00    0.00    0.00    0.00    0.00    0.00    0.00  100.00
00:22:40       6    0.00    0.00    0.00    0.00    0.00    0.00    0.00    0.00    0.00  100.00
00:22:40       7    0.00    0.00    0.00    0.00    0.00    0.00    0.00    0.00    0.00  100.00
00:22:40       8    0.00    0.00    0.99    0.00    0.00    0.00    0.00    0.00    0.00   99.01
00:22:40       9    0.00    0.00    0.00    0.00    0.00    0.00    0.00    0.00    0.00  100.00
00:22:40      10    0.00    0.00    0.00    0.00    0.00    0.00    0.00    0.00    0.00  100.00
00:22:40      11    0.00    0.00    0.00    0.00    0.00    0.00    0.00    0.00    0.00  100.00
00:22:40      12    0.00    0.00    0.00    0.00    0.00    0.00    0.00    0.00    0.00  100.00
00:22:40      13    0.00    0.00    0.00    0.00    0.00    0.00    0.00    0.00    0.00  100.00
00:22:40      14   99.01    0.00    0.99    0.00    0.00    0.00    0.00    0.00    0.00    0.00
00:22:40      15    0.00    0.00    0.00    0.00    0.00    0.00    0.00    0.00    0.00  100.00
00:22:40      16    0.00    0.00    0.00    0.00    0.00    0.00    0.00    0.00    0.00  100.00
00:22:40      17    0.00    0.00    0.00    0.00    0.00    0.00    0.00    0.00    0.00  100.00
00:22:40      18    0.00    0.00    0.00    0.00    0.00    0.00    0.00    0.00    0.00  100.00
00:22:40      19    0.00    0.00    0.00    0.00    0.00    0.00    0.00    0.00    0.00  100.00
00:22:40      20    0.00    0.00    0.00    0.00    0.00    0.00    0.00    0.00    0.00  100.00
00:22:40      21    0.00    0.00    0.00    0.00    0.00    0.00    0.00    0.00    0.00  100.00
00:22:40      22    0.00    0.00    0.99    0.00    0.00    0.00    0.00    0.00    0.00   99.01
00:22:40      23    0.00    0.00    0.00    0.00    0.00    0.00    0.00    0.00    0.00  100.00
00:22:40      24    0.00    0.00    0.00    0.00    0.00    0.00    0.00    0.00    0.00  100.00
00:22:40      25    0.00    0.00    0.00    0.00    0.00    0.00    0.00    0.00    0.00  100.00
00:22:40      26    0.00    0.00    0.00    0.00    0.00    0.00    0.00    0.00    0.00  100.00
00:22:40      27    0.00    0.00    0.00    0.00    0.00    0.00    0.00    0.00    0.00  100.00
00:22:40      28    0.00    0.00    0.00    0.00    0.00    0.00    0.00    0.00    0.00  100.00
00:22:40      29    0.00    0.00    0.00    0.00    0.00    0.00    0.00    0.00    0.00  100.00
00:22:40      30    0.00    0.00    0.00    0.00    0.00    0.00    0.00    0.00    0.00  100.00
00:22:40      31    0.00    0.00    0.00    0.00    0.00    0.00    0.00    0.00    0.00  100.00

00:22:40     CPU    %usr   %nice    %sys %iowait    %irq   %soft  %steal  %guest  %gnice   %idle
00:22:41     all    3.10    0.00    0.03    0.00    0.00    0.00    0.00    0.00    0.00   96.87
00:22:41       0    0.00    0.00    0.00    0.00    0.00    0.00    0.00    0.00    0.00  100.00
00:22:41       1    0.00    0.00    0.00    0.00    0.00    0.00    0.00    0.00    0.00  100.00
00:22:41       2    0.00    0.00    0.00    0.00    0.00    0.00    0.00    0.00    0.00  100.00
00:22:41       3    0.00    0.00    0.00    0.00    0.00    0.00    0.00    0.00    0.00  100.00
00:22:41       4    0.00    0.00    0.00    0.00    0.00    0.00    0.00    0.00    0.00  100.00
00:22:41       5    0.00    0.00    0.00    0.00    0.00    0.00    0.00    0.00    0.00  100.00
00:22:41       6    0.00    0.00    0.00    0.00    0.00    0.00    0.00    0.00    0.00  100.00
00:22:41       7    0.00    0.00    0.00    0.00    0.00    0.00    0.00    0.00    0.00  100.00
00:22:41       8    0.00    0.00    0.00    0.00    0.00    0.00    0.00    0.00    0.00  100.00
00:22:41       9    0.00    0.00    0.00    0.00    0.00    0.00    0.00    0.00    0.00  100.00
00:22:41      10    0.00    0.00    0.00    0.00    0.00    0.00    0.00    0.00    0.00  100.00
00:22:41      11    0.00    0.00    0.00    0.00    0.00    0.00    0.00    0.00    0.00  100.00
00:22:41      12    0.00    0.00    0.00    0.00    0.00    0.00    0.00    0.00    0.00  100.00
00:22:41      13    0.00    0.00    0.00    0.00    0.00    0.00    0.00    0.00    0.00  100.00
00:22:41      14   99.00    0.00    1.00    0.00    0.00    0.00    0.00    0.00    0.00    0.00
00:22:41      15    0.00    0.00    0.00    0.00    0.00    0.00    0.00    0.00    0.00  100.00
00:22:41      16    0.00    0.00    0.00    0.00    0.00    0.00    0.00    0.00    0.00  100.00
00:22:41      17    0.00    0.00    0.00    0.00    0.00    0.00    0.00    0.00    0.00  100.00
00:22:41      18    0.00    0.00    0.00    0.00    0.00    0.00    0.00    0.00    0.00  100.00
00:22:41      19    0.00    0.00    0.00    0.00    0.00    0.00    0.00    0.00    0.00  100.00
00:22:41      20    0.00    0.00    0.00    0.00    0.00    0.00    0.00    0.00    0.00  100.00
00:22:41      21    0.00    0.00    0.00    0.00    0.00    0.00    0.00    0.00    0.00  100.00
00:22:41      22    0.00    0.00    0.00    0.00    0.00    0.00    0.00    0.00    0.00  100.00
00:22:41      23    0.00    0.00    0.00    0.00    0.00    0.00    0.00    0.00    0.00  100.00
00:22:41      24    0.00    0.00    0.00    0.00    0.00    0.00    0.00    0.00    0.00  100.00
00:22:41      25    0.00    0.00    0.00    0.00    0.00    0.00    0.00    0.00    0.00  100.00
00:22:41      26    0.00    0.00    0.00    0.00    0.00    0.00    0.00    0.00    0.00  100.00
00:22:41      27    0.00    0.00    0.00    0.00    0.00    0.00    0.00    0.00    0.00  100.00
00:22:41      28    0.00    0.00    0.00    0.00    0.00    0.00    0.00    0.00    0.00  100.00
00:22:41      29    0.00    0.00    0.00    0.00    0.00    0.00    0.00    0.00    0.00  100.00
00:22:41      30    0.00    0.00    0.00    0.00    0.00    0.00    0.00    0.00    0.00  100.00
00:22:41      31    0.00    0.00    0.00    0.00    0.00    0.00    0.00    0.00    0.00  100.00

00:22:41     CPU    %usr   %nice    %sys %iowait    %irq   %soft  %steal  %guest  %gnice   %idle
00:22:42     all    3.09    0.00    0.03    0.00    0.00    0.00    0.00    0.00    0.00   96.87
00:22:42       0    0.00    0.00    0.00    0.00    0.00    0.00    0.00    0.00    0.00  100.00
00:22:42       1    0.00    0.00    0.00    0.00    0.00    0.00    0.00    0.00    0.00  100.00
00:22:42       2    0.00    0.00    0.00    0.00    0.00    0.00    0.00    0.00    0.00  100.00
00:22:42       3    0.00    0.00    0.00    0.00    0.00    0.00    0.00    0.00    0.00  100.00
00:22:42       4    0.00    0.00    0.00    0.00    0.00    0.00    0.00    0.00    0.00  100.00
00:22:42       5    0.00    0.00    0.00    0.00    0.00    0.00    0.00    0.00    0.00  100.00
00:22:42       6    0.00    0.00    0.00    0.00    0.00    0.00    0.00    0.00    0.00  100.00
00:22:42       7    0.00    0.00    0.00    0.00    0.00    0.00    0.00    0.00    0.00  100.00
00:22:42       8    0.00    0.00    0.00    0.00    0.00    0.00    0.00    0.00    0.00  100.00
00:22:42       9    0.00    0.00    0.00    0.00    0.00    0.00    0.00    0.00    0.00  100.00
00:22:42      10    0.00    0.00    0.00    0.00    0.00    0.00    0.00    0.00    0.00  100.00
00:22:42      11    0.00    0.00    0.00    0.00    0.00    0.00    0.00    0.00    0.00  100.00
00:22:42      12    0.00    0.00    0.00    0.00    0.00    0.00    0.00    0.00    0.00  100.00
00:22:42      13    0.00    0.00    0.00    0.00    0.00    0.00    0.00    0.00    0.00  100.00
00:22:42      14   99.00    0.00    1.00    0.00    0.00    0.00    0.00    0.00    0.00    0.00
00:22:42      15    0.00    0.00    0.00    0.00    0.00    0.00    0.00    0.00    0.00  100.00
00:22:42      16    0.00    0.00    0.00    0.00    0.00    0.00    0.00    0.00    0.00  100.00
00:22:42      17    0.00    0.00    0.00    0.00    0.00    0.00    0.00    0.00    0.00  100.00
00:22:42      18    0.00    0.00    0.00    0.00    0.00    0.00    0.00    0.00    0.00  100.00
00:22:42      19    0.00    0.00    0.00    0.00    0.00    0.00    0.00    0.00    0.00  100.00
00:22:42      20    0.00    0.00    0.00    0.00    0.00    0.00    0.00    0.00    0.00  100.00
00:22:42      21    0.00    0.00    0.00    0.00    0.00    0.00    0.00    0.00    0.00  100.00
00:22:42      22    0.00    0.00    0.00    0.00    0.00    0.00    0.00    0.00    0.00  100.00
00:22:42      23    0.00    0.00    0.00    0.00    0.00    0.00    0.00    0.00    0.00  100.00
00:22:42      24    0.00    0.00    0.00    0.00    0.00    0.00    0.00    0.00    0.00  100.00
00:22:42      25    0.00    0.00    0.00    0.00    0.00    0.00    0.00    0.00    0.00  100.00
00:22:42      26    0.00    0.00    0.00    0.00    0.00    0.00    0.00    0.00    0.00  100.00
00:22:42      27    0.00    0.00    0.00    0.00    0.00    0.00    0.00    0.00    0.00  100.00
00:22:42      28    0.00    0.00    0.00    0.00    0.00    0.00    0.00    0.00    0.00  100.00
00:22:42      29    0.00    0.00    0.00    0.00    0.00    0.00    0.00    0.00    0.00  100.00
00:22:42      30    0.00    0.00    0.00    0.00    0.00    0.00    0.00    0.00    0.00  100.00
00:22:42      31    0.00    0.00    0.00    0.00    0.00    0.00    0.00    0.00    0.00  100.00

00:22:42     CPU    %usr   %nice    %sys %iowait    %irq   %soft  %steal  %guest  %gnice   %idle
00:22:43     all    3.09    0.00    0.09    0.00    0.00    0.00    0.00    0.00    0.00   96.81
00:22:43       0    0.00    0.00    0.00    0.00    0.00    0.00    0.00    0.00    0.00  100.00
00:22:43       1    0.00    0.00    0.00    0.00    0.00    0.00    0.00    0.00    0.00  100.00
00:22:43       2    0.00    0.00    0.00    0.00    0.00    0.00    0.00    0.00    0.00  100.00
00:22:43       3    0.00    0.00    0.00    0.00    0.00    0.00    0.00    0.00    0.00  100.00
00:22:43       4    0.00    0.00    0.00    0.00    0.00    0.00    0.00    0.00    0.00  100.00
00:22:43       5    0.00    0.00    0.00    0.00    0.00    0.00    0.00    0.00    0.00  100.00
00:22:43       6    0.00    0.00    0.00    0.00    0.00    0.00    0.00    0.00    0.00  100.00
00:22:43       7    0.00    0.00    0.00    0.00    0.00    0.00    0.00    0.00    0.00  100.00
00:22:43       8    0.00    0.00    0.00    0.00    0.00    0.00    0.00    0.00    0.00  100.00
00:22:43       9    0.00    0.00    0.00    0.00    0.00    0.00    0.00    0.00    0.00  100.00
00:22:43      10    0.00    0.00    0.99    0.00    0.00    0.00    0.00    0.00    0.00   99.01
00:22:43      11    0.00    0.00    0.00    0.00    0.00    0.00    0.00    0.00    0.00  100.00
00:22:43      12    0.00    0.00    0.00    0.00    0.00    0.00    0.00    0.00    0.00  100.00
00:22:43      13    0.00    0.00    0.00    0.00    0.00    0.00    0.00    0.00    0.00  100.00
00:22:43      14   98.99    0.00    1.01    0.00    0.00    0.00    0.00    0.00    0.00    0.00
00:22:43      15    0.00    0.00    0.00    0.00    0.00    0.00    0.00    0.00    0.00  100.00
00:22:43      16    0.00    0.00    0.00    0.00    0.00    0.00    0.00    0.00    0.00  100.00
00:22:43      17    0.00    0.00    0.00    0.00    0.00    0.00    0.00    0.00    0.00  100.00
00:22:43      18    0.00    0.00    0.00    0.00    0.00    0.00    0.00    0.00    0.00  100.00
00:22:43      19    0.00    0.00    0.00    0.00    0.00    0.00    0.00    0.00    0.00  100.00
00:22:43      20    0.00    0.00    0.00    0.00    0.00    0.00    0.00    0.00    0.00  100.00
00:22:43      21    0.00    0.00    0.00    0.00    0.00    0.00    0.00    0.00    0.00  100.00
00:22:43      22    0.98    0.00    0.98    0.00    0.00    0.00    0.00    0.00    0.00   98.04
00:22:43      23    0.00    0.00    0.00    0.00    0.00    0.00    0.00    0.00    0.00  100.00
00:22:43      24    0.00    0.00    0.00    0.00    0.00    0.00    0.00    0.00    0.00  100.00
00:22:43      25    0.00    0.00    0.00    0.00    0.00    0.00    0.00    0.00    0.00  100.00
00:22:43      26    0.00    0.00    0.00    0.00    0.00    0.00    0.00    0.00    0.00  100.00
00:22:43      27    0.00    0.00    0.00    0.00    0.00    0.00    0.00    0.00    0.00  100.00
00:22:43      28    0.00    0.00    0.00    0.00    0.00    0.00    0.00    0.00    0.00  100.00
00:22:43      29    0.00    0.00    0.00    0.00    0.00    0.00    0.00    0.00    0.00  100.00
00:22:43      30    0.00    0.00    0.00    0.00    0.00    0.00    0.00    0.00    0.00  100.00
00:22:43      31    0.00    0.00    0.00    0.00    0.00    0.00    0.00    0.00    0.00  100.00

00:22:43     CPU    %usr   %nice    %sys %iowait    %irq   %soft  %steal  %guest  %gnice   %idle
00:22:44     all    3.12    0.00    0.12    0.00    0.00    0.00    0.00    0.00    0.00   96.75
00:22:44       0    0.00    0.00    0.00    0.00    0.00    0.00    0.00    0.00    0.00  100.00
00:22:44       1    0.00    0.00    0.00    0.00    0.00    0.00    0.00    0.00    0.00  100.00
00:22:44       2    0.00    0.00    0.00    0.00    0.00    0.00    0.00    0.00    0.00  100.00
00:22:44       3    0.00    0.00    0.00    0.00    0.00    0.00    0.00    0.00    0.00  100.00
00:22:44       4    0.00    0.00    0.00    0.00    0.00    0.00    0.00    0.00    0.00  100.00
00:22:44       5    0.00    0.00    0.00    0.00    0.00    0.00    0.00    0.00    0.00  100.00
00:22:44       6    0.00    0.00    0.00    0.00    0.00    0.00    0.00    0.00    0.00  100.00
00:22:44       7    0.00    0.00    0.00    0.00    0.00    0.00    0.00    0.00    0.00  100.00
00:22:44       8    0.00    0.00    0.00    0.00    0.00    0.00    0.00    0.00    0.00  100.00
00:22:44       9    0.00    0.00    0.00    0.00    0.00    0.00    0.00    0.00    0.00  100.00
00:22:44      10    0.00    0.00    0.00    0.00    0.00    0.00    0.00    0.00    0.00  100.00
00:22:44      11    0.00    0.00    0.00    0.00    0.00    0.00    0.00    0.00    0.00  100.00
00:22:44      12    0.00    0.00    0.00    0.00    0.00    0.00    0.00    0.00    0.00  100.00
00:22:44      13    0.00    0.00    0.99    0.00    0.00    0.00    0.00    0.00    0.00   99.01
00:22:44      14   99.01    0.00    0.99    0.00    0.00    0.00    0.00    0.00    0.00    0.00
00:22:44      15    0.00    0.00    0.00    0.00    0.00    0.00    0.00    0.00    0.00  100.00
00:22:44      16    0.00    0.00    0.00    0.00    0.00    0.00    0.00    0.00    0.00  100.00
00:22:44      17    0.00    0.00    0.00    0.00    0.00    0.00    0.00    0.00    0.00  100.00
00:22:44      18    0.00    0.00    0.00    0.00    0.00    0.00    0.00    0.00    0.00  100.00
00:22:44      19    0.00    0.00    0.00    0.00    0.00    0.00    0.00    0.00    0.00  100.00
00:22:44      20    0.00    0.00    0.00    0.00    0.00    0.00    0.00    0.00    0.00  100.00
00:22:44      21    0.00    0.00    0.00    0.00    0.00    0.00    0.00    0.00    0.00  100.00
00:22:44      22    0.00    0.00    0.00    0.00    0.00    0.00    0.00    0.00    0.00  100.00
00:22:44      23    0.00    0.00    0.99    0.00    0.00    0.00    0.00    0.00    0.00   99.01
00:22:44      24    0.00    0.00    0.00    0.00    0.00    0.00    0.00    0.00    0.00  100.00
00:22:44      25    0.00    0.00    0.00    0.00    0.00    0.00    0.00    0.00    0.00  100.00
00:22:44      26    0.00    0.00    0.00    0.00    0.00    0.00    0.00    0.00    0.00  100.00
00:22:44      27    0.00    0.00    0.00    0.00    0.00    0.00    0.00    0.00    0.00  100.00
00:22:44      28    0.00    0.00    0.00    0.00    0.00    0.00    0.00    0.00    0.00  100.00
00:22:44      29    0.00    0.00    0.00    0.00    0.00    0.00    0.00    0.00    0.00  100.00
00:22:44      30    0.00    0.00    0.99    0.00    0.00    0.00    0.00    0.00    0.00   99.01
00:22:44      31    0.00    0.00    0.00    0.00    0.00    0.00    0.00    0.00    0.00  100.00

00:22:44     CPU    %usr   %nice    %sys %iowait    %irq   %soft  %steal  %guest  %gnice   %idle
00:22:45     all    3.07    0.00    0.06    0.00    0.00    0.00    0.00    0.00    0.00   96.87
00:22:45       0    0.00    0.00    0.00    0.00    0.00    0.00    0.00    0.00    0.00  100.00
00:22:45       1    0.00    0.00    0.00    0.00    0.00    0.00    0.00    0.00    0.00  100.00
00:22:45       2    0.00    0.00    0.00    0.00    0.00    0.00    0.00    0.00    0.00  100.00
00:22:45       3    0.00    0.00    0.00    0.00    0.00    0.00    0.00    0.00    0.00  100.00
00:22:45       4    0.00    0.00    0.99    0.00    0.00    0.00    0.00    0.00    0.00   99.01
00:22:45       5    0.00    0.00    0.00    0.00    0.00    0.00    0.00    0.00    0.00  100.00
00:22:45       6    0.00    0.00    0.00    0.00    0.00    0.00    0.00    0.00    0.00  100.00
00:22:45       7    0.00    0.00    0.00    0.00    0.00    0.00    0.00    0.00    0.00  100.00
00:22:45       8    0.00    0.00    0.00    0.00    0.00    0.00    0.00    0.00    0.00  100.00
00:22:45       9    0.00    0.00    0.00    0.00    0.00    0.00    0.00    0.00    0.00  100.00
00:22:45      10    0.00    0.00    0.00    0.00    0.00    0.00    0.00    0.00    0.00  100.00
00:22:45      11    0.00    0.00    0.00    0.00    0.00    0.00    0.00    0.00    0.00  100.00
00:22:45      12    0.00    0.00    0.00    0.00    0.00    0.00    0.00    0.00    0.00  100.00
00:22:45      13    0.00    0.00    0.00    0.00    0.00    0.00    0.00    0.00    0.00  100.00
00:22:45      14   98.99    0.00    1.01    0.00    0.00    0.00    0.00    0.00    0.00    0.00
00:22:45      15    0.00    0.00    0.00    0.00    0.00    0.00    0.00    0.00    0.00  100.00
00:22:45      16    0.00    0.00    0.00    0.00    0.00    0.00    0.00    0.00    0.00  100.00
00:22:45      17    0.00    0.00    0.00    0.00    0.00    0.00    0.00    0.00    0.00  100.00
00:22:45      18    0.00    0.00    0.00    0.00    0.00    0.00    0.00    0.00    0.00  100.00
00:22:45      19    0.00    0.00    0.00    0.00    0.00    0.00    0.00    0.00    0.00  100.00
00:22:45      20    0.00    0.00    0.00    0.00    0.00    0.00    0.00    0.00    0.00  100.00
00:22:45      21    0.00    0.00    0.00    0.00    0.00    0.00    0.00    0.00    0.00  100.00
00:22:45      22    0.00    0.00    0.00    0.00    0.00    0.00    0.00    0.00    0.00  100.00
00:22:45      23    0.00    0.00    0.00    0.00    0.00    0.00    0.00    0.00    0.00  100.00
00:22:45      24    0.00    0.00    0.00    0.00    0.00    0.00    0.00    0.00    0.00  100.00
00:22:45      25    0.00    0.00    0.00    0.00    0.00    0.00    0.00    0.00    0.00  100.00
00:22:45      26    0.00    0.00    0.00    0.00    0.00    0.00    0.00    0.00    0.00  100.00
00:22:45      27    0.00    0.00    0.00    0.00    0.00    0.00    0.00    0.00    0.00  100.00
00:22:45      28    0.00    0.00    0.00    0.00    0.00    0.00    0.00    0.00    0.00  100.00
00:22:45      29    0.00    0.00    0.00    0.00    0.00    0.00    0.00    0.00    0.00  100.00
00:22:45      30    0.00    0.00    0.00    0.00    0.00    0.00    0.00    0.00    0.00  100.00
00:22:45      31    0.00    0.00    0.00    0.00    0.00    0.00    0.00    0.00    0.00  100.00

00:22:45     CPU    %usr   %nice    %sys %iowait    %irq   %soft  %steal  %guest  %gnice   %idle
00:22:46     all    3.09    0.00    0.09    0.00    0.00    0.00    0.00    0.00    0.00   96.81
00:22:46       0    0.00    0.00    0.00    0.00    0.00    0.00    0.00    0.00    0.00  100.00
00:22:46       1    0.00    0.00    0.00    0.00    0.00    0.00    0.00    0.00    0.00  100.00
00:22:46       2    0.00    0.00    0.00    0.00    0.00    0.00    0.00    0.00    0.00  100.00
00:22:46       3    0.00    0.00    0.00    0.00    0.00    0.00    0.00    0.00    0.00  100.00
00:22:46       4    0.00    0.00    0.00    0.00    0.00    0.00    0.00    0.00    0.00  100.00
00:22:46       5    0.00    0.00    0.00    0.00    0.00    0.00    0.00    0.00    0.00  100.00
00:22:46       6    0.00    0.00    0.00    0.00    0.00    0.00    0.00    0.00    0.00  100.00
00:22:46       7    0.00    0.00    0.00    0.00    0.00    0.00    0.00    0.00    0.00  100.00
00:22:46       8    0.00    0.00    0.00    0.00    0.00    0.00    0.00    0.00    0.00  100.00
00:22:46       9    0.00    0.00    0.00    0.00    0.00    0.00    0.00    0.00    0.00  100.00
00:22:46      10    0.00    0.00    0.00    0.00    0.00    0.00    0.00    0.00    0.00  100.00
00:22:46      11    0.00    0.00    0.00    0.00    0.00    0.00    0.00    0.00    0.00  100.00
00:22:46      12    0.00    0.00    0.00    0.00    0.00    0.00    0.00    0.00    0.00  100.00
00:22:46      13    0.00    0.00    0.00    0.00    0.00    0.00    0.00    0.00    0.00  100.00
00:22:46      14   98.00    0.00    2.00    0.00    0.00    0.00    0.00    0.00    0.00    0.00
00:22:46      15    0.00    0.00    0.00    0.00    0.00    0.00    0.00    0.00    0.00  100.00
00:22:46      16    0.00    0.00    0.00    0.00    0.00    0.00    0.00    0.00    0.00  100.00
00:22:46      17    0.00    0.00    0.00    0.00    0.00    0.00    0.00    0.00    0.00  100.00
00:22:46      18    0.00    0.00    0.00    0.00    0.00    0.00    0.00    0.00    0.00  100.00
00:22:46      19    0.00    0.00    0.00    0.00    0.00    0.00    0.00    0.00    0.00  100.00
00:22:46      20    0.00    0.00    0.00    0.00    0.00    0.00    0.00    0.00    0.00  100.00
00:22:46      21    0.00    0.00    0.00    0.00    0.00    0.00    0.00    0.00    0.00  100.00
00:22:46      22    0.00    0.00    0.99    0.00    0.00    0.00    0.00    0.00    0.00   99.01
00:22:46      23    0.99    0.00    0.00    0.00    0.00    0.00    0.00    0.00    0.00   99.01
00:22:46      24    0.00    0.00    0.00    0.00    0.00    0.00    0.00    0.00    0.00  100.00
00:22:46      25    0.00    0.00    0.00    0.00    0.00    0.00    0.00    0.00    0.00  100.00
00:22:46      26    0.00    0.00    0.00    0.00    0.00    0.00    0.00    0.00    0.00  100.00
00:22:46      27    0.00    0.00    0.00    0.00    0.00    0.00    0.00    0.00    0.00  100.00
00:22:46      28    0.00    0.00    0.00    0.00    0.00    0.00    0.00    0.00    0.00  100.00
00:22:46      29    0.00    0.00    0.00    0.00    0.00    0.00    0.00    0.00    0.00  100.00
00:22:46      30    0.00    0.00    0.00    0.00    0.00    0.00    0.00    0.00    0.00  100.00
00:22:46      31    0.00    0.00    0.00    0.00    0.00    0.00    0.00    0.00    0.00  100.00

00:22:46     CPU    %usr   %nice    %sys %iowait    %irq   %soft  %steal  %guest  %gnice   %idle
00:22:47     all    3.12    0.00    0.09    0.00    0.00    0.00    0.00    0.00    0.00   96.78
00:22:47       0    0.00    0.00    0.00    0.00    0.00    0.00    0.00    0.00    0.00  100.00
00:22:47       1    0.00    0.00    0.00    0.00    0.00    0.00    0.00    0.00    0.00  100.00
00:22:47       2    0.00    0.00    0.00    0.00    0.00    0.00    0.00    0.00    0.00  100.00
00:22:47       3    0.00    0.00    0.00    0.00    0.00    0.00    0.00    0.00    0.00  100.00
00:22:47       4    0.00    0.00    0.00    0.00    0.00    0.00    0.00    0.00    0.00  100.00
00:22:47       5    0.00    0.00    0.00    0.00    0.00    0.00    0.00    0.00    0.00  100.00
00:22:47       6    0.00    0.00    0.00    0.00    0.00    0.00    0.00    0.00    0.00  100.00
00:22:47       7    0.00    0.00    0.00    0.00    0.00    0.00    0.00    0.00    0.00  100.00
00:22:47       8    0.00    0.00    0.00    0.00    0.00    0.00    0.00    0.00    0.00  100.00
00:22:47       9    0.00    0.00    0.00    0.00    0.00    0.00    0.00    0.00    0.00  100.00
00:22:47      10    0.00    0.00    0.00    0.00    0.00    0.00    0.00    0.00    0.00  100.00
00:22:47      11    0.00    0.00    0.99    0.00    0.00    0.00    0.00    0.00    0.00   99.01
00:22:47      12    0.00    0.00    0.00    0.00    0.00    0.00    0.00    0.00    0.00  100.00
00:22:47      13    0.00    0.00    0.00    0.00    0.00    0.00    0.00    0.00    0.00  100.00
00:22:47      14  100.00    0.00    0.00    0.00    0.00    0.00    0.00    0.00    0.00    0.00
00:22:47      15    0.00    0.00    0.00    0.00    0.00    0.00    0.00    0.00    0.00  100.00
00:22:47      16    0.00    0.00    0.00    0.00    0.00    0.00    0.00    0.00    0.00  100.00
00:22:47      17    0.00    0.00    0.00    0.00    0.00    0.00    0.00    0.00    0.00  100.00
00:22:47      18    0.00    0.00    0.00    0.00    0.00    0.00    0.00    0.00    0.00  100.00
00:22:47      19    0.00    0.00    0.00    0.00    0.00    0.00    0.00    0.00    0.00  100.00
00:22:47      20    0.00    0.00    0.00    0.00    0.00    0.00    0.00    0.00    0.00  100.00
00:22:47      21    0.00    0.00    0.00    0.00    0.00    0.00    0.00    0.00    0.00  100.00
00:22:47      22    0.00    0.00    1.00    0.00    0.00    0.00    0.00    0.00    0.00   99.00
00:22:47      23    0.00    0.00    0.99    0.00    0.00    0.00    0.00    0.00    0.00   99.01
00:22:47      24    0.00    0.00    0.00    0.00    0.00    0.00    0.00    0.00    0.00  100.00
00:22:47      25    0.00    0.00    0.00    0.00    0.00    0.00    0.00    0.00    0.00  100.00
00:22:47      26    0.00    0.00    0.00    0.00    0.00    0.00    0.00    0.00    0.00  100.00
00:22:47      27    0.00    0.00    0.00    0.00    0.00    0.00    0.00    0.00    0.00  100.00
00:22:47      28    0.00    0.00    0.00    0.00    0.00    0.00    0.00    0.00    0.00  100.00
00:22:47      29    0.00    0.00    0.00    0.00    0.00    0.00    0.00    0.00    0.00  100.00
00:22:47      30    0.00    0.00    0.00    0.00    0.00    0.00    0.00    0.00    0.00  100.00
00:22:47      31    0.00    0.00    0.00    0.00    0.00    0.00    0.00    0.00    0.00  100.00

00:22:47     CPU    %usr   %nice    %sys %iowait    %irq   %soft  %steal  %guest  %gnice   %idle
00:22:48     all    3.13    0.00    0.03    0.00    0.00    0.00    0.00    0.00    0.00   96.84
00:22:48       0    0.00    0.00    0.00    0.00    0.00    0.00    0.00    0.00    0.00  100.00
00:22:48       1    0.00    0.00    0.00    0.00    0.00    0.00    0.00    0.00    0.00  100.00
00:22:48       2    0.00    0.00    0.00    0.00    0.00    0.00    0.00    0.00    0.00  100.00
00:22:48       3    0.00    0.00    0.00    0.00    0.00    0.00    0.00    0.00    0.00  100.00
00:22:48       4    0.00    0.00    0.00    0.00    0.00    0.00    0.00    0.00    0.00  100.00
00:22:48       5    0.00    0.00    0.00    0.00    0.00    0.00    0.00    0.00    0.00  100.00
00:22:48       6    0.00    0.00    0.00    0.00    0.00    0.00    0.00    0.00    0.00  100.00
00:22:48       7    0.00    0.00    0.00    0.00    0.00    0.00    0.00    0.00    0.00  100.00
00:22:48       8    0.00    0.00    0.00    0.00    0.00    0.00    0.00    0.00    0.00  100.00
00:22:48       9    0.00    0.00    0.00    0.00    0.00    0.00    0.00    0.00    0.00  100.00
00:22:48      10    0.00    0.00    0.00    0.00    0.00    0.00    0.00    0.00    0.00  100.00
00:22:48      11    0.00    0.00    0.00    0.00    0.00    0.00    0.00    0.00    0.00  100.00
00:22:48      12    0.00    0.00    0.00    0.00    0.00    0.00    0.00    0.00    0.00  100.00
00:22:48      13    0.00    0.00    0.00    0.00    0.00    0.00    0.00    0.00    0.00  100.00
00:22:48      14   99.01    0.00    0.99    0.00    0.00    0.00    0.00    0.00    0.00    0.00
00:22:48      15    0.00    0.00    0.00    0.00    0.00    0.00    0.00    0.00    0.00  100.00
00:22:48      16    0.00    0.00    0.00    0.00    0.00    0.00    0.00    0.00    0.00  100.00
00:22:48      17    0.00    0.00    0.00    0.00    0.00    0.00    0.00    0.00    0.00  100.00
00:22:48      18    0.00    0.00    0.00    0.00    0.00    0.00    0.00    0.00    0.00  100.00
00:22:48      19    0.00    0.00    0.00    0.00    0.00    0.00    0.00    0.00    0.00  100.00
00:22:48      20    0.00    0.00    0.00    0.00    0.00    0.00    0.00    0.00    0.00  100.00
00:22:48      21    0.00    0.00    0.00    0.00    0.00    0.00    0.00    0.00    0.00  100.00
00:22:48      22    0.00    0.00    0.00    0.00    0.00    0.00    0.00    0.00    0.00  100.00
00:22:48      23    0.00    0.00    0.00    0.00    0.00    0.00    0.00    0.00    0.00  100.00
00:22:48      24    0.00    0.00    0.00    0.00    0.00    0.00    0.00    0.00    0.00  100.00
00:22:48      25    0.00    0.00    0.00    0.00    0.00    0.00    0.00    0.00    0.00  100.00
00:22:48      26    0.00    0.00    0.00    0.00    0.00    0.00    0.00    0.00    0.00  100.00
00:22:48      27    0.00    0.00    0.00    0.00    0.00    0.00    0.00    0.00    0.00  100.00
00:22:48      28    0.00    0.00    0.00    0.00    0.00    0.00    0.00    0.00    0.00  100.00
00:22:48      29    0.00    0.00    0.00    0.00    0.00    0.00    0.00    0.00    0.00  100.00
00:22:48      30    0.00    0.00    0.00    0.00    0.00    0.00    0.00    0.00    0.00  100.00
00:22:48      31    0.00    0.00    0.00    0.00    0.00    0.00    0.00    0.00    0.00  100.00

00:22:48     CPU    %usr   %nice    %sys %iowait    %irq   %soft  %steal  %guest  %gnice   %idle
00:22:49     all    3.13    0.00    0.06    0.00    0.00    0.00    0.00    0.00    0.00   96.81
00:22:49       0    0.00    0.00    0.00    0.00    0.00    0.00    0.00    0.00    0.00  100.00
00:22:49       1    0.00    0.00    2.00    0.00    0.00    0.00    0.00    0.00    0.00   98.00
00:22:49       2    0.00    0.00    0.00    0.00    0.00    0.00    0.00    0.00    0.00  100.00
00:22:49       3    0.00    0.00    0.00    0.00    0.00    0.00    0.00    0.00    0.00  100.00
00:22:49       4    0.00    0.00    0.00    0.00    0.00    0.00    0.00    0.00    0.00  100.00
00:22:49       5    0.00    0.00    0.00    0.00    0.00    0.00    0.00    0.00    0.00  100.00
00:22:49       6    0.00    0.00    0.00    0.00    0.00    0.00    0.00    0.00    0.00  100.00
00:22:49       7    0.00    0.00    0.00    0.00    0.00    0.00    0.00    0.00    0.00  100.00
00:22:49       8    0.00    0.00    0.00    0.00    0.00    0.00    0.00    0.00    0.00  100.00
00:22:49       9    0.00    0.00    0.00    0.00    0.00    0.00    0.00    0.00    0.00  100.00
00:22:49      10    0.00    0.00    0.00    0.00    0.00    0.00    0.00    0.00    0.00  100.00
00:22:49      11    0.00    0.00    0.00    0.00    0.00    0.00    0.00    0.00    0.00  100.00
00:22:49      12    0.00    0.00    0.00    0.00    0.00    0.00    0.00    0.00    0.00  100.00
00:22:49      13    0.00    0.00    0.00    0.00    0.00    0.00    0.00    0.00    0.00  100.00
00:22:49      14  100.00    0.00    0.00    0.00    0.00    0.00    0.00    0.00    0.00    0.00
00:22:49      15    0.00    0.00    0.00    0.00    0.00    0.00    0.00    0.00    0.00  100.00
00:22:49      16    0.00    0.00    0.00    0.00    0.00    0.00    0.00    0.00    0.00  100.00
00:22:49      17    0.00    0.00    0.00    0.00    0.00    0.00    0.00    0.00    0.00  100.00
00:22:49      18    0.00    0.00    0.00    0.00    0.00    0.00    0.00    0.00    0.00  100.00
00:22:49      19    0.00    0.00    0.00    0.00    0.00    0.00    0.00    0.00    0.00  100.00
00:22:49      20    0.00    0.00    0.00    0.00    0.00    0.00    0.00    0.00    0.00  100.00
00:22:49      21    0.00    0.00    0.00    0.00    0.00    0.00    0.00    0.00    0.00  100.00
00:22:49      22    0.00    0.00    0.00    0.00    0.00    0.00    0.00    0.00    0.00  100.00
00:22:49      23    0.00    0.00    0.00    0.00    0.00    0.00    0.00    0.00    0.00  100.00
00:22:49      24    0.00    0.00    0.00    0.00    0.00    0.00    0.00    0.00    0.00  100.00
00:22:49      25    0.00    0.00    0.00    0.00    0.00    0.00    0.00    0.00    0.00  100.00
00:22:49      26    0.00    0.00    0.00    0.00    0.00    0.00    0.00    0.00    0.00  100.00
00:22:49      27    0.00    0.00    0.00    0.00    0.00    0.00    0.00    0.00    0.00  100.00
00:22:49      28    0.00    0.00    0.00    0.00    0.00    0.00    0.00    0.00    0.00  100.00
00:22:49      29    0.00    0.00    0.00    0.00    0.00    0.00    0.00    0.00    0.00  100.00
00:22:49      30    0.00    0.00    0.00    0.00    0.00    0.00    0.00    0.00    0.00  100.00
00:22:49      31    0.00    0.00    0.00    0.00    0.00    0.00    0.00    0.00    0.00  100.00

00:22:49     CPU    %usr   %nice    %sys %iowait    %irq   %soft  %steal  %guest  %gnice   %idle
00:22:50     all    3.19    0.00    0.25    0.00    0.00    0.00    0.00    0.00    0.00   96.56
00:22:50       0    1.00    0.00    0.00    0.00    0.00    0.00    0.00    0.00    0.00   99.00
00:22:50       1    0.00    0.00    0.00    0.00    0.00    0.00    0.00    0.00    0.00  100.00
00:22:50       2    1.00    0.00    0.00    0.00    0.00    0.00    0.00    0.00    0.00   99.00
00:22:50       3    1.01    0.00    0.00    0.00    0.00    0.00    0.00    0.00    0.00   98.99
00:22:50       4    0.00    0.00    3.03    0.00    0.00    0.00    0.00    0.00    0.00   96.97
00:22:50       5    0.00    0.00    0.00    0.00    0.00    0.00    0.00    0.00    0.00  100.00
00:22:50       6    0.00    0.00    0.00    0.00    0.00    0.00    0.00    0.00    0.00  100.00
00:22:50       7    0.00    0.00    0.00    0.00    0.00    0.00    0.00    0.00    0.00  100.00
00:22:50       8    0.00    0.00    1.00    0.00    0.00    0.00    0.00    0.00    0.00   99.00
00:22:50       9    0.00    0.00    1.00    0.00    0.00    0.00    0.00    0.00    0.00   99.00
00:22:50      10    0.00    0.00    0.00    0.00    0.00    0.00    0.00    0.00    0.00  100.00
00:22:50      11    0.00    0.00    0.00    0.00    0.00    0.00    0.00    0.00    0.00  100.00
00:22:50      12    0.00    0.00    0.00    0.00    0.00    0.00    0.00    0.00    0.00  100.00
00:22:50      13    0.00    0.00    0.00    0.00    0.00    0.00    0.00    0.00    0.00  100.00
00:22:50      14   98.99    0.00    1.01    0.00    0.00    0.00    0.00    0.00    0.00    0.00
00:22:50      15    0.00    0.00    0.00    0.00    0.00    0.00    0.00    0.00    0.00  100.00
00:22:50      16    0.00    0.00    0.00    0.00    0.00    0.00    0.00    0.00    0.00  100.00
00:22:50      17    0.00    0.00    0.00    0.00    0.00    0.00    0.00    0.00    0.00  100.00
00:22:50      18    0.00    0.00    0.99    0.00    0.00    0.00    0.00    0.00    0.00   99.01
00:22:50      19    0.00    0.00    0.00    0.00    0.00    0.00    0.00    0.00    0.00  100.00
00:22:50      20    0.00    0.00    0.00    0.00    0.00    0.00    0.00    0.00    0.00  100.00
00:22:50      21    0.00    0.00    0.00    0.00    0.00    0.00    0.00    0.00    0.00  100.00
00:22:50      22    0.00    0.00    0.00    0.00    0.00    0.00    0.00    0.00    0.00  100.00
00:22:50      23    0.00    0.00    0.00    0.00    0.00    0.00    0.00    0.00    0.00  100.00
00:22:50      24    0.00    0.00    0.00    0.00    0.00    0.00    0.00    0.00    0.00  100.00
00:22:50      25    0.00    0.00    0.00    0.00    0.00    0.00    0.00    0.00    0.00  100.00
00:22:50      26    0.00    0.00    0.99    0.00    0.00    0.00    0.00    0.00    0.00   99.01
00:22:50      27    0.00    0.00    0.00    0.00    0.00    0.00    0.00    0.00    0.00  100.00
00:22:50      28    0.99    0.00    0.00    0.00    0.00    0.00    0.00    0.00    0.00   99.01
00:22:50      29    0.00    0.00    0.00    0.00    0.00    0.00    0.00    0.00    0.00  100.00
00:22:50      30    0.00    0.00    0.00    0.00    0.00    0.00    0.00    0.00    0.00  100.00
00:22:50      31    0.00    0.00    0.00    0.00    0.00    0.00    0.00    0.00    0.00  100.00

00:22:50     CPU    %usr   %nice    %sys %iowait    %irq   %soft  %steal  %guest  %gnice   %idle
00:22:51     all    3.09    0.00    0.06    0.00    0.00    0.00    0.00    0.00    0.00   96.84
00:22:51       0    0.00    0.00    0.00    0.00    0.00    0.00    0.00    0.00    0.00  100.00
00:22:51       1    0.00    0.00    0.00    0.00    0.00    0.00    0.00    0.00    0.00  100.00
00:22:51       2    0.00    0.00    0.00    0.00    0.00    0.00    0.00    0.00    0.00  100.00
00:22:51       3    0.00    0.00    0.00    0.00    0.00    0.00    0.00    0.00    0.00  100.00
00:22:51       4    0.00    0.00    0.00    0.00    0.00    0.00    0.00    0.00    0.00  100.00
00:22:51       5    0.00    0.00    0.00    0.00    0.00    0.00    0.00    0.00    0.00  100.00
00:22:51       6    0.00    0.00    0.00    0.00    0.00    0.00    0.00    0.00    0.00  100.00
00:22:51       7    0.00    0.00    0.00    0.00    0.00    0.00    0.00    0.00    0.00  100.00
00:22:51       8    0.00    0.00    0.00    0.00    0.00    0.00    0.00    0.00    0.00  100.00
00:22:51       9    0.00    0.00    0.00    0.00    0.00    0.00    0.00    0.00    0.00  100.00
00:22:51      10    0.00    0.00    0.00    0.00    0.00    0.00    0.00    0.00    0.00  100.00
00:22:51      11    0.00    0.00    0.00    0.00    0.00    0.00    0.00    0.00    0.00  100.00
00:22:51      12    0.00    0.00    0.00    0.00    0.00    0.00    0.00    0.00    0.00  100.00
00:22:51      13    0.00    0.00    0.00    0.00    0.00    0.00    0.00    0.00    0.00  100.00
00:22:51      14   98.02    0.00    1.98    0.00    0.00    0.00    0.00    0.00    0.00    0.00
00:22:51      15    0.00    0.00    0.00    0.00    0.00    0.00    0.00    0.00    0.00  100.00
00:22:51      16    0.00    0.00    0.00    0.00    0.00    0.00    0.00    0.00    0.00  100.00
00:22:51      17    0.00    0.00    0.00    0.00    0.00    0.00    0.00    0.00    0.00  100.00
00:22:51      18    0.00    0.00    0.00    0.00    0.00    0.00    0.00    0.00    0.00  100.00
00:22:51      19    0.00    0.00    0.00    0.00    0.00    0.00    0.00    0.00    0.00  100.00
00:22:51      20    0.00    0.00    0.00    0.00    0.00    0.00    0.00    0.00    0.00  100.00
00:22:51      21    0.00    0.00    0.00    0.00    0.00    0.00    0.00    0.00    0.00  100.00
00:22:51      22    0.00    0.00    0.00    0.00    0.00    0.00    0.00    0.00    0.00  100.00
00:22:51      23    0.00    0.00    0.00    0.00    0.00    0.00    0.00    0.00    0.00  100.00
00:22:51      24    0.00    0.00    0.00    0.00    0.00    0.00    0.00    0.00    0.00  100.00
00:22:51      25    0.00    0.00    0.00    0.00    0.00    0.00    0.00    0.00    0.00  100.00
00:22:51      26    0.00    0.00    0.00    0.00    0.00    0.00    0.00    0.00    0.00  100.00
00:22:51      27    0.00    0.00    0.00    0.00    0.00    0.00    0.00    0.00    0.00  100.00
00:22:51      28    0.00    0.00    0.00    0.00    0.00    0.00    0.00    0.00    0.00  100.00
00:22:51      29    0.00    0.00    0.00    0.00    0.00    0.00    0.00    0.00    0.00  100.00
00:22:51      30    0.00    0.00    0.00    0.00    0.00    0.00    0.00    0.00    0.00  100.00
00:22:51      31    0.00    0.00    0.00    0.00    0.00    0.00    0.00    0.00    0.00  100.00

00:22:51     CPU    %usr   %nice    %sys %iowait    %irq   %soft  %steal  %guest  %gnice   %idle
00:22:52     all    3.06    0.00    0.16    0.00    0.00    0.00    0.00    0.00    0.00   96.78
00:22:52       0    0.00    0.00    0.00    0.00    0.00    0.00    0.00    0.00    0.00  100.00
00:22:52       1    0.00    0.00    0.00    0.00    0.00    0.00    0.00    0.00    0.00  100.00
00:22:52       2    0.00    0.00    1.00    0.00    0.00    0.00    0.00    0.00    0.00   99.00
00:22:52       3    0.00    0.00    0.00    0.00    0.00    0.00    0.00    0.00    0.00  100.00
00:22:52       4    0.00    0.00    0.00    0.00    0.00    0.00    0.00    0.00    0.00  100.00
00:22:52       5    0.00    0.00    0.99    0.00    0.00    0.00    0.00    0.00    0.00   99.01
00:22:52       6    0.00    0.00    0.00    0.00    0.00    0.00    0.00    0.00    0.00  100.00
00:22:52       7    0.00    0.00    0.99    0.00    0.00    0.00    0.00    0.00    0.00   99.01
00:22:52       8    0.00    0.00    0.00    0.00    0.00    0.00    0.00    0.00    0.00  100.00
00:22:52       9    0.00    0.00    0.00    0.00    0.00    0.00    0.00    0.00    0.00  100.00
00:22:52      10    0.00    0.00    0.00    0.00    0.00    0.00    0.00    0.00    0.00  100.00
00:22:52      11    0.00    0.00    0.00    0.00    0.00    0.00    0.00    0.00    0.00  100.00
00:22:52      12    0.00    0.00    0.00    0.00    0.00    0.00    0.00    0.00    0.00  100.00
00:22:52      13    0.00    0.00    0.00    0.00    0.00    0.00    0.00    0.00    0.00  100.00
00:22:52      14   98.99    0.00    1.01    0.00    0.00    0.00    0.00    0.00    0.00    0.00
00:22:52      15    0.00    0.00    0.00    0.00    0.00    0.00    0.00    0.00    0.00  100.00
00:22:52      16    0.00    0.00    0.00    0.00    0.00    0.00    0.00    0.00    0.00  100.00
00:22:52      17    0.00    0.00    0.00    0.00    0.00    0.00    0.00    0.00    0.00  100.00
00:22:52      18    0.00    0.00    0.00    0.00    0.00    0.00    0.00    0.00    0.00  100.00
00:22:52      19    0.00    0.00    0.00    0.00    0.00    0.00    0.00    0.00    0.00  100.00
00:22:52      20    0.00    0.00    0.00    0.00    0.00    0.00    0.00    0.00    0.00  100.00
00:22:52      21    0.00    0.00    0.00    0.00    0.00    0.00    0.00    0.00    0.00  100.00
00:22:52      22    0.00    0.00    0.00    0.00    0.00    0.00    0.00    0.00    0.00  100.00
00:22:52      23    0.00    0.00    1.00    0.00    0.00    0.00    0.00    0.00    0.00   99.00
00:22:52      24    0.00    0.00    0.00    0.00    0.00    0.00    0.00    0.00    0.00  100.00
00:22:52      25    0.00    0.00    0.00    0.00    0.00    0.00    0.00    0.00    0.00  100.00
00:22:52      26    0.00    0.00    0.00    0.00    0.00    0.00    0.00    0.00    0.00  100.00
00:22:52      27    0.00    0.00    0.00    0.00    0.00    0.00    0.00    0.00    0.00  100.00
00:22:52      28    0.00    0.00    0.00    0.00    0.00    0.00    0.00    0.00    0.00  100.00
00:22:52      29    0.00    0.00    0.00    0.00    0.00    0.00    0.00    0.00    0.00  100.00
00:22:52      30    0.00    0.00    0.00    0.00    0.00    0.00    0.00    0.00    0.00  100.00
00:22:52      31    0.00    0.00    0.00    0.00    0.00    0.00    0.00    0.00    0.00  100.00

00:22:52     CPU    %usr   %nice    %sys %iowait    %irq   %soft  %steal  %guest  %gnice   %idle
00:22:53     all    3.13    0.00    0.03    0.00    0.00    0.00    0.00    0.00    0.00   96.84
00:22:53       0    0.00    0.00    0.00    0.00    0.00    0.00    0.00    0.00    0.00  100.00
00:22:53       1    0.00    0.00    0.00    0.00    0.00    0.00    0.00    0.00    0.00  100.00
00:22:53       2    0.00    0.00    0.00    0.00    0.00    0.00    0.00    0.00    0.00  100.00
00:22:53       3    0.00    0.00    0.00    0.00    0.00    0.00    0.00    0.00    0.00  100.00
00:22:53       4    0.00    0.00    0.00    0.00    0.00    0.00    0.00    0.00    0.00  100.00
00:22:53       5    0.00    0.00    0.00    0.00    0.00    0.00    0.00    0.00    0.00  100.00
00:22:53       6    0.00    0.00    0.00    0.00    0.00    0.00    0.00    0.00    0.00  100.00
00:22:53       7    0.00    0.00    0.00    0.00    0.00    0.00    0.00    0.00    0.00  100.00
00:22:53       8    0.00    0.00    0.00    0.00    0.00    0.00    0.00    0.00    0.00  100.00
00:22:53       9    0.00    0.00    0.00    0.00    0.00    0.00    0.00    0.00    0.00  100.00
00:22:53      10    0.00    0.00    0.00    0.00    0.00    0.00    0.00    0.00    0.00  100.00
00:22:53      11    0.00    0.00    0.00    0.00    0.00    0.00    0.00    0.00    0.00  100.00
00:22:53      12    0.99    0.00    0.00    0.00    0.00    0.00    0.00    0.00    0.00   99.01
00:22:53      13    0.00    0.00    0.00    0.00    0.00    0.00    0.00    0.00    0.00  100.00
00:22:53      14   99.00    0.00    1.00    0.00    0.00    0.00    0.00    0.00    0.00    0.00
00:22:53      15    0.00    0.00    0.00    0.00    0.00    0.00    0.00    0.00    0.00  100.00
00:22:53      16    0.00    0.00    0.00    0.00    0.00    0.00    0.00    0.00    0.00  100.00
00:22:53      17    0.00    0.00    0.00    0.00    0.00    0.00    0.00    0.00    0.00  100.00
00:22:53      18    0.00    0.00    0.00    0.00    0.00    0.00    0.00    0.00    0.00  100.00
00:22:53      19    0.00    0.00    0.00    0.00    0.00    0.00    0.00    0.00    0.00  100.00
00:22:53      20    0.00    0.00    0.00    0.00    0.00    0.00    0.00    0.00    0.00  100.00
00:22:53      21    0.00    0.00    0.00    0.00    0.00    0.00    0.00    0.00    0.00  100.00
00:22:53      22    0.00    0.00    0.00    0.00    0.00    0.00    0.00    0.00    0.00  100.00
00:22:53      23    0.00    0.00    0.00    0.00    0.00    0.00    0.00    0.00    0.00  100.00
00:22:53      24    0.00    0.00    0.00    0.00    0.00    0.00    0.00    0.00    0.00  100.00
00:22:53      25    0.00    0.00    0.00    0.00    0.00    0.00    0.00    0.00    0.00  100.00
00:22:53      26    0.00    0.00    0.00    0.00    0.00    0.00    0.00    0.00    0.00  100.00
00:22:53      27    0.00    0.00    0.00    0.00    0.00    0.00    0.00    0.00    0.00  100.00
00:22:53      28    0.00    0.00    0.00    0.00    0.00    0.00    0.00    0.00    0.00  100.00
00:22:53      29    0.00    0.00    0.00    0.00    0.00    0.00    0.00    0.00    0.00  100.00
00:22:53      30    0.00    0.00    0.00    0.00    0.00    0.00    0.00    0.00    0.00  100.00
00:22:53      31    0.00    0.00    0.00    0.00    0.00    0.00    0.00    0.00    0.00  100.00

00:22:53     CPU    %usr   %nice    %sys %iowait    %irq   %soft  %steal  %guest  %gnice   %idle
00:22:54     all    3.09    0.00    0.09    0.00    0.00    0.00    0.00    0.00    0.00   96.81
00:22:54       0    0.00    0.00    0.00    0.00    0.00    0.00    0.00    0.00    0.00  100.00
00:22:54       1    0.00    0.00    0.00    0.00    0.00    0.00    0.00    0.00    0.00  100.00
00:22:54       2    0.00    0.00    0.00    0.00    0.00    0.00    0.00    0.00    0.00  100.00
00:22:54       3    0.00    0.00    0.00    0.00    0.00    0.00    0.00    0.00    0.00  100.00
00:22:54       4    0.00    0.00    0.00    0.00    0.00    0.00    0.00    0.00    0.00  100.00
00:22:54       5    0.00    0.00    0.00    0.00    0.00    0.00    0.00    0.00    0.00  100.00
00:22:54       6    0.00    0.00    0.00    0.00    0.00    0.00    0.00    0.00    0.00  100.00
00:22:54       7    0.00    0.00    0.00    0.00    0.00    0.00    0.00    0.00    0.00  100.00
00:22:54       8    0.00    0.00    0.00    0.00    0.00    0.00    0.00    0.00    0.00  100.00
00:22:54       9    0.00    0.00    0.00    0.00    0.00    0.00    0.00    0.00    0.00  100.00
00:22:54      10    0.00    0.00    0.00    0.00    0.00    0.00    0.00    0.00    0.00  100.00
00:22:54      11    0.00    0.00    0.00    0.00    0.00    0.00    0.00    0.00    0.00  100.00
00:22:54      12    0.00    0.00    0.00    0.00    0.00    0.00    0.00    0.00    0.00  100.00
00:22:54      13    0.00    0.00    0.00    0.00    0.00    0.00    0.00    0.00    0.00  100.00
00:22:54      14   98.02    0.00    1.98    0.00    0.00    0.00    0.00    0.00    0.00    0.00
00:22:54      15    0.00    0.00    0.00    0.00    0.00    0.00    0.00    0.00    0.00  100.00
00:22:54      16    0.00    0.00    0.00    0.00    0.00    0.00    0.00    0.00    0.00  100.00
00:22:54      17    0.00    0.00    0.00    0.00    0.00    0.00    0.00    0.00    0.00  100.00
00:22:54      18    0.00    0.00    0.00    0.00    0.00    0.00    0.00    0.00    0.00  100.00
00:22:54      19    0.00    0.00    0.00    0.00    0.00    0.00    0.00    0.00    0.00  100.00
00:22:54      20    0.00    0.00    0.00    0.00    0.00    0.00    0.00    0.00    0.00  100.00
00:22:54      21    0.00    0.00    0.00    0.00    0.00    0.00    0.00    0.00    0.00  100.00
00:22:54      22    0.00    0.00    0.00    0.00    0.00    0.00    0.00    0.00    0.00  100.00
00:22:54      23    0.00    0.00    0.99    0.00    0.00    0.00    0.00    0.00    0.00   99.01
00:22:54      24    0.00    0.00    0.00    0.00    0.00    0.00    0.00    0.00    0.00  100.00
00:22:54      25    0.00    0.00    0.00    0.00    0.00    0.00    0.00    0.00    0.00  100.00
00:22:54      26    0.00    0.00    0.00    0.00    0.00    0.00    0.00    0.00    0.00  100.00
00:22:54      27    0.00    0.00    0.00    0.00    0.00    0.00    0.00    0.00    0.00  100.00
00:22:54      28    0.00    0.00    0.00    0.00    0.00    0.00    0.00    0.00    0.00  100.00
00:22:54      29    0.00    0.00    0.00    0.00    0.00    0.00    0.00    0.00    0.00  100.00
00:22:54      30    0.00    0.00    0.00    0.00    0.00    0.00    0.00    0.00    0.00  100.00
00:22:54      31    0.00    0.00    0.00    0.00    0.00    0.00    0.00    0.00    0.00  100.00

00:22:54     CPU    %usr   %nice    %sys %iowait    %irq   %soft  %steal  %guest  %gnice   %idle
00:22:55     all    3.12    0.00    0.06    0.00    0.00    0.00    0.00    0.00    0.00   96.81
00:22:55       0    0.00    0.00    0.00    0.00    0.00    0.00    0.00    0.00    0.00  100.00
00:22:55       1    0.00    0.00    0.00    0.00    0.00    0.00    0.00    0.00    0.00  100.00
00:22:55       2    0.00    0.00    0.00    0.00    0.00    0.00    0.00    0.00    0.00  100.00
00:22:55       3    0.00    0.00    0.00    0.00    0.00    0.00    0.00    0.00    0.00  100.00
00:22:55       4    0.00    0.00    0.99    0.00    0.00    0.00    0.00    0.00    0.00   99.01
00:22:55       5    0.00    0.00    0.00    0.00    0.00    0.00    0.00    0.00    0.00  100.00
00:22:55       6    0.00    0.00    0.00    0.00    0.00    0.00    0.00    0.00    0.00  100.00
00:22:55       7    0.00    0.00    0.00    0.00    0.00    0.00    0.00    0.00    0.00  100.00
00:22:55       8    0.00    0.00    0.00    0.00    0.00    0.00    0.00    0.00    0.00  100.00
00:22:55       9    0.00    0.00    0.00    0.00    0.00    0.00    0.00    0.00    0.00  100.00
00:22:55      10    0.00    0.00    0.00    0.00    0.00    0.00    0.00    0.00    0.00  100.00
00:22:55      11    0.00    0.00    0.00    0.00    0.00    0.00    0.00    0.00    0.00  100.00
00:22:55      12    0.00    0.00    0.00    0.00    0.00    0.00    0.00    0.00    0.00  100.00
00:22:55      13    0.00    0.00    0.00    0.00    0.00    0.00    0.00    0.00    0.00  100.00
00:22:55      14   99.00    0.00    1.00    0.00    0.00    0.00    0.00    0.00    0.00    0.00
00:22:55      15    0.00    0.00    0.00    0.00    0.00    0.00    0.00    0.00    0.00  100.00
00:22:55      16    0.00    0.00    0.00    0.00    0.00    0.00    0.00    0.00    0.00  100.00
00:22:55      17    0.00    0.00    0.00    0.00    0.00    0.00    0.00    0.00    0.00  100.00
00:22:55      18    0.00    0.00    0.00    0.00    0.00    0.00    0.00    0.00    0.00  100.00
00:22:55      19    0.00    0.00    0.00    0.00    0.00    0.00    0.00    0.00    0.00  100.00
00:22:55      20    0.00    0.00    0.00    0.00    0.00    0.00    0.00    0.00    0.00  100.00
00:22:55      21    0.00    0.00    0.00    0.00    0.00    0.00    0.00    0.00    0.00  100.00
00:22:55      22    0.00    0.00    0.00    0.00    0.00    0.00    0.00    0.00    0.00  100.00
00:22:55      23    0.99    0.00    0.00    0.00    0.00    0.00    0.00    0.00    0.00   99.01
00:22:55      24    0.00    0.00    0.00    0.00    0.00    0.00    0.00    0.00    0.00  100.00
00:22:55      25    0.00    0.00    0.00    0.00    0.00    0.00    0.00    0.00    0.00  100.00
00:22:55      26    0.00    0.00    0.00    0.00    0.00    0.00    0.00    0.00    0.00  100.00
00:22:55      27    0.00    0.00    0.00    0.00    0.00    0.00    0.00    0.00    0.00  100.00
00:22:55      28    0.00    0.00    0.00    0.00    0.00    0.00    0.00    0.00    0.00  100.00
00:22:55      29    0.00    0.00    0.00    0.00    0.00    0.00    0.00    0.00    0.00  100.00
00:22:55      30    0.00    0.00    0.00    0.00    0.00    0.00    0.00    0.00    0.00  100.00
00:22:55      31    0.00    0.00    0.00    0.00    0.00    0.00    0.00    0.00    0.00  100.00

00:22:55     CPU    %usr   %nice    %sys %iowait    %irq   %soft  %steal  %guest  %gnice   %idle
00:22:56     all    3.06    0.00    0.09    0.00    0.00    0.00    0.00    0.00    0.00   96.84
00:22:56       0    0.00    0.00    0.00    0.00    0.00    0.00    0.00    0.00    0.00  100.00
00:22:56       1    0.00    0.00    0.00    0.00    0.00    0.00    0.00    0.00    0.00  100.00
00:22:56       2    0.00    0.00    0.00    0.00    0.00    0.00    0.00    0.00    0.00  100.00
00:22:56       3    0.00    0.00    0.00    0.00    0.00    0.00    0.00    0.00    0.00  100.00
00:22:56       4    0.00    0.00    0.00    0.00    0.00    0.00    0.00    0.00    0.00  100.00
00:22:56       5    0.00    0.00    0.00    0.00    0.00    0.00    0.00    0.00    0.00  100.00
00:22:56       6    0.00    0.00    0.00    0.00    0.00    0.00    0.00    0.00    0.00  100.00
00:22:56       7    0.00    0.00    0.00    0.00    0.00    0.00    0.00    0.00    0.00  100.00
00:22:56       8    0.00    0.00    0.00    0.00    0.00    0.00    0.00    0.00    0.00  100.00
00:22:56       9    0.00    0.00    0.00    0.00    0.00    0.00    0.00    0.00    0.00  100.00
00:22:56      10    0.00    0.00    0.99    0.00    0.00    0.00    0.00    0.00    0.00   99.01
00:22:56      11    0.00    0.00    0.00    0.00    0.00    0.00    0.00    0.00    0.00  100.00
00:22:56      12    0.00    0.00    0.00    0.00    0.00    0.00    0.00    0.00    0.00  100.00
00:22:56      13    0.00    0.00    0.00    0.00    0.00    0.00    0.00    0.00    0.00  100.00
00:22:56      14   98.99    0.00    1.01    0.00    0.00    0.00    0.00    0.00    0.00    0.00
00:22:56      15    0.00    0.00    0.99    0.00    0.00    0.00    0.00    0.00    0.00   99.01
00:22:56      16    0.00    0.00    0.00    0.00    0.00    0.00    0.00    0.00    0.00  100.00
00:22:56      17    0.00    0.00    0.00    0.00    0.00    0.00    0.00    0.00    0.00  100.00
00:22:56      18    0.00    0.00    0.00    0.00    0.00    0.00    0.00    0.00    0.00  100.00
00:22:56      19    0.00    0.00    0.00    0.00    0.00    0.00    0.00    0.00    0.00  100.00
00:22:56      20    0.00    0.00    0.00    0.00    0.00    0.00    0.00    0.00    0.00  100.00
00:22:56      21    0.00    0.00    0.00    0.00    0.00    0.00    0.00    0.00    0.00  100.00
00:22:56      22    0.00    0.00    0.00    0.00    0.00    0.00    0.00    0.00    0.00  100.00
00:22:56      23    0.00    0.00    0.00    0.00    0.00    0.00    0.00    0.00    0.00  100.00
00:22:56      24    0.00    0.00    0.00    0.00    0.00    0.00    0.00    0.00    0.00  100.00
00:22:56      25    0.00    0.00    0.00    0.00    0.00    0.00    0.00    0.00    0.00  100.00
00:22:56      26    0.00    0.00    0.00    0.00    0.00    0.00    0.00    0.00    0.00  100.00
00:22:56      27    0.00    0.00    0.00    0.00    0.00    0.00    0.00    0.00    0.00  100.00
00:22:56      28    0.00    0.00    0.00    0.00    0.00    0.00    0.00    0.00    0.00  100.00
00:22:56      29    0.00    0.00    0.00    0.00    0.00    0.00    0.00    0.00    0.00  100.00
00:22:56      30    0.00    0.00    0.00    0.00    0.00    0.00    0.00    0.00    0.00  100.00
00:22:56      31    0.00    0.00    0.00    0.00    0.00    0.00    0.00    0.00    0.00  100.00

00:22:56     CPU    %usr   %nice    %sys %iowait    %irq   %soft  %steal  %guest  %gnice   %idle
00:22:57     all    3.09    0.00    0.16    0.00    0.00    0.00    0.00    0.00    0.00   96.75
00:22:57       0    0.00    0.00    0.00    0.00    0.00    0.00    0.00    0.00    0.00  100.00
00:22:57       1    0.00    0.00    0.00    0.00    0.00    0.00    0.00    0.00    0.00  100.00
00:22:57       2    0.00    0.00    0.00    0.00    0.00    0.00    0.00    0.00    0.00  100.00
00:22:57       3    0.00    0.00    0.00    0.00    0.00    0.00    0.00    0.00    0.00  100.00
00:22:57       4    0.00    0.00    0.00    0.00    0.00    0.00    0.00    0.00    0.00  100.00
00:22:57       5    0.00    0.00    0.00    0.00    0.00    0.00    0.00    0.00    0.00  100.00
00:22:57       6    0.00    0.00    0.00    0.00    0.00    0.00    0.00    0.00    0.00  100.00
00:22:57       7    0.00    0.00    1.98    0.00    0.00    0.00    0.00    0.00    0.00   98.02
00:22:57       8    0.00    0.00    0.00    0.00    0.00    0.00    0.00    0.00    0.00  100.00
00:22:57       9    0.00    0.00    0.00    0.00    0.00    0.00    0.00    0.00    0.00  100.00
00:22:57      10    0.00    0.00    0.00    0.00    0.00    0.00    0.00    0.00    0.00  100.00
00:22:57      11    0.00    0.00    1.00    0.00    0.00    0.00    0.00    0.00    0.00   99.00
00:22:57      12    0.00    0.00    0.00    0.00    0.00    0.00    0.00    0.00    0.00  100.00
00:22:57      13    0.00    0.00    0.00    0.00    0.00    0.00    0.00    0.00    0.00  100.00
00:22:57      14   98.02    0.00    1.98    0.00    0.00    0.00    0.00    0.00    0.00    0.00
00:22:57      15    0.00    0.00    0.00    0.00    0.00    0.00    0.00    0.00    0.00  100.00
00:22:57      16    0.00    0.00    0.00    0.00    0.00    0.00    0.00    0.00    0.00  100.00
00:22:57      17    0.00    0.00    0.00    0.00    0.00    0.00    0.00    0.00    0.00  100.00
00:22:57      18    0.00    0.00    0.00    0.00    0.00    0.00    0.00    0.00    0.00  100.00
00:22:57      19    0.00    0.00    0.00    0.00    0.00    0.00    0.00    0.00    0.00  100.00
00:22:57      20    0.00    0.00    0.00    0.00    0.00    0.00    0.00    0.00    0.00  100.00
00:22:57      21    0.00    0.00    0.00    0.00    0.00    0.00    0.00    0.00    0.00  100.00
00:22:57      22    0.00    0.00    0.00    0.00    0.00    0.00    0.00    0.00    0.00  100.00
00:22:57      23    0.00    0.00    0.00    0.00    0.00    0.00    0.00    0.00    0.00  100.00
00:22:57      24    0.00    0.00    0.00    0.00    0.00    0.00    0.00    0.00    0.00  100.00
00:22:57      25    0.00    0.00    0.00    0.00    0.00    0.00    0.00    0.00    0.00  100.00
00:22:57      26    0.00    0.00    0.00    0.00    0.00    0.00    0.00    0.00    0.00  100.00
00:22:57      27    0.00    0.00    0.00    0.00    0.00    0.00    0.00    0.00    0.00  100.00
00:22:57      28    0.00    0.00    0.00    0.00    0.00    0.00    0.00    0.00    0.00  100.00
00:22:57      29    0.00    0.00    0.00    0.00    0.00    0.00    0.00    0.00    0.00  100.00
00:22:57      30    0.00    0.00    0.00    0.00    0.00    0.00    0.00    0.00    0.00  100.00
00:22:57      31    0.00    0.00    0.00    0.00    0.00    0.00    0.00    0.00    0.00  100.00

00:22:57     CPU    %usr   %nice    %sys %iowait    %irq   %soft  %steal  %guest  %gnice   %idle
00:22:58     all    3.09    0.00    0.06    0.00    0.00    0.00    0.00    0.00    0.00   96.84
00:22:58       0    0.00    0.00    0.00    0.00    0.00    0.00    0.00    0.00    0.00  100.00
00:22:58       1    0.00    0.00    0.00    0.00    0.00    0.00    0.00    0.00    0.00  100.00
00:22:58       2    0.00    0.00    0.00    0.00    0.00    0.00    0.00    0.00    0.00  100.00
00:22:58       3    0.00    0.00    0.00    0.00    0.00    0.00    0.00    0.00    0.00  100.00
00:22:58       4    0.00    0.00    0.00    0.00    0.00    0.00    0.00    0.00    0.00  100.00
00:22:58       5    0.00    0.00    0.00    0.00    0.00    0.00    0.00    0.00    0.00  100.00
00:22:58       6    0.00    0.00    0.00    0.00    0.00    0.00    0.00    0.00    0.00  100.00
00:22:58       7    0.00    0.00    0.00    0.00    0.00    0.00    0.00    0.00    0.00  100.00
00:22:58       8    0.00    0.00    0.00    0.00    0.00    0.00    0.00    0.00    0.00  100.00
00:22:58       9    0.00    0.00    0.00    0.00    0.00    0.00    0.00    0.00    0.00  100.00
00:22:58      10    0.00    0.00    0.00    0.00    0.00    0.00    0.00    0.00    0.00  100.00
00:22:58      11    0.00    0.00    0.00    0.00    0.00    0.00    0.00    0.00    0.00  100.00
00:22:58      12    0.00    0.00    0.00    0.00    0.00    0.00    0.00    0.00    0.00  100.00
00:22:58      13    0.00    0.00    0.00    0.00    0.00    0.00    0.00    0.00    0.00  100.00
00:22:58      14   99.00    0.00    1.00    0.00    0.00    0.00    0.00    0.00    0.00    0.00
00:22:58      15    0.00    0.00    0.00    0.00    0.00    0.00    0.00    0.00    0.00  100.00
00:22:58      16    0.00    0.00    0.00    0.00    0.00    0.00    0.00    0.00    0.00  100.00
00:22:58      17    0.00    0.00    0.00    0.00    0.00    0.00    0.00    0.00    0.00  100.00
00:22:58      18    0.00    0.00    0.00    0.00    0.00    0.00    0.00    0.00    0.00  100.00
00:22:58      19    0.00    0.00    0.00    0.00    0.00    0.00    0.00    0.00    0.00  100.00
00:22:58      20    0.00    0.00    0.00    0.00    0.00    0.00    0.00    0.00    0.00  100.00
00:22:58      21    0.00    0.00    0.00    0.00    0.00    0.00    0.00    0.00    0.00  100.00
00:22:58      22    0.00    0.00    0.00    0.00    0.00    0.00    0.00    0.00    0.00  100.00
00:22:58      23    0.00    0.00    0.99    0.00    0.00    0.00    0.00    0.00    0.00   99.01
00:22:58      24    0.00    0.00    0.00    0.00    0.00    0.00    0.00    0.00    0.00  100.00
00:22:58      25    0.00    0.00    0.00    0.00    0.00    0.00    0.00    0.00    0.00  100.00
00:22:58      26    0.00    0.00    0.00    0.00    0.00    0.00    0.00    0.00    0.00  100.00
00:22:58      27    0.00    0.00    0.00    0.00    0.00    0.00    0.00    0.00    0.00  100.00
00:22:58      28    0.00    0.00    0.00    0.00    0.00    0.00    0.00    0.00    0.00  100.00
00:22:58      29    0.00    0.00    0.00    0.00    0.00    0.00    0.00    0.00    0.00  100.00
00:22:58      30    0.00    0.00    0.00    0.00    0.00    0.00    0.00    0.00    0.00  100.00
00:22:58      31    0.00    0.00    0.00    0.00    0.00    0.00    0.00    0.00    0.00  100.00

00:22:58     CPU    %usr   %nice    %sys %iowait    %irq   %soft  %steal  %guest  %gnice   %idle
00:22:59     all    3.06    0.00    0.13    0.00    0.00    0.00    0.00    0.00    0.00   96.81
00:22:59       0    0.00    0.00    0.00    0.00    0.00    0.00    0.00    0.00    0.00  100.00
00:22:59       1    0.00    0.00    2.00    0.00    0.00    0.00    0.00    0.00    0.00   98.00
00:22:59       2    0.00    0.00    0.00    0.00    0.00    0.00    0.00    0.00    0.00  100.00
00:22:59       3    0.00    0.00    0.00    0.00    0.00    0.00    0.00    0.00    0.00  100.00
00:22:59       4    0.00    0.00    0.00    0.00    0.00    0.00    0.00    0.00    0.00  100.00
00:22:59       5    0.00    0.00    0.00    0.00    0.00    0.00    0.00    0.00    0.00  100.00
00:22:59       6    0.00    0.00    0.00    0.00    0.00    0.00    0.00    0.00    0.00  100.00
00:22:59       7    0.00    0.00    0.00    0.00    0.00    0.00    0.00    0.00    0.00  100.00
00:22:59       8    0.00    0.00    0.00    0.00    0.00    0.00    0.00    0.00    0.00  100.00
00:22:59       9    0.00    0.00    0.00    0.00    0.00    0.00    0.00    0.00    0.00  100.00
00:22:59      10    0.00    0.00    0.00    0.00    0.00    0.00    0.00    0.00    0.00  100.00
00:22:59      11    0.00    0.00    0.00    0.00    0.00    0.00    0.00    0.00    0.00  100.00
00:22:59      12    0.00    0.00    0.00    0.00    0.00    0.00    0.00    0.00    0.00  100.00
00:22:59      13    0.00    0.00    0.00    0.00    0.00    0.00    0.00    0.00    0.00  100.00
00:22:59      14   98.00    0.00    2.00    0.00    0.00    0.00    0.00    0.00    0.00    0.00
00:22:59      15    0.00    0.00    0.00    0.00    0.00    0.00    0.00    0.00    0.00  100.00
00:22:59      16    0.00    0.00    0.00    0.00    0.00    0.00    0.00    0.00    0.00  100.00
00:22:59      17    0.00    0.00    0.00    0.00    0.00    0.00    0.00    0.00    0.00  100.00
00:22:59      18    0.00    0.00    0.00    0.00    0.00    0.00    0.00    0.00    0.00  100.00
00:22:59      19    0.00    0.00    0.00    0.00    0.00    0.00    0.00    0.00    0.00  100.00
00:22:59      20    0.00    0.00    0.00    0.00    0.00    0.00    0.00    0.00    0.00  100.00
00:22:59      21    0.00    0.00    0.00    0.00    0.00    0.00    0.00    0.00    0.00  100.00
00:22:59      22    0.00    0.00    0.00    0.00    0.00    0.00    0.00    0.00    0.00  100.00
00:22:59      23    0.00    0.00    0.00    0.00    0.00    0.00    0.00    0.00    0.00  100.00
00:22:59      24    0.00    0.00    0.00    0.00    0.00    0.00    0.00    0.00    0.00  100.00
00:22:59      25    0.00    0.00    0.00    0.00    0.00    0.00    0.00    0.00    0.00  100.00
00:22:59      26    0.00    0.00    0.00    0.00    0.00    0.00    0.00    0.00    0.00  100.00
00:22:59      27    0.00    0.00    0.00    0.00    0.00    0.00    0.00    0.00    0.00  100.00
00:22:59      28    0.00    0.00    0.00    0.00    0.00    0.00    0.00    0.00    0.00  100.00
00:22:59      29    0.00    0.00    0.00    0.00    0.00    0.00    0.00    0.00    0.00  100.00
00:22:59      30    0.00    0.00    0.00    0.00    0.00    0.00    0.00    0.00    0.00  100.00
00:22:59      31    0.00    0.00    0.00    0.00    0.00    0.00    0.00    0.00    0.00  100.00

00:22:59     CPU    %usr   %nice    %sys %iowait    %irq   %soft  %steal  %guest  %gnice   %idle
00:23:00     all    3.13    0.00    0.13    0.00    0.00    0.00    0.00    0.00    0.00   96.75
00:23:00       0    0.00    0.00    0.00    0.00    0.00    0.00    0.00    0.00    0.00  100.00
00:23:00       1    0.00    0.00    0.00    0.00    0.00    0.00    0.00    0.00    0.00  100.00
00:23:00       2    0.00    0.00    0.00    0.00    0.00    0.00    0.00    0.00    0.00  100.00
00:23:00       3    0.00    0.00    0.00    0.00    0.00    0.00    0.00    0.00    0.00  100.00
00:23:00       4    0.00    0.00    0.00    0.00    0.00    0.00    0.00    0.00    0.00  100.00
00:23:00       5    0.00    0.00    0.00    0.00    0.00    0.00    0.00    0.00    0.00  100.00
00:23:00       6    0.00    0.00    0.00    0.00    0.00    0.00    0.00    0.00    0.00  100.00
00:23:00       7    0.00    0.00    1.00    0.00    0.00    0.00    0.00    0.00    0.00   99.00
00:23:00       8    0.00    0.00    0.00    0.00    0.00    0.00    0.00    0.00    0.00  100.00
00:23:00       9    0.00    0.00    0.00    0.00    0.00    0.00    0.00    0.00    0.00  100.00
00:23:00      10    0.00    0.00    0.00    0.00    0.00    0.00    0.00    0.00    0.00  100.00
00:23:00      11    0.00    0.00    0.00    0.00    0.00    0.00    0.00    0.00    0.00  100.00
00:23:00      12    0.00    0.00    0.00    0.00    0.00    0.00    0.00    0.00    0.00  100.00
00:23:00      13    0.00    0.00    0.00    0.00    0.00    0.00    0.00    0.00    0.00  100.00
00:23:00      14   99.00    0.00    1.00    0.00    0.00    0.00    0.00    0.00    0.00    0.00
00:23:00      15    0.00    0.00    0.00    0.00    0.00    0.00    0.00    0.00    0.00  100.00
00:23:00      16    0.00    0.00    0.00    0.00    0.00    0.00    0.00    0.00    0.00  100.00
00:23:00      17    1.00    0.00    1.00    0.00    0.00    0.00    0.00    0.00    0.00   98.00
00:23:00      18    0.00    0.00    0.00    0.00    0.00    0.00    0.00    0.00    0.00  100.00
00:23:00      19    0.00    0.00    0.00    0.00    0.00    0.00    0.00    0.00    0.00  100.00
00:23:00      20    0.00    0.00    0.00    0.00    0.00    0.00    0.00    0.00    0.00  100.00
00:23:00      21    0.00    0.00    0.00    0.00    0.00    0.00    0.00    0.00    0.00  100.00
00:23:00      22    0.00    0.00    0.00    0.00    0.00    0.00    0.00    0.00    0.00  100.00
00:23:00      23    0.00    0.00    0.99    0.00    0.00    0.00    0.00    0.00    0.00   99.01
00:23:00      24    0.00    0.00    0.00    0.00    0.00    0.00    0.00    0.00    0.00  100.00
00:23:00      25    0.00    0.00    0.00    0.00    0.00    0.00    0.00    0.00    0.00  100.00
00:23:00      26    0.00    0.00    0.00    0.00    0.00    0.00    0.00    0.00    0.00  100.00
00:23:00      27    0.00    0.00    0.00    0.00    0.00    0.00    0.00    0.00    0.00  100.00
00:23:00      28    0.00    0.00    0.00    0.00    0.00    0.00    0.00    0.00    0.00  100.00
00:23:00      29    0.00    0.00    0.00    0.00    0.00    0.00    0.00    0.00    0.00  100.00
00:23:00      30    0.00    0.00    0.00    0.00    0.00    0.00    0.00    0.00    0.00  100.00
00:23:00      31    0.00    0.00    0.00    0.00    0.00    0.00    0.00    0.00    0.00  100.00

00:23:00     CPU    %usr   %nice    %sys %iowait    %irq   %soft  %steal  %guest  %gnice   %idle
00:23:01     all    3.09    0.00    0.09    0.00    0.00    0.00    0.00    0.00    0.00   96.81
00:23:01       0    0.00    0.00    0.00    0.00    0.00    0.00    0.00    0.00    0.00  100.00
00:23:01       1    0.00    0.00    0.00    0.00    0.00    0.00    0.00    0.00    0.00  100.00
00:23:01       2    0.00    0.00    0.99    0.00    0.00    0.00    0.00    0.00    0.00   99.01
00:23:01       3    0.00    0.00    0.00    0.00    0.00    0.00    0.00    0.00    0.00  100.00
00:23:01       4    0.00    0.00    0.00    0.00    0.00    0.00    0.00    0.00    0.00  100.00
00:23:01       5    0.00    0.00    0.00    0.00    0.00    0.00    0.00    0.00    0.00  100.00
00:23:01       6    0.00    0.00    0.00    0.00    0.00    0.00    0.00    0.00    0.00  100.00
00:23:01       7    0.00    0.00    0.00    0.00    0.00    0.00    0.00    0.00    0.00  100.00
00:23:01       8    0.00    0.00    0.00    0.00    0.00    0.00    0.00    0.00    0.00  100.00
00:23:01       9    0.00    0.00    0.00    0.00    0.00    0.00    0.00    0.00    0.00  100.00
00:23:01      10    0.00    0.00    0.00    0.00    0.00    0.00    0.00    0.00    0.00  100.00
00:23:01      11    0.00    0.00    0.00    0.00    0.00    0.00    0.00    0.00    0.00  100.00
00:23:01      12    0.00    0.00    0.99    0.00    0.00    0.00    0.00    0.00    0.00   99.01
00:23:01      13    0.00    0.00    0.99    0.00    0.00    0.00    0.00    0.00    0.00   99.01
00:23:01      14  100.00    0.00    0.00    0.00    0.00    0.00    0.00    0.00    0.00    0.00
00:23:01      15    0.00    0.00    0.00    0.00    0.00    0.00    0.00    0.00    0.00  100.00
00:23:01      16    0.00    0.00    0.00    0.00    0.00    0.00    0.00    0.00    0.00  100.00
00:23:01      17    0.00    0.00    0.00    0.00    0.00    0.00    0.00    0.00    0.00  100.00
00:23:01      18    0.00    0.00    0.00    0.00    0.00    0.00    0.00    0.00    0.00  100.00
00:23:01      19    0.00    0.00    0.00    0.00    0.00    0.00    0.00    0.00    0.00  100.00
00:23:01      20    0.00    0.00    0.00    0.00    0.00    0.00    0.00    0.00    0.00  100.00
00:23:01      21    0.00    0.00    0.00    0.00    0.00    0.00    0.00    0.00    0.00  100.00
00:23:01      22    0.00    0.00    0.00    0.00    0.00    0.00    0.00    0.00    0.00  100.00
00:23:01      23    0.00    0.00    0.00    0.00    0.00    0.00    0.00    0.00    0.00  100.00
00:23:01      24    0.00    0.00    0.00    0.00    0.00    0.00    0.00    0.00    0.00  100.00
00:23:01      25    0.00    0.00    0.00    0.00    0.00    0.00    0.00    0.00    0.00  100.00
00:23:01      26    0.00    0.00    0.00    0.00    0.00    0.00    0.00    0.00    0.00  100.00
00:23:01      27    0.00    0.00    0.00    0.00    0.00    0.00    0.00    0.00    0.00  100.00
00:23:01      28    0.00    0.00    0.00    0.00    0.00    0.00    0.00    0.00    0.00  100.00
00:23:01      29    0.00    0.00    0.00    0.00    0.00    0.00    0.00    0.00    0.00  100.00
00:23:01      30    0.00    0.00    0.00    0.00    0.00    0.00    0.00    0.00    0.00  100.00
00:23:01      31    0.00    0.00    0.00    0.00    0.00    0.00    0.00    0.00    0.00  100.00

00:23:01     CPU    %usr   %nice    %sys %iowait    %irq   %soft  %steal  %guest  %gnice   %idle
00:23:02     all    3.35    0.00    0.19    0.00    0.00    0.03    0.00    0.00    0.00   96.43
00:23:02       0    0.00    0.00    0.00    0.00    0.00    1.00    0.00    0.00    0.00   99.00
00:23:02       1    0.00    0.00    0.00    0.00    0.00    0.00    0.00    0.00    0.00  100.00
00:23:02       2    0.00    0.00    0.00    0.00    0.00    0.00    0.00    0.00    0.00  100.00
00:23:02       3    0.00    0.00    0.99    0.00    0.00    0.00    0.00    0.00    0.00   99.01
00:23:02       4    1.00    0.00    0.00    0.00    0.00    0.00    0.00    0.00    0.00   99.00
00:23:02       5    4.04    0.00    1.01    0.00    0.00    0.00    0.00    0.00    0.00   94.95
00:23:02       6    0.00    0.00    0.00    0.00    0.00    0.00    0.00    0.00    0.00  100.00
00:23:02       7    0.00    0.00    0.99    0.00    0.00    0.00    0.00    0.00    0.00   99.01
00:23:02       8    0.00    0.00    0.00    0.00    0.00    0.00    0.00    0.00    0.00  100.00
00:23:02       9    1.00    0.00    1.00    0.00    0.00    0.00    0.00    0.00    0.00   98.00
00:23:02      10    0.00    0.00    0.00    0.00    0.00    0.00    0.00    0.00    0.00  100.00
00:23:02      11    0.00    0.00    0.00    0.00    0.00    0.00    0.00    0.00    0.00  100.00
00:23:02      12    0.00    0.00    0.00    0.00    0.00    0.00    0.00    0.00    0.00  100.00
00:23:02      13    1.00    0.00    0.00    0.00    0.00    0.00    0.00    0.00    0.00   99.00
00:23:02      14   99.00    0.00    1.00    0.00    0.00    0.00    0.00    0.00    0.00    0.00
00:23:02      15    0.00    0.00    0.00    0.00    0.00    0.00    0.00    0.00    0.00  100.00
00:23:02      16    0.00    0.00    0.00    0.00    0.00    0.00    0.00    0.00    0.00  100.00
00:23:02      17    0.00    0.00    0.00    0.00    0.00    0.00    0.00    0.00    0.00  100.00
00:23:02      18    0.00    0.00    0.00    0.00    0.00    0.00    0.00    0.00    0.00  100.00
00:23:02      19    0.00    0.00    0.00    0.00    0.00    0.00    0.00    0.00    0.00  100.00
00:23:02      20    0.00    0.00    0.00    0.00    0.00    0.00    0.00    0.00    0.00  100.00
00:23:02      21    0.00    0.00    0.00    0.00    0.00    0.00    0.00    0.00    0.00  100.00
00:23:02      22    0.00    0.00    0.00    0.00    0.00    0.00    0.00    0.00    0.00  100.00
00:23:02      23    0.00    0.00    0.00    0.00    0.00    0.00    0.00    0.00    0.00  100.00
00:23:02      24    0.00    0.00    0.00    0.00    0.00    0.00    0.00    0.00    0.00  100.00
00:23:02      25    0.99    0.00    0.00    0.00    0.00    0.00    0.00    0.00    0.00   99.01
00:23:02      26    0.00    0.00    0.00    0.00    0.00    0.00    0.00    0.00    0.00  100.00
00:23:02      27    0.00    0.00    0.00    0.00    0.00    0.00    0.00    0.00    0.00  100.00
00:23:02      28    0.00    0.00    1.00    0.00    0.00    0.00    0.00    0.00    0.00   99.00
00:23:02      29    0.00    0.00    0.00    0.00    0.00    0.00    0.00    0.00    0.00  100.00
00:23:02      30    0.00    0.00    0.00    0.00    0.00    0.00    0.00    0.00    0.00  100.00
00:23:02      31    0.00    0.00    0.00    0.00    0.00    0.00    0.00    0.00    0.00  100.00

00:23:02     CPU    %usr   %nice    %sys %iowait    %irq   %soft  %steal  %guest  %gnice   %idle
00:23:03     all    3.12    0.00    0.09    0.00    0.00    0.00    0.00    0.00    0.00   96.78
00:23:03       0    0.00    0.00    0.00    0.00    0.00    0.00    0.00    0.00    0.00  100.00
00:23:03       1    0.00    0.00    0.00    0.00    0.00    0.00    0.00    0.00    0.00  100.00
00:23:03       2    0.00    0.00    0.00    0.00    0.00    0.00    0.00    0.00    0.00  100.00
00:23:03       3    0.00    0.00    0.00    0.00    0.00    0.00    0.00    0.00    0.00  100.00
00:23:03       4    0.00    0.00    0.00    0.00    0.00    0.00    0.00    0.00    0.00  100.00
00:23:03       5    0.00    0.00    0.00    0.00    0.00    0.00    0.00    0.00    0.00  100.00
00:23:03       6    0.00    0.00    0.00    0.00    0.00    0.00    0.00    0.00    0.00  100.00
00:23:03       7    1.00    0.00    0.00    0.00    0.00    0.00    0.00    0.00    0.00   99.00
00:23:03       8    0.00    0.00    0.00    0.00    0.00    0.00    0.00    0.00    0.00  100.00
00:23:03       9    0.00    0.00    0.00    0.00    0.00    0.00    0.00    0.00    0.00  100.00
00:23:03      10    0.00    0.00    0.00    0.00    0.00    0.00    0.00    0.00    0.00  100.00
00:23:03      11    0.00    0.00    0.00    0.00    0.00    0.00    0.00    0.00    0.00  100.00
00:23:03      12    0.00    0.00    0.00    0.00    0.00    0.00    0.00    0.00    0.00  100.00
00:23:03      13    0.00    0.00    0.00    0.00    0.00    0.00    0.00    0.00    0.00  100.00
00:23:03      14   98.02    0.00    1.98    0.00    0.00    0.00    0.00    0.00    0.00    0.00
00:23:03      15    0.00    0.00    0.00    0.00    0.00    0.00    0.00    0.00    0.00  100.00
00:23:03      16    0.00    0.00    0.00    0.00    0.00    0.00    0.00    0.00    0.00  100.00
00:23:03      17    0.00    0.00    0.00    0.00    0.00    0.00    0.00    0.00    0.00  100.00
00:23:03      18    0.00    0.00    0.00    0.00    0.00    0.00    0.00    0.00    0.00  100.00
00:23:03      19    0.00    0.00    0.00    0.00    0.00    0.00    0.00    0.00    0.00  100.00
00:23:03      20    0.00    0.00    0.00    0.00    0.00    0.00    0.00    0.00    0.00  100.00
00:23:03      21    0.00    0.00    0.00    0.00    0.00    0.00    0.00    0.00    0.00  100.00
00:23:03      22    0.00    0.00    0.00    0.00    0.00    0.00    0.00    0.00    0.00  100.00
00:23:03      23    0.00    0.00    1.00    0.00    0.00    0.00    0.00    0.00    0.00   99.00
00:23:03      24    0.00    0.00    0.00    0.00    0.00    0.00    0.00    0.00    0.00  100.00
00:23:03      25    0.00    0.00    0.00    0.00    0.00    0.00    0.00    0.00    0.00  100.00
00:23:03      26    0.00    0.00    0.00    0.00    0.00    0.00    0.00    0.00    0.00  100.00
00:23:03      27    0.00    0.00    0.00    0.00    0.00    0.00    0.00    0.00    0.00  100.00
00:23:03      28    0.00    0.00    0.00    0.00    0.00    0.00    0.00    0.00    0.00  100.00
00:23:03      29    0.00    0.00    0.00    0.00    0.00    0.00    0.00    0.00    0.00  100.00
00:23:03      30    0.00    0.00    0.00    0.00    0.00    0.00    0.00    0.00    0.00  100.00
00:23:03      31    0.00    0.00    0.00    0.00    0.00    0.00    0.00    0.00    0.00  100.00

00:23:03     CPU    %usr   %nice    %sys %iowait    %irq   %soft  %steal  %guest  %gnice   %idle
00:23:04     all    3.06    0.00    0.09    0.00    0.00    0.00    0.00    0.00    0.00   96.84
00:23:04       0    0.00    0.00    0.00    0.00    0.00    0.00    0.00    0.00    0.00  100.00
00:23:04       1    0.00    0.00    0.00    0.00    0.00    0.00    0.00    0.00    0.00  100.00
00:23:04       2    0.00    0.00    0.00    0.00    0.00    0.00    0.00    0.00    0.00  100.00
00:23:04       3    0.00    0.00    0.00    0.00    0.00    0.00    0.00    0.00    0.00  100.00
00:23:04       4    0.00    0.00    0.00    0.00    0.00    0.00    0.00    0.00    0.00  100.00
00:23:04       5    0.00    0.00    0.00    0.00    0.00    0.00    0.00    0.00    0.00  100.00
00:23:04       6    0.00    0.00    0.00    0.00    0.00    0.00    0.00    0.00    0.00  100.00
00:23:04       7    0.00    0.00    1.00    0.00    0.00    0.00    0.00    0.00    0.00   99.00
00:23:04       8    0.00    0.00    0.99    0.00    0.00    0.00    0.00    0.00    0.00   99.01
00:23:04       9    0.00    0.00    0.00    0.00    0.00    0.00    0.00    0.00    0.00  100.00
00:23:04      10    0.00    0.00    0.00    0.00    0.00    0.00    0.00    0.00    0.00  100.00
00:23:04      11    0.00    0.00    0.00    0.00    0.00    0.00    0.00    0.00    0.00  100.00
00:23:04      12    0.00    0.00    0.00    0.00    0.00    0.00    0.00    0.00    0.00  100.00
00:23:04      13    0.00    0.00    0.00    0.00    0.00    0.00    0.00    0.00    0.00  100.00
00:23:04      14   98.99    0.00    1.01    0.00    0.00    0.00    0.00    0.00    0.00    0.00
00:23:04      15    0.00    0.00    0.00    0.00    0.00    0.00    0.00    0.00    0.00  100.00
00:23:04      16    0.00    0.00    0.00    0.00    0.00    0.00    0.00    0.00    0.00  100.00
00:23:04      17    0.00    0.00    0.00    0.00    0.00    0.00    0.00    0.00    0.00  100.00
00:23:04      18    0.00    0.00    0.00    0.00    0.00    0.00    0.00    0.00    0.00  100.00
00:23:04      19    0.00    0.00    0.00    0.00    0.00    0.00    0.00    0.00    0.00  100.00
00:23:04      20    0.00    0.00    0.00    0.00    0.00    0.00    0.00    0.00    0.00  100.00
00:23:04      21    0.00    0.00    0.00    0.00    0.00    0.00    0.00    0.00    0.00  100.00
00:23:04      22    0.00    0.00    0.00    0.00    0.00    0.00    0.00    0.00    0.00  100.00
00:23:04      23    0.00    0.00    0.00    0.00    0.00    0.00    0.00    0.00    0.00  100.00
00:23:04      24    0.00    0.00    0.00    0.00    0.00    0.00    0.00    0.00    0.00  100.00
00:23:04      25    0.00    0.00    0.00    0.00    0.00    0.00    0.00    0.00    0.00  100.00
00:23:04      26    0.00    0.00    0.00    0.00    0.00    0.00    0.00    0.00    0.00  100.00
00:23:04      27    0.00    0.00    0.00    0.00    0.00    0.00    0.00    0.00    0.00  100.00
00:23:04      28    0.00    0.00    0.00    0.00    0.00    0.00    0.00    0.00    0.00  100.00
00:23:04      29    0.00    0.00    0.00    0.00    0.00    0.00    0.00    0.00    0.00  100.00
00:23:04      30    0.00    0.00    0.00    0.00    0.00    0.00    0.00    0.00    0.00  100.00
00:23:04      31    0.00    0.00    0.00    0.00    0.00    0.00    0.00    0.00    0.00  100.00

00:23:04     CPU    %usr   %nice    %sys %iowait    %irq   %soft  %steal  %guest  %gnice   %idle
00:23:05     all    3.06    0.00    0.16    0.00    0.00    0.00    0.00    0.00    0.00   96.78
00:23:05       0    0.00    0.00    0.00    0.00    0.00    0.00    0.00    0.00    0.00  100.00
00:23:05       1    0.00    0.00    0.00    0.00    0.00    0.00    0.00    0.00    0.00  100.00
00:23:05       2    0.00    0.00    0.00    0.00    0.00    0.00    0.00    0.00    0.00  100.00
00:23:05       3    0.00    0.00    0.00    0.00    0.00    0.00    0.00    0.00    0.00  100.00
00:23:05       4    0.00    0.00    0.00    0.00    0.00    0.00    0.00    0.00    0.00  100.00
00:23:05       5    0.00    0.00    0.00    0.00    0.00    0.00    0.00    0.00    0.00  100.00
00:23:05       6    0.00    0.00    0.00    0.00    0.00    0.00    0.00    0.00    0.00  100.00
00:23:05       7    0.00    0.00    1.00    0.00    0.00    0.00    0.00    0.00    0.00   99.00
00:23:05       8    0.00    0.00    0.00    0.00    0.00    0.00    0.00    0.00    0.00  100.00
00:23:05       9    0.00    0.00    0.00    0.00    0.00    0.00    0.00    0.00    0.00  100.00
00:23:05      10    0.00    0.00    0.00    0.00    0.00    0.00    0.00    0.00    0.00  100.00
00:23:05      11    0.00    0.00    0.00    0.00    0.00    0.00    0.00    0.00    0.00  100.00
00:23:05      12    0.00    0.00    1.00    0.00    0.00    0.00    0.00    0.00    0.00   99.00
00:23:05      13    0.00    0.00    0.00    0.00    0.00    0.00    0.00    0.00    0.00  100.00
00:23:05      14   97.03    0.00    2.97    0.00    0.00    0.00    0.00    0.00    0.00    0.00
00:23:05      15    0.00    0.00    0.00    0.00    0.00    0.00    0.00    0.00    0.00  100.00
00:23:05      16    0.00    0.00    0.00    0.00    0.00    0.00    0.00    0.00    0.00  100.00
00:23:05      17    0.00    0.00    0.00    0.00    0.00    0.00    0.00    0.00    0.00  100.00
00:23:05      18    0.00    0.00    0.00    0.00    0.00    0.00    0.00    0.00    0.00  100.00
00:23:05      19    0.00    0.00    0.00    0.00    0.00    0.00    0.00    0.00    0.00  100.00
00:23:05      20    0.00    0.00    0.00    0.00    0.00    0.00    0.00    0.00    0.00  100.00
00:23:05      21    0.00    0.00    0.00    0.00    0.00    0.00    0.00    0.00    0.00  100.00
00:23:05      22    0.00    0.00    0.00    0.00    0.00    0.00    0.00    0.00    0.00  100.00
00:23:05      23    0.00    0.00    0.00    0.00    0.00    0.00    0.00    0.00    0.00  100.00
00:23:05      24    0.00    0.00    0.00    0.00    0.00    0.00    0.00    0.00    0.00  100.00
00:23:05      25    0.00    0.00    0.00    0.00    0.00    0.00    0.00    0.00    0.00  100.00
00:23:05      26    0.00    0.00    0.00    0.00    0.00    0.00    0.00    0.00    0.00  100.00
00:23:05      27    0.00    0.00    0.00    0.00    0.00    0.00    0.00    0.00    0.00  100.00
00:23:05      28    0.00    0.00    0.00    0.00    0.00    0.00    0.00    0.00    0.00  100.00
00:23:05      29    0.00    0.00    0.00    0.00    0.00    0.00    0.00    0.00    0.00  100.00
00:23:05      30    0.00    0.00    0.00    0.00    0.00    0.00    0.00    0.00    0.00  100.00
00:23:05      31    0.00    0.00    0.00    0.00    0.00    0.00    0.00    0.00    0.00  100.00

00:23:05     CPU    %usr   %nice    %sys %iowait    %irq   %soft  %steal  %guest  %gnice   %idle
00:23:06     all    3.09    0.00    0.09    0.00    0.00    0.00    0.00    0.00    0.00   96.81
00:23:06       0    0.00    0.00    0.00    0.00    0.00    0.00    0.00    0.00    0.00  100.00
00:23:06       1    0.00    0.00    0.00    0.00    0.00    0.00    0.00    0.00    0.00  100.00
00:23:06       2    0.00    0.00    0.00    0.00    0.00    0.00    0.00    0.00    0.00  100.00
00:23:06       3    0.00    0.00    0.00    0.00    0.00    0.00    0.00    0.00    0.00  100.00
00:23:06       4    0.00    0.00    0.99    0.00    0.00    0.00    0.00    0.00    0.00   99.01
00:23:06       5    0.00    0.00    0.00    0.00    0.00    0.00    0.00    0.00    0.00  100.00
00:23:06       6    0.00    0.00    0.00    0.00    0.00    0.00    0.00    0.00    0.00  100.00
00:23:06       7    0.00    0.00    0.00    0.00    0.00    0.00    0.00    0.00    0.00  100.00
00:23:06       8    0.00    0.00    0.00    0.00    0.00    0.00    0.00    0.00    0.00  100.00
00:23:06       9    0.00    0.00    0.00    0.00    0.00    0.00    0.00    0.00    0.00  100.00
00:23:06      10    0.00    0.00    0.00    0.00    0.00    0.00    0.00    0.00    0.00  100.00
00:23:06      11    0.00    0.00    0.00    0.00    0.00    0.00    0.00    0.00    0.00  100.00
00:23:06      12    0.00    0.00    0.00    0.00    0.00    0.00    0.00    0.00    0.00  100.00
00:23:06      13    0.00    0.00    0.00    0.00    0.00    0.00    0.00    0.00    0.00  100.00
00:23:06      14   98.00    0.00    2.00    0.00    0.00    0.00    0.00    0.00    0.00    0.00
00:23:06      15    0.00    0.00    0.00    0.00    0.00    0.00    0.00    0.00    0.00  100.00
00:23:06      16    0.00    0.00    0.00    0.00    0.00    0.00    0.00    0.00    0.00  100.00
00:23:06      17    0.00    0.00    0.00    0.00    0.00    0.00    0.00    0.00    0.00  100.00
00:23:06      18    0.00    0.00    0.00    0.00    0.00    0.00    0.00    0.00    0.00  100.00
00:23:06      19    0.00    0.00    0.00    0.00    0.00    0.00    0.00    0.00    0.00  100.00
00:23:06      20    0.00    0.00    0.00    0.00    0.00    0.00    0.00    0.00    0.00  100.00
00:23:06      21    0.00    0.00    0.00    0.00    0.00    0.00    0.00    0.00    0.00  100.00
00:23:06      22    0.00    0.00    0.00    0.00    0.00    0.00    0.00    0.00    0.00  100.00
00:23:06      23    0.99    0.00    0.00    0.00    0.00    0.00    0.00    0.00    0.00   99.01
00:23:06      24    0.00    0.00    0.00    0.00    0.00    0.00    0.00    0.00    0.00  100.00
00:23:06      25    0.00    0.00    0.00    0.00    0.00    0.00    0.00    0.00    0.00  100.00
00:23:06      26    0.00    0.00    0.00    0.00    0.00    0.00    0.00    0.00    0.00  100.00
00:23:06      27    0.00    0.00    0.00    0.00    0.00    0.00    0.00    0.00    0.00  100.00
00:23:06      28    0.00    0.00    0.00    0.00    0.00    0.00    0.00    0.00    0.00  100.00
00:23:06      29    0.00    0.00    0.00    0.00    0.00    0.00    0.00    0.00    0.00  100.00
00:23:06      30    0.00    0.00    0.00    0.00    0.00    0.00    0.00    0.00    0.00  100.00
00:23:06      31    0.00    0.00    0.00    0.00    0.00    0.00    0.00    0.00    0.00  100.00

Average:     CPU    %usr   %nice    %sys %iowait    %irq   %soft  %steal  %guest  %gnice   %idle
Average:     all    3.11    0.00    0.08    0.00    0.00    0.00    0.00    0.00    0.00   96.81
Average:       0    0.03    0.00    0.03    0.00    0.00    0.03    0.00    0.00    0.00   99.91
Average:       1    0.05    0.00    0.15    0.00    0.00    0.02    0.00    0.00    0.00   99.78
Average:       2    0.02    0.00    0.03    0.00    0.00    0.00    0.00    0.00    0.00   99.95
Average:       3    0.02    0.00    0.03    0.00    0.00    0.00    0.00    0.00    0.00   99.95
Average:       4    0.05    0.00    0.14    0.00    0.00    0.02    0.00    0.00    0.00   99.80
Average:       5    0.06    0.00    0.03    0.00    0.00    0.00    0.00    0.00    0.00   99.91
Average:       6    0.00    0.00    0.02    0.00    0.00    0.00    0.00    0.00    0.00   99.98
Average:       7    0.03    0.00    0.23    0.00    0.00    0.00    0.00    0.00    0.00   99.74
Average:       8    0.02    0.00    0.09    0.00    0.00    0.00    0.00    0.00    0.00   99.89
Average:       9    0.02    0.00    0.03    0.00    0.00    0.00    0.00    0.00    0.00   99.95
Average:      10    0.02    0.00    0.06    0.00    0.00    0.00    0.00    0.00    0.00   99.92
Average:      11    0.02    0.00    0.06    0.00    0.00    0.00    0.00    0.00    0.00   99.92
Average:      12    0.05    0.00    0.05    0.00    0.00    0.00    0.00    0.00    0.00   99.91
Average:      13    0.02    0.00    0.05    0.00    0.00    0.00    0.00    0.00    0.00   99.94
Average:      14   98.75    0.00    0.97    0.00    0.00    0.00    0.00    0.00    0.00    0.28
Average:      15    0.02    0.00    0.05    0.02    0.00    0.00    0.00    0.00    0.00   99.92
Average:      16    0.05    0.00    0.05    0.00    0.00    0.00    0.00    0.00    0.00   99.91
Average:      17    0.03    0.00    0.02    0.00    0.00    0.00    0.00    0.00    0.00   99.95
Average:      18    0.00    0.00    0.03    0.00    0.00    0.00    0.00    0.00    0.00   99.97
Average:      19    0.00    0.00    0.00    0.00    0.00    0.00    0.00    0.00    0.00  100.00
Average:      20    0.00    0.00    0.02    0.00    0.00    0.00    0.00    0.00    0.00   99.98
Average:      21    0.02    0.00    0.02    0.00    0.00    0.00    0.00    0.00    0.00   99.97
Average:      22    0.03    0.00    0.09    0.00    0.00    0.00    0.00    0.00    0.00   99.88
Average:      23    0.05    0.00    0.12    0.00    0.00    0.00    0.00    0.00    0.00   99.83
Average:      24    0.05    0.00    0.02    0.00    0.00    0.00    0.00    0.00    0.00   99.94
Average:      25    0.02    0.00    0.02    0.00    0.00    0.00    0.00    0.00    0.00   99.97
Average:      26    0.00    0.00    0.03    0.00    0.00    0.00    0.00    0.00    0.00   99.97
Average:      27    0.00    0.00    0.00    0.00    0.00    0.00    0.00    0.00    0.00  100.00
Average:      28    0.02    0.00    0.02    0.00    0.00    0.00    0.00    0.00    0.00   99.97
Average:      29    0.00    0.00    0.00    0.00    0.00    0.00    0.00    0.00    0.00  100.00
Average:      30    0.02    0.00    0.02    0.00    0.00    0.00    0.00    0.00    0.00   99.97
Average:      31    0.00    0.00    0.02    0.02    0.00    0.00    0.00    0.00    0.00   99.97
