Linux 5.15.0-177-generic (node0.paper.datacntr-effcy-pg0.utah.cloudlab.us) 	07/10/26 	_x86_64_	(32 CPU)

19:53:33     CPU    %usr   %nice    %sys %iowait    %irq   %soft  %steal  %guest  %gnice   %idle
19:53:34     all   13.97    0.00    1.02    0.19    0.00    1.58    0.00    0.00    0.00   83.24
19:53:34       0   17.17    0.00    0.00    0.00    0.00    0.00    0.00    0.00    0.00   82.83
19:53:34       1    1.02    0.00    0.00    0.00    0.00    0.00    0.00    0.00    0.00   98.98
19:53:34       2    0.67    0.00    0.00    0.00    0.00   33.56    0.00    0.00    0.00   65.77
19:53:34       3    1.01    0.00    0.00    0.00    0.00    0.00    0.00    0.00    0.00   98.99
19:53:34       4    0.00    0.00    2.04    3.06    0.00    0.00    0.00    0.00    0.00   94.90
19:53:34       5    1.02    0.00    0.00    0.00    0.00    0.00    0.00    0.00    0.00   98.98
19:53:34       6    1.00    0.00    1.00    0.00    0.00    0.00    0.00    0.00    0.00   98.00
19:53:34       7    1.00    0.00    1.00    0.00    0.00    0.00    0.00    0.00    0.00   98.00
19:53:34       8    1.01    0.00    0.00    0.00    0.00    0.00    0.00    0.00    0.00   98.99
19:53:34       9    0.99    0.00    0.99    0.00    0.00    0.00    0.00    0.00    0.00   98.02
19:53:34      10    0.00    0.00    0.00    0.00    0.00    0.00    0.00    0.00    0.00  100.00
19:53:34      11    0.00    0.00    0.00    0.00    0.00    0.00    0.00    0.00    0.00  100.00
19:53:34      12    0.00    0.00    0.00    0.00    0.00    0.00    0.00    0.00    0.00  100.00
19:53:34      13    0.00    0.00    0.00    0.00    0.00    0.00    0.00    0.00    0.00  100.00
19:53:34      14    0.00    0.00    0.00    0.00    0.00    0.00    0.00    0.00    0.00  100.00
19:53:34      15    0.00    0.00    0.00    0.00    0.00    0.00    0.00    0.00    0.00  100.00
19:53:34      16   75.51    0.00    0.00    0.00    0.00    0.00    0.00    0.00    0.00   24.49
19:53:34      17    7.00    0.00    0.00    0.00    0.00    0.00    0.00    0.00    0.00   93.00
19:53:34      18    1.00    0.00    0.00    0.00    0.00    0.00    0.00    0.00    0.00   99.00
19:53:34      19    0.00    0.00    1.01    0.00    0.00    0.00    0.00    0.00    0.00   98.99
19:53:34      20    1.02    0.00    0.00    0.00    0.00    0.00    0.00    0.00    0.00   98.98
19:53:34      21    2.00    0.00    1.00    0.00    0.00    0.00    0.00    0.00    0.00   97.00
19:53:34      22    1.98    0.00    0.99    0.00    0.00    0.00    0.00    0.00    0.00   97.03
19:53:34      23    2.02    0.00    0.00    0.00    0.00    0.00    0.00    0.00    0.00   97.98
19:53:34      24   25.74    0.00    2.97    0.00    0.00    0.00    0.00    0.00    0.00   71.29
19:53:34      25   47.00    0.00    4.00    0.00    0.00    0.00    0.00    0.00    0.00   49.00
19:53:34      26   47.00    0.00    3.00    0.00    0.00    0.00    0.00    0.00    0.00   50.00
19:53:34      27   65.00    0.00    4.00    2.00    0.00    0.00    0.00    0.00    0.00   29.00
19:53:34      28   32.00    0.00    1.00    0.00    0.00    1.00    0.00    0.00    0.00   66.00
19:53:34      29   28.28    0.00    3.03    0.00    0.00    0.00    0.00    0.00    0.00   68.69
19:53:34      30   51.00    0.00    6.00    1.00    0.00    0.00    0.00    0.00    0.00   42.00
19:53:34      31   41.00    0.00    1.00    0.00    0.00    0.00    0.00    0.00    0.00   58.00

19:53:34     CPU    %usr   %nice    %sys %iowait    %irq   %soft  %steal  %guest  %gnice   %idle
19:53:35     all   32.35    0.00    4.56    0.00    0.00    0.35    0.00    0.00    0.00   62.74
19:53:35       0   52.00    0.00    3.00    0.00    0.00    0.00    0.00    0.00    0.00   45.00
19:53:35       1   14.29    0.00    1.02    0.00    0.00    0.00    0.00    0.00    0.00   84.69
19:53:35       2   14.29    0.00    1.02    0.00    0.00    0.00    0.00    0.00    0.00   84.69
19:53:35       3   14.71    0.00    2.94    0.00    0.00    0.00    0.00    0.00    0.00   82.35
19:53:35       4   18.00    0.00    2.00    0.00    0.00    1.00    0.00    0.00    0.00   79.00
19:53:35       5   20.20    0.00    2.02    0.00    0.00    0.00    0.00    0.00    0.00   77.78
19:53:35       6   15.96    0.00    4.26    0.00    0.00    0.00    0.00    0.00    0.00   79.79
19:53:35       7   20.20    0.00    2.02    0.00    0.00    1.01    0.00    0.00    0.00   76.77
19:53:35       8    7.14    0.00    0.00    0.00    0.00    0.00    0.00    0.00    0.00   92.86
19:53:35       9    8.16    0.00    1.02    0.00    0.00    0.00    0.00    0.00    0.00   90.82
19:53:35      10    7.00    0.00    1.00    0.00    0.00    0.00    0.00    0.00    0.00   92.00
19:53:35      11    6.06    0.00    0.00    0.00    0.00    0.00    0.00    0.00    0.00   93.94
19:53:35      12    6.00    0.00    1.00    0.00    0.00    0.00    0.00    0.00    0.00   93.00
19:53:35      13    6.06    0.00    1.01    0.00    0.00    0.00    0.00    0.00    0.00   92.93
19:53:35      14   11.65    0.00    0.00    0.00    0.00    0.00    0.00    0.00    0.00   88.35
19:53:35      15   11.00    0.00    2.00    0.00    0.00    0.00    0.00    0.00    0.00   87.00
19:53:35      16   57.00    0.00    3.00    0.00    0.00    1.00    0.00    0.00    0.00   39.00
19:53:35      17    8.42    0.00    1.05    0.00    0.00    0.00    0.00    0.00    0.00   90.53
19:53:35      18   12.24    0.00    1.02    0.00    0.00    0.00    0.00    0.00    0.00   86.73
19:53:35      19   10.42    0.00    1.04    0.00    0.00    0.00    0.00    0.00    0.00   88.54
19:53:35      20   22.22    0.00    3.03    0.00    0.00    0.00    0.00    0.00    0.00   74.75
19:53:35      21   21.05    0.00    2.11    0.00    0.00    0.00    0.00    0.00    0.00   76.84
19:53:35      22   19.15    0.00    2.13    0.00    0.00    0.00    0.00    0.00    0.00   78.72
19:53:35      23   18.95    0.00    2.11    0.00    0.00    1.05    0.00    0.00    0.00   77.89
19:53:35      24   79.00    0.00   12.00    0.00    0.00    1.00    0.00    0.00    0.00    8.00
19:53:35      25   76.47    0.00   15.69    0.00    0.00    0.00    0.00    0.00    0.00    7.84
19:53:35      26   77.23    0.00   15.84    0.00    0.00    0.00    0.00    0.00    0.00    6.93
19:53:35      27   74.49    0.00   15.31    0.00    0.00    2.04    0.00    0.00    0.00    8.16
19:53:35      28   80.81    0.00   13.13    0.00    0.00    0.00    0.00    0.00    0.00    6.06
19:53:35      29   77.78    0.00   12.12    0.00    0.00    2.02    0.00    0.00    0.00    8.08
19:53:35      30   82.18    0.00    8.91    0.00    0.00    0.99    0.00    0.00    0.00    7.92
19:53:35      31   79.38    0.00   12.37    0.00    0.00    1.03    0.00    0.00    0.00    7.22

19:53:35     CPU    %usr   %nice    %sys %iowait    %irq   %soft  %steal  %guest  %gnice   %idle
19:53:36     all   48.19    0.00    5.81    0.00    0.00    1.14    0.00    0.00    0.00   44.85
19:53:36       0   42.11    0.00    5.26    0.00    0.00    0.00    0.00    0.00    0.00   52.63
19:53:36       1   98.00    0.00    1.00    0.00    0.00    0.00    0.00    0.00    0.00    1.00
19:53:36       2   42.71    0.00    6.25    0.00    0.00    0.00    0.00    0.00    0.00   51.04
19:53:36       3   39.18    0.00    6.19    0.00    0.00    2.06    0.00    0.00    0.00   52.58
19:53:36       4   43.30    0.00    5.15    0.00    0.00    1.03    0.00    0.00    0.00   50.52
19:53:36       5   42.27    0.00    3.09    0.00    0.00    4.12    0.00    0.00    0.00   50.52
19:53:36       6   44.00    0.00    7.00    0.00    0.00    1.00    0.00    0.00    0.00   48.00
19:53:36       7   42.71    0.00    4.17    0.00    0.00    2.08    0.00    0.00    0.00   51.04
19:53:36       8   16.33    0.00    3.06    0.00    0.00    0.00    0.00    0.00    0.00   80.61
19:53:36       9   15.15    0.00    1.01    0.00    0.00    0.00    0.00    0.00    0.00   83.84
19:53:36      10   17.82    0.00    1.98    0.00    0.00    0.99    0.00    0.00    0.00   79.21
19:53:36      11   19.42    0.00    1.94    0.00    0.00    0.00    0.00    0.00    0.00   78.64
19:53:36      12   19.61    0.00    1.96    0.00    0.00    0.98    0.00    0.00    0.00   77.45
19:53:36      13   14.14    0.00    3.03    0.00    0.00    0.00    0.00    0.00    0.00   82.83
19:53:36      14   14.43    0.00    1.03    0.00    0.00    0.00    0.00    0.00    0.00   84.54
19:53:36      15   17.53    0.00    1.03    0.00    0.00    0.00    0.00    0.00    0.00   81.44
19:53:36      16   43.01    0.00    6.45    0.00    0.00    0.00    0.00    0.00    0.00   50.54
19:53:36      17   45.45    0.00    5.05    0.00    0.00    1.01    0.00    0.00    0.00   48.48
19:53:36      18   42.27    0.00    4.12    0.00    0.00    1.03    0.00    0.00    0.00   52.58
19:53:36      19   40.43    0.00    6.38    0.00    0.00    0.00    0.00    0.00    0.00   53.19
19:53:36      20   42.27    0.00    5.15    0.00    0.00    1.03    0.00    0.00    0.00   51.55
19:53:36      21   44.44    0.00    4.04    0.00    0.00    1.01    0.00    0.00    0.00   50.51
19:53:36      22   46.46    0.00    5.05    0.00    0.00    1.01    0.00    0.00    0.00   47.47
19:53:36      23   43.88    0.00    6.12    0.00    0.00    0.00    0.00    0.00    0.00   50.00
19:53:36      24   86.87    0.00    9.09    0.00    0.00    2.02    0.00    0.00    0.00    2.02
19:53:36      25   84.00    0.00   11.00    0.00    0.00    2.00    0.00    0.00    0.00    3.00
19:53:36      26   81.00    0.00   11.00    0.00    0.00    4.00    0.00    0.00    0.00    4.00
19:53:36      27   84.00    0.00   14.00    0.00    0.00    0.00    0.00    0.00    0.00    2.00
19:53:36      28   83.17    0.00   10.89    0.00    0.00    2.97    0.00    0.00    0.00    2.97
19:53:36      29   84.69    0.00   10.20    0.00    0.00    1.02    0.00    0.00    0.00    4.08
19:53:36      30   78.00    0.00   12.00    0.00    0.00    3.00    0.00    0.00    0.00    7.00
19:53:36      31   80.00    0.00   12.00    0.00    0.00    4.00    0.00    0.00    0.00    4.00

19:53:36     CPU    %usr   %nice    %sys %iowait    %irq   %soft  %steal  %guest  %gnice   %idle
19:53:37     all   52.39    0.00    6.88    0.00    0.00    1.77    0.00    0.00    0.00   38.95
19:53:37       0   60.78    0.00    2.94    0.00    0.00    0.98    0.00    0.00    0.00   35.29
19:53:37       1   62.24    0.00    6.12    0.00    0.00    1.02    0.00    0.00    0.00   30.61
19:53:37       2   48.98    0.00    4.08    0.00    0.00    2.04    0.00    0.00    0.00   44.90
19:53:37       3   50.53    0.00    3.16    0.00    0.00    1.05    0.00    0.00    0.00   45.26
19:53:37       4   49.02    0.00    4.90    0.00    0.00    1.96    0.00    0.00    0.00   44.12
19:53:37       5   49.49    0.00    6.06    0.00    0.00    0.00    0.00    0.00    0.00   44.44
19:53:37       6   45.83    0.00    7.29    0.00    0.00    2.08    0.00    0.00    0.00   44.79
19:53:37       7   46.39    0.00    6.19    0.00    0.00    1.03    0.00    0.00    0.00   46.39
19:53:37       8   28.71    0.00    2.97    0.00    0.00    0.99    0.00    0.00    0.00   67.33
19:53:37       9   27.00    0.00    1.00    0.00    0.00    1.00    0.00    0.00    0.00   71.00
19:53:37      10   25.24    0.00    2.91    0.00    0.00    0.97    0.00    0.00    0.00   70.87
19:53:37      11   24.49    0.00    2.04    0.00    0.00    1.02    0.00    0.00    0.00   72.45
19:53:37      12   26.04    0.00    2.08    0.00    0.00    1.04    0.00    0.00    0.00   70.83
19:53:37      13   25.53    0.00    2.13    0.00    0.00    1.06    0.00    0.00    0.00   71.28
19:53:37      14   16.49    0.00    4.12    0.00    0.00    1.03    0.00    0.00    0.00   78.35
19:53:37      15   19.39    0.00    4.08    0.00    0.00    1.02    0.00    0.00    0.00   75.51
19:53:37      16   55.21    0.00    4.17    0.00    0.00    3.12    0.00    0.00    0.00   37.50
19:53:37      17   71.57    0.00    4.90    0.00    0.00    0.98    0.00    0.00    0.00   22.55
19:53:37      18   48.45    0.00    6.19    0.00    0.00    0.00    0.00    0.00    0.00   45.36
19:53:37      19   50.00    0.00    6.00    0.00    0.00    0.00    0.00    0.00    0.00   44.00
19:53:37      20   47.87    0.00    5.32    0.00    0.00    2.13    0.00    0.00    0.00   44.68
19:53:37      21   46.46    0.00    6.06    0.00    0.00    3.03    0.00    0.00    0.00   44.44
19:53:37      22   47.37    0.00    7.37    0.00    0.00    1.05    0.00    0.00    0.00   44.21
19:53:37      23   50.49    0.00    4.85    0.00    0.00    3.88    0.00    0.00    0.00   40.78
19:53:37      24   80.20    0.00   13.86    0.00    0.00    2.97    0.00    0.00    0.00    2.97
19:53:37      25   81.82    0.00   14.14    0.00    0.00    2.02    0.00    0.00    0.00    2.02
19:53:37      26   77.00    0.00   16.00    0.00    0.00    6.00    0.00    0.00    0.00    1.00
19:53:37      27   78.79    0.00   14.14    0.00    0.00    4.04    0.00    0.00    0.00    3.03
19:53:37      28   86.87    0.00   12.12    0.00    0.00    1.01    0.00    0.00    0.00    0.00
19:53:37      29   81.00    0.00   15.00    0.00    0.00    2.00    0.00    0.00    0.00    2.00
19:53:37      30   82.83    0.00   13.13    0.00    0.00    3.03    0.00    0.00    0.00    1.01
19:53:37      31   80.61    0.00   14.29    0.00    0.00    3.06    0.00    0.00    0.00    2.04

19:53:37     CPU    %usr   %nice    %sys %iowait    %irq   %soft  %steal  %guest  %gnice   %idle
19:53:38     all   56.61    0.00    6.55    0.00    0.00    1.47    0.00    0.00    0.00   35.38
19:53:38       0   54.74    0.00    7.37    0.00    0.00    1.05    0.00    0.00    0.00   36.84
19:53:38       1   57.89    0.00    5.26    0.00    0.00    1.05    0.00    0.00    0.00   35.79
19:53:38       2   54.08    0.00    7.14    0.00    0.00    1.02    0.00    0.00    0.00   37.76
19:53:38       3   56.12    0.00    4.08    0.00    0.00    1.02    0.00    0.00    0.00   38.78
19:53:38       4   54.08    0.00    7.14    0.00    0.00    0.00    0.00    0.00    0.00   38.78
19:53:38       5   57.14    0.00    5.10    0.00    0.00    1.02    0.00    0.00    0.00   36.73
19:53:38       6   52.58    0.00    6.19    0.00    0.00    1.03    0.00    0.00    0.00   40.21
19:53:38       7   52.08    0.00    5.21    0.00    0.00    2.08    0.00    0.00    0.00   40.62
19:53:38       8   27.37    0.00    2.11    0.00    0.00    0.00    0.00    0.00    0.00   70.53
19:53:38       9   25.53    0.00    1.06    0.00    0.00    0.00    0.00    0.00    0.00   73.40
19:53:38      10   28.57    0.00    2.04    0.00    0.00    0.00    0.00    0.00    0.00   69.39
19:53:38      11   29.81    0.00    2.88    0.00    0.00    0.96    0.00    0.00    0.00   66.35
19:53:38      12   37.76    0.00    3.06    0.00    0.00    0.00    0.00    0.00    0.00   59.18
19:53:38      13   35.05    0.00    5.15    0.00    0.00    0.00    0.00    0.00    0.00   59.79
19:53:38      14   33.33    0.00    2.94    0.00    0.00    1.96    0.00    0.00    0.00   61.76
19:53:38      15   32.63    0.00    3.16    0.00    0.00    1.05    0.00    0.00    0.00   63.16
19:53:38      16   62.00    0.00    4.00    0.00    0.00    3.00    0.00    0.00    0.00   31.00
19:53:38      17   68.04    0.00    4.12    0.00    0.00    1.03    0.00    0.00    0.00   26.80
19:53:38      18   54.26    0.00    4.26    0.00    0.00    1.06    0.00    0.00    0.00   40.43
19:53:38      19   56.57    0.00    5.05    0.00    0.00    0.00    0.00    0.00    0.00   38.38
19:53:38      20   52.69    0.00    6.45    0.00    0.00    1.08    0.00    0.00    0.00   39.78
19:53:38      21   52.08    0.00    6.25    0.00    0.00    2.08    0.00    0.00    0.00   39.58
19:53:38      22   54.08    0.00    5.10    0.00    0.00    1.02    0.00    0.00    0.00   39.80
19:53:38      23   55.00    0.00    5.00    0.00    0.00    1.00    0.00    0.00    0.00   39.00
19:53:38      24   85.86    0.00   11.11    0.00    0.00    2.02    0.00    0.00    0.00    1.01
19:53:38      25   83.00    0.00   12.00    0.00    0.00    3.00    0.00    0.00    0.00    2.00
19:53:38      26   84.85    0.00   10.10    0.00    0.00    4.04    0.00    0.00    0.00    1.01
19:53:38      27   84.00    0.00   12.00    0.00    0.00    2.00    0.00    0.00    0.00    2.00
19:53:38      28   80.81    0.00   14.14    0.00    0.00    3.03    0.00    0.00    0.00    2.02
19:53:38      29   83.00    0.00   13.00    0.00    0.00    2.00    0.00    0.00    0.00    2.00
19:53:38      30   83.00    0.00   11.00    0.00    0.00    4.00    0.00    0.00    0.00    2.00
19:53:38      31   79.00    0.00   15.00    0.00    0.00    4.00    0.00    0.00    0.00    2.00

19:53:38     CPU    %usr   %nice    %sys %iowait    %irq   %soft  %steal  %guest  %gnice   %idle
19:53:39     all   53.42    0.00    7.17    0.00    0.00    1.88    0.00    0.00    0.00   37.53
19:53:39       0   88.12    0.00    2.97    0.00    0.00    0.99    0.00    0.00    0.00    7.92
19:53:39       1   53.19    0.00    7.45    0.00    0.00    1.06    0.00    0.00    0.00   38.30
19:53:39       2   48.96    0.00    5.21    0.00    0.00    2.08    0.00    0.00    0.00   43.75
19:53:39       3   50.00    0.00    8.82    0.00    0.00    1.96    0.00    0.00    0.00   39.22
19:53:39       4   50.51    0.00    5.05    0.00    0.00    2.02    0.00    0.00    0.00   42.42
19:53:39       5   50.00    0.00    7.00    0.00    0.00    1.00    0.00    0.00    0.00   42.00
19:53:39       6   51.52    0.00    6.06    0.00    0.00    3.03    0.00    0.00    0.00   39.39
19:53:39       7   52.17    0.00    3.26    0.00    0.00    1.09    0.00    0.00    0.00   43.48
19:53:39       8   23.16    0.00    2.11    0.00    0.00    0.00    0.00    0.00    0.00   74.74
19:53:39       9   25.00    0.00    2.00    0.00    0.00    1.00    0.00    0.00    0.00   72.00
19:53:39      10   28.43    0.00    3.92    0.00    0.00    0.98    0.00    0.00    0.00   66.67
19:53:39      11   24.73    0.00    3.23    0.00    0.00    0.00    0.00    0.00    0.00   72.04
19:53:39      12   22.45    0.00    2.04    0.00    0.00    2.04    0.00    0.00    0.00   73.47
19:53:39      13   21.05    0.00    2.11    0.00    0.00    2.11    0.00    0.00    0.00   74.74
19:53:39      14   27.72    0.00    2.97    0.00    0.00    0.99    0.00    0.00    0.00   68.32
19:53:39      15   23.16    0.00    4.21    0.00    0.00    0.00    0.00    0.00    0.00   72.63
19:53:39      16   58.42    0.00    6.93    0.00    0.00    0.99    0.00    0.00    0.00   33.66
19:53:39      17   54.55    0.00    6.06    0.00    0.00    1.01    0.00    0.00    0.00   38.38
19:53:39      18   47.42    0.00    8.25    0.00    0.00    2.06    0.00    0.00    0.00   42.27
19:53:39      19   45.74    0.00    7.45    0.00    0.00    2.13    0.00    0.00    0.00   44.68
19:53:39      20   54.90    0.00    3.92    0.00    0.00    0.98    0.00    0.00    0.00   40.20
19:53:39      21   49.49    0.00    4.04    0.00    0.00    3.03    0.00    0.00    0.00   43.43
19:53:39      22   47.31    0.00    8.60    0.00    0.00    3.23    0.00    0.00    0.00   40.86
19:53:39      23   53.19    0.00    4.26    0.00    0.00    1.06    0.00    0.00    0.00   41.49
19:53:39      24   80.81    0.00   13.13    0.00    0.00    4.04    0.00    0.00    0.00    2.02
19:53:39      25   80.20    0.00   12.87    0.00    0.00    4.95    0.00    0.00    0.00    1.98
19:53:39      26   78.00    0.00   16.00    0.00    0.00    4.00    0.00    0.00    0.00    2.00
19:53:39      27   85.86    0.00    9.09    0.00    0.00    3.03    0.00    0.00    0.00    2.02
19:53:39      28   78.22    0.00   16.83    0.00    0.00    2.97    0.00    0.00    0.00    1.98
19:53:39      29   82.83    0.00   13.13    0.00    0.00    1.01    0.00    0.00    0.00    3.03
19:53:39      30   81.00    0.00   15.00    0.00    0.00    3.00    0.00    0.00    0.00    1.00
19:53:39      31   83.84    0.00   14.14    0.00    0.00    2.02    0.00    0.00    0.00    0.00

19:53:39     CPU    %usr   %nice    %sys %iowait    %irq   %soft  %steal  %guest  %gnice   %idle
19:53:40     all   56.14    0.00    5.61    0.00    0.00    1.64    0.00    0.00    0.00   36.61
19:53:40       0   56.25    0.00    5.21    0.00    0.00    1.04    0.00    0.00    0.00   37.50
19:53:40       1   59.57    0.00    2.13    0.00    0.00    0.00    0.00    0.00    0.00   38.30
19:53:40       2   55.21    0.00    5.21    0.00    0.00    1.04    0.00    0.00    0.00   38.54
19:53:40       3   55.45    0.00    6.93    0.00    0.00    1.98    0.00    0.00    0.00   35.64
19:53:40       4   47.87    0.00    4.26    0.00    0.00    2.13    0.00    0.00    0.00   45.74
19:53:40       5   46.74    0.00    4.35    0.00    0.00    3.26    0.00    0.00    0.00   45.65
19:53:40       6   51.02    0.00    6.12    0.00    0.00    3.06    0.00    0.00    0.00   39.80
19:53:40       7   51.06    0.00    6.38    0.00    0.00    1.06    0.00    0.00    0.00   41.49
19:53:40       8   21.21    0.00    3.03    0.00    0.00    0.00    0.00    0.00    0.00   75.76
19:53:40       9   18.09    0.00    3.19    0.00    0.00    0.00    0.00    0.00    0.00   78.72
19:53:40      10   26.04    0.00    2.08    0.00    0.00    0.00    0.00    0.00    0.00   71.88
19:53:40      11   28.28    0.00    3.03    0.00    0.00    2.02    0.00    0.00    0.00   66.67
19:53:40      12   28.87    0.00    3.09    0.00    0.00    1.03    0.00    0.00    0.00   67.01
19:53:40      13   28.12    0.00    4.17    0.00    0.00    0.00    0.00    0.00    0.00   67.71
19:53:40      14   34.02    0.00    2.06    0.00    0.00    1.03    0.00    0.00    0.00   62.89
19:53:40      15   34.02    0.00    3.09    0.00    0.00    2.06    0.00    0.00    0.00   60.82
19:53:40      16   62.00    0.00    8.00    0.00    0.00    1.00    0.00    0.00    0.00   29.00
19:53:40      17   89.90    0.00    3.03    0.00    0.00    0.00    0.00    0.00    0.00    7.07
19:53:40      18   58.16    0.00    4.08    0.00    0.00    0.00    0.00    0.00    0.00   37.76
19:53:40      19   58.16    0.00    3.06    0.00    0.00    2.04    0.00    0.00    0.00   36.73
19:53:40      20   45.36    0.00    7.22    0.00    0.00    2.06    0.00    0.00    0.00   45.36
19:53:40      21   50.00    0.00    6.12    0.00    0.00    1.02    0.00    0.00    0.00   42.86
19:53:40      22   52.17    0.00    5.43    0.00    0.00    2.17    0.00    0.00    0.00   40.22
19:53:40      23   53.06    0.00    6.12    0.00    0.00    2.04    0.00    0.00    0.00   38.78
19:53:40      24   78.00    0.00   14.00    0.00    0.00    3.00    0.00    0.00    0.00    5.00
19:53:40      25   80.81    0.00    9.09    0.00    0.00    5.05    0.00    0.00    0.00    5.05
19:53:40      26   87.88    0.00    9.09    0.00    0.00    2.02    0.00    0.00    0.00    1.01
19:53:40      27   85.00    0.00   10.00    0.00    0.00    1.00    0.00    0.00    0.00    4.00
19:53:40      28   89.90    0.00    9.09    0.00    0.00    0.00    0.00    0.00    0.00    1.01
19:53:40      29   86.87    0.00    6.06    0.00    0.00    2.02    0.00    0.00    0.00    5.05
19:53:40      30   86.00    0.00    8.00    0.00    0.00    3.00    0.00    0.00    0.00    3.00
19:53:40      31   83.17    0.00    5.94    0.00    0.00    5.94    0.00    0.00    0.00    4.95

19:53:40     CPU    %usr   %nice    %sys %iowait    %irq   %soft  %steal  %guest  %gnice   %idle
19:53:41     all   59.73    0.00    5.98    0.00    0.00    1.65    0.00    0.00    0.00   32.65
19:53:41       0   90.91    0.00    2.02    0.00    0.00    0.00    0.00    0.00    0.00    7.07
19:53:41       1   68.09    0.00    6.38    0.00    0.00    1.06    0.00    0.00    0.00   24.47
19:53:41       2   55.21    0.00    5.21    0.00    0.00    2.08    0.00    0.00    0.00   37.50
19:53:41       3   57.55    0.00    6.60    0.00    0.00    1.89    0.00    0.00    0.00   33.96
19:53:41       4   53.47    0.00    5.94    0.00    0.00    0.99    0.00    0.00    0.00   39.60
19:53:41       5   55.45    0.00    5.94    0.00    0.00    0.99    0.00    0.00    0.00   37.62
19:53:41       6   59.60    0.00    7.07    0.00    0.00    0.00    0.00    0.00    0.00   33.33
19:53:41       7   60.00    0.00    4.21    0.00    0.00    1.05    0.00    0.00    0.00   34.74
19:53:41       8   28.43    0.00    2.94    0.00    0.00    0.98    0.00    0.00    0.00   67.65
19:53:41       9   30.00    0.00    2.00    0.00    0.00    1.00    0.00    0.00    0.00   67.00
19:53:41      10   35.71    0.00    2.04    0.00    0.00    1.02    0.00    0.00    0.00   61.22
19:53:41      11   32.61    0.00    2.17    0.00    0.00    0.00    0.00    0.00    0.00   65.22
19:53:41      12   31.25    0.00    2.08    0.00    0.00    1.04    0.00    0.00    0.00   65.62
19:53:41      13   36.19    0.00    2.86    0.00    0.00    0.00    0.00    0.00    0.00   60.95
19:53:41      14   34.00    0.00    2.00    0.00    0.00    1.00    0.00    0.00    0.00   63.00
19:53:41      15   34.00    0.00    4.00    0.00    0.00    0.00    0.00    0.00    0.00   62.00
19:53:41      16   68.69    0.00    4.04    0.00    0.00    1.01    0.00    0.00    0.00   26.26
19:53:41      17   63.64    0.00    6.06    0.00    0.00    2.02    0.00    0.00    0.00   28.28
19:53:41      18   53.61    0.00    7.22    0.00    0.00    2.06    0.00    0.00    0.00   37.11
19:53:41      19   52.08    0.00    7.29    0.00    0.00    2.08    0.00    0.00    0.00   38.54
19:53:41      20   52.00    0.00    8.00    0.00    0.00    2.00    0.00    0.00    0.00   38.00
19:53:41      21   52.63    0.00    5.26    0.00    0.00    2.11    0.00    0.00    0.00   40.00
19:53:41      22   58.33    0.00    7.29    0.00    0.00    1.04    0.00    0.00    0.00   33.33
19:53:41      23   58.76    0.00    7.22    0.00    0.00    1.03    0.00    0.00    0.00   32.99
19:53:41      24   85.00    0.00   10.00    0.00    0.00    3.00    0.00    0.00    0.00    2.00
19:53:41      25   86.87    0.00   11.11    0.00    0.00    2.02    0.00    0.00    0.00    0.00
19:53:41      26   90.00    0.00    7.00    0.00    0.00    2.00    0.00    0.00    0.00    1.00
19:53:41      27   87.88    0.00    8.08    0.00    0.00    4.04    0.00    0.00    0.00    0.00
19:53:41      28   83.17    0.00   10.89    0.00    0.00    3.96    0.00    0.00    0.00    1.98
19:53:41      29   85.00    0.00   10.00    0.00    0.00    3.00    0.00    0.00    0.00    2.00
19:53:41      30   86.00    0.00    8.00    0.00    0.00    4.00    0.00    0.00    0.00    2.00
19:53:41      31   83.84    0.00   10.10    0.00    0.00    4.04    0.00    0.00    0.00    2.02

19:53:41     CPU    %usr   %nice    %sys %iowait    %irq   %soft  %steal  %guest  %gnice   %idle
19:53:42     all   63.57    0.00    7.71    0.00    0.00    1.75    0.00    0.00    0.00   26.97
19:53:42       0   86.46    0.00    5.21    0.00    0.00    0.00    0.00    0.00    0.00    8.33
19:53:42       1   78.43    0.00    9.80    0.00    0.00    0.00    0.00    0.00    0.00   11.76
19:53:42       2   57.29    0.00   10.42    0.00    0.00    1.04    0.00    0.00    0.00   31.25
19:53:42       3   56.52    0.00    8.70    0.00    0.00    2.17    0.00    0.00    0.00   32.61
19:53:42       4   58.51    0.00    8.51    0.00    0.00    3.19    0.00    0.00    0.00   29.79
19:53:42       5   66.33    0.00    9.18    0.00    0.00    1.02    0.00    0.00    0.00   23.47
19:53:42       6   58.25    0.00    8.74    0.00    0.00    3.88    0.00    0.00    0.00   29.13
19:53:42       7   61.17    0.00    7.77    0.00    0.00    0.97    0.00    0.00    0.00   30.10
19:53:42       8   35.42    0.00    5.21    0.00    0.00    1.04    0.00    0.00    0.00   58.33
19:53:42       9   40.21    0.00    3.09    0.00    0.00    1.03    0.00    0.00    0.00   55.67
19:53:42      10   43.16    0.00    3.16    0.00    0.00    1.05    0.00    0.00    0.00   52.63
19:53:42      11   41.18    0.00    4.90    0.00    0.00    0.98    0.00    0.00    0.00   52.94
19:53:42      12   40.82    0.00    7.14    0.00    0.00    0.00    0.00    0.00    0.00   52.04
19:53:42      13   46.60    0.00    4.85    0.00    0.00    0.97    0.00    0.00    0.00   47.57
19:53:42      14   46.32    0.00    5.26    0.00    0.00    0.00    0.00    0.00    0.00   48.42
19:53:42      15   44.79    0.00    3.12    0.00    0.00    2.08    0.00    0.00    0.00   50.00
19:53:42      16   64.29    0.00    7.14    0.00    0.00    1.02    0.00    0.00    0.00   27.55
19:53:42      17   55.32    0.00   10.64    0.00    0.00    0.00    0.00    0.00    0.00   34.04
19:53:42      18   63.37    0.00    4.95    0.00    0.00    0.99    0.00    0.00    0.00   30.69
19:53:42      19   62.77    0.00    7.45    0.00    0.00    0.00    0.00    0.00    0.00   29.79
19:53:42      20   60.00    0.00    9.47    0.00    0.00    0.00    0.00    0.00    0.00   30.53
19:53:42      21   59.79    0.00    8.25    0.00    0.00    2.06    0.00    0.00    0.00   29.90
19:53:42      22   58.42    0.00    8.91    0.00    0.00    0.99    0.00    0.00    0.00   31.68
19:53:42      23   61.46    0.00    5.21    0.00    0.00    2.08    0.00    0.00    0.00   31.25
19:53:42      24   85.00    0.00   10.00    0.00    0.00    4.00    0.00    0.00    0.00    1.00
19:53:42      25   87.00    0.00    9.00    0.00    0.00    3.00    0.00    0.00    0.00    1.00
19:53:42      26   90.91    0.00    7.07    0.00    0.00    2.02    0.00    0.00    0.00    0.00
19:53:42      27   86.00    0.00    8.00    0.00    0.00    5.00    0.00    0.00    0.00    1.00
19:53:42      28   82.83    0.00   13.13    0.00    0.00    3.03    0.00    0.00    0.00    1.01
19:53:42      29   86.27    0.00    9.80    0.00    0.00    1.96    0.00    0.00    0.00    1.96
19:53:42      30   82.83    0.00   12.12    0.00    0.00    4.04    0.00    0.00    0.00    1.01
19:53:42      31   81.82    0.00   10.10    0.00    0.00    6.06    0.00    0.00    0.00    2.02

19:53:42     CPU    %usr   %nice    %sys %iowait    %irq   %soft  %steal  %guest  %gnice   %idle
19:53:43     all   62.94    0.00    6.65    0.00    0.00    1.60    0.00    0.00    0.00   28.81
19:53:43       0   57.43    0.00    7.92    0.00    0.00    1.98    0.00    0.00    0.00   32.67
19:53:43       1   56.84    0.00    7.37    0.00    0.00    0.00    0.00    0.00    0.00   35.79
19:53:43       2   63.44    0.00    5.38    0.00    0.00    1.08    0.00    0.00    0.00   30.11
19:53:43       3   90.20    0.00    1.96    0.00    0.00    0.00    0.00    0.00    0.00    7.84
19:53:43       4   49.47    0.00    9.47    0.00    0.00    0.00    0.00    0.00    0.00   41.05
19:53:43       5   93.00    0.00    7.00    0.00    0.00    0.00    0.00    0.00    0.00    0.00
19:53:43       6   59.79    0.00    5.15    0.00    0.00    2.06    0.00    0.00    0.00   32.99
19:53:43       7   60.82    0.00    4.12    0.00    0.00    3.09    0.00    0.00    0.00   31.96
19:53:43       8   29.59    0.00    3.06    0.00    0.00    2.04    0.00    0.00    0.00   65.31
19:53:43       9   35.29    0.00    3.92    0.00    0.00    0.98    0.00    0.00    0.00   59.80
19:53:43      10   42.16    0.00    3.92    0.00    0.00    0.98    0.00    0.00    0.00   52.94
19:53:43      11   40.43    0.00    4.26    0.00    0.00    1.06    0.00    0.00    0.00   54.26
19:53:43      12   46.94    0.00    3.06    0.00    0.00    2.04    0.00    0.00    0.00   47.96
19:53:43      13   43.48    0.00    3.26    0.00    0.00    1.09    0.00    0.00    0.00   52.17
19:53:43      14   35.87    0.00    3.26    0.00    0.00    2.17    0.00    0.00    0.00   58.70
19:53:43      15   40.62    0.00    3.12    0.00    0.00    0.00    0.00    0.00    0.00   56.25
19:53:43      16   58.33    0.00    7.29    0.00    0.00    1.04    0.00    0.00    0.00   33.33
19:53:43      17   57.73    0.00    7.22    0.00    0.00    0.00    0.00    0.00    0.00   35.05
19:53:43      18   63.64    0.00   10.10    0.00    0.00    0.00    0.00    0.00    0.00   26.26
19:53:43      19   70.10    0.00    7.22    0.00    0.00    2.06    0.00    0.00    0.00   20.62
19:53:43      20   50.00    0.00    6.12    0.00    0.00    1.02    0.00    0.00    0.00   42.86
19:53:43      21   50.53    0.00    8.42    0.00    0.00    0.00    0.00    0.00    0.00   41.05
19:53:43      22   63.27    0.00    5.10    0.00    0.00    0.00    0.00    0.00    0.00   31.63
19:53:43      23   61.05    0.00    4.21    0.00    0.00    1.05    0.00    0.00    0.00   33.68
19:53:43      24   83.84    0.00   10.10    0.00    0.00    5.05    0.00    0.00    0.00    1.01
19:53:43      25   87.13    0.00   10.89    0.00    0.00    1.98    0.00    0.00    0.00    0.00
19:53:43      26   88.78    0.00    6.12    0.00    0.00    4.08    0.00    0.00    0.00    1.02
19:53:43      27   84.16    0.00   10.89    0.00    0.00    3.96    0.00    0.00    0.00    0.99
19:53:43      28   88.00    0.00    8.00    0.00    0.00    3.00    0.00    0.00    0.00    1.00
19:53:43      29   87.00    0.00   11.00    0.00    0.00    2.00    0.00    0.00    0.00    0.00
19:53:43      30   82.00    0.00   13.00    0.00    0.00    3.00    0.00    0.00    0.00    2.00
19:53:43      31   84.85    0.00   10.10    0.00    0.00    4.04    0.00    0.00    0.00    1.01

19:53:43     CPU    %usr   %nice    %sys %iowait    %irq   %soft  %steal  %guest  %gnice   %idle
19:53:44     all   60.23    0.00    6.74    0.63    0.00    1.84    0.00    0.00    0.00   30.56
19:53:44       0   52.53    0.00    9.09    3.03    0.00    0.00    0.00    0.00    0.00   35.35
19:53:44       1   51.49    0.00    6.93    1.98    0.00    4.95    0.00    0.00    0.00   34.65
19:53:44       2   48.45    0.00   10.31    3.09    0.00    3.09    0.00    0.00    0.00   35.05
19:53:44       3   98.97    0.00    0.00    0.00    0.00    0.00    0.00    0.00    0.00    1.03
19:53:44       4   57.29    0.00    7.29    0.00    0.00    1.04    0.00    0.00    0.00   34.38
19:53:44       5   69.79    0.00    8.33    1.04    0.00    1.04    0.00    0.00    0.00   19.79
19:53:44       6   60.20    0.00    6.12    0.00    0.00    0.00    0.00    0.00    0.00   33.67
19:53:44       7   57.14    0.00    6.12    1.02    0.00    2.04    0.00    0.00    0.00   33.67
19:53:44       8   40.00    0.00    4.21    0.00    0.00    0.00    0.00    0.00    0.00   55.79
19:53:44       9   40.00    0.00    5.00    0.00    0.00    1.00    0.00    0.00    0.00   54.00
19:53:44      10   39.39    0.00    5.05    0.00    0.00    1.01    0.00    0.00    0.00   54.55
19:53:44      11   40.57    0.00    2.83    0.00    0.00    0.94    0.00    0.00    0.00   55.66
19:53:44      12   38.78    0.00    4.08    0.00    0.00    0.00    0.00    0.00    0.00   57.14
19:53:44      13   40.86    0.00    2.15    0.00    0.00    0.00    0.00    0.00    0.00   56.99
19:53:44      14   38.24    0.00    3.92    0.00    0.00    0.00    0.00    0.00    0.00   57.84
19:53:44      15   32.99    0.00    5.15    1.03    0.00    1.03    0.00    0.00    0.00   59.79
19:53:44      16   56.44    0.00    4.95    1.98    0.00    1.98    0.00    0.00    0.00   34.65
19:53:44      17   50.51    0.00    6.06    2.02    0.00    2.02    0.00    0.00    0.00   39.39
19:53:44      18   49.48    0.00    9.28    2.06    0.00    2.06    0.00    0.00    0.00   37.11
19:53:44      19   53.61    0.00    7.22    1.03    0.00    2.06    0.00    0.00    0.00   36.08
19:53:44      20   57.29    0.00    6.25    1.04    0.00    1.04    0.00    0.00    0.00   34.38
19:53:44      21   58.59    0.00    6.06    0.00    0.00    1.01    0.00    0.00    0.00   34.34
19:53:44      22   54.08    0.00    6.12    0.00    0.00    4.08    0.00    0.00    0.00   35.71
19:53:44      23   56.44    0.00    5.94    0.99    0.00    3.96    0.00    0.00    0.00   32.67
19:53:44      24   82.83    0.00   12.12    0.00    0.00    3.03    0.00    0.00    0.00    2.02
19:53:44      25   88.00    0.00    9.00    0.00    0.00    2.00    0.00    0.00    0.00    1.00
19:53:44      26   84.31    0.00    8.82    0.00    0.00    4.90    0.00    0.00    0.00    1.96
19:53:44      27   83.00    0.00   11.00    0.00    0.00    4.00    0.00    0.00    0.00    2.00
19:53:44      28   87.88    0.00    8.08    0.00    0.00    2.02    0.00    0.00    0.00    2.02
19:53:44      29   82.83    0.00   11.11    0.00    0.00    4.04    0.00    0.00    0.00    2.02
19:53:44      30   87.88    0.00    8.08    0.00    0.00    2.02    0.00    0.00    0.00    2.02
19:53:44      31   86.00    0.00    9.00    0.00    0.00    2.00    0.00    0.00    0.00    3.00

19:53:44     CPU    %usr   %nice    %sys %iowait    %irq   %soft  %steal  %guest  %gnice   %idle
19:53:45     all   61.07    0.00    6.63    0.35    0.00    1.84    0.00    0.00    0.00   30.12
19:53:45       0   57.14    0.00    5.10    0.00    0.00    1.02    0.00    0.00    0.00   36.73
19:53:45       1   58.59    0.00    6.06    0.00    0.00    1.01    0.00    0.00    0.00   34.34
19:53:45       2   76.47    0.00    5.88    0.00    0.00    0.00    0.00    0.00    0.00   17.65
19:53:45       3   81.82    0.00    4.04    0.00    0.00    1.01    0.00    0.00    0.00   13.13
19:53:45       4   55.45    0.00    4.95    0.00    0.00    0.99    0.00    0.00    0.00   38.61
19:53:45       5   51.06    0.00    4.26    0.00    0.00    2.13    0.00    0.00    0.00   42.55
19:53:45       6   51.55    0.00    9.28    3.09    0.00    4.12    0.00    0.00    0.00   31.96
19:53:45       7   54.08    0.00    7.14    2.04    0.00    2.04    0.00    0.00    0.00   34.69
19:53:45       8   37.50    0.00    4.17    0.00    0.00    1.04    0.00    0.00    0.00   57.29
19:53:45       9   37.63    0.00    3.23    0.00    0.00    0.00    0.00    0.00    0.00   59.14
19:53:45      10   41.49    0.00    3.19    0.00    0.00    1.06    0.00    0.00    0.00   54.26
19:53:45      11   43.43    0.00    3.03    0.00    0.00    2.02    0.00    0.00    0.00   51.52
19:53:45      12   47.57    0.00    3.88    0.00    0.00    0.97    0.00    0.00    0.00   47.57
19:53:45      13   46.08    0.00    5.88    0.00    0.00    1.96    0.00    0.00    0.00   46.08
19:53:45      14   34.65    0.00    4.95    0.00    0.00    0.99    0.00    0.00    0.00   59.41
19:53:45      15   28.87    0.00    6.19    0.00    0.00    3.09    0.00    0.00    0.00   61.86
19:53:45      16   54.26    0.00    6.38    0.00    0.00    1.06    0.00    0.00    0.00   38.30
19:53:45      17   60.19    0.00    4.85    0.00    0.00    1.94    0.00    0.00    0.00   33.01
19:53:45      18   64.65    0.00    5.05    0.00    0.00    1.01    0.00    0.00    0.00   29.29
19:53:45      19   64.00    0.00    9.00    0.00    0.00    0.00    0.00    0.00    0.00   27.00
19:53:45      20   54.74    0.00    4.21    0.00    0.00    0.00    0.00    0.00    0.00   41.05
19:53:45      21   53.12    0.00    5.21    0.00    0.00    2.08    0.00    0.00    0.00   39.58
19:53:45      22   54.00    0.00    8.00    3.00    0.00    2.00    0.00    0.00    0.00   33.00
19:53:45      23   56.84    0.00    4.21    3.16    0.00    2.11    0.00    0.00    0.00   33.68
19:53:45      24   84.16    0.00   11.88    0.00    0.00    1.98    0.00    0.00    0.00    1.98
19:53:45      25   82.83    0.00   12.12    0.00    0.00    5.05    0.00    0.00    0.00    0.00
19:53:45      26   87.00    0.00    8.00    0.00    0.00    4.00    0.00    0.00    0.00    1.00
19:53:45      27   89.90    0.00    7.07    0.00    0.00    2.02    0.00    0.00    0.00    1.01
19:53:45      28   82.00    0.00   12.00    0.00    0.00    4.00    0.00    0.00    0.00    2.00
19:53:45      29   87.00    0.00   11.00    0.00    0.00    1.00    0.00    0.00    0.00    1.00
19:53:45      30   87.00    0.00    9.00    0.00    0.00    3.00    0.00    0.00    0.00    1.00
19:53:45      31   83.00    0.00   12.00    0.00    0.00    4.00    0.00    0.00    0.00    1.00

19:53:45     CPU    %usr   %nice    %sys %iowait    %irq   %soft  %steal  %guest  %gnice   %idle
19:53:46     all   60.55    0.00    6.51    0.00    0.00    1.60    0.00    0.00    0.00   31.34
19:53:46       0   59.78    0.00    7.61    0.00    0.00    0.00    0.00    0.00    0.00   32.61
19:53:46       1   77.23    0.00    5.94    0.00    0.00    0.00    0.00    0.00    0.00   16.83
19:53:46       2   61.46    0.00    3.12    0.00    0.00    2.08    0.00    0.00    0.00   33.33
19:53:46       3   80.41    0.00    4.12    0.00    0.00    1.03    0.00    0.00    0.00   14.43
19:53:46       4   61.05    0.00    6.32    0.00    0.00    0.00    0.00    0.00    0.00   32.63
19:53:46       5   59.80    0.00    6.86    0.00    0.00    1.96    0.00    0.00    0.00   31.37
19:53:46       6   51.06    0.00    4.26    0.00    0.00    2.13    0.00    0.00    0.00   42.55
19:53:46       7   54.00    0.00    6.00    0.00    0.00    1.00    0.00    0.00    0.00   39.00
19:53:46       8   41.58    0.00    1.98    0.00    0.00    1.98    0.00    0.00    0.00   54.46
19:53:46       9   39.18    0.00    4.12    0.00    0.00    1.03    0.00    0.00    0.00   55.67
19:53:46      10   41.41    0.00    5.05    0.00    0.00    0.00    0.00    0.00    0.00   53.54
19:53:46      11   39.18    0.00    3.09    0.00    0.00    0.00    0.00    0.00    0.00   57.73
19:53:46      12   30.21    0.00    3.12    0.00    0.00    1.04    0.00    0.00    0.00   65.62
19:53:46      13   30.21    0.00    3.12    0.00    0.00    1.04    0.00    0.00    0.00   65.62
19:53:46      14   38.54    0.00    5.21    0.00    0.00    1.04    0.00    0.00    0.00   55.21
19:53:46      15   38.14    0.00    6.19    0.00    0.00    1.03    0.00    0.00    0.00   54.64
19:53:46      16   58.42    0.00    7.92    0.00    0.00    1.98    0.00    0.00    0.00   31.68
19:53:46      17   58.06    0.00    5.38    0.00    0.00    2.15    0.00    0.00    0.00   34.41
19:53:46      18   56.12    0.00    6.12    0.00    0.00    3.06    0.00    0.00    0.00   34.69
19:53:46      19   56.38    0.00    6.38    0.00    0.00    1.06    0.00    0.00    0.00   36.17
19:53:46      20   59.80    0.00    5.88    0.00    0.00    0.98    0.00    0.00    0.00   33.33
19:53:46      21   59.18    0.00    6.12    0.00    0.00    0.00    0.00    0.00    0.00   34.69
19:53:46      22   53.54    0.00    6.06    0.00    0.00    2.02    0.00    0.00    0.00   38.38
19:53:46      23   50.00    0.00    6.38    0.00    0.00    0.00    0.00    0.00    0.00   43.62
19:53:46      24   87.88    0.00    8.08    0.00    0.00    3.03    0.00    0.00    0.00    1.01
19:53:46      25   83.00    0.00   13.00    0.00    0.00    2.00    0.00    0.00    0.00    2.00
19:53:46      26   82.83    0.00   12.12    0.00    0.00    3.03    0.00    0.00    0.00    2.02
19:53:46      27   82.00    0.00   13.00    0.00    0.00    2.00    0.00    0.00    0.00    3.00
19:53:46      28   85.00    0.00   10.00    0.00    0.00    3.00    0.00    0.00    0.00    2.00
19:53:46      29   84.00    0.00    8.00    0.00    0.00    5.00    0.00    0.00    0.00    3.00
19:53:46      30   84.00    0.00   10.00    0.00    0.00    3.00    0.00    0.00    0.00    3.00
19:53:46      31   88.00    0.00    7.00    0.00    0.00    3.00    0.00    0.00    0.00    2.00

19:53:46     CPU    %usr   %nice    %sys %iowait    %irq   %soft  %steal  %guest  %gnice   %idle
19:53:47     all   62.56    0.00    6.83    0.00    0.00    2.16    0.00    0.00    0.00   28.45
19:53:47       0   62.64    0.00    6.59    0.00    0.00    1.10    0.00    0.00    0.00   29.67
19:53:47       1   97.03    0.00    1.98    0.00    0.00    0.00    0.00    0.00    0.00    0.99
19:53:47       2   56.57    0.00    8.08    0.00    0.00    2.02    0.00    0.00    0.00   33.33
19:53:47       3   54.74    0.00    6.32    0.00    0.00    2.11    0.00    0.00    0.00   36.84
19:53:47       4   60.40    0.00    5.94    0.00    0.00    1.98    0.00    0.00    0.00   31.68
19:53:47       5   59.60    0.00    7.07    0.00    0.00    3.03    0.00    0.00    0.00   30.30
19:53:47       6   51.55    0.00    9.28    0.00    0.00    2.06    0.00    0.00    0.00   37.11
19:53:47       7   57.14    0.00    6.12    0.00    0.00    1.02    0.00    0.00    0.00   35.71
19:53:47       8   43.56    0.00    4.95    0.00    0.00    2.97    0.00    0.00    0.00   48.51
19:53:47       9   43.16    0.00    4.21    0.00    0.00    1.05    0.00    0.00    0.00   51.58
19:53:47      10   34.74    0.00    5.26    0.00    0.00    3.16    0.00    0.00    0.00   56.84
19:53:47      11   40.43    0.00    3.19    0.00    0.00    1.06    0.00    0.00    0.00   55.32
19:53:47      12   43.56    0.00    2.97    0.00    0.00    0.00    0.00    0.00    0.00   53.47
19:53:47      13   41.24    0.00    1.03    0.00    0.00    1.03    0.00    0.00    0.00   56.70
19:53:47      14   46.39    0.00    4.12    0.00    0.00    1.03    0.00    0.00    0.00   48.45
19:53:47      15   43.43    0.00    4.04    0.00    0.00    1.01    0.00    0.00    0.00   51.52
19:53:47      16   65.66    0.00    6.06    0.00    0.00    2.02    0.00    0.00    0.00   26.26
19:53:47      17   65.26    0.00    7.37    0.00    0.00    3.16    0.00    0.00    0.00   24.21
19:53:47      18   58.59    0.00    3.03    0.00    0.00    4.04    0.00    0.00    0.00   34.34
19:53:47      19   56.38    0.00    6.38    0.00    0.00    1.06    0.00    0.00    0.00   36.17
19:53:47      20   62.86    0.00    6.67    0.00    0.00    0.95    0.00    0.00    0.00   29.52
19:53:47      21   61.00    0.00    5.00    0.00    0.00    3.00    0.00    0.00    0.00   31.00
19:53:47      22   57.89    0.00    5.26    0.00    0.00    0.00    0.00    0.00    0.00   36.84
19:53:47      23   54.46    0.00    9.90    0.00    0.00    1.98    0.00    0.00    0.00   33.66
19:53:47      24   87.00    0.00   10.00    0.00    0.00    2.00    0.00    0.00    0.00    1.00
19:53:47      25   88.12    0.00    6.93    0.00    0.00    2.97    0.00    0.00    0.00    1.98
19:53:47      26   82.00    0.00   13.00    0.00    0.00    4.00    0.00    0.00    0.00    1.00
19:53:47      27   88.00    0.00    9.00    0.00    0.00    2.00    0.00    0.00    0.00    1.00
19:53:47      28   83.00    0.00   11.00    0.00    0.00    5.00    0.00    0.00    0.00    1.00
19:53:47      29   80.81    0.00   13.13    0.00    0.00    6.06    0.00    0.00    0.00    0.00
19:53:47      30   82.18    0.00   11.88    0.00    0.00    4.95    0.00    0.00    0.00    0.99
19:53:47      31   86.00    0.00   12.00    0.00    0.00    1.00    0.00    0.00    0.00    1.00

19:53:47     CPU    %usr   %nice    %sys %iowait    %irq   %soft  %steal  %guest  %gnice   %idle
19:53:48     all   62.85    0.00    6.69    0.00    0.00    1.90    0.00    0.00    0.00   28.55
19:53:48       0   67.96    0.00    5.83    0.00    0.00    0.97    0.00    0.00    0.00   25.24
19:53:48       1   98.98    0.00    0.00    0.00    0.00    1.02    0.00    0.00    0.00    0.00
19:53:48       2   62.00    0.00    5.00    0.00    0.00    2.00    0.00    0.00    0.00   31.00
19:53:48       3   59.18    0.00    7.14    0.00    0.00    2.04    0.00    0.00    0.00   31.63
19:53:48       4   61.54    0.00    6.73    0.00    0.00    0.96    0.00    0.00    0.00   30.77
19:53:48       5   61.22    0.00    6.12    0.00    0.00    1.02    0.00    0.00    0.00   31.63
19:53:48       6   53.61    0.00    7.22    0.00    0.00    2.06    0.00    0.00    0.00   37.11
19:53:48       7   54.64    0.00    6.19    0.00    0.00    2.06    0.00    0.00    0.00   37.11
19:53:48       8   36.56    0.00    3.23    0.00    0.00    0.00    0.00    0.00    0.00   60.22
19:53:48       9   40.82    0.00    4.08    0.00    0.00    1.02    0.00    0.00    0.00   54.08
19:53:48      10   37.00    0.00    4.00    0.00    0.00    1.00    0.00    0.00    0.00   58.00
19:53:48      11   34.02    0.00    4.12    0.00    0.00    2.06    0.00    0.00    0.00   59.79
19:53:48      12   46.88    0.00    3.12    0.00    0.00    2.08    0.00    0.00    0.00   47.92
19:53:48      13   47.96    0.00    6.12    0.00    0.00    1.02    0.00    0.00    0.00   44.90
19:53:48      14   43.00    0.00    2.00    0.00    0.00    1.00    0.00    0.00    0.00   54.00
19:53:48      15   40.62    0.00    5.21    0.00    0.00    0.00    0.00    0.00    0.00   54.17
19:53:48      16   64.29    0.00    6.12    0.00    0.00    1.02    0.00    0.00    0.00   28.57
19:53:48      17   64.00    0.00    8.00    0.00    0.00    3.00    0.00    0.00    0.00   25.00
19:53:48      18   60.61    0.00    7.07    0.00    0.00    0.00    0.00    0.00    0.00   32.32
19:53:48      19   64.71    0.00    4.90    0.00    0.00    1.96    0.00    0.00    0.00   28.43
19:53:48      20   60.61    0.00    6.06    0.00    0.00    2.02    0.00    0.00    0.00   31.31
19:53:48      21   61.05    0.00    6.32    0.00    0.00    1.05    0.00    0.00    0.00   31.58
19:53:48      22   50.52    0.00    9.28    0.00    0.00    2.06    0.00    0.00    0.00   38.14
19:53:48      23   53.85    0.00    4.40    0.00    0.00    2.20    0.00    0.00    0.00   39.56
19:53:48      24   85.86    0.00   12.12    0.00    0.00    1.01    0.00    0.00    0.00    1.01
19:53:48      25   86.87    0.00    8.08    0.00    0.00    4.04    0.00    0.00    0.00    1.01
19:53:48      26   88.00    0.00    8.00    0.00    0.00    3.00    0.00    0.00    0.00    1.00
19:53:48      27   84.00    0.00   10.00    0.00    0.00    4.00    0.00    0.00    0.00    2.00
19:53:48      28   85.00    0.00   12.00    0.00    0.00    2.00    0.00    0.00    0.00    1.00
19:53:48      29   84.16    0.00   10.89    0.00    0.00    3.96    0.00    0.00    0.00    0.99
19:53:48      30   82.83    0.00   13.13    0.00    0.00    4.04    0.00    0.00    0.00    0.00
19:53:48      31   83.00    0.00   11.00    0.00    0.00    5.00    0.00    0.00    0.00    1.00

19:53:48     CPU    %usr   %nice    %sys %iowait    %irq   %soft  %steal  %guest  %gnice   %idle
19:53:49     all   63.13    0.00    7.13    0.00    0.00    1.65    0.00    0.00    0.00   28.10
19:53:49       0   65.26    0.00    4.21    0.00    0.00    2.11    0.00    0.00    0.00   28.42
19:53:49       1   81.82    0.00    5.05    0.00    0.00    0.00    0.00    0.00    0.00   13.13
19:53:49       2   56.52    0.00    6.52    0.00    0.00    2.17    0.00    0.00    0.00   34.78
19:53:49       3   55.10    0.00    7.14    0.00    0.00    3.06    0.00    0.00    0.00   34.69
19:53:49       4   61.00    0.00    7.00    0.00    0.00    1.00    0.00    0.00    0.00   31.00
19:53:49       5   60.82    0.00    6.19    0.00    0.00    1.03    0.00    0.00    0.00   31.96
19:53:49       6   59.00    0.00    8.00    0.00    0.00    1.00    0.00    0.00    0.00   32.00
19:53:49       7   61.76    0.00    7.84    0.00    0.00    0.00    0.00    0.00    0.00   30.39
19:53:49       8   38.30    0.00    8.51    0.00    0.00    0.00    0.00    0.00    0.00   53.19
19:53:49       9   42.55    0.00    6.38    0.00    0.00    0.00    0.00    0.00    0.00   51.06
19:53:49      10   41.18    0.00    4.90    0.00    0.00    1.96    0.00    0.00    0.00   51.96
19:53:49      11   42.00    0.00    5.00    0.00    0.00    0.00    0.00    0.00    0.00   53.00
19:53:49      12   37.76    0.00    4.08    0.00    0.00    0.00    0.00    0.00    0.00   58.16
19:53:49      13   36.00    0.00    7.00    0.00    0.00    0.00    0.00    0.00    0.00   57.00
19:53:49      14   44.55    0.00    3.96    0.00    0.00    0.99    0.00    0.00    0.00   50.50
19:53:49      15   45.10    0.00    3.92    0.00    0.00    0.98    0.00    0.00    0.00   50.00
19:53:49      16   78.12    0.00    5.21    0.00    0.00    1.04    0.00    0.00    0.00   15.62
19:53:49      17   63.92    0.00    7.22    0.00    0.00    2.06    0.00    0.00    0.00   26.80
19:53:49      18   63.92    0.00    4.12    0.00    0.00    1.03    0.00    0.00    0.00   30.93
19:53:49      19   56.25    0.00    8.33    0.00    0.00    2.08    0.00    0.00    0.00   33.33
19:53:49      20   59.18    0.00    5.10    0.00    0.00    2.04    0.00    0.00    0.00   33.67
19:53:49      21   61.86    0.00    6.19    0.00    0.00    1.03    0.00    0.00    0.00   30.93
19:53:49      22   61.17    0.00    4.85    0.00    0.00    3.88    0.00    0.00    0.00   30.10
19:53:49      23   61.39    0.00    4.95    0.00    0.00    1.98    0.00    0.00    0.00   31.68
19:53:49      24   84.00    0.00   10.00    0.00    0.00    5.00    0.00    0.00    0.00    1.00
19:53:49      25   84.69    0.00   13.27    0.00    0.00    2.04    0.00    0.00    0.00    0.00
19:53:49      26   84.16    0.00    9.90    0.00    0.00    4.95    0.00    0.00    0.00    0.99
19:53:49      27   86.00    0.00   10.00    0.00    0.00    3.00    0.00    0.00    0.00    1.00
19:53:49      28   88.00    0.00    9.00    0.00    0.00    2.00    0.00    0.00    0.00    1.00
19:53:49      29   82.83    0.00   13.13    0.00    0.00    3.03    0.00    0.00    0.00    1.01
19:53:49      30   86.00    0.00   12.00    0.00    0.00    1.00    0.00    0.00    0.00    1.00
19:53:49      31   88.00    0.00    9.00    0.00    0.00    2.00    0.00    0.00    0.00    1.00

19:53:49     CPU    %usr   %nice    %sys %iowait    %irq   %soft  %steal  %guest  %gnice   %idle
19:53:50     all   62.63    0.00    6.96    0.00    0.00    1.92    0.00    0.00    0.00   28.49
19:53:50       0   73.68    0.00    5.26    0.00    0.00    1.05    0.00    0.00    0.00   20.00
19:53:50       1   68.37    0.00    5.10    0.00    0.00    2.04    0.00    0.00    0.00   24.49
19:53:50       2   58.16    0.00    8.16    0.00    0.00    1.02    0.00    0.00    0.00   32.65
19:53:50       3   59.41    0.00    7.92    0.00    0.00    1.98    0.00    0.00    0.00   30.69
19:53:50       4   57.58    0.00   10.10    0.00    0.00    0.00    0.00    0.00    0.00   32.32
19:53:50       5   58.42    0.00    5.94    0.00    0.00    1.98    0.00    0.00    0.00   33.66
19:53:50       6   59.00    0.00    6.00    0.00    0.00    1.00    0.00    0.00    0.00   34.00
19:53:50       7   62.63    0.00    5.05    0.00    0.00    0.00    0.00    0.00    0.00   32.32
19:53:50       8   43.43    0.00    4.04    0.00    0.00    1.01    0.00    0.00    0.00   51.52
19:53:50       9   46.15    0.00    1.92    0.00    0.00    0.96    0.00    0.00    0.00   50.96
19:53:50      10   38.00    0.00    4.00    0.00    0.00    1.00    0.00    0.00    0.00   57.00
19:53:50      11   44.76    0.00    4.76    0.00    0.00    0.00    0.00    0.00    0.00   50.48
19:53:50      12   43.43    0.00    3.03    0.00    0.00    1.01    0.00    0.00    0.00   52.53
19:53:50      13   43.16    0.00    4.21    0.00    0.00    0.00    0.00    0.00    0.00   52.63
19:53:50      14   39.58    0.00    5.21    0.00    0.00    1.04    0.00    0.00    0.00   54.17
19:53:50      15   40.00    0.00    5.26    0.00    0.00    1.05    0.00    0.00    0.00   53.68
19:53:50      16   63.27    0.00    7.14    0.00    0.00    2.04    0.00    0.00    0.00   27.55
19:53:50      17   78.00    0.00    5.00    0.00    0.00    1.00    0.00    0.00    0.00   16.00
19:53:50      18   60.00    0.00    7.00    0.00    0.00    2.00    0.00    0.00    0.00   31.00
19:53:50      19   59.79    0.00    6.19    0.00    0.00    1.03    0.00    0.00    0.00   32.99
19:53:50      20   59.60    0.00    5.05    0.00    0.00    1.01    0.00    0.00    0.00   34.34
19:53:50      21   57.00    0.00    7.00    0.00    0.00    2.00    0.00    0.00    0.00   34.00
19:53:50      22   57.58    0.00    7.07    0.00    0.00    1.01    0.00    0.00    0.00   34.34
19:53:50      23   59.18    0.00    7.14    0.00    0.00    1.02    0.00    0.00    0.00   32.65
19:53:50      24   85.00    0.00   12.00    0.00    0.00    2.00    0.00    0.00    0.00    1.00
19:53:50      25   85.29    0.00    8.82    0.00    0.00    3.92    0.00    0.00    0.00    1.96
19:53:50      26   86.60    0.00    9.28    0.00    0.00    4.12    0.00    0.00    0.00    0.00
19:53:50      27   83.00    0.00    9.00    0.00    0.00    7.00    0.00    0.00    0.00    1.00
19:53:50      28   83.00    0.00   11.00    0.00    0.00    5.00    0.00    0.00    0.00    1.00
19:53:50      29   83.17    0.00   10.89    0.00    0.00    4.95    0.00    0.00    0.00    0.99
19:53:50      30   81.19    0.00   13.86    0.00    0.00    3.96    0.00    0.00    0.00    0.99
19:53:50      31   85.00    0.00   10.00    0.00    0.00    4.00    0.00    0.00    0.00    1.00

19:53:50     CPU    %usr   %nice    %sys %iowait    %irq   %soft  %steal  %guest  %gnice   %idle
19:53:51     all   61.72    0.00    7.29    0.00    0.00    1.92    0.00    0.00    0.00   29.07
19:53:51       0   62.38    0.00    9.90    0.00    0.00    0.99    0.00    0.00    0.00   26.73
19:53:51       1   69.07    0.00    4.12    0.00    0.00    1.03    0.00    0.00    0.00   25.77
19:53:51       2   57.89    0.00    6.32    0.00    0.00    2.11    0.00    0.00    0.00   33.68
19:53:51       3   59.00    0.00    6.00    0.00    0.00    2.00    0.00    0.00    0.00   33.00
19:53:51       4   57.89    0.00    7.37    0.00    0.00    1.05    0.00    0.00    0.00   33.68
19:53:51       5   58.51    0.00    6.38    0.00    0.00    1.06    0.00    0.00    0.00   34.04
19:53:51       6   61.00    0.00    6.00    0.00    0.00    2.00    0.00    0.00    0.00   31.00
19:53:51       7   56.57    0.00    7.07    0.00    0.00    2.02    0.00    0.00    0.00   34.34
19:53:51       8   35.42    0.00    5.21    0.00    0.00    1.04    0.00    0.00    0.00   58.33
19:53:51       9   38.78    0.00    5.10    0.00    0.00    0.00    0.00    0.00    0.00   56.12
19:53:51      10   41.49    0.00    4.26    0.00    0.00    1.06    0.00    0.00    0.00   53.19
19:53:51      11   47.12    0.00    4.81    0.00    0.00    0.00    0.00    0.00    0.00   48.08
19:53:51      12   41.05    0.00    4.21    0.00    0.00    2.11    0.00    0.00    0.00   52.63
19:53:51      13   45.45    0.00    1.01    0.00    0.00    1.01    0.00    0.00    0.00   52.53
19:53:51      14   35.11    0.00    4.26    0.00    0.00    1.06    0.00    0.00    0.00   59.57
19:53:51      15   36.56    0.00    2.15    0.00    0.00    0.00    0.00    0.00    0.00   61.29
19:53:51      16   63.37    0.00    7.92    0.00    0.00    0.99    0.00    0.00    0.00   27.72
19:53:51      17   94.90    0.00    2.04    0.00    0.00    0.00    0.00    0.00    0.00    3.06
19:53:51      18   56.25    0.00    7.29    0.00    0.00    2.08    0.00    0.00    0.00   34.38
19:53:51      19   60.19    0.00    4.85    0.00    0.00    1.94    0.00    0.00    0.00   33.01
19:53:51      20   57.29    0.00    9.38    0.00    0.00    1.04    0.00    0.00    0.00   32.29
19:53:51      21   57.00    0.00   10.00    0.00    0.00    1.00    0.00    0.00    0.00   32.00
19:53:51      22   57.45    0.00    6.38    0.00    0.00    1.06    0.00    0.00    0.00   35.11
19:53:51      23   55.91    0.00    6.45    0.00    0.00    3.23    0.00    0.00    0.00   34.41
19:53:51      24   86.00    0.00    9.00    0.00    0.00    3.00    0.00    0.00    0.00    2.00
19:53:51      25   81.63    0.00   12.24    0.00    0.00    5.10    0.00    0.00    0.00    1.02
19:53:51      26   84.00    0.00   11.00    0.00    0.00    3.00    0.00    0.00    0.00    2.00
19:53:51      27   81.82    0.00   13.13    0.00    0.00    4.04    0.00    0.00    0.00    1.01
19:53:51      28   83.00    0.00   12.00    0.00    0.00    4.00    0.00    0.00    0.00    1.00
19:53:51      29   82.65    0.00   13.27    0.00    0.00    3.06    0.00    0.00    0.00    1.02
19:53:51      30   79.59    0.00   14.29    0.00    0.00    5.10    0.00    0.00    0.00    1.02
19:53:51      31   84.85    0.00    9.09    0.00    0.00    4.04    0.00    0.00    0.00    2.02

19:53:51     CPU    %usr   %nice    %sys %iowait    %irq   %soft  %steal  %guest  %gnice   %idle
19:53:52     all   61.38    0.00    6.75    0.00    0.00    2.04    0.00    0.00    0.00   29.83
19:53:52       0   63.83    0.00    5.32    0.00    0.00    2.13    0.00    0.00    0.00   28.72
19:53:52       1   61.22    0.00    8.16    0.00    0.00    1.02    0.00    0.00    0.00   29.59
19:53:52       2   60.42    0.00    5.21    0.00    0.00    0.00    0.00    0.00    0.00   34.38
19:53:52       3   58.16    0.00    6.12    0.00    0.00    3.06    0.00    0.00    0.00   32.65
19:53:52       4   59.62    0.00    5.77    0.00    0.00    2.88    0.00    0.00    0.00   31.73
19:53:52       5   56.57    0.00    8.08    0.00    0.00    3.03    0.00    0.00    0.00   32.32
19:53:52       6   58.42    0.00    5.94    0.00    0.00    1.98    0.00    0.00    0.00   33.66
19:53:52       7   56.52    0.00    3.26    0.00    0.00    2.17    0.00    0.00    0.00   38.04
19:53:52       8   45.54    0.00    3.96    0.00    0.00    0.99    0.00    0.00    0.00   49.50
19:53:52       9   41.24    0.00    3.09    0.00    0.00    3.09    0.00    0.00    0.00   52.58
19:53:52      10   30.61    0.00    4.08    0.00    0.00    0.00    0.00    0.00    0.00   65.31
19:53:52      11   31.31    0.00    2.02    0.00    0.00    1.01    0.00    0.00    0.00   65.66
19:53:52      12   41.49    0.00    2.13    0.00    0.00    1.06    0.00    0.00    0.00   55.32
19:53:52      13   43.75    0.00    4.17    0.00    0.00    1.04    0.00    0.00    0.00   51.04
19:53:52      14   38.78    0.00    3.06    0.00    0.00    1.02    0.00    0.00    0.00   57.14
19:53:52      15   39.58    0.00    4.17    0.00    0.00    0.00    0.00    0.00    0.00   56.25
19:53:52      16   83.67    0.00    4.08    0.00    0.00    1.02    0.00    0.00    0.00   11.22
19:53:52      17   71.88    0.00    4.17    0.00    0.00    1.04    0.00    0.00    0.00   22.92
19:53:52      18   58.00    0.00    8.00    0.00    0.00    1.00    0.00    0.00    0.00   33.00
19:53:52      19   58.76    0.00    6.19    0.00    0.00    1.03    0.00    0.00    0.00   34.02
19:53:52      20   58.33    0.00    5.21    0.00    0.00    2.08    0.00    0.00    0.00   34.38
19:53:52      21   59.60    0.00    6.06    0.00    0.00    3.03    0.00    0.00    0.00   31.31
19:53:52      22   59.14    0.00    4.30    0.00    0.00    0.00    0.00    0.00    0.00   36.56
19:53:52      23   55.67    0.00    7.22    0.00    0.00    3.09    0.00    0.00    0.00   34.02
19:53:52      24   86.00    0.00    9.00    0.00    0.00    4.00    0.00    0.00    0.00    1.00
19:53:52      25   86.00    0.00    9.00    0.00    0.00    3.00    0.00    0.00    0.00    2.00
19:53:52      26   86.14    0.00    8.91    0.00    0.00    3.96    0.00    0.00    0.00    0.99
19:53:52      27   80.20    0.00   13.86    0.00    0.00    4.95    0.00    0.00    0.00    0.99
19:53:52      28   83.00    0.00   13.00    0.00    0.00    2.00    0.00    0.00    0.00    2.00
19:53:52      29   78.00    0.00   16.00    0.00    0.00    4.00    0.00    0.00    0.00    2.00
19:53:52      30   82.18    0.00   13.86    0.00    0.00    2.97    0.00    0.00    0.00    0.99
19:53:52      31   85.15    0.00   10.89    0.00    0.00    2.97    0.00    0.00    0.00    0.99

19:53:52     CPU    %usr   %nice    %sys %iowait    %irq   %soft  %steal  %guest  %gnice   %idle
19:53:53     all   61.17    0.00    6.37    0.00    0.00    1.85    0.00    0.00    0.00   30.61
19:53:53       0   74.75    0.00    6.06    0.00    0.00    1.01    0.00    0.00    0.00   18.18
19:53:53       1   70.71    0.00    7.07    0.00    0.00    1.01    0.00    0.00    0.00   21.21
19:53:53       2   57.73    0.00    6.19    0.00    0.00    1.03    0.00    0.00    0.00   35.05
19:53:53       3   60.61    0.00    4.04    0.00    0.00    1.01    0.00    0.00    0.00   34.34
19:53:53       4   54.64    0.00    7.22    0.00    0.00    2.06    0.00    0.00    0.00   36.08
19:53:53       5   54.55    0.00    7.07    0.00    0.00    2.02    0.00    0.00    0.00   36.36
19:53:53       6   59.41    0.00    3.96    0.00    0.00    0.99    0.00    0.00    0.00   35.64
19:53:53       7   57.43    0.00    6.93    0.00    0.00    0.99    0.00    0.00    0.00   34.65
19:53:53       8   35.79    0.00    3.16    0.00    0.00    0.00    0.00    0.00    0.00   61.05
19:53:53       9   33.70    0.00    4.35    0.00    0.00    0.00    0.00    0.00    0.00   61.96
19:53:53      10   38.38    0.00    3.03    0.00    0.00    1.01    0.00    0.00    0.00   57.58
19:53:53      11   42.27    0.00    3.09    0.00    0.00    1.03    0.00    0.00    0.00   53.61
19:53:53      12   37.11    0.00    2.06    0.00    0.00    2.06    0.00    0.00    0.00   58.76
19:53:53      13   36.46    0.00    4.17    0.00    0.00    1.04    0.00    0.00    0.00   58.33
19:53:53      14   41.24    0.00    5.15    0.00    0.00    1.03    0.00    0.00    0.00   52.58
19:53:53      15   40.86    0.00    4.30    0.00    0.00    1.08    0.00    0.00    0.00   53.76
19:53:53      16   59.79    0.00    7.22    0.00    0.00    1.03    0.00    0.00    0.00   31.96
19:53:53      17   65.00    0.00    8.00    0.00    0.00    2.00    0.00    0.00    0.00   25.00
19:53:53      18   57.29    0.00    7.29    0.00    0.00    0.00    0.00    0.00    0.00   35.42
19:53:53      19   56.25    0.00    6.25    0.00    0.00    1.04    0.00    0.00    0.00   36.46
19:53:53      20   62.00    0.00    3.00    0.00    0.00    0.00    0.00    0.00    0.00   35.00
19:53:53      21   56.38    0.00    3.19    0.00    0.00    2.13    0.00    0.00    0.00   38.30
19:53:53      22   56.86    0.00    5.88    0.00    0.00    1.96    0.00    0.00    0.00   35.29
19:53:53      23   58.59    0.00    5.05    0.00    0.00    1.01    0.00    0.00    0.00   35.35
19:53:53      24   84.85    0.00   10.10    0.00    0.00    4.04    0.00    0.00    0.00    1.01
19:53:53      25   85.86    0.00    8.08    0.00    0.00    6.06    0.00    0.00    0.00    0.00
19:53:53      26   83.84    0.00   10.10    0.00    0.00    5.05    0.00    0.00    0.00    1.01
19:53:53      27   81.82    0.00   13.13    0.00    0.00    4.04    0.00    0.00    0.00    1.01
19:53:53      28   85.00    0.00   11.00    0.00    0.00    3.00    0.00    0.00    0.00    1.00
19:53:53      29   86.00    0.00    8.00    0.00    0.00    5.00    0.00    0.00    0.00    1.00
19:53:53      30   86.14    0.00    9.90    0.00    0.00    2.97    0.00    0.00    0.00    0.99
19:53:53      31   88.00    0.00    9.00    0.00    0.00    2.00    0.00    0.00    0.00    1.00

19:53:53     CPU    %usr   %nice    %sys %iowait    %irq   %soft  %steal  %guest  %gnice   %idle
19:53:54     all   61.58    0.00    6.91    0.00    0.00    1.74    0.00    0.00    0.00   29.78
19:53:54       0   65.98    0.00    4.12    0.00    0.00    0.00    0.00    0.00    0.00   29.90
19:53:54       1   58.51    0.00    8.51    0.00    0.00    0.00    0.00    0.00    0.00   32.98
19:53:54       2   62.00    0.00    7.00    0.00    0.00    2.00    0.00    0.00    0.00   29.00
19:53:54       3   60.61    0.00    7.07    0.00    0.00    1.01    0.00    0.00    0.00   31.31
19:53:54       4   59.18    0.00    6.12    0.00    0.00    3.06    0.00    0.00    0.00   31.63
19:53:54       5   63.73    0.00    3.92    0.00    0.00    0.98    0.00    0.00    0.00   31.37
19:53:54       6   58.16    0.00    6.12    0.00    0.00    1.02    0.00    0.00    0.00   34.69
19:53:54       7   64.29    0.00    5.10    0.00    0.00    1.02    0.00    0.00    0.00   29.59
19:53:54       8   32.38    0.00    4.76    0.00    0.00    0.95    0.00    0.00    0.00   61.90
19:53:54       9   30.61    0.00    6.12    0.00    0.00    0.00    0.00    0.00    0.00   63.27
19:53:54      10   35.42    0.00    3.12    0.00    0.00    0.00    0.00    0.00    0.00   61.46
19:53:54      11   37.25    0.00    3.92    0.00    0.00    0.98    0.00    0.00    0.00   57.84
19:53:54      12   45.45    0.00    4.04    0.00    0.00    1.01    0.00    0.00    0.00   49.49
19:53:54      13   42.11    0.00    4.21    0.00    0.00    1.05    0.00    0.00    0.00   52.63
19:53:54      14   35.11    0.00    5.32    0.00    0.00    1.06    0.00    0.00    0.00   58.51
19:53:54      15   38.00    0.00    5.00    0.00    0.00    1.00    0.00    0.00    0.00   56.00
19:53:54      16   57.89    0.00    5.26    0.00    0.00    3.16    0.00    0.00    0.00   33.68
19:53:54      17   55.67    0.00    8.25    0.00    0.00    2.06    0.00    0.00    0.00   34.02
19:53:54      18   87.88    0.00    1.01    0.00    0.00    1.01    0.00    0.00    0.00   10.10
19:53:54      19   63.27    0.00    5.10    0.00    0.00    3.06    0.00    0.00    0.00   28.57
19:53:54      20   63.37    0.00    3.96    0.00    0.00    1.98    0.00    0.00    0.00   30.69
19:53:54      21   60.20    0.00    5.10    0.00    0.00    2.04    0.00    0.00    0.00   32.65
19:53:54      22   57.14    0.00    7.14    0.00    0.00    1.02    0.00    0.00    0.00   34.69
19:53:54      23   58.95    0.00    5.26    0.00    0.00    1.05    0.00    0.00    0.00   34.74
19:53:54      24   86.14    0.00    8.91    0.00    0.00    3.96    0.00    0.00    0.00    0.99
19:53:54      25   85.00    0.00   11.00    0.00    0.00    2.00    0.00    0.00    0.00    2.00
19:53:54      26   85.00    0.00   11.00    0.00    0.00    3.00    0.00    0.00    0.00    1.00
19:53:54      27   83.17    0.00   14.85    0.00    0.00    0.99    0.00    0.00    0.00    0.99
19:53:54      28   88.89    0.00    9.09    0.00    0.00    2.02    0.00    0.00    0.00    0.00
19:53:54      29   82.18    0.00   12.87    0.00    0.00    4.95    0.00    0.00    0.00    0.00
19:53:54      30   79.80    0.00   15.15    0.00    0.00    4.04    0.00    0.00    0.00    1.01
19:53:54      31   84.00    0.00   12.00    0.00    0.00    4.00    0.00    0.00    0.00    0.00

19:53:54     CPU    %usr   %nice    %sys %iowait    %irq   %soft  %steal  %guest  %gnice   %idle
19:53:55     all   62.73    0.00    6.76    0.00    0.00    1.95    0.00    0.00    0.00   28.56
19:53:55       0   58.95    0.00    6.32    0.00    0.00    3.16    0.00    0.00    0.00   31.58
19:53:55       1   59.41    0.00    6.93    0.00    0.00    0.99    0.00    0.00    0.00   32.67
19:53:55       2   60.44    0.00    7.69    0.00    0.00    0.00    0.00    0.00    0.00   31.87
19:53:55       3   71.13    0.00    7.22    0.00    0.00    2.06    0.00    0.00    0.00   19.59
19:53:55       4   61.86    0.00    6.19    0.00    0.00    1.03    0.00    0.00    0.00   30.93
19:53:55       5   56.70    0.00   10.31    0.00    0.00    2.06    0.00    0.00    0.00   30.93
19:53:55       6   63.64    0.00    5.05    0.00    0.00    3.03    0.00    0.00    0.00   28.28
19:53:55       7   70.19    0.00    5.77    0.00    0.00    1.92    0.00    0.00    0.00   22.12
19:53:55       8   41.41    0.00    5.05    0.00    0.00    1.01    0.00    0.00    0.00   52.53
19:53:55       9   38.78    0.00    3.06    0.00    0.00    1.02    0.00    0.00    0.00   57.14
19:53:55      10   33.00    0.00    5.00    0.00    0.00    1.00    0.00    0.00    0.00   61.00
19:53:55      11   36.63    0.00    3.96    0.00    0.00    0.99    0.00    0.00    0.00   58.42
19:53:55      12   40.40    0.00    5.05    0.00    0.00    1.01    0.00    0.00    0.00   53.54
19:53:55      13   37.37    0.00    6.06    0.00    0.00    1.01    0.00    0.00    0.00   55.56
19:53:55      14   47.92    0.00    3.12    0.00    0.00    1.04    0.00    0.00    0.00   47.92
19:53:55      15   47.92    0.00    3.12    0.00    0.00    0.00    0.00    0.00    0.00   48.96
19:53:55      16   58.51    0.00    6.38    0.00    0.00    2.13    0.00    0.00    0.00   32.98
19:53:55      17   60.22    0.00    3.23    0.00    0.00    1.08    0.00    0.00    0.00   35.48
19:53:55      18   63.27    0.00    6.12    0.00    0.00    2.04    0.00    0.00    0.00   28.57
19:53:55      19   70.71    0.00    5.05    0.00    0.00    0.00    0.00    0.00    0.00   24.24
19:53:55      20   59.38    0.00    6.25    0.00    0.00    1.04    0.00    0.00    0.00   33.33
19:53:55      21   59.38    0.00    7.29    0.00    0.00    1.04    0.00    0.00    0.00   32.29
19:53:55      22   63.64    0.00    7.07    0.00    0.00    1.01    0.00    0.00    0.00   28.28
19:53:55      23   61.29    0.00    6.45    0.00    0.00    2.15    0.00    0.00    0.00   30.11
19:53:55      24   82.00    0.00   11.00    0.00    0.00    6.00    0.00    0.00    0.00    1.00
19:53:55      25   86.00    0.00   10.00    0.00    0.00    3.00    0.00    0.00    0.00    1.00
19:53:55      26   85.15    0.00    9.90    0.00    0.00    2.97    0.00    0.00    0.00    1.98
19:53:55      27   86.87    0.00   10.10    0.00    0.00    2.02    0.00    0.00    0.00    1.01
19:53:55      28   83.84    0.00   12.12    0.00    0.00    4.04    0.00    0.00    0.00    0.00
19:53:55      29   84.85    0.00    9.09    0.00    0.00    5.05    0.00    0.00    0.00    1.01
19:53:55      30   84.00    0.00    9.00    0.00    0.00    5.00    0.00    0.00    0.00    2.00
19:53:55      31   89.90    0.00    7.07    0.00    0.00    2.02    0.00    0.00    0.00    1.01

19:53:55     CPU    %usr   %nice    %sys %iowait    %irq   %soft  %steal  %guest  %gnice   %idle
19:53:56     all   63.06    0.00    7.38    0.00    0.00    1.62    0.00    0.00    0.00   27.94
19:53:56       0   58.95    0.00    9.47    0.00    0.00    1.05    0.00    0.00    0.00   30.53
19:53:56       1   63.73    0.00    8.82    0.00    0.00    0.98    0.00    0.00    0.00   26.47
19:53:56       2   54.64    0.00    9.28    0.00    0.00    3.09    0.00    0.00    0.00   32.99
19:53:56       3   56.38    0.00    8.51    0.00    0.00    1.06    0.00    0.00    0.00   34.04
19:53:56       4   61.22    0.00    8.16    0.00    0.00    1.02    0.00    0.00    0.00   29.59
19:53:56       5   62.14    0.00    6.80    0.00    0.00    1.94    0.00    0.00    0.00   29.13
19:53:56       6   63.92    0.00    7.22    0.00    0.00    1.03    0.00    0.00    0.00   27.84
19:53:56       7   60.42    0.00    8.33    0.00    0.00    1.04    0.00    0.00    0.00   30.21
19:53:56       8   38.00    0.00    3.00    0.00    0.00    0.00    0.00    0.00    0.00   59.00
19:53:56       9   35.11    0.00    3.19    0.00    0.00    0.00    0.00    0.00    0.00   61.70
19:53:56      10   37.23    0.00    3.19    0.00    0.00    0.00    0.00    0.00    0.00   59.57
19:53:56      11   35.79    0.00    5.26    0.00    0.00    1.05    0.00    0.00    0.00   57.89
19:53:56      12   46.00    0.00    5.00    0.00    0.00    2.00    0.00    0.00    0.00   47.00
19:53:56      13   48.45    0.00    4.12    0.00    0.00    0.00    0.00    0.00    0.00   47.42
19:53:56      14   44.90    0.00    4.08    0.00    0.00    1.02    0.00    0.00    0.00   50.00
19:53:56      15   41.84    0.00    6.12    0.00    0.00    1.02    0.00    0.00    0.00   51.02
19:53:56      16   71.88    0.00    4.17    0.00    0.00    1.04    0.00    0.00    0.00   22.92
19:53:56      17   62.24    0.00    6.12    0.00    0.00    1.02    0.00    0.00    0.00   30.61
19:53:56      18   83.51    0.00    3.09    0.00    0.00    0.00    0.00    0.00    0.00   13.40
19:53:56      19   59.38    0.00    8.33    0.00    0.00    0.00    0.00    0.00    0.00   32.29
19:53:56      20   61.62    0.00    7.07    0.00    0.00    3.03    0.00    0.00    0.00   28.28
19:53:56      21   64.65    0.00    4.04    0.00    0.00    2.02    0.00    0.00    0.00   29.29
19:53:56      22   65.38    0.00    5.77    0.00    0.00    0.96    0.00    0.00    0.00   27.88
19:53:56      23   60.20    0.00    7.14    0.00    0.00    1.02    0.00    0.00    0.00   31.63
19:53:56      24   85.00    0.00   11.00    0.00    0.00    2.00    0.00    0.00    0.00    2.00
19:53:56      25   84.00    0.00   13.00    0.00    0.00    2.00    0.00    0.00    0.00    1.00
19:53:56      26   81.82    0.00   12.12    0.00    0.00    5.05    0.00    0.00    0.00    1.01
19:53:56      27   85.86    0.00   10.10    0.00    0.00    3.03    0.00    0.00    0.00    1.01
19:53:56      28   84.00    0.00   11.00    0.00    0.00    3.00    0.00    0.00    0.00    2.00
19:53:56      29   86.00    0.00    9.00    0.00    0.00    4.00    0.00    0.00    0.00    1.00
19:53:56      30   83.17    0.00   11.88    0.00    0.00    3.96    0.00    0.00    0.00    0.99
19:53:56      31   84.85    0.00   11.11    0.00    0.00    3.03    0.00    0.00    0.00    1.01

19:53:56     CPU    %usr   %nice    %sys %iowait    %irq   %soft  %steal  %guest  %gnice   %idle
19:53:57     all   63.10    0.00    6.71    0.00    0.00    2.16    0.00    0.00    0.00   28.04
19:53:57       0   71.28    0.00    5.32    0.00    0.00    1.06    0.00    0.00    0.00   22.34
19:53:57       1   60.22    0.00    5.38    0.00    0.00    3.23    0.00    0.00    0.00   31.18
19:53:57       2   60.20    0.00    4.08    0.00    0.00    3.06    0.00    0.00    0.00   32.65
19:53:57       3   60.00    0.00   10.00    0.00    0.00    0.00    0.00    0.00    0.00   30.00
19:53:57       4   60.78    0.00    8.82    0.00    0.00    0.98    0.00    0.00    0.00   29.41
19:53:57       5   60.82    0.00    6.19    0.00    0.00    2.06    0.00    0.00    0.00   30.93
19:53:57       6   59.00    0.00    6.00    0.00    0.00    2.00    0.00    0.00    0.00   33.00
19:53:57       7   59.57    0.00    5.32    0.00    0.00    1.06    0.00    0.00    0.00   34.04
19:53:57       8   42.42    0.00    4.04    0.00    0.00    1.01    0.00    0.00    0.00   52.53
19:53:57       9   42.42    0.00    3.03    0.00    0.00    1.01    0.00    0.00    0.00   53.54
19:53:57      10   47.00    0.00    4.00    0.00    0.00    2.00    0.00    0.00    0.00   47.00
19:53:57      11   46.88    0.00    3.12    0.00    0.00    2.08    0.00    0.00    0.00   47.92
19:53:57      12   41.84    0.00    5.10    0.00    0.00    1.02    0.00    0.00    0.00   52.04
19:53:57      13   40.00    0.00    3.16    0.00    0.00    2.11    0.00    0.00    0.00   54.74
19:53:57      14   41.24    0.00    3.09    0.00    0.00    1.03    0.00    0.00    0.00   54.64
19:53:57      15   43.56    0.00    4.95    0.00    0.00    0.99    0.00    0.00    0.00   50.50
19:53:57      16   71.72    0.00    8.08    0.00    0.00    1.01    0.00    0.00    0.00   19.19
19:53:57      17   58.76    0.00    8.25    0.00    0.00    2.06    0.00    0.00    0.00   30.93
19:53:57      18   60.20    0.00    6.12    0.00    0.00    1.02    0.00    0.00    0.00   32.65
19:53:57      19   58.76    0.00    8.25    0.00    0.00    1.03    0.00    0.00    0.00   31.96
19:53:57      20   59.78    0.00    5.43    0.00    0.00    2.17    0.00    0.00    0.00   32.61
19:53:57      21   73.47    0.00    3.06    0.00    0.00    1.02    0.00    0.00    0.00   22.45
19:53:57      22   58.49    0.00    6.60    0.00    0.00    2.83    0.00    0.00    0.00   32.08
19:53:57      23   58.51    0.00    6.38    0.00    0.00    1.06    0.00    0.00    0.00   34.04
19:53:57      24   84.00    0.00   11.00    0.00    0.00    4.00    0.00    0.00    0.00    1.00
19:53:57      25   83.17    0.00    8.91    0.00    0.00    5.94    0.00    0.00    0.00    1.98
19:53:57      26   85.00    0.00   11.00    0.00    0.00    3.00    0.00    0.00    0.00    1.00
19:53:57      27   86.87    0.00   10.10    0.00    0.00    2.02    0.00    0.00    0.00    1.01
19:53:57      28   86.14    0.00    9.90    0.00    0.00    2.97    0.00    0.00    0.00    0.99
19:53:57      29   84.31    0.00   10.78    0.00    0.00    2.94    0.00    0.00    0.00    1.96
19:53:57      30   82.83    0.00    9.09    0.00    0.00    7.07    0.00    0.00    0.00    1.01
19:53:57      31   86.00    0.00    9.00    0.00    0.00    4.00    0.00    0.00    0.00    1.00

19:53:57     CPU    %usr   %nice    %sys %iowait    %irq   %soft  %steal  %guest  %gnice   %idle
19:53:58     all   63.45    0.00    6.93    0.00    0.00    1.84    0.00    0.00    0.00   27.78
19:53:58       0   60.61    0.00    8.08    0.00    0.00    3.03    0.00    0.00    0.00   28.28
19:53:58       1   62.24    0.00    7.14    0.00    0.00    2.04    0.00    0.00    0.00   28.57
19:53:58       2   64.36    0.00    5.94    0.00    0.00    0.99    0.00    0.00    0.00   28.71
19:53:58       3   63.54    0.00    5.21    0.00    0.00    1.04    0.00    0.00    0.00   30.21
19:53:58       4   51.06    0.00    7.45    0.00    0.00    1.06    0.00    0.00    0.00   40.43
19:53:58       5   78.22    0.00    3.96    0.00    0.00    0.99    0.00    0.00    0.00   16.83
19:53:58       6   63.46    0.00    7.69    0.00    0.00    0.96    0.00    0.00    0.00   27.88
19:53:58       7   63.00    0.00    5.00    0.00    0.00    2.00    0.00    0.00    0.00   30.00
19:53:58       8   41.41    0.00    5.05    0.00    0.00    1.01    0.00    0.00    0.00   52.53
19:53:58       9   45.26    0.00    4.21    0.00    0.00    0.00    0.00    0.00    0.00   50.53
19:53:58      10   39.58    0.00    4.17    0.00    0.00    0.00    0.00    0.00    0.00   56.25
19:53:58      11   45.00    0.00    5.00    0.00    0.00    1.00    0.00    0.00    0.00   49.00
19:53:58      12   42.27    0.00    3.09    0.00    0.00    3.09    0.00    0.00    0.00   51.55
19:53:58      13   41.67    0.00    4.17    0.00    0.00    1.04    0.00    0.00    0.00   53.12
19:53:58      14   43.81    0.00    4.76    0.00    0.00    0.95    0.00    0.00    0.00   50.48
19:53:58      15   39.78    0.00    1.08    0.00    0.00    1.08    0.00    0.00    0.00   58.06
19:53:58      16   68.75    0.00    3.12    0.00    0.00    2.08    0.00    0.00    0.00   26.04
19:53:58      17   75.51    0.00    3.06    0.00    0.00    0.00    0.00    0.00    0.00   21.43
19:53:58      18   58.00    0.00   11.00    0.00    0.00    1.00    0.00    0.00    0.00   30.00
19:53:58      19   62.75    0.00    6.86    0.00    0.00    1.96    0.00    0.00    0.00   28.43
19:53:58      20   50.52    0.00    8.25    0.00    0.00    2.06    0.00    0.00    0.00   39.18
19:53:58      21   60.22    0.00    5.38    0.00    0.00    1.08    0.00    0.00    0.00   33.33
19:53:58      22   63.73    0.00    6.86    0.00    0.00    1.96    0.00    0.00    0.00   27.45
19:53:58      23   61.00    0.00    7.00    0.00    0.00    2.00    0.00    0.00    0.00   30.00
19:53:58      24   86.00    0.00   10.00    0.00    0.00    3.00    0.00    0.00    0.00    1.00
19:53:58      25   85.86    0.00   10.10    0.00    0.00    3.03    0.00    0.00    0.00    1.01
19:53:58      26   85.15    0.00    9.90    0.00    0.00    3.96    0.00    0.00    0.00    0.99
19:53:58      27   85.00    0.00   10.00    0.00    0.00    4.00    0.00    0.00    0.00    1.00
19:53:58      28   83.67    0.00   13.27    0.00    0.00    2.04    0.00    0.00    0.00    1.02
19:53:58      29   88.89    0.00    8.08    0.00    0.00    3.03    0.00    0.00    0.00    0.00
19:53:58      30   80.00    0.00   16.00    0.00    0.00    3.00    0.00    0.00    0.00    1.00
19:53:58      31   85.15    0.00    9.90    0.00    0.00    3.96    0.00    0.00    0.00    0.99

19:53:58     CPU    %usr   %nice    %sys %iowait    %irq   %soft  %steal  %guest  %gnice   %idle
19:53:59     all   71.68    0.00    9.50    0.03    0.00    2.13    0.00    0.00    0.00   16.66
19:53:59       0   67.96    0.00   13.59    0.00    0.00    1.94    0.00    0.00    0.00   16.50
19:53:59       1   87.88    0.00    5.05    0.00    0.00    0.00    0.00    0.00    0.00    7.07
19:53:59       2   66.00    0.00   17.00    0.00    0.00    1.00    0.00    0.00    0.00   16.00
19:53:59       3   68.75    0.00   14.58    0.00    0.00    2.08    0.00    0.00    0.00   14.58
19:53:59       4   67.68    0.00    6.06    0.00    0.00    1.01    0.00    0.00    0.00   25.25
19:53:59       5   72.28    0.00    5.94    0.00    0.00    0.99    0.00    0.00    0.00   20.79
19:53:59       6   74.26    0.00    9.90    0.00    0.00    1.98    0.00    0.00    0.00   13.86
19:53:59       7   71.13    0.00    5.15    0.00    0.00    4.12    0.00    0.00    0.00   19.59
19:53:59       8   64.36    0.00    4.95    0.00    0.00    1.98    0.00    0.00    0.00   28.71
19:53:59       9   56.12    0.00    7.14    1.02    0.00    2.04    0.00    0.00    0.00   33.67
19:53:59      10   63.27    0.00    6.12    0.00    0.00    2.04    0.00    0.00    0.00   28.57
19:53:59      11   58.00    0.00   11.00    0.00    0.00    1.00    0.00    0.00    0.00   30.00
19:53:59      12   61.00    0.00    8.00    0.00    0.00    1.00    0.00    0.00    0.00   30.00
19:53:59      13   61.46    0.00    4.17    0.00    0.00    3.12    0.00    0.00    0.00   31.25
19:53:59      14   65.05    0.00    8.74    0.00    0.00    1.94    0.00    0.00    0.00   24.27
19:53:59      15   66.67    0.00    6.25    0.00    0.00    1.04    0.00    0.00    0.00   26.04
19:53:59      16   66.00    0.00   12.00    0.00    0.00    3.00    0.00    0.00    0.00   19.00
19:53:59      17   59.79    0.00   20.62    0.00    0.00    2.06    0.00    0.00    0.00   17.53
19:53:59      18   72.28    0.00   10.89    0.00    0.00    0.99    0.00    0.00    0.00   15.84
19:53:59      19   72.55    0.00   10.78    0.00    0.00    0.98    0.00    0.00    0.00   15.69
19:53:59      20   71.84    0.00    6.80    0.00    0.00    0.00    0.00    0.00    0.00   21.36
19:53:59      21   74.26    0.00    6.93    0.00    0.00    0.00    0.00    0.00    0.00   18.81
19:53:59      22   76.29    0.00    5.15    0.00    0.00    1.03    0.00    0.00    0.00   17.53
19:53:59      23   69.00    0.00   11.00    0.00    0.00    3.00    0.00    0.00    0.00   17.00
19:53:59      24   78.22    0.00   12.87    0.00    0.00    4.95    0.00    0.00    0.00    3.96
19:53:59      25   83.17    0.00   10.89    0.00    0.00    3.96    0.00    0.00    0.00    1.98
19:53:59      26   84.85    0.00    9.09    0.00    0.00    3.03    0.00    0.00    0.00    3.03
19:53:59      27   84.85    0.00    9.09    0.00    0.00    4.04    0.00    0.00    0.00    2.02
19:53:59      28   78.22    0.00   11.88    0.00    0.00    6.93    0.00    0.00    0.00    2.97
19:53:59      29   84.69    0.00    8.16    0.00    0.00    2.04    0.00    0.00    0.00    5.10
19:53:59      30   82.00    0.00   13.00    0.00    0.00    2.00    0.00    0.00    0.00    3.00
19:53:59      31   83.00    0.00   11.00    0.00    0.00    3.00    0.00    0.00    0.00    3.00

19:53:59     CPU    %usr   %nice    %sys %iowait    %irq   %soft  %steal  %guest  %gnice   %idle
19:54:00     all   87.33    0.00    8.54    0.00    0.00    1.29    0.00    0.00    0.00    2.84
19:54:00       0   92.00    0.00    5.00    0.00    0.00    0.00    0.00    0.00    0.00    3.00
19:54:00       1   88.89    0.00    6.06    0.00    0.00    1.01    0.00    0.00    0.00    4.04
19:54:00       2   90.91    0.00    8.08    0.00    0.00    0.00    0.00    0.00    0.00    1.01
19:54:00       3   91.09    0.00    6.93    0.00    0.00    1.98    0.00    0.00    0.00    0.00
19:54:00       4   93.00    0.00    7.00    0.00    0.00    0.00    0.00    0.00    0.00    0.00
19:54:00       5   98.99    0.00    1.01    0.00    0.00    0.00    0.00    0.00    0.00    0.00
19:54:00       6   85.00    0.00    9.00    0.00    0.00    3.00    0.00    0.00    0.00    3.00
19:54:00       7   80.00    0.00   13.00    0.00    0.00    2.00    0.00    0.00    0.00    5.00
19:54:00       8   87.00    0.00   10.00    0.00    0.00    1.00    0.00    0.00    0.00    2.00
19:54:00       9   90.91    0.00    5.05    0.00    0.00    1.01    0.00    0.00    0.00    3.03
19:54:00      10   88.89    0.00    8.08    0.00    0.00    0.00    0.00    0.00    0.00    3.03
19:54:00      11   91.00    0.00    7.00    0.00    0.00    0.00    0.00    0.00    0.00    2.00
19:54:00      12   95.96    0.00    4.04    0.00    0.00    0.00    0.00    0.00    0.00    0.00
19:54:00      13   74.49    0.00   25.51    0.00    0.00    0.00    0.00    0.00    0.00    0.00
19:54:00      14   86.87    0.00    6.06    0.00    0.00    1.01    0.00    0.00    0.00    6.06
19:54:00      15   88.00    0.00    8.00    0.00    0.00    1.00    0.00    0.00    0.00    3.00
19:54:00      16   83.17    0.00   13.86    0.00    0.00    1.98    0.00    0.00    0.00    0.99
19:54:00      17   83.84    0.00   11.11    0.00    0.00    0.00    0.00    0.00    0.00    5.05
19:54:00      18   92.00    0.00    6.00    0.00    0.00    1.00    0.00    0.00    0.00    1.00
19:54:00      19   91.00    0.00    6.00    0.00    0.00    1.00    0.00    0.00    0.00    2.00
19:54:00      20   93.00    0.00    7.00    0.00    0.00    0.00    0.00    0.00    0.00    0.00
19:54:00      21   96.00    0.00    3.00    0.00    0.00    1.00    0.00    0.00    0.00    0.00
19:54:00      22   88.78    0.00    9.18    0.00    0.00    1.02    0.00    0.00    0.00    1.02
19:54:00      23   79.17    0.00    9.38    0.00    0.00    2.08    0.00    0.00    0.00    9.38
19:54:00      24   83.84    0.00    8.08    0.00    0.00    3.03    0.00    0.00    0.00    5.05
19:54:00      25   81.82    0.00   10.10    0.00    0.00    2.02    0.00    0.00    0.00    6.06
19:54:00      26   83.84    0.00    9.09    0.00    0.00    3.03    0.00    0.00    0.00    4.04
19:54:00      27   81.82    0.00    9.09    0.00    0.00    3.03    0.00    0.00    0.00    6.06
19:54:00      28   85.57    0.00   10.31    0.00    0.00    2.06    0.00    0.00    0.00    2.06
19:54:00      29   83.84    0.00   12.12    0.00    0.00    2.02    0.00    0.00    0.00    2.02
19:54:00      30   79.38    0.00   13.40    0.00    0.00    2.06    0.00    0.00    0.00    5.15
19:54:00      31   83.51    0.00    6.19    0.00    0.00    4.12    0.00    0.00    0.00    6.19

19:54:00     CPU    %usr   %nice    %sys %iowait    %irq   %soft  %steal  %guest  %gnice   %idle
19:54:01     all   88.28    0.00    7.06    0.00    0.00    1.59    0.00    0.00    0.00    3.06
19:54:01       0   73.27    0.00   13.86    0.00    0.00    1.98    0.00    0.00    0.00   10.89
19:54:01       1   91.00    0.00    6.00    0.00    0.00    0.00    0.00    0.00    0.00    3.00
19:54:01       2   80.41    0.00   10.31    0.00    0.00    3.09    0.00    0.00    0.00    6.19
19:54:01       3   87.88    0.00   10.10    0.00    0.00    0.00    0.00    0.00    0.00    2.02
19:54:01       4   98.00    0.00    2.00    0.00    0.00    0.00    0.00    0.00    0.00    0.00
19:54:01       5   99.01    0.00    0.99    0.00    0.00    0.00    0.00    0.00    0.00    0.00
19:54:01       6   89.00    0.00    7.00    0.00    0.00    1.00    0.00    0.00    0.00    3.00
19:54:01       7   87.76    0.00    6.12    0.00    0.00    2.04    0.00    0.00    0.00    4.08
19:54:01       8   87.63    0.00    7.22    0.00    0.00    1.03    0.00    0.00    0.00    4.12
19:54:01       9   96.00    0.00    3.00    0.00    0.00    0.00    0.00    0.00    0.00    1.00
19:54:01      10   91.00    0.00    8.00    0.00    0.00    0.00    0.00    0.00    0.00    1.00
19:54:01      11   93.00    0.00    5.00    0.00    0.00    1.00    0.00    0.00    0.00    1.00
19:54:01      12   89.11    0.00    6.93    0.00    0.00    0.99    0.00    0.00    0.00    2.97
19:54:01      13   90.91    0.00    4.04    0.00    0.00    2.02    0.00    0.00    0.00    3.03
19:54:01      14   89.90    0.00    6.06    0.00    0.00    1.01    0.00    0.00    0.00    3.03
19:54:01      15   81.19    0.00    8.91    0.00    0.00    0.99    0.00    0.00    0.00    8.91
19:54:01      16   85.71    0.00    7.14    0.00    0.00    0.00    0.00    0.00    0.00    7.14
19:54:01      17   88.24    0.00    5.88    0.00    0.00    1.96    0.00    0.00    0.00    3.92
19:54:01      18   95.00    0.00    5.00    0.00    0.00    0.00    0.00    0.00    0.00    0.00
19:54:01      19   93.00    0.00    4.00    0.00    0.00    3.00    0.00    0.00    0.00    0.00
19:54:01      20   96.00    0.00    4.00    0.00    0.00    0.00    0.00    0.00    0.00    0.00
19:54:01      21   98.02    0.00    0.99    0.00    0.00    0.00    0.00    0.00    0.00    0.99
19:54:01      22   91.18    0.00    3.92    0.00    0.00    1.96    0.00    0.00    0.00    2.94
19:54:01      23   91.00    0.00    7.00    0.00    0.00    1.00    0.00    0.00    0.00    1.00
19:54:01      24   85.15    0.00    9.90    0.00    0.00    2.97    0.00    0.00    0.00    1.98
19:54:01      25   86.73    0.00   10.20    0.00    0.00    1.02    0.00    0.00    0.00    2.04
19:54:01      26   79.80    0.00   13.13    0.00    0.00    4.04    0.00    0.00    0.00    3.03
19:54:01      27   80.58    0.00   10.68    0.00    0.00    4.85    0.00    0.00    0.00    3.88
19:54:01      28   83.17    0.00   10.89    0.00    0.00    2.97    0.00    0.00    0.00    2.97
19:54:01      29   83.17    0.00    8.91    0.00    0.00    2.97    0.00    0.00    0.00    4.95
19:54:01      30   81.19    0.00    9.90    0.00    0.00    4.95    0.00    0.00    0.00    3.96
19:54:01      31   82.00    0.00    9.00    0.00    0.00    4.00    0.00    0.00    0.00    5.00

19:54:01     CPU    %usr   %nice    %sys %iowait    %irq   %soft  %steal  %guest  %gnice   %idle
19:54:02     all   71.77    0.00    7.02    0.00    0.00    1.93    0.00    0.00    0.00   19.29
19:54:02       0   70.00    0.00    5.00    0.00    0.00    2.00    0.00    0.00    0.00   23.00
19:54:02       1   69.70    0.00    8.08    0.00    0.00    1.01    0.00    0.00    0.00   21.21
19:54:02       2   70.10    0.00    5.15    0.00    0.00    2.06    0.00    0.00    0.00   22.68
19:54:02       3   70.59    0.00    8.82    0.00    0.00    1.96    0.00    0.00    0.00   18.63
19:54:02       4   76.77    0.00    6.06    0.00    0.00    0.00    0.00    0.00    0.00   17.17
19:54:02       5   70.71    0.00    7.07    0.00    0.00    2.02    0.00    0.00    0.00   20.20
19:54:02       6   64.58    0.00    9.38    0.00    0.00    3.12    0.00    0.00    0.00   22.92
19:54:02       7   65.98    0.00    7.22    0.00    0.00    0.00    0.00    0.00    0.00   26.80
19:54:02       8   54.64    0.00    6.19    0.00    0.00    2.06    0.00    0.00    0.00   37.11
19:54:02       9   77.32    0.00    4.12    0.00    0.00    1.03    0.00    0.00    0.00   17.53
19:54:02      10   58.59    0.00    2.02    0.00    0.00    0.00    0.00    0.00    0.00   39.39
19:54:02      11   48.51    0.00    1.98    0.00    0.00    0.00    0.00    0.00    0.00   49.50
19:54:02      12   56.57    0.00    5.05    0.00    0.00    1.01    0.00    0.00    0.00   37.37
19:54:02      13   53.06    0.00    7.14    0.00    0.00    2.04    0.00    0.00    0.00   37.76
19:54:02      14   59.41    0.00    4.95    0.00    0.00    2.97    0.00    0.00    0.00   32.67
19:54:02      15   57.14    0.00    6.12    0.00    0.00    2.04    0.00    0.00    0.00   34.69
19:54:02      16   70.97    0.00    7.53    0.00    0.00    1.08    0.00    0.00    0.00   20.43
19:54:02      17   81.63    0.00    4.08    0.00    0.00    1.02    0.00    0.00    0.00   13.27
19:54:02      18   73.08    0.00    8.65    0.00    0.00    1.92    0.00    0.00    0.00   16.35
19:54:02      19   77.00    0.00    6.00    0.00    0.00    0.00    0.00    0.00    0.00   17.00
19:54:02      20   70.41    0.00    6.12    0.00    0.00    2.04    0.00    0.00    0.00   21.43
19:54:02      21   75.79    0.00    5.26    0.00    0.00    1.05    0.00    0.00    0.00   17.89
19:54:02      22   74.00    0.00    5.00    0.00    0.00    0.00    0.00    0.00    0.00   21.00
19:54:02      23   68.69    0.00    9.09    0.00    0.00    1.01    0.00    0.00    0.00   21.21
19:54:02      24   87.00    0.00   10.00    0.00    0.00    2.00    0.00    0.00    0.00    1.00
19:54:02      25   85.00    0.00   11.00    0.00    0.00    3.00    0.00    0.00    0.00    1.00
19:54:02      26   86.73    0.00    7.14    0.00    0.00    4.08    0.00    0.00    0.00    2.04
19:54:02      27   82.83    0.00   11.11    0.00    0.00    5.05    0.00    0.00    0.00    1.01
19:54:02      28   87.00    0.00    9.00    0.00    0.00    3.00    0.00    0.00    0.00    1.00
19:54:02      29   87.13    0.00    7.92    0.00    0.00    2.97    0.00    0.00    0.00    1.98
19:54:02      30   81.82    0.00   12.12    0.00    0.00    4.04    0.00    0.00    0.00    2.02
19:54:02      31   83.00    0.00   10.00    0.00    0.00    6.00    0.00    0.00    0.00    1.00

19:54:02     CPU    %usr   %nice    %sys %iowait    %irq   %soft  %steal  %guest  %gnice   %idle
19:54:03     all   60.66    0.00    7.23    0.00    0.00    1.92    0.00    0.00    0.00   30.19
19:54:03       0   60.82    0.00    6.19    0.00    0.00    2.06    0.00    0.00    0.00   30.93
19:54:03       1   61.46    0.00    6.25    0.00    0.00    2.08    0.00    0.00    0.00   30.21
19:54:03       2   60.78    0.00    7.84    0.00    0.00    0.00    0.00    0.00    0.00   31.37
19:54:03       3   62.50    0.00    4.17    0.00    0.00    2.08    0.00    0.00    0.00   31.25
19:54:03       4   58.51    0.00    8.51    0.00    0.00    2.13    0.00    0.00    0.00   30.85
19:54:03       5   57.89    0.00    9.47    0.00    0.00    1.05    0.00    0.00    0.00   31.58
19:54:03       6   58.00    0.00    6.00    0.00    0.00    2.00    0.00    0.00    0.00   34.00
19:54:03       7   59.00    0.00    5.00    0.00    0.00    1.00    0.00    0.00    0.00   35.00
19:54:03       8   43.16    0.00    3.16    0.00    0.00    1.05    0.00    0.00    0.00   52.63
19:54:03       9   43.75    0.00    4.17    0.00    0.00    0.00    0.00    0.00    0.00   52.08
19:54:03      10   34.02    0.00    2.06    0.00    0.00    1.03    0.00    0.00    0.00   62.89
19:54:03      11   30.11    0.00    4.30    0.00    0.00    0.00    0.00    0.00    0.00   65.59
19:54:03      12   37.89    0.00    3.16    0.00    0.00    1.05    0.00    0.00    0.00   57.89
19:54:03      13   35.79    0.00    5.26    0.00    0.00    1.05    0.00    0.00    0.00   57.89
19:54:03      14   40.86    0.00    3.23    0.00    0.00    1.08    0.00    0.00    0.00   54.84
19:54:03      15   42.11    0.00    2.11    0.00    0.00    1.05    0.00    0.00    0.00   54.74
19:54:03      16   61.00    0.00    6.00    0.00    0.00    2.00    0.00    0.00    0.00   31.00
19:54:03      17   63.27    0.00    7.14    0.00    0.00    1.02    0.00    0.00    0.00   28.57
19:54:03      18   61.39    0.00    4.95    0.00    0.00    1.98    0.00    0.00    0.00   31.68
19:54:03      19   60.20    0.00    9.18    0.00    0.00    0.00    0.00    0.00    0.00   30.61
19:54:03      20   59.38    0.00    9.38    0.00    0.00    1.04    0.00    0.00    0.00   30.21
19:54:03      21   65.31    0.00    4.08    0.00    0.00    2.04    0.00    0.00    0.00   28.57
19:54:03      22   52.13    0.00    7.45    0.00    0.00    2.13    0.00    0.00    0.00   38.30
19:54:03      23   57.43    0.00    6.93    0.00    0.00    0.99    0.00    0.00    0.00   34.65
19:54:03      24   83.00    0.00   11.00    0.00    0.00    5.00    0.00    0.00    0.00    1.00
19:54:03      25   83.00    0.00   12.00    0.00    0.00    3.00    0.00    0.00    0.00    2.00
19:54:03      26   82.00    0.00   12.00    0.00    0.00    5.00    0.00    0.00    0.00    1.00
19:54:03      27   80.20    0.00   12.87    0.00    0.00    4.95    0.00    0.00    0.00    1.98
19:54:03      28   85.86    0.00   10.10    0.00    0.00    3.03    0.00    0.00    0.00    1.01
19:54:03      29   82.83    0.00   11.11    0.00    0.00    5.05    0.00    0.00    0.00    1.01
19:54:03      30   86.00    0.00   11.00    0.00    0.00    2.00    0.00    0.00    0.00    1.00
19:54:03      31   82.00    0.00   14.00    0.00    0.00    3.00    0.00    0.00    0.00    1.00

19:54:03     CPU    %usr   %nice    %sys %iowait    %irq   %soft  %steal  %guest  %gnice   %idle
19:54:04     all   60.15    0.00    6.39    0.00    0.00    1.87    0.00    0.00    0.00   31.59
19:54:04       0   57.45    0.00    6.38    0.00    0.00    2.13    0.00    0.00    0.00   34.04
19:54:04       1   58.95    0.00    6.32    0.00    0.00    1.05    0.00    0.00    0.00   33.68
19:54:04       2   59.79    0.00    4.12    0.00    0.00    2.06    0.00    0.00    0.00   34.02
19:54:04       3   58.82    0.00    6.86    0.00    0.00    1.96    0.00    0.00    0.00   32.35
19:54:04       4   59.78    0.00    6.52    0.00    0.00    1.09    0.00    0.00    0.00   32.61
19:54:04       5   60.20    0.00    6.12    0.00    0.00    2.04    0.00    0.00    0.00   31.63
19:54:04       6   55.00    0.00    7.00    0.00    0.00    0.00    0.00    0.00    0.00   38.00
19:54:04       7   54.55    0.00    6.06    0.00    0.00    2.02    0.00    0.00    0.00   37.37
19:54:04       8   34.04    0.00    4.26    0.00    0.00    0.00    0.00    0.00    0.00   61.70
19:54:04       9   34.31    0.00    7.84    0.00    0.00    0.98    0.00    0.00    0.00   56.86
19:54:04      10   38.14    0.00    2.06    0.00    0.00    1.03    0.00    0.00    0.00   58.76
19:54:04      11   41.00    0.00    3.00    0.00    0.00    0.00    0.00    0.00    0.00   56.00
19:54:04      12   41.58    0.00    2.97    0.00    0.00    0.99    0.00    0.00    0.00   54.46
19:54:04      13   42.86    0.00    3.06    0.00    0.00    1.02    0.00    0.00    0.00   53.06
19:54:04      14   38.38    0.00    4.04    0.00    0.00    0.00    0.00    0.00    0.00   57.58
19:54:04      15   38.38    0.00    3.03    0.00    0.00    1.01    0.00    0.00    0.00   57.58
19:54:04      16   61.46    0.00    3.12    0.00    0.00    0.00    0.00    0.00    0.00   35.42
19:54:04      17   57.89    0.00    5.26    0.00    0.00    1.05    0.00    0.00    0.00   35.79
19:54:04      18   59.41    0.00    6.93    0.00    0.00    0.99    0.00    0.00    0.00   32.67
19:54:04      19   59.62    0.00    4.81    0.00    0.00    3.85    0.00    0.00    0.00   31.73
19:54:04      20   60.78    0.00    7.84    0.00    0.00    1.96    0.00    0.00    0.00   29.41
19:54:04      21   63.37    0.00    3.96    0.00    0.00    2.97    0.00    0.00    0.00   29.70
19:54:04      22   53.40    0.00    7.77    0.00    0.00    1.94    0.00    0.00    0.00   36.89
19:54:04      23   49.46    0.00    6.45    0.00    0.00    3.23    0.00    0.00    0.00   40.86
19:54:04      24   86.00    0.00   10.00    0.00    0.00    2.00    0.00    0.00    0.00    2.00
19:54:04      25   83.17    0.00   10.89    0.00    0.00    3.96    0.00    0.00    0.00    1.98
19:54:04      26   86.14    0.00    9.90    0.00    0.00    1.98    0.00    0.00    0.00    1.98
19:54:04      27   85.71    0.00    9.18    0.00    0.00    4.08    0.00    0.00    0.00    1.02
19:54:04      28   84.85    0.00   10.10    0.00    0.00    4.04    0.00    0.00    0.00    1.01
19:54:04      29   89.00    0.00    6.00    0.00    0.00    3.00    0.00    0.00    0.00    2.00
19:54:04      30   83.33    0.00   10.78    0.00    0.00    3.92    0.00    0.00    0.00    1.96
19:54:04      31   84.85    0.00   11.11    0.00    0.00    3.03    0.00    0.00    0.00    1.01

19:54:04     CPU    %usr   %nice    %sys %iowait    %irq   %soft  %steal  %guest  %gnice   %idle
19:54:05     all   60.94    0.00    7.01    0.00    0.00    1.71    0.00    0.00    0.00   30.34
19:54:05       0   55.34    0.00    7.77    0.00    0.00    1.94    0.00    0.00    0.00   34.95
19:54:05       1   56.12    0.00    7.14    0.00    0.00    1.02    0.00    0.00    0.00   35.71
19:54:05       2   59.18    0.00    8.16    0.00    0.00    1.02    0.00    0.00    0.00   31.63
19:54:05       3   61.70    0.00    6.38    0.00    0.00    0.00    0.00    0.00    0.00   31.91
19:54:05       4   60.00    0.00    6.32    0.00    0.00    1.05    0.00    0.00    0.00   32.63
19:54:05       5   61.70    0.00    5.32    0.00    0.00    0.00    0.00    0.00    0.00   32.98
19:54:05       6   60.82    0.00    4.12    0.00    0.00    1.03    0.00    0.00    0.00   34.02
19:54:05       7   59.60    0.00    6.06    0.00    0.00    2.02    0.00    0.00    0.00   32.32
19:54:05       8   36.73    0.00    3.06    0.00    0.00    1.02    0.00    0.00    0.00   59.18
19:54:05       9   39.62    0.00    4.72    0.00    0.00    0.94    0.00    0.00    0.00   54.72
19:54:05      10   44.21    0.00    3.16    0.00    0.00    0.00    0.00    0.00    0.00   52.63
19:54:05      11   45.37    0.00    4.63    0.00    0.00    0.93    0.00    0.00    0.00   49.07
19:54:05      12   44.12    0.00    3.92    0.00    0.00    0.98    0.00    0.00    0.00   50.98
19:54:05      13   41.84    0.00    2.04    0.00    0.00    0.00    0.00    0.00    0.00   56.12
19:54:05      14   34.78    0.00    3.26    0.00    0.00    1.09    0.00    0.00    0.00   60.87
19:54:05      15   40.78    0.00    3.88    0.00    0.00    1.94    0.00    0.00    0.00   53.40
19:54:05      16   56.31    0.00    7.77    0.00    0.00    1.94    0.00    0.00    0.00   33.98
19:54:05      17   54.00    0.00    9.00    0.00    0.00    2.00    0.00    0.00    0.00   35.00
19:54:05      18   60.00    0.00    5.26    0.00    0.00    1.05    0.00    0.00    0.00   33.68
19:54:05      19   59.79    0.00    9.28    0.00    0.00    0.00    0.00    0.00    0.00   30.93
19:54:05      20   57.45    0.00    7.45    0.00    0.00    2.13    0.00    0.00    0.00   32.98
19:54:05      21   59.34    0.00    5.49    0.00    0.00    2.20    0.00    0.00    0.00   32.97
19:54:05      22   60.64    0.00    5.32    0.00    0.00    0.00    0.00    0.00    0.00   34.04
19:54:05      23   59.79    0.00    6.19    0.00    0.00    2.06    0.00    0.00    0.00   31.96
19:54:05      24   85.15    0.00   10.89    0.00    0.00    2.97    0.00    0.00    0.00    0.99
19:54:05      25   87.00    0.00   10.00    0.00    0.00    3.00    0.00    0.00    0.00    0.00
19:54:05      26   83.00    0.00   12.00    0.00    0.00    4.00    0.00    0.00    0.00    1.00
19:54:05      27   85.15    0.00   10.89    0.00    0.00    2.97    0.00    0.00    0.00    0.99
19:54:05      28   83.17    0.00    9.90    0.00    0.00    5.94    0.00    0.00    0.00    0.99
19:54:05      29   83.84    0.00   14.14    0.00    0.00    2.02    0.00    0.00    0.00    0.00
19:54:05      30   86.00    0.00   12.00    0.00    0.00    2.00    0.00    0.00    0.00    0.00
19:54:05      31   86.14    0.00    7.92    0.00    0.00    4.95    0.00    0.00    0.00    0.99

19:54:05     CPU    %usr   %nice    %sys %iowait    %irq   %soft  %steal  %guest  %gnice   %idle
19:54:06     all   87.04    0.00    7.66    0.06    0.00    1.26    0.00    0.00    0.00    3.98
19:54:06       0   91.75    0.00    5.15    0.00    0.00    0.00    0.00    0.00    0.00    3.09
19:54:06       1   89.22    0.00    6.86    0.00    0.00    0.98    0.00    0.00    0.00    2.94
19:54:06       2   88.00    0.00    8.00    0.00    0.00    1.00    0.00    0.00    0.00    3.00
19:54:06       3   86.73    0.00    8.16    0.00    0.00    2.04    0.00    0.00    0.00    3.06
19:54:06       4   84.16    0.00    8.91    0.99    0.00    0.00    0.00    0.00    0.00    5.94
19:54:06       5   87.88    0.00    8.08    0.00    0.00    1.01    0.00    0.00    0.00    3.03
19:54:06       6   88.89    0.00    6.06    0.00    0.00    1.01    0.00    0.00    0.00    4.04
19:54:06       7   86.14    0.00    7.92    0.00    0.00    0.99    0.00    0.00    0.00    4.95
19:54:06       8   87.00    0.00    5.00    0.00    0.00    2.00    0.00    0.00    0.00    6.00
19:54:06       9   88.89    0.00    5.05    0.00    0.00    0.00    0.00    0.00    0.00    6.06
19:54:06      10   88.24    0.00    4.90    0.98    0.00    0.00    0.00    0.00    0.00    5.88
19:54:06      11   90.00    0.00    6.00    0.00    0.00    0.00    0.00    0.00    0.00    4.00
19:54:06      12   86.00    0.00    6.00    0.00    0.00    1.00    0.00    0.00    0.00    7.00
19:54:06      13   84.69    0.00    7.14    0.00    0.00    1.02    0.00    0.00    0.00    7.14
19:54:06      14   82.83    0.00   11.11    0.00    0.00    1.01    0.00    0.00    0.00    5.05
19:54:06      15   86.87    0.00    7.07    0.00    0.00    1.01    0.00    0.00    0.00    5.05
19:54:06      16   89.90    0.00    7.07    0.00    0.00    0.00    0.00    0.00    0.00    3.03
19:54:06      17   88.00    0.00    7.00    0.00    0.00    0.00    0.00    0.00    0.00    5.00
19:54:06      18   89.90    0.00    6.06    0.00    0.00    1.01    0.00    0.00    0.00    3.03
19:54:06      19   89.00    0.00    6.00    0.00    0.00    2.00    0.00    0.00    0.00    3.00
19:54:06      20   88.66    0.00    4.12    0.00    0.00    1.03    0.00    0.00    0.00    6.19
19:54:06      21   82.83    0.00   11.11    0.00    0.00    0.00    0.00    0.00    0.00    6.06
19:54:06      22   89.90    0.00    5.05    0.00    0.00    0.00    0.00    0.00    0.00    5.05
19:54:06      23   91.09    0.00    3.96    0.00    0.00    0.00    0.00    0.00    0.00    4.95
19:54:06      24   87.13    0.00    7.92    0.00    0.00    3.96    0.00    0.00    0.00    0.99
19:54:06      25   86.87    0.00   11.11    0.00    0.00    1.01    0.00    0.00    0.00    1.01
19:54:06      26   88.12    0.00    9.90    0.00    0.00    1.98    0.00    0.00    0.00    0.00
19:54:06      27   88.12    0.00    8.91    0.00    0.00    1.98    0.00    0.00    0.00    0.99
19:54:06      28   76.29    0.00   16.49    0.00    0.00    5.15    0.00    0.00    0.00    2.06
19:54:06      29   82.35    0.00   10.78    0.00    0.00    3.92    0.00    0.00    0.00    2.94
19:54:06      30   86.87    0.00    7.07    0.00    0.00    2.02    0.00    0.00    0.00    4.04
19:54:06      31   82.83    0.00   11.11    0.00    0.00    3.03    0.00    0.00    0.00    3.03

19:54:06     CPU    %usr   %nice    %sys %iowait    %irq   %soft  %steal  %guest  %gnice   %idle
19:54:07     all   92.60    0.00    5.61    0.00    0.00    1.25    0.00    0.00    0.00    0.53
19:54:07       0   95.00    0.00    5.00    0.00    0.00    0.00    0.00    0.00    0.00    0.00
19:54:07       1   98.00    0.00    2.00    0.00    0.00    0.00    0.00    0.00    0.00    0.00
19:54:07       2   93.07    0.00    5.94    0.00    0.00    0.99    0.00    0.00    0.00    0.00
19:54:07       3   96.00    0.00    3.00    0.00    0.00    1.00    0.00    0.00    0.00    0.00
19:54:07       4   96.00    0.00    3.00    0.00    0.00    1.00    0.00    0.00    0.00    0.00
19:54:07       5   89.00    0.00    9.00    0.00    0.00    2.00    0.00    0.00    0.00    0.00
19:54:07       6   92.08    0.00    5.94    0.00    0.00    1.98    0.00    0.00    0.00    0.00
19:54:07       7   95.00    0.00    4.00    0.00    0.00    1.00    0.00    0.00    0.00    0.00
19:54:07       8   98.00    0.00    1.00    0.00    0.00    1.00    0.00    0.00    0.00    0.00
19:54:07       9   91.09    0.00    7.92    0.00    0.00    0.99    0.00    0.00    0.00    0.00
19:54:07      10   94.00    0.00    4.00    0.00    0.00    1.00    0.00    0.00    0.00    1.00
19:54:07      11   97.00    0.00    3.00    0.00    0.00    0.00    0.00    0.00    0.00    0.00
19:54:07      12   93.94    0.00    5.05    0.00    0.00    1.01    0.00    0.00    0.00    0.00
19:54:07      13   98.00    0.00    2.00    0.00    0.00    0.00    0.00    0.00    0.00    0.00
19:54:07      14   94.95    0.00    5.05    0.00    0.00    0.00    0.00    0.00    0.00    0.00
19:54:07      15   91.00    0.00    7.00    0.00    0.00    1.00    0.00    0.00    0.00    1.00
19:54:07      16   97.98    0.00    2.02    0.00    0.00    0.00    0.00    0.00    0.00    0.00
19:54:07      17   99.00    0.00    1.00    0.00    0.00    0.00    0.00    0.00    0.00    0.00
19:54:07      18   95.00    0.00    4.00    0.00    0.00    1.00    0.00    0.00    0.00    0.00
19:54:07      19   90.00    0.00    7.00    0.00    0.00    3.00    0.00    0.00    0.00    0.00
19:54:07      20   97.98    0.00    2.02    0.00    0.00    0.00    0.00    0.00    0.00    0.00
19:54:07      21   91.00    0.00    9.00    0.00    0.00    0.00    0.00    0.00    0.00    0.00
19:54:07      22   94.95    0.00    5.05    0.00    0.00    0.00    0.00    0.00    0.00    0.00
19:54:07      23   91.84    0.00    5.10    0.00    0.00    2.04    0.00    0.00    0.00    1.02
19:54:07      24   88.00    0.00    9.00    0.00    0.00    2.00    0.00    0.00    0.00    1.00
19:54:07      25   93.00    0.00    6.00    0.00    0.00    1.00    0.00    0.00    0.00    0.00
19:54:07      26   81.19    0.00   10.89    0.00    0.00    3.96    0.00    0.00    0.00    3.96
19:54:07      27   85.86    0.00   10.10    0.00    0.00    4.04    0.00    0.00    0.00    0.00
19:54:07      28   92.00    0.00    5.00    0.00    0.00    1.00    0.00    0.00    0.00    2.00
19:54:07      29   82.83    0.00   11.11    0.00    0.00    5.05    0.00    0.00    0.00    1.01
19:54:07      30   86.73    0.00   10.20    0.00    0.00    1.02    0.00    0.00    0.00    2.04
19:54:07      31   83.67    0.00    9.18    0.00    0.00    3.06    0.00    0.00    0.00    4.08

19:54:07     CPU    %usr   %nice    %sys %iowait    %irq   %soft  %steal  %guest  %gnice   %idle
19:54:08     all   90.65    0.00    6.82    0.03    0.00    1.47    0.00    0.00    0.00    1.03
19:54:08       0   81.19    0.00   13.86    0.00    0.00    0.00    0.00    0.00    0.00    4.95
19:54:08       1   87.88    0.00   10.10    0.00    0.00    1.01    0.00    0.00    0.00    1.01
19:54:08       2   96.97    0.00    3.03    0.00    0.00    0.00    0.00    0.00    0.00    0.00
19:54:08       3   95.00    0.00    3.00    0.00    0.00    2.00    0.00    0.00    0.00    0.00
19:54:08       4   92.00    0.00    7.00    0.00    0.00    1.00    0.00    0.00    0.00    0.00
19:54:08       5   93.07    0.00    4.95    0.00    0.00    1.98    0.00    0.00    0.00    0.00
19:54:08       6   89.90    0.00    9.09    0.00    0.00    0.00    0.00    0.00    0.00    1.01
19:54:08       7   89.00    0.00   11.00    0.00    0.00    0.00    0.00    0.00    0.00    0.00
19:54:08       8   97.00    0.00    2.00    0.00    0.00    1.00    0.00    0.00    0.00    0.00
19:54:08       9   94.00    0.00    4.00    0.00    0.00    0.00    0.00    0.00    0.00    2.00
19:54:08      10   94.00    0.00    6.00    0.00    0.00    0.00    0.00    0.00    0.00    0.00
19:54:08      11   92.08    0.00    6.93    0.00    0.00    0.99    0.00    0.00    0.00    0.00
19:54:08      12   87.00    0.00   11.00    0.00    0.00    2.00    0.00    0.00    0.00    0.00
19:54:08      13   92.00    0.00    4.00    0.00    0.00    3.00    0.00    0.00    0.00    1.00
19:54:08      14   95.05    0.00    2.97    0.00    0.00    0.99    0.00    0.00    0.00    0.99
19:54:08      15   89.11    0.00    5.94    0.00    0.00    1.98    0.00    0.00    0.00    2.97
19:54:08      16   91.18    0.00    3.92    0.98    0.00    1.96    0.00    0.00    0.00    1.96
19:54:08      17   95.00    0.00    5.00    0.00    0.00    0.00    0.00    0.00    0.00    0.00
19:54:08      18   95.05    0.00    3.96    0.00    0.00    0.99    0.00    0.00    0.00    0.00
19:54:08      19   91.00    0.00    7.00    0.00    0.00    2.00    0.00    0.00    0.00    0.00
19:54:08      20   94.00    0.00    6.00    0.00    0.00    0.00    0.00    0.00    0.00    0.00
19:54:08      21   88.00    0.00    9.00    0.00    0.00    2.00    0.00    0.00    0.00    1.00
19:54:08      22   94.90    0.00    5.10    0.00    0.00    0.00    0.00    0.00    0.00    0.00
19:54:08      23   99.00    0.00    1.00    0.00    0.00    0.00    0.00    0.00    0.00    0.00
19:54:08      24   86.00    0.00   12.00    0.00    0.00    2.00    0.00    0.00    0.00    0.00
19:54:08      25   87.00    0.00    8.00    0.00    0.00    3.00    0.00    0.00    0.00    2.00
19:54:08      26   82.83    0.00   12.12    0.00    0.00    5.05    0.00    0.00    0.00    0.00
19:54:08      27   85.00    0.00    8.00    0.00    0.00    5.00    0.00    0.00    0.00    2.00
19:54:08      28   88.12    0.00    6.93    0.00    0.00    3.96    0.00    0.00    0.00    0.99
19:54:08      29   87.88    0.00    9.09    0.00    0.00    2.02    0.00    0.00    0.00    1.01
19:54:08      30   82.65    0.00   11.22    0.00    0.00    1.02    0.00    0.00    0.00    5.10
19:54:08      31   87.76    0.00    5.10    0.00    0.00    2.04    0.00    0.00    0.00    5.10

19:54:08     CPU    %usr   %nice    %sys %iowait    %irq   %soft  %steal  %guest  %gnice   %idle
19:54:09     all   75.88    0.00   13.47    0.03    0.00    1.51    0.00    0.00    0.00    9.11
19:54:09       0   81.00    0.00   10.00    0.00    0.00    0.00    0.00    0.00    0.00    9.00
19:54:09       1   80.81    0.00   14.14    0.00    0.00    0.00    0.00    0.00    0.00    5.05
19:54:09       2   75.00    0.00   12.50    0.00    0.00    0.00    0.00    0.00    0.00   12.50
19:54:09       3   82.83    0.00    6.06    0.00    0.00    0.00    0.00    0.00    0.00   11.11
19:54:09       4   81.19    0.00   11.88    0.00    0.00    0.99    0.00    0.00    0.00    5.94
19:54:09       5   52.53    0.00   36.36    0.00    0.00    2.02    0.00    0.00    0.00    9.09
19:54:09       6   83.17    0.00    9.90    0.00    0.00    0.99    0.00    0.00    0.00    5.94
19:54:09       7   77.78    0.00   11.11    0.00    0.00    1.01    0.00    0.00    0.00   10.10
19:54:09       8   70.71    0.00    6.06    0.00    0.00    0.00    0.00    0.00    0.00   23.23
19:54:09       9   60.82    0.00   14.43    0.00    0.00    2.06    0.00    0.00    0.00   22.68
19:54:09      10   73.47    0.00    7.14    0.00    0.00    1.02    0.00    0.00    0.00   18.37
19:54:09      11   77.45    0.00    5.88    0.00    0.00    0.98    0.00    0.00    0.00   15.69
19:54:09      12   74.75    0.00   10.10    0.00    0.00    1.01    0.00    0.00    0.00   14.14
19:54:09      13   72.55    0.00    6.86    0.00    0.00    1.96    0.00    0.00    0.00   18.63
19:54:09      14   66.67    0.00   16.16    0.00    0.00    2.02    0.00    0.00    0.00   15.15
19:54:09      15   75.51    0.00   10.20    0.00    0.00    0.00    0.00    0.00    0.00   14.29
19:54:09      16   74.76    0.00   11.65    0.00    0.00    1.94    0.00    0.00    0.00   11.65
19:54:09      17   80.00    0.00   13.00    1.00    0.00    1.00    0.00    0.00    0.00    5.00
19:54:09      18   77.32    0.00    5.15    0.00    0.00    2.06    0.00    0.00    0.00   15.46
19:54:09      19   67.00    0.00   20.00    0.00    0.00    2.00    0.00    0.00    0.00   11.00
19:54:09      20   91.09    0.00    6.93    0.00    0.00    1.98    0.00    0.00    0.00    0.00
19:54:09      21   29.00    0.00   69.00    0.00    0.00    0.00    0.00    0.00    0.00    2.00
19:54:09      22   75.76    0.00   12.12    0.00    0.00    3.03    0.00    0.00    0.00    9.09
19:54:09      23   91.92    0.00    7.07    0.00    0.00    0.00    0.00    0.00    0.00    1.01
19:54:09      24   79.21    0.00   12.87    0.00    0.00    2.97    0.00    0.00    0.00    4.95
19:54:09      25   78.00    0.00   14.00    0.00    0.00    3.00    0.00    0.00    0.00    5.00
19:54:09      26   79.59    0.00   16.33    0.00    0.00    2.04    0.00    0.00    0.00    2.04
19:54:09      27   83.84    0.00   10.10    0.00    0.00    5.05    0.00    0.00    0.00    1.01
19:54:09      28   82.47    0.00   12.37    0.00    0.00    2.06    0.00    0.00    0.00    3.09
19:54:09      29   80.20    0.00   13.86    0.00    0.00    1.98    0.00    0.00    0.00    3.96
19:54:09      30   82.83    0.00    9.09    0.00    0.00    3.03    0.00    0.00    0.00    5.05
19:54:09      31   88.24    0.00    8.82    0.00    0.00    1.96    0.00    0.00    0.00    0.98

19:54:09     CPU    %usr   %nice    %sys %iowait    %irq   %soft  %steal  %guest  %gnice   %idle
19:54:10     all   60.56    0.00   10.52    0.00    0.00    2.19    0.00    0.00    0.00   26.73
19:54:10       0   61.46    0.00    9.38    0.00    0.00    1.04    0.00    0.00    0.00   28.12
19:54:10       1   67.65    0.00    8.82    0.00    0.00    0.98    0.00    0.00    0.00   22.55
19:54:10       2   63.81    0.00    5.71    0.00    0.00    1.90    0.00    0.00    0.00   28.57
19:54:10       3   59.41    0.00    6.93    0.00    0.00    2.97    0.00    0.00    0.00   30.69
19:54:10       4   63.00    0.00    9.00    0.00    0.00    2.00    0.00    0.00    0.00   26.00
19:54:10       5   65.96    0.00    5.32    0.00    0.00    1.06    0.00    0.00    0.00   27.66
19:54:10       6   66.33    0.00    4.08    0.00    0.00    1.02    0.00    0.00    0.00   28.57
19:54:10       7   59.79    0.00    6.19    0.00    0.00    2.06    0.00    0.00    0.00   31.96
19:54:10       8   47.00    0.00    6.00    0.00    0.00    3.00    0.00    0.00    0.00   44.00
19:54:10       9   51.49    0.00    3.96    0.00    0.00    0.00    0.00    0.00    0.00   44.55
19:54:10      10   40.21    0.00    4.12    0.00    0.00    2.06    0.00    0.00    0.00   53.61
19:54:10      11   39.58    0.00    6.25    0.00    0.00    2.08    0.00    0.00    0.00   52.08
19:54:10      12   35.16    0.00    5.49    0.00    0.00    1.10    0.00    0.00    0.00   58.24
19:54:10      13   36.17    0.00    7.45    0.00    0.00    0.00    0.00    0.00    0.00   56.38
19:54:10      14   41.24    0.00    4.12    0.00    0.00    0.00    0.00    0.00    0.00   54.64
19:54:10      15   40.43    0.00    2.13    0.00    0.00    1.06    0.00    0.00    0.00   56.38
19:54:10      16   60.82    0.00    6.19    0.00    0.00    0.00    0.00    0.00    0.00   32.99
19:54:10      17   64.08    0.00    6.80    0.00    0.00    1.94    0.00    0.00    0.00   27.18
19:54:10      18   56.12    0.00   11.22    0.00    0.00    1.02    0.00    0.00    0.00   31.63
19:54:10      19   58.16    0.00    9.18    0.00    0.00    1.02    0.00    0.00    0.00   31.63
19:54:10      20   65.69    0.00    4.90    0.00    0.00    2.94    0.00    0.00    0.00   26.47
19:54:10      21    1.00    0.00   99.00    0.00    0.00    0.00    0.00    0.00    0.00    0.00
19:54:10      22   62.63    0.00    4.04    0.00    0.00    3.03    0.00    0.00    0.00   30.30
19:54:10      23   56.00    0.00    9.00    0.00    0.00    3.00    0.00    0.00    0.00   32.00
19:54:10      24   82.00    0.00   11.00    0.00    0.00    6.00    0.00    0.00    0.00    1.00
19:54:10      25   86.87    0.00    9.09    0.00    0.00    3.03    0.00    0.00    0.00    1.01
19:54:10      26   85.15    0.00    8.91    0.00    0.00    4.95    0.00    0.00    0.00    0.99
19:54:10      27   82.00    0.00   14.00    0.00    0.00    3.00    0.00    0.00    0.00    1.00
19:54:10      28   81.82    0.00   14.14    0.00    0.00    3.03    0.00    0.00    0.00    1.01
19:54:10      29   81.82    0.00   12.12    0.00    0.00    5.05    0.00    0.00    0.00    1.01
19:54:10      30   86.00    0.00    9.00    0.00    0.00    4.00    0.00    0.00    0.00    1.00
19:54:10      31   82.83    0.00   11.11    0.00    0.00    5.05    0.00    0.00    0.00    1.01

19:54:10     CPU    %usr   %nice    %sys %iowait    %irq   %soft  %steal  %guest  %gnice   %idle
19:54:11     all   59.62    0.00   10.46    0.00    0.00    1.86    0.00    0.00    0.00   28.06
19:54:11       0   62.24    0.00    5.10    0.00    0.00    2.04    0.00    0.00    0.00   30.61
19:54:11       1   63.64    0.00    5.05    0.00    0.00    1.01    0.00    0.00    0.00   30.30
19:54:11       2   61.62    0.00    7.07    0.00    0.00    3.03    0.00    0.00    0.00   28.28
19:54:11       3   62.63    0.00    6.06    0.00    0.00    2.02    0.00    0.00    0.00   29.29
19:54:11       4   62.50    0.00   11.54    0.00    0.00    0.96    0.00    0.00    0.00   25.00
19:54:11       5    3.96    0.00   95.05    0.00    0.00    0.00    0.00    0.00    0.00    0.99
19:54:11       6   51.00    0.00    9.00    0.00    0.00    2.00    0.00    0.00    0.00   38.00
19:54:11       7   57.58    0.00    5.05    0.00    0.00    0.00    0.00    0.00    0.00   37.37
19:54:11       8   37.63    0.00    2.15    0.00    0.00    0.00    0.00    0.00    0.00   60.22
19:54:11       9   42.57    0.00    1.98    0.00    0.00    0.99    0.00    0.00    0.00   54.46
19:54:11      10   42.72    0.00    2.91    0.00    0.00    1.94    0.00    0.00    0.00   52.43
19:54:11      11   39.39    0.00    5.05    0.00    0.00    1.01    0.00    0.00    0.00   54.55
19:54:11      12   48.00    0.00    4.00    0.00    0.00    1.00    0.00    0.00    0.00   47.00
19:54:11      13   41.94    0.00    5.38    0.00    0.00    1.08    0.00    0.00    0.00   51.61
19:54:11      14   42.27    0.00    2.06    0.00    0.00    1.03    0.00    0.00    0.00   54.64
19:54:11      15   42.00    0.00    6.00    0.00    0.00    2.00    0.00    0.00    0.00   50.00
19:54:11      16   60.20    0.00    6.12    0.00    0.00    3.06    0.00    0.00    0.00   30.61
19:54:11      17   58.42    0.00    7.92    0.00    0.00    1.98    0.00    0.00    0.00   31.68
19:54:11      18   62.37    0.00    5.38    0.00    0.00    0.00    0.00    0.00    0.00   32.26
19:54:11      19   61.39    0.00    7.92    0.00    0.00    1.98    0.00    0.00    0.00   28.71
19:54:11      20   64.29    0.00    7.14    0.00    0.00    1.02    0.00    0.00    0.00   27.55
19:54:11      21   61.86    0.00   11.34    0.00    0.00    2.06    0.00    0.00    0.00   24.74
19:54:11      22   52.88    0.00    9.62    0.00    0.00    1.92    0.00    0.00    0.00   35.58
19:54:11      23   55.67    0.00    6.19    0.00    0.00    1.03    0.00    0.00    0.00   37.11
19:54:11      24   82.00    0.00   12.00    0.00    0.00    4.00    0.00    0.00    0.00    2.00
19:54:11      25   85.00    0.00   10.00    0.00    0.00    4.00    0.00    0.00    0.00    1.00
19:54:11      26   81.19    0.00   15.84    0.00    0.00    1.98    0.00    0.00    0.00    0.99
19:54:11      27   83.00    0.00   13.00    0.00    0.00    3.00    0.00    0.00    0.00    1.00
19:54:11      28   84.00    0.00   11.00    0.00    0.00    3.00    0.00    0.00    0.00    2.00
19:54:11      29   82.18    0.00   11.88    0.00    0.00    4.95    0.00    0.00    0.00    0.99
19:54:11      30   85.86    0.00   10.10    0.00    0.00    3.03    0.00    0.00    0.00    1.01
19:54:11      31   84.00    0.00   13.00    0.00    0.00    2.00    0.00    0.00    0.00    1.00

19:54:11     CPU    %usr   %nice    %sys %iowait    %irq   %soft  %steal  %guest  %gnice   %idle
19:54:12     all   59.50    0.00   10.18    0.00    0.00    2.02    0.00    0.00    0.00   28.30
19:54:12       0   62.75    0.00    4.90    0.00    0.00    1.96    0.00    0.00    0.00   30.39
19:54:12       1   58.59    0.00    8.08    0.00    0.00    2.02    0.00    0.00    0.00   31.31
19:54:12       2   62.38    0.00    6.93    0.00    0.00    0.99    0.00    0.00    0.00   29.70
19:54:12       3   58.42    0.00    8.91    0.00    0.00    1.98    0.00    0.00    0.00   30.69
19:54:12       4   55.67    0.00    9.28    0.00    0.00    1.03    0.00    0.00    0.00   34.02
19:54:12       5   52.08    0.00   12.50    0.00    0.00    1.04    0.00    0.00    0.00   34.38
19:54:12       6   57.14    0.00    9.18    0.00    0.00    2.04    0.00    0.00    0.00   31.63
19:54:12       7   65.96    0.00    2.13    0.00    0.00    1.06    0.00    0.00    0.00   30.85
19:54:12       8   42.55    0.00    1.06    0.00    0.00    0.00    0.00    0.00    0.00   56.38
19:54:12       9   39.39    0.00    5.05    0.00    0.00    1.01    0.00    0.00    0.00   54.55
19:54:12      10   40.20    0.00    3.92    0.00    0.00    0.98    0.00    0.00    0.00   54.90
19:54:12      11   41.41    0.00    1.01    0.00    0.00    1.01    0.00    0.00    0.00   56.57
19:54:12      12   41.41    0.00    4.04    0.00    0.00    2.02    0.00    0.00    0.00   52.53
19:54:12      13   45.00    0.00    3.00    0.00    0.00    1.00    0.00    0.00    0.00   51.00
19:54:12      14   43.75    0.00    5.21    0.00    0.00    1.04    0.00    0.00    0.00   50.00
19:54:12      15   46.94    0.00    4.08    0.00    0.00    1.02    0.00    0.00    0.00   47.96
19:54:12      16   61.22    0.00    6.12    0.00    0.00    1.02    0.00    0.00    0.00   31.63
19:54:12      17   61.39    0.00    4.95    0.00    0.00    1.98    0.00    0.00    0.00   31.68
19:54:12      18   61.39    0.00    6.93    0.00    0.00    1.98    0.00    0.00    0.00   29.70
19:54:12      19   57.45    0.00    7.45    0.00    0.00    1.06    0.00    0.00    0.00   34.04
19:54:12      20   60.19    0.00    8.74    0.00    0.00    0.97    0.00    0.00    0.00   30.10
19:54:12      21    1.98    0.00   97.03    0.00    0.00    0.00    0.00    0.00    0.00    0.99
19:54:12      22   60.82    0.00    4.12    0.00    0.00    2.06    0.00    0.00    0.00   32.99
19:54:12      23   60.00    0.00    8.00    0.00    0.00    1.00    0.00    0.00    0.00   31.00
19:54:12      24   82.00    0.00   12.00    0.00    0.00    5.00    0.00    0.00    0.00    1.00
19:54:12      25   85.00    0.00   11.00    0.00    0.00    3.00    0.00    0.00    0.00    1.00
19:54:12      26   87.00    0.00    8.00    0.00    0.00    3.00    0.00    0.00    0.00    2.00
19:54:12      27   83.17    0.00   10.89    0.00    0.00    3.96    0.00    0.00    0.00    1.98
19:54:12      28   79.00    0.00   14.00    0.00    0.00    6.00    0.00    0.00    0.00    1.00
19:54:12      29   81.00    0.00   13.00    0.00    0.00    4.00    0.00    0.00    0.00    2.00
19:54:12      30   83.17    0.00   10.89    0.00    0.00    4.95    0.00    0.00    0.00    0.99
19:54:12      31   83.17    0.00   10.89    0.00    0.00    3.96    0.00    0.00    0.00    1.98

19:54:12     CPU    %usr   %nice    %sys %iowait    %irq   %soft  %steal  %guest  %gnice   %idle
19:54:13     all   59.49    0.00    7.54    0.00    0.00    1.91    0.00    0.00    0.00   31.07
19:54:13       0   53.68    0.00    8.42    0.00    0.00    2.11    0.00    0.00    0.00   35.79
19:54:13       1   59.05    0.00    6.67    0.00    0.00    1.90    0.00    0.00    0.00   32.38
19:54:13       2   60.00    0.00    6.00    0.00    0.00    2.00    0.00    0.00    0.00   32.00
19:54:13       3   57.14    0.00    8.16    0.00    0.00    3.06    0.00    0.00    0.00   31.63
19:54:13       4   54.90    0.00    7.84    0.00    0.00    0.98    0.00    0.00    0.00   36.27
19:54:13       5   57.14    0.00    5.10    0.00    0.00    1.02    0.00    0.00    0.00   36.73
19:54:13       6   54.90    0.00    7.84    0.00    0.00    1.96    0.00    0.00    0.00   35.29
19:54:13       7   54.84    0.00    6.45    0.00    0.00    1.08    0.00    0.00    0.00   37.63
19:54:13       8   36.84    0.00    2.11    0.00    0.00    1.05    0.00    0.00    0.00   60.00
19:54:13       9   39.00    0.00    4.00    0.00    0.00    1.00    0.00    0.00    0.00   56.00
19:54:13      10   34.41    0.00    5.38    0.00    0.00    1.08    0.00    0.00    0.00   59.14
19:54:13      11   41.18    0.00    1.96    0.00    0.00    1.96    0.00    0.00    0.00   54.90
19:54:13      12   44.33    0.00    4.12    0.00    0.00    0.00    0.00    0.00    0.00   51.55
19:54:13      13   40.00    0.00    4.21    0.00    0.00    2.11    0.00    0.00    0.00   53.68
19:54:13      14   46.15    0.00    4.81    0.00    0.00    1.92    0.00    0.00    0.00   47.12
19:54:13      15   47.00    0.00    5.00    0.00    0.00    0.00    0.00    0.00    0.00   48.00
19:54:13      16   56.57    0.00    8.08    0.00    0.00    4.04    0.00    0.00    0.00   31.31
19:54:13      17   56.84    0.00    6.32    0.00    0.00    2.11    0.00    0.00    0.00   34.74
19:54:13      18   61.86    0.00    5.15    0.00    0.00    1.03    0.00    0.00    0.00   31.96
19:54:13      19   58.51    0.00    7.45    0.00    0.00    1.06    0.00    0.00    0.00   32.98
19:54:13      20   53.06    0.00    6.12    0.00    0.00    3.06    0.00    0.00    0.00   37.76
19:54:13      21   53.76    0.00    6.45    0.00    0.00    1.08    0.00    0.00    0.00   38.71
19:54:13      22   52.08    0.00    9.38    0.00    0.00    2.08    0.00    0.00    0.00   36.46
19:54:13      23   53.06    0.00    7.14    0.00    0.00    3.06    0.00    0.00    0.00   36.73
19:54:13      24   84.00    0.00   10.00    0.00    0.00    5.00    0.00    0.00    0.00    1.00
19:54:13      25   84.85    0.00   10.10    0.00    0.00    4.04    0.00    0.00    0.00    1.01
19:54:13      26   84.85    0.00   14.14    0.00    0.00    0.00    0.00    0.00    0.00    1.01
19:54:13      27   83.00    0.00   14.00    0.00    0.00    2.00    0.00    0.00    0.00    1.00
19:54:13      28   82.00    0.00   13.00    0.00    0.00    3.00    0.00    0.00    0.00    2.00
19:54:13      29   84.16    0.00   11.88    0.00    0.00    2.97    0.00    0.00    0.00    0.99
19:54:13      30   86.00    0.00   12.00    0.00    0.00    0.00    0.00    0.00    0.00    2.00
19:54:13      31   84.54    0.00   11.34    0.00    0.00    3.09    0.00    0.00    0.00    1.03

19:54:13     CPU    %usr   %nice    %sys %iowait    %irq   %soft  %steal  %guest  %gnice   %idle
19:54:14     all   59.77    0.00    6.59    0.00    0.00    2.25    0.00    0.00    0.00   31.39
19:54:14       0   61.46    0.00    6.25    0.00    0.00    1.04    0.00    0.00    0.00   31.25
19:54:14       1   62.89    0.00    5.15    0.00    0.00    1.03    0.00    0.00    0.00   30.93
19:54:14       2   57.14    0.00    8.16    0.00    0.00    3.06    0.00    0.00    0.00   31.63
19:54:14       3   60.58    0.00    8.65    0.00    0.00    1.92    0.00    0.00    0.00   28.85
19:54:14       4   51.55    0.00    5.15    0.00    0.00    2.06    0.00    0.00    0.00   41.24
19:54:14       5   47.92    0.00    7.29    0.00    0.00    2.08    0.00    0.00    0.00   42.71
19:54:14       6   60.00    0.00    6.32    0.00    0.00    1.05    0.00    0.00    0.00   32.63
19:54:14       7   58.65    0.00    7.69    0.00    0.00    1.92    0.00    0.00    0.00   31.73
19:54:14       8   32.99    0.00    4.12    0.00    0.00    1.03    0.00    0.00    0.00   61.86
19:54:14       9   42.16    0.00    0.98    0.00    0.00    0.98    0.00    0.00    0.00   55.88
19:54:14      10   31.58    0.00    4.21    0.00    0.00    1.05    0.00    0.00    0.00   63.16
19:54:14      11   36.73    0.00    4.08    0.00    0.00    0.00    0.00    0.00    0.00   59.18
19:54:14      12   38.14    0.00    3.09    0.00    0.00    0.00    0.00    0.00    0.00   58.76
19:54:14      13   39.60    0.00    3.96    0.00    0.00    0.00    0.00    0.00    0.00   56.44
19:54:14      14   43.62    0.00    2.13    0.00    0.00    1.06    0.00    0.00    0.00   53.19
19:54:14      15   39.58    0.00    5.21    0.00    0.00    2.08    0.00    0.00    0.00   53.12
19:54:14      16   62.24    0.00    6.12    0.00    0.00    1.02    0.00    0.00    0.00   30.61
19:54:14      17   64.21    0.00    4.21    0.00    0.00    0.00    0.00    0.00    0.00   31.58
19:54:14      18   60.40    0.00    6.93    0.00    0.00    2.97    0.00    0.00    0.00   29.70
19:54:14      19   59.60    0.00    7.07    0.00    0.00    3.03    0.00    0.00    0.00   30.30
19:54:14      20   54.00    0.00    4.00    0.00    0.00    2.00    0.00    0.00    0.00   40.00
19:54:14      21   54.00    0.00    4.00    0.00    0.00    1.00    0.00    0.00    0.00   41.00
19:54:14      22   59.18    0.00    6.12    0.00    0.00    3.06    0.00    0.00    0.00   31.63
19:54:14      23   58.76    0.00    7.22    0.00    0.00    1.03    0.00    0.00    0.00   32.99
19:54:14      24   80.81    0.00   11.11    0.00    0.00    7.07    0.00    0.00    0.00    1.01
19:54:14      25   85.15    0.00    9.90    0.00    0.00    3.96    0.00    0.00    0.00    0.99
19:54:14      26   84.16    0.00    9.90    0.00    0.00    4.95    0.00    0.00    0.00    0.99
19:54:14      27   82.18    0.00   11.88    0.00    0.00    3.96    0.00    0.00    0.00    1.98
19:54:14      28   81.82    0.00   11.11    0.00    0.00    6.06    0.00    0.00    0.00    1.01
19:54:14      29   85.71    0.00   10.20    0.00    0.00    3.06    0.00    0.00    0.00    1.02
19:54:14      30   86.87    0.00    9.09    0.00    0.00    3.03    0.00    0.00    0.00    1.01
19:54:14      31   84.16    0.00    8.91    0.00    0.00    4.95    0.00    0.00    0.00    1.98

19:54:14     CPU    %usr   %nice    %sys %iowait    %irq   %soft  %steal  %guest  %gnice   %idle
19:54:15     all   60.24    0.00    6.72    0.00    0.00    2.01    0.00    0.00    0.00   31.03
19:54:15       0   55.00    0.00    8.00    0.00    0.00    2.00    0.00    0.00    0.00   35.00
19:54:15       1   57.58    0.00    5.05    0.00    0.00    2.02    0.00    0.00    0.00   35.35
19:54:15       2   56.25    0.00    7.29    0.00    0.00    2.08    0.00    0.00    0.00   34.38
19:54:15       3   61.22    0.00    5.10    0.00    0.00    0.00    0.00    0.00    0.00   33.67
19:54:15       4   54.74    0.00    8.42    0.00    0.00    1.05    0.00    0.00    0.00   35.79
19:54:15       5   58.16    0.00    5.10    0.00    0.00    2.04    0.00    0.00    0.00   34.69
19:54:15       6   60.20    0.00    8.16    0.00    0.00    0.00    0.00    0.00    0.00   31.63
19:54:15       7   60.40    0.00    8.91    0.00    0.00    0.99    0.00    0.00    0.00   29.70
19:54:15       8   36.46    0.00    3.12    0.00    0.00    2.08    0.00    0.00    0.00   58.33
19:54:15       9   37.62    0.00    1.98    0.00    0.00    0.99    0.00    0.00    0.00   59.41
19:54:15      10   40.40    0.00    4.04    0.00    0.00    1.01    0.00    0.00    0.00   54.55
19:54:15      11   37.76    0.00    2.04    0.00    0.00    2.04    0.00    0.00    0.00   58.16
19:54:15      12   36.46    0.00    2.08    0.00    0.00    1.04    0.00    0.00    0.00   60.42
19:54:15      13   36.08    0.00    2.06    0.00    0.00    1.03    0.00    0.00    0.00   60.82
19:54:15      14   45.45    0.00    4.04    0.00    0.00    1.01    0.00    0.00    0.00   49.49
19:54:15      15   41.49    0.00    3.19    0.00    0.00    2.13    0.00    0.00    0.00   53.19
19:54:15      16   58.51    0.00    4.26    0.00    0.00    1.06    0.00    0.00    0.00   36.17
19:54:15      17   56.99    0.00    5.38    0.00    0.00    1.08    0.00    0.00    0.00   36.56
19:54:15      18   59.79    0.00    6.19    0.00    0.00    0.00    0.00    0.00    0.00   34.02
19:54:15      19   58.95    0.00    5.26    0.00    0.00    2.11    0.00    0.00    0.00   33.68
19:54:15      20   52.53    0.00   10.10    0.00    0.00    3.03    0.00    0.00    0.00   34.34
19:54:15      21   57.00    0.00    9.00    0.00    0.00    2.00    0.00    0.00    0.00   32.00
19:54:15      22   63.64    0.00    5.05    0.00    0.00    1.01    0.00    0.00    0.00   30.30
19:54:15      23   61.39    0.00    6.93    0.00    0.00    2.97    0.00    0.00    0.00   28.71
19:54:15      24   84.85    0.00   10.10    0.00    0.00    5.05    0.00    0.00    0.00    0.00
19:54:15      25   82.00    0.00   12.00    0.00    0.00    5.00    0.00    0.00    0.00    1.00
19:54:15      26   86.00    0.00    9.00    0.00    0.00    3.00    0.00    0.00    0.00    2.00
19:54:15      27   84.85    0.00   11.11    0.00    0.00    3.03    0.00    0.00    0.00    1.01
19:54:15      28   87.76    0.00    8.16    0.00    0.00    3.06    0.00    0.00    0.00    1.02
19:54:15      29   82.00    0.00   13.00    0.00    0.00    4.00    0.00    0.00    0.00    1.00
19:54:15      30   84.16    0.00   11.88    0.00    0.00    2.97    0.00    0.00    0.00    0.99
19:54:15      31   87.88    0.00    8.08    0.00    0.00    3.03    0.00    0.00    0.00    1.01

19:54:15     CPU    %usr   %nice    %sys %iowait    %irq   %soft  %steal  %guest  %gnice   %idle
19:54:16     all   61.08    0.00    6.72    0.00    0.00    1.82    0.00    0.00    0.00   30.38
19:54:16       0   57.00    0.00   10.00    0.00    0.00    2.00    0.00    0.00    0.00   31.00
19:54:16       1   61.00    0.00    7.00    0.00    0.00    2.00    0.00    0.00    0.00   30.00
19:54:16       2   56.00    0.00    6.00    0.00    0.00    1.00    0.00    0.00    0.00   37.00
19:54:16       3   56.73    0.00    5.77    0.00    0.00    0.96    0.00    0.00    0.00   36.54
19:54:16       4   57.73    0.00    8.25    0.00    0.00    2.06    0.00    0.00    0.00   31.96
19:54:16       5   61.76    0.00    6.86    0.00    0.00    0.98    0.00    0.00    0.00   30.39
19:54:16       6   61.76    0.00    5.88    0.00    0.00    1.96    0.00    0.00    0.00   30.39
19:54:16       7   62.77    0.00    4.26    0.00    0.00    1.06    0.00    0.00    0.00   31.91
19:54:16       8   36.00    0.00    3.00    0.00    0.00    0.00    0.00    0.00    0.00   61.00
19:54:16       9   32.29    0.00    2.08    0.00    0.00    1.04    0.00    0.00    0.00   64.58
19:54:16      10   44.00    0.00    2.00    0.00    0.00    1.00    0.00    0.00    0.00   53.00
19:54:16      11   42.16    0.00    3.92    0.00    0.00    0.98    0.00    0.00    0.00   52.94
19:54:16      12   40.21    0.00    3.09    0.00    0.00    0.00    0.00    0.00    0.00   56.70
19:54:16      13   34.74    0.00    5.26    0.00    0.00    1.05    0.00    0.00    0.00   58.95
19:54:16      14   42.27    0.00    3.09    0.00    0.00    1.03    0.00    0.00    0.00   53.61
19:54:16      15   42.71    0.00    5.21    0.00    0.00    1.04    0.00    0.00    0.00   51.04
19:54:16      16   63.54    0.00    2.08    0.00    0.00    3.12    0.00    0.00    0.00   31.25
19:54:16      17   61.54    0.00    5.77    0.00    0.00    0.96    0.00    0.00    0.00   31.73
19:54:16      18   52.53    0.00    5.05    0.00    0.00    4.04    0.00    0.00    0.00   38.38
19:54:16      19   52.58    0.00    7.22    0.00    0.00    1.03    0.00    0.00    0.00   39.18
19:54:16      20   62.89    0.00    4.12    0.00    0.00    1.03    0.00    0.00    0.00   31.96
19:54:16      21   60.00    0.00    7.62    0.00    0.00    1.90    0.00    0.00    0.00   30.48
19:54:16      22   59.00    0.00   10.00    0.00    0.00    2.00    0.00    0.00    0.00   29.00
19:54:16      23   65.69    0.00    4.90    0.00    0.00    0.00    0.00    0.00    0.00   29.41
19:54:16      24   88.12    0.00    7.92    0.00    0.00    2.97    0.00    0.00    0.00    0.99
19:54:16      25   84.16    0.00   12.87    0.00    0.00    1.98    0.00    0.00    0.00    0.99
19:54:16      26   83.17    0.00   11.88    0.00    0.00    3.96    0.00    0.00    0.00    0.99
19:54:16      27   86.00    0.00    9.00    0.00    0.00    4.00    0.00    0.00    0.00    1.00
19:54:16      28   80.39    0.00   12.75    0.00    0.00    5.88    0.00    0.00    0.00    0.98
19:54:16      29   83.17    0.00   12.87    0.00    0.00    2.97    0.00    0.00    0.00    0.99
19:54:16      30   87.88    0.00    9.09    0.00    0.00    3.03    0.00    0.00    0.00    0.00
19:54:16      31   89.90    0.00    9.09    0.00    0.00    1.01    0.00    0.00    0.00    0.00

19:54:16     CPU    %usr   %nice    %sys %iowait    %irq   %soft  %steal  %guest  %gnice   %idle
19:54:17     all   60.38    0.00    6.70    0.00    0.00    2.17    0.00    0.00    0.00   30.75
19:54:17       0   57.14    0.00    8.16    0.00    0.00    2.04    0.00    0.00    0.00   32.65
19:54:17       1   56.99    0.00    7.53    0.00    0.00    0.00    0.00    0.00    0.00   35.48
19:54:17       2   59.79    0.00    6.19    0.00    0.00    1.03    0.00    0.00    0.00   32.99
19:54:17       3   56.99    0.00    6.45    0.00    0.00    1.08    0.00    0.00    0.00   35.48
19:54:17       4   58.95    0.00    5.26    0.00    0.00    2.11    0.00    0.00    0.00   33.68
19:54:17       5   58.59    0.00    5.05    0.00    0.00    3.03    0.00    0.00    0.00   33.33
19:54:17       6   61.05    0.00    5.26    0.00    0.00    2.11    0.00    0.00    0.00   31.58
19:54:17       7   59.00    0.00    9.00    0.00    0.00    3.00    0.00    0.00    0.00   29.00
19:54:17       8   28.71    0.00    4.95    0.00    0.00    0.99    0.00    0.00    0.00   65.35
19:54:17       9   28.87    0.00    1.03    0.00    0.00    1.03    0.00    0.00    0.00   69.07
19:54:17      10   36.08    0.00    4.12    0.00    0.00    1.03    0.00    0.00    0.00   58.76
19:54:17      11   38.78    0.00    3.06    0.00    0.00    0.00    0.00    0.00    0.00   58.16
19:54:17      12   41.51    0.00    4.72    0.00    0.00    1.89    0.00    0.00    0.00   51.89
19:54:17      13   37.50    0.00    3.12    0.00    0.00    0.00    0.00    0.00    0.00   59.38
19:54:17      14   42.86    0.00    4.40    0.00    0.00    1.10    0.00    0.00    0.00   51.65
19:54:17      15   46.39    0.00    3.09    0.00    0.00    1.03    0.00    0.00    0.00   49.48
19:54:17      16   59.18    0.00    6.12    0.00    0.00    2.04    0.00    0.00    0.00   32.65
19:54:17      17   60.82    0.00    5.15    0.00    0.00    1.03    0.00    0.00    0.00   32.99
19:54:17      18   62.63    0.00    5.05    0.00    0.00    1.01    0.00    0.00    0.00   31.31
19:54:17      19   59.60    0.00    6.06    0.00    0.00    2.02    0.00    0.00    0.00   32.32
19:54:17      20   58.00    0.00    8.00    0.00    0.00    2.00    0.00    0.00    0.00   32.00
19:54:17      21   61.46    0.00    3.12    0.00    0.00    2.08    0.00    0.00    0.00   33.33
19:54:17      22   60.82    0.00    7.22    0.00    0.00    1.03    0.00    0.00    0.00   30.93
19:54:17      23   61.22    0.00    5.10    0.00    0.00    3.06    0.00    0.00    0.00   30.61
19:54:17      24   88.12    0.00    6.93    0.00    0.00    3.96    0.00    0.00    0.00    0.99
19:54:17      25   84.00    0.00   10.00    0.00    0.00    5.00    0.00    0.00    0.00    1.00
19:54:17      26   83.67    0.00   12.24    0.00    0.00    4.08    0.00    0.00    0.00    0.00
19:54:17      27   87.00    0.00    9.00    0.00    0.00    4.00    0.00    0.00    0.00    0.00
19:54:17      28   89.90    0.00    8.08    0.00    0.00    2.02    0.00    0.00    0.00    0.00
19:54:17      29   85.00    0.00   10.00    0.00    0.00    4.00    0.00    0.00    0.00    1.00
19:54:17      30   76.77    0.00   15.15    0.00    0.00    7.07    0.00    0.00    0.00    1.01
19:54:17      31   81.19    0.00   14.85    0.00    0.00    2.97    0.00    0.00    0.00    0.99

19:54:17     CPU    %usr   %nice    %sys %iowait    %irq   %soft  %steal  %guest  %gnice   %idle
19:54:18     all   60.57    0.00    6.88    0.00    0.00    1.93    0.00    0.00    0.00   30.62
19:54:18       0   60.61    0.00    5.05    0.00    0.00    1.01    0.00    0.00    0.00   33.33
19:54:18       1   58.59    0.00    6.06    0.00    0.00    2.02    0.00    0.00    0.00   33.33
19:54:18       2   60.61    0.00    6.06    0.00    0.00    1.01    0.00    0.00    0.00   32.32
19:54:18       3   58.25    0.00    9.71    0.00    0.00    0.97    0.00    0.00    0.00   31.07
19:54:18       4   61.86    0.00    4.12    0.00    0.00    2.06    0.00    0.00    0.00   31.96
19:54:18       5   58.33    0.00    6.25    0.00    0.00    1.04    0.00    0.00    0.00   34.38
19:54:18       6   57.58    0.00    7.07    0.00    0.00    2.02    0.00    0.00    0.00   33.33
19:54:18       7   56.84    0.00    7.37    0.00    0.00    1.05    0.00    0.00    0.00   34.74
19:54:18       8   35.35    0.00    4.04    0.00    0.00    1.01    0.00    0.00    0.00   59.60
19:54:18       9   37.11    0.00    1.03    0.00    0.00    1.03    0.00    0.00    0.00   60.82
19:54:18      10   37.37    0.00    3.03    0.00    0.00    1.01    0.00    0.00    0.00   58.59
19:54:18      11   31.58    0.00    5.26    0.00    0.00    1.05    0.00    0.00    0.00   62.11
19:54:18      12   38.14    0.00    4.12    0.00    0.00    1.03    0.00    0.00    0.00   56.70
19:54:18      13   42.27    0.00    3.09    0.00    0.00    1.03    0.00    0.00    0.00   53.61
19:54:18      14   42.27    0.00    5.15    0.00    0.00    1.03    0.00    0.00    0.00   51.55
19:54:18      15   43.88    0.00    3.06    0.00    0.00    0.00    0.00    0.00    0.00   53.06
19:54:18      16   57.58    0.00    8.08    0.00    0.00    2.02    0.00    0.00    0.00   32.32
19:54:18      17   59.41    0.00    5.94    0.00    0.00    1.98    0.00    0.00    0.00   32.67
19:54:18      18   61.17    0.00    6.80    0.00    0.00    1.94    0.00    0.00    0.00   30.10
19:54:18      19   61.54    0.00    5.77    0.00    0.00    1.92    0.00    0.00    0.00   30.77
19:54:18      20   60.20    0.00    4.08    0.00    0.00    2.04    0.00    0.00    0.00   33.67
19:54:18      21   56.70    0.00    8.25    0.00    0.00    1.03    0.00    0.00    0.00   34.02
19:54:18      22   62.24    0.00    4.08    0.00    0.00    1.02    0.00    0.00    0.00   32.65
19:54:18      23   58.82    0.00    6.86    0.00    0.00    1.96    0.00    0.00    0.00   32.35
19:54:18      24   86.00    0.00    9.00    0.00    0.00    4.00    0.00    0.00    0.00    1.00
19:54:18      25   80.00    0.00   14.00    0.00    0.00    6.00    0.00    0.00    0.00    0.00
19:54:18      26   85.15    0.00    9.90    0.00    0.00    3.96    0.00    0.00    0.00    0.99
19:54:18      27   87.00    0.00    9.00    0.00    0.00    3.00    0.00    0.00    0.00    1.00
19:54:18      28   84.16    0.00    9.90    0.00    0.00    3.96    0.00    0.00    0.00    1.98
19:54:18      29   87.00    0.00   12.00    0.00    0.00    1.00    0.00    0.00    0.00    0.00
19:54:18      30   84.85    0.00   11.11    0.00    0.00    3.03    0.00    0.00    0.00    1.01
19:54:18      31   80.81    0.00   14.14    0.00    0.00    4.04    0.00    0.00    0.00    1.01

19:54:18     CPU    %usr   %nice    %sys %iowait    %irq   %soft  %steal  %guest  %gnice   %idle
19:54:19     all   60.43    0.00    7.33    0.16    0.00    1.72    0.00    0.00    0.00   30.36
19:54:19       0   58.42    0.00    7.92    0.00    0.00    1.98    0.00    0.00    0.00   31.68
19:54:19       1   59.00    0.00    7.00    0.00    0.00    2.00    0.00    0.00    0.00   32.00
19:54:19       2   62.14    0.00    5.83    0.00    0.00    1.94    0.00    0.00    0.00   30.10
19:54:19       3   56.84    0.00    8.42    0.00    0.00    2.11    0.00    0.00    0.00   32.63
19:54:19       4   64.15    0.00    5.66    0.00    0.00    0.94    0.00    0.00    0.00   29.25
19:54:19       5   60.78    0.00    7.84    0.00    0.00    0.98    0.00    0.00    0.00   30.39
19:54:19       6   55.67    0.00    9.28    0.00    0.00    1.03    0.00    0.00    0.00   34.02
19:54:19       7   59.18    0.00    8.16    0.00    0.00    0.00    0.00    0.00    0.00   32.65
19:54:19       8   26.00    0.00    0.00    0.00    0.00    1.00    0.00    0.00    0.00   73.00
19:54:19       9   25.71    0.00    5.71    4.76    0.00    0.00    0.00    0.00    0.00   63.81
19:54:19      10   37.62    0.00    3.96    0.00    0.00    0.99    0.00    0.00    0.00   57.43
19:54:19      11   35.35    0.00    4.04    0.00    0.00    1.01    0.00    0.00    0.00   59.60
19:54:19      12   42.57    0.00    5.94    0.00    0.00    0.99    0.00    0.00    0.00   50.50
19:54:19      13   43.30    0.00    1.03    0.00    0.00    1.03    0.00    0.00    0.00   54.64
19:54:19      14   44.68    0.00    7.45    0.00    0.00    1.06    0.00    0.00    0.00   46.81
19:54:19      15   49.49    0.00    4.04    0.00    0.00    2.02    0.00    0.00    0.00   44.44
19:54:19      16   60.40    0.00    6.93    0.00    0.00    0.99    0.00    0.00    0.00   31.68
19:54:19      17   59.60    0.00    6.06    0.00    0.00    1.01    0.00    0.00    0.00   33.33
19:54:19      18   59.18    0.00    6.12    0.00    0.00    1.02    0.00    0.00    0.00   33.67
19:54:19      19   59.41    0.00    8.91    0.00    0.00    0.99    0.00    0.00    0.00   30.69
19:54:19      20   60.00    0.00    8.00    0.00    0.00    1.00    0.00    0.00    0.00   31.00
19:54:19      21   59.79    0.00    6.19    0.00    0.00    0.00    0.00    0.00    0.00   34.02
19:54:19      22   59.79    0.00    7.22    0.00    0.00    0.00    0.00    0.00    0.00   32.99
19:54:19      23   59.60    0.00    4.04    0.00    0.00    3.03    0.00    0.00    0.00   33.33
19:54:19      24   81.19    0.00   14.85    0.00    0.00    1.98    0.00    0.00    0.00    1.98
19:54:19      25   81.00    0.00   14.00    0.00    0.00    3.00    0.00    0.00    0.00    2.00
19:54:19      26   84.85    0.00    8.08    0.00    0.00    6.06    0.00    0.00    0.00    1.01
19:54:19      27   83.17    0.00    9.90    0.00    0.00    5.94    0.00    0.00    0.00    0.99
19:54:19      28   85.86    0.00   10.10    0.00    0.00    3.03    0.00    0.00    0.00    1.01
19:54:19      29   85.86    0.00   10.10    0.00    0.00    3.03    0.00    0.00    0.00    1.01
19:54:19      30   87.13    0.00   10.89    0.00    0.00    1.98    0.00    0.00    0.00    0.00
19:54:19      31   85.29    0.00   10.78    0.00    0.00    2.94    0.00    0.00    0.00    0.98

19:54:19     CPU    %usr   %nice    %sys %iowait    %irq   %soft  %steal  %guest  %gnice   %idle
19:54:20     all   59.85    0.00    7.28    0.00    0.00    2.05    0.00    0.00    0.00   30.82
19:54:20       0   59.18    0.00    7.14    0.00    0.00    1.02    0.00    0.00    0.00   32.65
19:54:20       1   58.06    0.00    7.53    0.00    0.00    0.00    0.00    0.00    0.00   34.41
19:54:20       2   58.16    0.00    7.14    0.00    0.00    1.02    0.00    0.00    0.00   33.67
19:54:20       3   56.84    0.00    6.32    0.00    0.00    4.21    0.00    0.00    0.00   32.63
19:54:20       4   54.74    0.00    8.42    0.00    0.00    2.11    0.00    0.00    0.00   34.74
19:54:20       5   58.59    0.00    7.07    0.00    0.00    1.01    0.00    0.00    0.00   33.33
19:54:20       6   60.19    0.00    6.80    0.00    0.00    0.97    0.00    0.00    0.00   32.04
19:54:20       7   56.31    0.00    8.74    0.00    0.00    1.94    0.00    0.00    0.00   33.01
19:54:20       8   36.73    0.00    2.04    0.00    0.00    0.00    0.00    0.00    0.00   61.22
19:54:20       9   35.64    0.00    1.98    0.00    0.00    0.99    0.00    0.00    0.00   61.39
19:54:20      10   40.40    0.00    4.04    0.00    0.00    2.02    0.00    0.00    0.00   53.54
19:54:20      11   39.80    0.00    5.10    0.00    0.00    1.02    0.00    0.00    0.00   54.08
19:54:20      12   39.00    0.00    5.00    0.00    0.00    0.00    0.00    0.00    0.00   56.00
19:54:20      13   39.39    0.00    4.04    0.00    0.00    1.01    0.00    0.00    0.00   55.56
19:54:20      14   43.81    0.00    3.81    0.00    0.00    0.95    0.00    0.00    0.00   51.43
19:54:20      15   41.84    0.00    2.04    0.00    0.00    2.04    0.00    0.00    0.00   54.08
19:54:20      16   59.00    0.00    7.00    0.00    0.00    2.00    0.00    0.00    0.00   32.00
19:54:20      17   57.14    0.00    5.49    0.00    0.00    2.20    0.00    0.00    0.00   35.16
19:54:20      18   56.44    0.00    9.90    0.00    0.00    1.98    0.00    0.00    0.00   31.68
19:54:20      19   58.59    0.00    6.06    0.00    0.00    3.03    0.00    0.00    0.00   32.32
19:54:20      20   60.61    0.00    4.04    0.00    0.00    2.02    0.00    0.00    0.00   33.33
19:54:20      21   56.25    0.00    8.33    0.00    0.00    1.04    0.00    0.00    0.00   34.38
19:54:20      22   58.82    0.00    7.84    0.00    0.00    0.98    0.00    0.00    0.00   32.35
19:54:20      23   59.80    0.00    5.88    0.00    0.00    1.96    0.00    0.00    0.00   32.35
19:54:20      24   81.63    0.00   13.27    0.00    0.00    4.08    0.00    0.00    0.00    1.02
19:54:20      25   82.18    0.00   11.88    0.00    0.00    3.96    0.00    0.00    0.00    1.98
19:54:20      26   82.18    0.00   12.87    0.00    0.00    3.96    0.00    0.00    0.00    0.99
19:54:20      27   87.00    0.00    9.00    0.00    0.00    3.00    0.00    0.00    0.00    1.00
19:54:20      28   85.00    0.00   10.00    0.00    0.00    4.00    0.00    0.00    0.00    1.00
19:54:20      29   83.00    0.00   11.00    0.00    0.00    4.00    0.00    0.00    0.00    2.00
19:54:20      30   82.18    0.00   11.88    0.00    0.00    3.96    0.00    0.00    0.00    1.98
19:54:20      31   85.00    0.00   11.00    0.00    0.00    3.00    0.00    0.00    0.00    1.00

19:54:20     CPU    %usr   %nice    %sys %iowait    %irq   %soft  %steal  %guest  %gnice   %idle
19:54:21     all   61.22    0.00    7.18    0.00    0.00    1.54    0.00    0.00    0.00   30.06
19:54:21       0   60.20    0.00    5.10    0.00    0.00    3.06    0.00    0.00    0.00   31.63
19:54:21       1   61.76    0.00    5.88    0.00    0.00    1.96    0.00    0.00    0.00   30.39
19:54:21       2   58.16    0.00    9.18    0.00    0.00    1.02    0.00    0.00    0.00   31.63
19:54:21       3   61.39    0.00    5.94    0.00    0.00    1.98    0.00    0.00    0.00   30.69
19:54:21       4   57.00    0.00    9.00    0.00    0.00    2.00    0.00    0.00    0.00   32.00
19:54:21       5   65.35    0.00    3.96    0.00    0.00    0.00    0.00    0.00    0.00   30.69
19:54:21       6   64.36    0.00    7.92    0.00    0.00    0.99    0.00    0.00    0.00   26.73
19:54:21       7   61.46    0.00    7.29    0.00    0.00    2.08    0.00    0.00    0.00   29.17
19:54:21       8   35.64    0.00    2.97    0.00    0.00    0.00    0.00    0.00    0.00   61.39
19:54:21       9   33.00    0.00    3.00    0.00    0.00    1.00    0.00    0.00    0.00   63.00
19:54:21      10   39.80    0.00    6.12    0.00    0.00    0.00    0.00    0.00    0.00   54.08
19:54:21      11   43.88    0.00    3.06    0.00    0.00    0.00    0.00    0.00    0.00   53.06
19:54:21      12   39.36    0.00    6.38    0.00    0.00    2.13    0.00    0.00    0.00   52.13
19:54:21      13   37.50    0.00    5.21    0.00    0.00    1.04    0.00    0.00    0.00   56.25
19:54:21      14   34.00    0.00    4.00    0.00    0.00    0.00    0.00    0.00    0.00   62.00
19:54:21      15   32.99    0.00    2.06    0.00    0.00    0.00    0.00    0.00    0.00   64.95
19:54:21      16   57.89    0.00    9.47    0.00    0.00    0.00    0.00    0.00    0.00   32.63
19:54:21      17   62.75    0.00    5.88    0.00    0.00    0.00    0.00    0.00    0.00   31.37
19:54:21      18   64.58    0.00    3.12    0.00    0.00    0.00    0.00    0.00    0.00   32.29
19:54:21      19   62.38    0.00    5.94    0.00    0.00    0.99    0.00    0.00    0.00   30.69
19:54:21      20   58.82    0.00    6.86    0.00    0.00    2.94    0.00    0.00    0.00   31.37
19:54:21      21   60.00    0.00    6.32    0.00    0.00    1.05    0.00    0.00    0.00   32.63
19:54:21      22   60.61    0.00    8.08    0.00    0.00    1.01    0.00    0.00    0.00   30.30
19:54:21      23   64.36    0.00    6.93    0.00    0.00    0.00    0.00    0.00    0.00   28.71
19:54:21      24   84.16    0.00   11.88    0.00    0.00    2.97    0.00    0.00    0.00    0.99
19:54:21      25   87.88    0.00    7.07    0.00    0.00    4.04    0.00    0.00    0.00    1.01
19:54:21      26   86.00    0.00   10.00    0.00    0.00    2.00    0.00    0.00    0.00    2.00
19:54:21      27   81.00    0.00   14.00    0.00    0.00    4.00    0.00    0.00    0.00    1.00
19:54:21      28   88.00    0.00   10.00    0.00    0.00    2.00    0.00    0.00    0.00    0.00
19:54:21      29   82.18    0.00   14.85    0.00    0.00    1.98    0.00    0.00    0.00    0.99
19:54:21      30   86.00    0.00   11.00    0.00    0.00    3.00    0.00    0.00    0.00    0.00
19:54:21      31   82.18    0.00   10.89    0.00    0.00    5.94    0.00    0.00    0.00    0.99

19:54:21     CPU    %usr   %nice    %sys %iowait    %irq   %soft  %steal  %guest  %gnice   %idle
19:54:22     all   59.86    0.00    6.98    0.00    0.00    1.94    0.00    0.00    0.00   31.22
19:54:22       0   53.19    0.00    8.51    0.00    0.00    1.06    0.00    0.00    0.00   37.23
19:54:22       1   58.33    0.00    7.29    0.00    0.00    2.08    0.00    0.00    0.00   32.29
19:54:22       2   56.57    0.00    8.08    0.00    0.00    2.02    0.00    0.00    0.00   33.33
19:54:22       3   61.39    0.00    5.94    0.00    0.00    0.99    0.00    0.00    0.00   31.68
19:54:22       4   58.59    0.00    6.06    0.00    0.00    2.02    0.00    0.00    0.00   33.33
19:54:22       5   58.33    0.00    6.25    0.00    0.00    1.04    0.00    0.00    0.00   34.38
19:54:22       6   53.68    0.00    9.47    0.00    0.00    2.11    0.00    0.00    0.00   34.74
19:54:22       7   60.20    0.00    6.12    0.00    0.00    1.02    0.00    0.00    0.00   32.65
19:54:22       8   37.76    0.00    4.08    0.00    0.00    2.04    0.00    0.00    0.00   56.12
19:54:22       9   42.42    0.00    5.05    0.00    0.00    0.00    0.00    0.00    0.00   52.53
19:54:22      10   36.26    0.00    1.10    0.00    0.00    2.20    0.00    0.00    0.00   60.44
19:54:22      11   40.59    0.00    3.96    0.00    0.00    1.98    0.00    0.00    0.00   53.47
19:54:22      12   31.25    0.00    3.12    0.00    0.00    0.00    0.00    0.00    0.00   65.62
19:54:22      13   34.69    0.00    1.02    0.00    0.00    1.02    0.00    0.00    0.00   63.27
19:54:22      14   41.67    0.00    2.08    0.00    0.00    1.04    0.00    0.00    0.00   55.21
19:54:22      15   45.10    0.00    1.96    0.00    0.00    0.98    0.00    0.00    0.00   51.96
19:54:22      16   59.00    0.00    7.00    0.00    0.00    1.00    0.00    0.00    0.00   33.00
19:54:22      17   56.25    0.00    6.25    0.00    0.00    3.12    0.00    0.00    0.00   34.38
19:54:22      18   58.70    0.00    6.52    0.00    0.00    1.09    0.00    0.00    0.00   33.70
19:54:22      19   56.70    0.00    8.25    0.00    0.00    1.03    0.00    0.00    0.00   34.02
19:54:22      20   59.79    0.00    6.19    0.00    0.00    1.03    0.00    0.00    0.00   32.99
19:54:22      21   58.00    0.00    7.00    0.00    0.00    1.00    0.00    0.00    0.00   34.00
19:54:22      22   62.00    0.00    5.00    0.00    0.00    0.00    0.00    0.00    0.00   33.00
19:54:22      23   59.22    0.00    6.80    0.00    0.00    1.94    0.00    0.00    0.00   32.04
19:54:22      24   85.86    0.00   10.10    0.00    0.00    3.03    0.00    0.00    0.00    1.01
19:54:22      25   81.19    0.00   12.87    0.00    0.00    4.95    0.00    0.00    0.00    0.99
19:54:22      26   85.00    0.00   11.00    0.00    0.00    3.00    0.00    0.00    0.00    1.00
19:54:22      27   82.83    0.00   13.13    0.00    0.00    3.03    0.00    0.00    0.00    1.01
19:54:22      28   85.00    0.00   11.00    0.00    0.00    3.00    0.00    0.00    0.00    1.00
19:54:22      29   86.73    0.00    8.16    0.00    0.00    4.08    0.00    0.00    0.00    1.02
19:54:22      30   83.00    0.00   11.00    0.00    0.00    4.00    0.00    0.00    0.00    2.00
19:54:22      31   81.63    0.00   12.24    0.00    0.00    5.10    0.00    0.00    0.00    1.02

19:54:22     CPU    %usr   %nice    %sys %iowait    %irq   %soft  %steal  %guest  %gnice   %idle
19:54:23     all   59.58    0.00    7.26    0.00    0.00    1.88    0.00    0.00    0.00   31.29
19:54:23       0   58.76    0.00    5.15    0.00    0.00    2.06    0.00    0.00    0.00   34.02
19:54:23       1   59.60    0.00    5.05    0.00    0.00    2.02    0.00    0.00    0.00   33.33
19:54:23       2   62.00    0.00    6.00    0.00    0.00    0.00    0.00    0.00    0.00   32.00
19:54:23       3   56.52    0.00    8.70    0.00    0.00    1.09    0.00    0.00    0.00   33.70
19:54:23       4   58.76    0.00    5.15    0.00    0.00    1.03    0.00    0.00    0.00   35.05
19:54:23       5   55.10    0.00    8.16    0.00    0.00    2.04    0.00    0.00    0.00   34.69
19:54:23       6   59.05    0.00    5.71    0.00    0.00    1.90    0.00    0.00    0.00   33.33
19:54:23       7   61.39    0.00    4.95    0.00    0.00    0.99    0.00    0.00    0.00   32.67
19:54:23       8   38.54    0.00    3.12    0.00    0.00    0.00    0.00    0.00    0.00   58.33
19:54:23       9   36.73    0.00    5.10    0.00    0.00    0.00    0.00    0.00    0.00   58.16
19:54:23      10   30.85    0.00    4.26    0.00    0.00    0.00    0.00    0.00    0.00   64.89
19:54:23      11   33.33    0.00    4.17    0.00    0.00    0.00    0.00    0.00    0.00   62.50
19:54:23      12   42.00    0.00    5.00    0.00    0.00    0.00    0.00    0.00    0.00   53.00
19:54:23      13   41.00    0.00    4.00    0.00    0.00    1.00    0.00    0.00    0.00   54.00
19:54:23      14   41.84    0.00    3.06    0.00    0.00    2.04    0.00    0.00    0.00   53.06
19:54:23      15   38.30    0.00    6.38    0.00    0.00    1.06    0.00    0.00    0.00   54.26
19:54:23      16   54.08    0.00   10.20    0.00    0.00    1.02    0.00    0.00    0.00   34.69
19:54:23      17   60.40    0.00    5.94    0.00    0.00    0.99    0.00    0.00    0.00   32.67
19:54:23      18   54.35    0.00    8.70    0.00    0.00    2.17    0.00    0.00    0.00   34.78
19:54:23      19   60.82    0.00    6.19    0.00    0.00    1.03    0.00    0.00    0.00   31.96
19:54:23      20   56.70    0.00    7.22    0.00    0.00    1.03    0.00    0.00    0.00   35.05
19:54:23      21   58.76    0.00    5.15    0.00    0.00    2.06    0.00    0.00    0.00   34.02
19:54:23      22   59.18    0.00    5.10    0.00    0.00    2.04    0.00    0.00    0.00   33.67
19:54:23      23   56.25    0.00    6.25    0.00    0.00    1.04    0.00    0.00    0.00   36.46
19:54:23      24   81.19    0.00   12.87    0.00    0.00    5.94    0.00    0.00    0.00    0.00
19:54:23      25   83.84    0.00   12.12    0.00    0.00    3.03    0.00    0.00    0.00    1.01
19:54:23      26   87.00    0.00    9.00    0.00    0.00    3.00    0.00    0.00    0.00    1.00
19:54:23      27   84.00    0.00   11.00    0.00    0.00    3.00    0.00    0.00    0.00    2.00
19:54:23      28   81.19    0.00   11.88    0.00    0.00    4.95    0.00    0.00    0.00    1.98
19:54:23      29   84.00    0.00   11.00    0.00    0.00    4.00    0.00    0.00    0.00    1.00
19:54:23      30   84.00    0.00   12.00    0.00    0.00    3.00    0.00    0.00    0.00    1.00
19:54:23      31   80.00    0.00   13.00    0.00    0.00    6.00    0.00    0.00    0.00    1.00

19:54:23     CPU    %usr   %nice    %sys %iowait    %irq   %soft  %steal  %guest  %gnice   %idle
19:54:24     all   59.18    0.00    6.64    0.00    0.00    2.00    0.00    0.00    0.00   32.18
19:54:24       0   58.59    0.00    6.06    0.00    0.00    1.01    0.00    0.00    0.00   34.34
19:54:24       1   58.82    0.00    4.90    0.00    0.00    1.96    0.00    0.00    0.00   34.31
19:54:24       2   59.62    0.00    9.62    0.00    0.00    0.96    0.00    0.00    0.00   29.81
19:54:24       3   54.74    0.00    7.37    0.00    0.00    4.21    0.00    0.00    0.00   33.68
19:54:24       4   57.73    0.00    8.25    0.00    0.00    1.03    0.00    0.00    0.00   32.99
19:54:24       5   60.61    0.00    6.06    0.00    0.00    1.01    0.00    0.00    0.00   32.32
19:54:24       6   60.22    0.00    3.23    0.00    0.00    1.08    0.00    0.00    0.00   35.48
19:54:24       7   57.43    0.00    6.93    0.00    0.00    0.99    0.00    0.00    0.00   34.65
19:54:24       8   33.33    0.00    2.02    0.00    0.00    1.01    0.00    0.00    0.00   63.64
19:54:24       9   31.63    0.00    3.06    0.00    0.00    2.04    0.00    0.00    0.00   63.27
19:54:24      10   34.78    0.00    2.17    0.00    0.00    2.17    0.00    0.00    0.00   60.87
19:54:24      11   36.73    0.00    2.04    0.00    0.00    1.02    0.00    0.00    0.00   60.20
19:54:24      12   35.05    0.00    4.12    0.00    0.00    1.03    0.00    0.00    0.00   59.79
19:54:24      13   38.24    0.00    2.94    0.00    0.00    0.98    0.00    0.00    0.00   57.84
19:54:24      14   38.83    0.00    5.83    0.00    0.00    0.97    0.00    0.00    0.00   54.37
19:54:24      15   36.84    0.00    3.16    0.00    0.00    1.05    0.00    0.00    0.00   58.95
19:54:24      16   56.70    0.00    5.15    0.00    0.00    2.06    0.00    0.00    0.00   36.08
19:54:24      17   60.61    0.00    5.05    0.00    0.00    2.02    0.00    0.00    0.00   32.32
19:54:24      18   57.58    0.00    7.07    0.00    0.00    1.01    0.00    0.00    0.00   34.34
19:54:24      19   59.18    0.00    5.10    0.00    0.00    2.04    0.00    0.00    0.00   33.67
19:54:24      20   56.70    0.00    7.22    0.00    0.00    2.06    0.00    0.00    0.00   34.02
19:54:24      21   57.89    0.00    5.26    0.00    0.00    2.11    0.00    0.00    0.00   34.74
19:54:24      22   56.38    0.00    6.38    0.00    0.00    1.06    0.00    0.00    0.00   36.17
19:54:24      23   56.84    0.00    5.26    0.00    0.00    1.05    0.00    0.00    0.00   36.84
19:54:24      24   84.85    0.00   12.12    0.00    0.00    1.01    0.00    0.00    0.00    2.02
19:54:24      25   84.16    0.00   10.89    0.00    0.00    2.97    0.00    0.00    0.00    1.98
19:54:24      26   86.87    0.00    9.09    0.00    0.00    3.03    0.00    0.00    0.00    1.01
19:54:24      27   84.16    0.00    8.91    0.00    0.00    5.94    0.00    0.00    0.00    0.99
19:54:24      28   84.00    0.00   11.00    0.00    0.00    4.00    0.00    0.00    0.00    1.00
19:54:24      29   78.00    0.00   16.00    0.00    0.00    4.00    0.00    0.00    0.00    2.00
19:54:24      30   86.87    0.00    9.09    0.00    0.00    3.03    0.00    0.00    0.00    1.01
19:54:24      31   85.15    0.00    9.90    0.00    0.00    3.96    0.00    0.00    0.00    0.99

19:54:24     CPU    %usr   %nice    %sys %iowait    %irq   %soft  %steal  %guest  %gnice   %idle
19:54:25     all   60.57    0.00    6.87    0.00    0.00    1.99    0.00    0.00    0.00   30.57
19:54:25       0   58.00    0.00    9.00    0.00    0.00    2.00    0.00    0.00    0.00   31.00
19:54:25       1   54.84    0.00    8.60    0.00    0.00    2.15    0.00    0.00    0.00   34.41
19:54:25       2   61.39    0.00    6.93    0.00    0.00    0.00    0.00    0.00    0.00   31.68
19:54:25       3   61.39    0.00    6.93    0.00    0.00    0.99    0.00    0.00    0.00   30.69
19:54:25       4   59.79    0.00    7.22    0.00    0.00    0.00    0.00    0.00    0.00   32.99
19:54:25       5   61.00    0.00    6.00    0.00    0.00    2.00    0.00    0.00    0.00   31.00
19:54:25       6   60.82    0.00    4.12    0.00    0.00    2.06    0.00    0.00    0.00   32.99
19:54:25       7   56.00    0.00    8.00    0.00    0.00    3.00    0.00    0.00    0.00   33.00
19:54:25       8   42.86    0.00    5.10    0.00    0.00    3.06    0.00    0.00    0.00   48.98
19:54:25       9   45.45    0.00    5.05    0.00    0.00    0.00    0.00    0.00    0.00   49.49
19:54:25      10   36.36    0.00    5.05    0.00    0.00    1.01    0.00    0.00    0.00   57.58
19:54:25      11   31.52    0.00    3.26    0.00    0.00    1.09    0.00    0.00    0.00   64.13
19:54:25      12   32.00    0.00    3.00    0.00    0.00    1.00    0.00    0.00    0.00   64.00
19:54:25      13   29.90    0.00    3.09    0.00    0.00    2.06    0.00    0.00    0.00   64.95
19:54:25      14   38.14    0.00    2.06    0.00    0.00    1.03    0.00    0.00    0.00   58.76
19:54:25      15   39.58    0.00    4.17    0.00    0.00    0.00    0.00    0.00    0.00   56.25
19:54:25      16   59.60    0.00    6.06    0.00    0.00    3.03    0.00    0.00    0.00   31.31
19:54:25      17   60.61    0.00    5.05    0.00    0.00    1.01    0.00    0.00    0.00   33.33
19:54:25      18   62.38    0.00    5.94    0.00    0.00    0.99    0.00    0.00    0.00   30.69
19:54:25      19   61.39    0.00    6.93    0.00    0.00    0.99    0.00    0.00    0.00   30.69
19:54:25      20   54.26    0.00    9.57    0.00    0.00    2.13    0.00    0.00    0.00   34.04
19:54:25      21   61.86    0.00    5.15    0.00    0.00    1.03    0.00    0.00    0.00   31.96
19:54:25      22   61.00    0.00    7.00    0.00    0.00    1.00    0.00    0.00    0.00   31.00
19:54:25      23   60.78    0.00    4.90    0.00    0.00    2.94    0.00    0.00    0.00   31.37
19:54:25      24   85.15    0.00    9.90    0.00    0.00    3.96    0.00    0.00    0.00    0.99
19:54:25      25   86.14    0.00   10.89    0.00    0.00    2.97    0.00    0.00    0.00    0.00
19:54:25      26   85.00    0.00   11.00    0.00    0.00    3.00    0.00    0.00    0.00    1.00
19:54:25      27   82.83    0.00   10.10    0.00    0.00    5.05    0.00    0.00    0.00    2.02
19:54:25      28   84.00    0.00   10.00    0.00    0.00    5.00    0.00    0.00    0.00    1.00
19:54:25      29   88.00    0.00    8.00    0.00    0.00    3.00    0.00    0.00    0.00    1.00
19:54:25      30   85.86    0.00   10.10    0.00    0.00    3.03    0.00    0.00    0.00    1.01
19:54:25      31   84.00    0.00   11.00    0.00    0.00    3.00    0.00    0.00    0.00    2.00

19:54:25     CPU    %usr   %nice    %sys %iowait    %irq   %soft  %steal  %guest  %gnice   %idle
19:54:26     all   59.41    0.00    7.49    0.00    0.00    1.97    0.00    0.00    0.00   31.13
19:54:26       0   58.16    0.00    6.12    0.00    0.00    1.02    0.00    0.00    0.00   34.69
19:54:26       1   57.73    0.00    6.19    0.00    0.00    1.03    0.00    0.00    0.00   35.05
19:54:26       2   64.00    0.00    4.00    0.00    0.00    1.00    0.00    0.00    0.00   31.00
19:54:26       3   59.79    0.00    7.22    0.00    0.00    1.03    0.00    0.00    0.00   31.96
19:54:26       4   55.91    0.00    4.30    0.00    0.00    2.15    0.00    0.00    0.00   37.63
19:54:26       5   57.14    0.00    4.40    0.00    0.00    2.20    0.00    0.00    0.00   36.26
19:54:26       6   62.14    0.00    4.85    0.00    0.00    1.94    0.00    0.00    0.00   31.07
19:54:26       7   54.74    0.00    7.37    0.00    0.00    2.11    0.00    0.00    0.00   35.79
19:54:26       8   39.60    0.00    3.96    0.00    0.00    0.00    0.00    0.00    0.00   56.44
19:54:26       9   37.76    0.00    5.10    0.00    0.00    1.02    0.00    0.00    0.00   56.12
19:54:26      10   41.75    0.00    5.83    0.00    0.00    0.97    0.00    0.00    0.00   51.46
19:54:26      11   39.80    0.00    3.06    0.00    0.00    2.04    0.00    0.00    0.00   55.10
19:54:26      12   32.63    0.00    4.21    0.00    0.00    2.11    0.00    0.00    0.00   61.05
19:54:26      13   33.70    0.00    4.35    0.00    0.00    1.09    0.00    0.00    0.00   60.87
19:54:26      14   34.41    0.00    4.30    0.00    0.00    1.08    0.00    0.00    0.00   60.22
19:54:26      15   40.59    0.00    4.95    0.00    0.00    0.99    0.00    0.00    0.00   53.47
19:54:26      16   58.33    0.00    3.12    0.00    0.00    3.12    0.00    0.00    0.00   35.42
19:54:26      17   56.57    0.00   10.10    0.00    0.00    1.01    0.00    0.00    0.00   32.32
19:54:26      18   59.41    0.00    5.94    0.00    0.00    1.98    0.00    0.00    0.00   32.67
19:54:26      19   60.40    0.00    6.93    0.00    0.00    1.98    0.00    0.00    0.00   30.69
19:54:26      20   55.00    0.00    9.00    0.00    0.00    2.00    0.00    0.00    0.00   34.00
19:54:26      21   55.88    0.00    7.84    0.00    0.00    1.96    0.00    0.00    0.00   34.31
19:54:26      22   55.88    0.00   10.78    0.00    0.00    0.98    0.00    0.00    0.00   32.35
19:54:26      23   57.89    0.00    6.32    0.00    0.00    1.05    0.00    0.00    0.00   34.74
19:54:26      24   86.87    0.00   10.10    0.00    0.00    2.02    0.00    0.00    0.00    1.01
19:54:26      25   83.17    0.00   11.88    0.00    0.00    2.97    0.00    0.00    0.00    1.98
19:54:26      26   87.00    0.00   10.00    0.00    0.00    2.00    0.00    0.00    0.00    1.00
19:54:26      27   80.00    0.00   14.00    0.00    0.00    5.00    0.00    0.00    0.00    1.00
19:54:26      28   86.14    0.00    9.90    0.00    0.00    2.97    0.00    0.00    0.00    0.99
19:54:26      29   80.00    0.00   15.00    0.00    0.00    4.00    0.00    0.00    0.00    1.00
19:54:26      30   79.80    0.00   15.15    0.00    0.00    4.04    0.00    0.00    0.00    1.01
19:54:26      31   83.00    0.00   12.00    0.00    0.00    4.00    0.00    0.00    0.00    1.00

19:54:26     CPU    %usr   %nice    %sys %iowait    %irq   %soft  %steal  %guest  %gnice   %idle
19:54:27     all   59.89    0.00    6.98    0.00    0.00    1.93    0.00    0.00    0.00   31.21
19:54:27       0   59.60    0.00    7.07    0.00    0.00    2.02    0.00    0.00    0.00   31.31
19:54:27       1   59.18    0.00    5.10    0.00    0.00    2.04    0.00    0.00    0.00   33.67
19:54:27       2   55.88    0.00    8.82    0.00    0.00    0.98    0.00    0.00    0.00   34.31
19:54:27       3   59.14    0.00    4.30    0.00    0.00    1.08    0.00    0.00    0.00   35.48
19:54:27       4   58.59    0.00    7.07    0.00    0.00    0.00    0.00    0.00    0.00   34.34
19:54:27       5   60.40    0.00    5.94    0.00    0.00    0.00    0.00    0.00    0.00   33.66
19:54:27       6   55.10    0.00    8.16    0.00    0.00    1.02    0.00    0.00    0.00   35.71
19:54:27       7   58.00    0.00    5.00    0.00    0.00    3.00    0.00    0.00    0.00   34.00
19:54:27       8   36.67    0.00    3.33    0.00    0.00    1.11    0.00    0.00    0.00   58.89
19:54:27       9   41.58    0.00    3.96    0.00    0.00    0.00    0.00    0.00    0.00   54.46
19:54:27      10   42.72    0.00    3.88    0.00    0.00    0.00    0.00    0.00    0.00   53.40
19:54:27      11   38.54    0.00    4.17    0.00    0.00    1.04    0.00    0.00    0.00   56.25
19:54:27      12   39.22    0.00    3.92    0.00    0.00    0.00    0.00    0.00    0.00   56.86
19:54:27      13   38.38    0.00    4.04    0.00    0.00    1.01    0.00    0.00    0.00   56.57
19:54:27      14   42.00    0.00    2.00    0.00    0.00    1.00    0.00    0.00    0.00   55.00
19:54:27      15   37.63    0.00    4.30    0.00    0.00    0.00    0.00    0.00    0.00   58.06
19:54:27      16   55.56    0.00    7.07    0.00    0.00    4.04    0.00    0.00    0.00   33.33
19:54:27      17   55.21    0.00    7.29    0.00    0.00    2.08    0.00    0.00    0.00   35.42
19:54:27      18   61.39    0.00    3.96    0.00    0.00    1.98    0.00    0.00    0.00   32.67
19:54:27      19   53.47    0.00   11.88    0.00    0.00    1.98    0.00    0.00    0.00   32.67
19:54:27      20   62.24    0.00    3.06    0.00    0.00    1.02    0.00    0.00    0.00   33.67
19:54:27      21   58.76    0.00    6.19    0.00    0.00    1.03    0.00    0.00    0.00   34.02
19:54:27      22   59.18    0.00    6.12    0.00    0.00    0.00    0.00    0.00    0.00   34.69
19:54:27      23   56.86    0.00    7.84    0.00    0.00    0.98    0.00    0.00    0.00   34.31
19:54:27      24   81.19    0.00   11.88    0.00    0.00    4.95    0.00    0.00    0.00    1.98
19:54:27      25   83.00    0.00   13.00    0.00    0.00    3.00    0.00    0.00    0.00    1.00
19:54:27      26   86.00    0.00    9.00    0.00    0.00    3.00    0.00    0.00    0.00    2.00
19:54:27      27   83.00    0.00   10.00    0.00    0.00    6.00    0.00    0.00    0.00    1.00
19:54:27      28   83.84    0.00   10.10    0.00    0.00    5.05    0.00    0.00    0.00    1.01
19:54:27      29   82.18    0.00   12.87    0.00    0.00    2.97    0.00    0.00    0.00    1.98
19:54:27      30   86.00    0.00    9.00    0.00    0.00    4.00    0.00    0.00    0.00    1.00
19:54:27      31   81.82    0.00   12.12    0.00    0.00    5.05    0.00    0.00    0.00    1.01

19:54:27     CPU    %usr   %nice    %sys %iowait    %irq   %soft  %steal  %guest  %gnice   %idle
19:54:28     all   60.30    0.00    6.84    0.00    0.00    1.84    0.00    0.00    0.00   31.02
19:54:28       0   59.38    0.00    6.25    0.00    0.00    2.08    0.00    0.00    0.00   32.29
19:54:28       1   58.16    0.00    7.14    0.00    0.00    2.04    0.00    0.00    0.00   32.65
19:54:28       2   58.16    0.00    6.12    0.00    0.00    2.04    0.00    0.00    0.00   33.67
19:54:28       3   59.41    0.00    6.93    0.00    0.00    0.99    0.00    0.00    0.00   32.67
19:54:28       4   58.00    0.00    9.00    0.00    0.00    2.00    0.00    0.00    0.00   31.00
19:54:28       5   57.43    0.00    7.92    0.00    0.00    1.98    0.00    0.00    0.00   32.67
19:54:28       6   60.61    0.00    4.04    0.00    0.00    1.01    0.00    0.00    0.00   34.34
19:54:28       7   59.14    0.00    4.30    0.00    0.00    1.08    0.00    0.00    0.00   35.48
19:54:28       8   33.67    0.00    6.12    0.00    0.00    0.00    0.00    0.00    0.00   60.20
19:54:28       9   38.00    0.00    4.00    0.00    0.00    1.00    0.00    0.00    0.00   57.00
19:54:28      10   39.18    0.00    2.06    0.00    0.00    0.00    0.00    0.00    0.00   58.76
19:54:28      11   41.00    0.00    4.00    0.00    0.00    0.00    0.00    0.00    0.00   55.00
19:54:28      12   37.76    0.00    2.04    0.00    0.00    0.00    0.00    0.00    0.00   60.20
19:54:28      13   32.29    0.00    4.17    0.00    0.00    1.04    0.00    0.00    0.00   62.50
19:54:28      14   44.44    0.00    4.04    0.00    0.00    1.01    0.00    0.00    0.00   50.51
19:54:28      15   43.16    0.00    6.32    0.00    0.00    0.00    0.00    0.00    0.00   50.53
19:54:28      16   59.18    0.00    7.14    0.00    0.00    1.02    0.00    0.00    0.00   32.65
19:54:28      17   62.24    0.00    5.10    0.00    0.00    1.02    0.00    0.00    0.00   31.63
19:54:28      18   57.58    0.00    6.06    0.00    0.00    2.02    0.00    0.00    0.00   34.34
19:54:28      19   57.29    0.00    7.29    0.00    0.00    0.00    0.00    0.00    0.00   35.42
19:54:28      20   59.60    0.00    6.06    0.00    0.00    1.01    0.00    0.00    0.00   33.33
19:54:28      21   60.00    0.00    5.00    0.00    0.00    2.00    0.00    0.00    0.00   33.00
19:54:28      22   55.56    0.00    8.08    0.00    0.00    2.02    0.00    0.00    0.00   34.34
19:54:28      23   57.89    0.00    5.26    0.00    0.00    2.11    0.00    0.00    0.00   34.74
19:54:28      24   86.00    0.00    9.00    0.00    0.00    4.00    0.00    0.00    0.00    1.00
19:54:28      25   88.12    0.00    5.94    0.00    0.00    3.96    0.00    0.00    0.00    1.98
19:54:28      26   83.00    0.00   13.00    0.00    0.00    3.00    0.00    0.00    0.00    1.00
19:54:28      27   86.87    0.00    8.08    0.00    0.00    3.03    0.00    0.00    0.00    2.02
19:54:28      28   80.20    0.00   13.86    0.00    0.00    4.95    0.00    0.00    0.00    0.99
19:54:28      29   85.00    0.00   10.00    0.00    0.00    4.00    0.00    0.00    0.00    1.00
19:54:28      30   83.17    0.00   11.88    0.00    0.00    3.96    0.00    0.00    0.00    0.99
19:54:28      31   83.17    0.00   11.88    0.00    0.00    3.96    0.00    0.00    0.00    0.99

19:54:28     CPU    %usr   %nice    %sys %iowait    %irq   %soft  %steal  %guest  %gnice   %idle
19:54:29     all   59.89    0.00    7.12    0.00    0.00    1.92    0.00    0.00    0.00   31.08
19:54:29       0   57.00    0.00    9.00    0.00    0.00    2.00    0.00    0.00    0.00   32.00
19:54:29       1   60.00    0.00    6.32    0.00    0.00    1.05    0.00    0.00    0.00   32.63
19:54:29       2   60.64    0.00    4.26    0.00    0.00    1.06    0.00    0.00    0.00   34.04
19:54:29       3   55.21    0.00    8.33    0.00    0.00    2.08    0.00    0.00    0.00   34.38
19:54:29       4   58.33    0.00    6.25    0.00    0.00    2.08    0.00    0.00    0.00   33.33
19:54:29       5   60.20    0.00    6.12    0.00    0.00    0.00    0.00    0.00    0.00   33.67
19:54:29       6   60.40    0.00    5.94    0.00    0.00    1.98    0.00    0.00    0.00   31.68
19:54:29       7   59.18    0.00    4.08    0.00    0.00    2.04    0.00    0.00    0.00   34.69
19:54:29       8   36.08    0.00    4.12    0.00    0.00    1.03    0.00    0.00    0.00   58.76
19:54:29       9   36.46    0.00    4.17    0.00    0.00    0.00    0.00    0.00    0.00   59.38
19:54:29      10   39.62    0.00    5.66    0.00    0.00    1.89    0.00    0.00    0.00   52.83
19:54:29      11   42.42    0.00    2.02    0.00    0.00    0.00    0.00    0.00    0.00   55.56
19:54:29      12   39.18    0.00    3.09    0.00    0.00    0.00    0.00    0.00    0.00   57.73
19:54:29      13   36.84    0.00    3.16    0.00    0.00    0.00    0.00    0.00    0.00   60.00
19:54:29      14   41.67    0.00    3.12    0.00    0.00    0.00    0.00    0.00    0.00   55.21
19:54:29      15   41.00    0.00    5.00    0.00    0.00    2.00    0.00    0.00    0.00   52.00
19:54:29      16   57.58    0.00    8.08    0.00    0.00    1.01    0.00    0.00    0.00   33.33
19:54:29      17   56.70    0.00    7.22    0.00    0.00    2.06    0.00    0.00    0.00   34.02
19:54:29      18   58.76    0.00    6.19    0.00    0.00    1.03    0.00    0.00    0.00   34.02
19:54:29      19   57.73    0.00    7.22    0.00    0.00    2.06    0.00    0.00    0.00   32.99
19:54:29      20   55.67    0.00    8.25    0.00    0.00    2.06    0.00    0.00    0.00   34.02
19:54:29      21   57.73    0.00    6.19    0.00    0.00    1.03    0.00    0.00    0.00   35.05
19:54:29      22   60.00    0.00    4.21    0.00    0.00    1.05    0.00    0.00    0.00   34.74
19:54:29      23   56.99    0.00    6.45    0.00    0.00    0.00    0.00    0.00    0.00   36.56
19:54:29      24   81.82    0.00   13.13    0.00    0.00    4.04    0.00    0.00    0.00    1.01
19:54:29      25   85.00    0.00   12.00    0.00    0.00    3.00    0.00    0.00    0.00    0.00
19:54:29      26   83.00    0.00   11.00    0.00    0.00    5.00    0.00    0.00    0.00    1.00
19:54:29      27   78.22    0.00   13.86    0.00    0.00    6.93    0.00    0.00    0.00    0.99
19:54:29      28   84.69    0.00   11.22    0.00    0.00    3.06    0.00    0.00    0.00    1.02
19:54:29      29   84.85    0.00   12.12    0.00    0.00    2.02    0.00    0.00    0.00    1.01
19:54:29      30   84.85    0.00    8.08    0.00    0.00    6.06    0.00    0.00    0.00    1.01
19:54:29      31   85.86    0.00   11.11    0.00    0.00    3.03    0.00    0.00    0.00    0.00

19:54:29     CPU    %usr   %nice    %sys %iowait    %irq   %soft  %steal  %guest  %gnice   %idle
19:54:30     all   60.40    0.00    6.94    0.00    0.00    1.75    0.00    0.00    0.00   30.90
19:54:30       0   61.62    0.00    7.07    0.00    0.00    2.02    0.00    0.00    0.00   29.29
19:54:30       1   58.06    0.00    6.45    0.00    0.00    2.15    0.00    0.00    0.00   33.33
19:54:30       2   60.20    0.00    5.10    0.00    0.00    0.00    0.00    0.00    0.00   34.69
19:54:30       3   55.67    0.00    8.25    0.00    0.00    1.03    0.00    0.00    0.00   35.05
19:54:30       4   56.25    0.00    6.25    0.00    0.00    1.04    0.00    0.00    0.00   36.46
19:54:30       5   58.82    0.00    4.90    0.00    0.00    1.96    0.00    0.00    0.00   34.31
19:54:30       6   63.54    0.00    3.12    0.00    0.00    1.04    0.00    0.00    0.00   32.29
19:54:30       7   63.81    0.00    6.67    0.00    0.00    0.95    0.00    0.00    0.00   28.57
19:54:30       8   38.78    0.00    5.10    0.00    0.00    1.02    0.00    0.00    0.00   55.10
19:54:30       9   39.39    0.00    4.04    0.00    0.00    2.02    0.00    0.00    0.00   54.55
19:54:30      10   37.23    0.00    3.19    0.00    0.00    0.00    0.00    0.00    0.00   59.57
19:54:30      11   37.89    0.00    4.21    0.00    0.00    1.05    0.00    0.00    0.00   56.84
19:54:30      12   42.00    0.00    4.00    0.00    0.00    2.00    0.00    0.00    0.00   52.00
19:54:30      13   41.75    0.00    4.85    0.00    0.00    1.94    0.00    0.00    0.00   51.46
19:54:30      14   33.33    0.00    2.08    0.00    0.00    2.08    0.00    0.00    0.00   62.50
19:54:30      15   35.42    0.00    4.17    0.00    0.00    0.00    0.00    0.00    0.00   60.42
19:54:30      16   61.62    0.00    6.06    0.00    0.00    2.02    0.00    0.00    0.00   30.30
19:54:30      17   61.86    0.00    8.25    0.00    0.00    0.00    0.00    0.00    0.00   29.90
19:54:30      18   56.70    0.00    5.15    0.00    0.00    2.06    0.00    0.00    0.00   36.08
19:54:30      19   56.84    0.00    5.26    0.00    0.00    1.05    0.00    0.00    0.00   36.84
19:54:30      20   58.76    0.00    4.12    0.00    0.00    1.03    0.00    0.00    0.00   36.08
19:54:30      21   53.19    0.00    7.45    0.00    0.00    1.06    0.00    0.00    0.00   38.30
19:54:30      22   57.14    0.00    8.16    0.00    0.00    4.08    0.00    0.00    0.00   30.61
19:54:30      23   58.16    0.00    8.16    0.00    0.00    2.04    0.00    0.00    0.00   31.63
19:54:30      24   83.00    0.00   12.00    0.00    0.00    4.00    0.00    0.00    0.00    1.00
19:54:30      25   86.87    0.00    9.09    0.00    0.00    2.02    0.00    0.00    0.00    2.02
19:54:30      26   86.73    0.00    9.18    0.00    0.00    3.06    0.00    0.00    0.00    1.02
19:54:30      27   82.65    0.00   12.24    0.00    0.00    4.08    0.00    0.00    0.00    1.02
19:54:30      28   83.33    0.00   11.76    0.00    0.00    3.92    0.00    0.00    0.00    0.98
19:54:30      29   87.13    0.00   10.89    0.00    0.00    0.99    0.00    0.00    0.00    0.99
19:54:30      30   84.00    0.00   12.00    0.00    0.00    3.00    0.00    0.00    0.00    1.00
19:54:30      31   85.86    0.00   12.12    0.00    0.00    1.01    0.00    0.00    0.00    1.01

19:54:30     CPU    %usr   %nice    %sys %iowait    %irq   %soft  %steal  %guest  %gnice   %idle
19:54:31     all   60.31    0.00    6.60    0.00    0.00    2.12    0.00    0.00    0.00   30.98
19:54:31       0   57.58    0.00    6.06    0.00    0.00    2.02    0.00    0.00    0.00   34.34
19:54:31       1   60.61    0.00    4.04    0.00    0.00    2.02    0.00    0.00    0.00   33.33
19:54:31       2   56.84    0.00    6.32    0.00    0.00    1.05    0.00    0.00    0.00   35.79
19:54:31       3   55.10    0.00    8.16    0.00    0.00    2.04    0.00    0.00    0.00   34.69
19:54:31       4   64.15    0.00    2.83    0.00    0.00    1.89    0.00    0.00    0.00   31.13
19:54:31       5   58.82    0.00    6.86    0.00    0.00    0.98    0.00    0.00    0.00   33.33
19:54:31       6   58.59    0.00    7.07    0.00    0.00    2.02    0.00    0.00    0.00   32.32
19:54:31       7   63.27    0.00    5.10    0.00    0.00    1.02    0.00    0.00    0.00   30.61
19:54:31       8   37.76    0.00    3.06    0.00    0.00    1.02    0.00    0.00    0.00   58.16
19:54:31       9   42.57    0.00    2.97    0.00    0.00    1.98    0.00    0.00    0.00   52.48
19:54:31      10   28.87    0.00    3.09    0.00    0.00    1.03    0.00    0.00    0.00   67.01
19:54:31      11   28.72    0.00    2.13    0.00    0.00    1.06    0.00    0.00    0.00   68.09
19:54:31      12   40.21    0.00    3.09    0.00    0.00    3.09    0.00    0.00    0.00   53.61
19:54:31      13   42.86    0.00    2.04    0.00    0.00    1.02    0.00    0.00    0.00   54.08
19:54:31      14   42.55    0.00    3.19    0.00    0.00    1.06    0.00    0.00    0.00   53.19
19:54:31      15   41.67    0.00    2.08    0.00    0.00    1.04    0.00    0.00    0.00   55.21
19:54:31      16   57.45    0.00    5.32    0.00    0.00    3.19    0.00    0.00    0.00   34.04
19:54:31      17   56.57    0.00    7.07    0.00    0.00    3.03    0.00    0.00    0.00   33.33
19:54:31      18   57.28    0.00    7.77    0.00    0.00    1.94    0.00    0.00    0.00   33.01
19:54:31      19   57.84    0.00    8.82    0.00    0.00    0.98    0.00    0.00    0.00   32.35
19:54:31      20   55.43    0.00    6.52    0.00    0.00    2.17    0.00    0.00    0.00   35.87
19:54:31      21   61.17    0.00    5.83    0.00    0.00    1.94    0.00    0.00    0.00   31.07
19:54:31      22   60.00    0.00    6.00    0.00    0.00    2.00    0.00    0.00    0.00   32.00
19:54:31      23   61.00    0.00    5.00    0.00    0.00    1.00    0.00    0.00    0.00   33.00
19:54:31      24   80.00    0.00   16.00    0.00    0.00    3.00    0.00    0.00    0.00    1.00
19:54:31      25   83.00    0.00   12.00    0.00    0.00    4.00    0.00    0.00    0.00    1.00
19:54:31      26   86.27    0.00    8.82    0.00    0.00    3.92    0.00    0.00    0.00    0.98
19:54:31      27   82.00    0.00   14.00    0.00    0.00    3.00    0.00    0.00    0.00    1.00
19:54:31      28   84.00    0.00   13.00    0.00    0.00    2.00    0.00    0.00    0.00    1.00
19:54:31      29   88.00    0.00    8.00    0.00    0.00    3.00    0.00    0.00    0.00    1.00
19:54:31      30   88.00    0.00    8.00    0.00    0.00    3.00    0.00    0.00    0.00    1.00
19:54:31      31   84.16    0.00    9.90    0.00    0.00    4.95    0.00    0.00    0.00    0.99

19:54:31     CPU    %usr   %nice    %sys %iowait    %irq   %soft  %steal  %guest  %gnice   %idle
19:54:32     all   59.69    0.00    7.18    0.00    0.00    2.19    0.00    0.00    0.00   30.93
19:54:32       0   64.58    0.00    5.21    0.00    0.00    1.04    0.00    0.00    0.00   29.17
19:54:32       1   63.00    0.00    6.00    0.00    0.00    0.00    0.00    0.00    0.00   31.00
19:54:32       2   51.58    0.00    6.32    0.00    0.00    2.11    0.00    0.00    0.00   40.00
19:54:32       3   51.04    0.00    9.38    0.00    0.00    1.04    0.00    0.00    0.00   38.54
19:54:32       4   57.14    0.00    8.16    0.00    0.00    1.02    0.00    0.00    0.00   33.67
19:54:32       5   57.84    0.00    7.84    0.00    0.00    1.96    0.00    0.00    0.00   32.35
19:54:32       6   63.00    0.00    6.00    0.00    0.00    1.00    0.00    0.00    0.00   30.00
19:54:32       7   64.08    0.00    5.83    0.00    0.00    1.94    0.00    0.00    0.00   28.16
19:54:32       8   34.38    0.00    4.17    0.00    0.00    0.00    0.00    0.00    0.00   61.46
19:54:32       9   33.70    0.00    3.26    0.00    0.00    1.09    0.00    0.00    0.00   61.96
19:54:32      10   40.20    0.00    2.94    0.00    0.00    1.96    0.00    0.00    0.00   54.90
19:54:32      11   34.38    0.00    2.08    0.00    0.00    2.08    0.00    0.00    0.00   61.46
19:54:32      12   39.80    0.00    5.10    0.00    0.00    1.02    0.00    0.00    0.00   54.08
19:54:32      13   43.00    0.00    3.00    0.00    0.00    1.00    0.00    0.00    0.00   53.00
19:54:32      14   37.89    0.00    5.26    0.00    0.00    1.05    0.00    0.00    0.00   55.79
19:54:32      15   42.57    0.00    5.94    0.00    0.00    0.00    0.00    0.00    0.00   51.49
19:54:32      16   58.76    0.00    7.22    0.00    0.00    1.03    0.00    0.00    0.00   32.99
19:54:32      17   55.79    0.00    7.37    0.00    0.00    3.16    0.00    0.00    0.00   33.68
19:54:32      18   49.47    0.00    7.37    0.00    0.00    3.16    0.00    0.00    0.00   40.00
19:54:32      19   51.00    0.00    9.00    0.00    0.00    1.00    0.00    0.00    0.00   39.00
19:54:32      20   55.32    0.00    6.38    0.00    0.00    3.19    0.00    0.00    0.00   35.11
19:54:32      21   59.60    0.00    7.07    0.00    0.00    0.00    0.00    0.00    0.00   33.33
19:54:32      22   61.00    0.00    8.00    0.00    0.00    3.00    0.00    0.00    0.00   28.00
19:54:32      23   64.00    0.00    5.00    0.00    0.00    1.00    0.00    0.00    0.00   30.00
19:54:32      24   82.83    0.00   11.11    0.00    0.00    5.05    0.00    0.00    0.00    1.01
19:54:32      25   83.00    0.00   12.00    0.00    0.00    4.00    0.00    0.00    0.00    1.00
19:54:32      26   83.84    0.00   11.11    0.00    0.00    4.04    0.00    0.00    0.00    1.01
19:54:32      27   82.00    0.00   12.00    0.00    0.00    6.00    0.00    0.00    0.00    0.00
19:54:32      28   86.87    0.00    8.08    0.00    0.00    4.04    0.00    0.00    0.00    1.01
19:54:32      29   80.00    0.00   13.00    0.00    0.00    6.00    0.00    0.00    0.00    1.00
19:54:32      30   86.87    0.00    8.08    0.00    0.00    4.04    0.00    0.00    0.00    1.01
19:54:32      31   86.00    0.00   10.00    0.00    0.00    3.00    0.00    0.00    0.00    1.00

19:54:32     CPU    %usr   %nice    %sys %iowait    %irq   %soft  %steal  %guest  %gnice   %idle
19:54:33     all   60.38    0.00    6.59    0.00    0.00    1.81    0.00    0.00    0.00   31.22
19:54:33       0   51.06    0.00    8.51    0.00    0.00    3.19    0.00    0.00    0.00   37.23
19:54:33       1   54.64    0.00    8.25    0.00    0.00    1.03    0.00    0.00    0.00   36.08
19:54:33       2   55.91    0.00    6.45    0.00    0.00    1.08    0.00    0.00    0.00   36.56
19:54:33       3   57.29    0.00    5.21    0.00    0.00    0.00    0.00    0.00    0.00   37.50
19:54:33       4   59.79    0.00    6.19    0.00    0.00    2.06    0.00    0.00    0.00   31.96
19:54:33       5   56.70    0.00    9.28    0.00    0.00    2.06    0.00    0.00    0.00   31.96
19:54:33       6   62.63    0.00    6.06    0.00    0.00    1.01    0.00    0.00    0.00   30.30
19:54:33       7   58.76    0.00    8.25    0.00    0.00    1.03    0.00    0.00    0.00   31.96
19:54:33       8   37.50    0.00    6.25    0.00    0.00    2.08    0.00    0.00    0.00   54.17
19:54:33       9   42.86    0.00    2.86    0.00    0.00    1.90    0.00    0.00    0.00   52.38
19:54:33      10   37.76    0.00    3.06    0.00    0.00    0.00    0.00    0.00    0.00   59.18
19:54:33      11   37.11    0.00    6.19    0.00    0.00    0.00    0.00    0.00    0.00   56.70
19:54:33      12   39.22    0.00    2.94    0.00    0.00    1.96    0.00    0.00    0.00   55.88
19:54:33      13   38.38    0.00    3.03    0.00    0.00    1.01    0.00    0.00    0.00   57.58
19:54:33      14   39.60    0.00    3.96    0.00    0.00    0.99    0.00    0.00    0.00   55.45
19:54:33      15   40.00    0.00    3.00    0.00    0.00    1.00    0.00    0.00    0.00   56.00
19:54:33      16   59.60    0.00    4.04    0.00    0.00    2.02    0.00    0.00    0.00   34.34
19:54:33      17   56.52    0.00    7.61    0.00    0.00    0.00    0.00    0.00    0.00   35.87
19:54:33      18   53.85    0.00    8.79    0.00    0.00    0.00    0.00    0.00    0.00   37.36
19:54:33      19   59.18    0.00    5.10    0.00    0.00    0.00    0.00    0.00    0.00   35.71
19:54:33      20   61.22    0.00    6.12    0.00    0.00    0.00    0.00    0.00    0.00   32.65
19:54:33      21   61.62    0.00    5.05    0.00    0.00    1.01    0.00    0.00    0.00   32.32
19:54:33      22   63.92    0.00    4.12    0.00    0.00    1.03    0.00    0.00    0.00   30.93
19:54:33      23   60.82    0.00    5.15    0.00    0.00    2.06    0.00    0.00    0.00   31.96
19:54:33      24   80.00    0.00   16.00    0.00    0.00    3.00    0.00    0.00    0.00    1.00
19:54:33      25   87.13    0.00    9.90    0.00    0.00    1.98    0.00    0.00    0.00    0.99
19:54:33      26   84.16    0.00    9.90    0.00    0.00    4.95    0.00    0.00    0.00    0.99
19:54:33      27   85.00    0.00   10.00    0.00    0.00    3.00    0.00    0.00    0.00    2.00
19:54:33      28   88.89    0.00    6.06    0.00    0.00    4.04    0.00    0.00    0.00    1.01
19:54:33      29   88.00    0.00    7.00    0.00    0.00    3.00    0.00    0.00    0.00    2.00
19:54:33      30   83.33    0.00    8.82    0.00    0.00    5.88    0.00    0.00    0.00    1.96
19:54:33      31   86.00    0.00    8.00    0.00    0.00    5.00    0.00    0.00    0.00    1.00

19:54:33     CPU    %usr   %nice    %sys %iowait    %irq   %soft  %steal  %guest  %gnice   %idle
19:54:34     all   60.08    0.00    7.00    0.00    0.00    2.23    0.00    0.00    0.00   30.68
19:54:34       0   57.69    0.00    8.65    0.00    0.00    1.92    0.00    0.00    0.00   31.73
19:54:34       1   57.14    0.00    8.16    0.00    0.00    2.04    0.00    0.00    0.00   32.65
19:54:34       2   55.67    0.00    9.28    0.00    0.00    2.06    0.00    0.00    0.00   32.99
19:54:34       3   60.42    0.00    6.25    0.00    0.00    2.08    0.00    0.00    0.00   31.25
19:54:34       4   51.06    0.00    7.45    0.00    0.00    2.13    0.00    0.00    0.00   39.36
19:54:34       5   55.00    0.00    6.00    0.00    0.00    2.00    0.00    0.00    0.00   37.00
19:54:34       6   59.80    0.00    7.84    0.00    0.00    1.96    0.00    0.00    0.00   30.39
19:54:34       7   62.38    0.00    7.92    0.00    0.00    0.00    0.00    0.00    0.00   29.70
19:54:34       8   36.27    0.00    1.96    0.00    0.00    0.98    0.00    0.00    0.00   60.78
19:54:34       9   34.62    0.00    4.81    0.00    0.00    0.96    0.00    0.00    0.00   59.62
19:54:34      10   33.33    0.00    4.17    0.00    0.00    0.00    0.00    0.00    0.00   62.50
19:54:34      11   37.37    0.00    2.02    0.00    0.00    1.01    0.00    0.00    0.00   59.60
19:54:34      12   48.08    0.00    3.85    0.00    0.00    0.96    0.00    0.00    0.00   47.12
19:54:34      13   44.66    0.00    4.85    0.00    0.00    1.94    0.00    0.00    0.00   48.54
19:54:34      14   43.56    0.00    5.94    0.00    0.00    0.99    0.00    0.00    0.00   49.50
19:54:34      15   39.18    0.00    5.15    0.00    0.00    2.06    0.00    0.00    0.00   53.61
19:54:34      16   58.76    0.00    8.25    0.00    0.00    1.03    0.00    0.00    0.00   31.96
19:54:34      17   58.10    0.00    5.71    0.00    0.00    3.81    0.00    0.00    0.00   32.38
19:54:34      18   59.18    0.00    5.10    0.00    0.00    2.04    0.00    0.00    0.00   33.67
19:54:34      19   63.73    0.00    4.90    0.00    0.00    1.96    0.00    0.00    0.00   29.41
19:54:34      20   53.00    0.00    8.00    0.00    0.00    2.00    0.00    0.00    0.00   37.00
19:54:34      21   56.38    0.00    5.32    0.00    0.00    1.06    0.00    0.00    0.00   37.23
19:54:34      22   61.22    0.00    4.08    0.00    0.00    2.04    0.00    0.00    0.00   32.65
19:54:34      23   56.84    0.00    8.42    0.00    0.00    1.05    0.00    0.00    0.00   33.68
19:54:34      24   88.24    0.00    5.88    0.00    0.00    4.90    0.00    0.00    0.00    0.98
19:54:34      25   86.87    0.00    8.08    0.00    0.00    4.04    0.00    0.00    0.00    1.01
19:54:34      26   84.85    0.00    9.09    0.00    0.00    5.05    0.00    0.00    0.00    1.01
19:54:34      27   82.83    0.00   14.14    0.00    0.00    3.03    0.00    0.00    0.00    0.00
19:54:34      28   86.00    0.00    8.00    0.00    0.00    5.00    0.00    0.00    0.00    1.00
19:54:34      29   81.00    0.00   13.00    0.00    0.00    5.00    0.00    0.00    0.00    1.00
19:54:34      30   84.69    0.00   12.24    0.00    0.00    2.04    0.00    0.00    0.00    1.02
19:54:34      31   85.00    0.00   10.00    0.00    0.00    4.00    0.00    0.00    0.00    1.00

19:54:34     CPU    %usr   %nice    %sys %iowait    %irq   %soft  %steal  %guest  %gnice   %idle
19:54:35     all   60.29    0.00    7.24    0.00    0.00    2.06    0.00    0.00    0.00   30.41
19:54:35       0   59.79    0.00    7.22    0.00    0.00    2.06    0.00    0.00    0.00   30.93
19:54:35       1   58.76    0.00    8.25    0.00    0.00    0.00    0.00    0.00    0.00   32.99
19:54:35       2   62.50    0.00    5.21    0.00    0.00    2.08    0.00    0.00    0.00   30.21
19:54:35       3   54.26    0.00   10.64    0.00    0.00    2.13    0.00    0.00    0.00   32.98
19:54:35       4   54.35    0.00    8.70    0.00    0.00    1.09    0.00    0.00    0.00   35.87
19:54:35       5   55.43    0.00    9.78    0.00    0.00    1.09    0.00    0.00    0.00   33.70
19:54:35       6   61.22    0.00    6.12    0.00    0.00    1.02    0.00    0.00    0.00   31.63
19:54:35       7   63.27    0.00    4.08    0.00    0.00    2.04    0.00    0.00    0.00   30.61
19:54:35       8   42.16    0.00    3.92    0.00    0.00    0.98    0.00    0.00    0.00   52.94
19:54:35       9   39.00    0.00    3.00    0.00    0.00    1.00    0.00    0.00    0.00   57.00
19:54:35      10   39.00    0.00    2.00    0.00    0.00    3.00    0.00    0.00    0.00   56.00
19:54:35      11   40.20    0.00    2.94    0.00    0.00    0.98    0.00    0.00    0.00   55.88
19:54:35      12   38.38    0.00    3.03    0.00    0.00    2.02    0.00    0.00    0.00   56.57
19:54:35      13   42.57    0.00    2.97    0.00    0.00    0.99    0.00    0.00    0.00   53.47
19:54:35      14   32.00    0.00    3.00    0.00    0.00    2.00    0.00    0.00    0.00   63.00
19:54:35      15   36.27    0.00    2.94    0.00    0.00    0.98    0.00    0.00    0.00   59.80
19:54:35      16   56.38    0.00    8.51    0.00    0.00    3.19    0.00    0.00    0.00   31.91
19:54:35      17   58.95    0.00    7.37    0.00    0.00    1.05    0.00    0.00    0.00   32.63
19:54:35      18   61.90    0.00    6.67    0.00    0.00    1.90    0.00    0.00    0.00   29.52
19:54:35      19   60.20    0.00    6.12    0.00    0.00    1.02    0.00    0.00    0.00   32.65
19:54:35      20   59.18    0.00    7.14    0.00    0.00    1.02    0.00    0.00    0.00   32.65
19:54:35      21   57.73    0.00    9.28    0.00    0.00    0.00    0.00    0.00    0.00   32.99
19:54:35      22   61.17    0.00    7.77    0.00    0.00    1.94    0.00    0.00    0.00   29.13
19:54:35      23   63.46    0.00    5.77    0.00    0.00    0.96    0.00    0.00    0.00   29.81
19:54:35      24   83.00    0.00   13.00    0.00    0.00    3.00    0.00    0.00    0.00    1.00
19:54:35      25   81.19    0.00   11.88    0.00    0.00    5.94    0.00    0.00    0.00    0.99
19:54:35      26   85.86    0.00   11.11    0.00    0.00    2.02    0.00    0.00    0.00    1.01
19:54:35      27   85.00    0.00   10.00    0.00    0.00    4.00    0.00    0.00    0.00    1.00
19:54:35      28   84.00    0.00   10.00    0.00    0.00    5.00    0.00    0.00    0.00    1.00
19:54:35      29   83.00    0.00   14.00    0.00    0.00    2.00    0.00    0.00    0.00    1.00
19:54:35      30   83.00    0.00   11.00    0.00    0.00    5.00    0.00    0.00    0.00    1.00
19:54:35      31   85.86    0.00    9.09    0.00    0.00    4.04    0.00    0.00    0.00    1.01

19:54:35     CPU    %usr   %nice    %sys %iowait    %irq   %soft  %steal  %guest  %gnice   %idle
19:54:36     all   60.13    0.00    7.20    0.00    0.00    1.62    0.00    0.00    0.00   31.05
19:54:36       0   64.58    0.00    5.21    0.00    0.00    0.00    0.00    0.00    0.00   30.21
19:54:36       1   59.60    0.00    5.05    0.00    0.00    1.01    0.00    0.00    0.00   34.34
19:54:36       2   56.25    0.00    8.33    0.00    0.00    2.08    0.00    0.00    0.00   33.33
19:54:36       3   58.42    0.00    7.92    0.00    0.00    0.99    0.00    0.00    0.00   32.67
19:54:36       4   60.00    0.00    4.21    0.00    0.00    2.11    0.00    0.00    0.00   33.68
19:54:36       5   58.16    0.00    7.14    0.00    0.00    2.04    0.00    0.00    0.00   32.65
19:54:36       6   56.44    0.00    9.90    0.00    0.00    0.99    0.00    0.00    0.00   32.67
19:54:36       7   59.00    0.00    7.00    0.00    0.00    1.00    0.00    0.00    0.00   33.00
19:54:36       8   37.62    0.00    1.98    0.00    0.00    0.99    0.00    0.00    0.00   59.41
19:54:36       9   34.34    0.00    4.04    0.00    0.00    0.00    0.00    0.00    0.00   61.62
19:54:36      10   38.46    0.00    5.49    0.00    0.00    1.10    0.00    0.00    0.00   54.95
19:54:36      11   40.62    0.00    3.12    0.00    0.00    1.04    0.00    0.00    0.00   55.21
19:54:36      12   40.40    0.00    4.04    0.00    0.00    1.01    0.00    0.00    0.00   54.55
19:54:36      13   37.63    0.00    4.30    0.00    0.00    0.00    0.00    0.00    0.00   58.06
19:54:36      14   35.05    0.00    4.12    0.00    0.00    0.00    0.00    0.00    0.00   60.82
19:54:36      15   35.05    0.00    5.15    0.00    0.00    0.00    0.00    0.00    0.00   59.79
19:54:36      16   63.64    0.00    4.04    0.00    0.00    1.01    0.00    0.00    0.00   31.31
19:54:36      17   61.22    0.00    4.08    0.00    0.00    2.04    0.00    0.00    0.00   32.65
19:54:36      18   61.22    0.00    7.14    0.00    0.00    0.00    0.00    0.00    0.00   31.63
19:54:36      19   59.79    0.00    7.22    0.00    0.00    0.00    0.00    0.00    0.00   32.99
19:54:36      20   57.29    0.00    7.29    0.00    0.00    1.04    0.00    0.00    0.00   34.38
19:54:36      21   55.67    0.00    9.28    0.00    0.00    1.03    0.00    0.00    0.00   34.02
19:54:36      22   57.84    0.00    4.90    0.00    0.00    3.92    0.00    0.00    0.00   33.33
19:54:36      23   58.76    0.00    5.15    0.00    0.00    1.03    0.00    0.00    0.00   35.05
19:54:36      24   86.73    0.00    9.18    0.00    0.00    3.06    0.00    0.00    0.00    1.02
19:54:36      25   86.87    0.00   10.10    0.00    0.00    2.02    0.00    0.00    0.00    1.01
19:54:36      26   83.84    0.00   12.12    0.00    0.00    3.03    0.00    0.00    0.00    1.01
19:54:36      27   83.17    0.00   12.87    0.00    0.00    2.97    0.00    0.00    0.00    0.99
19:54:36      28   82.18    0.00   11.88    0.00    0.00    4.95    0.00    0.00    0.00    0.99
19:54:36      29   86.00    0.00   12.00    0.00    0.00    2.00    0.00    0.00    0.00    0.00
19:54:36      30   81.82    0.00   12.12    0.00    0.00    5.05    0.00    0.00    0.00    1.01
19:54:36      31   81.00    0.00   13.00    0.00    0.00    4.00    0.00    0.00    0.00    2.00

19:54:36     CPU    %usr   %nice    %sys %iowait    %irq   %soft  %steal  %guest  %gnice   %idle
19:54:37     all   60.71    0.00    6.80    0.00    0.00    1.87    0.00    0.00    0.00   30.62
19:54:37       0   61.22    0.00    3.06    0.00    0.00    2.04    0.00    0.00    0.00   33.67
19:54:37       1   58.76    0.00    6.19    0.00    0.00    3.09    0.00    0.00    0.00   31.96
19:54:37       2   57.55    0.00   10.38    0.00    0.00    1.89    0.00    0.00    0.00   30.19
19:54:37       3   58.95    0.00    7.37    0.00    0.00    1.05    0.00    0.00    0.00   32.63
19:54:37       4   55.21    0.00    8.33    0.00    0.00    2.08    0.00    0.00    0.00   34.38
19:54:37       5   61.22    0.00    6.12    0.00    0.00    0.00    0.00    0.00    0.00   32.65
19:54:37       6   62.50    0.00    2.08    0.00    0.00    3.12    0.00    0.00    0.00   32.29
19:54:37       7   59.79    0.00    5.15    0.00    0.00    2.06    0.00    0.00    0.00   32.99
19:54:37       8   36.73    0.00    2.04    0.00    0.00    0.00    0.00    0.00    0.00   61.22
19:54:37       9   31.63    0.00    3.06    0.00    0.00    1.02    0.00    0.00    0.00   64.29
19:54:37      10   37.86    0.00    3.88    0.00    0.00    0.97    0.00    0.00    0.00   57.28
19:54:37      11   28.57    0.00    4.08    0.00    0.00    1.02    0.00    0.00    0.00   66.33
19:54:37      12   40.00    0.00    2.11    0.00    0.00    1.05    0.00    0.00    0.00   56.84
19:54:37      13   41.24    0.00    2.06    0.00    0.00    2.06    0.00    0.00    0.00   54.64
19:54:37      14   47.47    0.00    2.02    0.00    0.00    1.01    0.00    0.00    0.00   49.49
19:54:37      15   41.24    0.00    5.15    0.00    0.00    1.03    0.00    0.00    0.00   52.58
19:54:37      16   58.76    0.00    6.19    0.00    0.00    1.03    0.00    0.00    0.00   34.02
19:54:37      17   62.00    0.00    7.00    0.00    0.00    1.00    0.00    0.00    0.00   30.00
19:54:37      18   61.62    0.00    7.07    0.00    0.00    0.00    0.00    0.00    0.00   31.31
19:54:37      19   61.39    0.00    5.94    0.00    0.00    1.98    0.00    0.00    0.00   30.69
19:54:37      20   56.70    0.00    8.25    0.00    0.00    2.06    0.00    0.00    0.00   32.99
19:54:37      21   59.18    0.00    6.12    0.00    0.00    2.04    0.00    0.00    0.00   32.65
19:54:37      22   59.38    0.00    5.21    0.00    0.00    2.08    0.00    0.00    0.00   33.33
19:54:37      23   62.14    0.00    3.88    0.00    0.00    1.94    0.00    0.00    0.00   32.04
19:54:37      24   85.15    0.00   10.89    0.00    0.00    3.96    0.00    0.00    0.00    0.00
19:54:37      25   88.12    0.00    8.91    0.00    0.00    1.98    0.00    0.00    0.00    0.99
19:54:37      26   87.00    0.00    9.00    0.00    0.00    3.00    0.00    0.00    0.00    1.00
19:54:37      27   80.81    0.00   16.16    0.00    0.00    2.02    0.00    0.00    0.00    1.01
19:54:37      28   83.84    0.00   12.12    0.00    0.00    4.04    0.00    0.00    0.00    0.00
19:54:37      29   83.17    0.00   12.87    0.00    0.00    2.97    0.00    0.00    0.00    0.99
19:54:37      30   83.17    0.00   13.86    0.00    0.00    1.98    0.00    0.00    0.00    0.99
19:54:37      31   86.00    0.00   10.00    0.00    0.00    4.00    0.00    0.00    0.00    0.00

19:54:37     CPU    %usr   %nice    %sys %iowait    %irq   %soft  %steal  %guest  %gnice   %idle
19:54:38     all   60.76    0.00    6.79    0.00    0.00    1.55    0.00    0.00    0.00   30.90
19:54:38       0   61.86    0.00    5.15    0.00    0.00    0.00    0.00    0.00    0.00   32.99
19:54:38       1   59.60    0.00    7.07    0.00    0.00    0.00    0.00    0.00    0.00   33.33
19:54:38       2   63.27    0.00    4.08    0.00    0.00    1.02    0.00    0.00    0.00   31.63
19:54:38       3   62.38    0.00    5.94    0.00    0.00    0.99    0.00    0.00    0.00   30.69
19:54:38       4   57.89    0.00    4.21    0.00    0.00    2.11    0.00    0.00    0.00   35.79
19:54:38       5   58.33    0.00    5.21    0.00    0.00    1.04    0.00    0.00    0.00   35.42
19:54:38       6   58.00    0.00    9.00    0.00    0.00    1.00    0.00    0.00    0.00   32.00
19:54:38       7   61.70    0.00    4.26    0.00    0.00    1.06    0.00    0.00    0.00   32.98
19:54:38       8   39.22    0.00    3.92    0.00    0.00    0.98    0.00    0.00    0.00   55.88
19:54:38       9   37.11    0.00    3.09    0.00    0.00    0.00    0.00    0.00    0.00   59.79
19:54:38      10   35.64    0.00    3.96    0.00    0.00    0.99    0.00    0.00    0.00   59.41
19:54:38      11   34.34    0.00    4.04    0.00    0.00    0.00    0.00    0.00    0.00   61.62
19:54:38      12   42.42    0.00    5.05    0.00    0.00    1.01    0.00    0.00    0.00   51.52
19:54:38      13   44.44    0.00    3.03    0.00    0.00    1.01    0.00    0.00    0.00   51.52
19:54:38      14   40.40    0.00    4.04    0.00    0.00    0.00    0.00    0.00    0.00   55.56
19:54:38      15   41.00    0.00    3.00    0.00    0.00    0.00    0.00    0.00    0.00   56.00
19:54:38      16   54.08    0.00    8.16    0.00    0.00    5.10    0.00    0.00    0.00   32.65
19:54:38      17   59.60    0.00    6.06    0.00    0.00    1.01    0.00    0.00    0.00   33.33
19:54:38      18   58.42    0.00    6.93    0.00    0.00    2.97    0.00    0.00    0.00   31.68
19:54:38      19   60.61    0.00    5.05    0.00    0.00    2.02    0.00    0.00    0.00   32.32
19:54:38      20   60.82    0.00    4.12    0.00    0.00    0.00    0.00    0.00    0.00   35.05
19:54:38      21   58.59    0.00    6.06    0.00    0.00    1.01    0.00    0.00    0.00   34.34
19:54:38      22   59.00    0.00    7.00    0.00    0.00    2.00    0.00    0.00    0.00   32.00
19:54:38      23   60.20    0.00    6.12    0.00    0.00    1.02    0.00    0.00    0.00   32.65
19:54:38      24   84.85    0.00   10.10    0.00    0.00    3.03    0.00    0.00    0.00    2.02
19:54:38      25   85.00    0.00   10.00    0.00    0.00    4.00    0.00    0.00    0.00    1.00
19:54:38      26   85.86    0.00   11.11    0.00    0.00    2.02    0.00    0.00    0.00    1.01
19:54:38      27   80.20    0.00   13.86    0.00    0.00    4.95    0.00    0.00    0.00    0.99
19:54:38      28   86.00    0.00   11.00    0.00    0.00    2.00    0.00    0.00    0.00    1.00
19:54:38      29   83.84    0.00   13.13    0.00    0.00    2.02    0.00    0.00    0.00    1.01
19:54:38      30   85.86    0.00   11.11    0.00    0.00    2.02    0.00    0.00    0.00    1.01
19:54:38      31   83.17    0.00   11.88    0.00    0.00    2.97    0.00    0.00    0.00    1.98

19:54:38     CPU    %usr   %nice    %sys %iowait    %irq   %soft  %steal  %guest  %gnice   %idle
19:54:39     all   59.83    0.00    7.50    0.00    0.00    1.87    0.00    0.00    0.00   30.80
19:54:39       0   60.61    0.00    6.06    0.00    0.00    1.01    0.00    0.00    0.00   32.32
19:54:39       1   60.61    0.00    6.06    0.00    0.00    2.02    0.00    0.00    0.00   31.31
19:54:39       2   57.28    0.00    8.74    0.00    0.00    1.94    0.00    0.00    0.00   32.04
19:54:39       3   59.18    0.00    5.10    0.00    0.00    2.04    0.00    0.00    0.00   33.67
19:54:39       4   57.43    0.00    7.92    0.00    0.00    0.99    0.00    0.00    0.00   33.66
19:54:39       5   57.43    0.00    6.93    0.00    0.00    1.98    0.00    0.00    0.00   33.66
19:54:39       6   59.18    0.00    5.10    0.00    0.00    2.04    0.00    0.00    0.00   33.67
19:54:39       7   58.33    0.00    7.29    0.00    0.00    1.04    0.00    0.00    0.00   33.33
19:54:39       8   34.41    0.00    4.30    0.00    0.00    3.23    0.00    0.00    0.00   58.06
19:54:39       9   39.58    0.00    4.17    0.00    0.00    1.04    0.00    0.00    0.00   55.21
19:54:39      10   36.17    0.00    2.13    0.00    0.00    0.00    0.00    0.00    0.00   61.70
19:54:39      11   37.37    0.00    5.05    0.00    0.00    1.01    0.00    0.00    0.00   56.57
19:54:39      12   41.84    0.00    3.06    0.00    0.00    2.04    0.00    0.00    0.00   53.06
19:54:39      13   41.00    0.00    5.00    0.00    0.00    1.00    0.00    0.00    0.00   53.00
19:54:39      14   37.62    0.00    3.96    0.00    0.00    0.00    0.00    0.00    0.00   58.42
19:54:39      15   31.96    0.00    4.12    0.00    0.00    2.06    0.00    0.00    0.00   61.86
19:54:39      16   57.58    0.00    9.09    0.00    0.00    1.01    0.00    0.00    0.00   32.32
19:54:39      17   56.38    0.00    7.45    0.00    0.00    2.13    0.00    0.00    0.00   34.04
19:54:39      18   56.25    0.00    6.25    0.00    0.00    2.08    0.00    0.00    0.00   35.42
19:54:39      19   58.76    0.00    7.22    0.00    0.00    1.03    0.00    0.00    0.00   32.99
19:54:39      20   62.75    0.00    5.88    0.00    0.00    0.98    0.00    0.00    0.00   30.39
19:54:39      21   56.86    0.00    7.84    0.00    0.00    1.96    0.00    0.00    0.00   33.33
19:54:39      22   57.00    0.00    9.00    0.00    0.00    1.00    0.00    0.00    0.00   33.00
19:54:39      23   58.59    0.00    7.07    0.00    0.00    1.01    0.00    0.00    0.00   33.33
19:54:39      24   83.00    0.00   13.00    0.00    0.00    4.00    0.00    0.00    0.00    0.00
19:54:39      25   83.00    0.00   10.00    0.00    0.00    6.00    0.00    0.00    0.00    1.00
19:54:39      26   88.00    0.00    8.00    0.00    0.00    3.00    0.00    0.00    0.00    1.00
19:54:39      27   86.73    0.00   11.22    0.00    0.00    2.04    0.00    0.00    0.00    0.00
19:54:39      28   83.00    0.00   13.00    0.00    0.00    3.00    0.00    0.00    0.00    1.00
19:54:39      29   85.86    0.00   13.13    0.00    0.00    1.01    0.00    0.00    0.00    0.00
19:54:39      30   81.00    0.00   15.00    0.00    0.00    3.00    0.00    0.00    0.00    1.00
19:54:39      31   85.00    0.00   11.00    0.00    0.00    3.00    0.00    0.00    0.00    1.00

19:54:39     CPU    %usr   %nice    %sys %iowait    %irq   %soft  %steal  %guest  %gnice   %idle
19:54:40     all   59.80    0.00    6.64    0.00    0.00    2.22    0.00    0.00    0.00   31.34
19:54:40       0   58.51    0.00    5.32    0.00    0.00    2.13    0.00    0.00    0.00   34.04
19:54:40       1   61.00    0.00    6.00    0.00    0.00    1.00    0.00    0.00    0.00   32.00
19:54:40       2   59.00    0.00    7.00    0.00    0.00    1.00    0.00    0.00    0.00   33.00
19:54:40       3   57.00    0.00    8.00    0.00    0.00    2.00    0.00    0.00    0.00   33.00
19:54:40       4   59.78    0.00    5.43    0.00    0.00    2.17    0.00    0.00    0.00   32.61
19:54:40       5   58.06    0.00    6.45    0.00    0.00    3.23    0.00    0.00    0.00   32.26
19:54:40       6   60.78    0.00    4.90    0.00    0.00    2.94    0.00    0.00    0.00   31.37
19:54:40       7   56.73    0.00    8.65    0.00    0.00    2.88    0.00    0.00    0.00   31.73
19:54:40       8   37.37    0.00    3.03    0.00    0.00    1.01    0.00    0.00    0.00   58.59
19:54:40       9   40.40    0.00    2.02    0.00    0.00    0.00    0.00    0.00    0.00   57.58
19:54:40      10   42.86    0.00    2.04    0.00    0.00    2.04    0.00    0.00    0.00   53.06
19:54:40      11   42.27    0.00    3.09    0.00    0.00    2.06    0.00    0.00    0.00   52.58
19:54:40      12   41.24    0.00    3.09    0.00    0.00    1.03    0.00    0.00    0.00   54.64
19:54:40      13   41.05    0.00    4.21    0.00    0.00    0.00    0.00    0.00    0.00   54.74
19:54:40      14   26.80    0.00    2.06    0.00    0.00    1.03    0.00    0.00    0.00   70.10
19:54:40      15   26.80    0.00    3.09    0.00    0.00    1.03    0.00    0.00    0.00   69.07
19:54:40      16   58.33    0.00    6.25    0.00    0.00    2.08    0.00    0.00    0.00   33.33
19:54:40      17   56.84    0.00    6.32    0.00    0.00    2.11    0.00    0.00    0.00   34.74
19:54:40      18   57.73    0.00    7.22    0.00    0.00    2.06    0.00    0.00    0.00   32.99
19:54:40      19   61.17    0.00    2.91    0.00    0.00    2.91    0.00    0.00    0.00   33.01
19:54:40      20   58.51    0.00    5.32    0.00    0.00    1.06    0.00    0.00    0.00   35.11
19:54:40      21   55.56    0.00   12.12    0.00    0.00    1.01    0.00    0.00    0.00   31.31
19:54:40      22   59.00    0.00    8.00    0.00    0.00    2.00    0.00    0.00    0.00   31.00
19:54:40      23   58.59    0.00    6.06    0.00    0.00    2.02    0.00    0.00    0.00   33.33
19:54:40      24   84.16    0.00   10.89    0.00    0.00    2.97    0.00    0.00    0.00    1.98
19:54:40      25   81.00    0.00   13.00    0.00    0.00    5.00    0.00    0.00    0.00    1.00
19:54:40      26   84.00    0.00    9.00    0.00    0.00    5.00    0.00    0.00    0.00    2.00
19:54:40      27   80.20    0.00   10.89    0.00    0.00    5.94    0.00    0.00    0.00    2.97
19:54:40      28   83.84    0.00   13.13    0.00    0.00    2.02    0.00    0.00    0.00    1.01
19:54:40      29   87.00    0.00    8.00    0.00    0.00    3.00    0.00    0.00    0.00    2.00
19:54:40      30   85.15    0.00    9.90    0.00    0.00    2.97    0.00    0.00    0.00    1.98
19:54:40      31   87.00    0.00    8.00    0.00    0.00    3.00    0.00    0.00    0.00    2.00

19:54:40     CPU    %usr   %nice    %sys %iowait    %irq   %soft  %steal  %guest  %gnice   %idle
19:54:41     all   60.01    0.00    7.27    0.00    0.00    2.03    0.00    0.00    0.00   30.69
19:54:41       0   55.79    0.00    8.42    0.00    0.00    3.16    0.00    0.00    0.00   32.63
19:54:41       1   58.95    0.00    6.32    0.00    0.00    1.05    0.00    0.00    0.00   33.68
19:54:41       2   59.38    0.00    8.33    0.00    0.00    1.04    0.00    0.00    0.00   31.25
19:54:41       3   60.64    0.00    6.38    0.00    0.00    1.06    0.00    0.00    0.00   31.91
19:54:41       4   55.21    0.00    9.38    0.00    0.00    1.04    0.00    0.00    0.00   34.38
19:54:41       5   60.40    0.00    6.93    0.00    0.00    1.98    0.00    0.00    0.00   30.69
19:54:41       6   58.59    0.00    9.09    0.00    0.00    1.01    0.00    0.00    0.00   31.31
19:54:41       7   57.45    0.00    6.38    0.00    0.00    2.13    0.00    0.00    0.00   34.04
19:54:41       8   42.16    0.00    1.96    0.00    0.00    0.98    0.00    0.00    0.00   54.90
19:54:41       9   42.00    0.00    3.00    0.00    0.00    1.00    0.00    0.00    0.00   54.00
19:54:41      10   34.34    0.00    4.04    0.00    0.00    1.01    0.00    0.00    0.00   60.61
19:54:41      11   37.62    0.00    1.98    0.00    0.00    0.99    0.00    0.00    0.00   59.41
19:54:41      12   42.16    0.00    4.90    0.00    0.00    1.96    0.00    0.00    0.00   50.98
19:54:41      13   37.50    0.00    4.17    0.00    0.00    2.08    0.00    0.00    0.00   56.25
19:54:41      14   36.00    0.00    6.00    0.00    0.00    0.00    0.00    0.00    0.00   58.00
19:54:41      15   35.05    0.00    3.09    0.00    0.00    2.06    0.00    0.00    0.00   59.79
19:54:41      16   58.59    0.00    5.05    0.00    0.00    4.04    0.00    0.00    0.00   32.32
19:54:41      17   58.33    0.00    6.25    0.00    0.00    1.04    0.00    0.00    0.00   34.38
19:54:41      18   60.00    0.00    7.00    0.00    0.00    2.00    0.00    0.00    0.00   31.00
19:54:41      19   61.54    0.00    7.69    0.00    0.00    1.92    0.00    0.00    0.00   28.85
19:54:41      20   59.79    0.00    6.19    0.00    0.00    1.03    0.00    0.00    0.00   32.99
19:54:41      21   58.16    0.00    5.10    0.00    0.00    3.06    0.00    0.00    0.00   33.67
19:54:41      22   55.45    0.00   10.89    0.00    0.00    1.98    0.00    0.00    0.00   31.68
19:54:41      23   55.91    0.00    6.45    0.00    0.00    2.15    0.00    0.00    0.00   35.48
19:54:41      24   82.83    0.00   14.14    0.00    0.00    2.02    0.00    0.00    0.00    1.01
19:54:41      25   85.00    0.00   10.00    0.00    0.00    4.00    0.00    0.00    0.00    1.00
19:54:41      26   86.87    0.00    9.09    0.00    0.00    3.03    0.00    0.00    0.00    1.01
19:54:41      27   83.00    0.00   12.00    0.00    0.00    4.00    0.00    0.00    0.00    1.00
19:54:41      28   85.00    0.00   11.00    0.00    0.00    3.00    0.00    0.00    0.00    1.00
19:54:41      29   86.00    0.00    8.00    0.00    0.00    5.00    0.00    0.00    0.00    1.00
19:54:41      30   82.00    0.00   14.00    0.00    0.00    2.00    0.00    0.00    0.00    2.00
19:54:41      31   87.76    0.00    9.18    0.00    0.00    2.04    0.00    0.00    0.00    1.02

19:54:41     CPU    %usr   %nice    %sys %iowait    %irq   %soft  %steal  %guest  %gnice   %idle
19:54:42     all   60.45    0.00    7.08    0.00    0.00    1.74    0.00    0.00    0.00   30.73
19:54:42       0   59.00    0.00    9.00    0.00    0.00    0.00    0.00    0.00    0.00   32.00
19:54:42       1   60.78    0.00    6.86    0.00    0.00    0.98    0.00    0.00    0.00   31.37
19:54:42       2   62.24    0.00    5.10    0.00    0.00    0.00    0.00    0.00    0.00   32.65
19:54:42       3   56.12    0.00    6.12    0.00    0.00    3.06    0.00    0.00    0.00   34.69
19:54:42       4   59.41    0.00    5.94    0.00    0.00    0.99    0.00    0.00    0.00   33.66
19:54:42       5   57.00    0.00    8.00    0.00    0.00    2.00    0.00    0.00    0.00   33.00
19:54:42       6   59.18    0.00    6.12    0.00    0.00    2.04    0.00    0.00    0.00   32.65
19:54:42       7   61.39    0.00    3.96    0.00    0.00    2.97    0.00    0.00    0.00   31.68
19:54:42       8   39.80    0.00    6.12    0.00    0.00    1.02    0.00    0.00    0.00   53.06
19:54:42       9   39.39    0.00    4.04    0.00    0.00    1.01    0.00    0.00    0.00   55.56
19:54:42      10   30.53    0.00    3.16    0.00    0.00    1.05    0.00    0.00    0.00   65.26
19:54:42      11   37.00    0.00    2.00    0.00    0.00    0.00    0.00    0.00    0.00   61.00
19:54:42      12   41.75    0.00    3.88    0.00    0.00    1.94    0.00    0.00    0.00   52.43
19:54:42      13   44.00    0.00    3.00    0.00    0.00    2.00    0.00    0.00    0.00   51.00
19:54:42      14   38.54    0.00    3.12    0.00    0.00    1.04    0.00    0.00    0.00   57.29
19:54:42      15   37.37    0.00    5.05    0.00    0.00    1.01    0.00    0.00    0.00   56.57
19:54:42      16   57.29    0.00    7.29    0.00    0.00    2.08    0.00    0.00    0.00   33.33
19:54:42      17   58.00    0.00    7.00    0.00    0.00    3.00    0.00    0.00    0.00   32.00
19:54:42      18   59.00    0.00    6.00    0.00    0.00    1.00    0.00    0.00    0.00   34.00
19:54:42      19   58.51    0.00    6.38    0.00    0.00    1.06    0.00    0.00    0.00   34.04
19:54:42      20   59.18    0.00    7.14    0.00    0.00    1.02    0.00    0.00    0.00   32.65
19:54:42      21   59.18    0.00    5.10    0.00    0.00    1.02    0.00    0.00    0.00   34.69
19:54:42      22   55.91    0.00    6.45    0.00    0.00    2.15    0.00    0.00    0.00   35.48
19:54:42      23   62.63    0.00    6.06    0.00    0.00    0.00    0.00    0.00    0.00   31.31
19:54:42      24   88.89    0.00    9.09    0.00    0.00    2.02    0.00    0.00    0.00    0.00
19:54:42      25   87.00    0.00    9.00    0.00    0.00    3.00    0.00    0.00    0.00    1.00
19:54:42      26   84.00    0.00   12.00    0.00    0.00    3.00    0.00    0.00    0.00    1.00
19:54:42      27   82.00    0.00   13.00    0.00    0.00    4.00    0.00    0.00    0.00    1.00
19:54:42      28   82.65    0.00   12.24    0.00    0.00    4.08    0.00    0.00    0.00    1.02
19:54:42      29   83.84    0.00   14.14    0.00    0.00    2.02    0.00    0.00    0.00    0.00
19:54:42      30   85.86    0.00   12.12    0.00    0.00    2.02    0.00    0.00    0.00    0.00
19:54:42      31   84.31    0.00   11.76    0.00    0.00    2.94    0.00    0.00    0.00    0.98

19:54:42     CPU    %usr   %nice    %sys %iowait    %irq   %soft  %steal  %guest  %gnice   %idle
19:54:43     all   60.50    0.00    6.03    0.00    0.00    1.88    0.00    0.00    0.00   31.58
19:54:43       0   59.57    0.00    4.26    0.00    0.00    0.00    0.00    0.00    0.00   36.17
19:54:43       1   56.84    0.00    5.26    0.00    0.00    2.11    0.00    0.00    0.00   35.79
19:54:43       2   62.24    0.00    5.10    0.00    0.00    1.02    0.00    0.00    0.00   31.63
19:54:43       3   60.78    0.00    5.88    0.00    0.00    1.96    0.00    0.00    0.00   31.37
19:54:43       4   61.76    0.00    4.90    0.00    0.00    0.98    0.00    0.00    0.00   32.35
19:54:43       5   60.42    0.00    5.21    0.00    0.00    0.00    0.00    0.00    0.00   34.38
19:54:43       6   60.42    0.00    6.25    0.00    0.00    0.00    0.00    0.00    0.00   33.33
19:54:43       7   60.42    0.00    5.21    0.00    0.00    2.08    0.00    0.00    0.00   32.29
19:54:43       8   39.36    0.00    3.19    0.00    0.00    0.00    0.00    0.00    0.00   57.45
19:54:43       9   39.78    0.00    4.30    0.00    0.00    0.00    0.00    0.00    0.00   55.91
19:54:43      10   31.25    0.00    4.17    0.00    0.00    1.04    0.00    0.00    0.00   63.54
19:54:43      11   34.02    0.00    2.06    0.00    0.00    2.06    0.00    0.00    0.00   61.86
19:54:43      12   34.38    0.00    4.17    0.00    0.00    1.04    0.00    0.00    0.00   60.42
19:54:43      13   35.42    0.00    3.12    0.00    0.00    1.04    0.00    0.00    0.00   60.42
19:54:43      14   39.13    0.00    2.17    0.00    0.00    0.00    0.00    0.00    0.00   58.70
19:54:43      15   42.00    0.00    3.00    0.00    0.00    1.00    0.00    0.00    0.00   54.00
19:54:43      16   56.38    0.00    4.26    0.00    0.00    2.13    0.00    0.00    0.00   37.23
19:54:43      17   55.43    0.00    7.61    0.00    0.00    0.00    0.00    0.00    0.00   36.96
19:54:43      18   62.63    0.00    3.03    0.00    0.00    3.03    0.00    0.00    0.00   31.31
19:54:43      19   62.75    0.00    3.92    0.00    0.00    0.98    0.00    0.00    0.00   32.35
19:54:43      20   57.43    0.00    5.94    0.00    0.00    1.98    0.00    0.00    0.00   34.65
19:54:43      21   57.84    0.00    6.86    0.00    0.00    2.94    0.00    0.00    0.00   32.35
19:54:43      22   61.17    0.00    4.85    0.00    0.00    2.91    0.00    0.00    0.00   31.07
19:54:43      23   61.70    0.00    4.26    0.00    0.00    1.06    0.00    0.00    0.00   32.98
19:54:43      24   81.19    0.00   12.87    0.00    0.00    2.97    0.00    0.00    0.00    2.97
19:54:43      25   79.59    0.00   15.31    0.00    0.00    4.08    0.00    0.00    0.00    1.02
19:54:43      26   85.15    0.00   10.89    0.00    0.00    2.97    0.00    0.00    0.00    0.99
19:54:43      27   85.86    0.00   10.10    0.00    0.00    3.03    0.00    0.00    0.00    1.01
19:54:43      28   89.11    0.00    4.95    0.00    0.00    3.96    0.00    0.00    0.00    1.98
19:54:43      29   83.17    0.00    9.90    0.00    0.00    4.95    0.00    0.00    0.00    1.98
19:54:43      30   85.15    0.00    7.92    0.00    0.00    4.95    0.00    0.00    0.00    1.98
19:54:43      31   84.00    0.00   11.00    0.00    0.00    3.00    0.00    0.00    0.00    2.00

19:54:43     CPU    %usr   %nice    %sys %iowait    %irq   %soft  %steal  %guest  %gnice   %idle
19:54:44     all   59.84    0.00    7.10    0.00    0.00    2.26    0.00    0.00    0.00   30.80
19:54:44       0   58.82    0.00    8.82    0.00    0.00    1.96    0.00    0.00    0.00   30.39
19:54:44       1   59.60    0.00    8.08    0.00    0.00    2.02    0.00    0.00    0.00   30.30
19:54:44       2   56.57    0.00    8.08    0.00    0.00    3.03    0.00    0.00    0.00   32.32
19:54:44       3   59.00    0.00    6.00    0.00    0.00    3.00    0.00    0.00    0.00   32.00
19:54:44       4   58.95    0.00    6.32    0.00    0.00    1.05    0.00    0.00    0.00   33.68
19:54:44       5   60.40    0.00    5.94    0.00    0.00    1.98    0.00    0.00    0.00   31.68
19:54:44       6   57.00    0.00    6.00    0.00    0.00    3.00    0.00    0.00    0.00   34.00
19:54:44       7   58.82    0.00    5.88    0.00    0.00    1.96    0.00    0.00    0.00   33.33
19:54:44       8   37.11    0.00    3.09    0.00    0.00    2.06    0.00    0.00    0.00   57.73
19:54:44       9   38.61    0.00    4.95    0.00    0.00    0.99    0.00    0.00    0.00   55.45
19:54:44      10   35.71    0.00    3.06    0.00    0.00    0.00    0.00    0.00    0.00   61.22
19:54:44      11   33.67    0.00    4.08    0.00    0.00    1.02    0.00    0.00    0.00   61.22
19:54:44      12   39.18    0.00    2.06    0.00    0.00    1.03    0.00    0.00    0.00   57.73
19:54:44      13   41.18    0.00    3.92    0.00    0.00    0.00    0.00    0.00    0.00   54.90
19:54:44      14   38.54    0.00    2.08    0.00    0.00    2.08    0.00    0.00    0.00   57.29
19:54:44      15   37.76    0.00    3.06    0.00    0.00    2.04    0.00    0.00    0.00   57.14
19:54:44      16   60.42    0.00    6.25    0.00    0.00    2.08    0.00    0.00    0.00   31.25
19:54:44      17   60.40    0.00    6.93    0.00    0.00    1.98    0.00    0.00    0.00   30.69
19:54:44      18   62.75    0.00    3.92    0.00    0.00    2.94    0.00    0.00    0.00   30.39
19:54:44      19   61.22    0.00    6.12    0.00    0.00    2.04    0.00    0.00    0.00   30.61
19:54:44      20   57.29    0.00    7.29    0.00    0.00    2.08    0.00    0.00    0.00   33.33
19:54:44      21   58.42    0.00    5.94    0.00    0.00    2.97    0.00    0.00    0.00   32.67
19:54:44      22   55.88    0.00    6.86    0.00    0.00    1.96    0.00    0.00    0.00   35.29
19:54:44      23   57.28    0.00    7.77    0.00    0.00    0.97    0.00    0.00    0.00   33.98
19:54:44      24   82.18    0.00   12.87    0.00    0.00    3.96    0.00    0.00    0.00    0.99
19:54:44      25   85.15    0.00    9.90    0.00    0.00    2.97    0.00    0.00    0.00    1.98
19:54:44      26   82.83    0.00   11.11    0.00    0.00    5.05    0.00    0.00    0.00    1.01
19:54:44      27   82.83    0.00   14.14    0.00    0.00    2.02    0.00    0.00    0.00    1.01
19:54:44      28   82.83    0.00   13.13    0.00    0.00    3.03    0.00    0.00    0.00    1.01
19:54:44      29   81.00    0.00   14.00    0.00    0.00    3.00    0.00    0.00    0.00    2.00
19:54:44      30   87.00    0.00    8.00    0.00    0.00    4.00    0.00    0.00    0.00    1.00
19:54:44      31   83.84    0.00   11.11    0.00    0.00    4.04    0.00    0.00    0.00    1.01

19:54:44     CPU    %usr   %nice    %sys %iowait    %irq   %soft  %steal  %guest  %gnice   %idle
19:54:45     all   61.05    0.00    7.25    0.00    0.00    1.92    0.00    0.00    0.00   29.78
19:54:45       0   61.05    0.00    4.21    0.00    0.00    3.16    0.00    0.00    0.00   31.58
19:54:45       1   62.63    0.00    5.05    0.00    0.00    0.00    0.00    0.00    0.00   32.32
19:54:45       2   54.17    0.00   10.42    0.00    0.00    1.04    0.00    0.00    0.00   34.38
19:54:45       3   56.00    0.00    8.00    0.00    0.00    1.00    0.00    0.00    0.00   35.00
19:54:45       4   60.40    0.00    7.92    0.00    0.00    1.98    0.00    0.00    0.00   29.70
19:54:45       5   61.22    0.00    7.14    0.00    0.00    1.02    0.00    0.00    0.00   30.61
19:54:45       6   61.62    0.00    8.08    0.00    0.00    0.00    0.00    0.00    0.00   30.30
19:54:45       7   60.40    0.00    8.91    0.00    0.00    0.99    0.00    0.00    0.00   29.70
19:54:45       8   34.69    0.00    1.02    0.00    0.00    2.04    0.00    0.00    0.00   62.24
19:54:45       9   37.25    0.00    2.94    0.00    0.00    0.98    0.00    0.00    0.00   58.82
19:54:45      10   31.96    0.00    6.19    0.00    0.00    1.03    0.00    0.00    0.00   60.82
19:54:45      11   41.84    0.00    2.04    0.00    0.00    1.02    0.00    0.00    0.00   55.10
19:54:45      12   38.78    0.00    5.10    0.00    0.00    1.02    0.00    0.00    0.00   55.10
19:54:45      13   38.71    0.00    5.38    0.00    0.00    0.00    0.00    0.00    0.00   55.91
19:54:45      14   43.43    0.00    4.04    0.00    0.00    1.01    0.00    0.00    0.00   51.52
19:54:45      15   43.43    0.00    3.03    0.00    0.00    1.01    0.00    0.00    0.00   52.53
19:54:45      16   56.99    0.00    7.53    0.00    0.00    1.08    0.00    0.00    0.00   34.41
19:54:45      17   59.18    0.00    8.16    0.00    0.00    1.02    0.00    0.00    0.00   31.63
19:54:45      18   61.17    0.00    5.83    0.00    0.00    0.97    0.00    0.00    0.00   32.04
19:54:45      19   58.82    0.00    5.88    0.00    0.00    2.94    0.00    0.00    0.00   32.35
19:54:45      20   62.00    0.00    4.00    0.00    0.00    2.00    0.00    0.00    0.00   32.00
19:54:45      21   62.14    0.00    7.77    0.00    0.00    0.00    0.00    0.00    0.00   30.10
19:54:45      22   73.08    0.00    2.88    0.00    0.00    2.88    0.00    0.00    0.00   21.15
19:54:45      23   59.80    0.00    8.82    0.00    0.00    0.98    0.00    0.00    0.00   30.39
19:54:45      24   84.85    0.00   10.10    0.00    0.00    4.04    0.00    0.00    0.00    1.01
19:54:45      25   88.89    0.00    9.09    0.00    0.00    2.02    0.00    0.00    0.00    0.00
19:54:45      26   82.00    0.00   13.00    0.00    0.00    4.00    0.00    0.00    0.00    1.00
19:54:45      27   80.00    0.00   14.00    0.00    0.00    5.00    0.00    0.00    0.00    1.00
19:54:45      28   83.00    0.00   12.00    0.00    0.00    4.00    0.00    0.00    0.00    1.00
19:54:45      29   85.00    0.00   11.00    0.00    0.00    3.00    0.00    0.00    0.00    1.00
19:54:45      30   83.67    0.00   12.24    0.00    0.00    3.06    0.00    0.00    0.00    1.02
19:54:45      31   81.82    0.00   10.10    0.00    0.00    7.07    0.00    0.00    0.00    1.01

19:54:45     CPU    %usr   %nice    %sys %iowait    %irq   %soft  %steal  %guest  %gnice   %idle
19:54:46     all   60.27    0.00    6.86    0.00    0.00    1.90    0.00    0.00    0.00   30.97
19:54:46       0   59.60    0.00    4.04    0.00    0.00    1.01    0.00    0.00    0.00   35.35
19:54:46       1   58.76    0.00    5.15    0.00    0.00    2.06    0.00    0.00    0.00   34.02
19:54:46       2   60.61    0.00    6.06    0.00    0.00    3.03    0.00    0.00    0.00   30.30
19:54:46       3   59.00    0.00    8.00    0.00    0.00    2.00    0.00    0.00    0.00   31.00
19:54:46       4   60.78    0.00    6.86    0.00    0.00    0.00    0.00    0.00    0.00   32.35
19:54:46       5   58.33    0.00    6.25    0.00    0.00    1.04    0.00    0.00    0.00   34.38
19:54:46       6   60.82    0.00    4.12    0.00    0.00    2.06    0.00    0.00    0.00   32.99
19:54:46       7   58.76    0.00    6.19    0.00    0.00    1.03    0.00    0.00    0.00   34.02
19:54:46       8   35.79    0.00    2.11    0.00    0.00    1.05    0.00    0.00    0.00   61.05
19:54:46       9   40.59    0.00    2.97    0.00    0.00    0.99    0.00    0.00    0.00   55.45
19:54:46      10   38.54    0.00    5.21    0.00    0.00    0.00    0.00    0.00    0.00   56.25
19:54:46      11   40.59    0.00    3.96    0.00    0.00    0.00    0.00    0.00    0.00   55.45
19:54:46      12   39.39    0.00    4.04    0.00    0.00    1.01    0.00    0.00    0.00   55.56
19:54:46      13   39.60    0.00    2.97    0.00    0.00    1.98    0.00    0.00    0.00   55.45
19:54:46      14   34.69    0.00    6.12    0.00    0.00    0.00    0.00    0.00    0.00   59.18
19:54:46      15   34.02    0.00    5.15    0.00    0.00    1.03    0.00    0.00    0.00   59.79
19:54:46      16   59.60    0.00    6.06    0.00    0.00    1.01    0.00    0.00    0.00   33.33
19:54:46      17   58.33    0.00    5.21    0.00    0.00    2.08    0.00    0.00    0.00   34.38
19:54:46      18   61.76    0.00    6.86    0.00    0.00    0.98    0.00    0.00    0.00   30.39
19:54:46      19   58.59    0.00    6.06    0.00    0.00    2.02    0.00    0.00    0.00   33.33
19:54:46      20   59.18    0.00    7.14    0.00    0.00    1.02    0.00    0.00    0.00   32.65
19:54:46      21   61.39    0.00    5.94    0.00    0.00    0.99    0.00    0.00    0.00   31.68
19:54:46      22   59.00    0.00    6.00    0.00    0.00    3.00    0.00    0.00    0.00   32.00
19:54:46      23   57.45    0.00    5.32    0.00    0.00    1.06    0.00    0.00    0.00   36.17
19:54:46      24   82.18    0.00   12.87    0.00    0.00    3.96    0.00    0.00    0.00    0.99
19:54:46      25   83.00    0.00   10.00    0.00    0.00    6.00    0.00    0.00    0.00    1.00
19:54:46      26   87.88    0.00   10.10    0.00    0.00    1.01    0.00    0.00    0.00    1.01
19:54:46      27   82.83    0.00   12.12    0.00    0.00    4.04    0.00    0.00    0.00    1.01
19:54:46      28   79.21    0.00   14.85    0.00    0.00    4.95    0.00    0.00    0.00    0.99
19:54:46      29   84.00    0.00   10.00    0.00    0.00    5.00    0.00    0.00    0.00    1.00
19:54:46      30   87.88    0.00   10.10    0.00    0.00    1.01    0.00    0.00    0.00    1.01
19:54:46      31   83.17    0.00   10.89    0.00    0.00    3.96    0.00    0.00    0.00    1.98

19:54:46     CPU    %usr   %nice    %sys %iowait    %irq   %soft  %steal  %guest  %gnice   %idle
19:54:47     all   59.81    0.00    7.33    0.00    0.00    1.92    0.00    0.00    0.00   30.94
19:54:47       0   57.73    0.00    6.19    0.00    0.00    2.06    0.00    0.00    0.00   34.02
19:54:47       1   57.29    0.00    6.25    0.00    0.00    2.08    0.00    0.00    0.00   34.38
19:54:47       2   58.95    0.00    7.37    0.00    0.00    1.05    0.00    0.00    0.00   32.63
19:54:47       3   61.00    0.00    6.00    0.00    0.00    2.00    0.00    0.00    0.00   31.00
19:54:47       4   55.91    0.00    8.60    0.00    0.00    1.08    0.00    0.00    0.00   34.41
19:54:47       5   60.00    0.00    8.00    0.00    0.00    0.00    0.00    0.00    0.00   32.00
19:54:47       6   57.73    0.00    7.22    0.00    0.00    2.06    0.00    0.00    0.00   32.99
19:54:47       7   60.20    0.00    7.14    0.00    0.00    1.02    0.00    0.00    0.00   31.63
19:54:47       8   38.30    0.00    4.26    0.00    0.00    1.06    0.00    0.00    0.00   56.38
19:54:47       9   39.80    0.00    3.06    0.00    0.00    1.02    0.00    0.00    0.00   56.12
19:54:47      10   38.54    0.00    4.17    0.00    0.00    2.08    0.00    0.00    0.00   55.21
19:54:47      11   41.75    0.00    3.88    0.00    0.00    0.00    0.00    0.00    0.00   54.37
19:54:47      12   33.68    0.00    4.21    0.00    0.00    2.11    0.00    0.00    0.00   60.00
19:54:47      13   32.99    0.00    5.15    0.00    0.00    1.03    0.00    0.00    0.00   60.82
19:54:47      14   36.63    0.00    2.97    0.00    0.00    1.98    0.00    0.00    0.00   58.42
19:54:47      15   34.38    0.00    2.08    0.00    0.00    1.04    0.00    0.00    0.00   62.50
19:54:47      16   56.70    0.00    7.22    0.00    0.00    2.06    0.00    0.00    0.00   34.02
19:54:47      17   59.18    0.00    5.10    0.00    0.00    3.06    0.00    0.00    0.00   32.65
19:54:47      18   58.33    0.00    9.38    0.00    0.00    1.04    0.00    0.00    0.00   31.25
19:54:47      19   56.84    0.00    6.32    0.00    0.00    2.11    0.00    0.00    0.00   34.74
19:54:47      20   62.63    0.00    6.06    0.00    0.00    1.01    0.00    0.00    0.00   30.30
19:54:47      21   55.21    0.00    9.38    0.00    0.00    1.04    0.00    0.00    0.00   34.38
19:54:47      22   60.22    0.00    6.45    0.00    0.00    1.08    0.00    0.00    0.00   32.26
19:54:47      23   59.57    0.00    6.38    0.00    0.00    0.00    0.00    0.00    0.00   34.04
19:54:47      24   90.00    0.00    6.00    0.00    0.00    3.00    0.00    0.00    0.00    1.00
19:54:47      25   83.00    0.00   13.00    0.00    0.00    3.00    0.00    0.00    0.00    1.00
19:54:47      26   84.85    0.00   11.11    0.00    0.00    4.04    0.00    0.00    0.00    0.00
19:54:47      27   82.18    0.00   12.87    0.00    0.00    3.96    0.00    0.00    0.00    0.99
19:54:47      28   82.00    0.00   14.00    0.00    0.00    3.00    0.00    0.00    0.00    1.00
19:54:47      29   87.00    0.00    8.00    0.00    0.00    4.00    0.00    0.00    0.00    1.00
19:54:47      30   83.17    0.00   12.87    0.00    0.00    2.97    0.00    0.00    0.00    0.99
19:54:47      31   82.00    0.00   13.00    0.00    0.00    4.00    0.00    0.00    0.00    1.00

19:54:47     CPU    %usr   %nice    %sys %iowait    %irq   %soft  %steal  %guest  %gnice   %idle
19:54:48     all   59.76    0.00    6.89    0.00    0.00    2.14    0.00    0.00    0.00   31.21
19:54:48       0   60.00    0.00    6.00    0.00    0.00    1.00    0.00    0.00    0.00   33.00
19:54:48       1   61.62    0.00    4.04    0.00    0.00    1.01    0.00    0.00    0.00   33.33
19:54:48       2   56.84    0.00    7.37    0.00    0.00    2.11    0.00    0.00    0.00   33.68
19:54:48       3   56.12    0.00   10.20    0.00    0.00    2.04    0.00    0.00    0.00   31.63
19:54:48       4   58.06    0.00    6.45    0.00    0.00    2.15    0.00    0.00    0.00   33.33
19:54:48       5   55.67    0.00    5.15    0.00    0.00    4.12    0.00    0.00    0.00   35.05
19:54:48       6   60.20    0.00    5.10    0.00    0.00    1.02    0.00    0.00    0.00   33.67
19:54:48       7   59.41    0.00    6.93    0.00    0.00    0.99    0.00    0.00    0.00   32.67
19:54:48       8   42.16    0.00    1.96    0.00    0.00    0.98    0.00    0.00    0.00   54.90
19:54:48       9   34.02    0.00    6.19    0.00    0.00    2.06    0.00    0.00    0.00   57.73
19:54:48      10   34.65    0.00    4.95    0.00    0.00    0.99    0.00    0.00    0.00   59.41
19:54:48      11   34.38    0.00    2.08    0.00    0.00    1.04    0.00    0.00    0.00   62.50
19:54:48      12   38.00    0.00    5.00    0.00    0.00    1.00    0.00    0.00    0.00   56.00
19:54:48      13   36.46    0.00    4.17    0.00    0.00    1.04    0.00    0.00    0.00   58.33
19:54:48      14   36.56    0.00    5.38    0.00    0.00    0.00    0.00    0.00    0.00   58.06
19:54:48      15   34.74    0.00    6.32    0.00    0.00    1.05    0.00    0.00    0.00   57.89
19:54:48      16   60.20    0.00    5.10    0.00    0.00    3.06    0.00    0.00    0.00   31.63
19:54:48      17   57.45    0.00    6.38    0.00    0.00    2.13    0.00    0.00    0.00   34.04
19:54:48      18   61.29    0.00    5.38    0.00    0.00    1.08    0.00    0.00    0.00   32.26
19:54:48      19   56.99    0.00    7.53    0.00    0.00    2.15    0.00    0.00    0.00   33.33
19:54:48      20   59.22    0.00    5.83    0.00    0.00    2.91    0.00    0.00    0.00   32.04
19:54:48      21   57.58    0.00    6.06    0.00    0.00    2.02    0.00    0.00    0.00   34.34
19:54:48      22   58.59    0.00    7.07    0.00    0.00    1.01    0.00    0.00    0.00   33.33
19:54:48      23   58.59    0.00    6.06    0.00    0.00    3.03    0.00    0.00    0.00   32.32
19:54:48      24   82.65    0.00   12.24    0.00    0.00    4.08    0.00    0.00    0.00    1.02
19:54:48      25   87.88    0.00    9.09    0.00    0.00    2.02    0.00    0.00    0.00    1.01
19:54:48      26   85.00    0.00   10.00    0.00    0.00    3.00    0.00    0.00    0.00    2.00
19:54:48      27   87.76    0.00    9.18    0.00    0.00    2.04    0.00    0.00    0.00    1.02
19:54:48      28   81.00    0.00   11.00    0.00    0.00    7.00    0.00    0.00    0.00    1.00
19:54:48      29   87.00    0.00    9.00    0.00    0.00    3.00    0.00    0.00    0.00    1.00
19:54:48      30   84.00    0.00   12.00    0.00    0.00    3.00    0.00    0.00    0.00    1.00
19:54:48      31   84.00    0.00   11.00    0.00    0.00    4.00    0.00    0.00    0.00    1.00

19:54:48     CPU    %usr   %nice    %sys %iowait    %irq   %soft  %steal  %guest  %gnice   %idle
19:54:49     all   60.20    0.00    6.85    0.16    0.00    2.11    0.00    0.00    0.00   30.68
19:54:49       0   59.18    0.00    4.08    0.00    0.00    2.04    0.00    0.00    0.00   34.69
19:54:49       1   58.10    0.00    7.62    0.00    0.00    1.90    0.00    0.00    0.00   32.38
19:54:49       2   59.80    0.00    7.84    0.00    0.00    1.96    0.00    0.00    0.00   30.39
19:54:49       3   62.24    0.00    6.12    0.00    0.00    1.02    0.00    0.00    0.00   30.61
19:54:49       4   57.29    0.00    4.17    0.00    0.00    1.04    0.00    0.00    0.00   37.50
19:54:49       5   57.00    0.00    6.00    0.00    0.00    1.00    0.00    0.00    0.00   36.00
19:54:49       6   63.11    0.00    5.83    0.00    0.00    1.94    0.00    0.00    0.00   29.13
19:54:49       7   54.84    0.00    8.60    0.00    0.00    2.15    0.00    0.00    0.00   34.41
19:54:49       8   31.96    0.00    3.09    0.00    0.00    1.03    0.00    0.00    0.00   63.92
19:54:49       9   33.66    0.00    3.96    3.96    0.00    1.98    0.00    0.00    0.00   56.44
19:54:49      10   44.55    0.00    4.95    0.00    0.00    1.98    0.00    0.00    0.00   48.51
19:54:49      11   42.27    0.00    2.06    0.00    0.00    2.06    0.00    0.00    0.00   53.61
19:54:49      12   30.93    0.00    3.09    0.00    0.00    0.00    0.00    0.00    0.00   65.98
19:54:49      13   35.42    0.00    4.17    0.00    0.00    0.00    0.00    0.00    0.00   60.42
19:54:49      14   48.45    0.00    3.09    1.03    0.00    1.03    0.00    0.00    0.00   46.39
19:54:49      15   42.27    0.00    4.12    0.00    0.00    1.03    0.00    0.00    0.00   52.58
19:54:49      16   60.61    0.00    3.03    0.00    0.00    2.02    0.00    0.00    0.00   34.34
19:54:49      17   58.42    0.00    6.93    0.00    0.00    0.99    0.00    0.00    0.00   33.66
19:54:49      18   55.21    0.00    8.33    0.00    0.00    3.12    0.00    0.00    0.00   33.33
19:54:49      19   57.14    0.00    9.18    0.00    0.00    1.02    0.00    0.00    0.00   32.65
19:54:49      20   58.16    0.00    6.12    0.00    0.00    1.02    0.00    0.00    0.00   34.69
19:54:49      21   55.79    0.00    4.21    0.00    0.00    3.16    0.00    0.00    0.00   36.84
19:54:49      22   61.00    0.00    6.00    0.00    0.00    2.00    0.00    0.00    0.00   31.00
19:54:49      23   63.64    0.00    5.05    0.00    0.00    1.01    0.00    0.00    0.00   30.30
19:54:49      24   83.17    0.00   11.88    0.00    0.00    3.96    0.00    0.00    0.00    0.99
19:54:49      25   82.35    0.00   10.78    0.00    0.00    4.90    0.00    0.00    0.00    1.96
19:54:49      26   82.83    0.00   12.12    0.00    0.00    5.05    0.00    0.00    0.00    0.00
19:54:49      27   83.33    0.00   11.76    0.00    0.00    2.94    0.00    0.00    0.00    1.96
19:54:49      28   86.00    0.00   11.00    0.00    0.00    2.00    0.00    0.00    0.00    1.00
19:54:49      29   84.00    0.00   11.00    0.00    0.00    4.00    0.00    0.00    0.00    1.00
19:54:49      30   84.00    0.00   10.00    0.00    0.00    5.00    0.00    0.00    0.00    1.00
19:54:49      31   84.00    0.00   12.00    0.00    0.00    3.00    0.00    0.00    0.00    1.00

19:54:49     CPU    %usr   %nice    %sys %iowait    %irq   %soft  %steal  %guest  %gnice   %idle
19:54:50     all   60.39    0.00    7.37    0.00    0.00    1.77    0.00    0.00    0.00   30.48
19:54:50       0   60.40    0.00    5.94    0.00    0.00    2.97    0.00    0.00    0.00   30.69
19:54:50       1   57.58    0.00    8.08    0.00    0.00    2.02    0.00    0.00    0.00   32.32
19:54:50       2   59.18    0.00    7.14    0.00    0.00    1.02    0.00    0.00    0.00   32.65
19:54:50       3   60.00    0.00    6.32    0.00    0.00    2.11    0.00    0.00    0.00   31.58
19:54:50       4   58.82    0.00    6.86    0.00    0.00    1.96    0.00    0.00    0.00   32.35
19:54:50       5   58.42    0.00    7.92    0.00    0.00    0.99    0.00    0.00    0.00   32.67
19:54:50       6   60.40    0.00   10.89    0.00    0.00    0.99    0.00    0.00    0.00   27.72
19:54:50       7   63.11    0.00    5.83    0.00    0.00    0.97    0.00    0.00    0.00   30.10
19:54:50       8   32.32    0.00    2.02    0.00    0.00    1.01    0.00    0.00    0.00   64.65
19:54:50       9   27.37    0.00    4.21    0.00    0.00    0.00    0.00    0.00    0.00   68.42
19:54:50      10   40.21    0.00    6.19    0.00    0.00    0.00    0.00    0.00    0.00   53.61
19:54:50      11   42.39    0.00    3.26    0.00    0.00    0.00    0.00    0.00    0.00   54.35
19:54:50      12   35.11    0.00    2.13    0.00    0.00    1.06    0.00    0.00    0.00   61.70
19:54:50      13   38.61    0.00    3.96    0.00    0.00    0.00    0.00    0.00    0.00   57.43
19:54:50      14   38.38    0.00    3.03    0.00    0.00    2.02    0.00    0.00    0.00   56.57
19:54:50      15   39.80    0.00    3.06    0.00    0.00    1.02    0.00    0.00    0.00   56.12
19:54:50      16   60.19    0.00    8.74    0.00    0.00    0.97    0.00    0.00    0.00   30.10
19:54:50      17   61.62    0.00    5.05    0.00    0.00    2.02    0.00    0.00    0.00   31.31
19:54:50      18   59.80    0.00    5.88    0.00    0.00    2.94    0.00    0.00    0.00   31.37
19:54:50      19   59.00    0.00    8.00    0.00    0.00    2.00    0.00    0.00    0.00   31.00
19:54:50      20   55.79    0.00    8.42    0.00    0.00    2.11    0.00    0.00    0.00   33.68
19:54:50      21   58.33    0.00    8.33    0.00    0.00    0.00    0.00    0.00    0.00   33.33
19:54:50      22   60.00    0.00    7.37    0.00    0.00    2.11    0.00    0.00    0.00   30.53
19:54:50      23   63.92    0.00    5.15    0.00    0.00    0.00    0.00    0.00    0.00   30.93
19:54:50      24   84.85    0.00   12.12    0.00    0.00    2.02    0.00    0.00    0.00    1.01
19:54:50      25   82.18    0.00   13.86    0.00    0.00    2.97    0.00    0.00    0.00    0.99
19:54:50      26   81.19    0.00   13.86    0.00    0.00    3.96    0.00    0.00    0.00    0.99
19:54:50      27   84.85    0.00   11.11    0.00    0.00    3.03    0.00    0.00    0.00    1.01
19:54:50      28   85.86    0.00    9.09    0.00    0.00    4.04    0.00    0.00    0.00    1.01
19:54:50      29   86.00    0.00   10.00    0.00    0.00    3.00    0.00    0.00    0.00    1.00
19:54:50      30   84.16    0.00   11.88    0.00    0.00    2.97    0.00    0.00    0.00    0.99
19:54:50      31   86.14    0.00    8.91    0.00    0.00    3.96    0.00    0.00    0.00    0.99

19:54:50     CPU    %usr   %nice    %sys %iowait    %irq   %soft  %steal  %guest  %gnice   %idle
19:54:51     all   58.21    0.00    6.53    0.00    0.00    1.74    0.00    0.00    0.00   33.52
19:54:51       0   59.38    0.00    5.21    0.00    0.00    3.12    0.00    0.00    0.00   32.29
19:54:51       1   58.59    0.00    7.07    0.00    0.00    3.03    0.00    0.00    0.00   31.31
19:54:51       2   52.69    0.00    6.45    0.00    0.00    3.23    0.00    0.00    0.00   37.63
19:54:51       3   56.31    0.00    6.80    0.00    0.00    1.94    0.00    0.00    0.00   34.95
19:54:51       4   58.59    0.00    4.04    0.00    0.00    0.00    0.00    0.00    0.00   37.37
19:54:51       5   56.70    0.00    5.15    0.00    0.00    1.03    0.00    0.00    0.00   37.11
19:54:51       6   57.00    0.00    7.00    0.00    0.00    0.00    0.00    0.00    0.00   36.00
19:54:51       7   56.38    0.00    5.32    0.00    0.00    1.06    0.00    0.00    0.00   37.23
19:54:51       8   30.93    0.00    3.09    0.00    0.00    0.00    0.00    0.00    0.00   65.98
19:54:51       9   28.87    0.00    1.03    0.00    0.00    2.06    0.00    0.00    0.00   68.04
19:54:51      10   26.26    0.00    6.06    0.00    0.00    0.00    0.00    0.00    0.00   67.68
19:54:51      11   32.35    0.00    3.92    0.00    0.00    0.00    0.00    0.00    0.00   63.73
19:54:51      12   37.37    0.00    4.04    0.00    0.00    0.00    0.00    0.00    0.00   58.59
19:54:51      13   40.38    0.00    2.88    0.00    0.00    0.96    0.00    0.00    0.00   55.77
19:54:51      14   41.00    0.00    4.00    0.00    0.00    0.00    0.00    0.00    0.00   55.00
19:54:51      15   38.95    0.00    3.16    0.00    0.00    0.00    0.00    0.00    0.00   57.89
19:54:51      16   62.00    0.00    6.00    0.00    0.00    1.00    0.00    0.00    0.00   31.00
19:54:51      17   61.00    0.00    5.00    0.00    0.00    1.00    0.00    0.00    0.00   33.00
19:54:51      18   55.45    0.00    7.92    0.00    0.00    1.98    0.00    0.00    0.00   34.65
19:54:51      19   56.25    0.00    6.25    0.00    0.00    1.04    0.00    0.00    0.00   36.46
19:54:51      20   57.00    0.00    4.00    0.00    0.00    2.00    0.00    0.00    0.00   37.00
19:54:51      21   55.00    0.00    7.00    0.00    0.00    2.00    0.00    0.00    0.00   36.00
19:54:51      22   50.54    0.00    6.45    0.00    0.00    2.15    0.00    0.00    0.00   40.86
19:54:51      23   54.74    0.00    4.21    0.00    0.00    2.11    0.00    0.00    0.00   38.95
19:54:51      24   84.16    0.00   10.89    0.00    0.00    3.96    0.00    0.00    0.00    0.99
19:54:51      25   85.71    0.00   12.24    0.00    0.00    0.00    0.00    0.00    0.00    2.04
19:54:51      26   86.00    0.00   10.00    0.00    0.00    2.00    0.00    0.00    0.00    2.00
19:54:51      27   84.85    0.00   10.10    0.00    0.00    4.04    0.00    0.00    0.00    1.01
19:54:51      28   80.00    0.00   13.00    0.00    0.00    5.00    0.00    0.00    0.00    2.00
19:54:51      29   82.18    0.00   10.89    0.00    0.00    4.95    0.00    0.00    0.00    1.98
19:54:51      30   86.87    0.00    9.09    0.00    0.00    3.03    0.00    0.00    0.00    1.01
19:54:51      31   86.87    0.00   10.10    0.00    0.00    3.03    0.00    0.00    0.00    0.00

19:54:51     CPU    %usr   %nice    %sys %iowait    %irq   %soft  %steal  %guest  %gnice   %idle
19:54:52     all   59.91    0.00    6.62    0.00    0.00    1.99    0.00    0.00    0.00   31.48
19:54:52       0   54.90    0.00    6.86    0.00    0.00    0.98    0.00    0.00    0.00   37.25
19:54:52       1   56.70    0.00    5.15    0.00    0.00    0.00    0.00    0.00    0.00   38.14
19:54:52       2   57.43    0.00    7.92    0.00    0.00    1.98    0.00    0.00    0.00   32.67
19:54:52       3   56.84    0.00    8.42    0.00    0.00    2.11    0.00    0.00    0.00   32.63
19:54:52       4   57.43    0.00    5.94    0.00    0.00    2.97    0.00    0.00    0.00   33.66
19:54:52       5   56.57    0.00    7.07    0.00    0.00    1.01    0.00    0.00    0.00   35.35
19:54:52       6   62.11    0.00    6.32    0.00    0.00    1.05    0.00    0.00    0.00   30.53
19:54:52       7   63.37    0.00    3.96    0.00    0.00    1.98    0.00    0.00    0.00   30.69
19:54:52       8   35.35    0.00    4.04    0.00    0.00    1.01    0.00    0.00    0.00   59.60
19:54:52       9   38.38    0.00    3.03    0.00    0.00    0.00    0.00    0.00    0.00   58.59
19:54:52      10   41.18    0.00    3.92    0.00    0.00    0.98    0.00    0.00    0.00   53.92
19:54:52      11   34.95    0.00    5.83    0.00    0.00    0.97    0.00    0.00    0.00   58.25
19:54:52      12   35.05    0.00    3.09    0.00    0.00    1.03    0.00    0.00    0.00   60.82
19:54:52      13   35.42    0.00    5.21    0.00    0.00    0.00    0.00    0.00    0.00   59.38
19:54:52      14   38.30    0.00    3.19    0.00    0.00    0.00    0.00    0.00    0.00   58.51
19:54:52      15   32.98    0.00    3.19    0.00    0.00    1.06    0.00    0.00    0.00   62.77
19:54:52      16   53.26    0.00    5.43    0.00    0.00    0.00    0.00    0.00    0.00   41.30
19:54:52      17   57.43    0.00    3.96    0.00    0.00    1.98    0.00    0.00    0.00   36.63
19:54:52      18   59.41    0.00    7.92    0.00    0.00    1.98    0.00    0.00    0.00   30.69
19:54:52      19   61.62    0.00    7.07    0.00    0.00    1.01    0.00    0.00    0.00   30.30
19:54:52      20   58.82    0.00    7.84    0.00    0.00    0.98    0.00    0.00    0.00   32.35
19:54:52      21   58.59    0.00    6.06    0.00    0.00    2.02    0.00    0.00    0.00   33.33
19:54:52      22   63.27    0.00    6.12    0.00    0.00    1.02    0.00    0.00    0.00   29.59
19:54:52      23   62.38    0.00    3.96    0.00    0.00    1.98    0.00    0.00    0.00   31.68
19:54:52      24   80.20    0.00   12.87    0.00    0.00    5.94    0.00    0.00    0.00    0.99
19:54:52      25   85.00    0.00    9.00    0.00    0.00    6.00    0.00    0.00    0.00    0.00
19:54:52      26   87.00    0.00    9.00    0.00    0.00    4.00    0.00    0.00    0.00    0.00
19:54:52      27   84.16    0.00   11.88    0.00    0.00    2.97    0.00    0.00    0.00    0.99
19:54:52      28   85.00    0.00   11.00    0.00    0.00    3.00    0.00    0.00    0.00    1.00
19:54:52      29   87.13    0.00    8.91    0.00    0.00    2.97    0.00    0.00    0.00    0.99
19:54:52      30   84.85    0.00   10.10    0.00    0.00    5.05    0.00    0.00    0.00    0.00
19:54:52      31   87.00    0.00    7.00    0.00    0.00    5.00    0.00    0.00    0.00    1.00

19:54:52     CPU    %usr   %nice    %sys %iowait    %irq   %soft  %steal  %guest  %gnice   %idle
19:54:53     all   60.20    0.00    6.89    0.00    0.00    2.09    0.00    0.00    0.00   30.82
19:54:53       0   62.00    0.00    7.00    0.00    0.00    1.00    0.00    0.00    0.00   30.00
19:54:53       1   61.62    0.00    5.05    0.00    0.00    2.02    0.00    0.00    0.00   31.31
19:54:53       2   56.86    0.00    4.90    0.00    0.00    0.98    0.00    0.00    0.00   37.25
19:54:53       3   52.69    0.00    3.23    0.00    0.00    2.15    0.00    0.00    0.00   41.94
19:54:53       4   61.39    0.00    4.95    0.00    0.00    0.99    0.00    0.00    0.00   32.67
19:54:53       5   54.08    0.00   11.22    0.00    0.00    3.06    0.00    0.00    0.00   31.63
19:54:53       6   63.00    0.00    6.00    0.00    0.00    0.00    0.00    0.00    0.00   31.00
19:54:53       7   56.44    0.00    8.91    0.00    0.00    1.98    0.00    0.00    0.00   32.67
19:54:53       8   44.21    0.00    4.21    0.00    0.00    1.05    0.00    0.00    0.00   50.53
19:54:53       9   43.30    0.00    4.12    0.00    0.00    2.06    0.00    0.00    0.00   50.52
19:54:53      10   29.59    0.00    3.06    0.00    0.00    2.04    0.00    0.00    0.00   65.31
19:54:53      11   32.63    0.00    2.11    0.00    0.00    0.00    0.00    0.00    0.00   65.26
19:54:53      12   43.81    0.00    2.86    0.00    0.00    0.00    0.00    0.00    0.00   53.33
19:54:53      13   42.16    0.00    2.94    0.00    0.00    0.98    0.00    0.00    0.00   53.92
19:54:53      14   39.56    0.00    5.49    0.00    0.00    0.00    0.00    0.00    0.00   54.95
19:54:53      15   39.56    0.00    5.49    0.00    0.00    0.00    0.00    0.00    0.00   54.95
19:54:53      16   62.00    0.00    6.00    0.00    0.00    2.00    0.00    0.00    0.00   30.00
19:54:53      17   59.41    0.00    7.92    0.00    0.00    3.96    0.00    0.00    0.00   28.71
19:54:53      18   51.65    0.00    5.49    0.00    0.00    0.00    0.00    0.00    0.00   42.86
19:54:53      19   54.00    0.00    7.00    0.00    0.00    1.00    0.00    0.00    0.00   38.00
19:54:53      20   55.79    0.00    5.26    0.00    0.00    3.16    0.00    0.00    0.00   35.79
19:54:53      21   59.18    0.00    6.12    0.00    0.00    1.02    0.00    0.00    0.00   33.67
19:54:53      22   64.65    0.00    5.05    0.00    0.00    1.01    0.00    0.00    0.00   29.29
19:54:53      23   61.62    0.00    4.04    0.00    0.00    2.02    0.00    0.00    0.00   32.32
19:54:53      24   84.85    0.00    9.09    0.00    0.00    6.06    0.00    0.00    0.00    0.00
19:54:53      25   86.14    0.00    7.92    0.00    0.00    4.95    0.00    0.00    0.00    0.99
19:54:53      26   84.85    0.00   11.11    0.00    0.00    3.03    0.00    0.00    0.00    1.01
19:54:53      27   82.00    0.00   13.00    0.00    0.00    4.00    0.00    0.00    0.00    1.00
19:54:53      28   81.19    0.00   14.85    0.00    0.00    2.97    0.00    0.00    0.00    0.99
19:54:53      29   82.83    0.00   11.11    0.00    0.00    5.05    0.00    0.00    0.00    1.01
19:54:53      30   85.00    0.00   10.00    0.00    0.00    4.00    0.00    0.00    0.00    1.00
19:54:53      31   81.19    0.00   13.86    0.00    0.00    3.96    0.00    0.00    0.00    0.99

19:54:53     CPU    %usr   %nice    %sys %iowait    %irq   %soft  %steal  %guest  %gnice   %idle
19:54:54     all   60.51    0.00    7.06    0.00    0.00    1.65    0.00    0.00    0.00   30.79
19:54:54       0   55.79    0.00    8.42    0.00    0.00    2.11    0.00    0.00    0.00   33.68
19:54:54       1   60.40    0.00    4.95    0.00    0.00    1.98    0.00    0.00    0.00   32.67
19:54:54       2   58.95    0.00    6.32    0.00    0.00    1.05    0.00    0.00    0.00   33.68
19:54:54       3   61.05    0.00    4.21    0.00    0.00    2.11    0.00    0.00    0.00   32.63
19:54:54       4   61.00    0.00    5.00    0.00    0.00    1.00    0.00    0.00    0.00   33.00
19:54:54       5   61.39    0.00    4.95    0.00    0.00    0.99    0.00    0.00    0.00   32.67
19:54:54       6   57.00    0.00    8.00    0.00    0.00    1.00    0.00    0.00    0.00   34.00
19:54:54       7   58.33    0.00    6.25    0.00    0.00    1.04    0.00    0.00    0.00   34.38
19:54:54       8   42.00    0.00    4.00    0.00    0.00    1.00    0.00    0.00    0.00   53.00
19:54:54       9   40.21    0.00    5.15    0.00    0.00    1.03    0.00    0.00    0.00   53.61
19:54:54      10   39.60    0.00    2.97    0.00    0.00    0.00    0.00    0.00    0.00   57.43
19:54:54      11   34.34    0.00    5.05    0.00    0.00    0.00    0.00    0.00    0.00   60.61
19:54:54      12   41.18    0.00    3.92    0.00    0.00    0.98    0.00    0.00    0.00   53.92
19:54:54      13   43.16    0.00    4.21    0.00    0.00    1.05    0.00    0.00    0.00   51.58
19:54:54      14   36.63    0.00    4.95    0.00    0.00    1.98    0.00    0.00    0.00   56.44
19:54:54      15   35.71    0.00    5.10    0.00    0.00    2.04    0.00    0.00    0.00   57.14
19:54:54      16   60.61    0.00    6.06    0.00    0.00    0.00    0.00    0.00    0.00   33.33
19:54:54      17   59.18    0.00    4.08    0.00    0.00    2.04    0.00    0.00    0.00   34.69
19:54:54      18   58.76    0.00    6.19    0.00    0.00    2.06    0.00    0.00    0.00   32.99
19:54:54      19   59.38    0.00    5.21    0.00    0.00    1.04    0.00    0.00    0.00   34.38
19:54:54      20   61.54    0.00    4.81    0.00    0.00    1.92    0.00    0.00    0.00   31.73
19:54:54      21   59.41    0.00    7.92    0.00    0.00    0.99    0.00    0.00    0.00   31.68
19:54:54      22   56.52    0.00    6.52    0.00    0.00    1.09    0.00    0.00    0.00   35.87
19:54:54      23   54.74    0.00    6.32    0.00    0.00    2.11    0.00    0.00    0.00   36.84
19:54:54      24   86.00    0.00   11.00    0.00    0.00    2.00    0.00    0.00    0.00    1.00
19:54:54      25   87.13    0.00    8.91    0.00    0.00    2.97    0.00    0.00    0.00    0.99
19:54:54      26   84.16    0.00    9.90    0.00    0.00    4.95    0.00    0.00    0.00    0.99
19:54:54      27   83.17    0.00   10.89    0.00    0.00    3.96    0.00    0.00    0.00    1.98
19:54:54      28   83.84    0.00   13.13    0.00    0.00    2.02    0.00    0.00    0.00    1.01
19:54:54      29   85.86    0.00   13.13    0.00    0.00    1.01    0.00    0.00    0.00    0.00
19:54:54      30   85.15    0.00   12.87    0.00    0.00    0.99    0.00    0.00    0.00    0.99
19:54:54      31   81.00    0.00   15.00    0.00    0.00    4.00    0.00    0.00    0.00    0.00

19:54:54     CPU    %usr   %nice    %sys %iowait    %irq   %soft  %steal  %guest  %gnice   %idle
19:54:55     all   60.05    0.00    7.03    0.00    0.00    2.04    0.00    0.00    0.00   30.88
19:54:55       0   64.29    0.00    5.10    0.00    0.00    1.02    0.00    0.00    0.00   29.59
19:54:55       1   62.63    0.00    7.07    0.00    0.00    0.00    0.00    0.00    0.00   30.30
19:54:55       2   57.73    0.00    6.19    0.00    0.00    2.06    0.00    0.00    0.00   34.02
19:54:55       3   58.59    0.00    7.07    0.00    0.00    1.01    0.00    0.00    0.00   33.33
19:54:55       4   56.12    0.00    7.14    0.00    0.00    2.04    0.00    0.00    0.00   34.69
19:54:55       5   58.16    0.00    7.14    0.00    0.00    1.02    0.00    0.00    0.00   33.67
19:54:55       6   60.61    0.00    6.06    0.00    0.00    3.03    0.00    0.00    0.00   30.30
19:54:55       7   58.00    0.00    9.00    0.00    0.00    2.00    0.00    0.00    0.00   31.00
19:54:55       8   32.29    0.00    2.08    0.00    0.00    2.08    0.00    0.00    0.00   63.54
19:54:55       9   31.25    0.00    4.17    0.00    0.00    1.04    0.00    0.00    0.00   63.54
19:54:55      10   45.54    0.00    3.96    0.00    0.00    0.99    0.00    0.00    0.00   49.50
19:54:55      11   43.88    0.00    4.08    0.00    0.00    1.02    0.00    0.00    0.00   51.02
19:54:55      12   31.96    0.00    2.06    0.00    0.00    1.03    0.00    0.00    0.00   64.95
19:54:55      13   30.30    0.00    4.04    0.00    0.00    1.01    0.00    0.00    0.00   64.65
19:54:55      14   41.49    0.00    4.26    0.00    0.00    1.06    0.00    0.00    0.00   53.19
19:54:55      15   43.75    0.00    3.12    0.00    0.00    0.00    0.00    0.00    0.00   53.12
19:54:55      16   58.51    0.00    6.38    0.00    0.00    3.19    0.00    0.00    0.00   31.91
19:54:55      17   59.18    0.00   10.20    0.00    0.00    0.00    0.00    0.00    0.00   30.61
19:54:55      18   58.76    0.00    5.15    0.00    0.00    2.06    0.00    0.00    0.00   34.02
19:54:55      19   57.45    0.00    4.26    0.00    0.00    2.13    0.00    0.00    0.00   36.17
19:54:55      20   57.00    0.00    7.00    0.00    0.00    2.00    0.00    0.00    0.00   34.00
19:54:55      21   59.00    0.00    6.00    0.00    0.00    2.00    0.00    0.00    0.00   33.00
19:54:55      22   57.14    0.00    9.18    0.00    0.00    1.02    0.00    0.00    0.00   32.65
19:54:55      23   59.60    0.00    7.07    0.00    0.00    2.02    0.00    0.00    0.00   31.31
19:54:55      24   86.00    0.00    9.00    0.00    0.00    3.00    0.00    0.00    0.00    2.00
19:54:55      25   82.00    0.00   11.00    0.00    0.00    6.00    0.00    0.00    0.00    1.00
19:54:55      26   85.15    0.00   11.88    0.00    0.00    1.98    0.00    0.00    0.00    0.99
19:54:55      27   87.88    0.00    9.09    0.00    0.00    2.02    0.00    0.00    0.00    1.01
19:54:55      28   84.16    0.00    9.90    0.00    0.00    3.96    0.00    0.00    0.00    1.98
19:54:55      29   84.85    0.00   10.10    0.00    0.00    4.04    0.00    0.00    0.00    1.01
19:54:55      30   81.82    0.00   12.12    0.00    0.00    5.05    0.00    0.00    0.00    1.01
19:54:55      31   81.00    0.00   13.00    0.00    0.00    4.00    0.00    0.00    0.00    2.00

19:54:55     CPU    %usr   %nice    %sys %iowait    %irq   %soft  %steal  %guest  %gnice   %idle
19:54:56     all   61.40    0.00    6.02    0.00    0.00    2.04    0.00    0.00    0.00   30.54
19:54:56       0   59.57    0.00    4.26    0.00    0.00    2.13    0.00    0.00    0.00   34.04
19:54:56       1   58.76    0.00    6.19    0.00    0.00    2.06    0.00    0.00    0.00   32.99
19:54:56       2   58.00    0.00    7.00    0.00    0.00    2.00    0.00    0.00    0.00   33.00
19:54:56       3   62.38    0.00    5.94    0.00    0.00    1.98    0.00    0.00    0.00   29.70
19:54:56       4   61.46    0.00    4.17    0.00    0.00    2.08    0.00    0.00    0.00   32.29
19:54:56       5   61.86    0.00    6.19    0.00    0.00    1.03    0.00    0.00    0.00   30.93
19:54:56       6   62.00    0.00    6.00    0.00    0.00    1.00    0.00    0.00    0.00   31.00
19:54:56       7   62.11    0.00    4.21    0.00    0.00    1.05    0.00    0.00    0.00   32.63
19:54:56       8   41.30    0.00    4.35    0.00    0.00    0.00    0.00    0.00    0.00   54.35
19:54:56       9   42.42    0.00    3.03    0.00    0.00    2.02    0.00    0.00    0.00   52.53
19:54:56      10   34.31    0.00    5.88    0.00    0.00    0.98    0.00    0.00    0.00   58.82
19:54:56      11   41.18    0.00    1.96    0.00    0.00    0.00    0.00    0.00    0.00   56.86
19:54:56      12   27.27    0.00    5.05    0.00    0.00    1.01    0.00    0.00    0.00   66.67
19:54:56      13   30.30    0.00    2.02    0.00    0.00    0.00    0.00    0.00    0.00   67.68
19:54:56      14   43.75    0.00    4.17    0.00    0.00    1.04    0.00    0.00    0.00   51.04
19:54:56      15   43.14    0.00    5.88    0.00    0.00    2.94    0.00    0.00    0.00   48.04
19:54:56      16   58.59    0.00    6.06    0.00    0.00    3.03    0.00    0.00    0.00   32.32
19:54:56      17   62.50    0.00    5.21    0.00    0.00    1.04    0.00    0.00    0.00   31.25
19:54:56      18   58.76    0.00    6.19    0.00    0.00    2.06    0.00    0.00    0.00   32.99
19:54:56      19   59.57    0.00    6.38    0.00    0.00    1.06    0.00    0.00    0.00   32.98
19:54:56      20   59.79    0.00    5.15    0.00    0.00    2.06    0.00    0.00    0.00   32.99
19:54:56      21   62.50    0.00    6.25    0.00    0.00    0.00    0.00    0.00    0.00   31.25
19:54:56      22   60.42    0.00    6.25    0.00    0.00    2.08    0.00    0.00    0.00   31.25
19:54:56      23   59.14    0.00    6.45    0.00    0.00    1.08    0.00    0.00    0.00   33.33
19:54:56      24   87.88    0.00    7.07    0.00    0.00    4.04    0.00    0.00    0.00    1.01
19:54:56      25   89.90    0.00    5.05    0.00    0.00    4.04    0.00    0.00    0.00    1.01
19:54:56      26   85.15    0.00    7.92    0.00    0.00    4.95    0.00    0.00    0.00    1.98
19:54:56      27   88.89    0.00    8.08    0.00    0.00    2.02    0.00    0.00    0.00    1.01
19:54:56      28   83.17    0.00   11.88    0.00    0.00    3.96    0.00    0.00    0.00    0.99
19:54:56      29   85.29    0.00    8.82    0.00    0.00    3.92    0.00    0.00    0.00    1.96
19:54:56      30   84.16    0.00   10.89    0.00    0.00    3.96    0.00    0.00    0.00    0.99
19:54:56      31   86.87    0.00    8.08    0.00    0.00    4.04    0.00    0.00    0.00    1.01

19:54:56     CPU    %usr   %nice    %sys %iowait    %irq   %soft  %steal  %guest  %gnice   %idle
19:54:57     all   60.42    0.00    7.40    0.00    0.00    1.90    0.00    0.00    0.00   30.28
19:54:57       0   60.61    0.00    6.06    0.00    0.00    3.03    0.00    0.00    0.00   30.30
19:54:57       1   59.79    0.00    8.25    0.00    0.00    0.00    0.00    0.00    0.00   31.96
19:54:57       2   61.39    0.00    4.95    0.00    0.00    1.98    0.00    0.00    0.00   31.68
19:54:57       3   58.76    0.00    6.19    0.00    0.00    2.06    0.00    0.00    0.00   32.99
19:54:57       4   57.89    0.00    8.42    0.00    0.00    1.05    0.00    0.00    0.00   32.63
19:54:57       5   60.42    0.00    6.25    0.00    0.00    2.08    0.00    0.00    0.00   31.25
19:54:57       6   56.86    0.00   11.76    0.00    0.00    0.98    0.00    0.00    0.00   30.39
19:54:57       7   59.18    0.00    7.14    0.00    0.00    2.04    0.00    0.00    0.00   31.63
19:54:57       8   41.41    0.00    3.03    0.00    0.00    0.00    0.00    0.00    0.00   55.56
19:54:57       9   36.73    0.00    5.10    0.00    0.00    2.04    0.00    0.00    0.00   56.12
19:54:57      10   37.25    0.00    5.88    0.00    0.00    0.98    0.00    0.00    0.00   55.88
19:54:57      11   31.58    0.00    4.21    0.00    0.00    0.00    0.00    0.00    0.00   64.21
19:54:57      12   43.43    0.00    4.04    0.00    0.00    1.01    0.00    0.00    0.00   51.52
19:54:57      13   42.71    0.00    4.17    0.00    0.00    1.04    0.00    0.00    0.00   52.08
19:54:57      14   34.74    0.00    1.05    0.00    0.00    1.05    0.00    0.00    0.00   63.16
19:54:57      15   32.99    0.00    4.12    0.00    0.00    0.00    0.00    0.00    0.00   62.89
19:54:57      16   58.00    0.00    8.00    0.00    0.00    2.00    0.00    0.00    0.00   32.00
19:54:57      17   59.80    0.00    6.86    0.00    0.00    0.98    0.00    0.00    0.00   32.35
19:54:57      18   56.70    0.00    8.25    0.00    0.00    2.06    0.00    0.00    0.00   32.99
19:54:57      19   62.77    0.00    3.19    0.00    0.00    1.06    0.00    0.00    0.00   32.98
19:54:57      20   61.62    0.00    7.07    0.00    0.00    2.02    0.00    0.00    0.00   29.29
19:54:57      21   62.14    0.00    6.80    0.00    0.00    0.97    0.00    0.00    0.00   30.10
19:54:57      22   64.29    0.00    2.04    0.00    0.00    1.02    0.00    0.00    0.00   32.65
19:54:57      23   59.18    0.00    6.12    0.00    0.00    2.04    0.00    0.00    0.00   32.65
19:54:57      24   84.16    0.00   10.89    0.00    0.00    3.96    0.00    0.00    0.00    0.99
19:54:57      25   86.14    0.00   10.89    0.00    0.00    1.98    0.00    0.00    0.00    0.99
19:54:57      26   85.15    0.00    9.90    0.00    0.00    3.96    0.00    0.00    0.00    0.99
19:54:57      27   83.33    0.00   11.76    0.00    0.00    3.92    0.00    0.00    0.00    0.98
19:54:57      28   81.63    0.00   14.29    0.00    0.00    4.08    0.00    0.00    0.00    0.00
19:54:57      29   80.20    0.00   12.87    0.00    0.00    5.94    0.00    0.00    0.00    0.99
19:54:57      30   81.82    0.00   14.14    0.00    0.00    3.03    0.00    0.00    0.00    1.01
19:54:57      31   85.15    0.00   11.88    0.00    0.00    1.98    0.00    0.00    0.00    0.99

19:54:57     CPU    %usr   %nice    %sys %iowait    %irq   %soft  %steal  %guest  %gnice   %idle
19:54:58     all   60.47    0.00    6.95    0.00    0.00    1.96    0.00    0.00    0.00   30.62
19:54:58       0   58.51    0.00    6.38    0.00    0.00    2.13    0.00    0.00    0.00   32.98
19:54:58       1   60.40    0.00    6.93    0.00    0.00    1.98    0.00    0.00    0.00   30.69
19:54:58       2   60.42    0.00    5.21    0.00    0.00    1.04    0.00    0.00    0.00   33.33
19:54:58       3   57.73    0.00    5.15    0.00    0.00    3.09    0.00    0.00    0.00   34.02
19:54:58       4   61.46    0.00    5.21    0.00    0.00    2.08    0.00    0.00    0.00   31.25
19:54:58       5   59.41    0.00    5.94    0.00    0.00    1.98    0.00    0.00    0.00   32.67
19:54:58       6   66.00    0.00    5.00    0.00    0.00    1.00    0.00    0.00    0.00   28.00
19:54:58       7   61.22    0.00    6.12    0.00    0.00    3.06    0.00    0.00    0.00   29.59
19:54:58       8   44.44    0.00    4.04    0.00    0.00    2.02    0.00    0.00    0.00   49.49
19:54:58       9   43.00    0.00    8.00    0.00    0.00    2.00    0.00    0.00    0.00   47.00
19:54:58      10   28.87    0.00    2.06    0.00    0.00    0.00    0.00    0.00    0.00   69.07
19:54:58      11   28.43    0.00    3.92    0.00    0.00    0.98    0.00    0.00    0.00   66.67
19:54:58      12   37.25    0.00    3.92    0.00    0.00    0.00    0.00    0.00    0.00   58.82
19:54:58      13   35.71    0.00    2.04    0.00    0.00    1.02    0.00    0.00    0.00   61.22
19:54:58      14   41.41    0.00    3.03    0.00    0.00    2.02    0.00    0.00    0.00   53.54
19:54:58      15   42.86    0.00    3.06    0.00    0.00    1.02    0.00    0.00    0.00   53.06
19:54:58      16   59.79    0.00    5.15    0.00    0.00    2.06    0.00    0.00    0.00   32.99
19:54:58      17   57.45    0.00    8.51    0.00    0.00    1.06    0.00    0.00    0.00   32.98
19:54:58      18   63.73    0.00    3.92    0.00    0.00    0.00    0.00    0.00    0.00   32.35
19:54:58      19   59.00    0.00    6.00    0.00    0.00    2.00    0.00    0.00    0.00   33.00
19:54:58      20   57.84    0.00    8.82    0.00    0.00    1.96    0.00    0.00    0.00   31.37
19:54:58      21   59.41    0.00    6.93    0.00    0.00    0.99    0.00    0.00    0.00   32.67
19:54:58      22   57.89    0.00    8.42    0.00    0.00    2.11    0.00    0.00    0.00   31.58
19:54:58      23   61.96    0.00    4.35    0.00    0.00    1.09    0.00    0.00    0.00   32.61
19:54:58      24   80.20    0.00   12.87    0.00    0.00    4.95    0.00    0.00    0.00    1.98
19:54:58      25   86.14    0.00    8.91    0.00    0.00    2.97    0.00    0.00    0.00    1.98
19:54:58      26   82.83    0.00   13.13    0.00    0.00    3.03    0.00    0.00    0.00    1.01
19:54:58      27   87.13    0.00    8.91    0.00    0.00    1.98    0.00    0.00    0.00    1.98
19:54:58      28   80.20    0.00   14.85    0.00    0.00    2.97    0.00    0.00    0.00    1.98
19:54:58      29   81.00    0.00   13.00    0.00    0.00    5.00    0.00    0.00    0.00    1.00
19:54:58      30   85.15    0.00   10.89    0.00    0.00    2.97    0.00    0.00    0.00    0.99
19:54:58      31   86.00    0.00   11.00    0.00    0.00    2.00    0.00    0.00    0.00    1.00

19:54:58     CPU    %usr   %nice    %sys %iowait    %irq   %soft  %steal  %guest  %gnice   %idle
19:54:59     all   60.51    0.00    7.28    0.00    0.00    2.07    0.00    0.00    0.00   30.13
19:54:59       0   59.80    0.00    8.82    0.00    0.00    0.98    0.00    0.00    0.00   30.39
19:54:59       1   57.00    0.00    8.00    0.00    0.00    2.00    0.00    0.00    0.00   33.00
19:54:59       2   60.82    0.00    6.19    0.00    0.00    2.06    0.00    0.00    0.00   30.93
19:54:59       3   60.40    0.00    8.91    0.00    0.00    0.99    0.00    0.00    0.00   29.70
19:54:59       4   61.62    0.00    5.05    0.00    0.00    2.02    0.00    0.00    0.00   31.31
19:54:59       5   60.00    0.00    7.00    0.00    0.00    3.00    0.00    0.00    0.00   30.00
19:54:59       6   61.39    0.00    6.93    0.00    0.00    0.99    0.00    0.00    0.00   30.69
19:54:59       7   60.00    0.00    4.00    0.00    0.00    3.00    0.00    0.00    0.00   33.00
19:54:59       8   43.00    0.00    3.00    0.00    0.00    1.00    0.00    0.00    0.00   53.00
19:54:59       9   41.41    0.00    3.03    0.00    0.00    2.02    0.00    0.00    0.00   53.54
19:54:59      10   28.57    0.00    6.12    0.00    0.00    2.04    0.00    0.00    0.00   63.27
19:54:59      11   36.63    0.00    2.97    0.00    0.00    0.00    0.00    0.00    0.00   60.40
19:54:59      12   38.00    0.00    4.00    0.00    0.00    0.00    0.00    0.00    0.00   58.00
19:54:59      13   33.33    0.00    4.17    0.00    0.00    1.04    0.00    0.00    0.00   61.46
19:54:59      14   46.15    0.00    3.85    0.00    0.00    0.00    0.00    0.00    0.00   50.00
19:54:59      15   46.23    0.00    3.77    0.00    0.00    0.94    0.00    0.00    0.00   49.06
19:54:59      16   58.51    0.00    5.32    0.00    0.00    1.06    0.00    0.00    0.00   35.11
19:54:59      17   58.00    0.00    7.00    0.00    0.00    2.00    0.00    0.00    0.00   33.00
19:54:59      18   60.82    0.00    5.15    0.00    0.00    2.06    0.00    0.00    0.00   31.96
19:54:59      19   60.61    0.00    6.06    0.00    0.00    3.03    0.00    0.00    0.00   30.30
19:54:59      20   62.24    0.00    6.12    0.00    0.00    0.00    0.00    0.00    0.00   31.63
19:54:59      21   56.12    0.00    8.16    0.00    0.00    3.06    0.00    0.00    0.00   32.65
19:54:59      22   57.14    0.00    9.18    0.00    0.00    2.04    0.00    0.00    0.00   31.63
19:54:59      23   60.40    0.00    6.93    0.00    0.00    1.98    0.00    0.00    0.00   30.69
19:54:59      24   83.84    0.00   10.10    0.00    0.00    5.05    0.00    0.00    0.00    1.01
19:54:59      25   85.86    0.00   12.12    0.00    0.00    2.02    0.00    0.00    0.00    0.00
19:54:59      26   82.00    0.00   11.00    0.00    0.00    5.00    0.00    0.00    0.00    2.00
19:54:59      27   79.59    0.00   15.31    0.00    0.00    4.08    0.00    0.00    0.00    1.02
19:54:59      28   86.00    0.00   11.00    0.00    0.00    2.00    0.00    0.00    0.00    1.00
19:54:59      29   83.00    0.00   12.00    0.00    0.00    4.00    0.00    0.00    0.00    1.00
19:54:59      30   86.00    0.00   11.00    0.00    0.00    2.00    0.00    0.00    0.00    1.00
19:54:59      31   82.18    0.00   10.89    0.00    0.00    4.95    0.00    0.00    0.00    1.98

19:54:59     CPU    %usr   %nice    %sys %iowait    %irq   %soft  %steal  %guest  %gnice   %idle
19:55:00     all   60.04    0.00    6.88    0.00    0.00    2.16    0.00    0.00    0.00   30.91
19:55:00       0   61.00    0.00    6.00    0.00    0.00    2.00    0.00    0.00    0.00   31.00
19:55:00       1   64.21    0.00    4.21    0.00    0.00    1.05    0.00    0.00    0.00   30.53
19:55:00       2   61.00    0.00    3.00    0.00    0.00    3.00    0.00    0.00    0.00   33.00
19:55:00       3   59.80    0.00    6.86    0.00    0.00    1.96    0.00    0.00    0.00   31.37
19:55:00       4   57.29    0.00    6.25    0.00    0.00    2.08    0.00    0.00    0.00   34.38
19:55:00       5   61.39    0.00    5.94    0.00    0.00    0.99    0.00    0.00    0.00   31.68
19:55:00       6   62.14    0.00    5.83    0.00    0.00    1.94    0.00    0.00    0.00   30.10
19:55:00       7   61.17    0.00    5.83    0.00    0.00    1.94    0.00    0.00    0.00   31.07
19:55:00       8   34.95    0.00    5.83    0.00    0.00    0.97    0.00    0.00    0.00   58.25
19:55:00       9   34.69    0.00    3.06    0.00    0.00    0.00    0.00    0.00    0.00   62.24
19:55:00      10   37.11    0.00    4.12    0.00    0.00    0.00    0.00    0.00    0.00   58.76
19:55:00      11   37.23    0.00    1.06    0.00    0.00    2.13    0.00    0.00    0.00   59.57
19:55:00      12   34.41    0.00    3.23    0.00    0.00    1.08    0.00    0.00    0.00   61.29
19:55:00      13   29.47    0.00    3.16    0.00    0.00    1.05    0.00    0.00    0.00   66.32
19:55:00      14   45.92    0.00    4.08    0.00    0.00    1.02    0.00    0.00    0.00   48.98
19:55:00      15   40.00    0.00    5.26    0.00    0.00    2.11    0.00    0.00    0.00   52.63
19:55:00      16   57.00    0.00    9.00    0.00    0.00    3.00    0.00    0.00    0.00   31.00
19:55:00      17   59.38    0.00    7.29    0.00    0.00    1.04    0.00    0.00    0.00   32.29
19:55:00      18   57.14    0.00    8.16    0.00    0.00    1.02    0.00    0.00    0.00   33.67
19:55:00      19   59.41    0.00    5.94    0.00    0.00    1.98    0.00    0.00    0.00   32.67
19:55:00      20   56.99    0.00    7.53    0.00    0.00    1.08    0.00    0.00    0.00   34.41
19:55:00      21   59.79    0.00    6.19    0.00    0.00    1.03    0.00    0.00    0.00   32.99
19:55:00      22   58.95    0.00    6.32    0.00    0.00    1.05    0.00    0.00    0.00   33.68
19:55:00      23   60.42    0.00    6.25    0.00    0.00    0.00    0.00    0.00    0.00   33.33
19:55:00      24   83.84    0.00   13.13    0.00    0.00    2.02    0.00    0.00    0.00    1.01
19:55:00      25   84.00    0.00   10.00    0.00    0.00    4.00    0.00    0.00    0.00    2.00
19:55:00      26   85.71    0.00   10.20    0.00    0.00    3.06    0.00    0.00    0.00    1.02
19:55:00      27   82.83    0.00   12.12    0.00    0.00    3.03    0.00    0.00    0.00    2.02
19:55:00      28   81.82    0.00   12.12    0.00    0.00    5.05    0.00    0.00    0.00    1.01
19:55:00      29   84.85    0.00    7.07    0.00    0.00    7.07    0.00    0.00    0.00    1.01
19:55:00      30   77.78    0.00   14.14    0.00    0.00    7.07    0.00    0.00    0.00    1.01
19:55:00      31   84.85    0.00   10.10    0.00    0.00    4.04    0.00    0.00    0.00    1.01

19:55:00     CPU    %usr   %nice    %sys %iowait    %irq   %soft  %steal  %guest  %gnice   %idle
19:55:01     all   60.58    0.00    6.64    0.00    0.00    2.15    0.00    0.00    0.00   30.64
19:55:01       0   58.59    0.00    5.05    0.00    0.00    3.03    0.00    0.00    0.00   33.33
19:55:01       1   55.56    0.00    8.08    0.00    0.00    2.02    0.00    0.00    0.00   34.34
19:55:01       2   61.86    0.00    5.15    0.00    0.00    1.03    0.00    0.00    0.00   31.96
19:55:01       3   62.75    0.00    5.88    0.00    0.00    0.98    0.00    0.00    0.00   30.39
19:55:01       4   57.00    0.00    8.00    0.00    0.00    3.00    0.00    0.00    0.00   32.00
19:55:01       5   59.57    0.00    5.32    0.00    0.00    2.13    0.00    0.00    0.00   32.98
19:55:01       6   58.82    0.00    7.84    0.00    0.00    0.98    0.00    0.00    0.00   32.35
19:55:01       7   60.20    0.00    6.12    0.00    0.00    1.02    0.00    0.00    0.00   32.65
19:55:01       8   33.68    0.00    4.21    0.00    0.00    0.00    0.00    0.00    0.00   62.11
19:55:01       9   36.00    0.00    4.00    0.00    0.00    2.00    0.00    0.00    0.00   58.00
19:55:01      10   31.18    0.00    3.23    0.00    0.00    1.08    0.00    0.00    0.00   64.52
19:55:01      11   27.96    0.00    4.30    0.00    0.00    1.08    0.00    0.00    0.00   66.67
19:55:01      12   39.13    0.00    2.17    0.00    0.00    1.09    0.00    0.00    0.00   57.61
19:55:01      13   45.54    0.00    3.96    0.00    0.00    0.99    0.00    0.00    0.00   49.50
19:55:01      14   40.62    0.00    4.17    0.00    0.00    1.04    0.00    0.00    0.00   54.17
19:55:01      15   47.06    0.00    2.94    0.00    0.00    0.98    0.00    0.00    0.00   49.02
19:55:01      16   58.51    0.00    5.32    0.00    0.00    1.06    0.00    0.00    0.00   35.11
19:55:01      17   57.58    0.00    5.05    0.00    0.00    2.02    0.00    0.00    0.00   35.35
19:55:01      18   61.62    0.00    4.04    0.00    0.00    3.03    0.00    0.00    0.00   31.31
19:55:01      19   61.76    0.00    3.92    0.00    0.00    1.96    0.00    0.00    0.00   32.35
19:55:01      20   60.78    0.00    6.86    0.00    0.00    1.96    0.00    0.00    0.00   30.39
19:55:01      21   63.11    0.00    4.85    0.00    0.00    1.94    0.00    0.00    0.00   30.10
19:55:01      22   62.75    0.00    2.94    0.00    0.00    1.96    0.00    0.00    0.00   32.35
19:55:01      23   63.11    0.00    3.88    0.00    0.00    1.94    0.00    0.00    0.00   31.07
19:55:01      24   83.00    0.00   11.00    0.00    0.00    5.00    0.00    0.00    0.00    1.00
19:55:01      25   85.71    0.00   10.20    0.00    0.00    3.06    0.00    0.00    0.00    1.02
19:55:01      26   80.00    0.00   14.00    0.00    0.00    5.00    0.00    0.00    0.00    1.00
19:55:01      27   82.18    0.00   11.88    0.00    0.00    4.95    0.00    0.00    0.00    0.99
19:55:01      28   84.00    0.00   13.00    0.00    0.00    2.00    0.00    0.00    0.00    1.00
19:55:01      29   82.83    0.00   11.11    0.00    0.00    4.04    0.00    0.00    0.00    2.02
19:55:01      30   85.86    0.00    9.09    0.00    0.00    4.04    0.00    0.00    0.00    1.01
19:55:01      31   82.83    0.00   14.14    0.00    0.00    2.02    0.00    0.00    0.00    1.01

19:55:01     CPU    %usr   %nice    %sys %iowait    %irq   %soft  %steal  %guest  %gnice   %idle
19:55:02     all   60.25    0.00    7.70    0.00    0.00    1.68    0.00    0.00    0.00   30.36
19:55:02       0   59.38    0.00    7.29    0.00    0.00    1.04    0.00    0.00    0.00   32.29
19:55:02       1   59.38    0.00    7.29    0.00    0.00    1.04    0.00    0.00    0.00   32.29
19:55:02       2   59.00    0.00    7.00    0.00    0.00    1.00    0.00    0.00    0.00   33.00
19:55:02       3   62.38    0.00    3.96    0.00    0.00    1.98    0.00    0.00    0.00   31.68
19:55:02       4   58.59    0.00    8.08    0.00    0.00    2.02    0.00    0.00    0.00   31.31
19:55:02       5   60.20    0.00    8.16    0.00    0.00    1.02    0.00    0.00    0.00   30.61
19:55:02       6   58.76    0.00    7.22    0.00    0.00    1.03    0.00    0.00    0.00   32.99
19:55:02       7   59.79    0.00    7.22    0.00    0.00    1.03    0.00    0.00    0.00   31.96
19:55:02       8   39.39    0.00    2.02    0.00    0.00    0.00    0.00    0.00    0.00   58.59
19:55:02       9   33.00    0.00    7.00    0.00    0.00    1.00    0.00    0.00    0.00   59.00
19:55:02      10   40.62    0.00    4.17    0.00    0.00    1.04    0.00    0.00    0.00   54.17
19:55:02      11   42.86    0.00    3.06    0.00    0.00    1.02    0.00    0.00    0.00   53.06
19:55:02      12   33.67    0.00    4.08    0.00    0.00    1.02    0.00    0.00    0.00   61.22
19:55:02      13   32.65    0.00    5.10    0.00    0.00    0.00    0.00    0.00    0.00   62.24
19:55:02      14   41.05    0.00    3.16    0.00    0.00    0.00    0.00    0.00    0.00   55.79
19:55:02      15   42.71    0.00    5.21    0.00    0.00    0.00    0.00    0.00    0.00   52.08
19:55:02      16   59.41    0.00    5.94    0.00    0.00    2.97    0.00    0.00    0.00   31.68
19:55:02      17   62.24    0.00    6.12    0.00    0.00    1.02    0.00    0.00    0.00   30.61
19:55:02      18   62.63    0.00    5.05    0.00    0.00    0.00    0.00    0.00    0.00   32.32
19:55:02      19   61.17    0.00    5.83    0.00    0.00    0.97    0.00    0.00    0.00   32.04
19:55:02      20   61.76    0.00    5.88    0.00    0.00    0.98    0.00    0.00    0.00   31.37
19:55:02      21   54.35    0.00    9.78    0.00    0.00    3.26    0.00    0.00    0.00   32.61
19:55:02      22   57.43    0.00   10.89    0.00    0.00    0.00    0.00    0.00    0.00   31.68
19:55:02      23   57.73    0.00    8.25    0.00    0.00    1.03    0.00    0.00    0.00   32.99
19:55:02      24   83.67    0.00   12.24    0.00    0.00    3.06    0.00    0.00    0.00    1.02
19:55:02      25   86.00    0.00    9.00    0.00    0.00    4.00    0.00    0.00    0.00    1.00
19:55:02      26   84.00    0.00   12.00    0.00    0.00    3.00    0.00    0.00    0.00    1.00
19:55:02      27   80.81    0.00   13.13    0.00    0.00    5.05    0.00    0.00    0.00    1.01
19:55:02      28   81.00    0.00   14.00    0.00    0.00    4.00    0.00    0.00    0.00    1.00
19:55:02      29   84.16    0.00   10.89    0.00    0.00    2.97    0.00    0.00    0.00    1.98
19:55:02      30   81.00    0.00   14.00    0.00    0.00    4.00    0.00    0.00    0.00    1.00
19:55:02      31   83.00    0.00   13.00    0.00    0.00    3.00    0.00    0.00    0.00    1.00

19:55:02     CPU    %usr   %nice    %sys %iowait    %irq   %soft  %steal  %guest  %gnice   %idle
19:55:03     all   60.76    0.00    6.57    0.00    0.00    2.05    0.00    0.00    0.00   30.62
19:55:03       0   59.18    0.00    6.12    0.00    0.00    2.04    0.00    0.00    0.00   32.65
19:55:03       1   64.15    0.00    5.66    0.00    0.00    0.00    0.00    0.00    0.00   30.19
19:55:03       2   64.00    0.00    3.00    0.00    0.00    0.00    0.00    0.00    0.00   33.00
19:55:03       3   57.43    0.00    6.93    0.00    0.00    1.98    0.00    0.00    0.00   33.66
19:55:03       4   55.67    0.00    7.22    0.00    0.00    2.06    0.00    0.00    0.00   35.05
19:55:03       5   59.18    0.00    4.08    0.00    0.00    3.06    0.00    0.00    0.00   33.67
19:55:03       6   60.61    0.00    7.07    0.00    0.00    0.00    0.00    0.00    0.00   32.32
19:55:03       7   60.42    0.00    4.17    0.00    0.00    1.04    0.00    0.00    0.00   34.38
19:55:03       8   30.11    0.00    3.23    0.00    0.00    1.08    0.00    0.00    0.00   65.59
19:55:03       9   32.29    0.00    4.17    0.00    0.00    1.04    0.00    0.00    0.00   62.50
19:55:03      10   38.78    0.00    6.12    0.00    0.00    2.04    0.00    0.00    0.00   53.06
19:55:03      11   38.00    0.00    5.00    0.00    0.00    2.00    0.00    0.00    0.00   55.00
19:55:03      12   33.68    0.00    4.21    0.00    0.00    2.11    0.00    0.00    0.00   60.00
19:55:03      13   41.00    0.00    2.00    0.00    0.00    2.00    0.00    0.00    0.00   55.00
19:55:03      14   44.21    0.00    2.11    0.00    0.00    1.05    0.00    0.00    0.00   52.63
19:55:03      15   42.86    0.00    3.06    0.00    0.00    1.02    0.00    0.00    0.00   53.06
19:55:03      16   61.62    0.00    6.06    0.00    0.00    1.01    0.00    0.00    0.00   31.31
19:55:03      17   63.00    0.00    5.00    0.00    0.00    1.00    0.00    0.00    0.00   31.00
19:55:03      18   59.22    0.00    6.80    0.00    0.00    2.91    0.00    0.00    0.00   31.07
19:55:03      19   56.25    0.00    8.33    0.00    0.00    1.04    0.00    0.00    0.00   34.38
19:55:03      20   62.38    0.00    5.94    0.00    0.00    0.99    0.00    0.00    0.00   30.69
19:55:03      21   58.06    0.00    5.38    0.00    0.00    1.08    0.00    0.00    0.00   35.48
19:55:03      22   60.19    0.00    5.83    0.00    0.00    1.94    0.00    0.00    0.00   32.04
19:55:03      23   61.54    0.00    6.73    0.00    0.00    0.96    0.00    0.00    0.00   30.77
19:55:03      24   84.00    0.00   11.00    0.00    0.00    4.00    0.00    0.00    0.00    1.00
19:55:03      25   83.00    0.00   12.00    0.00    0.00    4.00    0.00    0.00    0.00    1.00
19:55:03      26   86.87    0.00    8.08    0.00    0.00    4.04    0.00    0.00    0.00    1.01
19:55:03      27   85.00    0.00    9.00    0.00    0.00    5.00    0.00    0.00    0.00    1.00
19:55:03      28   86.87    0.00    9.09    0.00    0.00    3.03    0.00    0.00    0.00    1.01
19:55:03      29   83.17    0.00   10.89    0.00    0.00    4.95    0.00    0.00    0.00    0.99
19:55:03      30   81.82    0.00   13.13    0.00    0.00    4.04    0.00    0.00    0.00    1.01
19:55:03      31   83.17    0.00   11.88    0.00    0.00    2.97    0.00    0.00    0.00    1.98

19:55:03     CPU    %usr   %nice    %sys %iowait    %irq   %soft  %steal  %guest  %gnice   %idle
19:55:04     all   59.96    0.00    7.43    0.00    0.00    1.87    0.00    0.00    0.00   30.74
19:55:04       0   58.59    0.00    8.08    0.00    0.00    1.01    0.00    0.00    0.00   32.32
19:55:04       1   59.41    0.00    6.93    0.00    0.00    1.98    0.00    0.00    0.00   31.68
19:55:04       2   58.42    0.00    5.94    0.00    0.00    3.96    0.00    0.00    0.00   31.68
19:55:04       3   60.40    0.00    6.93    0.00    0.00    0.99    0.00    0.00    0.00   31.68
19:55:04       4   53.76    0.00    9.68    0.00    0.00    2.15    0.00    0.00    0.00   34.41
19:55:04       5   57.58    0.00    9.09    0.00    0.00    1.01    0.00    0.00    0.00   32.32
19:55:04       6   59.14    0.00    5.38    0.00    0.00    2.15    0.00    0.00    0.00   33.33
19:55:04       7   59.57    0.00    5.32    0.00    0.00    1.06    0.00    0.00    0.00   34.04
19:55:04       8   41.75    0.00    4.85    0.00    0.00    0.97    0.00    0.00    0.00   52.43
19:55:04       9   38.14    0.00    4.12    0.00    0.00    2.06    0.00    0.00    0.00   55.67
19:55:04      10   36.46    0.00    3.12    0.00    0.00    1.04    0.00    0.00    0.00   59.38
19:55:04      11   38.78    0.00    5.10    0.00    0.00    0.00    0.00    0.00    0.00   56.12
19:55:04      12   35.11    0.00    2.13    0.00    0.00    0.00    0.00    0.00    0.00   62.77
19:55:04      13   36.36    0.00    3.03    0.00    0.00    1.01    0.00    0.00    0.00   59.60
19:55:04      14   38.38    0.00    5.05    0.00    0.00    1.01    0.00    0.00    0.00   55.56
19:55:04      15   37.62    0.00    6.93    0.00    0.00    0.99    0.00    0.00    0.00   54.46
19:55:04      16   58.59    0.00    7.07    0.00    0.00    2.02    0.00    0.00    0.00   32.32
19:55:04      17   61.22    0.00    6.12    0.00    0.00    0.00    0.00    0.00    0.00   32.65
19:55:04      18   60.00    0.00    6.00    0.00    0.00    0.00    0.00    0.00    0.00   34.00
19:55:04      19   57.29    0.00    6.25    0.00    0.00    3.12    0.00    0.00    0.00   33.33
19:55:04      20   58.59    0.00    8.08    0.00    0.00    1.01    0.00    0.00    0.00   32.32
19:55:04      21   60.78    0.00    5.88    0.00    0.00    0.98    0.00    0.00    0.00   32.35
19:55:04      22   61.62    0.00    6.06    0.00    0.00    1.01    0.00    0.00    0.00   31.31
19:55:04      23   54.17    0.00    7.29    0.00    0.00    2.08    0.00    0.00    0.00   36.46
19:55:04      24   83.17    0.00   12.87    0.00    0.00    2.97    0.00    0.00    0.00    0.99
19:55:04      25   86.00    0.00    9.00    0.00    0.00    4.00    0.00    0.00    0.00    1.00
19:55:04      26   84.16    0.00   11.88    0.00    0.00    2.97    0.00    0.00    0.00    0.99
19:55:04      27   84.16    0.00   11.88    0.00    0.00    2.97    0.00    0.00    0.00    0.99
19:55:04      28   84.31    0.00   11.76    0.00    0.00    2.94    0.00    0.00    0.00    0.98
19:55:04      29   82.83    0.00   11.11    0.00    0.00    5.05    0.00    0.00    0.00    1.01
19:55:04      30   84.00    0.00   12.00    0.00    0.00    3.00    0.00    0.00    0.00    1.00
19:55:04      31   83.17    0.00   11.88    0.00    0.00    3.96    0.00    0.00    0.00    0.99

19:55:04     CPU    %usr   %nice    %sys %iowait    %irq   %soft  %steal  %guest  %gnice   %idle
19:55:05     all   61.26    0.00    6.92    0.00    0.00    1.60    0.00    0.00    0.00   30.22
19:55:05       0   61.00    0.00    5.00    0.00    0.00    2.00    0.00    0.00    0.00   32.00
19:55:05       1   58.59    0.00    7.07    0.00    0.00    2.02    0.00    0.00    0.00   32.32
19:55:05       2   60.61    0.00    7.07    0.00    0.00    1.01    0.00    0.00    0.00   31.31
19:55:05       3   59.22    0.00    7.77    0.00    0.00    1.94    0.00    0.00    0.00   31.07
19:55:05       4   55.91    0.00    7.53    0.00    0.00    2.15    0.00    0.00    0.00   34.41
19:55:05       5   62.38    0.00    5.94    0.00    0.00    0.99    0.00    0.00    0.00   30.69
19:55:05       6   58.76    0.00    6.19    0.00    0.00    1.03    0.00    0.00    0.00   34.02
19:55:05       7   58.25    0.00    6.80    0.00    0.00    1.94    0.00    0.00    0.00   33.01
19:55:05       8   37.76    0.00    3.06    0.00    0.00    0.00    0.00    0.00    0.00   59.18
19:55:05       9   38.54    0.00    2.08    0.00    0.00    0.00    0.00    0.00    0.00   59.38
19:55:05      10   44.34    0.00    3.77    0.00    0.00    0.00    0.00    0.00    0.00   51.89
19:55:05      11   34.00    0.00    7.00    0.00    0.00    1.00    0.00    0.00    0.00   58.00
19:55:05      12   38.78    0.00    4.08    0.00    0.00    1.02    0.00    0.00    0.00   56.12
19:55:05      13   42.00    0.00    3.00    0.00    0.00    1.00    0.00    0.00    0.00   54.00
19:55:05      14   39.36    0.00    4.26    0.00    0.00    0.00    0.00    0.00    0.00   56.38
19:55:05      15   44.79    0.00    3.12    0.00    0.00    0.00    0.00    0.00    0.00   52.08
19:55:05      16   58.33    0.00    6.25    0.00    0.00    1.04    0.00    0.00    0.00   34.38
19:55:05      17   59.00    0.00    6.00    0.00    0.00    2.00    0.00    0.00    0.00   33.00
19:55:05      18   61.54    0.00    3.85    0.00    0.00    1.92    0.00    0.00    0.00   32.69
19:55:05      19   61.46    0.00    4.17    0.00    0.00    1.04    0.00    0.00    0.00   33.33
19:55:05      20   63.27    0.00    3.06    0.00    0.00    1.02    0.00    0.00    0.00   32.65
19:55:05      21   63.46    0.00    5.77    0.00    0.00    1.92    0.00    0.00    0.00   28.85
19:55:05      22   62.00    0.00    6.00    0.00    0.00    1.00    0.00    0.00    0.00   31.00
19:55:05      23   61.62    0.00    6.06    0.00    0.00    0.00    0.00    0.00    0.00   32.32
19:55:05      24   85.00    0.00   12.00    0.00    0.00    2.00    0.00    0.00    0.00    1.00
19:55:05      25   84.16    0.00   12.87    0.00    0.00    1.98    0.00    0.00    0.00    0.99
19:55:05      26   84.16    0.00   11.88    0.00    0.00    2.97    0.00    0.00    0.00    0.99
19:55:05      27   84.16    0.00   10.89    0.00    0.00    3.96    0.00    0.00    0.00    0.99
19:55:05      28   85.57    0.00   12.37    0.00    0.00    2.06    0.00    0.00    0.00    0.00
19:55:05      29   84.00    0.00   12.00    0.00    0.00    3.00    0.00    0.00    0.00    1.00
19:55:05      30   83.17    0.00   11.88    0.00    0.00    3.96    0.00    0.00    0.00    0.99
19:55:05      31   81.82    0.00   12.12    0.00    0.00    5.05    0.00    0.00    0.00    1.01

19:55:05     CPU    %usr   %nice    %sys %iowait    %irq   %soft  %steal  %guest  %gnice   %idle
19:55:06     all   60.63    0.00    6.79    0.00    0.00    2.05    0.00    0.00    0.00   30.52
19:55:06       0   58.76    0.00    7.22    0.00    0.00    2.06    0.00    0.00    0.00   31.96
19:55:06       1   56.84    0.00    6.32    0.00    0.00    2.11    0.00    0.00    0.00   34.74
19:55:06       2   60.61    0.00    5.05    0.00    0.00    1.01    0.00    0.00    0.00   33.33
19:55:06       3   58.33    0.00    6.25    0.00    0.00    2.08    0.00    0.00    0.00   33.33
19:55:06       4   57.45    0.00    6.38    0.00    0.00    1.06    0.00    0.00    0.00   35.11
19:55:06       5   60.61    0.00    6.06    0.00    0.00    1.01    0.00    0.00    0.00   32.32
19:55:06       6   60.64    0.00    5.32    0.00    0.00    1.06    0.00    0.00    0.00   32.98
19:55:06       7   59.79    0.00    7.22    0.00    0.00    1.03    0.00    0.00    0.00   31.96
19:55:06       8   33.00    0.00    5.00    0.00    0.00    0.00    0.00    0.00    0.00   62.00
19:55:06       9   36.63    0.00    2.97    0.00    0.00    0.00    0.00    0.00    0.00   60.40
19:55:06      10   37.62    0.00    2.97    0.00    0.00    0.99    0.00    0.00    0.00   58.42
19:55:06      11   38.14    0.00    2.06    0.00    0.00    1.03    0.00    0.00    0.00   58.76
19:55:06      12   43.30    0.00    4.12    0.00    0.00    2.06    0.00    0.00    0.00   50.52
19:55:06      13   46.39    0.00    4.12    0.00    0.00    2.06    0.00    0.00    0.00   47.42
19:55:06      14   42.57    0.00    2.97    0.00    0.00    0.99    0.00    0.00    0.00   53.47
19:55:06      15   43.69    0.00    4.85    0.00    0.00    1.94    0.00    0.00    0.00   49.51
19:55:06      16   57.00    0.00    6.00    0.00    0.00    3.00    0.00    0.00    0.00   34.00
19:55:06      17   61.00    0.00    6.00    0.00    0.00    2.00    0.00    0.00    0.00   31.00
19:55:06      18   55.32    0.00    8.51    0.00    0.00    1.06    0.00    0.00    0.00   35.11
19:55:06      19   63.27    0.00    3.06    0.00    0.00    2.04    0.00    0.00    0.00   31.63
19:55:06      20   57.89    0.00    6.32    0.00    0.00    1.05    0.00    0.00    0.00   34.74
19:55:06      21   60.20    0.00    6.12    0.00    0.00    0.00    0.00    0.00    0.00   33.67
19:55:06      22   57.84    0.00    6.86    0.00    0.00    1.96    0.00    0.00    0.00   33.33
19:55:06      23   62.62    0.00    6.54    0.00    0.00    0.00    0.00    0.00    0.00   30.84
19:55:06      24   84.16    0.00    9.90    0.00    0.00    3.96    0.00    0.00    0.00    1.98
19:55:06      25   84.00    0.00   11.00    0.00    0.00    4.00    0.00    0.00    0.00    1.00
19:55:06      26   85.86    0.00   10.10    0.00    0.00    3.03    0.00    0.00    0.00    1.01
19:55:06      27   82.00    0.00   11.00    0.00    0.00    6.00    0.00    0.00    0.00    1.00
19:55:06      28   83.33    0.00   11.76    0.00    0.00    3.92    0.00    0.00    0.00    0.98
19:55:06      29   86.14    0.00    8.91    0.00    0.00    3.96    0.00    0.00    0.00    0.99
19:55:06      30   81.00    0.00   12.00    0.00    0.00    6.00    0.00    0.00    0.00    1.00
19:55:06      31   82.00    0.00   14.00    0.00    0.00    3.00    0.00    0.00    0.00    1.00

19:55:06     CPU    %usr   %nice    %sys %iowait    %irq   %soft  %steal  %guest  %gnice   %idle
19:55:07     all   60.22    0.00    7.25    0.00    0.00    1.87    0.00    0.00    0.00   30.66
19:55:07       0   61.86    0.00    5.15    0.00    0.00    1.03    0.00    0.00    0.00   31.96
19:55:07       1   58.76    0.00    7.22    0.00    0.00    2.06    0.00    0.00    0.00   31.96
19:55:07       2   58.59    0.00    8.08    0.00    0.00    1.01    0.00    0.00    0.00   32.32
19:55:07       3   58.82    0.00    7.84    0.00    0.00    0.98    0.00    0.00    0.00   32.35
19:55:07       4   59.38    0.00    5.21    0.00    0.00    1.04    0.00    0.00    0.00   34.38
19:55:07       5   59.60    0.00    6.06    0.00    0.00    1.01    0.00    0.00    0.00   33.33
19:55:07       6   61.96    0.00    4.35    0.00    0.00    0.00    0.00    0.00    0.00   33.70
19:55:07       7   61.39    0.00    6.93    0.00    0.00    0.99    0.00    0.00    0.00   30.69
19:55:07       8   38.24    0.00    1.96    0.00    0.00    0.98    0.00    0.00    0.00   58.82
19:55:07       9   36.36    0.00    4.04    0.00    0.00    1.01    0.00    0.00    0.00   58.59
19:55:07      10   30.53    0.00    3.16    0.00    0.00    0.00    0.00    0.00    0.00   66.32
19:55:07      11   33.33    0.00    4.04    0.00    0.00    2.02    0.00    0.00    0.00   60.61
19:55:07      12   45.19    0.00    4.81    0.00    0.00    0.96    0.00    0.00    0.00   49.04
19:55:07      13   48.00    0.00    3.00    0.00    0.00    1.00    0.00    0.00    0.00   48.00
19:55:07      14   41.41    0.00    4.04    0.00    0.00    3.03    0.00    0.00    0.00   51.52
19:55:07      15   40.82    0.00    4.08    0.00    0.00    0.00    0.00    0.00    0.00   55.10
19:55:07      16   62.00    0.00    5.00    0.00    0.00    1.00    0.00    0.00    0.00   32.00
19:55:07      17   57.58    0.00    8.08    0.00    0.00    0.00    0.00    0.00    0.00   34.34
19:55:07      18   59.18    0.00    6.12    0.00    0.00    1.02    0.00    0.00    0.00   33.67
19:55:07      19   58.59    0.00    9.09    0.00    0.00    1.01    0.00    0.00    0.00   31.31
19:55:07      20   58.76    0.00    7.22    0.00    0.00    0.00    0.00    0.00    0.00   34.02
19:55:07      21   55.10    0.00    8.16    0.00    0.00    2.04    0.00    0.00    0.00   34.69
19:55:07      22   60.00    0.00    6.32    0.00    0.00    2.11    0.00    0.00    0.00   31.58
19:55:07      23   58.33    0.00    6.25    0.00    0.00    2.08    0.00    0.00    0.00   33.33
19:55:07      24   80.00    0.00   14.00    0.00    0.00    5.00    0.00    0.00    0.00    1.00
19:55:07      25   81.00    0.00   13.00    0.00    0.00    5.00    0.00    0.00    0.00    1.00
19:55:07      26   80.20    0.00   12.87    0.00    0.00    5.94    0.00    0.00    0.00    0.99
19:55:07      27   83.84    0.00   12.12    0.00    0.00    3.03    0.00    0.00    0.00    1.01
19:55:07      28   82.18    0.00   11.88    0.00    0.00    3.96    0.00    0.00    0.00    1.98
19:55:07      29   86.87    0.00   10.10    0.00    0.00    2.02    0.00    0.00    0.00    1.01
19:55:07      30   86.87    0.00    9.09    0.00    0.00    3.03    0.00    0.00    0.00    1.01
19:55:07      31   81.00    0.00   12.00    0.00    0.00    5.00    0.00    0.00    0.00    2.00

19:55:07     CPU    %usr   %nice    %sys %iowait    %irq   %soft  %steal  %guest  %gnice   %idle
19:55:08     all   60.42    0.00    7.26    0.00    0.00    1.86    0.00    0.00    0.00   30.46
19:55:08       0   59.18    0.00    8.16    0.00    0.00    0.00    0.00    0.00    0.00   32.65
19:55:08       1   61.62    0.00    6.06    0.00    0.00    0.00    0.00    0.00    0.00   32.32
19:55:08       2   59.79    0.00    5.15    0.00    0.00    1.03    0.00    0.00    0.00   34.02
19:55:08       3   58.33    0.00    7.29    0.00    0.00    1.04    0.00    0.00    0.00   33.33
19:55:08       4   57.43    0.00    9.90    0.00    0.00    0.99    0.00    0.00    0.00   31.68
19:55:08       5   63.37    0.00    2.97    0.00    0.00    1.98    0.00    0.00    0.00   31.68
19:55:08       6   59.38    0.00    7.29    0.00    0.00    2.08    0.00    0.00    0.00   31.25
19:55:08       7   60.42    0.00    5.21    0.00    0.00    2.08    0.00    0.00    0.00   32.29
19:55:08       8   42.27    0.00    4.12    0.00    0.00    1.03    0.00    0.00    0.00   52.58
19:55:08       9   45.63    0.00    2.91    0.00    0.00    0.00    0.00    0.00    0.00   51.46
19:55:08      10   32.65    0.00    4.08    0.00    0.00    2.04    0.00    0.00    0.00   61.22
19:55:08      11   37.00    0.00    3.00    0.00    0.00    0.00    0.00    0.00    0.00   60.00
19:55:08      12   37.76    0.00    3.06    0.00    0.00    0.00    0.00    0.00    0.00   59.18
19:55:08      13   40.59    0.00    2.97    0.00    0.00    0.99    0.00    0.00    0.00   55.45
19:55:08      14   41.41    0.00    4.04    0.00    0.00    2.02    0.00    0.00    0.00   52.53
19:55:08      15   37.89    0.00    4.21    0.00    0.00    1.05    0.00    0.00    0.00   56.84
19:55:08      16   61.76    0.00    5.88    0.00    0.00    0.98    0.00    0.00    0.00   31.37
19:55:08      17   59.18    0.00    6.12    0.00    0.00    3.06    0.00    0.00    0.00   31.63
19:55:08      18   58.59    0.00    7.07    0.00    0.00    1.01    0.00    0.00    0.00   33.33
19:55:08      19   59.62    0.00    6.73    0.00    0.00    0.96    0.00    0.00    0.00   32.69
19:55:08      20   57.14    0.00    8.16    0.00    0.00    1.02    0.00    0.00    0.00   33.67
19:55:08      21   59.80    0.00    4.90    0.00    0.00    3.92    0.00    0.00    0.00   31.37
19:55:08      22   55.32    0.00    8.51    0.00    0.00    3.19    0.00    0.00    0.00   32.98
19:55:08      23   60.42    0.00    7.29    0.00    0.00    1.04    0.00    0.00    0.00   31.25
19:55:08      24   90.91    0.00    5.05    0.00    0.00    3.03    0.00    0.00    0.00    1.01
19:55:08      25   78.79    0.00   13.13    0.00    0.00    6.06    0.00    0.00    0.00    2.02
19:55:08      26   80.00    0.00   15.00    0.00    0.00    3.00    0.00    0.00    0.00    2.00
19:55:08      27   79.41    0.00   15.69    0.00    0.00    2.94    0.00    0.00    0.00    1.96
19:55:08      28   82.00    0.00   13.00    0.00    0.00    4.00    0.00    0.00    0.00    1.00
19:55:08      29   86.00    0.00    9.00    0.00    0.00    4.00    0.00    0.00    0.00    1.00
19:55:08      30   84.00    0.00   13.00    0.00    0.00    2.00    0.00    0.00    0.00    1.00
19:55:08      31   83.00    0.00   13.00    0.00    0.00    3.00    0.00    0.00    0.00    1.00

19:55:08     CPU    %usr   %nice    %sys %iowait    %irq   %soft  %steal  %guest  %gnice   %idle
19:55:09     all   60.15    0.00    7.12    0.00    0.00    1.79    0.00    0.00    0.00   30.95
19:55:09       0   59.41    0.00    5.94    0.00    0.00    1.98    0.00    0.00    0.00   32.67
19:55:09       1   57.89    0.00    7.37    0.00    0.00    0.00    0.00    0.00    0.00   34.74
19:55:09       2   57.73    0.00    6.19    0.00    0.00    2.06    0.00    0.00    0.00   34.02
19:55:09       3   60.00    0.00    5.00    0.00    0.00    2.00    0.00    0.00    0.00   33.00
19:55:09       4   56.25    0.00    7.29    0.00    0.00    1.04    0.00    0.00    0.00   35.42
19:55:09       5   56.70    0.00    5.15    0.00    0.00    2.06    0.00    0.00    0.00   36.08
19:55:09       6   62.63    0.00    4.04    0.00    0.00    1.01    0.00    0.00    0.00   32.32
19:55:09       7   61.00    0.00    6.00    0.00    0.00    2.00    0.00    0.00    0.00   31.00
19:55:09       8   38.38    0.00    3.03    0.00    0.00    1.01    0.00    0.00    0.00   57.58
19:55:09       9   38.54    0.00    3.12    0.00    0.00    1.04    0.00    0.00    0.00   57.29
19:55:09      10   35.48    0.00    4.30    0.00    0.00    0.00    0.00    0.00    0.00   60.22
19:55:09      11   31.87    0.00    3.30    0.00    0.00    1.10    0.00    0.00    0.00   63.74
19:55:09      12   42.00    0.00    4.00    0.00    0.00    1.00    0.00    0.00    0.00   53.00
19:55:09      13   39.39    0.00    5.05    0.00    0.00    1.01    0.00    0.00    0.00   54.55
19:55:09      14   43.16    0.00    3.16    0.00    0.00    0.00    0.00    0.00    0.00   53.68
19:55:09      15   43.30    0.00    3.09    0.00    0.00    1.03    0.00    0.00    0.00   52.58
19:55:09      16   59.79    0.00    5.15    0.00    0.00    2.06    0.00    0.00    0.00   32.99
19:55:09      17   58.16    0.00    8.16    0.00    0.00    1.02    0.00    0.00    0.00   32.65
19:55:09      18   57.29    0.00    6.25    0.00    0.00    1.04    0.00    0.00    0.00   35.42
19:55:09      19   59.22    0.00    5.83    0.00    0.00    0.97    0.00    0.00    0.00   33.98
19:55:09      20   58.33    0.00    4.17    0.00    0.00    2.08    0.00    0.00    0.00   35.42
19:55:09      21   53.12    0.00    8.33    0.00    0.00    3.12    0.00    0.00    0.00   35.42
19:55:09      22   60.20    0.00    6.12    0.00    0.00    1.02    0.00    0.00    0.00   32.65
19:55:09      23   57.00    0.00    9.00    0.00    0.00    2.00    0.00    0.00    0.00   32.00
19:55:09      24   86.87    0.00    8.08    0.00    0.00    4.04    0.00    0.00    0.00    1.01
19:55:09      25   83.00    0.00   12.00    0.00    0.00    4.00    0.00    0.00    0.00    1.00
19:55:09      26   83.67    0.00   12.24    0.00    0.00    4.08    0.00    0.00    0.00    0.00
19:55:09      27   80.00    0.00   16.00    0.00    0.00    3.00    0.00    0.00    0.00    1.00
19:55:09      28   84.85    0.00   11.11    0.00    0.00    3.03    0.00    0.00    0.00    1.01
19:55:09      29   83.00    0.00   14.00    0.00    0.00    2.00    0.00    0.00    0.00    1.00
19:55:09      30   84.00    0.00   13.00    0.00    0.00    2.00    0.00    0.00    0.00    1.00
19:55:09      31   85.86    0.00   11.11    0.00    0.00    3.03    0.00    0.00    0.00    0.00

19:55:09     CPU    %usr   %nice    %sys %iowait    %irq   %soft  %steal  %guest  %gnice   %idle
19:55:10     all   60.38    0.00    7.48    0.00    0.00    1.85    0.00    0.00    0.00   30.30
19:55:10       0   62.00    0.00    6.00    0.00    0.00    1.00    0.00    0.00    0.00   31.00
19:55:10       1   60.00    0.00    8.00    0.00    0.00    2.00    0.00    0.00    0.00   30.00
19:55:10       2   60.78    0.00    7.84    0.00    0.00    0.98    0.00    0.00    0.00   30.39
19:55:10       3   60.42    0.00    5.21    0.00    0.00    2.08    0.00    0.00    0.00   32.29
19:55:10       4   58.16    0.00    7.14    0.00    0.00    2.04    0.00    0.00    0.00   32.65
19:55:10       5   57.29    0.00    7.29    0.00    0.00    1.04    0.00    0.00    0.00   34.38
19:55:10       6   58.16    0.00    9.18    0.00    0.00    1.02    0.00    0.00    0.00   31.63
19:55:10       7   58.25    0.00    8.74    0.00    0.00    1.94    0.00    0.00    0.00   31.07
19:55:10       8   32.99    0.00    5.15    0.00    0.00    1.03    0.00    0.00    0.00   60.82
19:55:10       9   36.08    0.00    3.09    0.00    0.00    0.00    0.00    0.00    0.00   60.82
19:55:10      10   40.00    0.00    3.00    0.00    0.00    2.00    0.00    0.00    0.00   55.00
19:55:10      11   37.37    0.00    4.04    0.00    0.00    3.03    0.00    0.00    0.00   55.56
19:55:10      12   44.44    0.00    6.06    0.00    0.00    0.00    0.00    0.00    0.00   49.49
19:55:10      13   41.05    0.00    7.37    0.00    0.00    0.00    0.00    0.00    0.00   51.58
19:55:10      14   32.63    0.00    4.21    0.00    0.00    1.05    0.00    0.00    0.00   62.11
19:55:10      15   35.16    0.00    3.30    0.00    0.00    1.10    0.00    0.00    0.00   60.44
19:55:10      16   56.25    0.00   10.42    0.00    0.00    2.08    0.00    0.00    0.00   31.25
19:55:10      17   60.00    0.00    7.00    0.00    0.00    2.00    0.00    0.00    0.00   31.00
19:55:10      18   60.20    0.00    7.14    0.00    0.00    1.02    0.00    0.00    0.00   31.63
19:55:10      19   57.45    0.00    7.45    0.00    0.00    1.06    0.00    0.00    0.00   34.04
19:55:10      20   56.57    0.00    8.08    0.00    0.00    2.02    0.00    0.00    0.00   33.33
19:55:10      21   58.59    0.00    8.08    0.00    0.00    0.00    0.00    0.00    0.00   33.33
19:55:10      22   63.16    0.00    3.16    0.00    0.00    1.05    0.00    0.00    0.00   32.63
19:55:10      23   56.25    0.00    8.33    0.00    0.00    2.08    0.00    0.00    0.00   33.33
19:55:10      24   84.85    0.00   10.10    0.00    0.00    4.04    0.00    0.00    0.00    1.01
19:55:10      25   85.00    0.00   12.00    0.00    0.00    2.00    0.00    0.00    0.00    1.00
19:55:10      26   83.00    0.00   12.00    0.00    0.00    4.00    0.00    0.00    0.00    1.00
19:55:10      27   85.15    0.00    9.90    0.00    0.00    3.96    0.00    0.00    0.00    0.99
19:55:10      28   83.00    0.00   12.00    0.00    0.00    4.00    0.00    0.00    0.00    1.00
19:55:10      29   84.85    0.00    9.09    0.00    0.00    5.05    0.00    0.00    0.00    1.01
19:55:10      30   88.12    0.00    9.90    0.00    0.00    0.99    0.00    0.00    0.00    0.99
19:55:10      31   87.88    0.00    8.08    0.00    0.00    3.03    0.00    0.00    0.00    1.01

19:55:10     CPU    %usr   %nice    %sys %iowait    %irq   %soft  %steal  %guest  %gnice   %idle
19:55:11     all   60.71    0.00    7.10    0.00    0.00    1.88    0.00    0.00    0.00   30.31
19:55:11       0   59.38    0.00    4.17    0.00    0.00    1.04    0.00    0.00    0.00   35.42
19:55:11       1   58.59    0.00    6.06    0.00    0.00    3.03    0.00    0.00    0.00   32.32
19:55:11       2   61.39    0.00    6.93    0.00    0.00    0.99    0.00    0.00    0.00   30.69
19:55:11       3   61.05    0.00    6.32    0.00    0.00    1.05    0.00    0.00    0.00   31.58
19:55:11       4   58.00    0.00    6.00    0.00    0.00    2.00    0.00    0.00    0.00   34.00
19:55:11       5   56.12    0.00    8.16    0.00    0.00    2.04    0.00    0.00    0.00   33.67
19:55:11       6   60.00    0.00    7.00    0.00    0.00    2.00    0.00    0.00    0.00   31.00
19:55:11       7   56.25    0.00    9.38    0.00    0.00    2.08    0.00    0.00    0.00   32.29
19:55:11       8   37.00    0.00    4.00    0.00    0.00    0.00    0.00    0.00    0.00   59.00
19:55:11       9   38.00    0.00    5.00    0.00    0.00    2.00    0.00    0.00    0.00   55.00
19:55:11      10   34.34    0.00    4.04    0.00    0.00    0.00    0.00    0.00    0.00   61.62
19:55:11      11   32.00    0.00    5.00    0.00    0.00    0.00    0.00    0.00    0.00   63.00
19:55:11      12   43.00    0.00    1.00    0.00    0.00    4.00    0.00    0.00    0.00   52.00
19:55:11      13   42.71    0.00    4.17    0.00    0.00    1.04    0.00    0.00    0.00   52.08
19:55:11      14   47.62    0.00    3.81    0.00    0.00    0.95    0.00    0.00    0.00   47.62
19:55:11      15   42.00    0.00    6.00    0.00    0.00    1.00    0.00    0.00    0.00   51.00
19:55:11      16   60.95    0.00    6.67    0.00    0.00    0.00    0.00    0.00    0.00   32.38
19:55:11      17   58.59    0.00    5.05    0.00    0.00    2.02    0.00    0.00    0.00   34.34
19:55:11      18   60.64    0.00    4.26    0.00    0.00    1.06    0.00    0.00    0.00   34.04
19:55:11      19   62.00    0.00    5.00    0.00    0.00    1.00    0.00    0.00    0.00   32.00
19:55:11      20   60.00    0.00    4.00    0.00    0.00    2.00    0.00    0.00    0.00   34.00
19:55:11      21   58.59    0.00    8.08    0.00    0.00    0.00    0.00    0.00    0.00   33.33
19:55:11      22   63.11    0.00    5.83    0.00    0.00    0.97    0.00    0.00    0.00   30.10
19:55:11      23   59.57    0.00    7.45    0.00    0.00    1.06    0.00    0.00    0.00   31.91
19:55:11      24   84.00    0.00   11.00    0.00    0.00    4.00    0.00    0.00    0.00    1.00
19:55:11      25   85.00    0.00   13.00    0.00    0.00    2.00    0.00    0.00    0.00    0.00
19:55:11      26   80.20    0.00   13.86    0.00    0.00    4.95    0.00    0.00    0.00    0.99
19:55:11      27   80.81    0.00   14.14    0.00    0.00    4.04    0.00    0.00    0.00    1.01
19:55:11      28   88.12    0.00    8.91    0.00    0.00    1.98    0.00    0.00    0.00    0.99
19:55:11      29   82.52    0.00   12.62    0.00    0.00    2.91    0.00    0.00    0.00    1.94
19:55:11      30   83.00    0.00   12.00    0.00    0.00    4.00    0.00    0.00    0.00    1.00
19:55:11      31   86.14    0.00    7.92    0.00    0.00    4.95    0.00    0.00    0.00    0.99

19:55:11     CPU    %usr   %nice    %sys %iowait    %irq   %soft  %steal  %guest  %gnice   %idle
19:55:12     all   61.00    0.00    6.82    0.00    0.00    1.92    0.00    0.00    0.00   30.26
19:55:12       0   63.54    0.00    4.17    0.00    0.00    0.00    0.00    0.00    0.00   32.29
19:55:12       1   62.89    0.00    5.15    0.00    0.00    1.03    0.00    0.00    0.00   30.93
19:55:12       2   58.25    0.00    8.74    0.00    0.00    1.94    0.00    0.00    0.00   31.07
19:55:12       3   60.19    0.00    5.83    0.00    0.00    0.97    0.00    0.00    0.00   33.01
19:55:12       4   59.38    0.00    5.21    0.00    0.00    1.04    0.00    0.00    0.00   34.38
19:55:12       5   58.76    0.00    4.12    0.00    0.00    2.06    0.00    0.00    0.00   35.05
19:55:12       6   61.54    0.00    8.65    0.00    0.00    0.96    0.00    0.00    0.00   28.85
19:55:12       7   65.05    0.00    3.88    0.00    0.00    1.94    0.00    0.00    0.00   29.13
19:55:12       8   32.35    0.00    5.88    0.00    0.00    0.98    0.00    0.00    0.00   60.78
19:55:12       9   34.34    0.00    3.03    0.00    0.00    1.01    0.00    0.00    0.00   61.62
19:55:12      10   44.44    0.00    3.03    0.00    0.00    1.01    0.00    0.00    0.00   51.52
19:55:12      11   40.00    0.00    4.21    0.00    0.00    1.05    0.00    0.00    0.00   54.74
19:55:12      12   32.98    0.00    2.13    0.00    0.00    0.00    0.00    0.00    0.00   64.89
19:55:12      13   30.53    0.00    2.11    0.00    0.00    1.05    0.00    0.00    0.00   66.32
19:55:12      14   44.44    0.00    4.04    0.00    0.00    2.02    0.00    0.00    0.00   49.49
19:55:12      15   47.47    0.00    3.03    0.00    0.00    0.00    0.00    0.00    0.00   49.49
19:55:12      16   61.00    0.00    6.00    0.00    0.00    2.00    0.00    0.00    0.00   31.00
19:55:12      17   62.11    0.00    5.26    0.00    0.00    0.00    0.00    0.00    0.00   32.63
19:55:12      18   55.00    0.00   10.00    0.00    0.00    2.00    0.00    0.00    0.00   33.00
19:55:12      19   58.16    0.00    9.18    0.00    0.00    2.04    0.00    0.00    0.00   30.61
19:55:12      20   60.00    0.00    5.00    0.00    0.00    1.00    0.00    0.00    0.00   34.00
19:55:12      21   59.00    0.00    6.00    0.00    0.00    2.00    0.00    0.00    0.00   33.00
19:55:12      22   63.00    0.00    5.00    0.00    0.00    1.00    0.00    0.00    0.00   31.00
19:55:12      23   62.89    0.00    6.19    0.00    0.00    2.06    0.00    0.00    0.00   28.87
19:55:12      24   83.00    0.00   10.00    0.00    0.00    5.00    0.00    0.00    0.00    2.00
19:55:12      25   86.00    0.00    9.00    0.00    0.00    4.00    0.00    0.00    0.00    1.00
19:55:12      26   84.85    0.00   13.13    0.00    0.00    2.02    0.00    0.00    0.00    0.00
19:55:12      27   85.00    0.00   10.00    0.00    0.00    5.00    0.00    0.00    0.00    0.00
19:55:12      28   84.16    0.00   12.87    0.00    0.00    1.98    0.00    0.00    0.00    0.99
19:55:12      29   86.87    0.00    9.09    0.00    0.00    4.04    0.00    0.00    0.00    0.00
19:55:12      30   80.81    0.00   15.15    0.00    0.00    3.03    0.00    0.00    0.00    1.01
19:55:12      31   80.00    0.00   12.00    0.00    0.00    7.00    0.00    0.00    0.00    1.00

19:55:12     CPU    %usr   %nice    %sys %iowait    %irq   %soft  %steal  %guest  %gnice   %idle
19:55:13     all   59.92    0.00    7.48    0.00    0.00    2.24    0.00    0.00    0.00   30.36
19:55:13       0   58.95    0.00    6.32    0.00    0.00    2.11    0.00    0.00    0.00   32.63
19:55:13       1   62.50    0.00    6.25    0.00    0.00    1.04    0.00    0.00    0.00   30.21
19:55:13       2   62.00    0.00    6.00    0.00    0.00    1.00    0.00    0.00    0.00   31.00
19:55:13       3   62.00    0.00    7.00    0.00    0.00    1.00    0.00    0.00    0.00   30.00
19:55:13       4   63.16    0.00    5.26    0.00    0.00    0.00    0.00    0.00    0.00   31.58
19:55:13       5   59.22    0.00    7.77    0.00    0.00    1.94    0.00    0.00    0.00   31.07
19:55:13       6   58.95    0.00    6.32    0.00    0.00    1.05    0.00    0.00    0.00   33.68
19:55:13       7   60.61    0.00    7.07    0.00    0.00    2.02    0.00    0.00    0.00   30.30
19:55:13       8   38.46    0.00    3.85    0.00    0.00    0.96    0.00    0.00    0.00   56.73
19:55:13       9   38.24    0.00    2.94    0.00    0.00    0.98    0.00    0.00    0.00   57.84
19:55:13      10   28.87    0.00    7.22    0.00    0.00    1.03    0.00    0.00    0.00   62.89
19:55:13      11   28.00    0.00    8.00    0.00    0.00    1.00    0.00    0.00    0.00   63.00
19:55:13      12   38.78    0.00    4.08    0.00    0.00    2.04    0.00    0.00    0.00   55.10
19:55:13      13   38.95    0.00    2.11    0.00    0.00    0.00    0.00    0.00    0.00   58.95
19:55:13      14   43.14    0.00    3.92    0.00    0.00    1.96    0.00    0.00    0.00   50.98
19:55:13      15   39.80    0.00    5.10    0.00    0.00    2.04    0.00    0.00    0.00   53.06
19:55:13      16   59.00    0.00    9.00    0.00    0.00    2.00    0.00    0.00    0.00   30.00
19:55:13      17   59.22    0.00    5.83    0.00    0.00    3.88    0.00    0.00    0.00   31.07
19:55:13      18   57.45    0.00    7.45    0.00    0.00    1.06    0.00    0.00    0.00   34.04
19:55:13      19   59.78    0.00    7.61    0.00    0.00    0.00    0.00    0.00    0.00   32.61
19:55:13      20   58.82    0.00    6.86    0.00    0.00    2.94    0.00    0.00    0.00   31.37
19:55:13      21   58.33    0.00    8.33    0.00    0.00    2.08    0.00    0.00    0.00   31.25
19:55:13      22   60.78    0.00    4.90    0.00    0.00    2.94    0.00    0.00    0.00   31.37
19:55:13      23   57.00    0.00    8.00    0.00    0.00    2.00    0.00    0.00    0.00   33.00
19:55:13      24   84.00    0.00    9.00    0.00    0.00    6.00    0.00    0.00    0.00    1.00
19:55:13      25   81.19    0.00   13.86    0.00    0.00    3.96    0.00    0.00    0.00    0.99
19:55:13      26   83.17    0.00   12.87    0.00    0.00    1.98    0.00    0.00    0.00    1.98
19:55:13      27   86.00    0.00   10.00    0.00    0.00    3.00    0.00    0.00    0.00    1.00
19:55:13      28   83.84    0.00   10.10    0.00    0.00    6.06    0.00    0.00    0.00    0.00
19:55:13      29   79.80    0.00   16.16    0.00    0.00    3.03    0.00    0.00    0.00    1.01
19:55:13      30   79.21    0.00   12.87    0.00    0.00    5.94    0.00    0.00    0.00    1.98
19:55:13      31   87.00    0.00    7.00    0.00    0.00    4.00    0.00    0.00    0.00    2.00

19:55:13     CPU    %usr   %nice    %sys %iowait    %irq   %soft  %steal  %guest  %gnice   %idle
19:55:14     all   60.25    0.00    7.26    0.00    0.00    1.97    0.00    0.00    0.00   30.52
19:55:14       0   61.62    0.00    6.06    0.00    0.00    1.01    0.00    0.00    0.00   31.31
19:55:14       1   57.29    0.00    8.33    0.00    0.00    1.04    0.00    0.00    0.00   33.33
19:55:14       2   58.59    0.00    7.07    0.00    0.00    2.02    0.00    0.00    0.00   32.32
19:55:14       3   59.18    0.00    7.14    0.00    0.00    1.02    0.00    0.00    0.00   32.65
19:55:14       4   62.63    0.00    5.05    0.00    0.00    2.02    0.00    0.00    0.00   30.30
19:55:14       5   60.61    0.00    7.07    0.00    0.00    1.01    0.00    0.00    0.00   31.31
19:55:14       6   60.82    0.00    6.19    0.00    0.00    2.06    0.00    0.00    0.00   30.93
19:55:14       7   59.79    0.00    6.19    0.00    0.00    1.03    0.00    0.00    0.00   32.99
19:55:14       8   40.40    0.00    3.03    0.00    0.00    1.01    0.00    0.00    0.00   55.56
19:55:14       9   46.15    0.00    2.88    0.00    0.00    0.96    0.00    0.00    0.00   50.00
19:55:14      10   28.26    0.00    2.17    0.00    0.00    0.00    0.00    0.00    0.00   69.57
19:55:14      11   23.96    0.00    6.25    0.00    0.00    0.00    0.00    0.00    0.00   69.79
19:55:14      12   37.63    0.00    3.23    0.00    0.00    2.15    0.00    0.00    0.00   56.99
19:55:14      13   43.30    0.00    2.06    0.00    0.00    1.03    0.00    0.00    0.00   53.61
19:55:14      14   38.61    0.00    3.96    0.00    0.00    0.00    0.00    0.00    0.00   57.43
19:55:14      15   40.59    0.00    1.98    0.00    0.00    0.99    0.00    0.00    0.00   56.44
19:55:14      16   62.63    0.00    6.06    0.00    0.00    2.02    0.00    0.00    0.00   29.29
19:55:14      17   63.54    0.00    3.12    0.00    0.00    1.04    0.00    0.00    0.00   32.29
19:55:14      18   57.14    0.00    9.18    0.00    0.00    1.02    0.00    0.00    0.00   32.65
19:55:14      19   60.40    0.00    6.93    0.00    0.00    0.99    0.00    0.00    0.00   31.68
19:55:14      20   61.39    0.00    5.94    0.00    0.00    2.97    0.00    0.00    0.00   29.70
19:55:14      21   58.42    0.00    9.90    0.00    0.00    1.98    0.00    0.00    0.00   29.70
19:55:14      22   56.84    0.00    8.42    0.00    0.00    2.11    0.00    0.00    0.00   32.63
19:55:14      23   63.64    0.00    4.04    0.00    0.00    1.01    0.00    0.00    0.00   31.31
19:55:14      24   79.00    0.00   15.00    0.00    0.00    5.00    0.00    0.00    0.00    1.00
19:55:14      25   80.00    0.00   14.00    0.00    0.00    5.00    0.00    0.00    0.00    1.00
19:55:14      26   83.84    0.00   10.10    0.00    0.00    5.05    0.00    0.00    0.00    1.01
19:55:14      27   86.00    0.00   10.00    0.00    0.00    3.00    0.00    0.00    0.00    1.00
19:55:14      28   81.00    0.00   14.00    0.00    0.00    3.00    0.00    0.00    0.00    2.00
19:55:14      29   85.00    0.00   10.00    0.00    0.00    4.00    0.00    0.00    0.00    1.00
19:55:14      30   83.84    0.00   11.11    0.00    0.00    4.04    0.00    0.00    0.00    1.01
19:55:14      31   81.00    0.00   15.00    0.00    0.00    3.00    0.00    0.00    0.00    1.00

19:55:14     CPU    %usr   %nice    %sys %iowait    %irq   %soft  %steal  %guest  %gnice   %idle
19:55:15     all   60.46    0.00    6.55    0.00    0.00    2.04    0.00    0.00    0.00   30.95
19:55:15       0   57.73    0.00    4.12    0.00    0.00    2.06    0.00    0.00    0.00   36.08
19:55:15       1   54.55    0.00    6.06    0.00    0.00    2.02    0.00    0.00    0.00   37.37
19:55:15       2   57.89    0.00    8.42    0.00    0.00    1.05    0.00    0.00    0.00   32.63
19:55:15       3   55.79    0.00    8.42    0.00    0.00    3.16    0.00    0.00    0.00   32.63
19:55:15       4   57.73    0.00    5.15    0.00    0.00    1.03    0.00    0.00    0.00   36.08
19:55:15       5   54.74    0.00    5.26    0.00    0.00    3.16    0.00    0.00    0.00   36.84
19:55:15       6   62.38    0.00    5.94    0.00    0.00    1.98    0.00    0.00    0.00   29.70
19:55:15       7   61.22    0.00    8.16    0.00    0.00    1.02    0.00    0.00    0.00   29.59
19:55:15       8   46.94    0.00    5.10    0.00    0.00    1.02    0.00    0.00    0.00   46.94
19:55:15       9   42.27    0.00    4.12    0.00    0.00    1.03    0.00    0.00    0.00   52.58
19:55:15      10   42.71    0.00    2.08    0.00    0.00    2.08    0.00    0.00    0.00   53.12
19:55:15      11   41.84    0.00    3.06    0.00    0.00    2.04    0.00    0.00    0.00   53.06
19:55:15      12   35.35    0.00    3.03    0.00    0.00    1.01    0.00    0.00    0.00   60.61
19:55:15      13   34.69    0.00    3.06    0.00    0.00    1.02    0.00    0.00    0.00   61.22
19:55:15      14   33.68    0.00    3.16    0.00    0.00    2.11    0.00    0.00    0.00   61.05
19:55:15      15   39.00    0.00    3.00    0.00    0.00    1.00    0.00    0.00    0.00   57.00
19:55:15      16   51.55    0.00    8.25    0.00    0.00    2.06    0.00    0.00    0.00   38.14
19:55:15      17   53.68    0.00    5.26    0.00    0.00    2.11    0.00    0.00    0.00   38.95
19:55:15      18   58.76    0.00    6.19    0.00    0.00    2.06    0.00    0.00    0.00   32.99
19:55:15      19   62.24    0.00    5.10    0.00    0.00    1.02    0.00    0.00    0.00   31.63
19:55:15      20   57.89    0.00    5.26    0.00    0.00    1.05    0.00    0.00    0.00   35.79
19:55:15      21   54.17    0.00    8.33    0.00    0.00    1.04    0.00    0.00    0.00   36.46
19:55:15      22   62.14    0.00    8.74    0.00    0.00    0.97    0.00    0.00    0.00   28.16
19:55:15      23   62.63    0.00    7.07    0.00    0.00    1.01    0.00    0.00    0.00   29.29
19:55:15      24   84.00    0.00    9.00    0.00    0.00    6.00    0.00    0.00    0.00    1.00
19:55:15      25   83.17    0.00   11.88    0.00    0.00    2.97    0.00    0.00    0.00    1.98
19:55:15      26   82.18    0.00   11.88    0.00    0.00    3.96    0.00    0.00    0.00    1.98
19:55:15      27   88.12    0.00    5.94    0.00    0.00    4.95    0.00    0.00    0.00    0.99
19:55:15      28   87.00    0.00    9.00    0.00    0.00    3.00    0.00    0.00    0.00    1.00
19:55:15      29   85.29    0.00    9.80    0.00    0.00    2.94    0.00    0.00    0.00    1.96
19:55:15      30   86.00    0.00   11.00    0.00    0.00    2.00    0.00    0.00    0.00    1.00
19:55:15      31   90.10    0.00    7.92    0.00    0.00    0.99    0.00    0.00    0.00    0.99

19:55:15     CPU    %usr   %nice    %sys %iowait    %irq   %soft  %steal  %guest  %gnice   %idle
19:55:16     all   59.70    0.00    7.26    0.00    0.00    1.93    0.00    0.00    0.00   31.12
19:55:16       0   55.34    0.00    4.85    0.00    0.00    1.94    0.00    0.00    0.00   37.86
19:55:16       1   51.06    0.00    7.45    0.00    0.00    1.06    0.00    0.00    0.00   40.43
19:55:16       2   61.86    0.00    4.12    0.00    0.00    1.03    0.00    0.00    0.00   32.99
19:55:16       3   62.24    0.00    4.08    0.00    0.00    1.02    0.00    0.00    0.00   32.65
19:55:16       4   61.22    0.00    8.16    0.00    0.00    2.04    0.00    0.00    0.00   28.57
19:55:16       5   59.60    0.00    7.07    0.00    0.00    2.02    0.00    0.00    0.00   31.31
19:55:16       6   58.76    0.00    6.19    0.00    0.00    3.09    0.00    0.00    0.00   31.96
19:55:16       7   63.00    0.00    6.00    0.00    0.00    2.00    0.00    0.00    0.00   29.00
19:55:16       8   29.03    0.00    4.30    0.00    0.00    1.08    0.00    0.00    0.00   65.59
19:55:16       9   33.33    0.00    3.23    0.00    0.00    0.00    0.00    0.00    0.00   63.44
19:55:16      10   39.81    0.00    3.88    0.00    0.00    0.00    0.00    0.00    0.00   56.31
19:55:16      11   36.46    0.00    4.17    0.00    0.00    1.04    0.00    0.00    0.00   58.33
19:55:16      12   41.90    0.00    4.76    0.00    0.00    0.95    0.00    0.00    0.00   52.38
19:55:16      13   37.00    0.00    6.00    0.00    0.00    1.00    0.00    0.00    0.00   56.00
19:55:16      14   45.45    0.00    4.04    0.00    0.00    1.01    0.00    0.00    0.00   49.49
19:55:16      15   46.46    0.00    5.05    0.00    0.00    0.00    0.00    0.00    0.00   48.48
19:55:16      16   50.51    0.00    8.08    0.00    0.00    2.02    0.00    0.00    0.00   39.39
19:55:16      17   52.13    0.00    5.32    0.00    0.00    1.06    0.00    0.00    0.00   41.49
19:55:16      18   54.08    0.00   11.22    0.00    0.00    2.04    0.00    0.00    0.00   32.65
19:55:16      19   62.75    0.00    4.90    0.00    0.00    1.96    0.00    0.00    0.00   30.39
19:55:16      20   58.95    0.00    6.32    0.00    0.00    3.16    0.00    0.00    0.00   31.58
19:55:16      21   58.33    0.00    6.25    0.00    0.00    2.08    0.00    0.00    0.00   33.33
19:55:16      22   58.00    0.00    7.00    0.00    0.00    3.00    0.00    0.00    0.00   32.00
19:55:16      23   58.42    0.00    8.91    0.00    0.00    1.98    0.00    0.00    0.00   30.69
19:55:16      24   81.82    0.00   13.13    0.00    0.00    4.04    0.00    0.00    0.00    1.01
19:55:16      25   85.71    0.00   11.22    0.00    0.00    2.04    0.00    0.00    0.00    1.02
19:55:16      26   81.19    0.00   12.87    0.00    0.00    3.96    0.00    0.00    0.00    1.98
19:55:16      27   86.00    0.00   10.00    0.00    0.00    2.00    0.00    0.00    0.00    2.00
19:55:16      28   84.00    0.00   11.00    0.00    0.00    3.00    0.00    0.00    0.00    2.00
19:55:16      29   84.69    0.00   12.24    0.00    0.00    1.02    0.00    0.00    0.00    2.04
19:55:16      30   84.16    0.00    9.90    0.00    0.00    3.96    0.00    0.00    0.00    1.98
19:55:16      31   83.00    0.00   10.00    0.00    0.00    5.00    0.00    0.00    0.00    2.00

19:55:16     CPU    %usr   %nice    %sys %iowait    %irq   %soft  %steal  %guest  %gnice   %idle
19:55:17     all   60.44    0.00    6.89    0.00    0.00    2.09    0.00    0.00    0.00   30.58
19:55:17       0   55.45    0.00    8.91    0.00    0.00    1.98    0.00    0.00    0.00   33.66
19:55:17       1   60.00    0.00    5.00    0.00    0.00    2.00    0.00    0.00    0.00   33.00
19:55:17       2   56.99    0.00    5.38    0.00    0.00    1.08    0.00    0.00    0.00   36.56
19:55:17       3   58.00    0.00    4.00    0.00    0.00    2.00    0.00    0.00    0.00   36.00
19:55:17       4   63.37    0.00    5.94    0.00    0.00    1.98    0.00    0.00    0.00   28.71
19:55:17       5   63.46    0.00    7.69    0.00    0.00    0.96    0.00    0.00    0.00   27.88
19:55:17       6   63.92    0.00    3.09    0.00    0.00    2.06    0.00    0.00    0.00   30.93
19:55:17       7   63.27    0.00    5.10    0.00    0.00    2.04    0.00    0.00    0.00   29.59
19:55:17       8   40.21    0.00    3.09    0.00    0.00    0.00    0.00    0.00    0.00   56.70
19:55:17       9   37.89    0.00    3.16    0.00    0.00    1.05    0.00    0.00    0.00   57.89
19:55:17      10   40.00    0.00    3.33    0.00    0.00    0.00    0.00    0.00    0.00   56.67
19:55:17      11   41.58    0.00    3.96    0.00    0.00    1.98    0.00    0.00    0.00   52.48
19:55:17      12   39.39    0.00    4.04    0.00    0.00    0.00    0.00    0.00    0.00   56.57
19:55:17      13   38.61    0.00    2.97    0.00    0.00    0.99    0.00    0.00    0.00   57.43
19:55:17      14   36.36    0.00    4.04    0.00    0.00    1.01    0.00    0.00    0.00   58.59
19:55:17      15   36.73    0.00    4.08    0.00    0.00    0.00    0.00    0.00    0.00   59.18
19:55:17      16   56.25    0.00    6.25    0.00    0.00    2.08    0.00    0.00    0.00   35.42
19:55:17      17   56.73    0.00    5.77    0.00    0.00    3.85    0.00    0.00    0.00   33.65
19:55:17      18   53.06    0.00    8.16    0.00    0.00    1.02    0.00    0.00    0.00   37.76
19:55:17      19   53.68    0.00    7.37    0.00    0.00    2.11    0.00    0.00    0.00   36.84
19:55:17      20   63.64    0.00    6.06    0.00    0.00    1.01    0.00    0.00    0.00   29.29
19:55:17      21   63.37    0.00    5.94    0.00    0.00    0.99    0.00    0.00    0.00   29.70
19:55:17      22   62.24    0.00    7.14    0.00    0.00    1.02    0.00    0.00    0.00   29.59
19:55:17      23   56.25    0.00    6.25    0.00    0.00    4.17    0.00    0.00    0.00   33.33
19:55:17      24   82.35    0.00   13.73    0.00    0.00    2.94    0.00    0.00    0.00    0.98
19:55:17      25   79.00    0.00   15.00    0.00    0.00    5.00    0.00    0.00    0.00    1.00
19:55:17      26   85.86    0.00   10.10    0.00    0.00    3.03    0.00    0.00    0.00    1.01
19:55:17      27   86.00    0.00    9.00    0.00    0.00    4.00    0.00    0.00    0.00    1.00
19:55:17      28   84.00    0.00   10.00    0.00    0.00    5.00    0.00    0.00    0.00    1.00
19:55:17      29   82.00    0.00   14.00    0.00    0.00    3.00    0.00    0.00    0.00    1.00
19:55:17      30   84.00    0.00   11.00    0.00    0.00    4.00    0.00    0.00    0.00    1.00
19:55:17      31   85.00    0.00   10.00    0.00    0.00    4.00    0.00    0.00    0.00    1.00

19:55:17     CPU    %usr   %nice    %sys %iowait    %irq   %soft  %steal  %guest  %gnice   %idle
19:55:18     all   60.04    0.00    6.43    0.00    0.00    2.16    0.00    0.00    0.00   31.37
19:55:18       0   63.00    0.00    3.00    0.00    0.00    2.00    0.00    0.00    0.00   32.00
19:55:18       1   58.95    0.00    6.32    0.00    0.00    2.11    0.00    0.00    0.00   32.63
19:55:18       2   60.00    0.00    6.00    0.00    0.00    0.00    0.00    0.00    0.00   34.00
19:55:18       3   59.60    0.00    5.05    0.00    0.00    3.03    0.00    0.00    0.00   32.32
19:55:18       4   59.60    0.00    6.06    0.00    0.00    1.01    0.00    0.00    0.00   33.33
19:55:18       5   58.16    0.00    8.16    0.00    0.00    0.00    0.00    0.00    0.00   33.67
19:55:18       6   53.06    0.00    7.14    0.00    0.00    3.06    0.00    0.00    0.00   36.73
19:55:18       7   56.70    0.00    4.12    0.00    0.00    2.06    0.00    0.00    0.00   37.11
19:55:18       8   33.33    0.00    2.02    0.00    0.00    2.02    0.00    0.00    0.00   62.63
19:55:18       9   36.00    0.00    3.00    0.00    0.00    1.00    0.00    0.00    0.00   60.00
19:55:18      10   41.67    0.00    4.17    0.00    0.00    0.00    0.00    0.00    0.00   54.17
19:55:18      11   44.00    0.00    4.00    0.00    0.00    1.00    0.00    0.00    0.00   51.00
19:55:18      12   39.56    0.00    2.20    0.00    0.00    1.10    0.00    0.00    0.00   57.14
19:55:18      13   42.55    0.00    0.00    0.00    0.00    1.06    0.00    0.00    0.00   56.38
19:55:18      14   38.78    0.00    4.08    0.00    0.00    0.00    0.00    0.00    0.00   57.14
19:55:18      15   40.59    0.00    2.97    0.00    0.00    1.98    0.00    0.00    0.00   54.46
19:55:18      16   63.37    0.00    3.96    0.00    0.00    1.98    0.00    0.00    0.00   30.69
19:55:18      17   59.79    0.00    6.19    0.00    0.00    2.06    0.00    0.00    0.00   31.96
19:55:18      18   57.73    0.00    8.25    0.00    0.00    1.03    0.00    0.00    0.00   32.99
19:55:18      19   55.91    0.00    5.38    0.00    0.00    2.15    0.00    0.00    0.00   36.56
19:55:18      20   58.51    0.00    5.32    0.00    0.00    2.13    0.00    0.00    0.00   34.04
19:55:18      21   59.05    0.00    8.57    0.00    0.00    1.90    0.00    0.00    0.00   30.48
19:55:18      22   52.58    0.00   10.31    0.00    0.00    1.03    0.00    0.00    0.00   36.08
19:55:18      23   55.56    0.00    6.06    0.00    0.00    3.03    0.00    0.00    0.00   35.35
19:55:18      24   82.83    0.00   12.12    0.00    0.00    3.03    0.00    0.00    0.00    2.02
19:55:18      25   85.57    0.00    9.28    0.00    0.00    3.09    0.00    0.00    0.00    2.06
19:55:18      26   83.00    0.00    9.00    0.00    0.00    6.00    0.00    0.00    0.00    2.00
19:55:18      27   82.00    0.00   11.00    0.00    0.00    5.00    0.00    0.00    0.00    2.00
19:55:18      28   84.00    0.00   10.00    0.00    0.00    4.00    0.00    0.00    0.00    2.00
19:55:18      29   85.00    0.00    6.00    0.00    0.00    7.00    0.00    0.00    0.00    2.00
19:55:18      30   85.86    0.00   10.10    0.00    0.00    2.02    0.00    0.00    0.00    2.02
19:55:18      31   81.00    0.00   15.00    0.00    0.00    2.00    0.00    0.00    0.00    2.00

19:55:18     CPU    %usr   %nice    %sys %iowait    %irq   %soft  %steal  %guest  %gnice   %idle
19:55:19     all   60.73    0.00    6.53    0.00    0.00    2.25    0.00    0.00    0.00   30.49
19:55:19       0   59.00    0.00    7.00    0.00    0.00    2.00    0.00    0.00    0.00   32.00
19:55:19       1   57.45    0.00    5.32    0.00    0.00    2.13    0.00    0.00    0.00   35.11
19:55:19       2   61.05    0.00    4.21    0.00    0.00    2.11    0.00    0.00    0.00   32.63
19:55:19       3   58.24    0.00    6.59    0.00    0.00    1.10    0.00    0.00    0.00   34.07
19:55:19       4   62.75    0.00    4.90    0.00    0.00    0.98    0.00    0.00    0.00   31.37
19:55:19       5   58.16    0.00    6.12    0.00    0.00    2.04    0.00    0.00    0.00   33.67
19:55:19       6   61.62    0.00    6.06    0.00    0.00    1.01    0.00    0.00    0.00   31.31
19:55:19       7   59.41    0.00    8.91    0.00    0.00    0.99    0.00    0.00    0.00   30.69
19:55:19       8   34.00    0.00    3.00    0.00    0.00    1.00    0.00    0.00    0.00   62.00
19:55:19       9   33.68    0.00    3.16    0.00    0.00    0.00    0.00    0.00    0.00   63.16
19:55:19      10   37.62    0.00    3.96    0.00    0.00    1.98    0.00    0.00    0.00   56.44
19:55:19      11   38.46    0.00    2.88    0.00    0.00    2.88    0.00    0.00    0.00   55.77
19:55:19      12   41.58    0.00    3.96    0.00    0.00    1.98    0.00    0.00    0.00   52.48
19:55:19      13   46.46    0.00    3.03    0.00    0.00    0.00    0.00    0.00    0.00   50.51
19:55:19      14   38.83    0.00    4.85    0.00    0.00    0.97    0.00    0.00    0.00   55.34
19:55:19      15   41.58    0.00    2.97    0.00    0.00    0.00    0.00    0.00    0.00   55.45
19:55:19      16   55.67    0.00    9.28    0.00    0.00    2.06    0.00    0.00    0.00   32.99
19:55:19      17   59.00    0.00    8.00    0.00    0.00    3.00    0.00    0.00    0.00   30.00
19:55:19      18   64.95    0.00    4.12    0.00    0.00    2.06    0.00    0.00    0.00   28.87
19:55:19      19   59.38    0.00    6.25    0.00    0.00    2.08    0.00    0.00    0.00   32.29
19:55:19      20   60.61    0.00    6.06    0.00    0.00    1.01    0.00    0.00    0.00   32.32
19:55:19      21   56.38    0.00    5.32    0.00    0.00    2.13    0.00    0.00    0.00   36.17
19:55:19      22   58.06    0.00    7.53    0.00    0.00    3.23    0.00    0.00    0.00   31.18
19:55:19      23   58.06    0.00    6.45    0.00    0.00    2.15    0.00    0.00    0.00   33.33
19:55:19      24   83.17    0.00   10.89    0.00    0.00    4.95    0.00    0.00    0.00    0.99
19:55:19      25   86.00    0.00    9.00    0.00    0.00    4.00    0.00    0.00    0.00    1.00
19:55:19      26   83.00    0.00   10.00    0.00    0.00    6.00    0.00    0.00    0.00    1.00
19:55:19      27   84.00    0.00   10.00    0.00    0.00    5.00    0.00    0.00    0.00    1.00
19:55:19      28   86.00    0.00   10.00    0.00    0.00    3.00    0.00    0.00    0.00    1.00
19:55:19      29   86.00    0.00    9.00    0.00    0.00    4.00    0.00    0.00    0.00    1.00
19:55:19      30   86.14    0.00    9.90    0.00    0.00    2.97    0.00    0.00    0.00    0.99
19:55:19      31   86.00    0.00   10.00    0.00    0.00    3.00    0.00    0.00    0.00    1.00

19:55:19     CPU    %usr   %nice    %sys %iowait    %irq   %soft  %steal  %guest  %gnice   %idle
19:55:20     all   60.61    0.00    7.29    0.16    0.00    1.52    0.00    0.00    0.00   30.42
19:55:20       0   63.00    0.00    7.00    0.00    0.00    1.00    0.00    0.00    0.00   29.00
19:55:20       1   65.00    0.00    5.00    0.00    0.00    1.00    0.00    0.00    0.00   29.00
19:55:20       2   60.00    0.00    8.57    0.00    0.00    1.90    0.00    0.00    0.00   29.52
19:55:20       3   62.38    0.00    4.95    0.00    0.00    1.98    0.00    0.00    0.00   30.69
19:55:20       4   56.57    0.00    7.07    0.00    0.00    0.00    0.00    0.00    0.00   36.36
19:55:20       5   55.67    0.00    7.22    0.00    0.00    2.06    0.00    0.00    0.00   35.05
19:55:20       6   59.57    0.00    5.32    0.00    0.00    1.06    0.00    0.00    0.00   34.04
19:55:20       7   60.19    0.00    7.77    0.00    0.00    0.97    0.00    0.00    0.00   31.07
19:55:20       8   34.02    0.00    3.09    0.00    0.00    0.00    0.00    0.00    0.00   62.89
19:55:20       9   29.17    0.00    8.33    5.21    0.00    0.00    0.00    0.00    0.00   57.29
19:55:20      10   36.00    0.00    2.00    0.00    0.00    0.00    0.00    0.00    0.00   62.00
19:55:20      11   29.47    0.00    3.16    0.00    0.00    1.05    0.00    0.00    0.00   66.32
19:55:20      12   40.22    0.00    6.52    0.00    0.00    0.00    0.00    0.00    0.00   53.26
19:55:20      13   42.55    0.00    3.19    0.00    0.00    0.00    0.00    0.00    0.00   54.26
19:55:20      14   49.51    0.00    3.88    0.00    0.00    0.00    0.00    0.00    0.00   46.60
19:55:20      15   43.00    0.00    6.00    0.00    0.00    2.00    0.00    0.00    0.00   49.00
19:55:20      16   62.89    0.00    8.25    0.00    0.00    0.00    0.00    0.00    0.00   28.87
19:55:20      17   59.41    0.00    7.92    0.00    0.00    1.98    0.00    0.00    0.00   30.69
19:55:20      18   57.58    0.00   10.10    0.00    0.00    1.01    0.00    0.00    0.00   31.31
19:55:20      19   61.05    0.00    6.32    0.00    0.00    1.05    0.00    0.00    0.00   31.58
19:55:20      20   51.02    0.00    8.16    0.00    0.00    3.06    0.00    0.00    0.00   37.76
19:55:20      21   52.58    0.00    6.19    0.00    0.00    2.06    0.00    0.00    0.00   39.18
19:55:20      22   57.73    0.00    7.22    0.00    0.00    1.03    0.00    0.00    0.00   34.02
19:55:20      23   63.16    0.00    4.21    0.00    0.00    1.05    0.00    0.00    0.00   31.58
19:55:20      24   85.00    0.00   12.00    0.00    0.00    2.00    0.00    0.00    0.00    1.00
19:55:20      25   82.83    0.00   10.10    0.00    0.00    5.05    0.00    0.00    0.00    2.02
19:55:20      26   85.15    0.00    9.90    0.00    0.00    3.96    0.00    0.00    0.00    0.99
19:55:20      27   86.00    0.00   10.00    0.00    0.00    2.00    0.00    0.00    0.00    2.00
19:55:20      28   86.87    0.00   10.10    0.00    0.00    2.02    0.00    0.00    0.00    1.01
19:55:20      29   84.16    0.00   12.87    0.00    0.00    1.98    0.00    0.00    0.00    0.99
19:55:20      30   84.00    0.00   12.00    0.00    0.00    3.00    0.00    0.00    0.00    1.00
19:55:20      31   87.13    0.00    7.92    0.00    0.00    3.96    0.00    0.00    0.00    0.99

19:55:20     CPU    %usr   %nice    %sys %iowait    %irq   %soft  %steal  %guest  %gnice   %idle
19:55:21     all   60.57    0.00    6.50    0.00    0.00    2.19    0.00    0.00    0.00   30.74
19:55:21       0   56.70    0.00    8.25    0.00    0.00    1.03    0.00    0.00    0.00   34.02
19:55:21       1   58.95    0.00    5.26    0.00    0.00    1.05    0.00    0.00    0.00   34.74
19:55:21       2   61.00    0.00    6.00    0.00    0.00    2.00    0.00    0.00    0.00   31.00
19:55:21       3   60.64    0.00    6.38    0.00    0.00    0.00    0.00    0.00    0.00   32.98
19:55:21       4   59.18    0.00    6.12    0.00    0.00    3.06    0.00    0.00    0.00   31.63
19:55:21       5   63.11    0.00    4.85    0.00    0.00    2.91    0.00    0.00    0.00   29.13
19:55:21       6   54.74    0.00    5.26    0.00    0.00    2.11    0.00    0.00    0.00   37.89
19:55:21       7   55.56    0.00    5.05    0.00    0.00    2.02    0.00    0.00    0.00   37.37
19:55:21       8   38.38    0.00    3.03    0.00    0.00    1.01    0.00    0.00    0.00   57.58
19:55:21       9   37.25    0.00    4.90    0.00    0.00    1.96    0.00    0.00    0.00   55.88
19:55:21      10   39.39    0.00    3.03    0.00    0.00    1.01    0.00    0.00    0.00   56.57
19:55:21      11   36.46    0.00    2.08    0.00    0.00    1.04    0.00    0.00    0.00   60.42
19:55:21      12   42.16    0.00    2.94    0.00    0.00    0.98    0.00    0.00    0.00   53.92
19:55:21      13   38.38    0.00    6.06    0.00    0.00    2.02    0.00    0.00    0.00   53.54
19:55:21      14   41.00    0.00    6.00    0.00    0.00    1.00    0.00    0.00    0.00   52.00
19:55:21      15   42.00    0.00    5.00    0.00    0.00    2.00    0.00    0.00    0.00   51.00
19:55:21      16   56.57    0.00    8.08    0.00    0.00    2.02    0.00    0.00    0.00   33.33
19:55:21      17   56.38    0.00    6.38    0.00    0.00    2.13    0.00    0.00    0.00   35.11
19:55:21      18   58.42    0.00    7.92    0.00    0.00    1.98    0.00    0.00    0.00   31.68
19:55:21      19   60.82    0.00    6.19    0.00    0.00    3.09    0.00    0.00    0.00   29.90
19:55:21      20   58.59    0.00    5.05    0.00    0.00    4.04    0.00    0.00    0.00   32.32
19:55:21      21   63.27    0.00    5.10    0.00    0.00    1.02    0.00    0.00    0.00   30.61
19:55:21      22   54.64    0.00    7.22    0.00    0.00    2.06    0.00    0.00    0.00   36.08
19:55:21      23   54.84    0.00    6.45    0.00    0.00    0.00    0.00    0.00    0.00   38.71
19:55:21      24   86.14    0.00    7.92    0.00    0.00    3.96    0.00    0.00    0.00    1.98
19:55:21      25   89.11    0.00    7.92    0.00    0.00    1.98    0.00    0.00    0.00    0.99
19:55:21      26   83.84    0.00   10.10    0.00    0.00    5.05    0.00    0.00    0.00    1.01
19:55:21      27   89.90    0.00    7.07    0.00    0.00    2.02    0.00    0.00    0.00    1.01
19:55:21      28   81.19    0.00   12.87    0.00    0.00    4.95    0.00    0.00    0.00    0.99
19:55:21      29   87.88    0.00    7.07    0.00    0.00    4.04    0.00    0.00    0.00    1.01
19:55:21      30   83.00    0.00   12.00    0.00    0.00    4.00    0.00    0.00    0.00    1.00
19:55:21      31   86.87    0.00   10.10    0.00    0.00    2.02    0.00    0.00    0.00    1.01

19:55:21     CPU    %usr   %nice    %sys %iowait    %irq   %soft  %steal  %guest  %gnice   %idle
19:55:22     all   59.72    0.00    7.32    0.00    0.00    1.99    0.00    0.00    0.00   30.98
19:55:22       0   57.43    0.00    8.91    0.00    0.00    1.98    0.00    0.00    0.00   31.68
19:55:22       1   62.63    0.00    4.04    0.00    0.00    2.02    0.00    0.00    0.00   31.31
19:55:22       2   56.38    0.00    7.45    0.00    0.00    0.00    0.00    0.00    0.00   36.17
19:55:22       3   55.00    0.00    7.00    0.00    0.00    2.00    0.00    0.00    0.00   36.00
19:55:22       4   56.31    0.00    7.77    0.00    0.00    1.94    0.00    0.00    0.00   33.98
19:55:22       5   58.76    0.00    5.15    0.00    0.00    1.03    0.00    0.00    0.00   35.05
19:55:22       6   57.73    0.00    7.22    0.00    0.00    1.03    0.00    0.00    0.00   34.02
19:55:22       7   58.16    0.00    8.16    0.00    0.00    0.00    0.00    0.00    0.00   33.67
19:55:22       8   40.40    0.00    2.02    0.00    0.00    0.00    0.00    0.00    0.00   57.58
19:55:22       9   38.46    0.00    4.81    0.00    0.00    0.96    0.00    0.00    0.00   55.77
19:55:22      10   40.95    0.00    3.81    0.00    0.00    0.95    0.00    0.00    0.00   54.29
19:55:22      11   35.71    0.00    4.08    0.00    0.00    3.06    0.00    0.00    0.00   57.14
19:55:22      12   41.00    0.00    5.00    0.00    0.00    2.00    0.00    0.00    0.00   52.00
19:55:22      13   46.53    0.00    1.98    0.00    0.00    0.99    0.00    0.00    0.00   50.50
19:55:22      14   41.67    0.00    2.08    0.00    0.00    0.00    0.00    0.00    0.00   56.25
19:55:22      15   39.78    0.00    3.23    0.00    0.00    0.00    0.00    0.00    0.00   56.99
19:55:22      16   58.76    0.00   10.31    0.00    0.00    2.06    0.00    0.00    0.00   28.87
19:55:22      17   56.44    0.00    8.91    0.00    0.00    2.97    0.00    0.00    0.00   31.68
19:55:22      18   55.10    0.00    7.14    0.00    0.00    1.02    0.00    0.00    0.00   36.73
19:55:22      19   54.55    0.00    8.08    0.00    0.00    1.01    0.00    0.00    0.00   36.36
19:55:22      20   57.73    0.00    6.19    0.00    0.00    2.06    0.00    0.00    0.00   34.02
19:55:22      21   57.14    0.00    8.16    0.00    0.00    1.02    0.00    0.00    0.00   33.67
19:55:22      22   58.16    0.00    6.12    0.00    0.00    2.04    0.00    0.00    0.00   33.67
19:55:22      23   56.25    0.00    6.25    0.00    0.00    2.08    0.00    0.00    0.00   35.42
19:55:22      24   86.00    0.00   10.00    0.00    0.00    3.00    0.00    0.00    0.00    1.00
19:55:22      25   83.84    0.00   10.10    0.00    0.00    4.04    0.00    0.00    0.00    2.02
19:55:22      26   80.00    0.00   15.00    0.00    0.00    4.00    0.00    0.00    0.00    1.00
19:55:22      27   79.21    0.00   12.87    0.00    0.00    5.94    0.00    0.00    0.00    1.98
19:55:22      28   83.00    0.00   12.00    0.00    0.00    4.00    0.00    0.00    0.00    1.00
19:55:22      29   87.00    0.00    8.00    0.00    0.00    4.00    0.00    0.00    0.00    1.00
19:55:22      30   84.00    0.00   12.00    0.00    0.00    3.00    0.00    0.00    0.00    1.00
19:55:22      31   85.15    0.00    9.90    0.00    0.00    2.97    0.00    0.00    0.00    1.98

19:55:22     CPU    %usr   %nice    %sys %iowait    %irq   %soft  %steal  %guest  %gnice   %idle
19:55:23     all   59.89    0.00    6.98    0.00    0.00    2.35    0.00    0.00    0.00   30.79
19:55:23       0   58.33    0.00    7.29    0.00    0.00    3.12    0.00    0.00    0.00   31.25
19:55:23       1   64.65    0.00    4.04    0.00    0.00    1.01    0.00    0.00    0.00   30.30
19:55:23       2   57.89    0.00    6.32    0.00    0.00    1.05    0.00    0.00    0.00   34.74
19:55:23       3   56.00    0.00    7.00    0.00    0.00    3.00    0.00    0.00    0.00   34.00
19:55:23       4   63.11    0.00    6.80    0.00    0.00    0.97    0.00    0.00    0.00   29.13
19:55:23       5   59.00    0.00    9.00    0.00    0.00    2.00    0.00    0.00    0.00   30.00
19:55:23       6   50.00    0.00    8.33    0.00    0.00    3.12    0.00    0.00    0.00   38.54
19:55:23       7   56.70    0.00    4.12    0.00    0.00    1.03    0.00    0.00    0.00   38.14
19:55:23       8   34.00    0.00    3.00    0.00    0.00    1.00    0.00    0.00    0.00   62.00
19:55:23       9   35.05    0.00    2.06    0.00    0.00    2.06    0.00    0.00    0.00   60.82
19:55:23      10   38.95    0.00    5.26    0.00    0.00    0.00    0.00    0.00    0.00   55.79
19:55:23      11   41.67    0.00    4.17    0.00    0.00    0.00    0.00    0.00    0.00   54.17
19:55:23      12   46.08    0.00    2.94    0.00    0.00    0.00    0.00    0.00    0.00   50.98
19:55:23      13   46.53    0.00    4.95    0.00    0.00    0.99    0.00    0.00    0.00   47.52
19:55:23      14   36.26    0.00    3.30    0.00    0.00    2.20    0.00    0.00    0.00   58.24
19:55:23      15   40.00    0.00    3.16    0.00    0.00    0.00    0.00    0.00    0.00   56.84
19:55:23      16   59.26    0.00    8.33    0.00    0.00    1.85    0.00    0.00    0.00   30.56
19:55:23      17   59.57    0.00    7.45    0.00    0.00    1.06    0.00    0.00    0.00   31.91
19:55:23      18   57.61    0.00    4.35    0.00    0.00    2.17    0.00    0.00    0.00   35.87
19:55:23      19   54.46    0.00    7.92    0.00    0.00    2.97    0.00    0.00    0.00   34.65
19:55:23      20   63.64    0.00    5.05    0.00    0.00    1.01    0.00    0.00    0.00   30.30
19:55:23      21   60.95    0.00    5.71    0.00    0.00    3.81    0.00    0.00    0.00   29.52
19:55:23      22   55.56    0.00    6.06    0.00    0.00    1.01    0.00    0.00    0.00   37.37
19:55:23      23   51.04    0.00    7.29    0.00    0.00    2.08    0.00    0.00    0.00   39.58
19:55:23      24   79.80    0.00   12.12    0.00    0.00    6.06    0.00    0.00    0.00    2.02
19:55:23      25   83.00    0.00   12.00    0.00    0.00    4.00    0.00    0.00    0.00    1.00
19:55:23      26   85.15    0.00    9.90    0.00    0.00    3.96    0.00    0.00    0.00    0.99
19:55:23      27   83.84    0.00   10.10    0.00    0.00    5.05    0.00    0.00    0.00    1.01
19:55:23      28   84.85    0.00   11.11    0.00    0.00    4.04    0.00    0.00    0.00    0.00
19:55:23      29   85.15    0.00    7.92    0.00    0.00    4.95    0.00    0.00    0.00    1.98
19:55:23      30   78.79    0.00   14.14    0.00    0.00    5.05    0.00    0.00    0.00    2.02
19:55:23      31   83.84    0.00   11.11    0.00    0.00    4.04    0.00    0.00    0.00    1.01

19:55:23     CPU    %usr   %nice    %sys %iowait    %irq   %soft  %steal  %guest  %gnice   %idle
19:55:24     all   60.61    0.00    6.61    0.00    0.00    1.84    0.00    0.00    0.00   30.94
19:55:24       0   57.58    0.00    7.07    0.00    0.00    2.02    0.00    0.00    0.00   33.33
19:55:24       1   61.00    0.00    5.00    0.00    0.00    1.00    0.00    0.00    0.00   33.00
19:55:24       2   61.39    0.00    4.95    0.00    0.00    0.99    0.00    0.00    0.00   32.67
19:55:24       3   58.51    0.00    7.45    0.00    0.00    0.00    0.00    0.00    0.00   34.04
19:55:24       4   55.32    0.00    7.45    0.00    0.00    3.19    0.00    0.00    0.00   34.04
19:55:24       5   55.21    0.00    7.29    0.00    0.00    1.04    0.00    0.00    0.00   36.46
19:55:24       6   64.29    0.00    3.06    0.00    0.00    1.02    0.00    0.00    0.00   31.63
19:55:24       7   56.70    0.00    9.28    0.00    0.00    2.06    0.00    0.00    0.00   31.96
19:55:24       8   40.59    0.00    3.96    0.00    0.00    1.98    0.00    0.00    0.00   53.47
19:55:24       9   42.27    0.00    3.09    0.00    0.00    2.06    0.00    0.00    0.00   52.58
19:55:24      10   37.23    0.00    3.19    0.00    0.00    0.00    0.00    0.00    0.00   59.57
19:55:24      11   35.79    0.00    4.21    0.00    0.00    0.00    0.00    0.00    0.00   60.00
19:55:24      12   37.37    0.00    3.03    0.00    0.00    1.01    0.00    0.00    0.00   58.59
19:55:24      13   42.57    0.00    2.97    0.00    0.00    0.00    0.00    0.00    0.00   54.46
19:55:24      14   38.54    0.00    3.12    0.00    0.00    1.04    0.00    0.00    0.00   57.29
19:55:24      15   37.11    0.00    4.12    0.00    0.00    2.06    0.00    0.00    0.00   56.70
19:55:24      16   59.80    0.00    5.88    0.00    0.00    1.96    0.00    0.00    0.00   32.35
19:55:24      17   58.16    0.00    5.10    0.00    0.00    2.04    0.00    0.00    0.00   34.69
19:55:24      18   61.00    0.00    7.00    0.00    0.00    1.00    0.00    0.00    0.00   31.00
19:55:24      19   60.82    0.00    6.19    0.00    0.00    0.00    0.00    0.00    0.00   32.99
19:55:24      20   55.79    0.00    8.42    0.00    0.00    0.00    0.00    0.00    0.00   35.79
19:55:24      21   59.18    0.00    5.10    0.00    0.00    2.04    0.00    0.00    0.00   33.67
19:55:24      22   56.84    0.00    7.37    0.00    0.00    2.11    0.00    0.00    0.00   33.68
19:55:24      23   57.73    0.00    7.22    0.00    0.00    1.03    0.00    0.00    0.00   34.02
19:55:24      24   87.25    0.00    7.84    0.00    0.00    3.92    0.00    0.00    0.00    0.98
19:55:24      25   83.17    0.00   11.88    0.00    0.00    3.96    0.00    0.00    0.00    0.99
19:55:24      26   85.00    0.00    9.00    0.00    0.00    4.00    0.00    0.00    0.00    2.00
19:55:24      27   82.35    0.00    9.80    0.00    0.00    5.88    0.00    0.00    0.00    1.96
19:55:24      28   83.17    0.00   11.88    0.00    0.00    2.97    0.00    0.00    0.00    1.98
19:55:24      29   87.00    0.00    9.00    0.00    0.00    3.00    0.00    0.00    0.00    1.00
19:55:24      30   86.14    0.00    9.90    0.00    0.00    2.97    0.00    0.00    0.00    0.99
19:55:24      31   87.00    0.00   10.00    0.00    0.00    2.00    0.00    0.00    0.00    1.00

19:55:24     CPU    %usr   %nice    %sys %iowait    %irq   %soft  %steal  %guest  %gnice   %idle
19:55:25     all   60.60    0.00    6.84    0.00    0.00    2.19    0.00    0.00    0.00   30.37
19:55:25       0   60.82    0.00    5.15    0.00    0.00    1.03    0.00    0.00    0.00   32.99
19:55:25       1   60.20    0.00    6.12    0.00    0.00    2.04    0.00    0.00    0.00   31.63
19:55:25       2   59.38    0.00    6.25    0.00    0.00    2.08    0.00    0.00    0.00   32.29
19:55:25       3   62.38    0.00    4.95    0.00    0.00    1.98    0.00    0.00    0.00   30.69
19:55:25       4   58.95    0.00    5.26    0.00    0.00    2.11    0.00    0.00    0.00   33.68
19:55:25       5   60.20    0.00    6.12    0.00    0.00    1.02    0.00    0.00    0.00   32.65
19:55:25       6   58.76    0.00    5.15    0.00    0.00    2.06    0.00    0.00    0.00   34.02
19:55:25       7   58.59    0.00    7.07    0.00    0.00    3.03    0.00    0.00    0.00   31.31
19:55:25       8   42.72    0.00    3.88    0.00    0.00    0.97    0.00    0.00    0.00   52.43
19:55:25       9   42.57    0.00    3.96    0.00    0.00    0.99    0.00    0.00    0.00   52.48
19:55:25      10   31.58    0.00    5.26    0.00    0.00    1.05    0.00    0.00    0.00   62.11
19:55:25      11   32.32    0.00    6.06    0.00    0.00    2.02    0.00    0.00    0.00   59.60
19:55:25      12   35.92    0.00    4.85    0.00    0.00    1.94    0.00    0.00    0.00   57.28
19:55:25      13   32.29    0.00    5.21    0.00    0.00    0.00    0.00    0.00    0.00   62.50
19:55:25      14   45.00    0.00    5.00    0.00    0.00    2.00    0.00    0.00    0.00   48.00
19:55:25      15   43.56    0.00    2.97    0.00    0.00    1.98    0.00    0.00    0.00   51.49
19:55:25      16   61.46    0.00    6.25    0.00    0.00    1.04    0.00    0.00    0.00   31.25
19:55:25      17   58.51    0.00    5.32    0.00    0.00    2.13    0.00    0.00    0.00   34.04
19:55:25      18   61.00    0.00    7.00    0.00    0.00    1.00    0.00    0.00    0.00   31.00
19:55:25      19   63.00    0.00    4.00    0.00    0.00    2.00    0.00    0.00    0.00   31.00
19:55:25      20   58.95    0.00    6.32    0.00    0.00    2.11    0.00    0.00    0.00   32.63
19:55:25      21   55.91    0.00    7.53    0.00    0.00    2.15    0.00    0.00    0.00   34.41
19:55:25      22   58.24    0.00    4.40    0.00    0.00    2.20    0.00    0.00    0.00   35.16
19:55:25      23   57.58    0.00    8.08    0.00    0.00    2.02    0.00    0.00    0.00   32.32
19:55:25      24   87.88    0.00    8.08    0.00    0.00    4.04    0.00    0.00    0.00    0.00
19:55:25      25   87.88    0.00   10.10    0.00    0.00    1.01    0.00    0.00    0.00    1.01
19:55:25      26   85.00    0.00   10.00    0.00    0.00    4.00    0.00    0.00    0.00    1.00
19:55:25      27   82.00    0.00   13.00    0.00    0.00    4.00    0.00    0.00    0.00    1.00
19:55:25      28   84.00    0.00   11.00    0.00    0.00    5.00    0.00    0.00    0.00    0.00
19:55:25      29   82.18    0.00   11.88    0.00    0.00    4.95    0.00    0.00    0.00    0.99
19:55:25      30   84.69    0.00   11.22    0.00    0.00    3.06    0.00    0.00    0.00    1.02
19:55:25      31   84.16    0.00   10.89    0.00    0.00    2.97    0.00    0.00    0.00    1.98

19:55:25     CPU    %usr   %nice    %sys %iowait    %irq   %soft  %steal  %guest  %gnice   %idle
19:55:26     all   61.10    0.00    6.76    0.00    0.00    1.80    0.00    0.00    0.00   30.34
19:55:26       0   60.00    0.00    5.00    0.00    0.00    2.00    0.00    0.00    0.00   33.00
19:55:26       1   56.25    0.00    5.21    0.00    0.00    1.04    0.00    0.00    0.00   37.50
19:55:26       2   59.80    0.00    5.88    0.00    0.00    1.96    0.00    0.00    0.00   32.35
19:55:26       3   63.27    0.00    3.06    0.00    0.00    1.02    0.00    0.00    0.00   32.65
19:55:26       4   60.20    0.00    6.12    0.00    0.00    2.04    0.00    0.00    0.00   31.63
19:55:26       5   61.39    0.00    5.94    0.00    0.00    0.99    0.00    0.00    0.00   31.68
19:55:26       6   61.39    0.00    6.93    0.00    0.00    0.99    0.00    0.00    0.00   30.69
19:55:26       7   61.62    0.00    6.06    0.00    0.00    1.01    0.00    0.00    0.00   31.31
19:55:26       8   37.11    0.00    4.12    0.00    0.00    1.03    0.00    0.00    0.00   57.73
19:55:26       9   39.18    0.00    4.12    0.00    0.00    0.00    0.00    0.00    0.00   56.70
19:55:26      10   39.13    0.00    3.26    0.00    0.00    0.00    0.00    0.00    0.00   57.61
19:55:26      11   37.23    0.00    1.06    0.00    0.00    2.13    0.00    0.00    0.00   59.57
19:55:26      12   36.63    0.00    6.93    0.00    0.00    0.99    0.00    0.00    0.00   55.45
19:55:26      13   44.12    0.00    3.92    0.00    0.00    1.96    0.00    0.00    0.00   50.00
19:55:26      14   38.61    0.00    4.95    0.00    0.00    0.99    0.00    0.00    0.00   55.45
19:55:26      15   40.62    0.00    3.12    0.00    0.00    0.00    0.00    0.00    0.00   56.25
19:55:26      16   55.88    0.00    7.84    0.00    0.00    0.98    0.00    0.00    0.00   35.29
19:55:26      17   55.45    0.00    8.91    0.00    0.00    0.99    0.00    0.00    0.00   34.65
19:55:26      18   63.00    0.00    5.00    0.00    0.00    0.00    0.00    0.00    0.00   32.00
19:55:26      19   61.00    0.00    6.00    0.00    0.00    2.00    0.00    0.00    0.00   31.00
19:55:26      20   58.24    0.00    5.49    0.00    0.00    1.10    0.00    0.00    0.00   35.16
19:55:26      21   61.86    0.00    6.19    0.00    0.00    1.03    0.00    0.00    0.00   30.93
19:55:26      22   61.54    0.00    5.77    0.00    0.00    2.88    0.00    0.00    0.00   29.81
19:55:26      23   62.00    0.00    5.00    0.00    0.00    1.00    0.00    0.00    0.00   32.00
19:55:26      24   83.84    0.00   11.11    0.00    0.00    4.04    0.00    0.00    0.00    1.01
19:55:26      25   85.86    0.00   12.12    0.00    0.00    1.01    0.00    0.00    0.00    1.01
19:55:26      26   86.00    0.00    9.00    0.00    0.00    4.00    0.00    0.00    0.00    1.00
19:55:26      27   84.00    0.00   11.00    0.00    0.00    5.00    0.00    0.00    0.00    0.00
19:55:26      28   83.00    0.00   11.00    0.00    0.00    5.00    0.00    0.00    0.00    1.00
19:55:26      29   82.83    0.00   13.13    0.00    0.00    4.04    0.00    0.00    0.00    0.00
19:55:26      30   83.00    0.00   13.00    0.00    0.00    3.00    0.00    0.00    0.00    1.00
19:55:26      31   87.00    0.00    9.00    0.00    0.00    3.00    0.00    0.00    0.00    1.00

19:55:26     CPU    %usr   %nice    %sys %iowait    %irq   %soft  %steal  %guest  %gnice   %idle
19:55:27     all   60.24    0.00    7.49    0.00    0.00    2.02    0.00    0.00    0.00   30.25
19:55:27       0   62.50    0.00    6.25    0.00    0.00    2.08    0.00    0.00    0.00   29.17
19:55:27       1   65.69    0.00    5.88    0.00    0.00    1.96    0.00    0.00    0.00   26.47
19:55:27       2   56.12    0.00    9.18    0.00    0.00    1.02    0.00    0.00    0.00   33.67
19:55:27       3   54.64    0.00    8.25    0.00    0.00    3.09    0.00    0.00    0.00   34.02
19:55:27       4   56.44    0.00    8.91    0.00    0.00    1.98    0.00    0.00    0.00   32.67
19:55:27       5   59.62    0.00    7.69    0.00    0.00    0.96    0.00    0.00    0.00   31.73
19:55:27       6   62.63    0.00    7.07    0.00    0.00    0.00    0.00    0.00    0.00   30.30
19:55:27       7   61.00    0.00    8.00    0.00    0.00    1.00    0.00    0.00    0.00   30.00
19:55:27       8   32.00    0.00    3.00    0.00    0.00    0.00    0.00    0.00    0.00   65.00
19:55:27       9   34.62    0.00    4.81    0.00    0.00    1.92    0.00    0.00    0.00   58.65
19:55:27      10   42.72    0.00    3.88    0.00    0.00    0.97    0.00    0.00    0.00   52.43
19:55:27      11   33.68    0.00    5.26    0.00    0.00    1.05    0.00    0.00    0.00   60.00
19:55:27      12   40.00    0.00    2.11    0.00    0.00    0.00    0.00    0.00    0.00   57.89
19:55:27      13   39.39    0.00    3.03    0.00    0.00    1.01    0.00    0.00    0.00   56.57
19:55:27      14   43.75    0.00    3.12    0.00    0.00    2.08    0.00    0.00    0.00   51.04
19:55:27      15   39.18    0.00    3.09    0.00    0.00    2.06    0.00    0.00    0.00   55.67
19:55:27      16   62.11    0.00    6.32    0.00    0.00    1.05    0.00    0.00    0.00   30.53
19:55:27      17   58.76    0.00    7.22    0.00    0.00    4.12    0.00    0.00    0.00   29.90
19:55:27      18   58.51    0.00    6.38    0.00    0.00    1.06    0.00    0.00    0.00   34.04
19:55:27      19   56.84    0.00    5.26    0.00    0.00    3.16    0.00    0.00    0.00   34.74
19:55:27      20   58.00    0.00    7.00    0.00    0.00    2.00    0.00    0.00    0.00   33.00
19:55:27      21   57.14    0.00    7.14    0.00    0.00    2.04    0.00    0.00    0.00   33.67
19:55:27      22   60.00    0.00    6.00    0.00    0.00    3.00    0.00    0.00    0.00   31.00
19:55:27      23   63.64    0.00    6.06    0.00    0.00    1.01    0.00    0.00    0.00   29.29
19:55:27      24   84.00    0.00   13.00    0.00    0.00    2.00    0.00    0.00    0.00    1.00
19:55:27      25   81.00    0.00   14.00    0.00    0.00    4.00    0.00    0.00    0.00    1.00
19:55:27      26   86.00    0.00   11.00    0.00    0.00    2.00    0.00    0.00    0.00    1.00
19:55:27      27   85.00    0.00    9.00    0.00    0.00    4.00    0.00    0.00    0.00    2.00
19:55:27      28   81.00    0.00   12.00    0.00    0.00    6.00    0.00    0.00    0.00    1.00
19:55:27      29   76.77    0.00   17.17    0.00    0.00    4.04    0.00    0.00    0.00    2.02
19:55:27      30   86.14    0.00   11.88    0.00    0.00    0.99    0.00    0.00    0.00    0.99
19:55:27      31   86.00    0.00   10.00    0.00    0.00    3.00    0.00    0.00    0.00    1.00

19:55:27     CPU    %usr   %nice    %sys %iowait    %irq   %soft  %steal  %guest  %gnice   %idle
19:55:28     all   60.74    0.00    7.23    0.00    0.00    1.85    0.00    0.00    0.00   30.18
19:55:28       0   59.41    0.00    7.92    0.00    0.00    2.97    0.00    0.00    0.00   29.70
19:55:28       1   55.43    0.00    8.70    0.00    0.00    2.17    0.00    0.00    0.00   33.70
19:55:28       2   61.39    0.00    7.92    0.00    0.00    0.00    0.00    0.00    0.00   30.69
19:55:28       3   58.00    0.00    8.00    0.00    0.00    2.00    0.00    0.00    0.00   32.00
19:55:28       4   62.77    0.00    4.26    0.00    0.00    1.06    0.00    0.00    0.00   31.91
19:55:28       5   61.62    0.00    5.05    0.00    0.00    2.02    0.00    0.00    0.00   31.31
19:55:28       6   56.38    0.00    6.38    0.00    0.00    2.13    0.00    0.00    0.00   35.11
19:55:28       7   57.58    0.00    9.09    0.00    0.00    2.02    0.00    0.00    0.00   31.31
19:55:28       8   36.46    0.00    4.17    0.00    0.00    1.04    0.00    0.00    0.00   58.33
19:55:28       9   38.38    0.00    4.04    0.00    0.00    1.01    0.00    0.00    0.00   56.57
19:55:28      10   41.24    0.00    1.03    0.00    0.00    1.03    0.00    0.00    0.00   56.70
19:55:28      11   37.23    0.00    3.19    0.00    0.00    1.06    0.00    0.00    0.00   58.51
19:55:28      12   34.74    0.00    6.32    0.00    0.00    0.00    0.00    0.00    0.00   58.95
19:55:28      13   34.07    0.00    5.49    0.00    0.00    1.10    0.00    0.00    0.00   59.34
19:55:28      14   36.08    0.00    4.12    0.00    0.00    2.06    0.00    0.00    0.00   57.73
19:55:28      15   35.16    0.00    4.40    0.00    0.00    0.00    0.00    0.00    0.00   60.44
19:55:28      16   64.15    0.00    5.66    0.00    0.00    0.94    0.00    0.00    0.00   29.25
19:55:28      17   61.86    0.00    6.19    0.00    0.00    0.00    0.00    0.00    0.00   31.96
19:55:28      18   59.41    0.00    5.94    0.00    0.00    3.96    0.00    0.00    0.00   30.69
19:55:28      19   60.78    0.00    8.82    0.00    0.00    0.00    0.00    0.00    0.00   30.39
19:55:28      20   63.27    0.00    4.08    0.00    0.00    1.02    0.00    0.00    0.00   31.63
19:55:28      21   60.20    0.00    6.12    0.00    0.00    1.02    0.00    0.00    0.00   32.65
19:55:28      22   62.00    0.00    6.00    0.00    0.00    1.00    0.00    0.00    0.00   31.00
19:55:28      23   59.18    0.00    7.14    0.00    0.00    1.02    0.00    0.00    0.00   32.65
19:55:28      24   87.00    0.00   10.00    0.00    0.00    2.00    0.00    0.00    0.00    1.00
19:55:28      25   85.00    0.00   12.00    0.00    0.00    2.00    0.00    0.00    0.00    1.00
19:55:28      26   86.00    0.00   11.00    0.00    0.00    3.00    0.00    0.00    0.00    0.00
19:55:28      27   85.86    0.00   10.10    0.00    0.00    4.04    0.00    0.00    0.00    0.00
19:55:28      28   83.17    0.00   11.88    0.00    0.00    3.96    0.00    0.00    0.00    0.99
19:55:28      29   83.17    0.00   11.88    0.00    0.00    3.96    0.00    0.00    0.00    0.99
19:55:28      30   82.00    0.00   12.00    0.00    0.00    5.00    0.00    0.00    0.00    1.00
19:55:28      31   84.00    0.00   11.00    0.00    0.00    4.00    0.00    0.00    0.00    1.00

19:55:28     CPU    %usr   %nice    %sys %iowait    %irq   %soft  %steal  %guest  %gnice   %idle
19:55:29     all   60.91    0.00    6.92    0.00    0.00    2.02    0.00    0.00    0.00   30.15
19:55:29       0   59.41    0.00    7.92    0.00    0.00    0.99    0.00    0.00    0.00   31.68
19:55:29       1   65.00    0.00    3.00    0.00    0.00    1.00    0.00    0.00    0.00   31.00
19:55:29       2   64.95    0.00    5.15    0.00    0.00    0.00    0.00    0.00    0.00   29.90
19:55:29       3   61.46    0.00    6.25    0.00    0.00    2.08    0.00    0.00    0.00   30.21
19:55:29       4   63.00    0.00    8.00    0.00    0.00    1.00    0.00    0.00    0.00   28.00
19:55:29       5   62.14    0.00    4.85    0.00    0.00    0.97    0.00    0.00    0.00   32.04
19:55:29       6   58.33    0.00    5.21    0.00    0.00    1.04    0.00    0.00    0.00   35.42
19:55:29       7   57.43    0.00    5.94    0.00    0.00    1.98    0.00    0.00    0.00   34.65
19:55:29       8   41.67    0.00    4.17    0.00    0.00    0.00    0.00    0.00    0.00   54.17
19:55:29       9   46.60    0.00    3.88    0.00    0.00    0.97    0.00    0.00    0.00   48.54
19:55:29      10   29.47    0.00    2.11    0.00    0.00    2.11    0.00    0.00    0.00   66.32
19:55:29      11   30.21    0.00    2.08    0.00    0.00    1.04    0.00    0.00    0.00   66.67
19:55:29      12   45.10    0.00    3.92    0.00    0.00    1.96    0.00    0.00    0.00   49.02
19:55:29      13   41.05    0.00    5.26    0.00    0.00    1.05    0.00    0.00    0.00   52.63
19:55:29      14   36.73    0.00    5.10    0.00    0.00    1.02    0.00    0.00    0.00   57.14
19:55:29      15   34.74    0.00    4.21    0.00    0.00    1.05    0.00    0.00    0.00   60.00
19:55:29      16   58.82    0.00    7.84    0.00    0.00    1.96    0.00    0.00    0.00   31.37
19:55:29      17   59.41    0.00    4.95    0.00    0.00    2.97    0.00    0.00    0.00   32.67
19:55:29      18   60.20    0.00    8.16    0.00    0.00    2.04    0.00    0.00    0.00   29.59
19:55:29      19   57.84    0.00    8.82    0.00    0.00    2.94    0.00    0.00    0.00   30.39
19:55:29      20   60.61    0.00    6.06    0.00    0.00    2.02    0.00    0.00    0.00   31.31
19:55:29      21   61.62    0.00    6.06    0.00    0.00    1.01    0.00    0.00    0.00   31.31
19:55:29      22   53.12    0.00    6.25    0.00    0.00    3.12    0.00    0.00    0.00   37.50
19:55:29      23   56.70    0.00    4.12    0.00    0.00    3.09    0.00    0.00    0.00   36.08
19:55:29      24   85.00    0.00   11.00    0.00    0.00    3.00    0.00    0.00    0.00    1.00
19:55:29      25   85.15    0.00    9.90    0.00    0.00    3.96    0.00    0.00    0.00    0.99
19:55:29      26   80.00    0.00   16.00    0.00    0.00    3.00    0.00    0.00    0.00    1.00
19:55:29      27   87.13    0.00    8.91    0.00    0.00    2.97    0.00    0.00    0.00    0.99
19:55:29      28   86.73    0.00   11.22    0.00    0.00    2.04    0.00    0.00    0.00    0.00
19:55:29      29   82.83    0.00   12.12    0.00    0.00    5.05    0.00    0.00    0.00    0.00
19:55:29      30   87.00    0.00    9.00    0.00    0.00    4.00    0.00    0.00    0.00    0.00
19:55:29      31   84.00    0.00   13.00    0.00    0.00    3.00    0.00    0.00    0.00    0.00

19:55:29     CPU    %usr   %nice    %sys %iowait    %irq   %soft  %steal  %guest  %gnice   %idle
19:55:30     all   60.32    0.00    7.09    0.00    0.00    1.74    0.00    0.00    0.00   30.85
19:55:30       0   61.22    0.00    7.14    0.00    0.00    1.02    0.00    0.00    0.00   30.61
19:55:30       1   58.16    0.00    6.12    0.00    0.00    3.06    0.00    0.00    0.00   32.65
19:55:30       2   59.79    0.00    5.15    0.00    0.00    1.03    0.00    0.00    0.00   34.02
19:55:30       3   59.18    0.00    6.12    0.00    0.00    1.02    0.00    0.00    0.00   33.67
19:55:30       4   62.11    0.00    4.21    0.00    0.00    1.05    0.00    0.00    0.00   32.63
19:55:30       5   58.59    0.00    8.08    0.00    0.00    2.02    0.00    0.00    0.00   31.31
19:55:30       6   54.08    0.00    6.12    0.00    0.00    1.02    0.00    0.00    0.00   38.78
19:55:30       7   52.94    0.00    7.84    0.00    0.00    1.96    0.00    0.00    0.00   37.25
19:55:30       8   35.35    0.00    3.03    0.00    0.00    2.02    0.00    0.00    0.00   59.60
19:55:30       9   34.41    0.00    2.15    0.00    0.00    0.00    0.00    0.00    0.00   63.44
19:55:30      10   39.60    0.00    3.96    0.00    0.00    0.99    0.00    0.00    0.00   55.45
19:55:30      11   36.36    0.00    5.05    0.00    0.00    0.00    0.00    0.00    0.00   58.59
19:55:30      12   46.53    0.00    1.98    0.00    0.00    1.98    0.00    0.00    0.00   49.50
19:55:30      13   45.54    0.00    3.96    0.00    0.00    0.00    0.00    0.00    0.00   50.50
19:55:30      14   42.86    0.00    4.08    0.00    0.00    0.00    0.00    0.00    0.00   53.06
19:55:30      15   45.54    0.00    3.96    0.00    0.00    0.99    0.00    0.00    0.00   49.50
19:55:30      16   56.84    0.00   10.53    0.00    0.00    1.05    0.00    0.00    0.00   31.58
19:55:30      17   62.77    0.00    4.26    0.00    0.00    1.06    0.00    0.00    0.00   31.91
19:55:30      18   58.59    0.00    6.06    0.00    0.00    2.02    0.00    0.00    0.00   33.33
19:55:30      19   57.00    0.00    9.00    0.00    0.00    1.00    0.00    0.00    0.00   33.00
19:55:30      20   58.59    0.00    8.08    0.00    0.00    2.02    0.00    0.00    0.00   31.31
19:55:30      21   59.79    0.00    6.19    0.00    0.00    2.06    0.00    0.00    0.00   31.96
19:55:30      22   50.54    0.00    7.53    0.00    0.00    1.08    0.00    0.00    0.00   40.86
19:55:30      23   57.28    0.00    6.80    0.00    0.00    0.97    0.00    0.00    0.00   34.95
19:55:30      24   85.15    0.00   10.89    0.00    0.00    1.98    0.00    0.00    0.00    1.98
19:55:30      25   81.00    0.00   12.00    0.00    0.00    5.00    0.00    0.00    0.00    2.00
19:55:30      26   85.15    0.00    9.90    0.00    0.00    2.97    0.00    0.00    0.00    1.98
19:55:30      27   85.86    0.00   10.10    0.00    0.00    3.03    0.00    0.00    0.00    1.01
19:55:30      28   85.15    0.00   11.88    0.00    0.00    1.98    0.00    0.00    0.00    0.99
19:55:30      29   83.17    0.00   10.89    0.00    0.00    4.95    0.00    0.00    0.00    0.99
19:55:30      30   85.86    0.00    9.09    0.00    0.00    4.04    0.00    0.00    0.00    1.01
19:55:30      31   82.00    0.00   14.00    0.00    0.00    2.00    0.00    0.00    0.00    2.00

19:55:30     CPU    %usr   %nice    %sys %iowait    %irq   %soft  %steal  %guest  %gnice   %idle
19:55:31     all   60.54    0.00    7.19    0.00    0.00    1.91    0.00    0.00    0.00   30.37
19:55:31       0   60.00    0.00    7.00    0.00    0.00    4.00    0.00    0.00    0.00   29.00
19:55:31       1   61.70    0.00    6.38    0.00    0.00    1.06    0.00    0.00    0.00   30.85
19:55:31       2   56.84    0.00    7.37    0.00    0.00    2.11    0.00    0.00    0.00   33.68
19:55:31       3   62.38    0.00    6.93    0.00    0.00    0.99    0.00    0.00    0.00   29.70
19:55:31       4   60.61    0.00    8.08    0.00    0.00    1.01    0.00    0.00    0.00   30.30
19:55:31       5   63.27    0.00    5.10    0.00    0.00    1.02    0.00    0.00    0.00   30.61
19:55:31       6   53.12    0.00    6.25    0.00    0.00    1.04    0.00    0.00    0.00   39.58
19:55:31       7   56.70    0.00    6.19    0.00    0.00    0.00    0.00    0.00    0.00   37.11
19:55:31       8   35.05    0.00    7.22    0.00    0.00    0.00    0.00    0.00    0.00   57.73
19:55:31       9   35.79    0.00    3.16    0.00    0.00    2.11    0.00    0.00    0.00   58.95
19:55:31      10   37.37    0.00    3.03    0.00    0.00    1.01    0.00    0.00    0.00   58.59
19:55:31      11   36.84    0.00    1.05    0.00    0.00    2.11    0.00    0.00    0.00   60.00
19:55:31      12   39.00    0.00    4.00    0.00    0.00    0.00    0.00    0.00    0.00   57.00
19:55:31      13   35.71    0.00    4.08    0.00    0.00    1.02    0.00    0.00    0.00   59.18
19:55:31      14   40.00    0.00    6.32    0.00    0.00    1.05    0.00    0.00    0.00   52.63
19:55:31      15   42.71    0.00    4.17    0.00    0.00    1.04    0.00    0.00    0.00   52.08
19:55:31      16   60.00    0.00    6.32    0.00    0.00    2.11    0.00    0.00    0.00   31.58
19:55:31      17   57.14    0.00    9.18    0.00    0.00    3.06    0.00    0.00    0.00   30.61
19:55:31      18   58.25    0.00    8.74    0.00    0.00    2.91    0.00    0.00    0.00   30.10
19:55:31      19   59.57    0.00    7.45    0.00    0.00    1.06    0.00    0.00    0.00   31.91
19:55:31      20   62.14    0.00    5.83    0.00    0.00    2.91    0.00    0.00    0.00   29.13
19:55:31      21   60.38    0.00    9.43    0.00    0.00    1.89    0.00    0.00    0.00   28.30
19:55:31      22   52.48    0.00    8.91    0.00    0.00    1.98    0.00    0.00    0.00   36.63
19:55:31      23   53.85    0.00    5.49    0.00    0.00    1.10    0.00    0.00    0.00   39.56
19:55:31      24   84.00    0.00   13.00    0.00    0.00    3.00    0.00    0.00    0.00    0.00
19:55:31      25   87.88    0.00    8.08    0.00    0.00    3.03    0.00    0.00    0.00    1.01
19:55:31      26   88.89    0.00    9.09    0.00    0.00    2.02    0.00    0.00    0.00    0.00
19:55:31      27   86.00    0.00   10.00    0.00    0.00    3.00    0.00    0.00    0.00    1.00
19:55:31      28   84.00    0.00   11.00    0.00    0.00    4.00    0.00    0.00    0.00    1.00
19:55:31      29   86.00    0.00   10.00    0.00    0.00    3.00    0.00    0.00    0.00    1.00
19:55:31      30   89.11    0.00    8.91    0.00    0.00    0.99    0.00    0.00    0.00    0.99
19:55:31      31   84.00    0.00   11.00    0.00    0.00    5.00    0.00    0.00    0.00    0.00

19:55:31     CPU    %usr   %nice    %sys %iowait    %irq   %soft  %steal  %guest  %gnice   %idle
19:55:32     all   60.63    0.00    6.65    0.00    0.00    2.00    0.00    0.00    0.00   30.73
19:55:32       0   54.64    0.00    7.22    0.00    0.00    2.06    0.00    0.00    0.00   36.08
19:55:32       1   57.43    0.00    4.95    0.00    0.00    2.97    0.00    0.00    0.00   34.65
19:55:32       2   62.75    0.00    6.86    0.00    0.00    0.00    0.00    0.00    0.00   30.39
19:55:32       3   61.86    0.00    5.15    0.00    0.00    0.00    0.00    0.00    0.00   32.99
19:55:32       4   59.18    0.00    7.14    0.00    0.00    2.04    0.00    0.00    0.00   31.63
19:55:32       5   57.89    0.00    7.37    0.00    0.00    1.05    0.00    0.00    0.00   33.68
19:55:32       6   62.14    0.00    5.83    0.00    0.00    1.94    0.00    0.00    0.00   30.10
19:55:32       7   62.89    0.00    5.15    0.00    0.00    1.03    0.00    0.00    0.00   30.93
19:55:32       8   44.21    0.00    3.16    0.00    0.00    0.00    0.00    0.00    0.00   52.63
19:55:32       9   43.62    0.00    5.32    0.00    0.00    1.06    0.00    0.00    0.00   50.00
19:55:32      10   29.59    0.00    2.04    0.00    0.00    1.02    0.00    0.00    0.00   67.35
19:55:32      11   30.53    0.00    1.05    0.00    0.00    0.00    0.00    0.00    0.00   68.42
19:55:32      12   38.00    0.00    6.00    0.00    0.00    1.00    0.00    0.00    0.00   55.00
19:55:32      13   40.62    0.00    2.08    0.00    0.00    0.00    0.00    0.00    0.00   57.29
19:55:32      14   44.79    0.00    4.17    0.00    0.00    0.00    0.00    0.00    0.00   51.04
19:55:32      15   41.67    0.00    2.08    0.00    0.00    1.04    0.00    0.00    0.00   55.21
19:55:32      16   56.44    0.00    6.93    0.00    0.00    0.99    0.00    0.00    0.00   35.64
19:55:32      17   59.60    0.00    4.04    0.00    0.00    1.01    0.00    0.00    0.00   35.35
19:55:32      18   60.40    0.00    5.94    0.00    0.00    0.99    0.00    0.00    0.00   32.67
19:55:32      19   58.82    0.00    7.84    0.00    0.00    1.96    0.00    0.00    0.00   31.37
19:55:32      20   58.59    0.00    8.08    0.00    0.00    2.02    0.00    0.00    0.00   31.31
19:55:32      21   57.61    0.00    3.26    0.00    0.00    4.35    0.00    0.00    0.00   34.78
19:55:32      22   61.00    0.00    7.00    0.00    0.00    1.00    0.00    0.00    0.00   31.00
19:55:32      23   60.20    0.00    6.12    0.00    0.00    1.02    0.00    0.00    0.00   32.65
19:55:32      24   83.00    0.00   11.00    0.00    0.00    5.00    0.00    0.00    0.00    1.00
19:55:32      25   83.17    0.00   11.88    0.00    0.00    3.96    0.00    0.00    0.00    0.99
19:55:32      26   83.17    0.00   11.88    0.00    0.00    2.97    0.00    0.00    0.00    1.98
19:55:32      27   86.14    0.00    8.91    0.00    0.00    2.97    0.00    0.00    0.00    1.98
19:55:32      28   83.00    0.00   10.00    0.00    0.00    5.00    0.00    0.00    0.00    2.00
19:55:32      29   85.00    0.00    9.00    0.00    0.00    5.00    0.00    0.00    0.00    1.00
19:55:32      30   82.18    0.00   11.88    0.00    0.00    4.95    0.00    0.00    0.00    0.99
19:55:32      31   82.18    0.00   11.88    0.00    0.00    4.95    0.00    0.00    0.00    0.99

19:55:32     CPU    %usr   %nice    %sys %iowait    %irq   %soft  %steal  %guest  %gnice   %idle
19:55:33     all   60.35    0.00    7.25    0.00    0.00    1.88    0.00    0.00    0.00   30.51
19:55:33       0   61.22    0.00    7.14    0.00    0.00    0.00    0.00    0.00    0.00   31.63
19:55:33       1   58.51    0.00    5.32    0.00    0.00    2.13    0.00    0.00    0.00   34.04
19:55:33       2   56.84    0.00    6.32    0.00    0.00    1.05    0.00    0.00    0.00   35.79
19:55:33       3   58.76    0.00    6.19    0.00    0.00    2.06    0.00    0.00    0.00   32.99
19:55:33       4   61.00    0.00    7.00    0.00    0.00    2.00    0.00    0.00    0.00   30.00
19:55:33       5   65.00    0.00    4.00    0.00    0.00    1.00    0.00    0.00    0.00   30.00
19:55:33       6   54.64    0.00    6.19    0.00    0.00    1.03    0.00    0.00    0.00   38.14
19:55:33       7   56.00    0.00    7.00    0.00    0.00    1.00    0.00    0.00    0.00   36.00
19:55:33       8   42.57    0.00    2.97    0.00    0.00    0.99    0.00    0.00    0.00   53.47
19:55:33       9   38.95    0.00    4.21    0.00    0.00    1.05    0.00    0.00    0.00   55.79
19:55:33      10   37.50    0.00    5.21    0.00    0.00    0.00    0.00    0.00    0.00   57.29
19:55:33      11   44.90    0.00    2.04    0.00    0.00    0.00    0.00    0.00    0.00   53.06
19:55:33      12   42.71    0.00    4.17    0.00    0.00    1.04    0.00    0.00    0.00   52.08
19:55:33      13   39.58    0.00    5.21    0.00    0.00    1.04    0.00    0.00    0.00   54.17
19:55:33      14   32.98    0.00    6.38    0.00    0.00    1.06    0.00    0.00    0.00   59.57
19:55:33      15   41.00    0.00    2.00    0.00    0.00    0.00    0.00    0.00    0.00   57.00
19:55:33      16   58.76    0.00    7.22    0.00    0.00    2.06    0.00    0.00    0.00   31.96
19:55:33      17   61.46    0.00    6.25    0.00    0.00    0.00    0.00    0.00    0.00   32.29
19:55:33      18   56.00    0.00    8.00    0.00    0.00    2.00    0.00    0.00    0.00   34.00
19:55:33      19   60.82    0.00    4.12    0.00    0.00    2.06    0.00    0.00    0.00   32.99
19:55:33      20   62.11    0.00    6.32    0.00    0.00    1.05    0.00    0.00    0.00   30.53
19:55:33      21   61.22    0.00    5.10    0.00    0.00    2.04    0.00    0.00    0.00   31.63
19:55:33      22   54.08    0.00    7.14    0.00    0.00    1.02    0.00    0.00    0.00   37.76
19:55:33      23   55.00    0.00    9.00    0.00    0.00    1.00    0.00    0.00    0.00   35.00
19:55:33      24   85.00    0.00   11.00    0.00    0.00    3.00    0.00    0.00    0.00    1.00
19:55:33      25   82.00    0.00   14.00    0.00    0.00    4.00    0.00    0.00    0.00    0.00
19:55:33      26   81.63    0.00   15.31    0.00    0.00    3.06    0.00    0.00    0.00    0.00
19:55:33      27   83.67    0.00   11.22    0.00    0.00    5.10    0.00    0.00    0.00    0.00
19:55:33      28   81.63    0.00   13.27    0.00    0.00    5.10    0.00    0.00    0.00    0.00
19:55:33      29   86.87    0.00    8.08    0.00    0.00    4.04    0.00    0.00    0.00    1.01
19:55:33      30   81.00    0.00   13.00    0.00    0.00    5.00    0.00    0.00    0.00    1.00
19:55:33      31   83.84    0.00   11.11    0.00    0.00    4.04    0.00    0.00    0.00    1.01

19:55:33     CPU    %usr   %nice    %sys %iowait    %irq   %soft  %steal  %guest  %gnice   %idle
19:55:34     all   60.43    0.00    7.01    0.00    0.00    2.04    0.00    0.00    0.00   30.52
19:55:34       0   57.29    0.00    9.38    0.00    0.00    2.08    0.00    0.00    0.00   31.25
19:55:34       1   61.76    0.00    6.86    0.00    0.00    0.98    0.00    0.00    0.00   30.39
19:55:34       2   62.75    0.00    5.88    0.00    0.00    1.96    0.00    0.00    0.00   29.41
19:55:34       3   56.86    0.00    9.80    0.00    0.00    2.94    0.00    0.00    0.00   30.39
19:55:34       4   62.63    0.00    5.05    0.00    0.00    1.01    0.00    0.00    0.00   31.31
19:55:34       5   60.19    0.00    7.77    0.00    0.00    0.97    0.00    0.00    0.00   31.07
19:55:34       6   54.17    0.00    4.17    0.00    0.00    2.08    0.00    0.00    0.00   39.58
19:55:34       7   53.06    0.00    7.14    0.00    0.00    2.04    0.00    0.00    0.00   37.76
19:55:34       8   26.80    0.00    4.12    0.00    0.00    0.00    0.00    0.00    0.00   69.07
19:55:34       9   28.72    0.00    0.00    0.00    0.00    0.00    0.00    0.00    0.00   71.28
19:55:34      10   39.60    0.00    3.96    0.00    0.00    1.98    0.00    0.00    0.00   54.46
19:55:34      11   41.67    0.00    2.08    0.00    0.00    1.04    0.00    0.00    0.00   55.21
19:55:34      12   41.24    0.00    4.12    0.00    0.00    2.06    0.00    0.00    0.00   52.58
19:55:34      13   45.00    0.00    2.00    0.00    0.00    1.00    0.00    0.00    0.00   52.00
19:55:34      14   42.27    0.00    3.09    0.00    0.00    2.06    0.00    0.00    0.00   52.58
19:55:34      15   49.50    0.00    1.98    0.00    0.00    0.99    0.00    0.00    0.00   47.52
19:55:34      16   58.42    0.00    8.91    0.00    0.00    1.98    0.00    0.00    0.00   30.69
19:55:34      17   59.00    0.00   10.00    0.00    0.00    2.00    0.00    0.00    0.00   29.00
19:55:34      18   60.78    0.00    7.84    0.00    0.00    1.96    0.00    0.00    0.00   29.41
19:55:34      19   62.00    0.00    7.00    0.00    0.00    1.00    0.00    0.00    0.00   30.00
19:55:34      20   56.57    0.00    9.09    0.00    0.00    2.02    0.00    0.00    0.00   32.32
19:55:34      21   62.38    0.00    3.96    0.00    0.00    0.99    0.00    0.00    0.00   32.67
19:55:34      22   55.56    0.00    6.06    0.00    0.00    2.02    0.00    0.00    0.00   36.36
19:55:34      23   56.00    0.00    5.00    0.00    0.00    1.00    0.00    0.00    0.00   38.00
19:55:34      24   86.00    0.00   10.00    0.00    0.00    3.00    0.00    0.00    0.00    1.00
19:55:34      25   85.71    0.00   10.20    0.00    0.00    3.06    0.00    0.00    0.00    1.02
19:55:34      26   82.18    0.00    9.90    0.00    0.00    6.93    0.00    0.00    0.00    0.99
19:55:34      27   82.00    0.00   13.00    0.00    0.00    4.00    0.00    0.00    0.00    1.00
19:55:34      28   83.00    0.00   13.00    0.00    0.00    3.00    0.00    0.00    0.00    1.00
19:55:34      29   82.00    0.00   12.00    0.00    0.00    5.00    0.00    0.00    0.00    1.00
19:55:34      30   87.00    0.00   10.00    0.00    0.00    2.00    0.00    0.00    0.00    1.00
19:55:34      31   87.00    0.00   10.00    0.00    0.00    2.00    0.00    0.00    0.00    1.00

19:55:34     CPU    %usr   %nice    %sys %iowait    %irq   %soft  %steal  %guest  %gnice   %idle
19:55:35     all   60.55    0.00    7.03    0.00    0.00    1.98    0.00    0.00    0.00   30.43
19:55:35       0   59.00    0.00   10.00    0.00    0.00    1.00    0.00    0.00    0.00   30.00
19:55:35       1   58.33    0.00    7.29    0.00    0.00    2.08    0.00    0.00    0.00   32.29
19:55:35       2   53.61    0.00    8.25    0.00    0.00    2.06    0.00    0.00    0.00   36.08
19:55:35       3   56.99    0.00    4.30    0.00    0.00    1.08    0.00    0.00    0.00   37.63
19:55:35       4   63.73    0.00    6.86    0.00    0.00    0.98    0.00    0.00    0.00   28.43
19:55:35       5   60.61    0.00    7.07    0.00    0.00    2.02    0.00    0.00    0.00   30.30
19:55:35       6   59.00    0.00    5.00    0.00    0.00    2.00    0.00    0.00    0.00   34.00
19:55:35       7   55.00    0.00    7.00    0.00    0.00    2.00    0.00    0.00    0.00   36.00
19:55:35       8   36.73    0.00    4.08    0.00    0.00    0.00    0.00    0.00    0.00   59.18
19:55:35       9   36.08    0.00    4.12    0.00    0.00    2.06    0.00    0.00    0.00   57.73
19:55:35      10   36.73    0.00    3.06    0.00    0.00    1.02    0.00    0.00    0.00   59.18
19:55:35      11   39.00    0.00    2.00    0.00    0.00    1.00    0.00    0.00    0.00   58.00
19:55:35      12   41.00    0.00    2.00    0.00    0.00    0.00    0.00    0.00    0.00   57.00
19:55:35      13   39.60    0.00    2.97    0.00    0.00    0.00    0.00    0.00    0.00   57.43
19:55:35      14   44.09    0.00    4.30    0.00    0.00    1.08    0.00    0.00    0.00   50.54
19:55:35      15   49.00    0.00    3.00    0.00    0.00    1.00    0.00    0.00    0.00   47.00
19:55:35      16   59.41    0.00    6.93    0.00    0.00    3.96    0.00    0.00    0.00   29.70
19:55:35      17   61.17    0.00    8.74    0.00    0.00    0.00    0.00    0.00    0.00   30.10
19:55:35      18   54.74    0.00    6.32    0.00    0.00    2.11    0.00    0.00    0.00   36.84
19:55:35      19   58.42    0.00    4.95    0.00    0.00    0.99    0.00    0.00    0.00   35.64
19:55:35      20   65.05    0.00    5.83    0.00    0.00    1.94    0.00    0.00    0.00   27.18
19:55:35      21   60.61    0.00    8.08    0.00    0.00    1.01    0.00    0.00    0.00   30.30
19:55:35      22   58.16    0.00    6.12    0.00    0.00    2.04    0.00    0.00    0.00   33.67
19:55:35      23   54.55    0.00    8.08    0.00    0.00    2.02    0.00    0.00    0.00   35.35
19:55:35      24   83.84    0.00   10.10    0.00    0.00    5.05    0.00    0.00    0.00    1.01
19:55:35      25   82.18    0.00   12.87    0.00    0.00    2.97    0.00    0.00    0.00    1.98
19:55:35      26   85.00    0.00   10.00    0.00    0.00    4.00    0.00    0.00    0.00    1.00
19:55:35      27   86.00    0.00    9.00    0.00    0.00    4.00    0.00    0.00    0.00    1.00
19:55:35      28   83.00    0.00   13.00    0.00    0.00    3.00    0.00    0.00    0.00    1.00
19:55:35      29   85.00    0.00    9.00    0.00    0.00    5.00    0.00    0.00    0.00    1.00
19:55:35      30   87.00    0.00   10.00    0.00    0.00    2.00    0.00    0.00    0.00    1.00
19:55:35      31   81.19    0.00   13.86    0.00    0.00    3.96    0.00    0.00    0.00    0.99

19:55:35     CPU    %usr   %nice    %sys %iowait    %irq   %soft  %steal  %guest  %gnice   %idle
19:55:36     all   60.24    0.00    6.93    0.03    0.00    2.01    0.00    0.00    0.00   30.79
19:55:36       0   58.76    0.00    6.19    0.00    0.00    1.03    0.00    0.00    0.00   34.02
19:55:36       1   57.14    0.00    6.12    0.00    0.00    2.04    0.00    0.00    0.00   34.69
19:55:36       2   62.77    0.00    4.26    0.00    0.00    0.00    0.00    0.00    0.00   32.98
19:55:36       3   57.89    0.00    6.32    0.00    0.00    2.11    0.00    0.00    0.00   33.68
19:55:36       4   60.42    0.00    5.21    0.00    0.00    1.04    0.00    0.00    0.00   33.33
19:55:36       5   57.43    0.00    8.91    0.00    0.00    1.98    0.00    0.00    0.00   31.68
19:55:36       6   59.18    0.00    6.12    0.00    0.00    2.04    0.00    0.00    0.00   32.65
19:55:36       7   62.24    0.00    6.12    0.00    0.00    2.04    0.00    0.00    0.00   29.59
19:55:36       8   37.50    0.00    3.12    0.00    0.00    2.08    0.00    0.00    0.00   57.29
19:55:36       9   35.71    0.00    7.14    0.00    0.00    0.00    0.00    0.00    0.00   57.14
19:55:36      10   39.18    0.00    3.09    0.00    0.00    1.03    0.00    0.00    0.00   56.70
19:55:36      11   39.18    0.00    2.06    0.00    0.00    1.03    0.00    0.00    0.00   57.73
19:55:36      12   40.21    0.00    3.09    0.00    0.00    2.06    0.00    0.00    0.00   54.64
19:55:36      13   36.56    0.00    4.30    0.00    0.00    0.00    0.00    0.00    0.00   59.14
19:55:36      14   37.76    0.00    5.10    0.00    0.00    1.02    0.00    0.00    0.00   56.12
19:55:36      15   36.46    0.00    2.08    0.00    0.00    2.08    0.00    0.00    0.00   59.38
19:55:36      16   55.45    0.00    7.92    0.00    0.00    2.97    0.00    0.00    0.00   33.66
19:55:36      17   57.29    0.00    6.25    0.00    0.00    1.04    0.00    0.00    0.00   35.42
19:55:36      18   54.74    0.00    7.37    1.05    0.00    3.16    0.00    0.00    0.00   33.68
19:55:36      19   59.78    0.00    5.43    0.00    0.00    1.09    0.00    0.00    0.00   33.70
19:55:36      20   59.79    0.00    7.22    0.00    0.00    1.03    0.00    0.00    0.00   31.96
19:55:36      21   61.22    0.00    5.10    0.00    0.00    1.02    0.00    0.00    0.00   32.65
19:55:36      22   59.41    0.00    6.93    0.00    0.00    0.99    0.00    0.00    0.00   32.67
19:55:36      23   60.78    0.00    5.88    0.00    0.00    1.96    0.00    0.00    0.00   31.37
19:55:36      24   84.16    0.00   10.89    0.00    0.00    3.96    0.00    0.00    0.00    0.99
19:55:36      25   84.00    0.00   11.00    0.00    0.00    4.00    0.00    0.00    0.00    1.00
19:55:36      26   82.18    0.00   12.87    0.00    0.00    3.96    0.00    0.00    0.00    0.99
19:55:36      27   85.86    0.00    9.09    0.00    0.00    4.04    0.00    0.00    0.00    1.01
19:55:36      28   81.82    0.00   11.11    0.00    0.00    6.06    0.00    0.00    0.00    1.01
19:55:36      29   86.00    0.00   11.00    0.00    0.00    2.00    0.00    0.00    0.00    1.00
19:55:36      30   84.16    0.00   13.86    0.00    0.00    0.99    0.00    0.00    0.00    0.99
19:55:36      31   85.86    0.00    9.09    0.00    0.00    4.04    0.00    0.00    0.00    1.01

19:55:36     CPU    %usr   %nice    %sys %iowait    %irq   %soft  %steal  %guest  %gnice   %idle
19:55:37     all   60.21    0.00    7.37    0.00    0.00    1.95    0.00    0.00    0.00   30.47
19:55:37       0   57.00    0.00    9.00    0.00    0.00    2.00    0.00    0.00    0.00   32.00
19:55:37       1   57.14    0.00    8.16    0.00    0.00    1.02    0.00    0.00    0.00   33.67
19:55:37       2   57.89    0.00    4.21    0.00    0.00    2.11    0.00    0.00    0.00   35.79
19:55:37       3   57.00    0.00    9.00    0.00    0.00    2.00    0.00    0.00    0.00   32.00
19:55:37       4   61.00    0.00    7.00    0.00    0.00    1.00    0.00    0.00    0.00   31.00
19:55:37       5   63.00    0.00    5.00    0.00    0.00    1.00    0.00    0.00    0.00   31.00
19:55:37       6   59.41    0.00    8.91    0.00    0.00    0.00    0.00    0.00    0.00   31.68
19:55:37       7   55.67    0.00    9.28    0.00    0.00    2.06    0.00    0.00    0.00   32.99
19:55:37       8   40.78    0.00    3.88    0.00    0.00    1.94    0.00    0.00    0.00   53.40
19:55:37       9   40.21    0.00    3.09    0.00    0.00    2.06    0.00    0.00    0.00   54.64
19:55:37      10   44.66    0.00    5.83    0.00    0.00    0.00    0.00    0.00    0.00   49.51
19:55:37      11   42.71    0.00    6.25    0.00    0.00    1.04    0.00    0.00    0.00   50.00
19:55:37      12   32.61    0.00    2.17    0.00    0.00    0.00    0.00    0.00    0.00   65.22
19:55:37      13   37.25    0.00    1.96    0.00    0.00    0.98    0.00    0.00    0.00   59.80
19:55:37      14   40.20    0.00    1.96    0.00    0.00    0.00    0.00    0.00    0.00   57.84
19:55:37      15   36.46    0.00    2.08    0.00    0.00    1.04    0.00    0.00    0.00   60.42
19:55:37      16   58.16    0.00    6.12    0.00    0.00    3.06    0.00    0.00    0.00   32.65
19:55:37      17   57.89    0.00    7.37    0.00    0.00    1.05    0.00    0.00    0.00   33.68
19:55:37      18   59.38    0.00    6.25    0.00    0.00    1.04    0.00    0.00    0.00   33.33
19:55:37      19   59.80    0.00    6.86    0.00    0.00    0.98    0.00    0.00    0.00   32.35
19:55:37      20   59.41    0.00    7.92    0.00    0.00    1.98    0.00    0.00    0.00   30.69
19:55:37      21   60.58    0.00    7.69    0.00    0.00    1.92    0.00    0.00    0.00   29.81
19:55:37      22   61.00    0.00    6.00    0.00    0.00    0.00    0.00    0.00    0.00   33.00
19:55:37      23   59.80    0.00    6.86    0.00    0.00    1.96    0.00    0.00    0.00   31.37
19:55:37      24   83.84    0.00    9.09    0.00    0.00    6.06    0.00    0.00    0.00    1.01
19:55:37      25   82.83    0.00   11.11    0.00    0.00    4.04    0.00    0.00    0.00    2.02
19:55:37      26   86.00    0.00    8.00    0.00    0.00    5.00    0.00    0.00    0.00    1.00
19:55:37      27   84.85    0.00   11.11    0.00    0.00    3.03    0.00    0.00    0.00    1.01
19:55:37      28   81.82    0.00   15.15    0.00    0.00    2.02    0.00    0.00    0.00    1.01
19:55:37      29   87.00    0.00    8.00    0.00    0.00    4.00    0.00    0.00    0.00    1.00
19:55:37      30   76.77    0.00   19.19    0.00    0.00    3.03    0.00    0.00    0.00    1.01
19:55:37      31   82.83    0.00   11.11    0.00    0.00    5.05    0.00    0.00    0.00    1.01

19:55:37     CPU    %usr   %nice    %sys %iowait    %irq   %soft  %steal  %guest  %gnice   %idle
19:55:38     all   60.30    0.00    7.00    0.06    0.00    2.01    0.00    0.00    0.00   30.63
19:55:38       0   55.21    0.00    8.33    0.00    0.00    2.08    0.00    0.00    0.00   34.38
19:55:38       1   58.33    0.00    8.33    0.00    0.00    1.04    0.00    0.00    0.00   32.29
19:55:38       2   63.73    0.00    3.92    0.00    0.00    0.98    0.00    0.00    0.00   31.37
19:55:38       3   59.14    0.00    5.38    0.00    0.00    1.08    0.00    0.00    0.00   34.41
19:55:38       4   59.14    0.00    5.38    0.00    0.00    2.15    0.00    0.00    0.00   33.33
19:55:38       5   56.84    0.00    8.42    0.00    0.00    2.11    0.00    0.00    0.00   32.63
19:55:38       6   56.12    0.00    8.16    1.02    0.00    1.02    0.00    0.00    0.00   33.67
19:55:38       7   57.89    0.00    6.32    0.00    0.00    0.00    0.00    0.00    0.00   35.79
19:55:38       8   31.37    0.00    3.92    0.00    0.00    0.00    0.00    0.00    0.00   64.71
19:55:38       9   26.80    0.00    3.09    0.00    0.00    1.03    0.00    0.00    0.00   69.07
19:55:38      10   35.71    0.00    4.08    0.00    0.00    2.04    0.00    0.00    0.00   58.16
19:55:38      11   40.21    0.00    3.09    0.00    0.00    1.03    0.00    0.00    0.00   55.67
19:55:38      12   44.21    0.00    3.16    0.00    0.00    0.00    0.00    0.00    0.00   52.63
19:55:38      13   44.12    0.00    2.94    0.00    0.00    2.94    0.00    0.00    0.00   50.00
19:55:38      14   46.88    0.00    4.17    0.00    0.00    1.04    0.00    0.00    0.00   47.92
19:55:38      15   44.79    0.00    3.12    0.00    0.00    3.12    0.00    0.00    0.00   48.96
19:55:38      16   62.00    0.00    6.00    0.00    0.00    1.00    0.00    0.00    0.00   31.00
19:55:38      17   62.89    0.00    5.15    0.00    0.00    1.03    0.00    0.00    0.00   30.93
19:55:38      18   59.41    0.00    6.93    0.00    0.00    1.98    0.00    0.00    0.00   31.68
19:55:38      19   57.43    0.00    6.93    0.00    0.00    1.98    0.00    0.00    0.00   33.66
19:55:38      20   58.51    0.00    6.38    0.00    0.00    1.06    0.00    0.00    0.00   34.04
19:55:38      21   61.22    0.00    5.10    0.00    0.00    1.02    0.00    0.00    0.00   32.65
19:55:38      22   56.57    0.00    8.08    0.00    0.00    2.02    0.00    0.00    0.00   33.33
19:55:38      23   57.14    0.00    6.12    1.02    0.00    1.02    0.00    0.00    0.00   34.69
19:55:38      24   83.00    0.00   12.00    0.00    0.00    4.00    0.00    0.00    0.00    1.00
19:55:38      25   83.17    0.00   10.89    0.00    0.00    4.95    0.00    0.00    0.00    0.99
19:55:38      26   84.69    0.00   10.20    0.00    0.00    4.08    0.00    0.00    0.00    1.02
19:55:38      27   83.17    0.00   11.88    0.00    0.00    3.96    0.00    0.00    0.00    0.99
19:55:38      28   82.18    0.00   13.86    0.00    0.00    2.97    0.00    0.00    0.00    0.99
19:55:38      29   85.86    0.00   11.11    0.00    0.00    2.02    0.00    0.00    0.00    1.01
19:55:38      30   85.15    0.00    8.91    0.00    0.00    4.95    0.00    0.00    0.00    0.99
19:55:38      31   82.18    0.00   11.88    0.00    0.00    3.96    0.00    0.00    0.00    1.98

19:55:38     CPU    %usr   %nice    %sys %iowait    %irq   %soft  %steal  %guest  %gnice   %idle
19:55:39     all   60.23    0.00    6.93    0.00    0.00    1.87    0.00    0.00    0.00   30.97
19:55:39       0   61.00    0.00    4.00    0.00    0.00    3.00    0.00    0.00    0.00   32.00
19:55:39       1   59.80    0.00    6.86    0.00    0.00    0.98    0.00    0.00    0.00   32.35
19:55:39       2   61.46    0.00    5.21    0.00    0.00    0.00    0.00    0.00    0.00   33.33
19:55:39       3   61.00    0.00    7.00    0.00    0.00    1.00    0.00    0.00    0.00   31.00
19:55:39       4   61.22    0.00    5.10    0.00    0.00    0.00    0.00    0.00    0.00   33.67
19:55:39       5   61.86    0.00    5.15    0.00    0.00    1.03    0.00    0.00    0.00   31.96
19:55:39       6   57.43    0.00    7.92    0.00    0.00    0.99    0.00    0.00    0.00   33.66
19:55:39       7   58.33    0.00    6.25    0.00    0.00    1.04    0.00    0.00    0.00   34.38
19:55:39       8   33.68    0.00    4.21    0.00    0.00    0.00    0.00    0.00    0.00   62.11
19:55:39       9   33.33    0.00    5.21    0.00    0.00    1.04    0.00    0.00    0.00   60.42
19:55:39      10   34.74    0.00    3.16    0.00    0.00    0.00    0.00    0.00    0.00   62.11
19:55:39      11   32.63    0.00    4.21    0.00    0.00    0.00    0.00    0.00    0.00   63.16
19:55:39      12   40.40    0.00    5.05    0.00    0.00    0.00    0.00    0.00    0.00   54.55
19:55:39      13   38.54    0.00    4.17    0.00    0.00    2.08    0.00    0.00    0.00   55.21
19:55:39      14   43.69    0.00    5.83    0.00    0.00    0.97    0.00    0.00    0.00   49.51
19:55:39      15   37.89    0.00    4.21    0.00    0.00    1.05    0.00    0.00    0.00   56.84
19:55:39      16   59.00    0.00    7.00    0.00    0.00    1.00    0.00    0.00    0.00   33.00
19:55:39      17   56.57    0.00    7.07    0.00    0.00    4.04    0.00    0.00    0.00   32.32
19:55:39      18   61.00    0.00    7.00    0.00    0.00    0.00    0.00    0.00    0.00   32.00
19:55:39      19   55.10    0.00    8.16    0.00    0.00    4.08    0.00    0.00    0.00   32.65
19:55:39      20   59.60    0.00    4.04    0.00    0.00    2.02    0.00    0.00    0.00   34.34
19:55:39      21   62.86    0.00    3.81    0.00    0.00    1.90    0.00    0.00    0.00   31.43
19:55:39      22   59.41    0.00    5.94    0.00    0.00    0.99    0.00    0.00    0.00   33.66
19:55:39      23   58.59    0.00    7.07    0.00    0.00    2.02    0.00    0.00    0.00   32.32
19:55:39      24   83.84    0.00   12.12    0.00    0.00    2.02    0.00    0.00    0.00    2.02
19:55:39      25   79.00    0.00   15.00    0.00    0.00    5.00    0.00    0.00    0.00    1.00
19:55:39      26   85.15    0.00   10.89    0.00    0.00    2.97    0.00    0.00    0.00    0.99
19:55:39      27   85.71    0.00   10.20    0.00    0.00    3.06    0.00    0.00    0.00    1.02
19:55:39      28   84.85    0.00   11.11    0.00    0.00    2.02    0.00    0.00    0.00    2.02
19:55:39      29   84.00    0.00    9.00    0.00    0.00    6.00    0.00    0.00    0.00    1.00
19:55:39      30   85.86    0.00    8.08    0.00    0.00    5.05    0.00    0.00    0.00    1.01
19:55:39      31   84.00    0.00   11.00    0.00    0.00    4.00    0.00    0.00    0.00    1.00

19:55:39     CPU    %usr   %nice    %sys %iowait    %irq   %soft  %steal  %guest  %gnice   %idle
19:55:40     all   60.68    0.00    7.00    0.00    0.00    1.93    0.00    0.00    0.00   30.39
19:55:40       0   60.20    0.00    7.14    0.00    0.00    2.04    0.00    0.00    0.00   30.61
19:55:40       1   62.14    0.00    4.85    0.00    0.00    2.91    0.00    0.00    0.00   30.10
19:55:40       2   60.20    0.00    7.14    0.00    0.00    2.04    0.00    0.00    0.00   30.61
19:55:40       3   60.61    0.00    7.07    0.00    0.00    2.02    0.00    0.00    0.00   30.30
19:55:40       4   56.38    0.00    8.51    0.00    0.00    1.06    0.00    0.00    0.00   34.04
19:55:40       5   58.70    0.00    5.43    0.00    0.00    1.09    0.00    0.00    0.00   34.78
19:55:40       6   59.38    0.00    4.17    0.00    0.00    2.08    0.00    0.00    0.00   34.38
19:55:40       7   58.59    0.00    6.06    0.00    0.00    2.02    0.00    0.00    0.00   33.33
19:55:40       8   40.40    0.00    3.03    0.00    0.00    1.01    0.00    0.00    0.00   55.56
19:55:40       9   35.35    0.00    5.05    0.00    0.00    1.01    0.00    0.00    0.00   58.59
19:55:40      10   29.79    0.00    3.19    0.00    0.00    0.00    0.00    0.00    0.00   67.02
19:55:40      11   31.96    0.00    3.09    0.00    0.00    1.03    0.00    0.00    0.00   63.92
19:55:40      12   36.73    0.00    3.06    0.00    0.00    1.02    0.00    0.00    0.00   59.18
19:55:40      13   35.35    0.00    1.01    0.00    0.00    1.01    0.00    0.00    0.00   62.63
19:55:40      14   50.00    0.00    5.88    0.00    0.00    0.98    0.00    0.00    0.00   43.14
19:55:40      15   48.96    0.00    4.17    0.00    0.00    2.08    0.00    0.00    0.00   44.79
19:55:40      16   59.60    0.00    9.09    0.00    0.00    2.02    0.00    0.00    0.00   29.29
19:55:40      17   61.76    0.00    5.88    0.00    0.00    1.96    0.00    0.00    0.00   30.39
19:55:40      18   60.78    0.00    6.86    0.00    0.00    1.96    0.00    0.00    0.00   30.39
19:55:40      19   58.42    0.00    9.90    0.00    0.00    0.99    0.00    0.00    0.00   30.69
19:55:40      20   60.20    0.00    5.10    0.00    0.00    2.04    0.00    0.00    0.00   32.65
19:55:40      21   62.24    0.00    4.08    0.00    0.00    0.00    0.00    0.00    0.00   33.67
19:55:40      22   60.82    0.00    5.15    0.00    0.00    0.00    0.00    0.00    0.00   34.02
19:55:40      23   56.70    0.00    7.22    0.00    0.00    2.06    0.00    0.00    0.00   34.02
19:55:40      24   84.00    0.00   11.00    0.00    0.00    4.00    0.00    0.00    0.00    1.00
19:55:40      25   84.16    0.00   10.89    0.00    0.00    2.97    0.00    0.00    0.00    1.98
19:55:40      26   80.00    0.00   16.00    0.00    0.00    3.00    0.00    0.00    0.00    1.00
19:55:40      27   81.00    0.00   11.00    0.00    0.00    7.00    0.00    0.00    0.00    1.00
19:55:40      28   85.00    0.00   10.00    0.00    0.00    4.00    0.00    0.00    0.00    1.00
19:55:40      29   84.69    0.00   13.27    0.00    0.00    1.02    0.00    0.00    0.00    1.02
19:55:40      30   88.89    0.00    8.08    0.00    0.00    2.02    0.00    0.00    0.00    1.01
19:55:40      31   84.16    0.00   10.89    0.00    0.00    2.97    0.00    0.00    0.00    1.98

19:55:40     CPU    %usr   %nice    %sys %iowait    %irq   %soft  %steal  %guest  %gnice   %idle
19:55:41     all   60.80    0.00    7.15    0.00    0.00    1.62    0.00    0.00    0.00   30.43
19:55:41       0   63.92    0.00    4.12    0.00    0.00    1.03    0.00    0.00    0.00   30.93
19:55:41       1   57.45    0.00    7.45    0.00    0.00    2.13    0.00    0.00    0.00   32.98
19:55:41       2   67.35    0.00    4.08    0.00    0.00    1.02    0.00    0.00    0.00   27.55
19:55:41       3   61.86    0.00    9.28    0.00    0.00    1.03    0.00    0.00    0.00   27.84
19:55:41       4   58.59    0.00    8.08    0.00    0.00    2.02    0.00    0.00    0.00   31.31
19:55:41       5   62.14    0.00    3.88    0.00    0.00    0.97    0.00    0.00    0.00   33.01
19:55:41       6   57.29    0.00    4.17    0.00    0.00    1.04    0.00    0.00    0.00   37.50
19:55:41       7   50.55    0.00    6.59    0.00    0.00    1.10    0.00    0.00    0.00   41.76
19:55:41       8   36.00    0.00    3.00    0.00    0.00    1.00    0.00    0.00    0.00   60.00
19:55:41       9   33.33    0.00    2.08    0.00    0.00    1.04    0.00    0.00    0.00   63.54
19:55:41      10   37.11    0.00    2.06    0.00    0.00    0.00    0.00    0.00    0.00   60.82
19:55:41      11   34.38    0.00    5.21    0.00    0.00    1.04    0.00    0.00    0.00   59.38
19:55:41      12   38.78    0.00    3.06    0.00    0.00    0.00    0.00    0.00    0.00   58.16
19:55:41      13   36.63    0.00    3.96    0.00    0.00    0.99    0.00    0.00    0.00   58.42
19:55:41      14   45.10    0.00    5.88    0.00    0.00    0.98    0.00    0.00    0.00   48.04
19:55:41      15   43.00    0.00    7.00    0.00    0.00    1.00    0.00    0.00    0.00   49.00
19:55:41      16   61.39    0.00    7.92    0.00    0.00    1.98    0.00    0.00    0.00   28.71
19:55:41      17   62.77    0.00    5.32    0.00    0.00    2.13    0.00    0.00    0.00   29.79
19:55:41      18   68.00    0.00    5.00    0.00    0.00    1.00    0.00    0.00    0.00   26.00
19:55:41      19   67.00    0.00    4.00    0.00    0.00    1.00    0.00    0.00    0.00   28.00
19:55:41      20   62.11    0.00    5.26    0.00    0.00    0.00    0.00    0.00    0.00   32.63
19:55:41      21   58.82    0.00    9.80    0.00    0.00    0.98    0.00    0.00    0.00   30.39
19:55:41      22   55.21    0.00    6.25    0.00    0.00    1.04    0.00    0.00    0.00   37.50
19:55:41      23   52.08    0.00    9.38    0.00    0.00    1.04    0.00    0.00    0.00   37.50
19:55:41      24   86.00    0.00   10.00    0.00    0.00    3.00    0.00    0.00    0.00    1.00
19:55:41      25   80.00    0.00   16.00    0.00    0.00    3.00    0.00    0.00    0.00    1.00
19:55:41      26   87.13    0.00    8.91    0.00    0.00    2.97    0.00    0.00    0.00    0.99
19:55:41      27   83.00    0.00   13.00    0.00    0.00    3.00    0.00    0.00    0.00    1.00
19:55:41      28   85.00    0.00   11.00    0.00    0.00    3.00    0.00    0.00    0.00    1.00
19:55:41      29   81.82    0.00   13.13    0.00    0.00    4.04    0.00    0.00    0.00    1.01
19:55:41      30   85.00    0.00   11.00    0.00    0.00    3.00    0.00    0.00    0.00    1.00
19:55:41      31   82.83    0.00   12.12    0.00    0.00    4.04    0.00    0.00    0.00    1.01

19:55:41     CPU    %usr   %nice    %sys %iowait    %irq   %soft  %steal  %guest  %gnice   %idle
19:55:42     all   60.60    0.00    7.10    0.00    0.00    2.04    0.00    0.00    0.00   30.25
19:55:42       0   58.76    0.00    6.19    0.00    0.00    3.09    0.00    0.00    0.00   31.96
19:55:42       1   63.00    0.00    7.00    0.00    0.00    0.00    0.00    0.00    0.00   30.00
19:55:42       2   59.00    0.00    8.00    0.00    0.00    2.00    0.00    0.00    0.00   31.00
19:55:42       3   63.00    0.00    4.00    0.00    0.00    2.00    0.00    0.00    0.00   31.00
19:55:42       4   58.00    0.00    6.00    0.00    0.00    3.00    0.00    0.00    0.00   33.00
19:55:42       5   61.32    0.00    5.66    0.00    0.00    1.89    0.00    0.00    0.00   31.13
19:55:42       6   58.16    0.00    7.14    0.00    0.00    0.00    0.00    0.00    0.00   34.69
19:55:42       7   60.61    0.00    6.06    0.00    0.00    1.01    0.00    0.00    0.00   32.32
19:55:42       8   41.41    0.00    5.05    0.00    0.00    0.00    0.00    0.00    0.00   53.54
19:55:42       9   45.92    0.00    4.08    0.00    0.00    0.00    0.00    0.00    0.00   50.00
19:55:42      10   34.65    0.00    1.98    0.00    0.00    1.98    0.00    0.00    0.00   61.39
19:55:42      11   33.67    0.00    2.04    0.00    0.00    1.02    0.00    0.00    0.00   63.27
19:55:42      12   38.24    0.00    2.94    0.00    0.00    0.98    0.00    0.00    0.00   57.84
19:55:42      13   37.86    0.00    3.88    0.00    0.00    1.94    0.00    0.00    0.00   56.31
19:55:42      14   40.43    0.00    4.26    0.00    0.00    2.13    0.00    0.00    0.00   53.19
19:55:42      15   38.95    0.00    5.26    0.00    0.00    2.11    0.00    0.00    0.00   53.68
19:55:42      16   61.00    0.00    8.00    0.00    0.00    2.00    0.00    0.00    0.00   29.00
19:55:42      17   55.79    0.00   10.53    0.00    0.00    1.05    0.00    0.00    0.00   32.63
19:55:42      18   56.99    0.00    7.53    0.00    0.00    2.15    0.00    0.00    0.00   33.33
19:55:42      19   57.73    0.00    7.22    0.00    0.00    2.06    0.00    0.00    0.00   32.99
19:55:42      20   58.65    0.00    8.65    0.00    0.00    1.92    0.00    0.00    0.00   30.77
19:55:42      21   57.14    0.00    8.16    0.00    0.00    1.02    0.00    0.00    0.00   33.67
19:55:42      22   57.69    0.00    6.73    0.00    0.00    2.88    0.00    0.00    0.00   32.69
19:55:42      23   56.00    0.00    8.00    0.00    0.00    2.00    0.00    0.00    0.00   34.00
19:55:42      24   85.86    0.00   10.10    0.00    0.00    3.03    0.00    0.00    0.00    1.01
19:55:42      25   81.82    0.00   12.12    0.00    0.00    5.05    0.00    0.00    0.00    1.01
19:55:42      26   82.00    0.00   14.00    0.00    0.00    3.00    0.00    0.00    0.00    1.00
19:55:42      27   87.00    0.00    9.00    0.00    0.00    3.00    0.00    0.00    0.00    1.00
19:55:42      28   85.15    0.00    8.91    0.00    0.00    4.95    0.00    0.00    0.00    0.99
19:55:42      29   87.13    0.00    8.91    0.00    0.00    2.97    0.00    0.00    0.00    0.99
19:55:42      30   86.14    0.00    9.90    0.00    0.00    2.97    0.00    0.00    0.00    0.99
19:55:42      31   87.13    0.00    9.90    0.00    0.00    1.98    0.00    0.00    0.00    0.99

19:55:42     CPU    %usr   %nice    %sys %iowait    %irq   %soft  %steal  %guest  %gnice   %idle
19:55:43     all   61.16    0.00    6.83    0.00    0.00    1.63    0.00    0.00    0.00   30.38
19:55:43       0   59.60    0.00    8.08    0.00    0.00    1.01    0.00    0.00    0.00   31.31
19:55:43       1   62.75    0.00    5.88    0.00    0.00    0.98    0.00    0.00    0.00   30.39
19:55:43       2   60.82    0.00    8.25    0.00    0.00    0.00    0.00    0.00    0.00   30.93
19:55:43       3   62.24    0.00    5.10    0.00    0.00    1.02    0.00    0.00    0.00   31.63
19:55:43       4   57.58    0.00    9.09    0.00    0.00    2.02    0.00    0.00    0.00   31.31
19:55:43       5   57.73    0.00    9.28    0.00    0.00    1.03    0.00    0.00    0.00   31.96
19:55:43       6   57.00    0.00    4.00    0.00    0.00    2.00    0.00    0.00    0.00   37.00
19:55:43       7   54.00    0.00    7.00    0.00    0.00    1.00    0.00    0.00    0.00   38.00
19:55:43       8   38.95    0.00    1.05    0.00    0.00    0.00    0.00    0.00    0.00   60.00
19:55:43       9   37.62    0.00    3.96    0.00    0.00    0.99    0.00    0.00    0.00   57.43
19:55:43      10   41.41    0.00    5.05    0.00    0.00    0.00    0.00    0.00    0.00   53.54
19:55:43      11   43.56    0.00    4.95    0.00    0.00    0.99    0.00    0.00    0.00   50.50
19:55:43      12   42.57    0.00    5.94    0.00    0.00    0.99    0.00    0.00    0.00   50.50
19:55:43      13   43.43    0.00    3.03    0.00    0.00    1.01    0.00    0.00    0.00   52.53
19:55:43      14   34.34    0.00    4.04    0.00    0.00    0.00    0.00    0.00    0.00   61.62
19:55:43      15   34.69    0.00    3.06    0.00    0.00    1.02    0.00    0.00    0.00   61.22
19:55:43      16   65.35    0.00    2.97    0.00    0.00    1.98    0.00    0.00    0.00   29.70
19:55:43      17   61.39    0.00    6.93    0.00    0.00    1.98    0.00    0.00    0.00   29.70
19:55:43      18   61.17    0.00    6.80    0.00    0.00    1.94    0.00    0.00    0.00   30.10
19:55:43      19   61.46    0.00    5.21    0.00    0.00    1.04    0.00    0.00    0.00   32.29
19:55:43      20   61.00    0.00    5.00    0.00    0.00    2.00    0.00    0.00    0.00   32.00
19:55:43      21   63.11    0.00    6.80    0.00    0.00    0.97    0.00    0.00    0.00   29.13
19:55:43      22   55.10    0.00    7.14    0.00    0.00    1.02    0.00    0.00    0.00   36.73
19:55:43      23   52.53    0.00    8.08    0.00    0.00    1.01    0.00    0.00    0.00   38.38
19:55:43      24   86.00    0.00   11.00    0.00    0.00    2.00    0.00    0.00    0.00    1.00
19:55:43      25   85.15    0.00   12.87    0.00    0.00    0.99    0.00    0.00    0.00    0.99
19:55:43      26   84.31    0.00   11.76    0.00    0.00    2.94    0.00    0.00    0.00    0.98
19:55:43      27   85.15    0.00    7.92    0.00    0.00    5.94    0.00    0.00    0.00    0.99
19:55:43      28   88.00    0.00    8.00    0.00    0.00    3.00    0.00    0.00    0.00    1.00
19:55:43      29   86.87    0.00    9.09    0.00    0.00    3.03    0.00    0.00    0.00    1.01
19:55:43      30   85.00    0.00   11.00    0.00    0.00    3.00    0.00    0.00    0.00    1.00
19:55:43      31   84.16    0.00    9.90    0.00    0.00    4.95    0.00    0.00    0.00    0.99

19:55:43     CPU    %usr   %nice    %sys %iowait    %irq   %soft  %steal  %guest  %gnice   %idle
19:55:44     all   60.20    0.00    6.98    0.00    0.00    2.10    0.00    0.00    0.00   30.72
19:55:44       0   56.25    0.00    9.38    0.00    0.00    2.08    0.00    0.00    0.00   32.29
19:55:44       1   56.57    0.00    9.09    0.00    0.00    4.04    0.00    0.00    0.00   30.30
19:55:44       2   56.12    0.00    9.18    0.00    0.00    1.02    0.00    0.00    0.00   33.67
19:55:44       3   60.61    0.00    7.07    0.00    0.00    0.00    0.00    0.00    0.00   32.32
19:55:44       4   56.52    0.00    5.43    0.00    0.00    1.09    0.00    0.00    0.00   36.96
19:55:44       5   56.70    0.00    8.25    0.00    0.00    2.06    0.00    0.00    0.00   32.99
19:55:44       6   61.86    0.00    5.15    0.00    0.00    1.03    0.00    0.00    0.00   31.96
19:55:44       7   60.40    0.00    6.93    0.00    0.00    1.98    0.00    0.00    0.00   30.69
19:55:44       8   34.02    0.00    3.09    0.00    0.00    2.06    0.00    0.00    0.00   60.82
19:55:44       9   37.11    0.00    1.03    0.00    0.00    3.09    0.00    0.00    0.00   58.76
19:55:44      10   41.41    0.00    3.03    0.00    0.00    1.01    0.00    0.00    0.00   54.55
19:55:44      11   33.68    0.00    4.21    0.00    0.00    3.16    0.00    0.00    0.00   58.95
19:55:44      12   33.67    0.00    2.04    0.00    0.00    1.02    0.00    0.00    0.00   63.27
19:55:44      13   34.02    0.00    3.09    0.00    0.00    0.00    0.00    0.00    0.00   62.89
19:55:44      14   45.45    0.00    3.03    0.00    0.00    1.01    0.00    0.00    0.00   50.51
19:55:44      15   43.43    0.00    6.06    0.00    0.00    1.01    0.00    0.00    0.00   49.49
19:55:44      16   63.00    0.00    6.00    0.00    0.00    2.00    0.00    0.00    0.00   29.00
19:55:44      17   61.46    0.00    8.33    0.00    0.00    0.00    0.00    0.00    0.00   30.21
19:55:44      18   61.39    0.00    3.96    0.00    0.00    1.98    0.00    0.00    0.00   32.67
19:55:44      19   58.59    0.00    6.06    0.00    0.00    1.01    0.00    0.00    0.00   34.34
19:55:44      20   56.99    0.00    8.60    0.00    0.00    0.00    0.00    0.00    0.00   34.41
19:55:44      21   54.35    0.00    7.61    0.00    0.00    1.09    0.00    0.00    0.00   36.96
19:55:44      22   62.00    0.00    6.00    0.00    0.00    1.00    0.00    0.00    0.00   31.00
19:55:44      23   62.89    0.00    4.12    0.00    0.00    1.03    0.00    0.00    0.00   31.96
19:55:44      24   80.00    0.00   14.00    0.00    0.00    4.00    0.00    0.00    0.00    2.00
19:55:44      25   87.13    0.00    9.90    0.00    0.00    1.98    0.00    0.00    0.00    0.99
19:55:44      26   86.00    0.00   10.00    0.00    0.00    4.00    0.00    0.00    0.00    0.00
19:55:44      27   80.00    0.00   13.00    0.00    0.00    6.00    0.00    0.00    0.00    1.00
19:55:44      28   84.00    0.00   12.00    0.00    0.00    3.00    0.00    0.00    0.00    1.00
19:55:44      29   84.00    0.00   10.00    0.00    0.00    5.00    0.00    0.00    0.00    1.00
19:55:44      30   87.00    0.00    7.00    0.00    0.00    4.00    0.00    0.00    0.00    2.00
19:55:44      31   83.84    0.00   10.10    0.00    0.00    5.05    0.00    0.00    0.00    1.01

19:55:44     CPU    %usr   %nice    %sys %iowait    %irq   %soft  %steal  %guest  %gnice   %idle
19:55:45     all   61.63    0.00    7.32    0.00    0.00    1.75    0.00    0.00    0.00   29.30
19:55:45       0   56.57    0.00    8.08    0.00    0.00    1.01    0.00    0.00    0.00   34.34
19:55:45       1   59.41    0.00    5.94    0.00    0.00    0.99    0.00    0.00    0.00   33.66
19:55:45       2   62.38    0.00    4.95    0.00    0.00    1.98    0.00    0.00    0.00   30.69
19:55:45       3   58.59    0.00    7.07    0.00    0.00    2.02    0.00    0.00    0.00   32.32
19:55:45       4   57.73    0.00    8.25    0.00    0.00    1.03    0.00    0.00    0.00   32.99
19:55:45       5   63.21    0.00    5.66    0.00    0.00    0.94    0.00    0.00    0.00   30.19
19:55:45       6   71.57    0.00    4.90    0.00    0.00    0.98    0.00    0.00    0.00   22.55
19:55:45       7   62.38    0.00    7.92    0.00    0.00    0.99    0.00    0.00    0.00   28.71
19:55:45       8   42.11    0.00    3.16    0.00    0.00    1.05    0.00    0.00    0.00   53.68
19:55:45       9   45.92    0.00    3.06    0.00    0.00    1.02    0.00    0.00    0.00   50.00
19:55:45      10   41.58    0.00    5.94    0.00    0.00    0.99    0.00    0.00    0.00   51.49
19:55:45      11   41.05    0.00    2.11    0.00    0.00    1.05    0.00    0.00    0.00   55.79
19:55:45      12   35.05    0.00    2.06    0.00    0.00    1.03    0.00    0.00    0.00   61.86
19:55:45      13   38.61    0.00    1.98    0.00    0.00    0.99    0.00    0.00    0.00   58.42
19:55:45      14   43.43    0.00    2.02    0.00    0.00    0.00    0.00    0.00    0.00   54.55
19:55:45      15   37.37    0.00    5.05    0.00    0.00    2.02    0.00    0.00    0.00   55.56
19:55:45      16   57.14    0.00    7.14    0.00    0.00    2.04    0.00    0.00    0.00   33.67
19:55:45      17   57.14    0.00    7.14    0.00    0.00    2.04    0.00    0.00    0.00   33.67
19:55:45      18   59.41    0.00    5.94    0.00    0.00    1.98    0.00    0.00    0.00   32.67
19:55:45      19   54.64    0.00   10.31    0.00    0.00    1.03    0.00    0.00    0.00   34.02
19:55:45      20   59.62    0.00    8.65    0.00    0.00    1.92    0.00    0.00    0.00   29.81
19:55:45      21   61.00    0.00    6.00    0.00    0.00    1.00    0.00    0.00    0.00   32.00
19:55:45      22   61.76    0.00    6.86    0.00    0.00    1.96    0.00    0.00    0.00   29.41
19:55:45      23   64.36    0.00    7.92    0.00    0.00    0.99    0.00    0.00    0.00   26.73
19:55:45      24   80.20    0.00   15.84    0.00    0.00    2.97    0.00    0.00    0.00    0.99
19:55:45      25   85.00    0.00   12.00    0.00    0.00    2.00    0.00    0.00    0.00    1.00
19:55:45      26   85.00    0.00   11.00    0.00    0.00    3.00    0.00    0.00    0.00    1.00
19:55:45      27   86.00    0.00   10.00    0.00    0.00    4.00    0.00    0.00    0.00    0.00
19:55:45      28   81.00    0.00   15.00    0.00    0.00    3.00    0.00    0.00    0.00    1.00
19:55:45      29   86.27    0.00    9.80    0.00    0.00    3.92    0.00    0.00    0.00    0.00
19:55:45      30   87.00    0.00   10.00    0.00    0.00    3.00    0.00    0.00    0.00    0.00
19:55:45      31   85.00    0.00   12.00    0.00    0.00    3.00    0.00    0.00    0.00    0.00

19:55:45     CPU    %usr   %nice    %sys %iowait    %irq   %soft  %steal  %guest  %gnice   %idle
19:55:46     all   60.29    0.00    6.90    0.03    0.00    1.90    0.00    0.00    0.00   30.87
19:55:46       0   57.89    0.00    7.37    0.00    0.00    0.00    0.00    0.00    0.00   34.74
19:55:46       1   52.17    0.00    7.61    0.00    0.00    3.26    0.00    0.00    0.00   36.96
19:55:46       2   63.73    0.00    2.94    0.00    0.00    0.98    0.00    0.00    0.00   32.35
19:55:46       3   61.90    0.00    5.71    0.00    0.00    0.95    0.00    0.00    0.00   31.43
19:55:46       4   62.38    0.00    3.96    0.00    0.00    1.98    0.00    0.00    0.00   31.68
19:55:46       5   57.58    0.00    7.07    0.00    0.00    1.01    0.00    0.00    0.00   34.34
19:55:46       6   58.70    0.00    4.35    0.00    0.00    1.09    0.00    0.00    0.00   35.87
19:55:46       7   57.61    0.00    4.35    0.00    0.00    2.17    0.00    0.00    0.00   35.87
19:55:46       8   36.84    0.00    3.16    0.00    0.00    1.05    0.00    0.00    0.00   58.95
19:55:46       9   37.00    0.00    5.00    0.00    0.00    1.00    0.00    0.00    0.00   57.00
19:55:46      10   40.00    0.00    3.00    0.00    0.00    2.00    0.00    0.00    0.00   55.00
19:55:46      11   40.82    0.00    2.04    0.00    0.00    0.00    0.00    0.00    0.00   57.14
19:55:46      12   39.80    0.00    5.10    0.00    0.00    1.02    0.00    0.00    0.00   54.08
19:55:46      13   40.21    0.00    4.12    0.00    0.00    0.00    0.00    0.00    0.00   55.67
19:55:46      14   40.21    0.00    3.09    0.00    0.00    2.06    0.00    0.00    0.00   54.64
19:55:46      15   42.00    0.00    4.00    0.00    0.00    0.00    0.00    0.00    0.00   54.00
19:55:46      16   55.56    0.00    9.09    0.00    0.00    2.02    0.00    0.00    0.00   33.33
19:55:46      17   59.18    0.00    6.12    0.00    0.00    0.00    0.00    0.00    0.00   34.69
19:55:46      18   62.38    0.00    3.96    0.00    0.00    1.98    0.00    0.00    0.00   31.68
19:55:46      19   59.57    0.00    5.32    0.00    0.00    1.06    0.00    0.00    0.00   34.04
19:55:46      20   56.19    0.00   11.43    0.00    0.00    0.95    0.00    0.00    0.00   31.43
19:55:46      21   58.00    0.00    7.00    1.00    0.00    2.00    0.00    0.00    0.00   32.00
19:55:46      22   60.20    0.00    5.10    0.00    0.00    2.04    0.00    0.00    0.00   32.65
19:55:46      23   57.73    0.00    7.22    0.00    0.00    1.03    0.00    0.00    0.00   34.02
19:55:46      24   85.00    0.00   10.00    0.00    0.00    4.00    0.00    0.00    0.00    1.00
19:55:46      25   83.00    0.00   14.00    0.00    0.00    2.00    0.00    0.00    0.00    1.00
19:55:46      26   89.00    0.00    7.00    0.00    0.00    3.00    0.00    0.00    0.00    1.00
19:55:46      27   80.39    0.00   14.71    0.00    0.00    2.94    0.00    0.00    0.00    1.96
19:55:46      28   85.00    0.00   12.00    0.00    0.00    2.00    0.00    0.00    0.00    1.00
19:55:46      29   82.83    0.00   12.12    0.00    0.00    4.04    0.00    0.00    0.00    1.01
19:55:46      30   80.20    0.00    9.90    0.00    0.00    7.92    0.00    0.00    0.00    1.98
19:55:46      31   81.19    0.00   11.88    0.00    0.00    4.95    0.00    0.00    0.00    1.98

19:55:46     CPU    %usr   %nice    %sys %iowait    %irq   %soft  %steal  %guest  %gnice   %idle
19:55:47     all   60.93    0.00    6.66    0.00    0.00    2.00    0.00    0.00    0.00   30.40
19:55:47       0   58.95    0.00    4.21    0.00    0.00    3.16    0.00    0.00    0.00   33.68
19:55:47       1   58.59    0.00    7.07    0.00    0.00    3.03    0.00    0.00    0.00   31.31
19:55:47       2   59.79    0.00    6.19    0.00    0.00    1.03    0.00    0.00    0.00   32.99
19:55:47       3   58.42    0.00    5.94    0.00    0.00    2.97    0.00    0.00    0.00   32.67
19:55:47       4   61.17    0.00    6.80    0.00    0.00    0.97    0.00    0.00    0.00   31.07
19:55:47       5   58.95    0.00    5.26    0.00    0.00    2.11    0.00    0.00    0.00   33.68
19:55:47       6   61.62    0.00    6.06    0.00    0.00    1.01    0.00    0.00    0.00   31.31
19:55:47       7   58.42    0.00    6.93    0.00    0.00    1.98    0.00    0.00    0.00   32.67
19:55:47       8   32.63    0.00    4.21    0.00    0.00    2.11    0.00    0.00    0.00   61.05
19:55:47       9   36.73    0.00    2.04    0.00    0.00    1.02    0.00    0.00    0.00   60.20
19:55:47      10   41.67    0.00    2.08    0.00    0.00    1.04    0.00    0.00    0.00   55.21
19:55:47      11   43.43    0.00    3.03    0.00    0.00    0.00    0.00    0.00    0.00   53.54
19:55:47      12   36.73    0.00    6.12    0.00    0.00    0.00    0.00    0.00    0.00   57.14
19:55:47      13   39.80    0.00    3.06    0.00    0.00    2.04    0.00    0.00    0.00   55.10
19:55:47      14   42.86    0.00    2.04    0.00    0.00    1.02    0.00    0.00    0.00   54.08
19:55:47      15   43.43    0.00    3.03    0.00    0.00    1.01    0.00    0.00    0.00   52.53
19:55:47      16   54.74    0.00    7.37    0.00    0.00    2.11    0.00    0.00    0.00   35.79
19:55:47      17   58.95    0.00    5.26    0.00    0.00    2.11    0.00    0.00    0.00   33.68
19:55:47      18   62.89    0.00    3.09    0.00    0.00    1.03    0.00    0.00    0.00   32.99
19:55:47      19   58.06    0.00    7.53    0.00    0.00    1.08    0.00    0.00    0.00   33.33
19:55:47      20   57.58    0.00    9.09    0.00    0.00    1.01    0.00    0.00    0.00   32.32
19:55:47      21   61.39    0.00    5.94    0.00    0.00    0.99    0.00    0.00    0.00   31.68
19:55:47      22   60.42    0.00    6.25    0.00    0.00    0.00    0.00    0.00    0.00   33.33
19:55:47      23   58.42    0.00    6.93    0.00    0.00    1.98    0.00    0.00    0.00   32.67
19:55:47      24   87.13    0.00    8.91    0.00    0.00    2.97    0.00    0.00    0.00    0.99
19:55:47      25   82.00    0.00   12.00    0.00    0.00    5.00    0.00    0.00    0.00    1.00
19:55:47      26   87.88    0.00    8.08    0.00    0.00    3.03    0.00    0.00    0.00    1.01
19:55:47      27   86.00    0.00   11.00    0.00    0.00    2.00    0.00    0.00    0.00    1.00
19:55:47      28   83.17    0.00   10.89    0.00    0.00    4.95    0.00    0.00    0.00    0.99
19:55:47      29   79.21    0.00   13.86    0.00    0.00    5.94    0.00    0.00    0.00    0.99
19:55:47      30   85.00    0.00   12.00    0.00    0.00    3.00    0.00    0.00    0.00    0.00
19:55:47      31   88.12    0.00    9.90    0.00    0.00    1.98    0.00    0.00    0.00    0.00

19:55:47     CPU    %usr   %nice    %sys %iowait    %irq   %soft  %steal  %guest  %gnice   %idle
19:55:48     all   60.04    0.00    7.03    0.00    0.00    2.17    0.00    0.00    0.00   30.76
19:55:48       0   59.22    0.00    6.80    0.00    0.00    0.97    0.00    0.00    0.00   33.01
19:55:48       1   59.00    0.00    7.00    0.00    0.00    1.00    0.00    0.00    0.00   33.00
19:55:48       2   57.73    0.00    7.22    0.00    0.00    2.06    0.00    0.00    0.00   32.99
19:55:48       3   59.18    0.00    7.14    0.00    0.00    1.02    0.00    0.00    0.00   32.65
19:55:48       4   60.20    0.00    5.10    0.00    0.00    2.04    0.00    0.00    0.00   32.65
19:55:48       5   58.76    0.00    7.22    0.00    0.00    1.03    0.00    0.00    0.00   32.99
19:55:48       6   58.59    0.00    7.07    0.00    0.00    1.01    0.00    0.00    0.00   33.33
19:55:48       7   60.61    0.00    7.07    0.00    0.00    1.01    0.00    0.00    0.00   31.31
19:55:48       8   35.42    0.00    4.17    0.00    0.00    1.04    0.00    0.00    0.00   59.38
19:55:48       9   38.78    0.00    3.06    0.00    0.00    1.02    0.00    0.00    0.00   57.14
19:55:48      10   44.55    0.00    3.96    0.00    0.00    0.99    0.00    0.00    0.00   50.50
19:55:48      11   45.36    0.00    4.12    0.00    0.00    1.03    0.00    0.00    0.00   49.48
19:55:48      12   35.64    0.00    2.97    0.00    0.00    0.99    0.00    0.00    0.00   60.40
19:55:48      13   32.65    0.00    4.08    0.00    0.00    2.04    0.00    0.00    0.00   61.22
19:55:48      14   41.84    0.00    2.04    0.00    0.00    1.02    0.00    0.00    0.00   55.10
19:55:48      15   40.00    0.00    6.00    0.00    0.00    1.00    0.00    0.00    0.00   53.00
19:55:48      16   56.25    0.00    6.25    0.00    0.00    2.08    0.00    0.00    0.00   35.42
19:55:48      17   57.43    0.00    7.92    0.00    0.00    1.98    0.00    0.00    0.00   32.67
19:55:48      18   58.42    0.00    7.92    0.00    0.00    0.99    0.00    0.00    0.00   32.67
19:55:48      19   59.00    0.00    5.00    0.00    0.00    2.00    0.00    0.00    0.00   34.00
19:55:48      20   59.41    0.00    5.94    0.00    0.00    1.98    0.00    0.00    0.00   32.67
19:55:48      21   56.25    0.00    6.25    0.00    0.00    2.08    0.00    0.00    0.00   35.42
19:55:48      22   56.99    0.00    5.38    0.00    0.00    2.15    0.00    0.00    0.00   35.48
19:55:48      23   60.19    0.00    7.77    0.00    0.00    0.97    0.00    0.00    0.00   31.07
19:55:48      24   84.00    0.00   13.00    0.00    0.00    2.00    0.00    0.00    0.00    1.00
19:55:48      25   84.85    0.00    9.09    0.00    0.00    5.05    0.00    0.00    0.00    1.01
19:55:48      26   83.17    0.00   10.89    0.00    0.00    4.95    0.00    0.00    0.00    0.99
19:55:48      27   81.00    0.00   14.00    0.00    0.00    4.00    0.00    0.00    0.00    1.00
19:55:48      28   84.00    0.00    8.00    0.00    0.00    7.00    0.00    0.00    0.00    1.00
19:55:48      29   84.85    0.00    9.09    0.00    0.00    4.04    0.00    0.00    0.00    2.02
19:55:48      30   84.16    0.00    8.91    0.00    0.00    4.95    0.00    0.00    0.00    1.98
19:55:48      31   80.39    0.00   13.73    0.00    0.00    3.92    0.00    0.00    0.00    1.96

19:55:48     CPU    %usr   %nice    %sys %iowait    %irq   %soft  %steal  %guest  %gnice   %idle
19:55:49     all   60.94    0.00    6.61    0.00    0.00    2.03    0.00    0.00    0.00   30.42
19:55:49       0   58.51    0.00    6.38    0.00    0.00    1.06    0.00    0.00    0.00   34.04
19:55:49       1   57.58    0.00    7.07    0.00    0.00    2.02    0.00    0.00    0.00   33.33
19:55:49       2   57.45    0.00    7.45    0.00    0.00    2.13    0.00    0.00    0.00   32.98
19:55:49       3   60.00    0.00    6.00    0.00    0.00    2.00    0.00    0.00    0.00   32.00
19:55:49       4   61.46    0.00    4.17    0.00    0.00    1.04    0.00    0.00    0.00   33.33
19:55:49       5   61.22    0.00    6.12    0.00    0.00    2.04    0.00    0.00    0.00   30.61
19:55:49       6   57.73    0.00    7.22    0.00    0.00    1.03    0.00    0.00    0.00   34.02
19:55:49       7   59.38    0.00    4.17    0.00    0.00    2.08    0.00    0.00    0.00   34.38
19:55:49       8   35.29    0.00    3.92    0.00    0.00    0.98    0.00    0.00    0.00   59.80
19:55:49       9   29.47    0.00    5.26    0.00    0.00    0.00    0.00    0.00    0.00   65.26
19:55:49      10   38.14    0.00    5.15    0.00    0.00    1.03    0.00    0.00    0.00   55.67
19:55:49      11   37.89    0.00    3.16    0.00    0.00    1.05    0.00    0.00    0.00   57.89
19:55:49      12   43.75    0.00    2.08    0.00    0.00    0.00    0.00    0.00    0.00   54.17
19:55:49      13   43.14    0.00    4.90    0.00    0.00    1.96    0.00    0.00    0.00   50.00
19:55:49      14   36.17    0.00    6.38    0.00    0.00    0.00    0.00    0.00    0.00   57.45
19:55:49      15   41.24    0.00    5.15    0.00    0.00    0.00    0.00    0.00    0.00   53.61
19:55:49      16   61.00    0.00    6.00    0.00    0.00    1.00    0.00    0.00    0.00   32.00
19:55:49      17   59.18    0.00    6.12    0.00    0.00    2.04    0.00    0.00    0.00   32.65
19:55:49      18   60.00    0.00    4.21    0.00    0.00    2.11    0.00    0.00    0.00   33.68
19:55:49      19   62.38    0.00    6.93    0.00    0.00    0.00    0.00    0.00    0.00   30.69
19:55:49      20   59.80    0.00    7.84    0.00    0.00    1.96    0.00    0.00    0.00   30.39
19:55:49      21   59.22    0.00    7.77    0.00    0.00    2.91    0.00    0.00    0.00   30.10
19:55:49      22   60.82    0.00    3.09    0.00    0.00    2.06    0.00    0.00    0.00   34.02
19:55:49      23   61.76    0.00    4.90    0.00    0.00    0.98    0.00    0.00    0.00   32.35
19:55:49      24   89.00    0.00    8.00    0.00    0.00    2.00    0.00    0.00    0.00    1.00
19:55:49      25   83.00    0.00   12.00    0.00    0.00    4.00    0.00    0.00    0.00    1.00
19:55:49      26   82.18    0.00   12.87    0.00    0.00    3.96    0.00    0.00    0.00    0.99
19:55:49      27   85.00    0.00   10.00    0.00    0.00    4.00    0.00    0.00    0.00    1.00
19:55:49      28   84.00    0.00   10.00    0.00    0.00    5.00    0.00    0.00    0.00    1.00
19:55:49      29   87.00    0.00    6.00    0.00    0.00    6.00    0.00    0.00    0.00    1.00
19:55:49      30   85.00    0.00   10.00    0.00    0.00    5.00    0.00    0.00    0.00    0.00
19:55:49      31   86.73    0.00   10.20    0.00    0.00    3.06    0.00    0.00    0.00    0.00

19:55:49     CPU    %usr   %nice    %sys %iowait    %irq   %soft  %steal  %guest  %gnice   %idle
19:55:50     all   61.05    0.00    6.80    0.00    0.00    1.90    0.00    0.00    0.00   30.26
19:55:50       0   60.40    0.00    6.93    0.00    0.00    1.98    0.00    0.00    0.00   30.69
19:55:50       1   59.57    0.00    6.38    0.00    0.00    1.06    0.00    0.00    0.00   32.98
19:55:50       2   62.00    0.00    4.00    0.00    0.00    1.00    0.00    0.00    0.00   33.00
19:55:50       3   59.60    0.00    7.07    0.00    0.00    1.01    0.00    0.00    0.00   32.32
19:55:50       4   56.84    0.00    8.42    0.00    0.00    1.05    0.00    0.00    0.00   33.68
19:55:50       5   58.76    0.00    6.19    0.00    0.00    2.06    0.00    0.00    0.00   32.99
19:55:50       6   59.38    0.00    6.25    0.00    0.00    1.04    0.00    0.00    0.00   33.33
19:55:50       7   58.16    0.00    7.14    0.00    0.00    2.04    0.00    0.00    0.00   32.65
19:55:50       8   40.82    0.00    1.02    0.00    0.00    1.02    0.00    0.00    0.00   57.14
19:55:50       9   39.18    0.00    2.06    0.00    0.00    1.03    0.00    0.00    0.00   57.73
19:55:50      10   47.52    0.00    3.96    0.00    0.00    0.00    0.00    0.00    0.00   48.51
19:55:50      11   45.92    0.00    4.08    0.00    0.00    0.00    0.00    0.00    0.00   50.00
19:55:50      12   33.66    0.00    3.96    0.00    0.00    0.99    0.00    0.00    0.00   61.39
19:55:50      13   32.99    0.00    2.06    0.00    0.00    1.03    0.00    0.00    0.00   63.92
19:55:50      14   43.56    0.00    3.96    0.00    0.00    0.99    0.00    0.00    0.00   51.49
19:55:50      15   38.95    0.00    3.16    0.00    0.00    1.05    0.00    0.00    0.00   56.84
19:55:50      16   56.57    0.00    8.08    0.00    0.00    2.02    0.00    0.00    0.00   33.33
19:55:50      17   62.38    0.00    3.96    0.00    0.00    1.98    0.00    0.00    0.00   31.68
19:55:50      18   58.33    0.00    5.21    0.00    0.00    4.17    0.00    0.00    0.00   32.29
19:55:50      19   56.25    0.00    7.29    0.00    0.00    3.12    0.00    0.00    0.00   33.33
19:55:50      20   60.40    0.00    5.94    0.00    0.00    1.98    0.00    0.00    0.00   31.68
19:55:50      21   58.10    0.00    8.57    0.00    0.00    2.86    0.00    0.00    0.00   30.48
19:55:50      22   60.61    0.00    7.07    0.00    0.00    0.00    0.00    0.00    0.00   32.32
19:55:50      23   59.80    0.00    6.86    0.00    0.00    0.98    0.00    0.00    0.00   32.35
19:55:50      24   86.00    0.00   10.00    0.00    0.00    3.00    0.00    0.00    0.00    1.00
19:55:50      25   83.00    0.00   12.00    0.00    0.00    4.00    0.00    0.00    0.00    1.00
19:55:50      26   84.85    0.00   11.11    0.00    0.00    4.04    0.00    0.00    0.00    0.00
19:55:50      27   86.87    0.00   12.12    0.00    0.00    1.01    0.00    0.00    0.00    0.00
19:55:50      28   85.00    0.00   11.00    0.00    0.00    3.00    0.00    0.00    0.00    1.00
19:55:50      29   89.80    0.00    9.18    0.00    0.00    1.02    0.00    0.00    0.00    0.00
19:55:50      30   83.84    0.00   12.12    0.00    0.00    3.03    0.00    0.00    0.00    1.01
19:55:50      31   82.18    0.00    9.90    0.00    0.00    6.93    0.00    0.00    0.00    0.99

19:55:50     CPU    %usr   %nice    %sys %iowait    %irq   %soft  %steal  %guest  %gnice   %idle
19:55:51     all   60.70    0.00    7.19    0.00    0.00    1.79    0.00    0.00    0.00   30.32
19:55:51       0   59.57    0.00    5.32    0.00    0.00    1.06    0.00    0.00    0.00   34.04
19:55:51       1   59.60    0.00    7.07    0.00    0.00    1.01    0.00    0.00    0.00   32.32
19:55:51       2   64.36    0.00    3.96    0.00    0.00    0.99    0.00    0.00    0.00   30.69
19:55:51       3   58.42    0.00    6.93    0.00    0.00    1.98    0.00    0.00    0.00   32.67
19:55:51       4   63.92    0.00    4.12    0.00    0.00    1.03    0.00    0.00    0.00   30.93
19:55:51       5   60.00    0.00    7.00    0.00    0.00    1.00    0.00    0.00    0.00   32.00
19:55:51       6   58.33    0.00    7.29    0.00    0.00    2.08    0.00    0.00    0.00   32.29
19:55:51       7   60.42    0.00    5.21    0.00    0.00    1.04    0.00    0.00    0.00   33.33
19:55:51       8   31.96    0.00    5.15    0.00    0.00    1.03    0.00    0.00    0.00   61.86
19:55:51       9   34.69    0.00    3.06    0.00    0.00    2.04    0.00    0.00    0.00   60.20
19:55:51      10   36.46    0.00    4.17    0.00    0.00    1.04    0.00    0.00    0.00   58.33
19:55:51      11   38.14    0.00    3.09    0.00    0.00    1.03    0.00    0.00    0.00   57.73
19:55:51      12   40.82    0.00    4.08    0.00    0.00    0.00    0.00    0.00    0.00   55.10
19:55:51      13   37.00    0.00    5.00    0.00    0.00    1.00    0.00    0.00    0.00   57.00
19:55:51      14   42.27    0.00    3.09    0.00    0.00    1.03    0.00    0.00    0.00   53.61
19:55:51      15   44.09    0.00    4.30    0.00    0.00    0.00    0.00    0.00    0.00   51.61
19:55:51      16   58.00    0.00   10.00    0.00    0.00    1.00    0.00    0.00    0.00   31.00
19:55:51      17   57.29    0.00    7.29    0.00    0.00    1.04    0.00    0.00    0.00   34.38
19:55:51      18   56.84    0.00    8.42    0.00    0.00    1.05    0.00    0.00    0.00   33.68
19:55:51      19   61.86    0.00    5.15    0.00    0.00    1.03    0.00    0.00    0.00   31.96
19:55:51      20   63.73    0.00    6.86    0.00    0.00    0.98    0.00    0.00    0.00   28.43
19:55:51      21   60.22    0.00    6.45    0.00    0.00    0.00    0.00    0.00    0.00   33.33
19:55:51      22   58.95    0.00    6.32    0.00    0.00    2.11    0.00    0.00    0.00   32.63
19:55:51      23   60.00    0.00    6.32    0.00    0.00    1.05    0.00    0.00    0.00   32.63
19:55:51      24   85.71    0.00    9.18    0.00    0.00    5.10    0.00    0.00    0.00    0.00
19:55:51      25   84.85    0.00   12.12    0.00    0.00    3.03    0.00    0.00    0.00    0.00
19:55:51      26   83.00    0.00   12.00    0.00    0.00    4.00    0.00    0.00    0.00    1.00
19:55:51      27   79.21    0.00   15.84    0.00    0.00    3.96    0.00    0.00    0.00    0.99
19:55:51      28   84.85    0.00   11.11    0.00    0.00    4.04    0.00    0.00    0.00    0.00
19:55:51      29   85.00    0.00   11.00    0.00    0.00    3.00    0.00    0.00    0.00    1.00
19:55:51      30   85.00    0.00    9.00    0.00    0.00    5.00    0.00    0.00    0.00    1.00
19:55:51      31   83.00    0.00   13.00    0.00    0.00    3.00    0.00    0.00    0.00    1.00

19:55:51     CPU    %usr   %nice    %sys %iowait    %irq   %soft  %steal  %guest  %gnice   %idle
19:55:52     all   59.97    0.00    7.12    0.00    0.00    2.16    0.00    0.00    0.00   30.75
19:55:52       0   58.51    0.00    7.45    0.00    0.00    1.06    0.00    0.00    0.00   32.98
19:55:52       1   54.74    0.00    8.42    0.00    0.00    2.11    0.00    0.00    0.00   34.74
19:55:52       2   58.00    0.00    8.00    0.00    0.00    1.00    0.00    0.00    0.00   33.00
19:55:52       3   60.78    0.00    5.88    0.00    0.00    0.98    0.00    0.00    0.00   32.35
19:55:52       4   59.79    0.00    5.15    0.00    0.00    1.03    0.00    0.00    0.00   34.02
19:55:52       5   56.04    0.00    9.89    0.00    0.00    1.10    0.00    0.00    0.00   32.97
19:55:52       6   60.40    0.00    4.95    0.00    0.00    0.99    0.00    0.00    0.00   33.66
19:55:52       7   54.17    0.00    7.29    0.00    0.00    3.12    0.00    0.00    0.00   35.42
19:55:52       8   37.50    0.00    3.12    0.00    0.00    1.04    0.00    0.00    0.00   58.33
19:55:52       9   36.08    0.00    2.06    0.00    0.00    1.03    0.00    0.00    0.00   60.82
19:55:52      10   44.23    0.00    5.77    0.00    0.00    1.92    0.00    0.00    0.00   48.08
19:55:52      11   43.75    0.00    3.12    0.00    0.00    1.04    0.00    0.00    0.00   52.08
19:55:52      12   37.37    0.00    5.05    0.00    0.00    1.01    0.00    0.00    0.00   56.57
19:55:52      13   40.20    0.00    3.92    0.00    0.00    1.96    0.00    0.00    0.00   53.92
19:55:52      14   37.76    0.00    2.04    0.00    0.00    3.06    0.00    0.00    0.00   57.14
19:55:52      15   36.63    0.00    5.94    0.00    0.00    1.98    0.00    0.00    0.00   55.45
19:55:52      16   59.18    0.00    6.12    0.00    0.00    2.04    0.00    0.00    0.00   32.65
19:55:52      17   53.68    0.00    9.47    0.00    0.00    3.16    0.00    0.00    0.00   33.68
19:55:52      18   58.06    0.00    5.38    0.00    0.00    1.08    0.00    0.00    0.00   35.48
19:55:52      19   60.00    0.00    8.00    0.00    0.00    1.00    0.00    0.00    0.00   31.00
19:55:52      20   59.60    0.00    7.07    0.00    0.00    1.01    0.00    0.00    0.00   32.32
19:55:52      21   60.82    0.00    5.15    0.00    0.00    2.06    0.00    0.00    0.00   31.96
19:55:52      22   55.45    0.00    7.92    0.00    0.00    1.98    0.00    0.00    0.00   34.65
19:55:52      23   58.16    0.00    4.08    0.00    0.00    2.04    0.00    0.00    0.00   35.71
19:55:52      24   86.14    0.00    8.91    0.00    0.00    3.96    0.00    0.00    0.00    0.99
19:55:52      25   81.00    0.00   13.00    0.00    0.00    5.00    0.00    0.00    0.00    1.00
19:55:52      26   84.16    0.00   11.88    0.00    0.00    2.97    0.00    0.00    0.00    0.99
19:55:52      27   88.78    0.00    6.12    0.00    0.00    4.08    0.00    0.00    0.00    1.02
19:55:52      28   83.84    0.00   11.11    0.00    0.00    4.04    0.00    0.00    0.00    1.01
19:55:52      29   87.88    0.00    9.09    0.00    0.00    2.02    0.00    0.00    0.00    1.01
19:55:52      30   80.61    0.00   14.29    0.00    0.00    5.10    0.00    0.00    0.00    0.00
19:55:52      31   83.84    0.00   12.12    0.00    0.00    3.03    0.00    0.00    0.00    1.01

19:55:52     CPU    %usr   %nice    %sys %iowait    %irq   %soft  %steal  %guest  %gnice   %idle
19:55:53     all   60.21    0.00    6.94    0.00    0.00    2.31    0.00    0.00    0.00   30.53
19:55:53       0   59.18    0.00    6.12    0.00    0.00    2.04    0.00    0.00    0.00   32.65
19:55:53       1   59.38    0.00    6.25    0.00    0.00    2.08    0.00    0.00    0.00   32.29
19:55:53       2   61.00    0.00    7.00    0.00    0.00    2.00    0.00    0.00    0.00   30.00
19:55:53       3   62.24    0.00    3.06    0.00    0.00    2.04    0.00    0.00    0.00   32.65
19:55:53       4   56.84    0.00    7.37    0.00    0.00    1.05    0.00    0.00    0.00   34.74
19:55:53       5   58.82    0.00    5.88    0.00    0.00    1.96    0.00    0.00    0.00   33.33
19:55:53       6   59.18    0.00    6.12    0.00    0.00    1.02    0.00    0.00    0.00   33.67
19:55:53       7   59.00    0.00    6.00    0.00    0.00    3.00    0.00    0.00    0.00   32.00
19:55:53       8   26.53    0.00    2.04    0.00    0.00    1.02    0.00    0.00    0.00   70.41
19:55:53       9   26.73    0.00    2.97    0.00    0.00    1.98    0.00    0.00    0.00   68.32
19:55:53      10   42.27    0.00    7.22    0.00    0.00    1.03    0.00    0.00    0.00   49.48
19:55:53      11   50.00    0.00    5.88    0.00    0.00    1.96    0.00    0.00    0.00   42.16
19:55:53      12   49.02    0.00    2.94    0.00    0.00    0.98    0.00    0.00    0.00   47.06
19:55:53      13   37.78    0.00    5.56    0.00    0.00    2.22    0.00    0.00    0.00   54.44
19:55:53      14   38.61    0.00    2.97    0.00    0.00    0.99    0.00    0.00    0.00   57.43
19:55:53      15   33.33    0.00    3.12    0.00    0.00    1.04    0.00    0.00    0.00   62.50
19:55:53      16   62.11    0.00    4.21    0.00    0.00    1.05    0.00    0.00    0.00   32.63
19:55:53      17   59.18    0.00    9.18    0.00    0.00    1.02    0.00    0.00    0.00   30.61
19:55:53      18   60.78    0.00    6.86    0.00    0.00    1.96    0.00    0.00    0.00   30.39
19:55:53      19   60.42    0.00    5.21    0.00    0.00    1.04    0.00    0.00    0.00   33.33
19:55:53      20   57.29    0.00    5.21    0.00    0.00    3.12    0.00    0.00    0.00   34.38
19:55:53      21   59.60    0.00    6.06    0.00    0.00    1.01    0.00    0.00    0.00   33.33
19:55:53      22   61.22    0.00    6.12    0.00    0.00    1.02    0.00    0.00    0.00   31.63
19:55:53      23   56.25    0.00    9.38    0.00    0.00    0.00    0.00    0.00    0.00   34.38
19:55:53      24   83.84    0.00   12.12    0.00    0.00    3.03    0.00    0.00    0.00    1.01
19:55:53      25   84.00    0.00   11.00    0.00    0.00    4.00    0.00    0.00    0.00    1.00
19:55:53      26   83.17    0.00    9.90    0.00    0.00    4.95    0.00    0.00    0.00    1.98
19:55:53      27   82.18    0.00   13.86    0.00    0.00    2.97    0.00    0.00    0.00    0.99
19:55:53      28   85.86    0.00    9.09    0.00    0.00    4.04    0.00    0.00    0.00    1.01
19:55:53      29   81.19    0.00   10.89    0.00    0.00    6.93    0.00    0.00    0.00    0.99
19:55:53      30   83.00    0.00   10.00    0.00    0.00    6.00    0.00    0.00    0.00    1.00
19:55:53      31   82.83    0.00   12.12    0.00    0.00    5.05    0.00    0.00    0.00    0.00

19:55:53     CPU    %usr   %nice    %sys %iowait    %irq   %soft  %steal  %guest  %gnice   %idle
19:55:54     all   60.54    0.00    6.96    0.00    0.00    1.98    0.00    0.00    0.00   30.52
19:55:54       0   58.82    0.00    6.86    0.00    0.00    1.96    0.00    0.00    0.00   32.35
19:55:54       1   57.14    0.00    6.12    0.00    0.00    4.08    0.00    0.00    0.00   32.65
19:55:54       2   61.17    0.00    6.80    0.00    0.00    0.97    0.00    0.00    0.00   31.07
19:55:54       3   60.40    0.00    6.93    0.00    0.00    0.99    0.00    0.00    0.00   31.68
19:55:54       4   57.58    0.00    6.06    0.00    0.00    3.03    0.00    0.00    0.00   33.33
19:55:54       5   57.29    0.00    9.38    0.00    0.00    1.04    0.00    0.00    0.00   32.29
19:55:54       6   56.44    0.00    8.91    0.00    0.00    1.98    0.00    0.00    0.00   32.67
19:55:54       7   57.29    0.00    5.21    0.00    0.00    2.08    0.00    0.00    0.00   35.42
19:55:54       8   33.33    0.00    2.08    0.00    0.00    2.08    0.00    0.00    0.00   62.50
19:55:54       9   33.33    0.00    5.05    0.00    0.00    0.00    0.00    0.00    0.00   61.62
19:55:54      10   35.05    0.00    5.15    0.00    0.00    2.06    0.00    0.00    0.00   57.73
19:55:54      11   39.58    0.00    2.08    0.00    0.00    0.00    0.00    0.00    0.00   58.33
19:55:54      12   44.12    0.00    3.92    0.00    0.00    0.98    0.00    0.00    0.00   50.98
19:55:54      13   45.10    0.00    3.92    0.00    0.00    0.98    0.00    0.00    0.00   50.00
19:55:54      14   42.42    0.00    4.04    0.00    0.00    2.02    0.00    0.00    0.00   51.52
19:55:54      15   39.18    0.00    6.19    0.00    0.00    1.03    0.00    0.00    0.00   53.61
19:55:54      16   59.00    0.00    7.00    0.00    0.00    1.00    0.00    0.00    0.00   33.00
19:55:54      17   60.20    0.00    4.08    0.00    0.00    1.02    0.00    0.00    0.00   34.69
19:55:54      18   59.38    0.00    7.29    0.00    0.00    0.00    0.00    0.00    0.00   33.33
19:55:54      19   60.22    0.00    5.38    0.00    0.00    1.08    0.00    0.00    0.00   33.33
19:55:54      20   57.69    0.00    6.73    0.00    0.00    2.88    0.00    0.00    0.00   32.69
19:55:54      21   63.11    0.00    2.91    0.00    0.00    2.91    0.00    0.00    0.00   31.07
19:55:54      22   61.22    0.00    5.10    0.00    0.00    1.02    0.00    0.00    0.00   32.65
19:55:54      23   57.73    0.00    6.19    0.00    0.00    1.03    0.00    0.00    0.00   35.05
19:55:54      24   85.00    0.00   11.00    0.00    0.00    3.00    0.00    0.00    0.00    1.00
19:55:54      25   79.21    0.00   13.86    0.00    0.00    4.95    0.00    0.00    0.00    1.98
19:55:54      26   85.00    0.00   12.00    0.00    0.00    2.00    0.00    0.00    0.00    1.00
19:55:54      27   88.00    0.00   10.00    0.00    0.00    1.00    0.00    0.00    0.00    1.00
19:55:54      28   84.31    0.00   10.78    0.00    0.00    3.92    0.00    0.00    0.00    0.98
19:55:54      29   84.69    0.00   11.22    0.00    0.00    4.08    0.00    0.00    0.00    0.00
19:55:54      30   84.00    0.00   11.00    0.00    0.00    4.00    0.00    0.00    0.00    1.00
19:55:54      31   86.14    0.00    8.91    0.00    0.00    3.96    0.00    0.00    0.00    0.99

19:55:54     CPU    %usr   %nice    %sys %iowait    %irq   %soft  %steal  %guest  %gnice   %idle
19:55:55     all   60.45    0.00    6.82    0.00    0.00    1.87    0.00    0.00    0.00   30.86
19:55:55       0   56.70    0.00    8.25    0.00    0.00    1.03    0.00    0.00    0.00   34.02
19:55:55       1   61.70    0.00    4.26    0.00    0.00    0.00    0.00    0.00    0.00   34.04
19:55:55       2   57.00    0.00    8.00    0.00    0.00    1.00    0.00    0.00    0.00   34.00
19:55:55       3   58.95    0.00    5.26    0.00    0.00    2.11    0.00    0.00    0.00   33.68
19:55:55       4   58.59    0.00    8.08    0.00    0.00    1.01    0.00    0.00    0.00   32.32
19:55:55       5   58.16    0.00    6.12    0.00    0.00    2.04    0.00    0.00    0.00   33.67
19:55:55       6   60.20    0.00    6.12    0.00    0.00    2.04    0.00    0.00    0.00   31.63
19:55:55       7   57.73    0.00    7.22    0.00    0.00    3.09    0.00    0.00    0.00   31.96
19:55:55       8   36.36    0.00    4.04    0.00    0.00    1.01    0.00    0.00    0.00   58.59
19:55:55       9   41.00    0.00    1.00    0.00    0.00    1.00    0.00    0.00    0.00   57.00
19:55:55      10   38.61    0.00    1.98    0.00    0.00    0.00    0.00    0.00    0.00   59.41
19:55:55      11   36.45    0.00    5.61    0.00    0.00    0.93    0.00    0.00    0.00   57.01
19:55:55      12   33.71    0.00    3.37    0.00    0.00    1.12    0.00    0.00    0.00   61.80
19:55:55      13   37.11    0.00    4.12    0.00    0.00    2.06    0.00    0.00    0.00   56.70
19:55:55      14   44.33    0.00    5.15    0.00    0.00    0.00    0.00    0.00    0.00   50.52
19:55:55      15   43.75    0.00    4.17    0.00    0.00    0.00    0.00    0.00    0.00   52.08
19:55:55      16   61.17    0.00    6.80    0.00    0.00    0.97    0.00    0.00    0.00   31.07
19:55:55      17   59.79    0.00    4.12    0.00    0.00    1.03    0.00    0.00    0.00   35.05
19:55:55      18   60.19    0.00    5.83    0.00    0.00    1.94    0.00    0.00    0.00   32.04
19:55:55      19   57.14    0.00    7.14    0.00    0.00    2.04    0.00    0.00    0.00   33.67
19:55:55      20   60.61    0.00    4.04    0.00    0.00    2.02    0.00    0.00    0.00   33.33
19:55:55      21   58.06    0.00    5.38    0.00    0.00    2.15    0.00    0.00    0.00   34.41
19:55:55      22   56.57    0.00    7.07    0.00    0.00    4.04    0.00    0.00    0.00   32.32
19:55:55      23   57.73    0.00    7.22    0.00    0.00    3.09    0.00    0.00    0.00   31.96
19:55:55      24   85.86    0.00   11.11    0.00    0.00    2.02    0.00    0.00    0.00    1.01
19:55:55      25   86.87    0.00    9.09    0.00    0.00    3.03    0.00    0.00    0.00    1.01
19:55:55      26   85.00    0.00   10.00    0.00    0.00    4.00    0.00    0.00    0.00    1.00
19:55:55      27   84.00    0.00   12.00    0.00    0.00    2.00    0.00    0.00    0.00    2.00
19:55:55      28   85.15    0.00   10.89    0.00    0.00    2.97    0.00    0.00    0.00    0.99
19:55:55      29   85.29    0.00   10.78    0.00    0.00    1.96    0.00    0.00    0.00    1.96
19:55:55      30   83.00    0.00   13.00    0.00    0.00    3.00    0.00    0.00    0.00    1.00
19:55:55      31   83.84    0.00   10.10    0.00    0.00    5.05    0.00    0.00    0.00    1.01

19:55:55     CPU    %usr   %nice    %sys %iowait    %irq   %soft  %steal  %guest  %gnice   %idle
19:55:56     all   60.56    0.00    7.13    0.00    0.00    1.99    0.00    0.00    0.00   30.33
19:55:56       0   61.46    0.00    5.21    0.00    0.00    1.04    0.00    0.00    0.00   32.29
19:55:56       1   60.61    0.00    7.07    0.00    0.00    2.02    0.00    0.00    0.00   30.30
19:55:56       2   59.18    0.00    7.14    0.00    0.00    1.02    0.00    0.00    0.00   32.65
19:55:56       3   56.38    0.00    9.57    0.00    0.00    1.06    0.00    0.00    0.00   32.98
19:55:56       4   57.89    0.00    4.21    0.00    0.00    2.11    0.00    0.00    0.00   35.79
19:55:56       5   58.33    0.00    7.29    0.00    0.00    0.00    0.00    0.00    0.00   34.38
19:55:56       6   55.43    0.00    6.52    0.00    0.00    2.17    0.00    0.00    0.00   35.87
19:55:56       7   61.32    0.00    6.60    0.00    0.00    0.94    0.00    0.00    0.00   31.13
19:55:56       8   38.38    0.00    4.04    0.00    0.00    1.01    0.00    0.00    0.00   56.57
19:55:56       9   35.71    0.00    9.18    0.00    0.00    1.02    0.00    0.00    0.00   54.08
19:55:56      10   40.00    0.00    5.00    0.00    0.00    1.00    0.00    0.00    0.00   54.00
19:55:56      11   37.89    0.00    2.11    0.00    0.00    1.05    0.00    0.00    0.00   58.95
19:55:56      12   44.00    0.00    4.00    0.00    0.00    1.00    0.00    0.00    0.00   51.00
19:55:56      13   43.14    0.00    3.92    0.00    0.00    0.98    0.00    0.00    0.00   51.96
19:55:56      14   38.24    0.00    1.96    0.00    0.00    0.00    0.00    0.00    0.00   59.80
19:55:56      15   35.35    0.00    4.04    0.00    0.00    2.02    0.00    0.00    0.00   58.59
19:55:56      16   60.00    0.00    6.00    0.00    0.00    3.00    0.00    0.00    0.00   31.00
19:55:56      17   60.78    0.00    8.82    0.00    0.00    0.98    0.00    0.00    0.00   29.41
19:55:56      18   58.59    0.00    8.08    0.00    0.00    2.02    0.00    0.00    0.00   31.31
19:55:56      19   60.19    0.00    8.74    0.00    0.00    0.97    0.00    0.00    0.00   30.10
19:55:56      20   62.24    0.00    3.06    0.00    0.00    1.02    0.00    0.00    0.00   33.67
19:55:56      21   58.42    0.00    7.92    0.00    0.00    0.99    0.00    0.00    0.00   32.67
19:55:56      22   57.29    0.00    9.38    0.00    0.00    0.00    0.00    0.00    0.00   33.33
19:55:56      23   56.86    0.00    6.86    0.00    0.00    2.94    0.00    0.00    0.00   33.33
19:55:56      24   83.00    0.00   11.00    0.00    0.00    5.00    0.00    0.00    0.00    1.00
19:55:56      25   84.00    0.00   11.00    0.00    0.00    4.00    0.00    0.00    0.00    1.00
19:55:56      26   87.88    0.00    7.07    0.00    0.00    4.04    0.00    0.00    0.00    1.01
19:55:56      27   86.00    0.00   11.00    0.00    0.00    3.00    0.00    0.00    0.00    0.00
19:55:56      28   88.89    0.00    6.06    0.00    0.00    4.04    0.00    0.00    0.00    1.01
19:55:56      29   81.00    0.00   13.00    0.00    0.00    5.00    0.00    0.00    0.00    1.00
19:55:56      30   85.00    0.00   11.00    0.00    0.00    3.00    0.00    0.00    0.00    1.00
19:55:56      31   82.83    0.00   11.11    0.00    0.00    5.05    0.00    0.00    0.00    1.01

19:55:56     CPU    %usr   %nice    %sys %iowait    %irq   %soft  %steal  %guest  %gnice   %idle
19:55:57     all   60.51    0.00    6.95    0.00    0.00    1.97    0.00    0.00    0.00   30.57
19:55:57       0   56.38    0.00    7.45    0.00    0.00    2.13    0.00    0.00    0.00   34.04
19:55:57       1   60.78    0.00    6.86    0.00    0.00    1.96    0.00    0.00    0.00   30.39
19:55:57       2   61.00    0.00    5.00    0.00    0.00    2.00    0.00    0.00    0.00   32.00
19:55:57       3   60.00    0.00    6.32    0.00    0.00    1.05    0.00    0.00    0.00   32.63
19:55:57       4   61.54    0.00    6.73    0.00    0.00    1.92    0.00    0.00    0.00   29.81
19:55:57       5   58.33    0.00    5.21    0.00    0.00    2.08    0.00    0.00    0.00   34.38
19:55:57       6   62.50    0.00    6.25    0.00    0.00    0.00    0.00    0.00    0.00   31.25
19:55:57       7   58.00    0.00   10.00    0.00    0.00    1.00    0.00    0.00    0.00   31.00
19:55:57       8   39.58    0.00    1.04    0.00    0.00    1.04    0.00    0.00    0.00   58.33
19:55:57       9   34.74    0.00    6.32    0.00    0.00    1.05    0.00    0.00    0.00   57.89
19:55:57      10   30.39    0.00    0.98    0.00    0.00    1.96    0.00    0.00    0.00   66.67
19:55:57      11   26.00    0.00    4.00    0.00    0.00    1.00    0.00    0.00    0.00   69.00
19:55:57      12   37.25    0.00    3.92    0.00    0.00    0.98    0.00    0.00    0.00   57.84
19:55:57      13   42.86    0.00    2.86    0.00    0.00    0.95    0.00    0.00    0.00   53.33
19:55:57      14   42.71    0.00    5.21    0.00    0.00    2.08    0.00    0.00    0.00   50.00
19:55:57      15   45.26    0.00    4.21    0.00    0.00    2.11    0.00    0.00    0.00   48.42
19:55:57      16   59.55    0.00    6.74    0.00    0.00    0.00    0.00    0.00    0.00   33.71
19:55:57      17   61.05    0.00    7.37    0.00    0.00    0.00    0.00    0.00    0.00   31.58
19:55:57      18   58.16    0.00    9.18    0.00    0.00    1.02    0.00    0.00    0.00   31.63
19:55:57      19   58.59    0.00    6.06    0.00    0.00    3.03    0.00    0.00    0.00   32.32
19:55:57      20   62.26    0.00    5.66    0.00    0.00    0.94    0.00    0.00    0.00   31.13
19:55:57      21   58.33    0.00    6.25    0.00    0.00    2.08    0.00    0.00    0.00   33.33
19:55:57      22   60.00    0.00    6.32    0.00    0.00    2.11    0.00    0.00    0.00   31.58
19:55:57      23   62.89    0.00    6.19    0.00    0.00    1.03    0.00    0.00    0.00   29.90
19:55:57      24   84.00    0.00   10.00    0.00    0.00    5.00    0.00    0.00    0.00    1.00
19:55:57      25   83.84    0.00   11.11    0.00    0.00    4.04    0.00    0.00    0.00    1.01
19:55:57      26   84.85    0.00   12.12    0.00    0.00    2.02    0.00    0.00    0.00    1.01
19:55:57      27   85.86    0.00   10.10    0.00    0.00    3.03    0.00    0.00    0.00    1.01
19:55:57      28   88.89    0.00    8.08    0.00    0.00    2.02    0.00    0.00    0.00    1.01
19:55:57      29   81.82    0.00   11.11    0.00    0.00    6.06    0.00    0.00    0.00    1.01
19:55:57      30   82.00    0.00   13.00    0.00    0.00    4.00    0.00    0.00    0.00    1.00
19:55:57      31   85.29    0.00   10.78    0.00    0.00    2.94    0.00    0.00    0.00    0.98

19:55:57     CPU    %usr   %nice    %sys %iowait    %irq   %soft  %steal  %guest  %gnice   %idle
19:55:58     all   60.91    0.00    6.35    0.00    0.00    1.94    0.00    0.00    0.00   30.80
19:55:58       0   61.39    0.00    4.95    0.00    0.00    1.98    0.00    0.00    0.00   31.68
19:55:58       1   61.62    0.00    6.06    0.00    0.00    2.02    0.00    0.00    0.00   30.30
19:55:58       2   60.00    0.00    6.32    0.00    0.00    1.05    0.00    0.00    0.00   32.63
19:55:58       3   61.86    0.00    5.15    0.00    0.00    0.00    0.00    0.00    0.00   32.99
19:55:58       4   61.39    0.00    4.95    0.00    0.00    0.99    0.00    0.00    0.00   32.67
19:55:58       5   57.58    0.00    8.08    0.00    0.00    2.02    0.00    0.00    0.00   32.32
19:55:58       6   55.79    0.00    6.32    0.00    0.00    2.11    0.00    0.00    0.00   35.79
19:55:58       7   57.73    0.00    5.15    0.00    0.00    3.09    0.00    0.00    0.00   34.02
19:55:58       8   39.39    0.00    2.02    0.00    0.00    2.02    0.00    0.00    0.00   56.57
19:55:58       9   36.17    0.00    2.13    0.00    0.00    1.06    0.00    0.00    0.00   60.64
19:55:58      10   36.56    0.00    4.30    0.00    0.00    1.08    0.00    0.00    0.00   58.06
19:55:58      11   42.86    0.00    2.04    0.00    0.00    1.02    0.00    0.00    0.00   54.08
19:55:58      12   40.00    0.00    1.05    0.00    0.00    1.05    0.00    0.00    0.00   57.89
19:55:58      13   38.38    0.00    5.05    0.00    0.00    1.01    0.00    0.00    0.00   55.56
19:55:58      14   36.00    0.00    4.00    0.00    0.00    2.00    0.00    0.00    0.00   58.00
19:55:58      15   36.89    0.00    3.88    0.00    0.00    1.94    0.00    0.00    0.00   57.28
19:55:58      16   58.65    0.00    6.73    0.00    0.00    1.92    0.00    0.00    0.00   32.69
19:55:58      17   61.17    0.00    7.77    0.00    0.00    0.97    0.00    0.00    0.00   30.10
19:55:58      18   60.20    0.00    6.12    0.00    0.00    2.04    0.00    0.00    0.00   31.63
19:55:58      19   63.04    0.00    4.35    0.00    0.00    1.09    0.00    0.00    0.00   31.52
19:55:58      20   58.51    0.00    5.32    0.00    0.00    1.06    0.00    0.00    0.00   35.11
19:55:58      21   63.27    0.00    5.10    0.00    0.00    0.00    0.00    0.00    0.00   31.63
19:55:58      22   60.00    0.00    4.21    0.00    0.00    1.05    0.00    0.00    0.00   34.74
19:55:58      23   59.18    0.00    6.12    0.00    0.00    1.02    0.00    0.00    0.00   33.67
19:55:58      24   87.00    0.00   10.00    0.00    0.00    2.00    0.00    0.00    0.00    1.00
19:55:58      25   81.19    0.00   12.87    0.00    0.00    3.96    0.00    0.00    0.00    1.98
19:55:58      26   85.15    0.00    9.90    0.00    0.00    2.97    0.00    0.00    0.00    1.98
19:55:58      27   85.00    0.00   10.00    0.00    0.00    3.00    0.00    0.00    0.00    2.00
19:55:58      28   80.00    0.00   14.00    0.00    0.00    5.00    0.00    0.00    0.00    1.00
19:55:58      29   86.00    0.00   10.00    0.00    0.00    3.00    0.00    0.00    0.00    1.00
19:55:58      30   84.16    0.00    9.90    0.00    0.00    4.95    0.00    0.00    0.00    0.99
19:55:58      31   87.88    0.00    8.08    0.00    0.00    3.03    0.00    0.00    0.00    1.01

19:55:58     CPU    %usr   %nice    %sys %iowait    %irq   %soft  %steal  %guest  %gnice   %idle
19:55:59     all   60.64    0.00    7.13    0.00    0.00    1.59    0.00    0.00    0.00   30.64
19:55:59       0   57.73    0.00    7.22    0.00    0.00    1.03    0.00    0.00    0.00   34.02
19:55:59       1   59.00    0.00    5.00    0.00    0.00    2.00    0.00    0.00    0.00   34.00
19:55:59       2   60.82    0.00    5.15    0.00    0.00    1.03    0.00    0.00    0.00   32.99
19:55:59       3   56.25    0.00    8.33    0.00    0.00    2.08    0.00    0.00    0.00   33.33
19:55:59       4   58.76    0.00    7.22    0.00    0.00    0.00    0.00    0.00    0.00   34.02
19:55:59       5   62.50    0.00    5.21    0.00    0.00    0.00    0.00    0.00    0.00   32.29
19:55:59       6   56.99    0.00    7.53    0.00    0.00    0.00    0.00    0.00    0.00   35.48
19:55:59       7   55.91    0.00    7.53    0.00    0.00    1.08    0.00    0.00    0.00   35.48
19:55:59       8   41.75    0.00    4.85    0.00    0.00    0.97    0.00    0.00    0.00   52.43
19:55:59       9   38.95    0.00    1.05    0.00    0.00    1.05    0.00    0.00    0.00   58.95
19:55:59      10   36.17    0.00    3.19    0.00    0.00    0.00    0.00    0.00    0.00   60.64
19:55:59      11   35.11    0.00    4.26    0.00    0.00    1.06    0.00    0.00    0.00   59.57
19:55:59      12   42.00    0.00    3.00    0.00    0.00    0.00    0.00    0.00    0.00   55.00
19:55:59      13   39.00    0.00    5.00    0.00    0.00    1.00    0.00    0.00    0.00   55.00
19:55:59      14   43.30    0.00    2.06    0.00    0.00    0.00    0.00    0.00    0.00   54.64
19:55:59      15   42.72    0.00    4.85    0.00    0.00    0.97    0.00    0.00    0.00   51.46
19:55:59      16   61.00    0.00    8.00    0.00    0.00    0.00    0.00    0.00    0.00   31.00
19:55:59      17   58.00    0.00    7.00    0.00    0.00    2.00    0.00    0.00    0.00   33.00
19:55:59      18   62.89    0.00    4.12    0.00    0.00    0.00    0.00    0.00    0.00   32.99
19:55:59      19   58.00    0.00    8.00    0.00    0.00    3.00    0.00    0.00    0.00   31.00
19:55:59      20   59.62    0.00    5.77    0.00    0.00    2.88    0.00    0.00    0.00   31.73
19:55:59      21   57.73    0.00    6.19    0.00    0.00    2.06    0.00    0.00    0.00   34.02
19:55:59      22   57.29    0.00    8.33    0.00    0.00    1.04    0.00    0.00    0.00   33.33
19:55:59      23   60.42    0.00    6.25    0.00    0.00    1.04    0.00    0.00    0.00   32.29
19:55:59      24   84.85    0.00   13.13    0.00    0.00    1.01    0.00    0.00    0.00    1.01
19:55:59      25   84.00    0.00   11.00    0.00    0.00    4.00    0.00    0.00    0.00    1.00
19:55:59      26   84.00    0.00   12.00    0.00    0.00    3.00    0.00    0.00    0.00    1.00
19:55:59      27   85.00    0.00   11.00    0.00    0.00    3.00    0.00    0.00    0.00    1.00
19:55:59      28   85.00    0.00   12.00    0.00    0.00    2.00    0.00    0.00    0.00    1.00
19:55:59      29   87.88    0.00    9.09    0.00    0.00    3.03    0.00    0.00    0.00    0.00
19:55:59      30   82.00    0.00   12.00    0.00    0.00    5.00    0.00    0.00    0.00    1.00
19:55:59      31   82.00    0.00   12.00    0.00    0.00    5.00    0.00    0.00    0.00    1.00

19:55:59     CPU    %usr   %nice    %sys %iowait    %irq   %soft  %steal  %guest  %gnice   %idle
19:56:00     all   60.49    0.00    7.20    0.00    0.00    1.85    0.00    0.00    0.00   30.47
19:56:00       0   61.22    0.00    6.12    0.00    0.00    1.02    0.00    0.00    0.00   31.63
19:56:00       1   57.78    0.00    4.44    0.00    0.00    2.22    0.00    0.00    0.00   35.56
19:56:00       2   59.00    0.00    9.00    0.00    0.00    2.00    0.00    0.00    0.00   30.00
19:56:00       3   60.00    0.00    5.56    0.00    0.00    0.00    0.00    0.00    0.00   34.44
19:56:00       4   57.58    0.00    8.08    0.00    0.00    2.02    0.00    0.00    0.00   32.32
19:56:00       5   64.52    0.00    3.23    0.00    0.00    1.08    0.00    0.00    0.00   31.18
19:56:00       6   56.12    0.00    9.18    0.00    0.00    3.06    0.00    0.00    0.00   31.63
19:56:00       7   60.00    0.00    6.32    0.00    0.00    0.00    0.00    0.00    0.00   33.68
19:56:00       8   29.79    0.00    1.06    0.00    0.00    2.13    0.00    0.00    0.00   67.02
19:56:00       9   32.29    0.00    2.08    0.00    0.00    0.00    0.00    0.00    0.00   65.62
19:56:00      10   33.67    0.00    3.06    0.00    0.00    0.00    0.00    0.00    0.00   63.27
19:56:00      11   30.00    0.00    4.00    0.00    0.00    1.00    0.00    0.00    0.00   65.00
19:56:00      12   42.42    0.00    7.07    0.00    0.00    1.01    0.00    0.00    0.00   49.49
19:56:00      13   43.75    0.00    4.17    0.00    0.00    1.04    0.00    0.00    0.00   51.04
19:56:00      14   43.88    0.00    3.06    0.00    0.00    2.04    0.00    0.00    0.00   51.02
19:56:00      15   43.00    0.00    5.00    0.00    0.00    2.00    0.00    0.00    0.00   50.00
19:56:00      16   61.00    0.00    6.00    0.00    0.00    1.00    0.00    0.00    0.00   32.00
19:56:00      17   60.82    0.00    5.15    0.00    0.00    1.03    0.00    0.00    0.00   32.99
19:56:00      18   58.00    0.00    6.00    0.00    0.00    3.00    0.00    0.00    0.00   33.00
19:56:00      19   60.42    0.00    7.29    0.00    0.00    0.00    0.00    0.00    0.00   32.29
19:56:00      20   62.75    0.00    6.86    0.00    0.00    0.98    0.00    0.00    0.00   29.41
19:56:00      21   62.75    0.00    6.86    0.00    0.00    0.00    0.00    0.00    0.00   30.39
19:56:00      22   58.25    0.00   10.68    0.00    0.00    0.97    0.00    0.00    0.00   30.10
19:56:00      23   61.17    0.00    5.83    0.00    0.00    1.94    0.00    0.00    0.00   31.07
19:56:00      24   82.00    0.00   14.00    0.00    0.00    3.00    0.00    0.00    0.00    1.00
19:56:00      25   86.00    0.00    9.00    0.00    0.00    4.00    0.00    0.00    0.00    1.00
19:56:00      26   86.73    0.00   10.20    0.00    0.00    3.06    0.00    0.00    0.00    0.00
19:56:00      27   81.82    0.00   14.14    0.00    0.00    4.04    0.00    0.00    0.00    0.00
19:56:00      28   86.00    0.00    9.00    0.00    0.00    4.00    0.00    0.00    0.00    1.00
19:56:00      29   83.00    0.00   12.00    0.00    0.00    4.00    0.00    0.00    0.00    1.00
19:56:00      30   81.63    0.00   13.27    0.00    0.00    4.08    0.00    0.00    0.00    1.02
19:56:00      31   84.85    0.00   11.11    0.00    0.00    3.03    0.00    0.00    0.00    1.01

19:56:00     CPU    %usr   %nice    %sys %iowait    %irq   %soft  %steal  %guest  %gnice   %idle
19:56:01     all   60.62    0.00    6.74    0.00    0.00    2.07    0.00    0.00    0.00   30.58
19:56:01       0   60.00    0.00    6.00    0.00    0.00    2.00    0.00    0.00    0.00   32.00
19:56:01       1   53.68    0.00    7.37    0.00    0.00    4.21    0.00    0.00    0.00   34.74
19:56:01       2   58.16    0.00    7.14    0.00    0.00    1.02    0.00    0.00    0.00   33.67
19:56:01       3   59.00    0.00    7.00    0.00    0.00    2.00    0.00    0.00    0.00   32.00
19:56:01       4   65.35    0.00    2.97    0.00    0.00    1.98    0.00    0.00    0.00   29.70
19:56:01       5   60.82    0.00    4.12    0.00    0.00    1.03    0.00    0.00    0.00   34.02
19:56:01       6   58.59    0.00   10.10    0.00    0.00    0.00    0.00    0.00    0.00   31.31
19:56:01       7   56.99    0.00    8.60    0.00    0.00    1.08    0.00    0.00    0.00   33.33
19:56:01       8   38.30    0.00    4.26    0.00    0.00    0.00    0.00    0.00    0.00   57.45
19:56:01       9   37.76    0.00    5.10    0.00    0.00    1.02    0.00    0.00    0.00   56.12
19:56:01      10   33.33    0.00    3.03    0.00    0.00    0.00    0.00    0.00    0.00   63.64
19:56:01      11   32.63    0.00    2.11    0.00    0.00    1.05    0.00    0.00    0.00   64.21
19:56:01      12   41.67    0.00    4.17    0.00    0.00    2.08    0.00    0.00    0.00   52.08
19:56:01      13   45.45    0.00    3.03    0.00    0.00    1.01    0.00    0.00    0.00   50.51
19:56:01      14   42.16    0.00    2.94    0.00    0.00    0.00    0.00    0.00    0.00   54.90
19:56:01      15   38.14    0.00    4.12    0.00    0.00    1.03    0.00    0.00    0.00   56.70
19:56:01      16   60.00    0.00    6.32    0.00    0.00    1.05    0.00    0.00    0.00   32.63
19:56:01      17   57.45    0.00    8.51    0.00    0.00    1.06    0.00    0.00    0.00   32.98
19:56:01      18   59.18    0.00    6.12    0.00    0.00    1.02    0.00    0.00    0.00   33.67
19:56:01      19   62.50    0.00    4.81    0.00    0.00    1.92    0.00    0.00    0.00   30.77
19:56:01      20   59.41    0.00    5.94    0.00    0.00    2.97    0.00    0.00    0.00   31.68
19:56:01      21   60.44    0.00    6.59    0.00    0.00    0.00    0.00    0.00    0.00   32.97
19:56:01      22   61.76    0.00    6.86    0.00    0.00    1.96    0.00    0.00    0.00   29.41
19:56:01      23   58.59    0.00    8.08    0.00    0.00    2.02    0.00    0.00    0.00   31.31
19:56:01      24   85.86    0.00    9.09    0.00    0.00    4.04    0.00    0.00    0.00    1.01
19:56:01      25   84.00    0.00   10.00    0.00    0.00    4.00    0.00    0.00    0.00    2.00
19:56:01      26   83.17    0.00   10.89    0.00    0.00    3.96    0.00    0.00    0.00    1.98
19:56:01      27   87.00    0.00    7.00    0.00    0.00    4.00    0.00    0.00    0.00    2.00
19:56:01      28   85.00    0.00    9.00    0.00    0.00    4.00    0.00    0.00    0.00    2.00
19:56:01      29   79.80    0.00   12.12    0.00    0.00    6.06    0.00    0.00    0.00    2.02
19:56:01      30   84.00    0.00   11.00    0.00    0.00    4.00    0.00    0.00    0.00    1.00
19:56:01      31   84.00    0.00   11.00    0.00    0.00    4.00    0.00    0.00    0.00    1.00

19:56:01     CPU    %usr   %nice    %sys %iowait    %irq   %soft  %steal  %guest  %gnice   %idle
19:56:02     all   59.83    0.00    7.16    0.00    0.00    2.01    0.00    0.00    0.00   31.00
19:56:02       0   59.79    0.00    4.12    0.00    0.00    2.06    0.00    0.00    0.00   34.02
19:56:02       1   57.58    0.00    8.08    0.00    0.00    1.01    0.00    0.00    0.00   33.33
19:56:02       2   59.41    0.00    7.92    0.00    0.00    0.99    0.00    0.00    0.00   31.68
19:56:02       3   60.20    0.00    5.10    0.00    0.00    2.04    0.00    0.00    0.00   32.65
19:56:02       4   59.79    0.00    6.19    0.00    0.00    0.00    0.00    0.00    0.00   34.02
19:56:02       5   60.20    0.00    8.16    0.00    0.00    0.00    0.00    0.00    0.00   31.63
19:56:02       6   58.76    0.00    5.15    0.00    0.00    3.09    0.00    0.00    0.00   32.99
19:56:02       7   55.21    0.00    8.33    0.00    0.00    1.04    0.00    0.00    0.00   35.42
19:56:02       8   33.67    0.00    4.08    0.00    0.00    1.02    0.00    0.00    0.00   61.22
19:56:02       9   32.63    0.00    4.21    0.00    0.00    0.00    0.00    0.00    0.00   63.16
19:56:02      10   38.24    0.00    4.90    0.00    0.00    1.96    0.00    0.00    0.00   54.90
19:56:02      11   32.97    0.00    2.20    0.00    0.00    1.10    0.00    0.00    0.00   63.74
19:56:02      12   45.00    0.00    3.00    0.00    0.00    1.00    0.00    0.00    0.00   51.00
19:56:02      13   41.24    0.00    4.12    0.00    0.00    1.03    0.00    0.00    0.00   53.61
19:56:02      14   42.42    0.00    4.04    0.00    0.00    2.02    0.00    0.00    0.00   51.52
19:56:02      15   35.96    0.00    2.25    0.00    0.00    2.25    0.00    0.00    0.00   59.55
19:56:02      16   58.33    0.00    6.25    0.00    0.00    2.08    0.00    0.00    0.00   33.33
19:56:02      17   57.58    0.00    7.07    0.00    0.00    2.02    0.00    0.00    0.00   33.33
19:56:02      18   59.00    0.00    6.00    0.00    0.00    2.00    0.00    0.00    0.00   33.00
19:56:02      19   59.80    0.00    5.88    0.00    0.00    1.96    0.00    0.00    0.00   32.35
19:56:02      20   56.38    0.00    8.51    0.00    0.00    1.06    0.00    0.00    0.00   34.04
19:56:02      21   58.82    0.00    6.86    0.00    0.00    0.98    0.00    0.00    0.00   33.33
19:56:02      22   57.73    0.00    6.19    0.00    0.00    2.06    0.00    0.00    0.00   34.02
19:56:02      23   58.59    0.00    7.07    0.00    0.00    1.01    0.00    0.00    0.00   33.33
19:56:02      24   84.16    0.00    9.90    0.00    0.00    3.96    0.00    0.00    0.00    1.98
19:56:02      25   79.00    0.00   15.00    0.00    0.00    5.00    0.00    0.00    0.00    1.00
19:56:02      26   83.84    0.00   11.11    0.00    0.00    4.04    0.00    0.00    0.00    1.01
19:56:02      27   85.00    0.00    9.00    0.00    0.00    5.00    0.00    0.00    0.00    1.00
19:56:02      28   84.00    0.00   12.00    0.00    0.00    3.00    0.00    0.00    0.00    1.00
19:56:02      29   82.83    0.00   14.14    0.00    0.00    2.02    0.00    0.00    0.00    1.01
19:56:02      30   84.00    0.00   11.00    0.00    0.00    3.00    0.00    0.00    0.00    2.00
19:56:02      31   85.00    0.00   10.00    0.00    0.00    4.00    0.00    0.00    0.00    1.00

19:56:02     CPU    %usr   %nice    %sys %iowait    %irq   %soft  %steal  %guest  %gnice   %idle
19:56:03     all   59.92    0.00    7.04    0.00    0.00    1.94    0.00    0.00    0.00   31.10
19:56:03       0   56.52    0.00    8.70    0.00    0.00    1.09    0.00    0.00    0.00   33.70
19:56:03       1   60.61    0.00    4.04    0.00    0.00    2.02    0.00    0.00    0.00   33.33
19:56:03       2   60.61    0.00    6.06    0.00    0.00    1.01    0.00    0.00    0.00   32.32
19:56:03       3   60.00    0.00    7.37    0.00    0.00    0.00    0.00    0.00    0.00   32.63
19:56:03       4   53.19    0.00   10.64    0.00    0.00    2.13    0.00    0.00    0.00   34.04
19:56:03       5   56.12    0.00    8.16    0.00    0.00    2.04    0.00    0.00    0.00   33.67
19:56:03       6   61.62    0.00    4.04    0.00    0.00    1.01    0.00    0.00    0.00   33.33
19:56:03       7   58.82    0.00    7.84    0.00    0.00    1.96    0.00    0.00    0.00   31.37
19:56:03       8   42.86    0.00    3.06    0.00    0.00    1.02    0.00    0.00    0.00   53.06
19:56:03       9   38.61    0.00    5.94    0.00    0.00    1.98    0.00    0.00    0.00   53.47
19:56:03      10   34.41    0.00    3.23    0.00    0.00    0.00    0.00    0.00    0.00   62.37
19:56:03      11   37.11    0.00    2.06    0.00    0.00    0.00    0.00    0.00    0.00   60.82
19:56:03      12   45.36    0.00    3.09    0.00    0.00    1.03    0.00    0.00    0.00   50.52
19:56:03      13   41.05    0.00    2.11    0.00    0.00    0.00    0.00    0.00    0.00   56.84
19:56:03      14   29.90    0.00    4.12    0.00    0.00    1.03    0.00    0.00    0.00   64.95
19:56:03      15   33.66    0.00    2.97    0.00    0.00    0.99    0.00    0.00    0.00   62.38
19:56:03      16   57.84    0.00    7.84    0.00    0.00    3.92    0.00    0.00    0.00   30.39
19:56:03      17   58.16    0.00    8.16    0.00    0.00    1.02    0.00    0.00    0.00   32.65
19:56:03      18   56.44    0.00   11.88    0.00    0.00    1.98    0.00    0.00    0.00   29.70
19:56:03      19   59.62    0.00    7.69    0.00    0.00    2.88    0.00    0.00    0.00   29.81
19:56:03      20   55.79    0.00    7.37    0.00    0.00    2.11    0.00    0.00    0.00   34.74
19:56:03      21   62.24    0.00    5.10    0.00    0.00    1.02    0.00    0.00    0.00   31.63
19:56:03      22   59.60    0.00    6.06    0.00    0.00    1.01    0.00    0.00    0.00   33.33
19:56:03      23   58.06    0.00    3.23    0.00    0.00    2.15    0.00    0.00    0.00   36.56
19:56:03      24   86.73    0.00    7.14    0.00    0.00    5.10    0.00    0.00    0.00    1.02
19:56:03      25   85.86    0.00   11.11    0.00    0.00    2.02    0.00    0.00    0.00    1.01
19:56:03      26   83.00    0.00   12.00    0.00    0.00    3.00    0.00    0.00    0.00    2.00
19:56:03      27   86.73    0.00    8.16    0.00    0.00    3.06    0.00    0.00    0.00    2.04
19:56:03      28   83.84    0.00   11.11    0.00    0.00    4.04    0.00    0.00    0.00    1.01
19:56:03      29   84.00    0.00   10.00    0.00    0.00    4.00    0.00    0.00    0.00    2.00
19:56:03      30   82.00    0.00   10.00    0.00    0.00    6.00    0.00    0.00    0.00    2.00
19:56:03      31   83.00    0.00   14.00    0.00    0.00    1.00    0.00    0.00    0.00    2.00

19:56:03     CPU    %usr   %nice    %sys %iowait    %irq   %soft  %steal  %guest  %gnice   %idle
19:56:04     all   59.82    0.00    6.94    0.00    0.00    2.22    0.00    0.00    0.00   31.02
19:56:04       0   57.58    0.00    6.06    0.00    0.00    3.03    0.00    0.00    0.00   33.33
19:56:04       1   61.00    0.00    4.00    0.00    0.00    1.00    0.00    0.00    0.00   34.00
19:56:04       2   57.14    0.00    8.16    0.00    0.00    2.04    0.00    0.00    0.00   32.65
19:56:04       3   59.18    0.00    6.12    0.00    0.00    2.04    0.00    0.00    0.00   32.65
19:56:04       4   58.00    0.00    6.00    0.00    0.00    1.00    0.00    0.00    0.00   35.00
19:56:04       5   59.60    0.00    6.06    0.00    0.00    1.01    0.00    0.00    0.00   33.33
19:56:04       6   57.29    0.00    6.25    0.00    0.00    2.08    0.00    0.00    0.00   34.38
19:56:04       7   61.86    0.00    3.09    0.00    0.00    2.06    0.00    0.00    0.00   32.99
19:56:04       8   37.86    0.00    4.85    0.00    0.00    0.97    0.00    0.00    0.00   56.31
19:56:04       9   38.38    0.00    3.03    0.00    0.00    2.02    0.00    0.00    0.00   56.57
19:56:04      10   35.42    0.00    2.08    0.00    0.00    1.04    0.00    0.00    0.00   61.46
19:56:04      11   36.36    0.00    4.04    0.00    0.00    0.00    0.00    0.00    0.00   59.60
19:56:04      12   37.76    0.00    4.08    0.00    0.00    1.02    0.00    0.00    0.00   57.14
19:56:04      13   41.35    0.00    4.81    0.00    0.00    1.92    0.00    0.00    0.00   51.92
19:56:04      14   40.62    0.00    4.17    0.00    0.00    1.04    0.00    0.00    0.00   54.17
19:56:04      15   44.00    0.00    4.00    0.00    0.00    3.00    0.00    0.00    0.00   49.00
19:56:04      16   57.73    0.00    7.22    0.00    0.00    2.06    0.00    0.00    0.00   32.99
19:56:04      17   58.76    0.00    5.15    0.00    0.00    2.06    0.00    0.00    0.00   34.02
19:56:04      18   56.84    0.00    7.37    0.00    0.00    1.05    0.00    0.00    0.00   34.74
19:56:04      19   60.42    0.00    5.21    0.00    0.00    1.04    0.00    0.00    0.00   33.33
19:56:04      20   60.78    0.00    3.92    0.00    0.00    1.96    0.00    0.00    0.00   33.33
19:56:04      21   55.21    0.00    7.29    0.00    0.00    2.08    0.00    0.00    0.00   35.42
19:56:04      22   55.43    0.00    7.61    0.00    0.00    1.09    0.00    0.00    0.00   35.87
19:56:04      23   59.79    0.00    7.22    0.00    0.00    1.03    0.00    0.00    0.00   31.96
19:56:04      24   87.13    0.00    9.90    0.00    0.00    1.98    0.00    0.00    0.00    0.99
19:56:04      25   80.20    0.00   11.88    0.00    0.00    6.93    0.00    0.00    0.00    0.99
19:56:04      26   83.84    0.00   12.12    0.00    0.00    3.03    0.00    0.00    0.00    1.01
19:56:04      27   85.00    0.00   11.00    0.00    0.00    3.00    0.00    0.00    0.00    1.00
19:56:04      28   82.00    0.00   14.00    0.00    0.00    3.00    0.00    0.00    0.00    1.00
19:56:04      29   84.85    0.00   10.10    0.00    0.00    4.04    0.00    0.00    0.00    1.01
19:56:04      30   79.41    0.00   11.76    0.00    0.00    6.86    0.00    0.00    0.00    1.96
19:56:04      31   81.00    0.00   13.00    0.00    0.00    4.00    0.00    0.00    0.00    2.00

19:56:04     CPU    %usr   %nice    %sys %iowait    %irq   %soft  %steal  %guest  %gnice   %idle
19:56:05     all   59.90    0.00    7.33    0.00    0.00    2.06    0.00    0.00    0.00   30.71
19:56:05       0   60.19    0.00    7.77    0.00    0.00    0.00    0.00    0.00    0.00   32.04
19:56:05       1   63.37    0.00    5.94    0.00    0.00    0.99    0.00    0.00    0.00   29.70
19:56:05       2   58.00    0.00   10.00    0.00    0.00    1.00    0.00    0.00    0.00   31.00
19:56:05       3   57.29    0.00    7.29    0.00    0.00    1.04    0.00    0.00    0.00   34.38
19:56:05       4   57.89    0.00    5.26    0.00    0.00    2.11    0.00    0.00    0.00   34.74
19:56:05       5   61.76    0.00    4.90    0.00    0.00    1.96    0.00    0.00    0.00   31.37
19:56:05       6   58.76    0.00    5.15    0.00    0.00    2.06    0.00    0.00    0.00   34.02
19:56:05       7   57.58    0.00    7.07    0.00    0.00    2.02    0.00    0.00    0.00   33.33
19:56:05       8   39.78    0.00    4.30    0.00    0.00    2.15    0.00    0.00    0.00   53.76
19:56:05       9   37.36    0.00    2.20    0.00    0.00    2.20    0.00    0.00    0.00   58.24
19:56:05      10   30.48    0.00    4.76    0.00    0.00    1.90    0.00    0.00    0.00   62.86
19:56:05      11   29.29    0.00    2.02    0.00    0.00    1.01    0.00    0.00    0.00   67.68
19:56:05      12   37.37    0.00    6.06    0.00    0.00    1.01    0.00    0.00    0.00   55.56
19:56:05      13   34.38    0.00    6.25    0.00    0.00    1.04    0.00    0.00    0.00   58.33
19:56:05      14   43.88    0.00    3.06    0.00    0.00    2.04    0.00    0.00    0.00   51.02
19:56:05      15   45.45    0.00    4.04    0.00    0.00    1.01    0.00    0.00    0.00   49.49
19:56:05      16   60.61    0.00    8.08    0.00    0.00    2.02    0.00    0.00    0.00   29.29
19:56:05      17   62.11    0.00    5.26    0.00    0.00    0.00    0.00    0.00    0.00   32.63
19:56:05      18   54.17    0.00    8.33    0.00    0.00    3.12    0.00    0.00    0.00   34.38
19:56:05      19   57.14    0.00    7.14    0.00    0.00    2.04    0.00    0.00    0.00   33.67
19:56:05      20   59.38    0.00    4.17    0.00    0.00    2.08    0.00    0.00    0.00   34.38
19:56:05      21   60.20    0.00    6.12    0.00    0.00    1.02    0.00    0.00    0.00   32.65
19:56:05      22   60.00    0.00    5.26    0.00    0.00    1.05    0.00    0.00    0.00   33.68
19:56:05      23   61.76    0.00    4.90    0.00    0.00    1.96    0.00    0.00    0.00   31.37
19:56:05      24   82.83    0.00   14.14    0.00    0.00    1.01    0.00    0.00    0.00    2.02
19:56:05      25   83.17    0.00   11.88    0.00    0.00    2.97    0.00    0.00    0.00    1.98
19:56:05      26   82.18    0.00   11.88    0.00    0.00    4.95    0.00    0.00    0.00    0.99
19:56:05      27   82.00    0.00   13.00    0.00    0.00    4.00    0.00    0.00    0.00    1.00
19:56:05      28   85.86    0.00   11.11    0.00    0.00    3.03    0.00    0.00    0.00    0.00
19:56:05      29   80.20    0.00   14.85    0.00    0.00    3.96    0.00    0.00    0.00    0.99
19:56:05      30   86.87    0.00    8.08    0.00    0.00    4.04    0.00    0.00    0.00    1.01
19:56:05      31   81.00    0.00   13.00    0.00    0.00    5.00    0.00    0.00    0.00    1.00

19:56:05     CPU    %usr   %nice    %sys %iowait    %irq   %soft  %steal  %guest  %gnice   %idle
19:56:06     all   60.79    0.00    7.07    0.03    0.00    1.97    0.00    0.00    0.00   30.14
19:56:06       0   53.61    0.00   12.37    0.00    0.00    2.06    0.00    0.00    0.00   31.96
19:56:06       1   59.38    0.00    7.29    0.00    0.00    1.04    0.00    0.00    0.00   32.29
19:56:06       2   58.16    0.00    7.14    0.00    0.00    2.04    0.00    0.00    0.00   32.65
19:56:06       3   59.38    0.00    6.25    0.00    0.00    1.04    0.00    0.00    0.00   33.33
19:56:06       4   58.42    0.00    8.91    0.00    0.00    1.98    0.00    0.00    0.00   30.69
19:56:06       5   64.08    0.00    2.91    0.00    0.00    1.94    0.00    0.00    0.00   31.07
19:56:06       6   61.00    0.00    6.00    0.00    0.00    1.00    0.00    0.00    0.00   32.00
19:56:06       7   63.54    0.00    4.17    0.00    0.00    1.04    0.00    0.00    0.00   31.25
19:56:06       8   30.85    0.00    4.26    0.00    0.00    1.06    0.00    0.00    0.00   63.83
19:56:06       9   31.18    0.00    6.45    1.08    0.00    0.00    0.00    0.00    0.00   61.29
19:56:06      10   37.50    0.00    4.17    0.00    0.00    1.04    0.00    0.00    0.00   57.29
19:56:06      11   38.38    0.00    4.04    0.00    0.00    1.01    0.00    0.00    0.00   56.57
19:56:06      12   33.00    0.00    6.00    0.00    0.00    1.00    0.00    0.00    0.00   60.00
19:56:06      13   38.24    0.00    1.96    0.00    0.00    0.98    0.00    0.00    0.00   58.82
19:56:06      14   46.94    0.00    7.14    0.00    0.00    1.02    0.00    0.00    0.00   44.90
19:56:06      15   44.90    0.00    5.10    0.00    0.00    1.02    0.00    0.00    0.00   48.98
19:56:06      16   57.89    0.00    6.32    0.00    0.00    1.05    0.00    0.00    0.00   34.74
19:56:06      17   54.17    0.00    8.33    0.00    0.00    3.12    0.00    0.00    0.00   34.38
19:56:06      18   58.59    0.00    7.07    0.00    0.00    2.02    0.00    0.00    0.00   32.32
19:56:06      19   60.19    0.00    8.74    0.00    0.00    0.97    0.00    0.00    0.00   30.10
19:56:06      20   58.76    0.00    8.25    0.00    0.00    1.03    0.00    0.00    0.00   31.96
19:56:06      21   60.19    0.00    5.83    0.00    0.00    2.91    0.00    0.00    0.00   31.07
19:56:06      22   63.11    0.00    5.83    0.00    0.00    1.94    0.00    0.00    0.00   29.13
19:56:06      23   58.76    0.00    7.22    0.00    0.00    1.03    0.00    0.00    0.00   32.99
19:56:06      24   83.84    0.00   11.11    0.00    0.00    5.05    0.00    0.00    0.00    0.00
19:56:06      25   87.88    0.00    8.08    0.00    0.00    3.03    0.00    0.00    0.00    1.01
19:56:06      26   86.73    0.00   10.20    0.00    0.00    2.04    0.00    0.00    0.00    1.02
19:56:06      27   86.27    0.00    9.80    0.00    0.00    2.94    0.00    0.00    0.00    0.98
19:56:06      28   85.86    0.00    8.08    0.00    0.00    5.05    0.00    0.00    0.00    1.01
19:56:06      29   86.00    0.00   10.00    0.00    0.00    3.00    0.00    0.00    0.00    1.00
19:56:06      30   86.87    0.00    9.09    0.00    0.00    4.04    0.00    0.00    0.00    0.00
19:56:06      31   86.87    0.00    8.08    0.00    0.00    4.04    0.00    0.00    0.00    1.01

19:56:06     CPU    %usr   %nice    %sys %iowait    %irq   %soft  %steal  %guest  %gnice   %idle
19:56:07     all   60.89    0.00    6.61    0.00    0.00    1.87    0.00    0.00    0.00   30.63
19:56:07       0   58.00    0.00    8.00    0.00    0.00    2.00    0.00    0.00    0.00   32.00
19:56:07       1   57.73    0.00    6.19    0.00    0.00    3.09    0.00    0.00    0.00   32.99
19:56:07       2   54.84    0.00    8.60    0.00    0.00    2.15    0.00    0.00    0.00   34.41
19:56:07       3   59.79    0.00    6.19    0.00    0.00    1.03    0.00    0.00    0.00   32.99
19:56:07       4   59.79    0.00    6.19    0.00    0.00    1.03    0.00    0.00    0.00   32.99
19:56:07       5   61.17    0.00    5.83    0.00    0.00    1.94    0.00    0.00    0.00   31.07
19:56:07       6   60.82    0.00    6.19    0.00    0.00    1.03    0.00    0.00    0.00   31.96
19:56:07       7   61.22    0.00    6.12    0.00    0.00    0.00    0.00    0.00    0.00   32.65
19:56:07       8   36.63    0.00    3.96    0.00    0.00    0.00    0.00    0.00    0.00   59.41
19:56:07       9   32.32    0.00    7.07    0.00    0.00    0.00    0.00    0.00    0.00   60.61
19:56:07      10   36.73    0.00    4.08    0.00    0.00    2.04    0.00    0.00    0.00   57.14
19:56:07      11   36.26    0.00    4.40    0.00    0.00    2.20    0.00    0.00    0.00   57.14
19:56:07      12   43.56    0.00    0.99    0.00    0.00    0.99    0.00    0.00    0.00   54.46
19:56:07      13   39.18    0.00    3.09    0.00    0.00    2.06    0.00    0.00    0.00   55.67
19:56:07      14   34.02    0.00    4.12    0.00    0.00    2.06    0.00    0.00    0.00   59.79
19:56:07      15   41.24    0.00    2.06    0.00    0.00    0.00    0.00    0.00    0.00   56.70
19:56:07      16   60.20    0.00    4.08    0.00    0.00    3.06    0.00    0.00    0.00   32.65
19:56:07      17   62.14    0.00    3.88    0.00    0.00    2.91    0.00    0.00    0.00   31.07
19:56:07      18   58.51    0.00    6.38    0.00    0.00    1.06    0.00    0.00    0.00   34.04
19:56:07      19   61.39    0.00    3.96    0.00    0.00    1.98    0.00    0.00    0.00   32.67
19:56:07      20   62.63    0.00    5.05    0.00    0.00    1.01    0.00    0.00    0.00   31.31
19:56:07      21   60.64    0.00    7.45    0.00    0.00    0.00    0.00    0.00    0.00   31.91
19:56:07      22   63.00    0.00    6.00    0.00    0.00    1.00    0.00    0.00    0.00   30.00
19:56:07      23   60.61    0.00    4.04    0.00    0.00    2.02    0.00    0.00    0.00   33.33
19:56:07      24   82.18    0.00   11.88    0.00    0.00    3.96    0.00    0.00    0.00    1.98
19:56:07      25   83.33    0.00   11.76    0.00    0.00    3.92    0.00    0.00    0.00    0.98
19:56:07      26   84.31    0.00   10.78    0.00    0.00    2.94    0.00    0.00    0.00    1.96
19:56:07      27   84.00    0.00   11.00    0.00    0.00    4.00    0.00    0.00    0.00    1.00
19:56:07      28   83.17    0.00   12.87    0.00    0.00    2.97    0.00    0.00    0.00    0.99
19:56:07      29   88.00    0.00    8.00    0.00    0.00    4.00    0.00    0.00    0.00    0.00
19:56:07      30   85.29    0.00   10.78    0.00    0.00    1.96    0.00    0.00    0.00    1.96
19:56:07      31   88.12    0.00    9.90    0.00    0.00    0.99    0.00    0.00    0.00    0.99

19:56:07     CPU    %usr   %nice    %sys %iowait    %irq   %soft  %steal  %guest  %gnice   %idle
19:56:08     all   60.07    0.00    7.35    0.00    0.00    2.14    0.00    0.00    0.00   30.44
19:56:08       0   60.78    0.00    5.88    0.00    0.00    0.98    0.00    0.00    0.00   32.35
19:56:08       1   57.29    0.00    7.29    0.00    0.00    2.08    0.00    0.00    0.00   33.33
19:56:08       2   60.00    0.00    7.00    0.00    0.00    2.00    0.00    0.00    0.00   31.00
19:56:08       3   61.46    0.00    5.21    0.00    0.00    3.12    0.00    0.00    0.00   30.21
19:56:08       4   60.61    0.00    6.06    0.00    0.00    1.01    0.00    0.00    0.00   32.32
19:56:08       5   60.42    0.00    5.21    0.00    0.00    1.04    0.00    0.00    0.00   33.33
19:56:08       6   59.41    0.00    5.94    0.00    0.00    1.98    0.00    0.00    0.00   32.67
19:56:08       7   58.16    0.00    8.16    0.00    0.00    1.02    0.00    0.00    0.00   32.65
19:56:08       8   35.92    0.00    5.83    0.00    0.00    0.97    0.00    0.00    0.00   57.28
19:56:08       9   40.00    0.00    3.81    0.00    0.00    1.90    0.00    0.00    0.00   54.29
19:56:08      10   35.42    0.00    4.17    0.00    0.00    0.00    0.00    0.00    0.00   60.42
19:56:08      11   36.08    0.00    4.12    0.00    0.00    2.06    0.00    0.00    0.00   57.73
19:56:08      12   42.31    0.00    4.81    0.00    0.00    0.00    0.00    0.00    0.00   52.88
19:56:08      13   38.00    0.00    5.00    0.00    0.00    0.00    0.00    0.00    0.00   57.00
19:56:08      14   39.80    0.00    4.08    0.00    0.00    1.02    0.00    0.00    0.00   55.10
19:56:08      15   43.14    0.00    2.94    0.00    0.00    1.96    0.00    0.00    0.00   51.96
19:56:08      16   61.22    0.00    6.12    0.00    0.00    0.00    0.00    0.00    0.00   32.65
19:56:08      17   58.76    0.00    6.19    0.00    0.00    2.06    0.00    0.00    0.00   32.99
19:56:08      18   57.69    0.00    8.65    0.00    0.00    1.92    0.00    0.00    0.00   31.73
19:56:08      19   58.82    0.00    7.84    0.00    0.00    1.96    0.00    0.00    0.00   31.37
19:56:08      20   56.84    0.00    9.47    0.00    0.00    1.05    0.00    0.00    0.00   32.63
19:56:08      21   57.73    0.00    7.22    0.00    0.00    2.06    0.00    0.00    0.00   32.99
19:56:08      22   55.45    0.00    9.90    0.00    0.00    1.98    0.00    0.00    0.00   32.67
19:56:08      23   59.18    0.00    6.12    0.00    0.00    2.04    0.00    0.00    0.00   32.65
19:56:08      24   83.84    0.00   10.10    0.00    0.00    5.05    0.00    0.00    0.00    1.01
19:56:08      25   84.85    0.00   10.10    0.00    0.00    4.04    0.00    0.00    0.00    1.01
19:56:08      26   81.00    0.00   14.00    0.00    0.00    4.00    0.00    0.00    0.00    1.00
19:56:08      27   82.00    0.00   10.00    0.00    0.00    6.00    0.00    0.00    0.00    2.00
19:56:08      28   81.19    0.00   14.85    0.00    0.00    2.97    0.00    0.00    0.00    0.99
19:56:08      29   86.87    0.00   11.11    0.00    0.00    1.01    0.00    0.00    0.00    1.01
19:56:08      30   85.86    0.00    9.09    0.00    0.00    4.04    0.00    0.00    0.00    1.01
19:56:08      31   83.17    0.00    8.91    0.00    0.00    6.93    0.00    0.00    0.00    0.99

19:56:08     CPU    %usr   %nice    %sys %iowait    %irq   %soft  %steal  %guest  %gnice   %idle
19:56:09     all   60.14    0.00    7.51    0.00    0.00    1.96    0.00    0.00    0.00   30.39
19:56:09       0   62.14    0.00    6.80    0.00    0.00    0.97    0.00    0.00    0.00   30.10
19:56:09       1   61.86    0.00    5.15    0.00    0.00    0.00    0.00    0.00    0.00   32.99
19:56:09       2   64.21    0.00    5.26    0.00    0.00    0.00    0.00    0.00    0.00   30.53
19:56:09       3   58.25    0.00    9.71    0.00    0.00    1.94    0.00    0.00    0.00   30.10
19:56:09       4   57.14    0.00    7.14    0.00    0.00    3.06    0.00    0.00    0.00   32.65
19:56:09       5   57.73    0.00    7.22    0.00    0.00    2.06    0.00    0.00    0.00   32.99
19:56:09       6   57.61    0.00    5.43    0.00    0.00    0.00    0.00    0.00    0.00   36.96
19:56:09       7   54.64    0.00    6.19    0.00    0.00    2.06    0.00    0.00    0.00   37.11
19:56:09       8   33.33    0.00    4.44    0.00    0.00    1.11    0.00    0.00    0.00   61.11
19:56:09       9   36.46    0.00    6.25    0.00    0.00    0.00    0.00    0.00    0.00   57.29
19:56:09      10   34.69    0.00    4.08    0.00    0.00    1.02    0.00    0.00    0.00   60.20
19:56:09      11   39.42    0.00    3.85    0.00    0.00    0.96    0.00    0.00    0.00   55.77
19:56:09      12   36.36    0.00    4.04    0.00    0.00    2.02    0.00    0.00    0.00   57.58
19:56:09      13   34.69    0.00    3.06    0.00    0.00    1.02    0.00    0.00    0.00   61.22
19:56:09      14   42.39    0.00    6.52    0.00    0.00    1.09    0.00    0.00    0.00   50.00
19:56:09      15   45.45    0.00    5.05    0.00    0.00    2.02    0.00    0.00    0.00   47.47
19:56:09      16   56.00    0.00    9.00    0.00    0.00    2.00    0.00    0.00    0.00   33.00
19:56:09      17   57.58    0.00    8.08    0.00    0.00    2.02    0.00    0.00    0.00   32.32
19:56:09      18   59.80    0.00    7.84    0.00    0.00    2.94    0.00    0.00    0.00   29.41
19:56:09      19   63.16    0.00    5.26    0.00    0.00    1.05    0.00    0.00    0.00   30.53
19:56:09      20   59.18    0.00    5.10    0.00    0.00    2.04    0.00    0.00    0.00   33.67
19:56:09      21   58.65    0.00    8.65    0.00    0.00    0.96    0.00    0.00    0.00   31.73
19:56:09      22   58.25    0.00    7.77    0.00    0.00    0.97    0.00    0.00    0.00   33.01
19:56:09      23   55.56    0.00    6.06    0.00    0.00    2.02    0.00    0.00    0.00   36.36
19:56:09      24   85.00    0.00   12.00    0.00    0.00    2.00    0.00    0.00    0.00    1.00
19:56:09      25   86.00    0.00    9.00    0.00    0.00    4.00    0.00    0.00    0.00    1.00
19:56:09      26   86.00    0.00    9.00    0.00    0.00    4.00    0.00    0.00    0.00    1.00
19:56:09      27   84.00    0.00   13.00    0.00    0.00    3.00    0.00    0.00    0.00    0.00
19:56:09      28   84.69    0.00   12.24    0.00    0.00    3.06    0.00    0.00    0.00    0.00
19:56:09      29   82.18    0.00   10.89    0.00    0.00    5.94    0.00    0.00    0.00    0.99
19:56:09      30   84.85    0.00   13.13    0.00    0.00    2.02    0.00    0.00    0.00    0.00
19:56:09      31   82.00    0.00   12.00    0.00    0.00    5.00    0.00    0.00    0.00    1.00

19:56:09     CPU    %usr   %nice    %sys %iowait    %irq   %soft  %steal  %guest  %gnice   %idle
19:56:10     all   61.10    0.00    6.67    0.00    0.00    1.99    0.00    0.00    0.00   30.23
19:56:10       0   63.64    0.00    5.05    0.00    0.00    1.01    0.00    0.00    0.00   30.30
19:56:10       1   60.20    0.00    8.16    0.00    0.00    1.02    0.00    0.00    0.00   30.61
19:56:10       2   61.17    0.00    5.83    0.00    0.00    1.94    0.00    0.00    0.00   31.07
19:56:10       3   57.45    0.00    7.45    0.00    0.00    1.06    0.00    0.00    0.00   34.04
19:56:10       4   59.18    0.00    6.12    0.00    0.00    1.02    0.00    0.00    0.00   33.67
19:56:10       5   58.33    0.00    6.25    0.00    0.00    2.08    0.00    0.00    0.00   33.33
19:56:10       6   61.39    0.00    4.95    0.00    0.00    0.99    0.00    0.00    0.00   32.67
19:56:10       7   58.16    0.00    6.12    0.00    0.00    2.04    0.00    0.00    0.00   33.67
19:56:10       8   45.54    0.00    5.94    0.00    0.00    0.00    0.00    0.00    0.00   48.51
19:56:10       9   47.06    0.00    3.92    0.00    0.00    0.00    0.00    0.00    0.00   49.02
19:56:10      10   34.41    0.00    2.15    0.00    0.00    0.00    0.00    0.00    0.00   63.44
19:56:10      11   36.73    0.00    2.04    0.00    0.00    1.02    0.00    0.00    0.00   60.20
19:56:10      12   42.11    0.00    5.26    0.00    0.00    0.00    0.00    0.00    0.00   52.63
19:56:10      13   44.79    0.00    4.17    0.00    0.00    1.04    0.00    0.00    0.00   50.00
19:56:10      14   33.66    0.00    3.96    0.00    0.00    0.99    0.00    0.00    0.00   61.39
19:56:10      15   32.04    0.00    5.83    0.00    0.00    0.97    0.00    0.00    0.00   61.17
19:56:10      16   61.39    0.00    5.94    0.00    0.00    1.98    0.00    0.00    0.00   30.69
19:56:10      17   63.27    0.00    6.12    0.00    0.00    0.00    0.00    0.00    0.00   30.61
19:56:10      18   58.59    0.00    8.08    0.00    0.00    1.01    0.00    0.00    0.00   32.32
19:56:10      19   59.79    0.00    5.15    0.00    0.00    3.09    0.00    0.00    0.00   31.96
19:56:10      20   60.82    0.00    5.15    0.00    0.00    1.03    0.00    0.00    0.00   32.99
19:56:10      21   58.16    0.00    7.14    0.00    0.00    2.04    0.00    0.00    0.00   32.65
19:56:10      22   57.14    0.00    5.10    0.00    0.00    3.06    0.00    0.00    0.00   34.69
19:56:10      23   56.12    0.00    6.12    0.00    0.00    4.08    0.00    0.00    0.00   33.67
19:56:10      24   84.16    0.00   11.88    0.00    0.00    2.97    0.00    0.00    0.00    0.99
19:56:10      25   86.00    0.00   10.00    0.00    0.00    4.00    0.00    0.00    0.00    0.00
19:56:10      26   87.88    0.00    7.07    0.00    0.00    4.04    0.00    0.00    0.00    1.01
19:56:10      27   86.14    0.00    8.91    0.00    0.00    3.96    0.00    0.00    0.00    0.99
19:56:10      28   86.00    0.00    9.00    0.00    0.00    4.00    0.00    0.00    0.00    1.00
19:56:10      29   86.87    0.00    9.09    0.00    0.00    4.04    0.00    0.00    0.00    0.00
19:56:10      30   83.00    0.00   12.00    0.00    0.00    4.00    0.00    0.00    0.00    1.00
19:56:10      31   81.00    0.00   13.00    0.00    0.00    5.00    0.00    0.00    0.00    1.00

19:56:10     CPU    %usr   %nice    %sys %iowait    %irq   %soft  %steal  %guest  %gnice   %idle
19:56:11     all   60.79    0.00    6.85    0.00    0.00    1.99    0.00    0.00    0.00   30.38
19:56:11       0   59.14    0.00    5.38    0.00    0.00    1.08    0.00    0.00    0.00   34.41
19:56:11       1   58.82    0.00    6.86    0.00    0.00    1.96    0.00    0.00    0.00   32.35
19:56:11       2   63.64    0.00    6.06    0.00    0.00    1.01    0.00    0.00    0.00   29.29
19:56:11       3   61.62    0.00    8.08    0.00    0.00    1.01    0.00    0.00    0.00   29.29
19:56:11       4   62.63    0.00    5.05    0.00    0.00    2.02    0.00    0.00    0.00   30.30
19:56:11       5   59.60    0.00    8.08    0.00    0.00    1.01    0.00    0.00    0.00   31.31
19:56:11       6   57.14    0.00    7.14    0.00    0.00    2.04    0.00    0.00    0.00   33.67
19:56:11       7   56.70    0.00    6.19    0.00    0.00    2.06    0.00    0.00    0.00   35.05
19:56:11       8   34.34    0.00    3.03    0.00    0.00    2.02    0.00    0.00    0.00   60.61
19:56:11       9   39.00    0.00    3.00    0.00    0.00    1.00    0.00    0.00    0.00   57.00
19:56:11      10   39.60    0.00    5.94    0.00    0.00    1.98    0.00    0.00    0.00   52.48
19:56:11      11   37.89    0.00    5.26    0.00    0.00    2.11    0.00    0.00    0.00   54.74
19:56:11      12   38.78    0.00    2.04    0.00    0.00    0.00    0.00    0.00    0.00   59.18
19:56:11      13   39.42    0.00    3.85    0.00    0.00    0.00    0.00    0.00    0.00   56.73
19:56:11      14   40.21    0.00    2.06    0.00    0.00    1.03    0.00    0.00    0.00   56.70
19:56:11      15   43.00    0.00    3.00    0.00    0.00    1.00    0.00    0.00    0.00   53.00
19:56:11      16   59.79    0.00    5.15    0.00    0.00    1.03    0.00    0.00    0.00   34.02
19:56:11      17   60.42    0.00    5.21    0.00    0.00    0.00    0.00    0.00    0.00   34.38
19:56:11      18   64.29    0.00    4.08    0.00    0.00    1.02    0.00    0.00    0.00   30.61
19:56:11      19   60.61    0.00    7.07    0.00    0.00    3.03    0.00    0.00    0.00   29.29
19:56:11      20   60.78    0.00    6.86    0.00    0.00    1.96    0.00    0.00    0.00   30.39
19:56:11      21   64.76    0.00    5.71    0.00    0.00    0.95    0.00    0.00    0.00   28.57
19:56:11      22   57.89    0.00    5.26    0.00    0.00    1.05    0.00    0.00    0.00   35.79
19:56:11      23   54.64    0.00    9.28    0.00    0.00    1.03    0.00    0.00    0.00   35.05
19:56:11      24   82.18    0.00   10.89    0.00    0.00    4.95    0.00    0.00    0.00    1.98
19:56:11      25   83.00    0.00   12.00    0.00    0.00    4.00    0.00    0.00    0.00    1.00
19:56:11      26   84.16    0.00   10.89    0.00    0.00    3.96    0.00    0.00    0.00    0.99
19:56:11      27   83.84    0.00   11.11    0.00    0.00    4.04    0.00    0.00    0.00    1.01
19:56:11      28   83.17    0.00   11.88    0.00    0.00    2.97    0.00    0.00    0.00    1.98
19:56:11      29   83.00    0.00   10.00    0.00    0.00    6.00    0.00    0.00    0.00    1.00
19:56:11      30   86.00    0.00   10.00    0.00    0.00    3.00    0.00    0.00    0.00    1.00
19:56:11      31   82.83    0.00   12.12    0.00    0.00    3.03    0.00    0.00    0.00    2.02

19:56:11     CPU    %usr   %nice    %sys %iowait    %irq   %soft  %steal  %guest  %gnice   %idle
19:56:12     all   59.82    0.00    7.36    0.00    0.00    2.03    0.00    0.00    0.00   30.78
19:56:12       0   56.25    0.00    9.38    0.00    0.00    2.08    0.00    0.00    0.00   32.29
19:56:12       1   58.00    0.00    5.00    0.00    0.00    4.00    0.00    0.00    0.00   33.00
19:56:12       2   60.61    0.00    5.05    0.00    0.00    2.02    0.00    0.00    0.00   32.32
19:56:12       3   56.70    0.00    7.22    0.00    0.00    2.06    0.00    0.00    0.00   34.02
19:56:12       4   52.53    0.00   10.10    0.00    0.00    3.03    0.00    0.00    0.00   34.34
19:56:12       5   55.10    0.00    8.16    0.00    0.00    1.02    0.00    0.00    0.00   35.71
19:56:12       6   65.35    0.00    3.96    0.00    0.00    0.99    0.00    0.00    0.00   29.70
19:56:12       7   59.79    0.00    6.19    0.00    0.00    3.09    0.00    0.00    0.00   30.93
19:56:12       8   33.67    0.00    1.02    0.00    0.00    0.00    0.00    0.00    0.00   65.31
19:56:12       9   31.25    0.00    2.08    0.00    0.00    0.00    0.00    0.00    0.00   66.67
19:56:12      10   37.50    0.00    4.17    0.00    0.00    1.04    0.00    0.00    0.00   57.29
19:56:12      11   40.00    0.00    3.16    0.00    0.00    2.11    0.00    0.00    0.00   54.74
19:56:12      12   44.44    0.00    3.03    0.00    0.00    0.00    0.00    0.00    0.00   52.53
19:56:12      13   42.55    0.00    5.32    0.00    0.00    1.06    0.00    0.00    0.00   51.06
19:56:12      14   41.05    0.00    3.16    0.00    0.00    1.05    0.00    0.00    0.00   54.74
19:56:12      15   37.50    0.00    3.12    0.00    0.00    2.08    0.00    0.00    0.00   57.29
19:56:12      16   60.61    0.00    6.06    0.00    0.00    1.01    0.00    0.00    0.00   32.32
19:56:12      17   59.00    0.00    6.00    0.00    0.00    3.00    0.00    0.00    0.00   32.00
19:56:12      18   57.89    0.00    7.37    0.00    0.00    0.00    0.00    0.00    0.00   34.74
19:56:12      19   59.41    0.00    7.92    0.00    0.00    0.99    0.00    0.00    0.00   31.68
19:56:12      20   55.88    0.00    8.82    0.00    0.00    0.98    0.00    0.00    0.00   34.31
19:56:12      21   55.67    0.00    7.22    0.00    0.00    1.03    0.00    0.00    0.00   36.08
19:56:12      22   60.61    0.00    7.07    0.00    0.00    2.02    0.00    0.00    0.00   30.30
19:56:12      23   61.62    0.00    6.06    0.00    0.00    2.02    0.00    0.00    0.00   30.30
19:56:12      24   81.82    0.00   13.13    0.00    0.00    4.04    0.00    0.00    0.00    1.01
19:56:12      25   83.17    0.00   10.89    0.00    0.00    3.96    0.00    0.00    0.00    1.98
19:56:12      26   79.00    0.00   16.00    0.00    0.00    3.00    0.00    0.00    0.00    2.00
19:56:12      27   85.15    0.00   11.88    0.00    0.00    1.98    0.00    0.00    0.00    0.99
19:56:12      28   86.00    0.00   10.00    0.00    0.00    3.00    0.00    0.00    0.00    1.00
19:56:12      29   81.00    0.00   15.00    0.00    0.00    2.00    0.00    0.00    0.00    2.00
19:56:12      30   85.15    0.00    7.92    0.00    0.00    5.94    0.00    0.00    0.00    0.99
19:56:12      31   82.18    0.00   12.87    0.00    0.00    3.96    0.00    0.00    0.00    0.99

19:56:12     CPU    %usr   %nice    %sys %iowait    %irq   %soft  %steal  %guest  %gnice   %idle
19:56:13     all   60.39    0.00    6.94    0.00    0.00    1.90    0.00    0.00    0.00   30.77
19:56:13       0   57.14    0.00    4.40    0.00    0.00    1.10    0.00    0.00    0.00   37.36
19:56:13       1   57.43    0.00    8.91    0.00    0.00    0.99    0.00    0.00    0.00   32.67
19:56:13       2   54.64    0.00    7.22    0.00    0.00    3.09    0.00    0.00    0.00   35.05
19:56:13       3   58.00    0.00    6.00    0.00    0.00    1.00    0.00    0.00    0.00   35.00
19:56:13       4   56.57    0.00    9.09    0.00    0.00    2.02    0.00    0.00    0.00   32.32
19:56:13       5   60.20    0.00    6.12    0.00    0.00    2.04    0.00    0.00    0.00   31.63
19:56:13       6   59.00    0.00    8.00    0.00    0.00    0.00    0.00    0.00    0.00   33.00
19:56:13       7   59.41    0.00    6.93    0.00    0.00    0.99    0.00    0.00    0.00   32.67
19:56:13       8   35.42    0.00    5.21    0.00    0.00    0.00    0.00    0.00    0.00   59.38
19:56:13       9   37.00    0.00    3.00    0.00    0.00    3.00    0.00    0.00    0.00   57.00
19:56:13      10   45.92    0.00    3.06    0.00    0.00    0.00    0.00    0.00    0.00   51.02
19:56:13      11   44.44    0.00    4.04    0.00    0.00    2.02    0.00    0.00    0.00   49.49
19:56:13      12   39.81    0.00    1.94    0.00    0.00    1.94    0.00    0.00    0.00   56.31
19:56:13      13   35.42    0.00    3.12    0.00    0.00    1.04    0.00    0.00    0.00   60.42
19:56:13      14   39.58    0.00    2.08    0.00    0.00    1.04    0.00    0.00    0.00   57.29
19:56:13      15   39.80    0.00    3.06    0.00    0.00    0.00    0.00    0.00    0.00   57.14
19:56:13      16   56.12    0.00    8.16    0.00    0.00    2.04    0.00    0.00    0.00   33.67
19:56:13      17   58.76    0.00    5.15    0.00    0.00    1.03    0.00    0.00    0.00   35.05
19:56:13      18   55.67    0.00    6.19    0.00    0.00    3.09    0.00    0.00    0.00   35.05
19:56:13      19   52.69    0.00   10.75    0.00    0.00    0.00    0.00    0.00    0.00   36.56
19:56:13      20   64.08    0.00    4.85    0.00    0.00    1.94    0.00    0.00    0.00   29.13
19:56:13      21   63.00    0.00    6.00    0.00    0.00    1.00    0.00    0.00    0.00   30.00
19:56:13      22   60.87    0.00    3.26    0.00    0.00    2.17    0.00    0.00    0.00   33.70
19:56:13      23   61.39    0.00    6.93    0.00    0.00    0.00    0.00    0.00    0.00   31.68
19:56:13      24   84.16    0.00   10.89    0.00    0.00    3.96    0.00    0.00    0.00    0.99
19:56:13      25   85.00    0.00   12.00    0.00    0.00    2.00    0.00    0.00    0.00    1.00
19:56:13      26   85.00    0.00    8.00    0.00    0.00    6.00    0.00    0.00    0.00    1.00
19:56:13      27   85.00    0.00   11.00    0.00    0.00    3.00    0.00    0.00    0.00    1.00
19:56:13      28   89.00    0.00    8.00    0.00    0.00    2.00    0.00    0.00    0.00    1.00
19:56:13      29   85.00    0.00   11.00    0.00    0.00    3.00    0.00    0.00    0.00    1.00
19:56:13      30   80.20    0.00   13.86    0.00    0.00    4.95    0.00    0.00    0.00    0.99
19:56:13      31   82.00    0.00   13.00    0.00    0.00    4.00    0.00    0.00    0.00    1.00

19:56:13     CPU    %usr   %nice    %sys %iowait    %irq   %soft  %steal  %guest  %gnice   %idle
19:56:14     all   60.46    0.00    7.10    0.00    0.00    2.06    0.00    0.00    0.00   30.39
19:56:14       0   54.26    0.00    6.38    0.00    0.00    2.13    0.00    0.00    0.00   37.23
19:56:14       1   55.10    0.00    5.10    0.00    0.00    3.06    0.00    0.00    0.00   36.73
19:56:14       2   63.27    0.00    5.10    0.00    0.00    1.02    0.00    0.00    0.00   30.61
19:56:14       3   64.29    0.00    4.08    0.00    0.00    2.04    0.00    0.00    0.00   29.59
19:56:14       4   58.43    0.00    4.49    0.00    0.00    2.25    0.00    0.00    0.00   34.83
19:56:14       5   62.89    0.00    4.12    0.00    0.00    2.06    0.00    0.00    0.00   30.93
19:56:14       6   55.88    0.00    9.80    0.00    0.00    0.98    0.00    0.00    0.00   33.33
19:56:14       7   55.56    0.00    7.07    0.00    0.00    4.04    0.00    0.00    0.00   33.33
19:56:14       8   36.73    0.00    5.10    0.00    0.00    2.04    0.00    0.00    0.00   56.12
19:56:14       9   34.04    0.00    5.32    0.00    0.00    1.06    0.00    0.00    0.00   59.57
19:56:14      10   44.44    0.00    4.04    0.00    0.00    0.00    0.00    0.00    0.00   51.52
19:56:14      11   43.62    0.00    3.19    0.00    0.00    1.06    0.00    0.00    0.00   52.13
19:56:14      12   41.18    0.00    1.96    0.00    0.00    0.98    0.00    0.00    0.00   55.88
19:56:14      13   40.00    0.00    4.00    0.00    0.00    1.00    0.00    0.00    0.00   55.00
19:56:14      14   40.40    0.00    3.03    0.00    0.00    0.00    0.00    0.00    0.00   56.57
19:56:14      15   35.05    0.00    5.15    0.00    0.00    2.06    0.00    0.00    0.00   57.73
19:56:14      16   51.58    0.00    9.47    0.00    0.00    1.05    0.00    0.00    0.00   37.89
19:56:14      17   56.73    0.00    7.69    0.00    0.00    0.96    0.00    0.00    0.00   34.62
19:56:14      18   60.40    0.00    7.92    0.00    0.00    2.97    0.00    0.00    0.00   28.71
19:56:14      19   62.38    0.00    6.93    0.00    0.00    0.99    0.00    0.00    0.00   29.70
19:56:14      20   62.00    0.00    6.00    0.00    0.00    1.00    0.00    0.00    0.00   31.00
19:56:14      21   63.37    0.00    5.94    0.00    0.00    0.99    0.00    0.00    0.00   29.70
19:56:14      22   53.06    0.00    8.16    0.00    0.00    2.04    0.00    0.00    0.00   36.73
19:56:14      23   58.00    0.00    4.00    0.00    0.00    3.00    0.00    0.00    0.00   35.00
19:56:14      24   87.88    0.00   10.10    0.00    0.00    2.02    0.00    0.00    0.00    0.00
19:56:14      25   87.00    0.00   10.00    0.00    0.00    3.00    0.00    0.00    0.00    0.00
19:56:14      26   86.00    0.00   11.00    0.00    0.00    3.00    0.00    0.00    0.00    0.00
19:56:14      27   85.00    0.00   11.00    0.00    0.00    3.00    0.00    0.00    0.00    1.00
19:56:14      28   84.00    0.00   11.00    0.00    0.00    5.00    0.00    0.00    0.00    0.00
19:56:14      29   83.00    0.00   12.00    0.00    0.00    5.00    0.00    0.00    0.00    0.00
19:56:14      30   81.82    0.00   13.13    0.00    0.00    4.04    0.00    0.00    0.00    1.01
19:56:14      31   83.00    0.00   14.00    0.00    0.00    2.00    0.00    0.00    0.00    1.00

19:56:14     CPU    %usr   %nice    %sys %iowait    %irq   %soft  %steal  %guest  %gnice   %idle
19:56:15     all   61.20    0.00    6.35    0.00    0.00    1.83    0.00    0.00    0.00   30.62
19:56:15       0   54.55    0.00    7.07    0.00    0.00    2.02    0.00    0.00    0.00   36.36
19:56:15       1   56.70    0.00    6.19    0.00    0.00    1.03    0.00    0.00    0.00   36.08
19:56:15       2   61.00    0.00    8.00    0.00    0.00    1.00    0.00    0.00    0.00   30.00
19:56:15       3   59.41    0.00    6.93    0.00    0.00    0.99    0.00    0.00    0.00   32.67
19:56:15       4   62.63    0.00    5.05    0.00    0.00    2.02    0.00    0.00    0.00   30.30
19:56:15       5   59.79    0.00    7.22    0.00    0.00    2.06    0.00    0.00    0.00   30.93
19:56:15       6   55.79    0.00    7.37    0.00    0.00    2.11    0.00    0.00    0.00   34.74
19:56:15       7   59.79    0.00    8.25    0.00    0.00    0.00    0.00    0.00    0.00   31.96
19:56:15       8   31.25    0.00    2.08    0.00    0.00    1.04    0.00    0.00    0.00   65.62
19:56:15       9   34.00    0.00    4.00    0.00    0.00    1.00    0.00    0.00    0.00   61.00
19:56:15      10   39.58    0.00    4.17    0.00    0.00    1.04    0.00    0.00    0.00   55.21
19:56:15      11   45.45    0.00    2.02    0.00    0.00    1.01    0.00    0.00    0.00   51.52
19:56:15      12   41.84    0.00    5.10    0.00    0.00    0.00    0.00    0.00    0.00   53.06
19:56:15      13   42.11    0.00    2.11    0.00    0.00    1.05    0.00    0.00    0.00   54.74
19:56:15      14   38.78    0.00    5.10    0.00    0.00    1.02    0.00    0.00    0.00   55.10
19:56:15      15   37.89    0.00    3.16    0.00    0.00    1.05    0.00    0.00    0.00   57.89
19:56:15      16   59.18    0.00    4.08    0.00    0.00    1.02    0.00    0.00    0.00   35.71
19:56:15      17   57.29    0.00    5.21    0.00    0.00    1.04    0.00    0.00    0.00   36.46
19:56:15      18   61.76    0.00    5.88    0.00    0.00    0.98    0.00    0.00    0.00   31.37
19:56:15      19   59.62    0.00    7.69    0.00    0.00    1.92    0.00    0.00    0.00   30.77
19:56:15      20   65.05    0.00    4.85    0.00    0.00    0.97    0.00    0.00    0.00   29.13
19:56:15      21   60.40    0.00    6.93    0.00    0.00    1.98    0.00    0.00    0.00   30.69
19:56:15      22   59.00    0.00    6.00    0.00    0.00    2.00    0.00    0.00    0.00   33.00
19:56:15      23   58.59    0.00    4.04    0.00    0.00    3.03    0.00    0.00    0.00   34.34
19:56:15      24   86.14    0.00    9.90    0.00    0.00    2.97    0.00    0.00    0.00    0.99
19:56:15      25   83.84    0.00   10.10    0.00    0.00    4.04    0.00    0.00    0.00    2.02
19:56:15      26   90.91    0.00    6.06    0.00    0.00    2.02    0.00    0.00    0.00    1.01
19:56:15      27   87.13    0.00    9.90    0.00    0.00    1.98    0.00    0.00    0.00    0.99
19:56:15      28   85.00    0.00   10.00    0.00    0.00    4.00    0.00    0.00    0.00    1.00
19:56:15      29   81.00    0.00   14.00    0.00    0.00    4.00    0.00    0.00    0.00    1.00
19:56:15      30   87.00    0.00    8.00    0.00    0.00    4.00    0.00    0.00    0.00    1.00
19:56:15      31   90.00    0.00    6.00    0.00    0.00    4.00    0.00    0.00    0.00    0.00

19:56:15     CPU    %usr   %nice    %sys %iowait    %irq   %soft  %steal  %guest  %gnice   %idle
19:56:16     all   60.17    0.00    7.40    0.00    0.00    1.80    0.00    0.00    0.00   30.62
19:56:16       0   60.78    0.00    5.88    0.00    0.00    1.96    0.00    0.00    0.00   31.37
19:56:16       1   56.57    0.00    9.09    0.00    0.00    2.02    0.00    0.00    0.00   32.32
19:56:16       2   59.79    0.00    7.22    0.00    0.00    1.03    0.00    0.00    0.00   31.96
19:56:16       3   63.73    0.00    4.90    0.00    0.00    0.98    0.00    0.00    0.00   30.39
19:56:16       4   60.61    0.00    7.07    0.00    0.00    1.01    0.00    0.00    0.00   31.31
19:56:16       5   59.14    0.00    7.53    0.00    0.00    0.00    0.00    0.00    0.00   33.33
19:56:16       6   58.16    0.00    8.16    0.00    0.00    1.02    0.00    0.00    0.00   32.65
19:56:16       7   56.57    0.00    8.08    0.00    0.00    2.02    0.00    0.00    0.00   33.33
19:56:16       8   39.39    0.00    2.02    0.00    0.00    1.01    0.00    0.00    0.00   57.58
19:56:16       9   35.42    0.00    4.17    0.00    0.00    0.00    0.00    0.00    0.00   60.42
19:56:16      10   37.37    0.00    4.04    0.00    0.00    0.00    0.00    0.00    0.00   58.59
19:56:16      11   32.99    0.00    3.09    0.00    0.00    2.06    0.00    0.00    0.00   61.86
19:56:16      12   45.63    0.00    4.85    0.00    0.00    0.97    0.00    0.00    0.00   48.54
19:56:16      13   43.88    0.00    4.08    0.00    0.00    0.00    0.00    0.00    0.00   52.04
19:56:16      14   35.42    0.00    3.12    0.00    0.00    2.08    0.00    0.00    0.00   59.38
19:56:16      15   37.37    0.00    3.03    0.00    0.00    0.00    0.00    0.00    0.00   59.60
19:56:16      16   58.59    0.00    7.07    0.00    0.00    1.01    0.00    0.00    0.00   33.33
19:56:16      17   59.00    0.00    9.00    0.00    0.00    1.00    0.00    0.00    0.00   31.00
19:56:16      18   58.59    0.00    8.08    0.00    0.00    2.02    0.00    0.00    0.00   31.31
19:56:16      19   62.63    0.00    5.05    0.00    0.00    2.02    0.00    0.00    0.00   30.30
19:56:16      20   57.14    0.00    9.18    0.00    0.00    2.04    0.00    0.00    0.00   31.63
19:56:16      21   60.20    0.00    6.12    0.00    0.00    1.02    0.00    0.00    0.00   32.65
19:56:16      22   56.70    0.00    7.22    0.00    0.00    2.06    0.00    0.00    0.00   34.02
19:56:16      23   59.60    0.00    6.06    0.00    0.00    1.01    0.00    0.00    0.00   33.33
19:56:16      24   81.82    0.00   13.13    0.00    0.00    4.04    0.00    0.00    0.00    1.01
19:56:16      25   81.82    0.00   14.14    0.00    0.00    3.03    0.00    0.00    0.00    1.01
19:56:16      26   84.00    0.00   11.00    0.00    0.00    3.00    0.00    0.00    0.00    2.00
19:56:16      27   84.00    0.00   11.00    0.00    0.00    3.00    0.00    0.00    0.00    2.00
19:56:16      28   85.00    0.00   10.00    0.00    0.00    4.00    0.00    0.00    0.00    1.00
19:56:16      29   82.65    0.00   12.24    0.00    0.00    4.08    0.00    0.00    0.00    1.02
19:56:16      30   84.00    0.00   11.00    0.00    0.00    4.00    0.00    0.00    0.00    1.00
19:56:16      31   84.00    0.00   10.00    0.00    0.00    4.00    0.00    0.00    0.00    2.00

19:56:16     CPU    %usr   %nice    %sys %iowait    %irq   %soft  %steal  %guest  %gnice   %idle
19:56:17     all   60.55    0.00    6.95    0.00    0.00    1.72    0.00    0.00    0.00   30.78
19:56:17       0   61.05    0.00    4.21    0.00    0.00    2.11    0.00    0.00    0.00   32.63
19:56:17       1   57.89    0.00    6.32    0.00    0.00    3.16    0.00    0.00    0.00   32.63
19:56:17       2   61.68    0.00    6.54    0.00    0.00    0.93    0.00    0.00    0.00   30.84
19:56:17       3   60.78    0.00    5.88    0.00    0.00    1.96    0.00    0.00    0.00   31.37
19:56:17       4   57.14    0.00    6.12    0.00    0.00    2.04    0.00    0.00    0.00   34.69
19:56:17       5   56.86    0.00    8.82    0.00    0.00    0.98    0.00    0.00    0.00   33.33
19:56:17       6   59.41    0.00    5.94    0.00    0.00    0.99    0.00    0.00    0.00   33.66
19:56:17       7   60.58    0.00    5.77    0.00    0.00    0.00    0.00    0.00    0.00   33.65
19:56:17       8   33.66    0.00    2.97    0.00    0.00    0.99    0.00    0.00    0.00   62.38
19:56:17       9   34.02    0.00    3.09    0.00    0.00    0.00    0.00    0.00    0.00   62.89
19:56:17      10   39.39    0.00    4.04    0.00    0.00    2.02    0.00    0.00    0.00   54.55
19:56:17      11   40.43    0.00    2.13    0.00    0.00    0.00    0.00    0.00    0.00   57.45
19:56:17      12   45.36    0.00    2.06    0.00    0.00    0.00    0.00    0.00    0.00   52.58
19:56:17      13   43.14    0.00    2.94    0.00    0.00    1.96    0.00    0.00    0.00   51.96
19:56:17      14   36.84    0.00    4.21    0.00    0.00    1.05    0.00    0.00    0.00   57.89
19:56:17      15   44.33    0.00    2.06    0.00    0.00    0.00    0.00    0.00    0.00   53.61
19:56:17      16   62.63    0.00    4.04    0.00    0.00    2.02    0.00    0.00    0.00   31.31
19:56:17      17   60.00    0.00    6.00    0.00    0.00    2.00    0.00    0.00    0.00   32.00
19:56:17      18   59.18    0.00    7.14    0.00    0.00    1.02    0.00    0.00    0.00   32.65
19:56:17      19   61.39    0.00    5.94    0.00    0.00    0.00    0.00    0.00    0.00   32.67
19:56:17      20   57.58    0.00    7.07    0.00    0.00    1.01    0.00    0.00    0.00   34.34
19:56:17      21   60.00    0.00    7.00    0.00    0.00    0.00    0.00    0.00    0.00   33.00
19:56:17      22   56.19    0.00    7.62    0.00    0.00    3.81    0.00    0.00    0.00   32.38
19:56:17      23   61.32    0.00    4.72    0.00    0.00    0.94    0.00    0.00    0.00   33.02
19:56:17      24   83.84    0.00   11.11    0.00    0.00    3.03    0.00    0.00    0.00    2.02
19:56:17      25   86.00    0.00    9.00    0.00    0.00    3.00    0.00    0.00    0.00    2.00
19:56:17      26   83.17    0.00   11.88    0.00    0.00    3.96    0.00    0.00    0.00    0.99
19:56:17      27   78.79    0.00   16.16    0.00    0.00    4.04    0.00    0.00    0.00    1.01
19:56:17      28   82.00    0.00   14.00    0.00    0.00    2.00    0.00    0.00    0.00    2.00
19:56:17      29   84.16    0.00    9.90    0.00    0.00    3.96    0.00    0.00    0.00    1.98
19:56:17      30   79.00    0.00   16.00    0.00    0.00    4.00    0.00    0.00    0.00    1.00
19:56:17      31   86.00    0.00   11.00    0.00    0.00    2.00    0.00    0.00    0.00    1.00

19:56:17     CPU    %usr   %nice    %sys %iowait    %irq   %soft  %steal  %guest  %gnice   %idle
19:56:18     all   60.63    0.00    7.48    0.00    0.00    1.68    0.00    0.00    0.00   30.21
19:56:18       0   60.42    0.00    5.21    0.00    0.00    2.08    0.00    0.00    0.00   32.29
19:56:18       1   60.58    0.00    7.69    0.00    0.00    1.92    0.00    0.00    0.00   29.81
19:56:18       2   59.60    0.00    7.07    0.00    0.00    2.02    0.00    0.00    0.00   31.31
19:56:18       3   58.16    0.00    8.16    0.00    0.00    1.02    0.00    0.00    0.00   32.65
19:56:18       4   59.18    0.00    5.10    0.00    0.00    3.06    0.00    0.00    0.00   32.65
19:56:18       5   62.00    0.00    5.00    0.00    0.00    2.00    0.00    0.00    0.00   31.00
19:56:18       6   59.18    0.00    4.08    0.00    0.00    1.02    0.00    0.00    0.00   35.71
19:56:18       7   56.04    0.00    6.59    0.00    0.00    0.00    0.00    0.00    0.00   37.36
19:56:18       8   36.27    0.00    4.90    0.00    0.00    0.00    0.00    0.00    0.00   58.82
19:56:18       9   35.29    0.00    3.92    0.00    0.00    1.96    0.00    0.00    0.00   58.82
19:56:18      10   36.67    0.00    3.33    0.00    0.00    1.11    0.00    0.00    0.00   58.89
19:56:18      11   41.84    0.00    4.08    0.00    0.00    1.02    0.00    0.00    0.00   53.06
19:56:18      12   39.39    0.00    2.02    0.00    0.00    0.00    0.00    0.00    0.00   58.59
19:56:18      13   40.00    0.00    3.00    0.00    0.00    1.00    0.00    0.00    0.00   56.00
19:56:18      14   46.53    0.00    3.96    0.00    0.00    0.99    0.00    0.00    0.00   48.51
19:56:18      15   41.41    0.00    4.04    0.00    0.00    2.02    0.00    0.00    0.00   52.53
19:56:18      16   61.76    0.00    5.88    0.00    0.00    1.96    0.00    0.00    0.00   30.39
19:56:18      17   64.71    0.00    5.88    0.00    0.00    0.98    0.00    0.00    0.00   28.43
19:56:18      18   59.79    0.00    8.25    0.00    0.00    0.00    0.00    0.00    0.00   31.96
19:56:18      19   60.64    0.00    7.45    0.00    0.00    1.06    0.00    0.00    0.00   30.85
19:56:18      20   60.82    0.00    5.15    0.00    0.00    1.03    0.00    0.00    0.00   32.99
19:56:18      21   60.42    0.00    6.25    0.00    0.00    0.00    0.00    0.00    0.00   33.33
19:56:18      22   58.33    0.00    5.21    0.00    0.00    1.04    0.00    0.00    0.00   35.42
19:56:18      23   55.45    0.00    9.90    0.00    0.00    0.99    0.00    0.00    0.00   33.66
19:56:18      24   82.18    0.00   13.86    0.00    0.00    3.96    0.00    0.00    0.00    0.00
19:56:18      25   78.79    0.00   16.16    0.00    0.00    4.04    0.00    0.00    0.00    1.01
19:56:18      26   81.63    0.00   13.27    0.00    0.00    5.10    0.00    0.00    0.00    0.00
19:56:18      27   86.00    0.00   11.00    0.00    0.00    2.00    0.00    0.00    0.00    1.00
19:56:18      28   87.88    0.00    8.08    0.00    0.00    4.04    0.00    0.00    0.00    0.00
19:56:18      29   82.00    0.00   16.00    0.00    0.00    2.00    0.00    0.00    0.00    0.00
19:56:18      30   82.83    0.00   14.14    0.00    0.00    2.02    0.00    0.00    0.00    1.01
19:56:18      31   82.83    0.00   14.14    0.00    0.00    2.02    0.00    0.00    0.00    1.01

19:56:18     CPU    %usr   %nice    %sys %iowait    %irq   %soft  %steal  %guest  %gnice   %idle
19:56:19     all   60.30    0.00    7.17    0.00    0.00    2.24    0.00    0.00    0.00   30.29
19:56:19       0   59.05    0.00    7.62    0.00    0.00    2.86    0.00    0.00    0.00   30.48
19:56:19       1   59.60    0.00    7.07    0.00    0.00    1.01    0.00    0.00    0.00   32.32
19:56:19       2   60.82    0.00    4.12    0.00    0.00    3.09    0.00    0.00    0.00   31.96
19:56:19       3   60.58    0.00    8.65    0.00    0.00    0.96    0.00    0.00    0.00   29.81
19:56:19       4   59.41    0.00    7.92    0.00    0.00    1.98    0.00    0.00    0.00   30.69
19:56:19       5   60.82    0.00    6.19    0.00    0.00    1.03    0.00    0.00    0.00   31.96
19:56:19       6   58.82    0.00    4.90    0.00    0.00    1.96    0.00    0.00    0.00   34.31
19:56:19       7   51.58    0.00   10.53    0.00    0.00    1.05    0.00    0.00    0.00   36.84
19:56:19       8   32.98    0.00    3.19    0.00    0.00    1.06    0.00    0.00    0.00   62.77
19:56:19       9   39.00    0.00    5.00    0.00    0.00    0.00    0.00    0.00    0.00   56.00
19:56:19      10   38.54    0.00    3.12    0.00    0.00    1.04    0.00    0.00    0.00   57.29
19:56:19      11   37.89    0.00    3.16    0.00    0.00    1.05    0.00    0.00    0.00   57.89
19:56:19      12   39.18    0.00    3.09    0.00    0.00    2.06    0.00    0.00    0.00   55.67
19:56:19      13   39.36    0.00    3.19    0.00    0.00    0.00    0.00    0.00    0.00   57.45
19:56:19      14   42.86    0.00    4.08    0.00    0.00    1.02    0.00    0.00    0.00   52.04
19:56:19      15   41.24    0.00    4.12    0.00    0.00    1.03    0.00    0.00    0.00   53.61
19:56:19      16   61.00    0.00    6.00    0.00    0.00    2.00    0.00    0.00    0.00   31.00
19:56:19      17   59.00    0.00    7.00    0.00    0.00    2.00    0.00    0.00    0.00   32.00
19:56:19      18   60.61    0.00    6.06    0.00    0.00    2.02    0.00    0.00    0.00   31.31
19:56:19      19   61.00    0.00    7.00    0.00    0.00    2.00    0.00    0.00    0.00   30.00
19:56:19      20   61.00    0.00    7.00    0.00    0.00    2.00    0.00    0.00    0.00   30.00
19:56:19      21   61.22    0.00    6.12    0.00    0.00    2.04    0.00    0.00    0.00   30.61
19:56:19      22   57.73    0.00    6.19    0.00    0.00    1.03    0.00    0.00    0.00   35.05
19:56:19      23   53.12    0.00    8.33    0.00    0.00    2.08    0.00    0.00    0.00   36.46
19:56:19      24   82.18    0.00   10.89    0.00    0.00    4.95    0.00    0.00    0.00    1.98
19:56:19      25   83.00    0.00   11.00    0.00    0.00    5.00    0.00    0.00    0.00    1.00
19:56:19      26   85.15    0.00    8.91    0.00    0.00    3.96    0.00    0.00    0.00    1.98
19:56:19      27   83.17    0.00   11.88    0.00    0.00    3.96    0.00    0.00    0.00    0.99
19:56:19      28   82.18    0.00   11.88    0.00    0.00    4.95    0.00    0.00    0.00    0.99
19:56:19      29   82.83    0.00   11.11    0.00    0.00    4.04    0.00    0.00    0.00    2.02
19:56:19      30   82.18    0.00   12.87    0.00    0.00    3.96    0.00    0.00    0.00    0.99
19:56:19      31   84.16    0.00    9.90    0.00    0.00    3.96    0.00    0.00    0.00    1.98

19:56:19     CPU    %usr   %nice    %sys %iowait    %irq   %soft  %steal  %guest  %gnice   %idle
19:56:20     all   60.54    0.00    6.86    0.00    0.00    2.02    0.00    0.00    0.00   30.57
19:56:20       0   55.67    0.00    4.12    0.00    0.00    3.09    0.00    0.00    0.00   37.11
19:56:20       1   52.75    0.00    6.59    0.00    0.00    2.20    0.00    0.00    0.00   38.46
19:56:20       2   59.79    0.00    8.25    0.00    0.00    1.03    0.00    0.00    0.00   30.93
19:56:20       3   60.20    0.00    7.14    0.00    0.00    1.02    0.00    0.00    0.00   31.63
19:56:20       4   59.79    0.00    7.22    0.00    0.00    1.03    0.00    0.00    0.00   31.96
19:56:20       5   57.69    0.00    9.62    0.00    0.00    3.85    0.00    0.00    0.00   28.85
19:56:20       6   58.42    0.00    7.92    0.00    0.00    0.99    0.00    0.00    0.00   32.67
19:56:20       7   56.25    0.00    5.21    0.00    0.00    3.12    0.00    0.00    0.00   35.42
19:56:20       8   42.72    0.00    1.94    0.00    0.00    0.00    0.00    0.00    0.00   55.34
19:56:20       9   36.08    0.00    4.12    0.00    0.00    1.03    0.00    0.00    0.00   58.76
19:56:20      10   44.04    0.00    2.75    0.00    0.00    0.92    0.00    0.00    0.00   52.29
19:56:20      11   34.41    0.00    4.30    0.00    0.00    0.00    0.00    0.00    0.00   61.29
19:56:20      12   45.54    0.00    2.97    0.00    0.00    1.98    0.00    0.00    0.00   49.50
19:56:20      13   43.01    0.00    2.15    0.00    0.00    1.08    0.00    0.00    0.00   53.76
19:56:20      14   44.55    0.00    2.97    0.00    0.00    1.98    0.00    0.00    0.00   50.50
19:56:20      15   39.18    0.00    4.12    0.00    0.00    2.06    0.00    0.00    0.00   54.64
19:56:20      16   55.32    0.00    5.32    0.00    0.00    1.06    0.00    0.00    0.00   38.30
19:56:20      17   55.10    0.00    7.14    0.00    0.00    0.00    0.00    0.00    0.00   37.76
19:56:20      18   61.17    0.00    6.80    0.00    0.00    1.94    0.00    0.00    0.00   30.10
19:56:20      19   61.00    0.00    7.00    0.00    0.00    1.00    0.00    0.00    0.00   31.00
19:56:20      20   60.82    0.00    5.15    0.00    0.00    1.03    0.00    0.00    0.00   32.99
19:56:20      21   60.40    0.00    6.93    0.00    0.00    0.99    0.00    0.00    0.00   31.68
19:56:20      22   60.00    0.00    5.00    0.00    0.00    1.00    0.00    0.00    0.00   34.00
19:56:20      23   56.12    0.00    6.12    0.00    0.00    2.04    0.00    0.00    0.00   35.71
19:56:20      24   80.81    0.00   15.15    0.00    0.00    3.03    0.00    0.00    0.00    1.01
19:56:20      25   79.80    0.00   14.14    0.00    0.00    5.05    0.00    0.00    0.00    1.01
19:56:20      26   85.00    0.00   10.00    0.00    0.00    5.00    0.00    0.00    0.00    0.00
19:56:20      27   85.00    0.00   11.00    0.00    0.00    3.00    0.00    0.00    0.00    1.00
19:56:20      28   87.13    0.00    7.92    0.00    0.00    3.96    0.00    0.00    0.00    0.99
19:56:20      29   85.00    0.00   11.00    0.00    0.00    3.00    0.00    0.00    0.00    1.00
19:56:20      30   85.86    0.00    9.09    0.00    0.00    4.04    0.00    0.00    0.00    1.01
19:56:20      31   85.86    0.00   10.10    0.00    0.00    3.03    0.00    0.00    0.00    1.01

19:56:20     CPU    %usr   %nice    %sys %iowait    %irq   %soft  %steal  %guest  %gnice   %idle
19:56:21     all   60.81    0.00    6.76    0.00    0.00    1.75    0.00    0.00    0.00   30.68
19:56:21       0   57.73    0.00    7.22    0.00    0.00    1.03    0.00    0.00    0.00   34.02
19:56:21       1   60.19    0.00    6.80    0.00    0.00    0.97    0.00    0.00    0.00   32.04
19:56:21       2   61.22    0.00    7.14    0.00    0.00    2.04    0.00    0.00    0.00   29.59
19:56:21       3   58.42    0.00    7.92    0.00    0.00    1.98    0.00    0.00    0.00   31.68
19:56:21       4   59.78    0.00    4.35    0.00    0.00    2.17    0.00    0.00    0.00   33.70
19:56:21       5   59.57    0.00    7.45    0.00    0.00    0.00    0.00    0.00    0.00   32.98
19:56:21       6   59.18    0.00    4.08    0.00    0.00    2.04    0.00    0.00    0.00   34.69
19:56:21       7   56.25    0.00    7.29    0.00    0.00    2.08    0.00    0.00    0.00   34.38
19:56:21       8   32.35    0.00    1.96    0.00    0.00    0.98    0.00    0.00    0.00   64.71
19:56:21       9   30.93    0.00    1.03    0.00    0.00    0.00    0.00    0.00    0.00   68.04
19:56:21      10   39.62    0.00    2.83    0.00    0.00    0.94    0.00    0.00    0.00   56.60
19:56:21      11   30.61    0.00    4.08    0.00    0.00    1.02    0.00    0.00    0.00   64.29
19:56:21      12   49.50    0.00    2.97    0.00    0.00    0.00    0.00    0.00    0.00   47.52
19:56:21      13   47.06    0.00    5.88    0.00    0.00    1.96    0.00    0.00    0.00   45.10
19:56:21      14   46.53    0.00    2.97    0.00    0.00    0.99    0.00    0.00    0.00   49.50
19:56:21      15   40.82    0.00    5.10    0.00    0.00    1.02    0.00    0.00    0.00   53.06
19:56:21      16   56.12    0.00    9.18    0.00    0.00    3.06    0.00    0.00    0.00   31.63
19:56:21      17   60.00    0.00    5.26    0.00    0.00    1.05    0.00    0.00    0.00   33.68
19:56:21      18   60.20    0.00    8.16    0.00    0.00    2.04    0.00    0.00    0.00   29.59
19:56:21      19   63.92    0.00    5.15    0.00    0.00    1.03    0.00    0.00    0.00   29.90
19:56:21      20   58.43    0.00    5.62    0.00    0.00    1.12    0.00    0.00    0.00   34.83
19:56:21      21   61.46    0.00    6.25    0.00    0.00    2.08    0.00    0.00    0.00   30.21
19:56:21      22   60.42    0.00    5.21    0.00    0.00    1.04    0.00    0.00    0.00   33.33
19:56:21      23   53.68    0.00    9.47    0.00    0.00    2.11    0.00    0.00    0.00   34.74
19:56:21      24   82.00    0.00   12.00    0.00    0.00    4.00    0.00    0.00    0.00    2.00
19:56:21      25   85.15    0.00   10.89    0.00    0.00    1.98    0.00    0.00    0.00    1.98
19:56:21      26   83.84    0.00   11.11    0.00    0.00    4.04    0.00    0.00    0.00    1.01
19:56:21      27   84.00    0.00   11.00    0.00    0.00    4.00    0.00    0.00    0.00    1.00
19:56:21      28   88.12    0.00    7.92    0.00    0.00    1.98    0.00    0.00    0.00    1.98
19:56:21      29   86.00    0.00   10.00    0.00    0.00    2.00    0.00    0.00    0.00    2.00
19:56:21      30   85.15    0.00   11.88    0.00    0.00    0.99    0.00    0.00    0.00    1.98
19:56:21      31   86.87    0.00    8.08    0.00    0.00    4.04    0.00    0.00    0.00    1.01

19:56:21     CPU    %usr   %nice    %sys %iowait    %irq   %soft  %steal  %guest  %gnice   %idle
19:56:22     all   60.64    0.00    6.92    0.00    0.00    1.72    0.00    0.00    0.00   30.72
19:56:22       0   58.00    0.00    9.00    0.00    0.00    2.00    0.00    0.00    0.00   31.00
19:56:22       1   58.70    0.00    5.43    0.00    0.00    2.17    0.00    0.00    0.00   33.70
19:56:22       2   58.95    0.00    6.32    0.00    0.00    1.05    0.00    0.00    0.00   33.68
19:56:22       3   57.45    0.00    6.38    0.00    0.00    2.13    0.00    0.00    0.00   34.04
19:56:22       4   62.24    0.00    6.12    0.00    0.00    1.02    0.00    0.00    0.00   30.61
19:56:22       5   62.11    0.00    6.32    0.00    0.00    0.00    0.00    0.00    0.00   31.58
19:56:22       6   57.29    0.00    7.29    0.00    0.00    2.08    0.00    0.00    0.00   33.33
19:56:22       7   60.00    0.00    8.00    0.00    0.00    0.00    0.00    0.00    0.00   32.00
19:56:22       8   36.46    0.00    1.04    0.00    0.00    1.04    0.00    0.00    0.00   61.46
19:56:22       9   34.38    0.00    4.17    0.00    0.00    0.00    0.00    0.00    0.00   61.46
19:56:22      10   45.10    0.00    4.90    0.00    0.00    1.96    0.00    0.00    0.00   48.04
19:56:22      11   43.43    0.00    4.04    0.00    0.00    1.01    0.00    0.00    0.00   51.52
19:56:22      12   31.96    0.00    4.12    0.00    0.00    2.06    0.00    0.00    0.00   61.86
19:56:22      13   34.69    0.00    4.08    0.00    0.00    1.02    0.00    0.00    0.00   60.20
19:56:22      14   36.08    0.00    5.15    0.00    0.00    1.03    0.00    0.00    0.00   57.73
19:56:22      15   36.27    0.00    2.94    0.00    0.00    1.96    0.00    0.00    0.00   58.82
19:56:22      16   55.43    0.00   10.87    0.00    0.00    1.09    0.00    0.00    0.00   32.61
19:56:22      17   63.64    0.00    5.05    0.00    0.00    1.01    0.00    0.00    0.00   30.30
19:56:22      18   56.38    0.00    8.51    0.00    0.00    0.00    0.00    0.00    0.00   35.11
19:56:22      19   61.62    0.00    5.05    0.00    0.00    1.01    0.00    0.00    0.00   32.32
19:56:22      20   61.46    0.00    7.29    0.00    0.00    1.04    0.00    0.00    0.00   30.21
19:56:22      21   62.75    0.00    3.92    0.00    0.00    0.98    0.00    0.00    0.00   32.35
19:56:22      22   56.57    0.00    9.09    0.00    0.00    2.02    0.00    0.00    0.00   32.32
19:56:22      23   59.18    0.00    6.12    0.00    0.00    2.04    0.00    0.00    0.00   32.65
19:56:22      24   86.87    0.00   10.10    0.00    0.00    2.02    0.00    0.00    0.00    1.01
19:56:22      25   86.00    0.00    9.00    0.00    0.00    3.00    0.00    0.00    0.00    2.00
19:56:22      26   86.00    0.00    9.00    0.00    0.00    4.00    0.00    0.00    0.00    1.00
19:56:22      27   88.00    0.00    8.00    0.00    0.00    3.00    0.00    0.00    0.00    1.00
19:56:22      28   87.00    0.00    9.00    0.00    0.00    3.00    0.00    0.00    0.00    1.00
19:56:22      29   81.63    0.00   13.27    0.00    0.00    4.08    0.00    0.00    0.00    1.02
19:56:22      30   84.16    0.00   11.88    0.00    0.00    2.97    0.00    0.00    0.00    0.99
19:56:22      31   86.14    0.00    9.90    0.00    0.00    2.97    0.00    0.00    0.00    0.99

19:56:22     CPU    %usr   %nice    %sys %iowait    %irq   %soft  %steal  %guest  %gnice   %idle
19:56:23     all   60.32    0.00    7.38    0.00    0.00    1.85    0.00    0.00    0.00   30.45
19:56:23       0   59.18    0.00    7.14    0.00    0.00    0.00    0.00    0.00    0.00   33.67
19:56:23       1   57.95    0.00    7.95    0.00    0.00    0.00    0.00    0.00    0.00   34.09
19:56:23       2   58.33    0.00    6.25    0.00    0.00    3.12    0.00    0.00    0.00   32.29
19:56:23       3   58.33    0.00    8.33    0.00    0.00    1.04    0.00    0.00    0.00   32.29
19:56:23       4   60.20    0.00    7.14    0.00    0.00    1.02    0.00    0.00    0.00   31.63
19:56:23       5   59.78    0.00    6.52    0.00    0.00    1.09    0.00    0.00    0.00   32.61
19:56:23       6   62.63    0.00    5.05    0.00    0.00    1.01    0.00    0.00    0.00   31.31
19:56:23       7   59.41    0.00    6.93    0.00    0.00    1.98    0.00    0.00    0.00   31.68
19:56:23       8   30.00    0.00    5.00    0.00    0.00    0.00    0.00    0.00    0.00   65.00
19:56:23       9   28.57    0.00    3.06    0.00    0.00    1.02    0.00    0.00    0.00   67.35
19:56:23      10   43.43    0.00    6.06    0.00    0.00    1.01    0.00    0.00    0.00   49.49
19:56:23      11   39.18    0.00    6.19    0.00    0.00    2.06    0.00    0.00    0.00   52.58
19:56:23      12   43.14    0.00    3.92    0.00    0.00    0.00    0.00    0.00    0.00   52.94
19:56:23      13   39.78    0.00    4.30    0.00    0.00    0.00    0.00    0.00    0.00   55.91
19:56:23      14   37.37    0.00    5.05    0.00    0.00    1.01    0.00    0.00    0.00   56.57
19:56:23      15   39.39    0.00    5.05    0.00    0.00    0.00    0.00    0.00    0.00   55.56
19:56:23      16   62.38    0.00    4.95    0.00    0.00    1.98    0.00    0.00    0.00   30.69
19:56:23      17   57.73    0.00    8.25    0.00    0.00    3.09    0.00    0.00    0.00   30.93
19:56:23      18   59.57    0.00    6.38    0.00    0.00    1.06    0.00    0.00    0.00   32.98
19:56:23      19   63.00    0.00    7.00    0.00    0.00    0.00    0.00    0.00    0.00   30.00
19:56:23      20   59.00    0.00    7.00    0.00    0.00    1.00    0.00    0.00    0.00   33.00
19:56:23      21   61.05    0.00    4.21    0.00    0.00    2.11    0.00    0.00    0.00   32.63
19:56:23      22   60.00    0.00    5.00    0.00    0.00    3.00    0.00    0.00    0.00   32.00
19:56:23      23   54.37    0.00   10.68    0.00    0.00    2.91    0.00    0.00    0.00   32.04
19:56:23      24   85.15    0.00   11.88    0.00    0.00    1.98    0.00    0.00    0.00    0.99
19:56:23      25   83.84    0.00   10.10    0.00    0.00    5.05    0.00    0.00    0.00    1.01
19:56:23      26   86.00    0.00   10.00    0.00    0.00    3.00    0.00    0.00    0.00    1.00
19:56:23      27   88.89    0.00    7.07    0.00    0.00    2.02    0.00    0.00    0.00    2.02
19:56:23      28   81.82    0.00   13.13    0.00    0.00    4.04    0.00    0.00    0.00    1.01
19:56:23      29   83.17    0.00   12.87    0.00    0.00    2.97    0.00    0.00    0.00    0.99
19:56:23      30   81.00    0.00   12.00    0.00    0.00    6.00    0.00    0.00    0.00    1.00
19:56:23      31   83.84    0.00   11.11    0.00    0.00    4.04    0.00    0.00    0.00    1.01

19:56:23     CPU    %usr   %nice    %sys %iowait    %irq   %soft  %steal  %guest  %gnice   %idle
19:56:24     all   60.04    0.00    7.15    0.00    0.00    1.96    0.00    0.00    0.00   30.84
19:56:24       0   61.22    0.00    5.10    0.00    0.00    1.02    0.00    0.00    0.00   32.65
19:56:24       1   59.80    0.00    4.90    0.00    0.00    2.94    0.00    0.00    0.00   32.35
19:56:24       2   57.58    0.00    9.09    0.00    0.00    1.01    0.00    0.00    0.00   32.32
19:56:24       3   59.41    0.00    6.93    0.00    0.00    0.99    0.00    0.00    0.00   32.67
19:56:24       4   56.25    0.00    6.25    0.00    0.00    1.04    0.00    0.00    0.00   36.46
19:56:24       5   60.20    0.00    5.10    0.00    0.00    2.04    0.00    0.00    0.00   32.65
19:56:24       6   58.76    0.00    6.19    0.00    0.00    3.09    0.00    0.00    0.00   31.96
19:56:24       7   56.99    0.00    6.45    0.00    0.00    2.15    0.00    0.00    0.00   34.41
19:56:24       8   40.40    0.00    4.04    0.00    0.00    2.02    0.00    0.00    0.00   53.54
19:56:24       9   39.80    0.00    4.08    0.00    0.00    0.00    0.00    0.00    0.00   56.12
19:56:24      10   43.56    0.00    3.96    0.00    0.00    1.98    0.00    0.00    0.00   50.50
19:56:24      11   46.00    0.00    3.00    0.00    0.00    1.00    0.00    0.00    0.00   50.00
19:56:24      12   29.59    0.00    3.06    0.00    0.00    1.02    0.00    0.00    0.00   66.33
19:56:24      13   27.84    0.00    2.06    0.00    0.00    1.03    0.00    0.00    0.00   69.07
19:56:24      14   40.86    0.00    2.15    0.00    0.00    1.08    0.00    0.00    0.00   55.91
19:56:24      15   45.71    0.00    3.81    0.00    0.00    0.95    0.00    0.00    0.00   49.52
19:56:24      16   57.58    0.00    6.06    0.00    0.00    3.03    0.00    0.00    0.00   33.33
19:56:24      17   57.43    0.00    7.92    0.00    0.00    1.98    0.00    0.00    0.00   32.67
19:56:24      18   55.79    0.00    7.37    0.00    0.00    2.11    0.00    0.00    0.00   34.74
19:56:24      19   58.42    0.00    7.92    0.00    0.00    1.98    0.00    0.00    0.00   31.68
19:56:24      20   62.50    0.00    3.12    0.00    0.00    1.04    0.00    0.00    0.00   33.33
19:56:24      21   61.86    0.00    5.15    0.00    0.00    1.03    0.00    0.00    0.00   31.96
19:56:24      22   55.67    0.00    9.28    0.00    0.00    2.06    0.00    0.00    0.00   32.99
19:56:24      23   56.00    0.00    9.00    0.00    0.00    3.00    0.00    0.00    0.00   32.00
19:56:24      24   81.00    0.00   15.00    0.00    0.00    2.00    0.00    0.00    0.00    2.00
19:56:24      25   81.00    0.00   13.00    0.00    0.00    5.00    0.00    0.00    0.00    1.00
19:56:24      26   88.89    0.00    8.08    0.00    0.00    2.02    0.00    0.00    0.00    1.01
19:56:24      27   84.00    0.00   12.00    0.00    0.00    3.00    0.00    0.00    0.00    1.00
19:56:24      28   81.19    0.00   12.87    0.00    0.00    3.96    0.00    0.00    0.00    1.98
19:56:24      29   84.16    0.00   11.88    0.00    0.00    1.98    0.00    0.00    0.00    1.98
19:56:24      30   86.73    0.00   10.20    0.00    0.00    2.04    0.00    0.00    0.00    1.02
19:56:24      31   82.18    0.00   12.87    0.00    0.00    2.97    0.00    0.00    0.00    1.98

19:56:24     CPU    %usr   %nice    %sys %iowait    %irq   %soft  %steal  %guest  %gnice   %idle
19:56:25     all   59.99    0.00    7.22    0.00    0.00    2.25    0.00    0.00    0.00   30.55
19:56:25       0   59.00    0.00    7.00    0.00    0.00    2.00    0.00    0.00    0.00   32.00
19:56:25       1   59.79    0.00    6.19    0.00    0.00    1.03    0.00    0.00    0.00   32.99
19:56:25       2   61.62    0.00    6.06    0.00    0.00    2.02    0.00    0.00    0.00   30.30
19:56:25       3   61.39    0.00    3.96    0.00    0.00    1.98    0.00    0.00    0.00   32.67
19:56:25       4   60.00    0.00    7.00    0.00    0.00    2.00    0.00    0.00    0.00   31.00
19:56:25       5   63.46    0.00    5.77    0.00    0.00    1.92    0.00    0.00    0.00   28.85
19:56:25       6   63.37    0.00    4.95    0.00    0.00    0.99    0.00    0.00    0.00   30.69
19:56:25       7   56.12    0.00    9.18    0.00    0.00    2.04    0.00    0.00    0.00   32.65
19:56:25       8   39.58    0.00    3.12    0.00    0.00    1.04    0.00    0.00    0.00   56.25
19:56:25       9   35.42    0.00    5.21    0.00    0.00    1.04    0.00    0.00    0.00   58.33
19:56:25      10   30.53    0.00    2.11    0.00    0.00    0.00    0.00    0.00    0.00   67.37
19:56:25      11   30.21    0.00    4.17    0.00    0.00    1.04    0.00    0.00    0.00   64.58
19:56:25      12   40.38    0.00    3.85    0.00    0.00    2.88    0.00    0.00    0.00   52.88
19:56:25      13   39.18    0.00    2.06    0.00    0.00    1.03    0.00    0.00    0.00   57.73
19:56:25      14   40.82    0.00    4.08    0.00    0.00    1.02    0.00    0.00    0.00   54.08
19:56:25      15   39.80    0.00    6.12    0.00    0.00    1.02    0.00    0.00    0.00   53.06
19:56:25      16   57.73    0.00    7.22    0.00    0.00    2.06    0.00    0.00    0.00   32.99
19:56:25      17   59.79    0.00    7.22    0.00    0.00    2.06    0.00    0.00    0.00   30.93
19:56:25      18   59.00    0.00    8.00    0.00    0.00    2.00    0.00    0.00    0.00   31.00
19:56:25      19   61.46    0.00    5.21    0.00    0.00    1.04    0.00    0.00    0.00   32.29
19:56:25      20   57.29    0.00    7.29    0.00    0.00    2.08    0.00    0.00    0.00   33.33
19:56:25      21   61.17    0.00    7.77    0.00    0.00    0.97    0.00    0.00    0.00   30.10
19:56:25      22   58.16    0.00    6.12    0.00    0.00    3.06    0.00    0.00    0.00   32.65
19:56:25      23   60.00    0.00    4.21    0.00    0.00    2.11    0.00    0.00    0.00   33.68
19:56:25      24   82.00    0.00   13.00    0.00    0.00    4.00    0.00    0.00    0.00    1.00
19:56:25      25   82.83    0.00   10.10    0.00    0.00    6.06    0.00    0.00    0.00    1.01
19:56:25      26   80.00    0.00   13.00    0.00    0.00    6.00    0.00    0.00    0.00    1.00
19:56:25      27   81.00    0.00   11.00    0.00    0.00    6.00    0.00    0.00    0.00    2.00
19:56:25      28   86.00    0.00   11.00    0.00    0.00    2.00    0.00    0.00    0.00    1.00
19:56:25      29   82.83    0.00   12.12    0.00    0.00    3.03    0.00    0.00    0.00    2.02
19:56:25      30   82.18    0.00   10.89    0.00    0.00    4.95    0.00    0.00    0.00    1.98
19:56:25      31   82.65    0.00   15.31    0.00    0.00    1.02    0.00    0.00    0.00    1.02

19:56:25     CPU    %usr   %nice    %sys %iowait    %irq   %soft  %steal  %guest  %gnice   %idle
19:56:26     all   60.74    0.00    6.90    0.00    0.00    1.96    0.00    0.00    0.00   30.40
19:56:26       0   62.11    0.00    5.26    0.00    0.00    1.05    0.00    0.00    0.00   31.58
19:56:26       1   60.00    0.00    8.57    0.00    0.00    0.95    0.00    0.00    0.00   30.48
19:56:26       2   60.95    0.00    8.57    0.00    0.00    1.90    0.00    0.00    0.00   28.57
19:56:26       3   61.22    0.00    6.12    0.00    0.00    2.04    0.00    0.00    0.00   30.61
19:56:26       4   56.38    0.00    6.38    0.00    0.00    1.06    0.00    0.00    0.00   36.17
19:56:26       5   58.16    0.00    7.14    0.00    0.00    1.02    0.00    0.00    0.00   33.67
19:56:26       6   57.28    0.00    9.71    0.00    0.00    0.97    0.00    0.00    0.00   32.04
19:56:26       7   57.73    0.00    8.25    0.00    0.00    2.06    0.00    0.00    0.00   31.96
19:56:26       8   39.36    0.00    3.19    0.00    0.00    2.13    0.00    0.00    0.00   55.32
19:56:26       9   42.16    0.00    4.90    0.00    0.00    0.98    0.00    0.00    0.00   51.96
19:56:26      10   33.33    0.00    0.95    0.00    0.00    0.00    0.00    0.00    0.00   65.71
19:56:26      11   24.74    0.00    4.12    0.00    0.00    0.00    0.00    0.00    0.00   71.13
19:56:26      12   43.16    0.00    3.16    0.00    0.00    0.00    0.00    0.00    0.00   53.68
19:56:26      13   41.30    0.00    3.26    0.00    0.00    1.09    0.00    0.00    0.00   54.35
19:56:26      14   43.00    0.00    6.00    0.00    0.00    1.00    0.00    0.00    0.00   50.00
19:56:26      15   36.84    0.00    7.37    0.00    0.00    1.05    0.00    0.00    0.00   54.74
19:56:26      16   63.37    0.00    2.97    0.00    0.00    2.97    0.00    0.00    0.00   30.69
19:56:26      17   61.86    0.00    4.12    0.00    0.00    2.06    0.00    0.00    0.00   31.96
19:56:26      18   62.14    0.00    7.77    0.00    0.00    0.97    0.00    0.00    0.00   29.13
19:56:26      19   61.86    0.00    5.15    0.00    0.00    1.03    0.00    0.00    0.00   31.96
19:56:26      20   58.00    0.00    6.00    0.00    0.00    3.00    0.00    0.00    0.00   33.00
19:56:26      21   58.59    0.00    6.06    0.00    0.00    1.01    0.00    0.00    0.00   34.34
19:56:26      22   61.05    0.00    5.26    0.00    0.00    1.05    0.00    0.00    0.00   32.63
19:56:26      23   59.79    0.00    6.19    0.00    0.00    1.03    0.00    0.00    0.00   32.99
19:56:26      24   88.89    0.00    8.08    0.00    0.00    2.02    0.00    0.00    0.00    1.01
19:56:26      25   84.00    0.00   11.00    0.00    0.00    4.00    0.00    0.00    0.00    1.00
19:56:26      26   83.00    0.00    9.00    0.00    0.00    6.00    0.00    0.00    0.00    2.00
19:56:26      27   83.84    0.00   12.12    0.00    0.00    3.03    0.00    0.00    0.00    1.01
19:56:26      28   86.00    0.00    9.00    0.00    0.00    4.00    0.00    0.00    0.00    1.00
19:56:26      29   81.00    0.00   14.00    0.00    0.00    4.00    0.00    0.00    0.00    1.00
19:56:26      30   84.85    0.00    9.09    0.00    0.00    5.05    0.00    0.00    0.00    1.01
19:56:26      31   84.00    0.00   11.00    0.00    0.00    4.00    0.00    0.00    0.00    1.00

19:56:26     CPU    %usr   %nice    %sys %iowait    %irq   %soft  %steal  %guest  %gnice   %idle
19:56:27     all   60.94    0.00    7.24    0.00    0.00    1.78    0.00    0.00    0.00   30.04
19:56:27       0   62.63    0.00    6.06    0.00    0.00    1.01    0.00    0.00    0.00   30.30
19:56:27       1   65.31    0.00    4.08    0.00    0.00    1.02    0.00    0.00    0.00   29.59
19:56:27       2   61.05    0.00    4.21    0.00    0.00    2.11    0.00    0.00    0.00   32.63
19:56:27       3   60.20    0.00    6.12    0.00    0.00    2.04    0.00    0.00    0.00   31.63
19:56:27       4   60.61    0.00    5.05    0.00    0.00    3.03    0.00    0.00    0.00   31.31
19:56:27       5   61.00    0.00    6.00    0.00    0.00    2.00    0.00    0.00    0.00   31.00
19:56:27       6   59.80    0.00    9.80    0.00    0.00    1.96    0.00    0.00    0.00   28.43
19:56:27       7   62.64    0.00    4.40    0.00    0.00    0.00    0.00    0.00    0.00   32.97
19:56:27       8   38.61    0.00    4.95    0.00    0.00    0.99    0.00    0.00    0.00   55.45
19:56:27       9   37.23    0.00    2.13    0.00    0.00    1.06    0.00    0.00    0.00   59.57
19:56:27      10   37.50    0.00    4.17    0.00    0.00    1.04    0.00    0.00    0.00   57.29
19:56:27      11   40.00    0.00    4.00    0.00    0.00    0.00    0.00    0.00    0.00   56.00
19:56:27      12   34.74    0.00    3.16    0.00    0.00    0.00    0.00    0.00    0.00   62.11
19:56:27      13   37.23    0.00    3.19    0.00    0.00    0.00    0.00    0.00    0.00   59.57
19:56:27      14   41.84    0.00    3.06    0.00    0.00    0.00    0.00    0.00    0.00   55.10
19:56:27      15   38.14    0.00    4.12    0.00    0.00    1.03    0.00    0.00    0.00   56.70
19:56:27      16   60.61    0.00    8.08    0.00    0.00    1.01    0.00    0.00    0.00   30.30
19:56:27      17   60.42    0.00    6.25    0.00    0.00    1.04    0.00    0.00    0.00   32.29
19:56:27      18   58.76    0.00    6.19    0.00    0.00    2.06    0.00    0.00    0.00   32.99
19:56:27      19   58.42    0.00    8.91    0.00    0.00    1.98    0.00    0.00    0.00   30.69
19:56:27      20   57.14    0.00    8.16    0.00    0.00    1.02    0.00    0.00    0.00   33.67
19:56:27      21   62.38    0.00    4.95    0.00    0.00    0.99    0.00    0.00    0.00   31.68
19:56:27      22   61.00    0.00    7.00    0.00    0.00    1.00    0.00    0.00    0.00   31.00
19:56:27      23   58.00    0.00    8.00    0.00    0.00    3.00    0.00    0.00    0.00   31.00
19:56:27      24   87.00    0.00   10.00    0.00    0.00    2.00    0.00    0.00    0.00    1.00
19:56:27      25   86.87    0.00   10.10    0.00    0.00    2.02    0.00    0.00    0.00    1.01
19:56:27      26   81.82    0.00   14.14    0.00    0.00    4.04    0.00    0.00    0.00    0.00
19:56:27      27   82.18    0.00   12.87    0.00    0.00    3.96    0.00    0.00    0.00    0.99
19:56:27      28   82.00    0.00   13.00    0.00    0.00    4.00    0.00    0.00    0.00    1.00
19:56:27      29   84.16    0.00    9.90    0.00    0.00    4.95    0.00    0.00    0.00    0.99
19:56:27      30   79.21    0.00   16.83    0.00    0.00    3.96    0.00    0.00    0.00    0.00
19:56:27      31   85.86    0.00   11.11    0.00    0.00    2.02    0.00    0.00    0.00    1.01

19:56:27     CPU    %usr   %nice    %sys %iowait    %irq   %soft  %steal  %guest  %gnice   %idle
19:56:28     all   60.38    0.00    6.68    0.00    0.00    2.13    0.00    0.00    0.00   30.81
19:56:28       0   60.00    0.00    7.00    0.00    0.00    1.00    0.00    0.00    0.00   32.00
19:56:28       1   58.59    0.00    7.07    0.00    0.00    2.02    0.00    0.00    0.00   32.32
19:56:28       2   62.24    0.00    6.12    0.00    0.00    2.04    0.00    0.00    0.00   29.59
19:56:28       3   60.00    0.00    5.26    0.00    0.00    2.11    0.00    0.00    0.00   32.63
19:56:28       4   55.00    0.00    6.00    0.00    0.00    1.00    0.00    0.00    0.00   38.00
19:56:28       5   53.68    0.00    5.26    0.00    0.00    1.05    0.00    0.00    0.00   40.00
19:56:28       6   55.43    0.00    8.70    0.00    0.00    1.09    0.00    0.00    0.00   34.78
19:56:28       7   56.57    0.00    8.08    0.00    0.00    3.03    0.00    0.00    0.00   32.32
19:56:28       8   38.24    0.00    3.92    0.00    0.00    0.98    0.00    0.00    0.00   56.86
19:56:28       9   37.86    0.00    2.91    0.00    0.00    1.94    0.00    0.00    0.00   57.28
19:56:28      10   37.11    0.00    4.12    0.00    0.00    1.03    0.00    0.00    0.00   57.73
19:56:28      11   37.11    0.00    3.09    0.00    0.00    2.06    0.00    0.00    0.00   57.73
19:56:28      12   39.80    0.00    3.06    0.00    0.00    1.02    0.00    0.00    0.00   56.12
19:56:28      13   36.56    0.00    2.15    0.00    0.00    1.08    0.00    0.00    0.00   60.22
19:56:28      14   43.75    0.00    4.17    0.00    0.00    1.04    0.00    0.00    0.00   51.04
19:56:28      15   46.39    0.00    2.06    0.00    0.00    2.06    0.00    0.00    0.00   49.48
19:56:28      16   59.79    0.00    5.15    0.00    0.00    2.06    0.00    0.00    0.00   32.99
19:56:28      17   59.38    0.00    5.21    0.00    0.00    2.08    0.00    0.00    0.00   33.33
19:56:28      18   63.73    0.00    4.90    0.00    0.00    0.98    0.00    0.00    0.00   30.39
19:56:28      19   61.22    0.00    5.10    0.00    0.00    2.04    0.00    0.00    0.00   31.63
19:56:28      20   53.06    0.00    7.14    0.00    0.00    1.02    0.00    0.00    0.00   38.78
19:56:28      21   54.17    0.00    4.17    0.00    0.00    3.12    0.00    0.00    0.00   38.54
19:56:28      22   61.29    0.00    7.53    0.00    0.00    0.00    0.00    0.00    0.00   31.18
19:56:28      23   61.22    0.00    7.14    0.00    0.00    2.04    0.00    0.00    0.00   29.59
19:56:28      24   81.82    0.00   13.13    0.00    0.00    4.04    0.00    0.00    0.00    1.01
19:56:28      25   86.14    0.00    9.90    0.00    0.00    2.97    0.00    0.00    0.00    0.99
19:56:28      26   83.33    0.00    9.80    0.00    0.00    5.88    0.00    0.00    0.00    0.98
19:56:28      27   84.00    0.00   13.00    0.00    0.00    3.00    0.00    0.00    0.00    0.00
19:56:28      28   90.00    0.00    7.00    0.00    0.00    3.00    0.00    0.00    0.00    0.00
19:56:28      29   84.00    0.00   12.00    0.00    0.00    3.00    0.00    0.00    0.00    1.00
19:56:28      30   80.00    0.00   15.00    0.00    0.00    3.00    0.00    0.00    0.00    2.00
19:56:28      31   85.15    0.00    7.92    0.00    0.00    4.95    0.00    0.00    0.00    1.98

19:56:28     CPU    %usr   %nice    %sys %iowait    %irq   %soft  %steal  %guest  %gnice   %idle
19:56:29     all   60.51    0.00    7.13    0.00    0.00    1.80    0.00    0.00    0.00   30.56
19:56:29       0   57.58    0.00    6.06    0.00    0.00    2.02    0.00    0.00    0.00   34.34
19:56:29       1   62.50    0.00    5.21    0.00    0.00    0.00    0.00    0.00    0.00   32.29
19:56:29       2   61.62    0.00    4.04    0.00    0.00    3.03    0.00    0.00    0.00   31.31
19:56:29       3   60.61    0.00    6.06    0.00    0.00    2.02    0.00    0.00    0.00   31.31
19:56:29       4   59.41    0.00    4.95    0.00    0.00    1.98    0.00    0.00    0.00   33.66
19:56:29       5   54.26    0.00    8.51    0.00    0.00    2.13    0.00    0.00    0.00   35.11
19:56:29       6   59.80    0.00    6.86    0.00    0.00    0.98    0.00    0.00    0.00   32.35
19:56:29       7   58.59    0.00    9.09    0.00    0.00    1.01    0.00    0.00    0.00   31.31
19:56:29       8   42.16    0.00    4.90    0.00    0.00    0.00    0.00    0.00    0.00   52.94
19:56:29       9   38.14    0.00    4.12    0.00    0.00    2.06    0.00    0.00    0.00   55.67
19:56:29      10   40.82    0.00    5.10    0.00    0.00    1.02    0.00    0.00    0.00   53.06
19:56:29      11   38.54    0.00    6.25    0.00    0.00    1.04    0.00    0.00    0.00   54.17
19:56:29      12   42.00    0.00    2.00    0.00    0.00    1.00    0.00    0.00    0.00   55.00
19:56:29      13   38.78    0.00    2.04    0.00    0.00    1.02    0.00    0.00    0.00   58.16
19:56:29      14   35.35    0.00    3.03    0.00    0.00    0.00    0.00    0.00    0.00   61.62
19:56:29      15   35.29    0.00    2.94    0.00    0.00    1.96    0.00    0.00    0.00   59.80
19:56:29      16   59.41    0.00    7.92    0.00    0.00    0.99    0.00    0.00    0.00   31.68
19:56:29      17   56.84    0.00    8.42    0.00    0.00    1.05    0.00    0.00    0.00   33.68
19:56:29      18   61.46    0.00    6.25    0.00    0.00    2.08    0.00    0.00    0.00   30.21
19:56:29      19   60.42    0.00    6.25    0.00    0.00    2.08    0.00    0.00    0.00   31.25
19:56:29      20   59.18    0.00    4.08    0.00    0.00    2.04    0.00    0.00    0.00   34.69
19:56:29      21   58.00    0.00    9.00    0.00    0.00    1.00    0.00    0.00    0.00   32.00
19:56:29      22   58.59    0.00    5.05    0.00    0.00    2.02    0.00    0.00    0.00   34.34
19:56:29      23   61.54    0.00    6.73    0.00    0.00    0.96    0.00    0.00    0.00   30.77
19:56:29      24   85.00    0.00   11.00    0.00    0.00    3.00    0.00    0.00    0.00    1.00
19:56:29      25   86.00    0.00    9.00    0.00    0.00    4.00    0.00    0.00    0.00    1.00
19:56:29      26   82.65    0.00   15.31    0.00    0.00    2.04    0.00    0.00    0.00    0.00
19:56:29      27   85.15    0.00    9.90    0.00    0.00    2.97    0.00    0.00    0.00    1.98
19:56:29      28   79.00    0.00   15.00    0.00    0.00    4.00    0.00    0.00    0.00    2.00
19:56:29      29   86.00    0.00    9.00    0.00    0.00    4.00    0.00    0.00    0.00    1.00
19:56:29      30   87.88    0.00   10.10    0.00    0.00    1.01    0.00    0.00    0.00    1.01
19:56:29      31   82.00    0.00   14.00    0.00    0.00    3.00    0.00    0.00    0.00    1.00

19:56:29     CPU    %usr   %nice    %sys %iowait    %irq   %soft  %steal  %guest  %gnice   %idle
19:56:30     all   60.69    0.00    6.83    0.00    0.00    1.94    0.00    0.00    0.00   30.55
19:56:30       0   59.41    0.00    6.93    0.00    0.00    1.98    0.00    0.00    0.00   31.68
19:56:30       1   60.20    0.00    4.08    0.00    0.00    2.04    0.00    0.00    0.00   33.67
19:56:30       2   54.84    0.00    7.53    0.00    0.00    2.15    0.00    0.00    0.00   35.48
19:56:30       3   59.78    0.00    4.35    0.00    0.00    0.00    0.00    0.00    0.00   35.87
19:56:30       4   59.18    0.00    6.12    0.00    0.00    2.04    0.00    0.00    0.00   32.65
19:56:30       5   59.80    0.00    4.90    0.00    0.00    2.94    0.00    0.00    0.00   32.35
19:56:30       6   57.28    0.00    6.80    0.00    0.00    3.88    0.00    0.00    0.00   32.04
19:56:30       7   61.62    0.00    7.07    0.00    0.00    1.01    0.00    0.00    0.00   30.30
19:56:30       8   33.33    0.00    4.17    0.00    0.00    1.04    0.00    0.00    0.00   61.46
19:56:30       9   34.02    0.00    3.09    0.00    0.00    1.03    0.00    0.00    0.00   61.86
19:56:30      10   40.00    0.00    4.21    0.00    0.00    1.05    0.00    0.00    0.00   54.74
19:56:30      11   40.62    0.00    4.17    0.00    0.00    1.04    0.00    0.00    0.00   54.17
19:56:30      12   39.58    0.00    4.17    0.00    0.00    2.08    0.00    0.00    0.00   54.17
19:56:30      13   41.75    0.00    4.85    0.00    0.00    0.97    0.00    0.00    0.00   52.43
19:56:30      14   41.05    0.00    3.16    0.00    0.00    0.00    0.00    0.00    0.00   55.79
19:56:30      15   39.18    0.00    4.12    0.00    0.00    0.00    0.00    0.00    0.00   56.70
19:56:30      16   56.67    0.00    8.89    0.00    0.00    0.00    0.00    0.00    0.00   34.44
19:56:30      17   59.38    0.00    5.21    0.00    0.00    1.04    0.00    0.00    0.00   34.38
19:56:30      18   58.82    0.00    7.84    0.00    0.00    0.00    0.00    0.00    0.00   33.33
19:56:30      19   58.95    0.00    5.26    0.00    0.00    1.05    0.00    0.00    0.00   34.74
19:56:30      20   58.59    0.00    7.07    0.00    0.00    2.02    0.00    0.00    0.00   32.32
19:56:30      21   62.50    0.00    6.73    0.00    0.00    0.00    0.00    0.00    0.00   30.77
19:56:30      22   59.05    0.00    8.57    0.00    0.00    1.90    0.00    0.00    0.00   30.48
19:56:30      23   61.86    0.00    3.09    0.00    0.00    1.03    0.00    0.00    0.00   34.02
19:56:30      24   86.14    0.00    9.90    0.00    0.00    2.97    0.00    0.00    0.00    0.99
19:56:30      25   84.85    0.00   10.10    0.00    0.00    5.05    0.00    0.00    0.00    0.00
19:56:30      26   81.00    0.00   13.00    0.00    0.00    5.00    0.00    0.00    0.00    1.00
19:56:30      27   85.86    0.00   11.11    0.00    0.00    3.03    0.00    0.00    0.00    0.00
19:56:30      28   80.00    0.00   14.00    0.00    0.00    5.00    0.00    0.00    0.00    1.00
19:56:30      29   87.88    0.00    8.08    0.00    0.00    3.03    0.00    0.00    0.00    1.01
19:56:30      30   81.37    0.00   13.73    0.00    0.00    3.92    0.00    0.00    0.00    0.98
19:56:30      31   91.00    0.00    5.00    0.00    0.00    3.00    0.00    0.00    0.00    1.00

19:56:30     CPU    %usr   %nice    %sys %iowait    %irq   %soft  %steal  %guest  %gnice   %idle
19:56:31     all   60.07    0.00    7.12    0.00    0.00    2.05    0.00    0.00    0.00   30.76
19:56:31       0   57.89    0.00    6.32    0.00    0.00    2.11    0.00    0.00    0.00   33.68
19:56:31       1   59.79    0.00    5.15    0.00    0.00    2.06    0.00    0.00    0.00   32.99
19:56:31       2   57.00    0.00    8.00    0.00    0.00    2.00    0.00    0.00    0.00   33.00
19:56:31       3   51.43    0.00   10.48    0.00    0.00    4.76    0.00    0.00    0.00   33.33
19:56:31       4   60.00    0.00    5.00    0.00    0.00    2.00    0.00    0.00    0.00   33.00
19:56:31       5   61.00    0.00    4.00    0.00    0.00    2.00    0.00    0.00    0.00   33.00
19:56:31       6   61.54    0.00    4.81    0.00    0.00    1.92    0.00    0.00    0.00   31.73
19:56:31       7   58.59    0.00    5.05    0.00    0.00    2.02    0.00    0.00    0.00   34.34
19:56:31       8   31.18    0.00    3.23    0.00    0.00    1.08    0.00    0.00    0.00   64.52
19:56:31       9   28.89    0.00    3.33    0.00    0.00    1.11    0.00    0.00    0.00   66.67
19:56:31      10   38.78    0.00    4.08    0.00    0.00    1.02    0.00    0.00    0.00   56.12
19:56:31      11   36.84    0.00    5.26    0.00    0.00    0.00    0.00    0.00    0.00   57.89
19:56:31      12   40.43    0.00    3.19    0.00    0.00    0.00    0.00    0.00    0.00   56.38
19:56:31      13   41.41    0.00    4.04    0.00    0.00    1.01    0.00    0.00    0.00   53.54
19:56:31      14   41.49    0.00    5.32    0.00    0.00    1.06    0.00    0.00    0.00   52.13
19:56:31      15   47.06    0.00    3.92    0.00    0.00    1.96    0.00    0.00    0.00   47.06
19:56:31      16   59.00    0.00    8.00    0.00    0.00    1.00    0.00    0.00    0.00   32.00
19:56:31      17   59.60    0.00    6.06    0.00    0.00    2.02    0.00    0.00    0.00   32.32
19:56:31      18   61.54    0.00    4.81    0.00    0.00    1.92    0.00    0.00    0.00   31.73
19:56:31      19   54.37    0.00   10.68    0.00    0.00    0.97    0.00    0.00    0.00   33.98
19:56:31      20   60.61    0.00    5.05    0.00    0.00    2.02    0.00    0.00    0.00   32.32
19:56:31      21   55.21    0.00    6.25    0.00    0.00    4.17    0.00    0.00    0.00   34.38
19:56:31      22   60.78    0.00    5.88    0.00    0.00    0.98    0.00    0.00    0.00   32.35
19:56:31      23   58.00    0.00    6.00    0.00    0.00    1.00    0.00    0.00    0.00   35.00
19:56:31      24   85.00    0.00   10.00    0.00    0.00    4.00    0.00    0.00    0.00    1.00
19:56:31      25   82.35    0.00   11.76    0.00    0.00    3.92    0.00    0.00    0.00    1.96
19:56:31      26   84.00    0.00   13.00    0.00    0.00    2.00    0.00    0.00    0.00    1.00
19:56:31      27   84.16    0.00    9.90    0.00    0.00    3.96    0.00    0.00    0.00    1.98
19:56:31      28   84.16    0.00   11.88    0.00    0.00    1.98    0.00    0.00    0.00    1.98
19:56:31      29   84.31    0.00   10.78    0.00    0.00    2.94    0.00    0.00    0.00    1.96
19:56:31      30   83.00    0.00   13.00    0.00    0.00    3.00    0.00    0.00    0.00    1.00
19:56:31      31   82.83    0.00   12.12    0.00    0.00    3.03    0.00    0.00    0.00    2.02

19:56:31     CPU    %usr   %nice    %sys %iowait    %irq   %soft  %steal  %guest  %gnice   %idle
19:56:32     all   59.97    0.00    7.44    0.03    0.00    2.25    0.00    0.00    0.00   30.32
19:56:32       0   58.06    0.00    7.53    0.00    0.00    2.15    0.00    0.00    0.00   32.26
19:56:32       1   61.62    0.00    7.07    0.00    0.00    0.00    0.00    0.00    0.00   31.31
19:56:32       2   62.24    0.00    5.10    0.00    0.00    2.04    0.00    0.00    0.00   30.61
19:56:32       3   61.62    0.00    6.06    0.00    0.00    1.01    0.00    0.00    0.00   31.31
19:56:32       4   56.84    0.00    5.26    0.00    0.00    1.05    0.00    0.00    0.00   36.84
19:56:32       5   54.64    0.00    8.25    0.00    0.00    0.00    0.00    0.00    0.00   37.11
19:56:32       6   61.46    0.00    6.25    0.00    0.00    1.04    0.00    0.00    0.00   31.25
19:56:32       7   58.06    0.00    6.45    0.00    0.00    3.23    0.00    0.00    0.00   32.26
19:56:32       8   43.69    0.00    3.88    0.00    0.00    0.97    0.00    0.00    0.00   51.46
19:56:32       9   41.75    0.00    6.80    0.97    0.00    0.97    0.00    0.00    0.00   49.51
19:56:32      10   40.40    0.00    4.04    0.00    0.00    1.01    0.00    0.00    0.00   54.55
19:56:32      11   38.83    0.00    5.83    0.00    0.00    1.94    0.00    0.00    0.00   53.40
19:56:32      12   37.11    0.00    3.09    0.00    0.00    1.03    0.00    0.00    0.00   58.76
19:56:32      13   43.27    0.00    2.88    0.00    0.00    0.00    0.00    0.00    0.00   53.85
19:56:32      14   36.17    0.00    3.19    0.00    0.00    1.06    0.00    0.00    0.00   59.57
19:56:32      15   33.68    0.00    6.32    0.00    0.00    1.05    0.00    0.00    0.00   58.95
19:56:32      16   58.59    0.00    8.08    0.00    0.00    1.01    0.00    0.00    0.00   32.32
19:56:32      17   58.42    0.00    7.92    0.00    0.00    1.98    0.00    0.00    0.00   31.68
19:56:32      18   60.00    0.00    5.00    0.00    0.00    3.00    0.00    0.00    0.00   32.00
19:56:32      19   58.59    0.00    7.07    0.00    0.00    2.02    0.00    0.00    0.00   32.32
19:56:32      20   53.92    0.00    8.82    0.00    0.00    1.96    0.00    0.00    0.00   35.29
19:56:32      21   51.04    0.00    8.33    0.00    0.00    2.08    0.00    0.00    0.00   38.54
19:56:32      22   61.17    0.00    5.83    0.00    0.00    2.91    0.00    0.00    0.00   30.10
19:56:32      23   61.46    0.00    5.21    0.00    0.00    1.04    0.00    0.00    0.00   32.29
19:56:32      24   86.14    0.00    6.93    0.00    0.00    5.94    0.00    0.00    0.00    0.99
19:56:32      25   83.84    0.00   12.12    0.00    0.00    4.04    0.00    0.00    0.00    0.00
19:56:32      26   85.86    0.00   10.10    0.00    0.00    3.03    0.00    0.00    0.00    1.01
19:56:32      27   81.82    0.00   12.12    0.00    0.00    6.06    0.00    0.00    0.00    0.00
19:56:32      28   81.82    0.00   14.14    0.00    0.00    4.04    0.00    0.00    0.00    0.00
19:56:32      29   84.00    0.00   12.00    0.00    0.00    3.00    0.00    0.00    0.00    1.00
19:56:32      30   79.80    0.00   15.15    0.00    0.00    5.05    0.00    0.00    0.00    0.00
19:56:32      31   82.00    0.00   11.00    0.00    0.00    6.00    0.00    0.00    0.00    1.00

19:56:32     CPU    %usr   %nice    %sys %iowait    %irq   %soft  %steal  %guest  %gnice   %idle
19:56:33     all   60.90    0.00    6.48    0.00    0.00    1.95    0.00    0.00    0.00   30.67
19:56:33       0   57.73    0.00    9.28    0.00    0.00    2.06    0.00    0.00    0.00   30.93
19:56:33       1   58.42    0.00    7.92    0.00    0.00    1.98    0.00    0.00    0.00   31.68
19:56:33       2   57.89    0.00    6.32    0.00    0.00    3.16    0.00    0.00    0.00   32.63
19:56:33       3   60.00    0.00    5.26    0.00    0.00    1.05    0.00    0.00    0.00   33.68
19:56:33       4   62.77    0.00    3.19    0.00    0.00    1.06    0.00    0.00    0.00   32.98
19:56:33       5   58.06    0.00    6.45    0.00    0.00    2.15    0.00    0.00    0.00   33.33
19:56:33       6   56.12    0.00   10.20    0.00    0.00    3.06    0.00    0.00    0.00   30.61
19:56:33       7   60.82    0.00    6.19    0.00    0.00    2.06    0.00    0.00    0.00   30.93
19:56:33       8   43.00    0.00    6.00    0.00    0.00    0.00    0.00    0.00    0.00   51.00
19:56:33       9   43.48    0.00    3.26    0.00    0.00    1.09    0.00    0.00    0.00   52.17
19:56:33      10   33.33    0.00    4.17    0.00    0.00    2.08    0.00    0.00    0.00   60.42
19:56:33      11   38.78    0.00    4.08    0.00    0.00    1.02    0.00    0.00    0.00   56.12
19:56:33      12   30.53    0.00    3.16    0.00    0.00    0.00    0.00    0.00    0.00   66.32
19:56:33      13   30.77    0.00    1.10    0.00    0.00    0.00    0.00    0.00    0.00   68.13
19:56:33      14   38.61    0.00    2.97    0.00    0.00    1.98    0.00    0.00    0.00   56.44
19:56:33      15   43.81    0.00    1.90    0.00    0.00    0.95    0.00    0.00    0.00   53.33
19:56:33      16   64.00    0.00    3.00    0.00    0.00    2.00    0.00    0.00    0.00   31.00
19:56:33      17   59.57    0.00    5.32    0.00    0.00    2.13    0.00    0.00    0.00   32.98
19:56:33      18   58.95    0.00    6.32    0.00    0.00    2.11    0.00    0.00    0.00   32.63
19:56:33      19   60.42    0.00    6.25    0.00    0.00    0.00    0.00    0.00    0.00   33.33
19:56:33      20   60.42    0.00    6.25    0.00    0.00    0.00    0.00    0.00    0.00   33.33
19:56:33      21   61.76    0.00    4.90    0.00    0.00    1.96    0.00    0.00    0.00   31.37
19:56:33      22   61.00    0.00    6.00    0.00    0.00    2.00    0.00    0.00    0.00   31.00
19:56:33      23   56.70    0.00    7.22    0.00    0.00    3.09    0.00    0.00    0.00   32.99
19:56:33      24   87.13    0.00    8.91    0.00    0.00    2.97    0.00    0.00    0.00    0.99
19:56:33      25   84.00    0.00   12.00    0.00    0.00    3.00    0.00    0.00    0.00    1.00
19:56:33      26   85.15    0.00    9.90    0.00    0.00    2.97    0.00    0.00    0.00    1.98
19:56:33      27   86.27    0.00    8.82    0.00    0.00    2.94    0.00    0.00    0.00    1.96
19:56:33      28   85.15    0.00    9.90    0.00    0.00    2.97    0.00    0.00    0.00    1.98
19:56:33      29   87.88    0.00    7.07    0.00    0.00    4.04    0.00    0.00    0.00    1.01
19:56:33      30   82.18    0.00   12.87    0.00    0.00    2.97    0.00    0.00    0.00    1.98
19:56:33      31   86.00    0.00   10.00    0.00    0.00    3.00    0.00    0.00    0.00    1.00

19:56:33     CPU    %usr   %nice    %sys %iowait    %irq   %soft  %steal  %guest  %gnice   %idle
19:56:34     all   59.56    0.00    7.32    0.00    0.00    2.16    0.00    0.00    0.00   30.96
19:56:34       0   54.26    0.00    6.38    0.00    0.00    2.13    0.00    0.00    0.00   37.23
19:56:34       1   52.75    0.00    5.49    0.00    0.00    2.20    0.00    0.00    0.00   39.56
19:56:34       2   56.57    0.00    9.09    0.00    0.00    2.02    0.00    0.00    0.00   32.32
19:56:34       3   60.40    0.00    7.92    0.00    0.00    0.99    0.00    0.00    0.00   30.69
19:56:34       4   56.25    0.00    6.25    0.00    0.00    1.04    0.00    0.00    0.00   36.46
19:56:34       5   55.21    0.00    6.25    0.00    0.00    2.08    0.00    0.00    0.00   36.46
19:56:34       6   58.24    0.00    8.79    0.00    0.00    0.00    0.00    0.00    0.00   32.97
19:56:34       7   61.17    0.00    6.80    0.00    0.00    1.94    0.00    0.00    0.00   30.10
19:56:34       8   39.39    0.00    2.02    0.00    0.00    2.02    0.00    0.00    0.00   56.57
19:56:34       9   35.71    0.00    4.08    0.00    0.00    1.02    0.00    0.00    0.00   59.18
19:56:34      10   42.00    0.00    4.00    0.00    0.00    1.00    0.00    0.00    0.00   53.00
19:56:34      11   38.78    0.00    2.04    0.00    0.00    2.04    0.00    0.00    0.00   57.14
19:56:34      12   34.04    0.00    5.32    0.00    0.00    1.06    0.00    0.00    0.00   59.57
19:56:34      13   41.00    0.00    3.00    0.00    0.00    2.00    0.00    0.00    0.00   54.00
19:56:34      14   42.57    0.00    3.96    0.00    0.00    0.99    0.00    0.00    0.00   52.48
19:56:34      15   40.82    0.00    5.10    0.00    0.00    0.00    0.00    0.00    0.00   54.08
19:56:34      16   58.25    0.00    4.85    0.00    0.00    3.88    0.00    0.00    0.00   33.01
19:56:34      17   54.55    0.00    8.08    0.00    0.00    2.02    0.00    0.00    0.00   35.35
19:56:34      18   58.00    0.00    7.00    0.00    0.00    2.00    0.00    0.00    0.00   33.00
19:56:34      19   61.00    0.00    5.00    0.00    0.00    3.00    0.00    0.00    0.00   31.00
19:56:34      20   55.21    0.00    8.33    0.00    0.00    1.04    0.00    0.00    0.00   35.42
19:56:34      21   56.84    0.00    5.26    0.00    0.00    3.16    0.00    0.00    0.00   34.74
19:56:34      22   61.76    0.00    7.84    0.00    0.00    0.00    0.00    0.00    0.00   30.39
19:56:34      23   60.22    0.00    6.45    0.00    0.00    1.08    0.00    0.00    0.00   32.26
19:56:34      24   79.80    0.00   14.14    0.00    0.00    5.05    0.00    0.00    0.00    1.01
19:56:34      25   85.86    0.00   10.10    0.00    0.00    3.03    0.00    0.00    0.00    1.01
19:56:34      26   86.00    0.00    9.00    0.00    0.00    4.00    0.00    0.00    0.00    1.00
19:56:34      27   84.00    0.00   13.00    0.00    0.00    2.00    0.00    0.00    0.00    1.00
19:56:34      28   82.65    0.00   12.24    0.00    0.00    4.08    0.00    0.00    0.00    1.02
19:56:34      29   81.00    0.00   12.00    0.00    0.00    6.00    0.00    0.00    0.00    1.00
19:56:34      30   82.00    0.00   13.00    0.00    0.00    4.00    0.00    0.00    0.00    1.00
19:56:34      31   86.00    0.00   11.00    0.00    0.00    2.00    0.00    0.00    0.00    1.00

19:56:34     CPU    %usr   %nice    %sys %iowait    %irq   %soft  %steal  %guest  %gnice   %idle
19:56:35     all   60.85    0.00    6.85    0.00    0.00    1.77    0.00    0.00    0.00   30.53
19:56:35       0   58.42    0.00    7.92    0.00    0.00    2.97    0.00    0.00    0.00   30.69
19:56:35       1   57.89    0.00    7.37    0.00    0.00    1.05    0.00    0.00    0.00   33.68
19:56:35       2   60.00    0.00    7.00    0.00    0.00    1.00    0.00    0.00    0.00   32.00
19:56:35       3   62.14    0.00    5.83    0.00    0.00    0.97    0.00    0.00    0.00   31.07
19:56:35       4   60.22    0.00    4.30    0.00    0.00    1.08    0.00    0.00    0.00   34.41
19:56:35       5   60.20    0.00    6.12    0.00    0.00    0.00    0.00    0.00    0.00   33.67
19:56:35       6   59.22    0.00    6.80    0.00    0.00    2.91    0.00    0.00    0.00   31.07
19:56:35       7   60.87    0.00    4.35    0.00    0.00    2.17    0.00    0.00    0.00   32.61
19:56:35       8   35.42    0.00    4.17    0.00    0.00    2.08    0.00    0.00    0.00   58.33
19:56:35       9   37.50    0.00    5.21    0.00    0.00    0.00    0.00    0.00    0.00   57.29
19:56:35      10   32.67    0.00    2.97    0.00    0.00    0.99    0.00    0.00    0.00   63.37
19:56:35      11   28.42    0.00    3.16    0.00    0.00    0.00    0.00    0.00    0.00   68.42
19:56:35      12   40.00    0.00    4.21    0.00    0.00    1.05    0.00    0.00    0.00   54.74
19:56:35      13   45.36    0.00    3.09    0.00    0.00    0.00    0.00    0.00    0.00   51.55
19:56:35      14   43.30    0.00    4.12    0.00    0.00    1.03    0.00    0.00    0.00   51.55
19:56:35      15   44.00    0.00    2.00    0.00    0.00    1.00    0.00    0.00    0.00   53.00
19:56:35      16   62.77    0.00    3.19    0.00    0.00    1.06    0.00    0.00    0.00   32.98
19:56:35      17   60.19    0.00    5.83    0.00    0.00    1.94    0.00    0.00    0.00   32.04
19:56:35      18   59.22    0.00    7.77    0.00    0.00    1.94    0.00    0.00    0.00   31.07
19:56:35      19   57.58    0.00    9.09    0.00    0.00    2.02    0.00    0.00    0.00   31.31
19:56:35      20   59.41    0.00    4.95    0.00    0.00    1.98    0.00    0.00    0.00   33.66
19:56:35      21   59.60    0.00    5.05    0.00    0.00    2.02    0.00    0.00    0.00   33.33
19:56:35      22   60.20    0.00    4.08    0.00    0.00    3.06    0.00    0.00    0.00   32.65
19:56:35      23   60.78    0.00    8.82    0.00    0.00    0.00    0.00    0.00    0.00   30.39
19:56:35      24   86.00    0.00    9.00    0.00    0.00    4.00    0.00    0.00    0.00    1.00
19:56:35      25   85.15    0.00    8.91    0.00    0.00    4.95    0.00    0.00    0.00    0.99
19:56:35      26   83.33    0.00   12.75    0.00    0.00    1.96    0.00    0.00    0.00    1.96
19:56:35      27   85.00    0.00   13.00    0.00    0.00    1.00    0.00    0.00    0.00    1.00
19:56:35      28   86.14    0.00    9.90    0.00    0.00    2.97    0.00    0.00    0.00    0.99
19:56:35      29   84.00    0.00   12.00    0.00    0.00    2.00    0.00    0.00    0.00    2.00
19:56:35      30   82.00    0.00   12.00    0.00    0.00    5.00    0.00    0.00    0.00    1.00
19:56:35      31   83.33    0.00   12.75    0.00    0.00    1.96    0.00    0.00    0.00    1.96

19:56:35     CPU    %usr   %nice    %sys %iowait    %irq   %soft  %steal  %guest  %gnice   %idle
19:56:36     all   61.01    0.00    6.41    0.00    0.00    2.13    0.00    0.00    0.00   30.46
19:56:36       0   59.78    0.00    6.52    0.00    0.00    1.09    0.00    0.00    0.00   32.61
19:56:36       1   62.11    0.00    4.21    0.00    0.00    1.05    0.00    0.00    0.00   32.63
19:56:36       2   60.00    0.00    5.00    0.00    0.00    2.00    0.00    0.00    0.00   33.00
19:56:36       3   58.95    0.00    5.26    0.00    0.00    1.05    0.00    0.00    0.00   34.74
19:56:36       4   56.18    0.00    4.49    0.00    0.00    3.37    0.00    0.00    0.00   35.96
19:56:36       5   58.42    0.00    6.93    0.00    0.00    1.98    0.00    0.00    0.00   32.67
19:56:36       6   57.58    0.00   10.10    0.00    0.00    1.01    0.00    0.00    0.00   31.31
19:56:36       7   61.32    0.00    7.55    0.00    0.00    2.83    0.00    0.00    0.00   28.30
19:56:36       8   31.25    0.00    4.17    0.00    0.00    0.00    0.00    0.00    0.00   64.58
19:56:36       9   35.71    0.00    2.04    0.00    0.00    0.00    0.00    0.00    0.00   62.24
19:56:36      10   38.54    0.00    3.12    0.00    0.00    1.04    0.00    0.00    0.00   57.29
19:56:36      11   36.63    0.00    3.96    0.00    0.00    0.99    0.00    0.00    0.00   58.42
19:56:36      12   41.05    0.00    4.21    0.00    0.00    2.11    0.00    0.00    0.00   52.63
19:56:36      13   47.57    0.00    3.88    0.00    0.00    1.94    0.00    0.00    0.00   46.60
19:56:36      14   41.41    0.00    1.01    0.00    0.00    2.02    0.00    0.00    0.00   55.56
19:56:36      15   40.40    0.00    4.04    0.00    0.00    1.01    0.00    0.00    0.00   54.55
19:56:36      16   60.82    0.00    6.19    0.00    0.00    1.03    0.00    0.00    0.00   31.96
19:56:36      17   61.62    0.00    6.06    0.00    0.00    1.01    0.00    0.00    0.00   31.31
19:56:36      18   60.42    0.00    5.21    0.00    0.00    0.00    0.00    0.00    0.00   34.38
19:56:36      19   58.42    0.00    5.94    0.00    0.00    2.97    0.00    0.00    0.00   32.67
19:56:36      20   60.42    0.00    4.17    0.00    0.00    1.04    0.00    0.00    0.00   34.38
19:56:36      21   60.82    0.00    5.15    0.00    0.00    1.03    0.00    0.00    0.00   32.99
19:56:36      22   58.59    0.00    7.07    0.00    0.00    3.03    0.00    0.00    0.00   31.31
19:56:36      23   61.22    0.00    5.10    0.00    0.00    2.04    0.00    0.00    0.00   31.63
19:56:36      24   85.00    0.00   10.00    0.00    0.00    4.00    0.00    0.00    0.00    1.00
19:56:36      25   83.17    0.00   11.88    0.00    0.00    3.96    0.00    0.00    0.00    0.99
19:56:36      26   86.00    0.00   11.00    0.00    0.00    2.00    0.00    0.00    0.00    1.00
19:56:36      27   82.18    0.00   13.86    0.00    0.00    2.97    0.00    0.00    0.00    0.99
19:56:36      28   82.18    0.00   10.89    0.00    0.00    5.94    0.00    0.00    0.00    0.99
19:56:36      29   87.13    0.00    6.93    0.00    0.00    4.95    0.00    0.00    0.00    0.99
19:56:36      30   88.12    0.00    6.93    0.00    0.00    3.96    0.00    0.00    0.00    0.99
19:56:36      31   84.00    0.00   11.00    0.00    0.00    4.00    0.00    0.00    0.00    1.00

19:56:36     CPU    %usr   %nice    %sys %iowait    %irq   %soft  %steal  %guest  %gnice   %idle
19:56:37     all   60.72    0.00    6.47    0.06    0.00    1.99    0.00    0.00    0.00   30.75
19:56:37       0   59.78    0.00    4.35    0.00    0.00    1.09    0.00    0.00    0.00   34.78
19:56:37       1   57.29    0.00    8.33    0.00    0.00    2.08    0.00    0.00    0.00   32.29
19:56:37       2   62.14    0.00    4.85    0.00    0.00    1.94    0.00    0.00    0.00   31.07
19:56:37       3   61.00    0.00    6.00    0.00    0.00    1.00    0.00    0.00    0.00   32.00
19:56:37       4   57.14    0.00    8.16    0.00    0.00    1.02    0.00    0.00    0.00   33.67
19:56:37       5   59.79    0.00    5.15    0.00    0.00    1.03    0.00    0.00    0.00   34.02
19:56:37       6   57.43    0.00    7.92    0.00    0.00    0.99    0.00    0.00    0.00   33.66
19:56:37       7   58.42    0.00    5.94    0.00    0.00    1.98    0.00    0.00    0.00   33.66
19:56:37       8   31.63    0.00    2.04    1.02    0.00    3.06    0.00    0.00    0.00   62.24
19:56:37       9   36.36    0.00    2.02    1.01    0.00    0.00    0.00    0.00    0.00   60.61
19:56:37      10   42.42    0.00    3.03    0.00    0.00    1.01    0.00    0.00    0.00   53.54
19:56:37      11   40.40    0.00    3.03    0.00    0.00    2.02    0.00    0.00    0.00   54.55
19:56:37      12   39.78    0.00    1.08    0.00    0.00    0.00    0.00    0.00    0.00   59.14
19:56:37      13   38.78    0.00    2.04    0.00    0.00    2.04    0.00    0.00    0.00   57.14
19:56:37      14   39.36    0.00    5.32    0.00    0.00    0.00    0.00    0.00    0.00   55.32
19:56:37      15   44.86    0.00    5.61    0.00    0.00    0.93    0.00    0.00    0.00   48.60
19:56:37      16   59.79    0.00    6.19    0.00    0.00    3.09    0.00    0.00    0.00   30.93
19:56:37      17   62.89    0.00    4.12    0.00    0.00    1.03    0.00    0.00    0.00   31.96
19:56:37      18   54.08    0.00   10.20    0.00    0.00    1.02    0.00    0.00    0.00   34.69
19:56:37      19   59.22    0.00    6.80    0.00    0.00    1.94    0.00    0.00    0.00   32.04
19:56:37      20   62.63    0.00    4.04    0.00    0.00    1.01    0.00    0.00    0.00   32.32
19:56:37      21   58.33    0.00    5.21    0.00    0.00    3.12    0.00    0.00    0.00   33.33
19:56:37      22   62.63    0.00    4.04    0.00    0.00    0.00    0.00    0.00    0.00   33.33
19:56:37      23   59.22    0.00    5.83    0.00    0.00    1.94    0.00    0.00    0.00   33.01
19:56:37      24   84.16    0.00   10.89    0.00    0.00    3.96    0.00    0.00    0.00    0.99
19:56:37      25   85.00    0.00    8.00    0.00    0.00    5.00    0.00    0.00    0.00    2.00
19:56:37      26   82.83    0.00   12.12    0.00    0.00    4.04    0.00    0.00    0.00    1.01
19:56:37      27   86.00    0.00    8.00    0.00    0.00    5.00    0.00    0.00    0.00    1.00
19:56:37      28   84.00    0.00   11.00    0.00    0.00    3.00    0.00    0.00    0.00    2.00
19:56:37      29   82.83    0.00   13.13    0.00    0.00    3.03    0.00    0.00    0.00    1.01
19:56:37      30   83.17    0.00   12.87    0.00    0.00    1.98    0.00    0.00    0.00    1.98
19:56:37      31   86.00    0.00    9.00    0.00    0.00    4.00    0.00    0.00    0.00    1.00

19:56:37     CPU    %usr   %nice    %sys %iowait    %irq   %soft  %steal  %guest  %gnice   %idle
19:56:38     all   60.14    0.00    6.98    0.00    0.00    2.02    0.00    0.00    0.00   30.86
19:56:38       0   60.19    0.00    7.77    0.00    0.00    1.94    0.00    0.00    0.00   30.10
19:56:38       1   64.29    0.00    4.08    0.00    0.00    1.02    0.00    0.00    0.00   30.61
19:56:38       2   64.89    0.00    3.19    0.00    0.00    1.06    0.00    0.00    0.00   30.85
19:56:38       3   61.00    0.00    6.00    0.00    0.00    1.00    0.00    0.00    0.00   32.00
19:56:38       4   57.73    0.00    8.25    0.00    0.00    1.03    0.00    0.00    0.00   32.99
19:56:38       5   59.41    0.00    6.93    0.00    0.00    0.99    0.00    0.00    0.00   32.67
19:56:38       6   50.50    0.00    8.91    0.00    0.00    1.98    0.00    0.00    0.00   38.61
19:56:38       7   51.04    0.00    6.25    0.00    0.00    2.08    0.00    0.00    0.00   40.62
19:56:38       8   34.38    0.00    4.17    0.00    0.00    1.04    0.00    0.00    0.00   60.42
19:56:38       9   30.21    0.00    6.25    0.00    0.00    2.08    0.00    0.00    0.00   61.46
19:56:38      10   42.71    0.00    2.08    0.00    0.00    1.04    0.00    0.00    0.00   54.17
19:56:38      11   44.44    0.00    3.03    0.00    0.00    0.00    0.00    0.00    0.00   52.53
19:56:38      12   35.42    0.00    5.21    0.00    0.00    2.08    0.00    0.00    0.00   57.29
19:56:38      13   42.57    0.00    2.97    0.00    0.00    0.00    0.00    0.00    0.00   54.46
19:56:38      14   42.31    0.00    4.81    0.00    0.00    1.92    0.00    0.00    0.00   50.96
19:56:38      15   42.00    0.00    5.00    0.00    0.00    1.00    0.00    0.00    0.00   52.00
19:56:38      16   57.45    0.00    6.38    0.00    0.00    2.13    0.00    0.00    0.00   34.04
19:56:38      17   60.20    0.00    6.12    0.00    0.00    3.06    0.00    0.00    0.00   30.61
19:56:38      18   56.57    0.00   10.10    0.00    0.00    2.02    0.00    0.00    0.00   31.31
19:56:38      19   58.82    0.00    8.82    0.00    0.00    0.98    0.00    0.00    0.00   31.37
19:56:38      20   60.82    0.00    3.09    0.00    0.00    1.03    0.00    0.00    0.00   35.05
19:56:38      21   60.19    0.00    6.80    0.00    0.00    1.94    0.00    0.00    0.00   31.07
19:56:38      22   53.00    0.00    7.00    0.00    0.00    2.00    0.00    0.00    0.00   38.00
19:56:38      23   54.08    0.00    7.14    0.00    0.00    1.02    0.00    0.00    0.00   37.76
19:56:38      24   81.82    0.00   12.12    0.00    0.00    5.05    0.00    0.00    0.00    1.01
19:56:38      25   81.82    0.00   13.13    0.00    0.00    4.04    0.00    0.00    0.00    1.01
19:56:38      26   83.84    0.00   12.12    0.00    0.00    3.03    0.00    0.00    0.00    1.01
19:56:38      27   87.88    0.00   10.10    0.00    0.00    1.01    0.00    0.00    0.00    1.01
19:56:38      28   87.88    0.00    6.06    0.00    0.00    5.05    0.00    0.00    0.00    1.01
19:56:38      29   81.19    0.00   10.89    0.00    0.00    5.94    0.00    0.00    0.00    1.98
19:56:38      30   90.00    0.00    6.00    0.00    0.00    3.00    0.00    0.00    0.00    1.00
19:56:38      31   83.17    0.00   11.88    0.00    0.00    2.97    0.00    0.00    0.00    1.98

19:56:38     CPU    %usr   %nice    %sys %iowait    %irq   %soft  %steal  %guest  %gnice   %idle
19:56:39     all   60.38    0.00    6.62    0.00    0.00    2.01    0.00    0.00    0.00   30.99
19:56:39       0   61.46    0.00    5.21    0.00    0.00    1.04    0.00    0.00    0.00   32.29
19:56:39       1   60.82    0.00    6.19    0.00    0.00    1.03    0.00    0.00    0.00   31.96
19:56:39       2   53.19    0.00    6.38    0.00    0.00    2.13    0.00    0.00    0.00   38.30
19:56:39       3   51.96    0.00    7.84    0.00    0.00    2.94    0.00    0.00    0.00   37.25
19:56:39       4   62.38    0.00    6.93    0.00    0.00    1.98    0.00    0.00    0.00   28.71
19:56:39       5   57.29    0.00    7.29    0.00    0.00    4.17    0.00    0.00    0.00   31.25
19:56:39       6   60.61    0.00    5.05    0.00    0.00    1.01    0.00    0.00    0.00   33.33
19:56:39       7   61.39    0.00    4.95    0.00    0.00    0.99    0.00    0.00    0.00   32.67
19:56:39       8   34.74    0.00    3.16    0.00    0.00    1.05    0.00    0.00    0.00   61.05
19:56:39       9   32.63    0.00    6.32    0.00    0.00    0.00    0.00    0.00    0.00   61.05
19:56:39      10   35.79    0.00    2.11    0.00    0.00    1.05    0.00    0.00    0.00   61.05
19:56:39      11   36.73    0.00    5.10    0.00    0.00    2.04    0.00    0.00    0.00   56.12
19:56:39      12   39.18    0.00    5.15    0.00    0.00    1.03    0.00    0.00    0.00   54.64
19:56:39      13   41.67    0.00    4.17    0.00    0.00    1.04    0.00    0.00    0.00   53.12
19:56:39      14   38.95    0.00    3.16    0.00    0.00    0.00    0.00    0.00    0.00   57.89
19:56:39      15   39.58    0.00    4.17    0.00    0.00    1.04    0.00    0.00    0.00   55.21
19:56:39      16   61.86    0.00    6.19    0.00    0.00    1.03    0.00    0.00    0.00   30.93
19:56:39      17   60.20    0.00    5.10    0.00    0.00    3.06    0.00    0.00    0.00   31.63
19:56:39      18   51.58    0.00    6.32    0.00    0.00    3.16    0.00    0.00    0.00   38.95
19:56:39      19   54.55    0.00    7.07    0.00    0.00    1.01    0.00    0.00    0.00   37.37
19:56:39      20   61.54    0.00    7.69    0.00    0.00    1.92    0.00    0.00    0.00   28.85
19:56:39      21   62.38    0.00    5.94    0.00    0.00    1.98    0.00    0.00    0.00   29.70
19:56:39      22   56.70    0.00    8.25    0.00    0.00    1.03    0.00    0.00    0.00   34.02
19:56:39      23   59.18    0.00    6.12    0.00    0.00    1.02    0.00    0.00    0.00   33.67
19:56:39      24   85.86    0.00   10.10    0.00    0.00    3.03    0.00    0.00    0.00    1.01
19:56:39      25   87.00    0.00    8.00    0.00    0.00    4.00    0.00    0.00    0.00    1.00
19:56:39      26   85.15    0.00    9.90    0.00    0.00    3.96    0.00    0.00    0.00    0.99
19:56:39      27   84.16    0.00   10.89    0.00    0.00    2.97    0.00    0.00    0.00    1.98
19:56:39      28   88.89    0.00   10.10    0.00    0.00    0.00    0.00    0.00    0.00    1.01
19:56:39      29   84.85    0.00   10.10    0.00    0.00    4.04    0.00    0.00    0.00    1.01
19:56:39      30   88.00    0.00    6.00    0.00    0.00    4.00    0.00    0.00    0.00    2.00
19:56:39      31   83.84    0.00   10.10    0.00    0.00    5.05    0.00    0.00    0.00    1.01

19:56:39     CPU    %usr   %nice    %sys %iowait    %irq   %soft  %steal  %guest  %gnice   %idle
19:56:40     all   60.13    0.00    7.23    0.00    0.00    1.84    0.00    0.00    0.00   30.80
19:56:40       0   57.89    0.00    6.32    0.00    0.00    2.11    0.00    0.00    0.00   33.68
19:56:40       1   59.80    0.00    5.88    0.00    0.00    1.96    0.00    0.00    0.00   32.35
19:56:40       2   54.26    0.00   10.64    0.00    0.00    1.06    0.00    0.00    0.00   34.04
19:56:40       3   51.58    0.00    8.42    0.00    0.00    2.11    0.00    0.00    0.00   37.89
19:56:40       4   58.16    0.00    8.16    0.00    0.00    2.04    0.00    0.00    0.00   31.63
19:56:40       5   61.90    0.00    6.67    0.00    0.00    1.90    0.00    0.00    0.00   29.52
19:56:40       6   54.64    0.00    8.25    0.00    0.00    3.09    0.00    0.00    0.00   34.02
19:56:40       7   55.45    0.00   10.89    0.00    0.00    0.00    0.00    0.00    0.00   33.66
19:56:40       8   42.27    0.00    6.19    0.00    0.00    0.00    0.00    0.00    0.00   51.55
19:56:40       9   44.44    0.00    4.04    0.00    0.00    1.01    0.00    0.00    0.00   50.51
19:56:40      10   40.00    0.00    3.16    0.00    0.00    1.05    0.00    0.00    0.00   55.79
19:56:40      11   47.06    0.00    2.94    0.00    0.00    0.98    0.00    0.00    0.00   49.02
19:56:40      12   33.33    0.00    4.17    0.00    0.00    0.00    0.00    0.00    0.00   62.50
19:56:40      13   37.76    0.00    3.06    0.00    0.00    1.02    0.00    0.00    0.00   58.16
19:56:40      14   36.00    0.00    4.00    0.00    0.00    1.00    0.00    0.00    0.00   59.00
19:56:40      15   32.98    0.00    2.13    0.00    0.00    1.06    0.00    0.00    0.00   63.83
19:56:40      16   58.95    0.00    6.32    0.00    0.00    2.11    0.00    0.00    0.00   32.63
19:56:40      17   64.29    0.00    5.10    0.00    0.00    0.00    0.00    0.00    0.00   30.61
19:56:40      18   56.57    0.00    8.08    0.00    0.00    0.00    0.00    0.00    0.00   35.35
19:56:40      19   56.25    0.00    6.25    0.00    0.00    1.04    0.00    0.00    0.00   36.46
19:56:40      20   59.38    0.00    6.25    0.00    0.00    2.08    0.00    0.00    0.00   32.29
19:56:40      21   58.42    0.00    7.92    0.00    0.00    1.98    0.00    0.00    0.00   31.68
19:56:40      22   56.00    0.00    7.00    0.00    0.00    3.00    0.00    0.00    0.00   34.00
19:56:40      23   61.76    0.00    3.92    0.00    0.00    1.96    0.00    0.00    0.00   32.35
19:56:40      24   86.87    0.00    9.09    0.00    0.00    3.03    0.00    0.00    0.00    1.01
19:56:40      25   81.19    0.00   11.88    0.00    0.00    5.94    0.00    0.00    0.00    0.99
19:56:40      26   86.87    0.00   10.10    0.00    0.00    2.02    0.00    0.00    0.00    1.01
19:56:40      27   87.00    0.00   10.00    0.00    0.00    2.00    0.00    0.00    0.00    1.00
19:56:40      28   84.00    0.00   10.00    0.00    0.00    4.00    0.00    0.00    0.00    2.00
19:56:40      29   84.16    0.00   11.88    0.00    0.00    2.97    0.00    0.00    0.00    0.99
19:56:40      30   81.63    0.00   12.24    0.00    0.00    5.10    0.00    0.00    0.00    1.02
19:56:40      31   88.00    0.00   10.00    0.00    0.00    1.00    0.00    0.00    0.00    1.00

19:56:40     CPU    %usr   %nice    %sys %iowait    %irq   %soft  %steal  %guest  %gnice   %idle
19:56:41     all   60.60    0.00    6.81    0.00    0.00    1.96    0.00    0.00    0.00   30.63
19:56:41       0   59.79    0.00    7.22    0.00    0.00    1.03    0.00    0.00    0.00   31.96
19:56:41       1   64.00    0.00    6.00    0.00    0.00    1.00    0.00    0.00    0.00   29.00
19:56:41       2   62.14    0.00    3.88    0.00    0.00    2.91    0.00    0.00    0.00   31.07
19:56:41       3   58.00    0.00    8.00    0.00    0.00    3.00    0.00    0.00    0.00   31.00
19:56:41       4   64.95    0.00    3.09    0.00    0.00    1.03    0.00    0.00    0.00   30.93
19:56:41       5   60.20    0.00    6.12    0.00    0.00    2.04    0.00    0.00    0.00   31.63
19:56:41       6   55.56    0.00    7.07    0.00    0.00    1.01    0.00    0.00    0.00   36.36
19:56:41       7   56.44    0.00    6.93    0.00    0.00    0.99    0.00    0.00    0.00   35.64
19:56:41       8   29.79    0.00    3.19    0.00    0.00    0.00    0.00    0.00    0.00   67.02
19:56:41       9   32.65    0.00    3.06    0.00    0.00    1.02    0.00    0.00    0.00   63.27
19:56:41      10   39.80    0.00    4.08    0.00    0.00    2.04    0.00    0.00    0.00   54.08
19:56:41      11   38.78    0.00    4.08    0.00    0.00    1.02    0.00    0.00    0.00   56.12
19:56:41      12   35.05    0.00    2.06    0.00    0.00    2.06    0.00    0.00    0.00   60.82
19:56:41      13   36.73    0.00    2.04    0.00    0.00    1.02    0.00    0.00    0.00   60.20
19:56:41      14   41.76    0.00    3.30    0.00    0.00    1.10    0.00    0.00    0.00   53.85
19:56:41      15   45.92    0.00    4.08    0.00    0.00    1.02    0.00    0.00    0.00   48.98
19:56:41      16   64.08    0.00    5.83    0.00    0.00    0.97    0.00    0.00    0.00   29.13
19:56:41      17   59.41    0.00    8.91    0.00    0.00    1.98    0.00    0.00    0.00   29.70
19:56:41      18   60.20    0.00    7.14    0.00    0.00    2.04    0.00    0.00    0.00   30.61
19:56:41      19   61.39    0.00    5.94    0.00    0.00    1.98    0.00    0.00    0.00   30.69
19:56:41      20   59.80    0.00    7.84    0.00    0.00    1.96    0.00    0.00    0.00   30.39
19:56:41      21   60.61    0.00    7.07    0.00    0.00    1.01    0.00    0.00    0.00   31.31
19:56:41      22   51.04    0.00    8.33    0.00    0.00    2.08    0.00    0.00    0.00   38.54
19:56:41      23   53.47    0.00    7.92    0.00    0.00    0.99    0.00    0.00    0.00   37.62
19:56:41      24   87.13    0.00    8.91    0.00    0.00    1.98    0.00    0.00    0.00    1.98
19:56:41      25   85.00    0.00   11.00    0.00    0.00    3.00    0.00    0.00    0.00    1.00
19:56:41      26   82.00    0.00   12.00    0.00    0.00    5.00    0.00    0.00    0.00    1.00
19:56:41      27   88.00    0.00    8.00    0.00    0.00    3.00    0.00    0.00    0.00    1.00
19:56:41      28   84.85    0.00   12.12    0.00    0.00    2.02    0.00    0.00    0.00    1.01
19:56:41      29   85.86    0.00   10.10    0.00    0.00    3.03    0.00    0.00    0.00    1.01
19:56:41      30   84.31    0.00    9.80    0.00    0.00    4.90    0.00    0.00    0.00    0.98
19:56:41      31   83.17    0.00   11.88    0.00    0.00    3.96    0.00    0.00    0.00    0.99

19:56:41     CPU    %usr   %nice    %sys %iowait    %irq   %soft  %steal  %guest  %gnice   %idle
19:56:42     all   45.39    0.00    5.33    0.00    0.00    1.55    0.00    0.00    0.00   47.73
19:56:42       0   44.79    0.00    6.25    0.00    0.00    0.00    0.00    0.00    0.00   48.96
19:56:42       1   37.23    0.00    5.32    0.00    0.00    0.00    0.00    0.00    0.00   57.45
19:56:42       2   48.00    0.00    6.00    0.00    0.00    1.00    0.00    0.00    0.00   45.00
19:56:42       3   48.96    0.00    4.17    0.00    0.00    2.08    0.00    0.00    0.00   44.79
19:56:42       4   42.42    0.00    2.02    0.00    0.00    1.01    0.00    0.00    0.00   54.55
19:56:42       5   44.44    0.00    4.04    0.00    0.00    0.00    0.00    0.00    0.00   51.52
19:56:42       6   40.00    0.00    5.00    0.00    0.00    2.00    0.00    0.00    0.00   53.00
19:56:42       7   38.38    0.00    5.05    0.00    0.00    2.02    0.00    0.00    0.00   54.55
19:56:42       8   25.74    0.00    4.95    0.00    0.00    0.00    0.00    0.00    0.00   69.31
19:56:42       9   10.53    0.00    1.05    0.00    0.00    0.00    0.00    0.00    0.00   88.42
19:56:42      10   30.30    0.00    3.03    0.00    0.00    2.02    0.00    0.00    0.00   64.65
19:56:42      11   30.21    0.00    5.21    0.00    0.00    0.00    0.00    0.00    0.00   64.58
19:56:42      12   40.00    0.00    2.00    0.00    0.00    1.00    0.00    0.00    0.00   57.00
19:56:42      13   32.99    0.00    3.09    0.00    0.00    1.03    0.00    0.00    0.00   62.89
19:56:42      14   32.32    0.00    1.01    0.00    0.00    2.02    0.00    0.00    0.00   64.65
19:56:42      15   31.96    0.00    3.09    0.00    0.00    1.03    0.00    0.00    0.00   63.92
19:56:42      16   32.26    0.00    5.38    0.00    0.00    2.15    0.00    0.00    0.00   60.22
19:56:42      17   46.94    0.00    6.12    0.00    0.00    2.04    0.00    0.00    0.00   44.90
19:56:42      18   50.00    0.00    5.00    0.00    0.00    1.00    0.00    0.00    0.00   44.00
19:56:42      19   41.41    0.00    5.05    0.00    0.00    0.00    0.00    0.00    0.00   53.54
19:56:42      20   49.00    0.00    2.00    0.00    0.00    2.00    0.00    0.00    0.00   47.00
19:56:42      21   38.78    0.00    4.08    0.00    0.00    2.04    0.00    0.00    0.00   55.10
19:56:42      22   46.94    0.00    4.08    0.00    0.00    0.00    0.00    0.00    0.00   48.98
19:56:42      23   47.52    0.00    8.91    0.00    0.00    1.98    0.00    0.00    0.00   41.58
19:56:42      24   59.00    0.00   11.00    0.00    0.00    3.00    0.00    0.00    0.00   27.00
19:56:42      25   65.66    0.00    8.08    0.00    0.00    2.02    0.00    0.00    0.00   24.24
19:56:42      26   65.00    0.00    6.00    0.00    0.00    4.00    0.00    0.00    0.00   25.00
19:56:42      27   63.92    0.00    8.25    0.00    0.00    4.12    0.00    0.00    0.00   23.71
19:56:42      28   61.17    0.00    7.77    0.00    0.00    3.88    0.00    0.00    0.00   27.18
19:56:42      29   64.65    0.00    9.09    0.00    0.00    2.02    0.00    0.00    0.00   24.24
19:56:42      30   66.67    0.00    8.08    0.00    0.00    2.02    0.00    0.00    0.00   23.23
19:56:42      31   70.59    0.00    9.80    0.00    0.00    1.96    0.00    0.00    0.00   17.65

Average:     CPU    %usr   %nice    %sys %iowait    %irq   %soft  %steal  %guest  %gnice   %idle
Average:     all   60.84    0.00    7.01    0.01    0.00    1.90    0.00    0.00    0.00   30.24
Average:       0   60.43    0.00    6.59    0.02    0.00    1.54    0.00    0.00    0.00   31.42
Average:       1   61.01    0.00    6.28    0.01    0.00    1.45    0.00    0.00    0.00   31.25
Average:       2   59.57    0.00    6.54    0.02    0.00    1.71    0.00    0.00    0.00   32.16
Average:       3   60.07    0.00    6.53    0.00    0.00    1.57    0.00    0.00    0.00   31.83
Average:       4   59.16    0.00    6.47    0.02    0.00    1.47    0.00    0.00    0.00   32.89
Average:       5   59.41    0.00    7.02    0.01    0.00    1.46    0.00    0.00    0.00   32.10
Average:       6   59.25    0.00    6.56    0.02    0.00    1.47    0.00    0.00    0.00   32.71
Average:       7   59.03    0.00    6.51    0.02    0.00    1.55    0.00    0.00    0.00   32.89
Average:       8   38.20    0.00    3.63    0.01    0.00    0.91    0.00    0.00    0.00   57.25
Average:       9   38.29    0.00    3.82    0.10    0.00    0.90    0.00    0.00    0.00   56.89
Average:      10   38.95    0.00    3.81    0.01    0.00    0.92    0.00    0.00    0.00   56.32
Average:      11   38.90    0.00    3.66    0.00    0.00    0.94    0.00    0.00    0.00   56.50
Average:      12   40.60    0.00    3.78    0.00    0.00    0.97    0.00    0.00    0.00   54.64
Average:      13   40.55    0.00    3.75    0.00    0.00    0.97    0.00    0.00    0.00   54.73
Average:      14   41.44    0.00    3.94    0.01    0.00    1.02    0.00    0.00    0.00   53.60
Average:      15   41.25    0.00    4.10    0.01    0.00    1.05    0.00    0.00    0.00   53.60
Average:      16   60.52    0.00    6.57    0.02    0.00    1.70    0.00    0.00    0.00   31.19
Average:      17   60.40    0.00    6.42    0.02    0.00    1.52    0.00    0.00    0.00   31.64
Average:      18   59.68    0.00    6.54    0.02    0.00    1.51    0.00    0.00    0.00   32.25
Average:      19   59.64    0.00    6.62    0.01    0.00    1.48    0.00    0.00    0.00   32.26
Average:      20   59.54    0.00    6.26    0.01    0.00    1.53    0.00    0.00    0.00   32.67
Average:      21   58.60    0.00    7.69    0.01    0.00    1.47    0.00    0.00    0.00   32.24
Average:      22   59.17    0.00    6.51    0.02    0.00    1.60    0.00    0.00    0.00   32.71
Average:      23   59.11    0.00    6.35    0.03    0.00    1.56    0.00    0.00    0.00   32.96
Average:      24   83.81    0.00   10.91    0.00    0.00    3.52    0.00    0.00    0.00    1.76
Average:      25   83.86    0.00   10.97    0.00    0.00    3.54    0.00    0.00    0.00    1.63
Average:      26   84.03    0.00   10.81    0.00    0.00    3.59    0.00    0.00    0.00    1.57
Average:      27   83.90    0.00   11.01    0.01    0.00    3.57    0.00    0.00    0.00    1.50
Average:      28   83.77    0.00   11.08    0.00    0.00    3.51    0.00    0.00    0.00    1.64
Average:      29   83.76    0.00   10.93    0.00    0.00    3.56    0.00    0.00    0.00    1.75
Average:      30   83.64    0.00   11.21    0.01    0.00    3.53    0.00    0.00    0.00    1.62
Average:      31   83.93    0.00   10.81    0.00    0.00    3.56    0.00    0.00    0.00    1.70
