Linux 5.15.0-177-generic (node0.paper.datacntr-effcy-pg0.utah.cloudlab.us) 	07/10/26 	_x86_64_	(32 CPU)

19:44:03     CPU    %usr   %nice    %sys %iowait    %irq   %soft  %steal  %guest  %gnice   %idle
19:44:04     all   49.84    0.00    1.07    0.00    0.00    0.22    0.00    0.00    0.00   48.87
19:44:04       0   90.00    0.00    0.00    0.00    0.00    0.00    0.00    0.00    0.00   10.00
19:44:04       1   93.00    0.00    0.00    0.00    0.00    0.00    0.00    0.00    0.00    7.00
19:44:04       2   97.00    0.00    0.00    0.00    0.00    0.00    0.00    0.00    0.00    3.00
19:44:04       3   86.87    0.00    0.00    0.00    0.00    0.00    0.00    0.00    0.00   13.13
19:44:04       4   60.40    0.00    0.00    0.00    0.00    0.00    0.00    0.00    0.00   39.60
19:44:04       5  100.00    0.00    0.00    0.00    0.00    0.00    0.00    0.00    0.00    0.00
19:44:04       6   97.03    0.00    0.00    0.00    0.00    0.00    0.00    0.00    0.00    2.97
19:44:04       7    5.05    0.00    2.02    0.00    0.00    1.01    0.00    0.00    0.00   91.92
19:44:04       8   10.10    0.00    1.01    0.00    0.00    0.00    0.00    0.00    0.00   88.89
19:44:04       9    4.04    0.00    1.01    0.00    0.00    0.00    0.00    0.00    0.00   94.95
19:44:04      10    7.00    0.00    2.00    0.00    0.00    1.00    0.00    0.00    0.00   90.00
19:44:04      11    5.00    0.00    0.00    0.00    0.00    1.00    0.00    0.00    0.00   94.00
19:44:04      12   64.00    0.00    0.00    0.00    0.00    0.00    0.00    0.00    0.00   36.00
19:44:04      13   11.88    0.00    2.97    0.00    0.00    0.00    0.00    0.00    0.00   85.15
19:44:04      14   37.37    0.00    1.01    0.00    0.00    0.00    0.00    0.00    0.00   61.62
19:44:04      15   44.00    0.00    0.00    0.00    0.00    0.00    0.00    0.00    0.00   56.00
19:44:04      16   24.00    0.00    0.00    0.00    0.00    0.00    0.00    0.00    0.00   76.00
19:44:04      17   10.00    0.00    2.00    0.00    0.00    0.00    0.00    0.00    0.00   88.00
19:44:04      18   52.53    0.00    0.00    0.00    0.00    0.00    0.00    0.00    0.00   47.47
19:44:04      19    0.00    0.00    0.00    0.00    0.00    0.00    0.00    0.00    0.00  100.00
19:44:04      20   67.00    0.00    0.00    0.00    0.00    0.00    0.00    0.00    0.00   33.00
19:44:04      21  100.00    0.00    0.00    0.00    0.00    0.00    0.00    0.00    0.00    0.00
19:44:04      22    9.09    0.00    1.01    0.00    0.00    1.01    0.00    0.00    0.00   88.89
19:44:04      23    6.12    0.00    0.00    0.00    0.00    0.00    0.00    0.00    0.00   93.88
19:44:04      24   47.47    0.00    2.02    0.00    0.00    0.00    0.00    0.00    0.00   50.51
19:44:04      25   96.04    0.00    1.98    0.00    0.00    0.99    0.00    0.00    0.00    0.99
19:44:04      26   73.74    0.00    2.02    0.00    0.00    0.00    0.00    0.00    0.00   24.24
19:44:04      27   42.00    0.00    4.00    0.00    0.00    1.00    0.00    0.00    0.00   53.00
19:44:04      28   61.00    0.00    1.00    0.00    0.00    1.00    0.00    0.00    0.00   37.00
19:44:04      29   54.08    0.00    5.10    0.00    0.00    0.00    0.00    0.00    0.00   40.82
19:44:04      30   80.81    0.00    1.01    0.00    0.00    0.00    0.00    0.00    0.00   18.18
19:44:04      31   54.00    0.00    4.00    0.00    0.00    0.00    0.00    0.00    0.00   42.00

19:44:04     CPU    %usr   %nice    %sys %iowait    %irq   %soft  %steal  %guest  %gnice   %idle
19:44:05     all   57.53    0.00    4.07    0.00    0.00    0.80    0.00    0.00    0.00   37.60
19:44:05       0   38.00    0.00    5.00    0.00    0.00    0.00    0.00    0.00    0.00   57.00
19:44:05       1   69.07    0.00    2.06    0.00    0.00    1.03    0.00    0.00    0.00   27.84
19:44:05       2   87.88    0.00    0.00    0.00    0.00    0.00    0.00    0.00    0.00   12.12
19:44:05       3  100.00    0.00    0.00    0.00    0.00    0.00    0.00    0.00    0.00    0.00
19:44:05       4   70.83    0.00    0.00    0.00    0.00    0.00    0.00    0.00    0.00   29.17
19:44:05       5   89.11    0.00    0.00    0.00    0.00    0.00    0.00    0.00    0.00   10.89
19:44:05       6   79.00    0.00    2.00    0.00    0.00    0.00    0.00    0.00    0.00   19.00
19:44:05       7   26.04    0.00    9.38    0.00    0.00    0.00    0.00    0.00    0.00   64.58
19:44:05       8   16.49    0.00    3.09    0.00    0.00    0.00    0.00    0.00    0.00   80.41
19:44:05       9   69.00    0.00    1.00    0.00    0.00    0.00    0.00    0.00    0.00   30.00
19:44:05      10   15.31    0.00    6.12    0.00    0.00    3.06    0.00    0.00    0.00   75.51
19:44:05      11   17.71    0.00    3.12    0.00    0.00    2.08    0.00    0.00    0.00   77.08
19:44:05      12   29.29    0.00    1.01    0.00    0.00    0.00    0.00    0.00    0.00   69.70
19:44:05      13    6.25    0.00    1.04    0.00    0.00    0.00    0.00    0.00    0.00   92.71
19:44:05      14   11.34    0.00    2.06    0.00    0.00    0.00    0.00    0.00    0.00   86.60
19:44:05      15   38.14    0.00    1.03    0.00    0.00    1.03    0.00    0.00    0.00   59.79
19:44:05      16   90.00    0.00    0.00    0.00    0.00    0.00    0.00    0.00    0.00   10.00
19:44:05      17   30.11    0.00    1.08    0.00    0.00    1.08    0.00    0.00    0.00   67.74
19:44:05      18   27.08    0.00    3.12    0.00    0.00    0.00    0.00    0.00    0.00   69.79
19:44:05      19   64.65    0.00    2.02    0.00    0.00    0.00    0.00    0.00    0.00   33.33
19:44:05      20   43.43    0.00    5.05    0.00    0.00    2.02    0.00    0.00    0.00   49.49
19:44:05      21   91.92    0.00    2.02    0.00    0.00    0.00    0.00    0.00    0.00    6.06
19:44:05      22   70.10    0.00    3.09    0.00    0.00    0.00    0.00    0.00    0.00   26.80
19:44:05      23   72.16    0.00    1.03    0.00    0.00    1.03    0.00    0.00    0.00   25.77
19:44:05      24   71.58    0.00    8.42    0.00    0.00    2.11    0.00    0.00    0.00   17.89
19:44:05      25   74.23    0.00    7.22    0.00    0.00    1.03    0.00    0.00    0.00   17.53
19:44:05      26   69.79    0.00   12.50    0.00    0.00    1.04    0.00    0.00    0.00   16.67
19:44:05      27   75.26    0.00    8.25    0.00    0.00    2.06    0.00    0.00    0.00   14.43
19:44:05      28   71.13    0.00   10.31    0.00    0.00    2.06    0.00    0.00    0.00   16.49
19:44:05      29   76.84    0.00    4.21    0.00    0.00    2.11    0.00    0.00    0.00   16.84
19:44:05      30   72.16    0.00   12.37    0.00    0.00    2.06    0.00    0.00    0.00   13.40
19:44:05      31   70.71    0.00   13.13    0.00    0.00    2.02    0.00    0.00    0.00   14.14

19:44:05     CPU    %usr   %nice    %sys %iowait    %irq   %soft  %steal  %guest  %gnice   %idle
19:44:06     all   61.47    0.00    6.27    0.00    0.00    1.62    0.00    0.00    0.00   30.64
19:44:06       0   72.55    0.00    2.94    0.00    0.00    0.98    0.00    0.00    0.00   23.53
19:44:06       1   52.08    0.00    5.21    0.00    0.00    0.00    0.00    0.00    0.00   42.71
19:44:06       2   75.00    0.00    2.00    0.00    0.00    0.00    0.00    0.00    0.00   23.00
19:44:06       3   94.95    0.00    1.01    0.00    0.00    0.00    0.00    0.00    0.00    4.04
19:44:06       4   74.00    0.00    4.00    0.00    0.00    0.00    0.00    0.00    0.00   22.00
19:44:06       5   56.04    0.00    2.20    0.00    0.00    0.00    0.00    0.00    0.00   41.76
19:44:06       6   59.18    0.00    4.08    0.00    0.00    1.02    0.00    0.00    0.00   35.71
19:44:06       7   26.09    0.00    6.52    0.00    0.00    2.17    0.00    0.00    0.00   65.22
19:44:06       8   23.76    0.00    4.95    0.00    0.00    1.98    0.00    0.00    0.00   69.31
19:44:06       9   95.96    0.00    0.00    0.00    0.00    0.00    0.00    0.00    0.00    4.04
19:44:06      10   28.42    0.00    7.37    0.00    0.00    2.11    0.00    0.00    0.00   62.11
19:44:06      11   27.84    0.00    7.22    0.00    0.00    4.12    0.00    0.00    0.00   60.82
19:44:06      12   22.77    0.00    7.92    0.00    0.00    0.99    0.00    0.00    0.00   68.32
19:44:06      13   23.71    0.00    2.06    0.00    0.00    3.09    0.00    0.00    0.00   71.13
19:44:06      14   30.11    0.00    5.38    0.00    0.00    2.15    0.00    0.00    0.00   62.37
19:44:06      15   31.58    0.00    6.32    0.00    0.00    2.11    0.00    0.00    0.00   60.00
19:44:06      16   36.46    0.00    5.21    0.00    0.00    2.08    0.00    0.00    0.00   56.25
19:44:06      17   50.98    0.00    6.86    0.00    0.00    0.98    0.00    0.00    0.00   41.18
19:44:06      18   52.58    0.00    6.19    0.00    0.00    1.03    0.00    0.00    0.00   40.21
19:44:06      19   98.00    0.00    2.00    0.00    0.00    0.00    0.00    0.00    0.00    0.00
19:44:06      20   25.00    0.00    7.61    0.00    0.00    2.17    0.00    0.00    0.00   65.22
19:44:06      21   99.00    0.00    1.00    0.00    0.00    0.00    0.00    0.00    0.00    0.00
19:44:06      22   58.82    0.00    4.90    0.00    0.00    0.98    0.00    0.00    0.00   35.29
19:44:06      23   77.23    0.00    1.98    0.00    0.00    0.00    0.00    0.00    0.00   20.79
19:44:06      24   82.83    0.00   10.10    0.00    0.00    4.04    0.00    0.00    0.00    3.03
19:44:06      25   80.00    0.00   15.00    0.00    0.00    3.00    0.00    0.00    0.00    2.00
19:44:06      26   79.80    0.00   12.12    0.00    0.00    4.04    0.00    0.00    0.00    4.04
19:44:06      27   79.80    0.00   14.14    0.00    0.00    4.04    0.00    0.00    0.00    2.02
19:44:06      28   83.00    0.00   13.00    0.00    0.00    3.00    0.00    0.00    0.00    1.00
19:44:06      29   88.00    0.00    8.00    0.00    0.00    1.00    0.00    0.00    0.00    3.00
19:44:06      30   84.16    0.00   10.89    0.00    0.00    2.97    0.00    0.00    0.00    1.98
19:44:06      31   83.84    0.00   12.12    0.00    0.00    2.02    0.00    0.00    0.00    2.02

19:44:06     CPU    %usr   %nice    %sys %iowait    %irq   %soft  %steal  %guest  %gnice   %idle
19:44:07     all   45.43    0.00    5.70    0.00    0.00    2.04    0.00    0.00    0.00   46.83
19:44:07       0   27.84    0.00    8.25    0.00    0.00    2.06    0.00    0.00    0.00   61.86
19:44:07       1   29.17    0.00    5.21    0.00    0.00    2.08    0.00    0.00    0.00   63.54
19:44:07       2   99.00    0.00    1.00    0.00    0.00    0.00    0.00    0.00    0.00    0.00
19:44:07       3   26.00    0.00    7.00    0.00    0.00    1.00    0.00    0.00    0.00   66.00
19:44:07       4   23.23    0.00    8.08    0.00    0.00    1.01    0.00    0.00    0.00   67.68
19:44:07       5   22.58    0.00    6.45    0.00    0.00    2.15    0.00    0.00    0.00   68.82
19:44:07       6   31.63    0.00    6.12    0.00    0.00    2.04    0.00    0.00    0.00   60.20
19:44:07       7   29.70    0.00    7.92    0.00    0.00    2.97    0.00    0.00    0.00   59.41
19:44:07       8    4.08    0.00    2.04    0.00    0.00    0.00    0.00    0.00    0.00   93.88
19:44:07       9   32.32    0.00    2.02    0.00    0.00    0.00    0.00    0.00    0.00   65.66
19:44:07      10   12.37    0.00    6.19    0.00    0.00    2.06    0.00    0.00    0.00   79.38
19:44:07      11   13.54    0.00    4.17    0.00    0.00    1.04    0.00    0.00    0.00   81.25
19:44:07      12   15.79    0.00    1.05    0.00    0.00    3.16    0.00    0.00    0.00   80.00
19:44:07      13   18.18    0.00    4.04    0.00    0.00    1.01    0.00    0.00    0.00   76.77
19:44:07      14   21.51    0.00    2.15    0.00    0.00    1.08    0.00    0.00    0.00   75.27
19:44:07      15   24.00    0.00    4.00    0.00    0.00    2.00    0.00    0.00    0.00   70.00
19:44:07      16   28.57    0.00    8.16    0.00    0.00    2.04    0.00    0.00    0.00   61.22
19:44:07      17   29.03    0.00    6.45    0.00    0.00    1.08    0.00    0.00    0.00   63.44
19:44:07      18   28.57    0.00    8.16    0.00    0.00    0.00    0.00    0.00    0.00   63.27
19:44:07      19   33.98    0.00    4.85    0.00    0.00    0.97    0.00    0.00    0.00   60.19
19:44:07      20   23.16    0.00    7.37    0.00    0.00    0.00    0.00    0.00    0.00   69.47
19:44:07      21  100.00    0.00    0.00    0.00    0.00    0.00    0.00    0.00    0.00    0.00
19:44:07      22   27.66    0.00    4.26    0.00    0.00    4.26    0.00    0.00    0.00   63.83
19:44:07      23   29.90    0.00    8.25    0.00    0.00    1.03    0.00    0.00    0.00   60.82
19:44:07      24   90.00    0.00    5.00    0.00    0.00    5.00    0.00    0.00    0.00    0.00
19:44:07      25   87.13    0.00    6.93    0.00    0.00    4.95    0.00    0.00    0.00    0.99
19:44:07      26   88.00    0.00    9.00    0.00    0.00    3.00    0.00    0.00    0.00    0.00
19:44:07      27   88.00    0.00    8.00    0.00    0.00    4.00    0.00    0.00    0.00    0.00
19:44:07      28   88.12    0.00    7.92    0.00    0.00    3.96    0.00    0.00    0.00    0.00
19:44:07      29   89.11    0.00    5.94    0.00    0.00    3.96    0.00    0.00    0.00    0.99
19:44:07      30   88.00    0.00    7.00    0.00    0.00    5.00    0.00    0.00    0.00    0.00
19:44:07      31   88.12    0.00    8.91    0.00    0.00    1.98    0.00    0.00    0.00    0.99

19:44:07     CPU    %usr   %nice    %sys %iowait    %irq   %soft  %steal  %guest  %gnice   %idle
19:44:08     all   65.80    0.00    6.50    0.00    0.00    2.21    0.00    0.00    0.00   25.49
19:44:08       0   73.96    0.00    4.17    0.00    0.00    0.00    0.00    0.00    0.00   21.88
19:44:08       1   53.92    0.00    8.82    0.00    0.00    1.96    0.00    0.00    0.00   35.29
19:44:08       2   65.00    0.00    7.00    0.00    0.00    2.00    0.00    0.00    0.00   26.00
19:44:08       3   67.35    0.00    4.08    0.00    0.00    3.06    0.00    0.00    0.00   25.51
19:44:08       4   78.00    0.00    2.00    0.00    0.00    1.00    0.00    0.00    0.00   19.00
19:44:08       5   70.00    0.00    4.00    0.00    0.00    1.00    0.00    0.00    0.00   25.00
19:44:08       6   70.71    0.00    8.08    0.00    0.00    1.01    0.00    0.00    0.00   20.20
19:44:08       7   52.58    0.00   11.34    0.00    0.00    3.09    0.00    0.00    0.00   32.99
19:44:08       8   23.00    0.00    4.00    0.00    0.00    3.00    0.00    0.00    0.00   70.00
19:44:08       9   45.00    0.00    3.00    0.00    0.00    1.00    0.00    0.00    0.00   51.00
19:44:08      10   54.55    0.00    4.04    0.00    0.00    0.00    0.00    0.00    0.00   41.41
19:44:08      11   29.00    0.00   10.00    0.00    0.00    3.00    0.00    0.00    0.00   58.00
19:44:08      12   60.00    0.00    4.00    0.00    0.00    1.00    0.00    0.00    0.00   35.00
19:44:08      13   50.51    0.00    8.08    0.00    0.00    1.01    0.00    0.00    0.00   40.40
19:44:08      14   32.67    0.00    6.93    0.00    0.00    3.96    0.00    0.00    0.00   56.44
19:44:08      15   45.92    0.00    7.14    0.00    0.00    1.02    0.00    0.00    0.00   45.92
19:44:08      16   50.54    0.00    8.60    0.00    0.00    3.23    0.00    0.00    0.00   37.63
19:44:08      17   50.50    0.00   10.89    0.00    0.00    1.98    0.00    0.00    0.00   36.63
19:44:08      18   65.35    0.00    5.94    0.00    0.00    1.98    0.00    0.00    0.00   26.73
19:44:08      19   90.10    0.00    3.96    0.00    0.00    0.00    0.00    0.00    0.00    5.94
19:44:08      20   78.79    0.00    2.02    0.00    0.00    0.00    0.00    0.00    0.00   19.19
19:44:08      21   77.00    0.00    4.00    0.00    0.00    2.00    0.00    0.00    0.00   17.00
19:44:08      22   58.70    0.00    6.52    0.00    0.00    1.09    0.00    0.00    0.00   33.70
19:44:08      23   57.89    0.00    5.26    0.00    0.00    3.16    0.00    0.00    0.00   33.68
19:44:08      24   89.11    0.00    6.93    0.00    0.00    2.97    0.00    0.00    0.00    0.99
19:44:08      25   85.86    0.00   11.11    0.00    0.00    3.03    0.00    0.00    0.00    0.00
19:44:08      26   89.11    0.00    5.94    0.00    0.00    3.96    0.00    0.00    0.00    0.99
19:44:08      27   90.00    0.00    6.00    0.00    0.00    4.00    0.00    0.00    0.00    0.00
19:44:08      28   85.86    0.00    7.07    0.00    0.00    6.06    0.00    0.00    0.00    1.01
19:44:08      29   89.00    0.00    8.00    0.00    0.00    3.00    0.00    0.00    0.00    0.00
19:44:08      30   85.86    0.00   11.11    0.00    0.00    3.03    0.00    0.00    0.00    0.00
19:44:08      31   88.00    0.00    8.00    0.00    0.00    4.00    0.00    0.00    0.00    0.00

19:44:08     CPU    %usr   %nice    %sys %iowait    %irq   %soft  %steal  %guest  %gnice   %idle
19:44:09     all   49.76    0.00    9.17    0.00    0.00    3.31    0.00    0.00    0.00   37.76
19:44:09       0   40.62    0.00    9.38    0.00    0.00    1.04    0.00    0.00    0.00   48.96
19:44:09       1   39.80    0.00   10.20    0.00    0.00    3.06    0.00    0.00    0.00   46.94
19:44:09       2   33.71    0.00   12.36    0.00    0.00    2.25    0.00    0.00    0.00   51.69
19:44:09       3   47.83    0.00    9.78    0.00    0.00    3.26    0.00    0.00    0.00   39.13
19:44:09       4   34.78    0.00    7.61    0.00    0.00    2.17    0.00    0.00    0.00   55.43
19:44:09       5   31.96    0.00   14.43    0.00    0.00    2.06    0.00    0.00    0.00   51.55
19:44:09       6   41.41    0.00    8.08    0.00    0.00    1.01    0.00    0.00    0.00   49.49
19:44:09       7   37.37    0.00    6.06    0.00    0.00    3.03    0.00    0.00    0.00   53.54
19:44:09       8   23.96    0.00    4.17    0.00    0.00    2.08    0.00    0.00    0.00   69.79
19:44:09       9   23.71    0.00    3.09    0.00    0.00    3.09    0.00    0.00    0.00   70.10
19:44:09      10   37.11    0.00    6.19    0.00    0.00    4.12    0.00    0.00    0.00   52.58
19:44:09      11   41.05    0.00    6.32    0.00    0.00    2.11    0.00    0.00    0.00   50.53
19:44:09      12   32.98    0.00    4.26    0.00    0.00    1.06    0.00    0.00    0.00   61.70
19:44:09      13   71.00    0.00    0.00    0.00    0.00    1.00    0.00    0.00    0.00   28.00
19:44:09      14   32.29    0.00    6.25    0.00    0.00    2.08    0.00    0.00    0.00   59.38
19:44:09      15   35.00    0.00    8.00    0.00    0.00    2.00    0.00    0.00    0.00   55.00
19:44:09      16   38.54    0.00    9.38    0.00    0.00    4.17    0.00    0.00    0.00   47.92
19:44:09      17   35.42    0.00   14.58    0.00    0.00    2.08    0.00    0.00    0.00   47.92
19:44:09      18   34.78    0.00   13.04    0.00    0.00    4.35    0.00    0.00    0.00   47.83
19:44:09      19   87.50    0.00    3.12    0.00    0.00    0.00    0.00    0.00    0.00    9.38
19:44:09      20   39.39    0.00    8.08    0.00    0.00    3.03    0.00    0.00    0.00   49.49
19:44:09      21   36.73    0.00    9.18    0.00    0.00    0.00    0.00    0.00    0.00   54.08
19:44:09      22   39.58    0.00    8.33    0.00    0.00    2.08    0.00    0.00    0.00   50.00
19:44:09      23   35.64    0.00    7.92    0.00    0.00    2.97    0.00    0.00    0.00   53.47
19:44:09      24   79.80    0.00   11.11    0.00    0.00    6.06    0.00    0.00    0.00    3.03
19:44:09      25   80.00    0.00   12.00    0.00    0.00    7.00    0.00    0.00    0.00    1.00
19:44:09      26   74.00    0.00   15.00    0.00    0.00    8.00    0.00    0.00    0.00    3.00
19:44:09      27   79.00    0.00   12.00    0.00    0.00    6.00    0.00    0.00    0.00    3.00
19:44:09      28   78.00    0.00   15.00    0.00    0.00    6.00    0.00    0.00    0.00    1.00
19:44:09      29   78.00    0.00   12.00    0.00    0.00    9.00    0.00    0.00    0.00    1.00
19:44:09      30   80.00    0.00   13.00    0.00    0.00    5.00    0.00    0.00    0.00    2.00
19:44:09      31   81.82    0.00   13.13    0.00    0.00    4.04    0.00    0.00    0.00    1.01

19:44:09     CPU    %usr   %nice    %sys %iowait    %irq   %soft  %steal  %guest  %gnice   %idle
19:44:10     all   54.87    0.00   13.25    0.00    0.00    4.38    0.00    0.00    0.00   27.50
19:44:10       0   44.09    0.00   10.75    0.00    0.00    3.23    0.00    0.00    0.00   41.94
19:44:10       1   41.30    0.00   13.04    0.00    0.00    2.17    0.00    0.00    0.00   43.48
19:44:10       2   40.21    0.00   15.46    0.00    0.00    4.12    0.00    0.00    0.00   40.21
19:44:10       3   67.00    0.00    7.00    0.00    0.00    2.00    0.00    0.00    0.00   24.00
19:44:10       4   47.92    0.00   11.46    0.00    0.00    3.12    0.00    0.00    0.00   37.50
19:44:10       5   48.98    0.00   12.24    0.00    0.00    2.04    0.00    0.00    0.00   36.73
19:44:10       6   44.21    0.00   13.68    0.00    0.00    3.16    0.00    0.00    0.00   38.95
19:44:10       7   45.65    0.00   13.04    0.00    0.00    2.17    0.00    0.00    0.00   39.13
19:44:10       8   46.00    0.00   10.00    0.00    0.00    2.00    0.00    0.00    0.00   42.00
19:44:10       9   47.06    0.00    8.82    0.00    0.00    3.92    0.00    0.00    0.00   40.20
19:44:10      10   52.04    0.00   15.31    0.00    0.00    1.02    0.00    0.00    0.00   31.63
19:44:10      11   55.67    0.00   11.34    0.00    0.00    3.09    0.00    0.00    0.00   29.90
19:44:10      12   49.48    0.00   11.34    0.00    0.00    3.09    0.00    0.00    0.00   36.08
19:44:10      13   49.48    0.00   13.40    0.00    0.00    3.09    0.00    0.00    0.00   34.02
19:44:10      14   44.21    0.00   13.68    0.00    0.00    2.11    0.00    0.00    0.00   40.00
19:44:10      15   47.42    0.00   10.31    0.00    0.00    1.03    0.00    0.00    0.00   41.24
19:44:10      16   41.57    0.00   12.36    0.00    0.00    1.12    0.00    0.00    0.00   44.94
19:44:10      17   41.11    0.00   11.11    0.00    0.00    4.44    0.00    0.00    0.00   43.33
19:44:10      18   46.94    0.00   12.24    0.00    0.00    2.04    0.00    0.00    0.00   38.78
19:44:10      19   80.61    0.00    6.12    0.00    0.00    1.02    0.00    0.00    0.00   12.24
19:44:10      20   48.45    0.00   13.40    0.00    0.00    3.09    0.00    0.00    0.00   35.05
19:44:10      21   48.96    0.00   11.46    0.00    0.00    4.17    0.00    0.00    0.00   35.42
19:44:10      22   47.87    0.00   12.77    0.00    0.00    2.13    0.00    0.00    0.00   37.23
19:44:10      23   48.39    0.00    9.68    0.00    0.00    3.23    0.00    0.00    0.00   38.71
19:44:10      24   72.28    0.00   16.83    0.00    0.00    9.90    0.00    0.00    0.00    0.99
19:44:10      25   72.28    0.00   16.83    0.00    0.00    8.91    0.00    0.00    0.00    1.98
19:44:10      26   68.00    0.00   20.00    0.00    0.00   11.00    0.00    0.00    0.00    1.00
19:44:10      27   71.00    0.00   18.00    0.00    0.00   10.00    0.00    0.00    0.00    1.00
19:44:10      28   67.00    0.00   22.00    0.00    0.00   10.00    0.00    0.00    0.00    1.00
19:44:10      29   67.00    0.00   18.00    0.00    0.00   14.00    0.00    0.00    0.00    1.00
19:44:10      30   72.73    0.00   17.17    0.00    0.00    8.08    0.00    0.00    0.00    2.02
19:44:10      31   82.00    0.00   14.00    0.00    0.00    4.00    0.00    0.00    0.00    0.00

19:44:10     CPU    %usr   %nice    %sys %iowait    %irq   %soft  %steal  %guest  %gnice   %idle
19:44:11     all   52.54    0.00   11.80    0.00    0.00    4.08    0.00    0.00    0.00   31.58
19:44:11       0   41.94    0.00   11.83    0.00    0.00    3.23    0.00    0.00    0.00   43.01
19:44:11       1   41.57    0.00   11.24    0.00    0.00    2.25    0.00    0.00    0.00   44.94
19:44:11       2   38.14    0.00   12.37    0.00    0.00    2.06    0.00    0.00    0.00   47.42
19:44:11       3   40.00    0.00   10.53    0.00    0.00    7.37    0.00    0.00    0.00   42.11
19:44:11       4   43.30    0.00   10.31    0.00    0.00    2.06    0.00    0.00    0.00   44.33
19:44:11       5   41.57    0.00    7.87    0.00    0.00    2.25    0.00    0.00    0.00   48.31
19:44:11       6   45.56    0.00   10.00    0.00    0.00    2.22    0.00    0.00    0.00   42.22
19:44:11       7   45.36    0.00   13.40    0.00    0.00    3.09    0.00    0.00    0.00   38.14
19:44:11       8   40.21    0.00    8.25    0.00    0.00    3.09    0.00    0.00    0.00   48.45
19:44:11       9   34.34    0.00   13.13    0.00    0.00    3.03    0.00    0.00    0.00   49.49
19:44:11      10   45.92    0.00    9.18    0.00    0.00    3.06    0.00    0.00    0.00   41.84
19:44:11      11   46.08    0.00   12.75    0.00    0.00    3.92    0.00    0.00    0.00   37.25
19:44:11      12   45.63    0.00   11.65    0.00    0.00    3.88    0.00    0.00    0.00   38.83
19:44:11      13   39.13    0.00    9.78    0.00    0.00    3.26    0.00    0.00    0.00   47.83
19:44:11      14   33.66    0.00   10.89    0.00    0.00    4.95    0.00    0.00    0.00   50.50
19:44:11      15   38.78    0.00    8.16    0.00    0.00    1.02    0.00    0.00    0.00   52.04
19:44:11      16   38.54    0.00   14.58    0.00    0.00    4.17    0.00    0.00    0.00   42.71
19:44:11      17   39.56    0.00   12.09    0.00    0.00    3.30    0.00    0.00    0.00   45.05
19:44:11      18   41.84    0.00   11.22    0.00    0.00    2.04    0.00    0.00    0.00   44.90
19:44:11      19   99.00    0.00    1.00    0.00    0.00    0.00    0.00    0.00    0.00    0.00
19:44:11      20   44.33    0.00    7.22    0.00    0.00    4.12    0.00    0.00    0.00   44.33
19:44:11      21   40.21    0.00   12.37    0.00    0.00    2.06    0.00    0.00    0.00   45.36
19:44:11      22   44.09    0.00   12.90    0.00    0.00    4.30    0.00    0.00    0.00   38.71
19:44:11      23   46.15    0.00   13.46    0.00    0.00    2.88    0.00    0.00    0.00   37.50
19:44:11      24   77.00    0.00   15.00    0.00    0.00    7.00    0.00    0.00    0.00    1.00
19:44:11      25   79.80    0.00   12.12    0.00    0.00    8.08    0.00    0.00    0.00    0.00
19:44:11      26   76.77    0.00   17.17    0.00    0.00    5.05    0.00    0.00    0.00    1.01
19:44:11      27   80.81    0.00   12.12    0.00    0.00    6.06    0.00    0.00    0.00    1.01
19:44:11      28   72.28    0.00   16.83    0.00    0.00    8.91    0.00    0.00    0.00    1.98
19:44:11      29   72.00    0.00   19.00    0.00    0.00    8.00    0.00    0.00    0.00    1.00
19:44:11      30   76.77    0.00   15.15    0.00    0.00    8.08    0.00    0.00    0.00    0.00
19:44:11      31   82.00    0.00   13.00    0.00    0.00    5.00    0.00    0.00    0.00    0.00

19:44:11     CPU    %usr   %nice    %sys %iowait    %irq   %soft  %steal  %guest  %gnice   %idle
19:44:12     all   56.93    0.00   14.00    0.00    0.00    4.48    0.00    0.00    0.00   24.59
19:44:12       0   46.74    0.00   18.48    0.00    0.00    2.17    0.00    0.00    0.00   32.61
19:44:12       1   48.94    0.00   12.77    0.00    0.00    5.32    0.00    0.00    0.00   32.98
19:44:12       2   51.55    0.00   11.34    0.00    0.00    2.06    0.00    0.00    0.00   35.05
19:44:12       3   63.27    0.00    8.16    0.00    0.00    2.04    0.00    0.00    0.00   26.53
19:44:12       4   46.15    0.00   13.19    0.00    0.00    4.40    0.00    0.00    0.00   36.26
19:44:12       5   51.04    0.00   12.50    0.00    0.00    2.08    0.00    0.00    0.00   34.38
19:44:12       6   46.88    0.00   18.75    0.00    0.00    2.08    0.00    0.00    0.00   32.29
19:44:12       7   52.53    0.00   12.12    0.00    0.00    3.03    0.00    0.00    0.00   32.32
19:44:12       8   45.65    0.00   14.13    0.00    0.00    2.17    0.00    0.00    0.00   38.04
19:44:12       9   51.58    0.00   11.58    0.00    0.00    1.05    0.00    0.00    0.00   35.79
19:44:12      10   46.39    0.00   12.37    0.00    0.00    4.12    0.00    0.00    0.00   37.11
19:44:12      11   51.00    0.00   14.00    0.00    0.00    2.00    0.00    0.00    0.00   33.00
19:44:12      12   43.43    0.00   15.15    0.00    0.00    2.02    0.00    0.00    0.00   39.39
19:44:12      13   49.47    0.00   10.53    0.00    0.00    2.11    0.00    0.00    0.00   37.89
19:44:12      14   48.39    0.00   16.13    0.00    0.00    5.38    0.00    0.00    0.00   30.11
19:44:12      15   54.08    0.00   12.24    0.00    0.00    4.08    0.00    0.00    0.00   29.59
19:44:12      16   49.44    0.00   13.48    0.00    0.00    2.25    0.00    0.00    0.00   34.83
19:44:12      17   44.94    0.00   17.98    0.00    0.00    4.49    0.00    0.00    0.00   32.58
19:44:12      18   49.47    0.00   13.68    0.00    0.00    3.16    0.00    0.00    0.00   33.68
19:44:12      19   89.11    0.00    2.97    0.00    0.00    1.98    0.00    0.00    0.00    5.94
19:44:12      20   47.73    0.00   12.50    0.00    0.00    1.14    0.00    0.00    0.00   38.64
19:44:12      21   48.39    0.00   12.90    0.00    0.00    3.23    0.00    0.00    0.00   35.48
19:44:12      22   52.58    0.00    9.28    0.00    0.00    4.12    0.00    0.00    0.00   34.02
19:44:12      23   51.06    0.00    9.57    0.00    0.00    4.26    0.00    0.00    0.00   35.11
19:44:12      24   71.00    0.00   17.00    0.00    0.00   11.00    0.00    0.00    0.00    1.00
19:44:12      25   67.00    0.00   21.00    0.00    0.00   11.00    0.00    0.00    0.00    1.00
19:44:12      26   73.27    0.00   17.82    0.00    0.00    7.92    0.00    0.00    0.00    0.99
19:44:12      27   73.74    0.00   20.20    0.00    0.00    6.06    0.00    0.00    0.00    0.00
19:44:12      28   76.00    0.00   16.00    0.00    0.00    7.00    0.00    0.00    0.00    1.00
19:44:12      29   70.00    0.00   19.00    0.00    0.00   10.00    0.00    0.00    0.00    1.00
19:44:12      30   72.28    0.00   16.83    0.00    0.00    9.90    0.00    0.00    0.00    0.99
19:44:12      31   78.00    0.00   14.00    0.00    0.00    8.00    0.00    0.00    0.00    0.00

19:44:12     CPU    %usr   %nice    %sys %iowait    %irq   %soft  %steal  %guest  %gnice   %idle
19:44:13     all   60.84    0.00   15.33    0.00    0.00    5.20    0.00    0.00    0.00   18.63
19:44:13       0   49.46    0.00   18.28    0.00    0.00    4.30    0.00    0.00    0.00   27.96
19:44:13       1   53.12    0.00   17.71    0.00    0.00    2.08    0.00    0.00    0.00   27.08
19:44:13       2   57.58    0.00   15.15    0.00    0.00    3.03    0.00    0.00    0.00   24.24
19:44:13       3   60.00    0.00   10.53    0.00    0.00    3.16    0.00    0.00    0.00   26.32
19:44:13       4   56.25    0.00   13.54    0.00    0.00    5.21    0.00    0.00    0.00   25.00
19:44:13       5   51.04    0.00   19.79    0.00    0.00    4.17    0.00    0.00    0.00   25.00
19:44:13       6   52.75    0.00   16.48    0.00    0.00    2.20    0.00    0.00    0.00   28.57
19:44:13       7   88.66    0.00    3.09    0.00    0.00    1.03    0.00    0.00    0.00    7.22
19:44:13       8   64.65    0.00   10.10    0.00    0.00    4.04    0.00    0.00    0.00   21.21
19:44:13       9   58.00    0.00   12.00    0.00    0.00    4.00    0.00    0.00    0.00   26.00
19:44:13      10   51.96    0.00   15.69    0.00    0.00    5.88    0.00    0.00    0.00   26.47
19:44:13      11   60.42    0.00    9.38    0.00    0.00    3.12    0.00    0.00    0.00   27.08
19:44:13      12   58.95    0.00   11.58    0.00    0.00    4.21    0.00    0.00    0.00   25.26
19:44:13      13   58.16    0.00   14.29    0.00    0.00    4.08    0.00    0.00    0.00   23.47
19:44:13      14   57.43    0.00   16.83    0.00    0.00    3.96    0.00    0.00    0.00   21.78
19:44:13      15   64.52    0.00   11.83    0.00    0.00    3.23    0.00    0.00    0.00   20.43
19:44:13      16   50.52    0.00   14.43    0.00    0.00    4.12    0.00    0.00    0.00   30.93
19:44:13      17   56.70    0.00   14.43    0.00    0.00    2.06    0.00    0.00    0.00   26.80
19:44:13      18   56.12    0.00   15.31    0.00    0.00    4.08    0.00    0.00    0.00   24.49
19:44:13      19   66.33    0.00   10.20    0.00    0.00    2.04    0.00    0.00    0.00   21.43
19:44:13      20   57.29    0.00   12.50    0.00    0.00    5.21    0.00    0.00    0.00   25.00
19:44:13      21   57.61    0.00   13.04    0.00    0.00    3.26    0.00    0.00    0.00   26.09
19:44:13      22   51.04    0.00   19.79    0.00    0.00    1.04    0.00    0.00    0.00   28.12
19:44:13      23   54.17    0.00   15.62    0.00    0.00    3.12    0.00    0.00    0.00   27.08
19:44:13      24   68.69    0.00   20.20    0.00    0.00   10.10    0.00    0.00    0.00    1.01
19:44:13      25   70.00    0.00   19.00    0.00    0.00   10.00    0.00    0.00    0.00    1.00
19:44:13      26   70.00    0.00   17.00    0.00    0.00   12.00    0.00    0.00    0.00    1.00
19:44:13      27   69.31    0.00   17.82    0.00    0.00   11.88    0.00    0.00    0.00    0.99
19:44:13      28   66.00    0.00   24.00    0.00    0.00    9.00    0.00    0.00    0.00    1.00
19:44:13      29   70.00    0.00   16.00    0.00    0.00   12.00    0.00    0.00    0.00    2.00
19:44:13      30   70.30    0.00   20.79    0.00    0.00    7.92    0.00    0.00    0.00    0.99
19:44:13      31   67.00    0.00   23.00    0.00    0.00    9.00    0.00    0.00    0.00    1.00

19:44:13     CPU    %usr   %nice    %sys %iowait    %irq   %soft  %steal  %guest  %gnice   %idle
19:44:14     all   62.37    0.00   17.04    0.00    0.00    5.19    0.00    0.00    0.00   15.39
19:44:14       0   53.00    0.00   18.00    0.00    0.00    5.00    0.00    0.00    0.00   24.00
19:44:14       1   59.79    0.00   14.43    0.00    0.00    3.09    0.00    0.00    0.00   22.68
19:44:14       2   63.54    0.00   14.58    0.00    0.00    3.12    0.00    0.00    0.00   18.75
19:44:14       3   60.82    0.00   16.49    0.00    0.00    3.09    0.00    0.00    0.00   19.59
19:44:14       4   55.67    0.00   17.53    0.00    0.00    3.09    0.00    0.00    0.00   23.71
19:44:14       5   56.84    0.00   20.00    0.00    0.00    1.05    0.00    0.00    0.00   22.11
19:44:14       6   58.76    0.00   21.65    0.00    0.00    4.12    0.00    0.00    0.00   15.46
19:44:14       7   96.08    0.00    1.96    0.00    0.00    0.00    0.00    0.00    0.00    1.96
19:44:14       8   55.67    0.00   16.49    0.00    0.00    6.19    0.00    0.00    0.00   21.65
19:44:14       9   58.76    0.00   15.46    0.00    0.00    4.12    0.00    0.00    0.00   21.65
19:44:14      10   61.00    0.00   16.00    0.00    0.00    3.00    0.00    0.00    0.00   20.00
19:44:14      11   65.66    0.00   15.15    0.00    0.00    3.03    0.00    0.00    0.00   16.16
19:44:14      12   59.79    0.00   15.46    0.00    0.00    5.15    0.00    0.00    0.00   19.59
19:44:14      13   55.10    0.00   14.29    0.00    0.00    6.12    0.00    0.00    0.00   24.49
19:44:14      14   64.65    0.00   12.12    0.00    0.00    4.04    0.00    0.00    0.00   19.19
19:44:14      15   60.19    0.00   13.59    0.00    0.00    2.91    0.00    0.00    0.00   23.30
19:44:14      16   60.78    0.00   13.73    0.00    0.00    2.94    0.00    0.00    0.00   22.55
19:44:14      17   61.39    0.00   13.86    0.00    0.00    2.97    0.00    0.00    0.00   21.78
19:44:14      18   61.05    0.00   13.68    0.00    0.00    4.21    0.00    0.00    0.00   21.05
19:44:14      19   61.62    0.00   13.13    0.00    0.00    4.04    0.00    0.00    0.00   21.21
19:44:14      20   54.64    0.00   16.49    0.00    0.00    5.15    0.00    0.00    0.00   23.71
19:44:14      21   56.57    0.00   14.14    0.00    0.00    4.04    0.00    0.00    0.00   25.25
19:44:14      22   53.06    0.00   22.45    0.00    0.00    4.08    0.00    0.00    0.00   20.41
19:44:14      23   57.73    0.00   17.53    0.00    0.00    4.12    0.00    0.00    0.00   20.62
19:44:14      24   69.00    0.00   20.00    0.00    0.00   10.00    0.00    0.00    0.00    1.00
19:44:14      25   68.00    0.00   22.00    0.00    0.00    9.00    0.00    0.00    0.00    1.00
19:44:14      26   69.70    0.00   19.19    0.00    0.00   11.11    0.00    0.00    0.00    0.00
19:44:14      27   65.00    0.00   22.00    0.00    0.00   13.00    0.00    0.00    0.00    0.00
19:44:14      28   64.65    0.00   24.24    0.00    0.00   10.10    0.00    0.00    0.00    1.01
19:44:14      29   67.33    0.00   23.76    0.00    0.00    7.92    0.00    0.00    0.00    0.99
19:44:14      30   69.70    0.00   22.22    0.00    0.00    8.08    0.00    0.00    0.00    0.00
19:44:14      31   68.00    0.00   24.00    0.00    0.00    8.00    0.00    0.00    0.00    0.00

19:44:14     CPU    %usr   %nice    %sys %iowait    %irq   %soft  %steal  %guest  %gnice   %idle
19:44:15     all   62.92    0.00   17.21    0.00    0.00    5.62    0.00    0.00    0.00   14.24
19:44:15       0   59.60    0.00   16.16    0.00    0.00    2.02    0.00    0.00    0.00   22.22
19:44:15       1   60.00    0.00   15.79    0.00    0.00    4.21    0.00    0.00    0.00   20.00
19:44:15       2   83.67    0.00    6.12    0.00    0.00    2.04    0.00    0.00    0.00    8.16
19:44:15       3   57.45    0.00   18.09    0.00    0.00    5.32    0.00    0.00    0.00   19.15
19:44:15       4   62.63    0.00   12.12    0.00    0.00    5.05    0.00    0.00    0.00   20.20
19:44:15       5   56.84    0.00   17.89    0.00    0.00    2.11    0.00    0.00    0.00   23.16
19:44:15       6   50.00    0.00   27.08    0.00    0.00    5.21    0.00    0.00    0.00   17.71
19:44:15       7   71.58    0.00   12.63    0.00    0.00    2.11    0.00    0.00    0.00   13.68
19:44:15       8   57.73    0.00   12.37    0.00    0.00    5.15    0.00    0.00    0.00   24.74
19:44:15       9   57.58    0.00   16.16    0.00    0.00    2.02    0.00    0.00    0.00   24.24
19:44:15      10   67.33    0.00   11.88    0.00    0.00    4.95    0.00    0.00    0.00   15.84
19:44:15      11   61.86    0.00   18.56    0.00    0.00    4.12    0.00    0.00    0.00   15.46
19:44:15      12   65.66    0.00   15.15    0.00    0.00    3.03    0.00    0.00    0.00   16.16
19:44:15      13   61.96    0.00   18.48    0.00    0.00    2.17    0.00    0.00    0.00   17.39
19:44:15      14   66.67    0.00   13.54    0.00    0.00    3.12    0.00    0.00    0.00   16.67
19:44:15      15   70.00    0.00   11.00    0.00    0.00    4.00    0.00    0.00    0.00   15.00
19:44:15      16   54.74    0.00   14.74    0.00    0.00    6.32    0.00    0.00    0.00   24.21
19:44:15      17   58.00    0.00   20.00    0.00    0.00    3.00    0.00    0.00    0.00   19.00
19:44:15      18   64.95    0.00   14.43    0.00    0.00    3.09    0.00    0.00    0.00   17.53
19:44:15      19   59.57    0.00   15.96    0.00    0.00    4.26    0.00    0.00    0.00   20.21
19:44:15      20   59.57    0.00   13.83    0.00    0.00    6.38    0.00    0.00    0.00   20.21
19:44:15      21   61.17    0.00   13.59    0.00    0.00    3.88    0.00    0.00    0.00   21.36
19:44:15      22   62.63    0.00   14.14    0.00    0.00    3.03    0.00    0.00    0.00   20.20
19:44:15      23   56.70    0.00   18.56    0.00    0.00    4.12    0.00    0.00    0.00   20.62
19:44:15      24   65.00    0.00   24.00    0.00    0.00   10.00    0.00    0.00    0.00    1.00
19:44:15      25   66.67    0.00   21.21    0.00    0.00   12.12    0.00    0.00    0.00    0.00
19:44:15      26   67.65    0.00   19.61    0.00    0.00   10.78    0.00    0.00    0.00    1.96
19:44:15      27   63.00    0.00   23.00    0.00    0.00   13.00    0.00    0.00    0.00    1.00
19:44:15      28   56.44    0.00   29.70    0.00    0.00   12.87    0.00    0.00    0.00    0.99
19:44:15      29   65.31    0.00   22.45    0.00    0.00   12.24    0.00    0.00    0.00    0.00
19:44:15      30   74.26    0.00   17.82    0.00    0.00    6.93    0.00    0.00    0.00    0.99
19:44:15      31   65.66    0.00   24.24    0.00    0.00   10.10    0.00    0.00    0.00    0.00

19:44:15     CPU    %usr   %nice    %sys %iowait    %irq   %soft  %steal  %guest  %gnice   %idle
19:44:16     all   65.35    0.00   18.63    0.00    0.00    6.13    0.00    0.00    0.00    9.89
19:44:16       0   56.00    0.00   28.00    0.00    0.00    3.00    0.00    0.00    0.00   13.00
19:44:16       1   56.99    0.00   29.03    0.00    0.00    3.23    0.00    0.00    0.00   10.75
19:44:16       2   68.69    0.00   15.15    0.00    0.00    6.06    0.00    0.00    0.00   10.10
19:44:16       3   67.35    0.00   14.29    0.00    0.00    4.08    0.00    0.00    0.00   14.29
19:44:16       4   66.33    0.00   14.29    0.00    0.00    6.12    0.00    0.00    0.00   13.27
19:44:16       5   63.92    0.00   20.62    0.00    0.00    3.09    0.00    0.00    0.00   12.37
19:44:16       6   69.39    0.00   12.24    0.00    0.00    5.10    0.00    0.00    0.00   13.27
19:44:16       7   55.43    0.00   20.65    0.00    0.00    4.35    0.00    0.00    0.00   19.57
19:44:16       8   71.84    0.00   15.53    0.00    0.00    2.91    0.00    0.00    0.00    9.71
19:44:16       9   66.67    0.00   14.58    0.00    0.00    4.17    0.00    0.00    0.00   14.58
19:44:16      10   72.73    0.00   13.13    0.00    0.00    4.04    0.00    0.00    0.00   10.10
19:44:16      11   65.00    0.00   18.00    0.00    0.00    5.00    0.00    0.00    0.00   12.00
19:44:16      12   66.00    0.00   17.00    0.00    0.00    7.00    0.00    0.00    0.00   10.00
19:44:16      13   70.00    0.00   15.00    0.00    0.00    4.00    0.00    0.00    0.00   11.00
19:44:16      14   69.39    0.00   16.33    0.00    0.00    5.10    0.00    0.00    0.00    9.18
19:44:16      15   67.35    0.00   15.31    0.00    0.00    3.06    0.00    0.00    0.00   14.29
19:44:16      16   53.54    0.00   23.23    0.00    0.00    3.03    0.00    0.00    0.00   20.20
19:44:16      17   62.24    0.00   19.39    0.00    0.00    4.08    0.00    0.00    0.00   14.29
19:44:16      18   96.00    0.00    1.00    0.00    0.00    1.00    0.00    0.00    0.00    2.00
19:44:16      19   65.62    0.00   14.58    0.00    0.00    5.21    0.00    0.00    0.00   14.58
19:44:16      20   63.54    0.00   16.67    0.00    0.00    4.17    0.00    0.00    0.00   15.62
19:44:16      21   69.39    0.00   12.24    0.00    0.00    5.10    0.00    0.00    0.00   13.27
19:44:16      22   68.37    0.00   15.31    0.00    0.00    3.06    0.00    0.00    0.00   13.27
19:44:16      23   60.22    0.00   17.20    0.00    0.00    4.30    0.00    0.00    0.00   18.28
19:44:16      24   63.00    0.00   22.00    0.00    0.00   11.00    0.00    0.00    0.00    4.00
19:44:16      25   63.00    0.00   25.00    0.00    0.00   11.00    0.00    0.00    0.00    1.00
19:44:16      26   61.22    0.00   26.53    0.00    0.00   12.24    0.00    0.00    0.00    0.00
19:44:16      27   62.00    0.00   26.00    0.00    0.00   11.00    0.00    0.00    0.00    1.00
19:44:16      28   62.63    0.00   24.24    0.00    0.00   12.12    0.00    0.00    0.00    1.01
19:44:16      29   57.84    0.00   27.45    0.00    0.00   13.73    0.00    0.00    0.00    0.98
19:44:16      30   66.34    0.00   22.77    0.00    0.00    9.90    0.00    0.00    0.00    0.99
19:44:16      31   61.62    0.00   23.23    0.00    0.00   14.14    0.00    0.00    0.00    1.01

19:44:16     CPU    %usr   %nice    %sys %iowait    %irq   %soft  %steal  %guest  %gnice   %idle
19:44:17     all   66.98    0.00   18.31    0.00    0.00    5.96    0.00    0.00    0.00    8.75
19:44:17       0   64.21    0.00   27.37    0.00    0.00    3.16    0.00    0.00    0.00    5.26
19:44:17       1   72.73    0.00   13.13    0.00    0.00    4.04    0.00    0.00    0.00   10.10
19:44:17       2   67.33    0.00   14.85    0.00    0.00    3.96    0.00    0.00    0.00   13.86
19:44:17       3   70.59    0.00   13.73    0.00    0.00    4.90    0.00    0.00    0.00   10.78
19:44:17       4   67.65    0.00   14.71    0.00    0.00    5.88    0.00    0.00    0.00   11.76
19:44:17       5   60.44    0.00   12.09    0.00    0.00    3.30    0.00    0.00    0.00   24.18
19:44:17       6   65.66    0.00   18.18    0.00    0.00    4.04    0.00    0.00    0.00   12.12
19:44:17       7   63.27    0.00   17.35    0.00    0.00    6.12    0.00    0.00    0.00   13.27
19:44:17       8   71.72    0.00   15.15    0.00    0.00    5.05    0.00    0.00    0.00    8.08
19:44:17       9   68.00    0.00   16.00    0.00    0.00    5.00    0.00    0.00    0.00   11.00
19:44:17      10   70.71    0.00   14.14    0.00    0.00    6.06    0.00    0.00    0.00    9.09
19:44:17      11   65.00    0.00   16.00    0.00    0.00    4.00    0.00    0.00    0.00   15.00
19:44:17      12   74.00    0.00   14.00    0.00    0.00    4.00    0.00    0.00    0.00    8.00
19:44:17      13   64.36    0.00   15.84    0.00    0.00    3.96    0.00    0.00    0.00   15.84
19:44:17      14   74.26    0.00   13.86    0.00    0.00    2.97    0.00    0.00    0.00    8.91
19:44:17      15   67.68    0.00   18.18    0.00    0.00    6.06    0.00    0.00    0.00    8.08
19:44:17      16   57.58    0.00   37.37    0.00    0.00    1.01    0.00    0.00    0.00    4.04
19:44:17      17   75.76    0.00   13.13    0.00    0.00    1.01    0.00    0.00    0.00   10.10
19:44:17      18   75.25    0.00   10.89    0.00    0.00    2.97    0.00    0.00    0.00   10.89
19:44:17      19   65.66    0.00   18.18    0.00    0.00    5.05    0.00    0.00    0.00   11.11
19:44:17      20   91.18    0.00    4.90    0.00    0.00    1.96    0.00    0.00    0.00    1.96
19:44:17      21   60.19    0.00   15.53    0.00    0.00    4.85    0.00    0.00    0.00   19.42
19:44:17      22   60.40    0.00   19.80    0.00    0.00    5.94    0.00    0.00    0.00   13.86
19:44:17      23   65.35    0.00   14.85    0.00    0.00    5.94    0.00    0.00    0.00   13.86
19:44:17      24   58.00    0.00   28.00    0.00    0.00   13.00    0.00    0.00    0.00    1.00
19:44:17      25   62.75    0.00   23.53    0.00    0.00   12.75    0.00    0.00    0.00    0.98
19:44:17      26   58.59    0.00   27.27    0.00    0.00   13.13    0.00    0.00    0.00    1.01
19:44:17      27   67.68    0.00   20.20    0.00    0.00   10.10    0.00    0.00    0.00    2.02
19:44:17      28   63.00    0.00   23.00    0.00    0.00   13.00    0.00    0.00    0.00    1.00
19:44:17      29   64.29    0.00   24.49    0.00    0.00   10.20    0.00    0.00    0.00    1.02
19:44:17      30   64.65    0.00   26.26    0.00    0.00    8.08    0.00    0.00    0.00    1.01
19:44:17      31   64.36    0.00   24.75    0.00    0.00    8.91    0.00    0.00    0.00    1.98

19:44:17     CPU    %usr   %nice    %sys %iowait    %irq   %soft  %steal  %guest  %gnice   %idle
19:44:18     all   66.38    0.00   19.04    0.00    0.00    6.04    0.00    0.00    0.00    8.53
19:44:18       0   69.23    0.00   19.23    0.00    0.00    3.85    0.00    0.00    0.00    7.69
19:44:18       1   72.73    0.00   15.15    0.00    0.00    5.05    0.00    0.00    0.00    7.07
19:44:18       2   61.86    0.00   16.49    0.00    0.00    5.15    0.00    0.00    0.00   16.49
19:44:18       3   67.65    0.00   18.63    0.00    0.00    3.92    0.00    0.00    0.00    9.80
19:44:18       4   85.71    0.00    7.14    0.00    0.00    2.04    0.00    0.00    0.00    5.10
19:44:18       5   73.96    0.00   10.42    0.00    0.00    4.17    0.00    0.00    0.00   11.46
19:44:18       6   68.00    0.00   16.00    0.00    0.00    3.00    0.00    0.00    0.00   13.00
19:44:18       7   66.32    0.00   15.79    0.00    0.00    5.26    0.00    0.00    0.00   12.63
19:44:18       8   69.07    0.00   19.59    0.00    0.00    5.15    0.00    0.00    0.00    6.19
19:44:18       9   65.69    0.00   24.51    0.00    0.00    5.88    0.00    0.00    0.00    3.92
19:44:18      10   72.45    0.00   15.31    0.00    0.00    4.08    0.00    0.00    0.00    8.16
19:44:18      11   72.00    0.00   17.00    0.00    0.00    6.00    0.00    0.00    0.00    5.00
19:44:18      12   69.39    0.00   15.31    0.00    0.00    4.08    0.00    0.00    0.00   11.22
19:44:18      13   34.00    0.00    8.00    0.00    0.00    2.00    0.00    0.00    0.00   56.00
19:44:18      14   74.75    0.00   18.18    0.00    0.00    3.03    0.00    0.00    0.00    4.04
19:44:18      15   72.73    0.00   16.16    0.00    0.00    5.05    0.00    0.00    0.00    6.06
19:44:18      16   50.51    0.00   40.40    0.00    0.00    4.04    0.00    0.00    0.00    5.05
19:44:18      17   67.65    0.00   20.59    0.00    0.00    2.94    0.00    0.00    0.00    8.82
19:44:18      18   63.64    0.00   16.16    0.00    0.00    6.06    0.00    0.00    0.00   14.14
19:44:18      19   70.00    0.00   15.00    0.00    0.00    6.00    0.00    0.00    0.00    9.00
19:44:18      20   82.47    0.00   12.37    0.00    0.00    0.00    0.00    0.00    0.00    5.15
19:44:18      21   69.39    0.00   13.27    0.00    0.00    6.12    0.00    0.00    0.00   11.22
19:44:18      22   70.71    0.00   13.13    0.00    0.00    2.02    0.00    0.00    0.00   14.14
19:44:18      23   67.35    0.00   15.31    0.00    0.00    5.10    0.00    0.00    0.00   12.24
19:44:18      24   65.00    0.00   26.00    0.00    0.00    9.00    0.00    0.00    0.00    0.00
19:44:18      25   58.42    0.00   28.71    0.00    0.00   11.88    0.00    0.00    0.00    0.99
19:44:18      26   59.41    0.00   26.73    0.00    0.00   12.87    0.00    0.00    0.00    0.99
19:44:18      27   61.39    0.00   26.73    0.00    0.00   10.89    0.00    0.00    0.00    0.99
19:44:18      28   63.00    0.00   23.00    0.00    0.00   13.00    0.00    0.00    0.00    1.00
19:44:18      29   58.16    0.00   26.53    0.00    0.00   11.22    0.00    0.00    0.00    4.08
19:44:18      30   59.00    0.00   28.00    0.00    0.00   12.00    0.00    0.00    0.00    1.00
19:44:18      31   64.00    0.00   23.00    0.00    0.00   12.00    0.00    0.00    0.00    1.00

19:44:18     CPU    %usr   %nice    %sys %iowait    %irq   %soft  %steal  %guest  %gnice   %idle
19:44:19     all   65.29    0.00   19.08    0.00    0.00    6.32    0.00    0.00    0.00    9.31
19:44:19       0   61.62    0.00   18.18    0.00    0.00    1.01    0.00    0.00    0.00   19.19
19:44:19       1   61.86    0.00   14.43    0.00    0.00    6.19    0.00    0.00    0.00   17.53
19:44:19       2   65.35    0.00   16.83    0.00    0.00    5.94    0.00    0.00    0.00   11.88
19:44:19       3   67.68    0.00   17.17    0.00    0.00    3.03    0.00    0.00    0.00   12.12
19:44:19       4   79.80    0.00   10.10    0.00    0.00    2.02    0.00    0.00    0.00    8.08
19:44:19       5   64.29    0.00   16.33    0.00    0.00    5.10    0.00    0.00    0.00   14.29
19:44:19       6   55.10    0.00   35.71    0.00    0.00    3.06    0.00    0.00    0.00    6.12
19:44:19       7   63.64    0.00   18.18    0.00    0.00    4.04    0.00    0.00    0.00   14.14
19:44:19       8   69.61    0.00   13.73    0.00    0.00    5.88    0.00    0.00    0.00   10.78
19:44:19       9   72.00    0.00   13.00    0.00    0.00    5.00    0.00    0.00    0.00   10.00
19:44:19      10   69.70    0.00   17.17    0.00    0.00    6.06    0.00    0.00    0.00    7.07
19:44:19      11   67.65    0.00   19.61    0.00    0.00    1.96    0.00    0.00    0.00   10.78
19:44:19      12   72.12    0.00   13.46    0.00    0.00    6.73    0.00    0.00    0.00    7.69
19:44:19      13   60.61    0.00   14.14    0.00    0.00    6.06    0.00    0.00    0.00   19.19
19:44:19      14   67.00    0.00   20.00    0.00    0.00    5.00    0.00    0.00    0.00    8.00
19:44:19      15   67.68    0.00   15.15    0.00    0.00    6.06    0.00    0.00    0.00   11.11
19:44:19      16   61.22    0.00   17.35    0.00    0.00    4.08    0.00    0.00    0.00   17.35
19:44:19      17   62.14    0.00   15.53    0.00    0.00    3.88    0.00    0.00    0.00   18.45
19:44:19      18   67.01    0.00   18.56    0.00    0.00    4.12    0.00    0.00    0.00   10.31
19:44:19      19   59.00    0.00   19.00    0.00    0.00    7.00    0.00    0.00    0.00   15.00
19:44:19      20   86.87    0.00    6.06    0.00    0.00    3.03    0.00    0.00    0.00    4.04
19:44:19      21   61.22    0.00   21.43    0.00    0.00    4.08    0.00    0.00    0.00   13.27
19:44:19      22   64.58    0.00   18.75    0.00    0.00    4.17    0.00    0.00    0.00   12.50
19:44:19      23   58.76    0.00   28.87    0.00    0.00    3.09    0.00    0.00    0.00    9.28
19:44:19      24   65.35    0.00   20.79    0.00    0.00   11.88    0.00    0.00    0.00    1.98
19:44:19      25   58.59    0.00   25.25    0.00    0.00   15.15    0.00    0.00    0.00    1.01
19:44:19      26   67.68    0.00   21.21    0.00    0.00   10.10    0.00    0.00    0.00    1.01
19:44:19      27   69.00    0.00   18.00    0.00    0.00   12.00    0.00    0.00    0.00    1.00
19:44:19      28   61.39    0.00   25.74    0.00    0.00   10.89    0.00    0.00    0.00    1.98
19:44:19      29   61.00    0.00   27.00    0.00    0.00   11.00    0.00    0.00    0.00    1.00
19:44:19      30   56.57    0.00   32.32    0.00    0.00   10.10    0.00    0.00    0.00    1.01
19:44:19      31   62.63    0.00   22.22    0.00    0.00   14.14    0.00    0.00    0.00    1.01

19:44:19     CPU    %usr   %nice    %sys %iowait    %irq   %soft  %steal  %guest  %gnice   %idle
19:44:20     all   65.32    0.00   19.55    0.00    0.00    6.32    0.00    0.00    0.00    8.81
19:44:20       0   66.67    0.00   14.14    0.00    0.00    5.05    0.00    0.00    0.00   14.14
19:44:20       1   66.33    0.00   17.35    0.00    0.00    3.06    0.00    0.00    0.00   13.27
19:44:20       2   62.75    0.00   17.65    0.00    0.00    4.90    0.00    0.00    0.00   14.71
19:44:20       3   65.69    0.00   16.67    0.00    0.00    3.92    0.00    0.00    0.00   13.73
19:44:20       4   92.00    0.00    4.00    0.00    0.00    1.00    0.00    0.00    0.00    3.00
19:44:20       5   62.11    0.00   16.84    0.00    0.00    6.32    0.00    0.00    0.00   14.74
19:44:20       6   65.66    0.00   16.16    0.00    0.00    5.05    0.00    0.00    0.00   13.13
19:44:20       7   62.11    0.00   23.16    0.00    0.00    5.26    0.00    0.00    0.00    9.47
19:44:20       8   68.32    0.00   19.80    0.00    0.00    3.96    0.00    0.00    0.00    7.92
19:44:20       9   65.31    0.00   13.27    0.00    0.00    8.16    0.00    0.00    0.00   13.27
19:44:20      10   69.00    0.00   19.00    0.00    0.00    4.00    0.00    0.00    0.00    8.00
19:44:20      11   67.35    0.00   17.35    0.00    0.00    2.04    0.00    0.00    0.00   13.27
19:44:20      12   69.39    0.00   18.37    0.00    0.00    4.08    0.00    0.00    0.00    8.16
19:44:20      13   73.47    0.00   15.31    0.00    0.00    3.06    0.00    0.00    0.00    8.16
19:44:20      14   70.41    0.00   16.33    0.00    0.00    5.10    0.00    0.00    0.00    8.16
19:44:20      15   71.13    0.00   19.59    0.00    0.00    2.06    0.00    0.00    0.00    7.22
19:44:20      16   61.86    0.00   16.49    0.00    0.00    5.15    0.00    0.00    0.00   16.49
19:44:20      17   62.00    0.00   21.00    0.00    0.00    3.00    0.00    0.00    0.00   14.00
19:44:20      18   56.84    0.00   24.21    0.00    0.00    4.21    0.00    0.00    0.00   14.74
19:44:20      19   64.36    0.00   17.82    0.00    0.00    5.94    0.00    0.00    0.00   11.88
19:44:20      20   65.66    0.00   18.18    0.00    0.00    4.04    0.00    0.00    0.00   12.12
19:44:20      21   62.75    0.00   15.69    0.00    0.00    7.84    0.00    0.00    0.00   13.73
19:44:20      22   64.29    0.00   19.39    0.00    0.00    4.08    0.00    0.00    0.00   12.24
19:44:20      23   56.44    0.00   26.73    0.00    0.00    4.95    0.00    0.00    0.00   11.88
19:44:20      24   59.18    0.00   25.51    0.00    0.00   15.31    0.00    0.00    0.00    0.00
19:44:20      25   65.31    0.00   23.47    0.00    0.00   11.22    0.00    0.00    0.00    0.00
19:44:20      26   62.63    0.00   26.26    0.00    0.00   10.10    0.00    0.00    0.00    1.01
19:44:20      27   65.00    0.00   23.00    0.00    0.00   11.00    0.00    0.00    0.00    1.00
19:44:20      28   60.00    0.00   25.00    0.00    0.00   15.00    0.00    0.00    0.00    0.00
19:44:20      29   58.00    0.00   27.00    0.00    0.00   14.00    0.00    0.00    0.00    1.00
19:44:20      30   64.00    0.00   24.00    0.00    0.00   11.00    0.00    0.00    0.00    1.00
19:44:20      31   64.00    0.00   27.00    0.00    0.00    8.00    0.00    0.00    0.00    1.00

19:44:20     CPU    %usr   %nice    %sys %iowait    %irq   %soft  %steal  %guest  %gnice   %idle
19:44:21     all   65.48    0.00   19.30    0.00    0.00    6.29    0.00    0.00    0.00    8.94
19:44:21       0   62.00    0.00   22.00    0.00    0.00    4.00    0.00    0.00    0.00   12.00
19:44:21       1   66.34    0.00   14.85    0.00    0.00    5.94    0.00    0.00    0.00   12.87
19:44:21       2   52.08    0.00   40.62    0.00    0.00    2.08    0.00    0.00    0.00    5.21
19:44:21       3   64.65    0.00   19.19    0.00    0.00    2.02    0.00    0.00    0.00   14.14
19:44:21       4   74.00    0.00   14.00    0.00    0.00    3.00    0.00    0.00    0.00    9.00
19:44:21       5   71.84    0.00   12.62    0.00    0.00    2.91    0.00    0.00    0.00   12.62
19:44:21       6   64.00    0.00   14.00    0.00    0.00    7.00    0.00    0.00    0.00   15.00
19:44:21       7   64.71    0.00   15.69    0.00    0.00    3.92    0.00    0.00    0.00   15.69
19:44:21       8   67.35    0.00   18.37    0.00    0.00    5.10    0.00    0.00    0.00    9.18
19:44:21       9   66.67    0.00   16.67    0.00    0.00    4.17    0.00    0.00    0.00   12.50
19:44:21      10   64.13    0.00   18.48    0.00    0.00    6.52    0.00    0.00    0.00   10.87
19:44:21      11   64.00    0.00   16.00    0.00    0.00    9.00    0.00    0.00    0.00   11.00
19:44:21      12   69.39    0.00   12.24    0.00    0.00    4.08    0.00    0.00    0.00   14.29
19:44:21      13   66.33    0.00   18.37    0.00    0.00    5.10    0.00    0.00    0.00   10.20
19:44:21      14   66.00    0.00   20.00    0.00    0.00    3.00    0.00    0.00    0.00   11.00
19:44:21      15   66.67    0.00   17.20    0.00    0.00    3.23    0.00    0.00    0.00   12.90
19:44:21      16   63.92    0.00   16.49    0.00    0.00    7.22    0.00    0.00    0.00   12.37
19:44:21      17   64.95    0.00   18.56    0.00    0.00    5.15    0.00    0.00    0.00   11.34
19:44:21      18   63.00    0.00   23.00    0.00    0.00    5.00    0.00    0.00    0.00    9.00
19:44:21      19   69.07    0.00   13.40    0.00    0.00    4.12    0.00    0.00    0.00   13.40
19:44:21      20   83.17    0.00    9.90    0.00    0.00    0.99    0.00    0.00    0.00    5.94
19:44:21      21   67.00    0.00   16.00    0.00    0.00    6.00    0.00    0.00    0.00   11.00
19:44:21      22   65.00    0.00   17.00    0.00    0.00    5.00    0.00    0.00    0.00   13.00
19:44:21      23   69.07    0.00   14.43    0.00    0.00    3.09    0.00    0.00    0.00   13.40
19:44:21      24   65.35    0.00   21.78    0.00    0.00   11.88    0.00    0.00    0.00    0.99
19:44:21      25   63.73    0.00   22.55    0.00    0.00   11.76    0.00    0.00    0.00    1.96
19:44:21      26   61.39    0.00   26.73    0.00    0.00   10.89    0.00    0.00    0.00    0.99
19:44:21      27   65.31    0.00   25.51    0.00    0.00    9.18    0.00    0.00    0.00    0.00
19:44:21      28   65.00    0.00   25.00    0.00    0.00    8.00    0.00    0.00    0.00    2.00
19:44:21      29   58.00    0.00   29.00    0.00    0.00   12.00    0.00    0.00    0.00    1.00
19:44:21      30   62.00    0.00   23.00    0.00    0.00   14.00    0.00    0.00    0.00    1.00
19:44:21      31   58.59    0.00   25.25    0.00    0.00   15.15    0.00    0.00    0.00    1.01

19:44:21     CPU    %usr   %nice    %sys %iowait    %irq   %soft  %steal  %guest  %gnice   %idle
19:44:22     all   65.81    0.00   19.14    0.00    0.00    6.02    0.00    0.00    0.00    9.03
19:44:22       0   61.86    0.00   16.49    0.00    0.00    3.09    0.00    0.00    0.00   18.56
19:44:22       1   59.57    0.00   20.21    0.00    0.00    2.13    0.00    0.00    0.00   18.09
19:44:22       2   52.53    0.00   39.39    0.00    0.00    4.04    0.00    0.00    0.00    4.04
19:44:22       3   69.70    0.00   17.17    0.00    0.00    3.03    0.00    0.00    0.00   10.10
19:44:22       4   74.47    0.00   12.77    0.00    0.00    1.06    0.00    0.00    0.00   11.70
19:44:22       5   68.37    0.00   14.29    0.00    0.00    6.12    0.00    0.00    0.00   11.22
19:44:22       6   69.00    0.00   15.00    0.00    0.00    4.00    0.00    0.00    0.00   12.00
19:44:22       7   68.32    0.00   14.85    0.00    0.00    3.96    0.00    0.00    0.00   12.87
19:44:22       8   69.00    0.00   14.00    0.00    0.00    4.00    0.00    0.00    0.00   13.00
19:44:22       9   71.13    0.00   15.46    0.00    0.00    2.06    0.00    0.00    0.00   11.34
19:44:22      10   71.72    0.00   16.16    0.00    0.00    4.04    0.00    0.00    0.00    8.08
19:44:22      11   70.71    0.00   17.17    0.00    0.00    5.05    0.00    0.00    0.00    7.07
19:44:22      12   70.71    0.00   13.13    0.00    0.00    6.06    0.00    0.00    0.00   10.10
19:44:22      13   66.35    0.00   15.38    0.00    0.00    3.85    0.00    0.00    0.00   14.42
19:44:22      14   74.00    0.00   17.00    0.00    0.00    2.00    0.00    0.00    0.00    7.00
19:44:22      15   71.43    0.00   14.29    0.00    0.00    4.08    0.00    0.00    0.00   10.20
19:44:22      16   58.33    0.00   18.75    0.00    0.00    3.12    0.00    0.00    0.00   19.79
19:44:22      17   55.67    0.00   18.56    0.00    0.00    7.22    0.00    0.00    0.00   18.56
19:44:22      18   64.95    0.00   22.68    0.00    0.00    3.09    0.00    0.00    0.00    9.28
19:44:22      19   67.71    0.00   14.58    0.00    0.00    5.21    0.00    0.00    0.00   12.50
19:44:22      20   86.87    0.00    5.05    0.00    0.00    1.01    0.00    0.00    0.00    7.07
19:44:22      21   64.36    0.00   18.81    0.00    0.00    4.95    0.00    0.00    0.00   11.88
19:44:22      22   66.30    0.00   17.39    0.00    0.00    3.26    0.00    0.00    0.00   13.04
19:44:22      23   59.18    0.00   20.41    0.00    0.00    8.16    0.00    0.00    0.00   12.24
19:44:22      24   62.00    0.00   25.00    0.00    0.00   12.00    0.00    0.00    0.00    1.00
19:44:22      25   56.00    0.00   31.00    0.00    0.00   12.00    0.00    0.00    0.00    1.00
19:44:22      26   62.00    0.00   26.00    0.00    0.00   11.00    0.00    0.00    0.00    1.00
19:44:22      27   61.76    0.00   25.49    0.00    0.00   11.76    0.00    0.00    0.00    0.98
19:44:22      28   59.00    0.00   24.00    0.00    0.00   16.00    0.00    0.00    0.00    1.00
19:44:22      29   59.00    0.00   26.00    0.00    0.00   15.00    0.00    0.00    0.00    0.00
19:44:22      30   69.00    0.00   21.00    0.00    0.00    9.00    0.00    0.00    0.00    1.00
19:44:22      31   65.00    0.00   24.00    0.00    0.00   10.00    0.00    0.00    0.00    1.00

19:44:22     CPU    %usr   %nice    %sys %iowait    %irq   %soft  %steal  %guest  %gnice   %idle
19:44:23     all   65.87    0.00   19.21    0.00    0.00    6.23    0.00    0.00    0.00    8.69
19:44:23       0   64.29    0.00   18.37    0.00    0.00    4.08    0.00    0.00    0.00   13.27
19:44:23       1   67.35    0.00   14.29    0.00    0.00    4.08    0.00    0.00    0.00   14.29
19:44:23       2   62.63    0.00   27.27    0.00    0.00    3.03    0.00    0.00    0.00    7.07
19:44:23       3   66.67    0.00   17.17    0.00    0.00    6.06    0.00    0.00    0.00   10.10
19:44:23       4   75.25    0.00    9.90    0.00    0.00    4.95    0.00    0.00    0.00    9.90
19:44:23       5   62.24    0.00   19.39    0.00    0.00    3.06    0.00    0.00    0.00   15.31
19:44:23       6   67.71    0.00   11.46    0.00    0.00    4.17    0.00    0.00    0.00   16.67
19:44:23       7   69.31    0.00   11.88    0.00    0.00    4.95    0.00    0.00    0.00   13.86
19:44:23       8   73.74    0.00   12.12    0.00    0.00    4.04    0.00    0.00    0.00   10.10
19:44:23       9   72.00    0.00   13.00    0.00    0.00    6.00    0.00    0.00    0.00    9.00
19:44:23      10   73.74    0.00   11.11    0.00    0.00    5.05    0.00    0.00    0.00   10.10
19:44:23      11   68.32    0.00   17.82    0.00    0.00    4.95    0.00    0.00    0.00    8.91
19:44:23      12   68.69    0.00   18.18    0.00    0.00    3.03    0.00    0.00    0.00   10.10
19:44:23      13   66.33    0.00   16.33    0.00    0.00    3.06    0.00    0.00    0.00   14.29
19:44:23      14   70.00    0.00   15.00    0.00    0.00    6.00    0.00    0.00    0.00    9.00
19:44:23      15   64.95    0.00   19.59    0.00    0.00    5.15    0.00    0.00    0.00   10.31
19:44:23      16   71.29    0.00   15.84    0.00    0.00    1.98    0.00    0.00    0.00   10.89
19:44:23      17   63.54    0.00   16.67    0.00    0.00    5.21    0.00    0.00    0.00   14.58
19:44:23      18   57.43    0.00   32.67    0.00    0.00    4.95    0.00    0.00    0.00    4.95
19:44:23      19   68.00    0.00   13.00    0.00    0.00    6.00    0.00    0.00    0.00   13.00
19:44:23      20   83.17    0.00    6.93    0.00    0.00    2.97    0.00    0.00    0.00    6.93
19:44:23      21   66.67    0.00   16.16    0.00    0.00    6.06    0.00    0.00    0.00   11.11
19:44:23      22   63.27    0.00   15.31    0.00    0.00    5.10    0.00    0.00    0.00   16.33
19:44:23      23   64.29    0.00   20.41    0.00    0.00    4.08    0.00    0.00    0.00   11.22
19:44:23      24   60.61    0.00   24.24    0.00    0.00   14.14    0.00    0.00    0.00    1.01
19:44:23      25   63.00    0.00   23.00    0.00    0.00   13.00    0.00    0.00    0.00    1.00
19:44:23      26   60.40    0.00   25.74    0.00    0.00   12.87    0.00    0.00    0.00    0.99
19:44:23      27   54.55    0.00   35.35    0.00    0.00    9.09    0.00    0.00    0.00    1.01
19:44:23      28   59.41    0.00   29.70    0.00    0.00    9.90    0.00    0.00    0.00    0.99
19:44:23      29   56.57    0.00   33.33    0.00    0.00    9.09    0.00    0.00    0.00    1.01
19:44:23      30   59.00    0.00   28.00    0.00    0.00   12.00    0.00    0.00    0.00    1.00
19:44:23      31   63.00    0.00   25.00    0.00    0.00   11.00    0.00    0.00    0.00    1.00

19:44:23     CPU    %usr   %nice    %sys %iowait    %irq   %soft  %steal  %guest  %gnice   %idle
19:44:24     all   65.63    0.00   19.20    0.00    0.00    5.78    0.00    0.00    0.00    9.38
19:44:24       0   64.95    0.00   16.49    0.00    0.00    2.06    0.00    0.00    0.00   16.49
19:44:24       1   70.59    0.00   14.71    0.00    0.00    1.96    0.00    0.00    0.00   12.75
19:44:24       2   61.22    0.00   25.51    0.00    0.00    3.06    0.00    0.00    0.00   10.20
19:44:24       3   61.46    0.00   17.71    0.00    0.00    6.25    0.00    0.00    0.00   14.58
19:44:24       4   84.00    0.00    8.00    0.00    0.00    2.00    0.00    0.00    0.00    6.00
19:44:24       5   66.67    0.00   14.14    0.00    0.00    5.05    0.00    0.00    0.00   14.14
19:44:24       6   57.29    0.00   21.88    0.00    0.00    5.21    0.00    0.00    0.00   15.62
19:44:24       7   67.68    0.00   16.16    0.00    0.00    2.02    0.00    0.00    0.00   14.14
19:44:24       8   73.47    0.00   13.27    0.00    0.00    4.08    0.00    0.00    0.00    9.18
19:44:24       9   68.63    0.00   15.69    0.00    0.00    4.90    0.00    0.00    0.00   10.78
19:44:24      10   71.00    0.00   17.00    0.00    0.00    3.00    0.00    0.00    0.00    9.00
19:44:24      11   66.33    0.00   17.35    0.00    0.00    5.10    0.00    0.00    0.00   11.22
19:44:24      12   65.98    0.00   19.59    0.00    0.00    4.12    0.00    0.00    0.00   10.31
19:44:24      13   65.69    0.00   18.63    0.00    0.00    4.90    0.00    0.00    0.00   10.78
19:44:24      14   65.31    0.00   18.37    0.00    0.00    5.10    0.00    0.00    0.00   11.22
19:44:24      15   69.00    0.00   14.00    0.00    0.00    4.00    0.00    0.00    0.00   13.00
19:44:24      16   64.65    0.00   15.15    0.00    0.00    3.03    0.00    0.00    0.00   17.17
19:44:24      17   66.02    0.00   18.45    0.00    0.00    2.91    0.00    0.00    0.00   12.62
19:44:24      18   59.79    0.00   23.71    0.00    0.00    5.15    0.00    0.00    0.00   11.34
19:44:24      19   68.09    0.00   19.15    0.00    0.00    2.13    0.00    0.00    0.00   10.64
19:44:24      20   78.79    0.00   11.11    0.00    0.00    3.03    0.00    0.00    0.00    7.07
19:44:24      21   66.33    0.00   16.33    0.00    0.00    4.08    0.00    0.00    0.00   13.27
19:44:24      22   57.14    0.00   28.57    0.00    0.00    2.04    0.00    0.00    0.00   12.24
19:44:24      23   67.71    0.00   14.58    0.00    0.00    2.08    0.00    0.00    0.00   15.62
19:44:24      24   65.00    0.00   23.00    0.00    0.00   10.00    0.00    0.00    0.00    2.00
19:44:24      25   67.68    0.00   22.22    0.00    0.00    9.09    0.00    0.00    0.00    1.01
19:44:24      26   60.00    0.00   26.00    0.00    0.00   12.00    0.00    0.00    0.00    2.00
19:44:24      27   54.55    0.00   27.27    0.00    0.00   17.17    0.00    0.00    0.00    1.01
19:44:24      28   57.00    0.00   26.00    0.00    0.00   16.00    0.00    0.00    0.00    1.00
19:44:24      29   62.75    0.00   24.51    0.00    0.00   10.78    0.00    0.00    0.00    1.96
19:44:24      30   65.00    0.00   23.00    0.00    0.00   10.00    0.00    0.00    0.00    2.00
19:44:24      31   60.00    0.00   27.00    0.00    0.00   12.00    0.00    0.00    0.00    1.00

19:44:24     CPU    %usr   %nice    %sys %iowait    %irq   %soft  %steal  %guest  %gnice   %idle
19:44:25     all   66.69    0.00   18.92    0.00    0.00    5.88    0.00    0.00    0.00    8.52
19:44:25       0   62.89    0.00   17.53    0.00    0.00    4.12    0.00    0.00    0.00   15.46
19:44:25       1   62.50    0.00   17.71    0.00    0.00    4.17    0.00    0.00    0.00   15.62
19:44:25       2   64.36    0.00   16.83    0.00    0.00    2.97    0.00    0.00    0.00   15.84
19:44:25       3   67.68    0.00   16.16    0.00    0.00    3.03    0.00    0.00    0.00   13.13
19:44:25       4   77.55    0.00   12.24    0.00    0.00    2.04    0.00    0.00    0.00    8.16
19:44:25       5   71.29    0.00   14.85    0.00    0.00    4.95    0.00    0.00    0.00    8.91
19:44:25       6   45.00    0.00   46.00    0.00    0.00    4.00    0.00    0.00    0.00    5.00
19:44:25       7   68.69    0.00   17.17    0.00    0.00    3.03    0.00    0.00    0.00   11.11
19:44:25       8   69.90    0.00   18.45    0.00    0.00    3.88    0.00    0.00    0.00    7.77
19:44:25       9   70.00    0.00   17.00    0.00    0.00    5.00    0.00    0.00    0.00    8.00
19:44:25      10   71.29    0.00   10.89    0.00    0.00    6.93    0.00    0.00    0.00   10.89
19:44:25      11   72.28    0.00   14.85    0.00    0.00    2.97    0.00    0.00    0.00    9.90
19:44:25      12   73.00    0.00   13.00    0.00    0.00    7.00    0.00    0.00    0.00    7.00
19:44:25      13   67.71    0.00   14.58    0.00    0.00    3.12    0.00    0.00    0.00   14.58
19:44:25      14   69.07    0.00   16.49    0.00    0.00    3.09    0.00    0.00    0.00   11.34
19:44:25      15   66.67    0.00   18.63    0.00    0.00    5.88    0.00    0.00    0.00    8.82
19:44:25      16   59.41    0.00   16.83    0.00    0.00    4.95    0.00    0.00    0.00   18.81
19:44:25      17   69.00    0.00   14.00    0.00    0.00    2.00    0.00    0.00    0.00   15.00
19:44:25      18   60.82    0.00   20.62    0.00    0.00    5.15    0.00    0.00    0.00   13.40
19:44:25      19   65.35    0.00   15.84    0.00    0.00    3.96    0.00    0.00    0.00   14.85
19:44:25      20   86.87    0.00    9.09    0.00    0.00    0.00    0.00    0.00    0.00    4.04
19:44:25      21   71.58    0.00   14.74    0.00    0.00    4.21    0.00    0.00    0.00    9.47
19:44:25      22   64.65    0.00   22.22    0.00    0.00    5.05    0.00    0.00    0.00    8.08
19:44:25      23   68.04    0.00   17.53    0.00    0.00    3.09    0.00    0.00    0.00   11.34
19:44:25      24   63.00    0.00   23.00    0.00    0.00   12.00    0.00    0.00    0.00    2.00
19:44:25      25   66.00    0.00   23.00    0.00    0.00   10.00    0.00    0.00    0.00    1.00
19:44:25      26   64.65    0.00   25.25    0.00    0.00   10.10    0.00    0.00    0.00    0.00
19:44:25      27   63.73    0.00   23.53    0.00    0.00   11.76    0.00    0.00    0.00    0.98
19:44:25      28   62.00    0.00   22.00    0.00    0.00   15.00    0.00    0.00    0.00    1.00
19:44:25      29   64.00    0.00   26.00    0.00    0.00   10.00    0.00    0.00    0.00    0.00
19:44:25      30   63.37    0.00   24.75    0.00    0.00   10.89    0.00    0.00    0.00    0.99
19:44:25      31   62.00    0.00   24.00    0.00    0.00   13.00    0.00    0.00    0.00    1.00

19:44:25     CPU    %usr   %nice    %sys %iowait    %irq   %soft  %steal  %guest  %gnice   %idle
19:44:26     all   65.23    0.00   19.52    0.00    0.00    6.18    0.00    0.00    0.00    9.06
19:44:26       0   62.24    0.00   20.41    0.00    0.00    3.06    0.00    0.00    0.00   14.29
19:44:26       1   65.31    0.00   16.33    0.00    0.00    6.12    0.00    0.00    0.00   12.24
19:44:26       2   67.68    0.00   18.18    0.00    0.00    6.06    0.00    0.00    0.00    8.08
19:44:26       3   64.00    0.00   20.00    0.00    0.00    5.00    0.00    0.00    0.00   11.00
19:44:26       4   71.00    0.00   13.00    0.00    0.00    4.00    0.00    0.00    0.00   12.00
19:44:26       5   64.71    0.00   15.69    0.00    0.00    4.90    0.00    0.00    0.00   14.71
19:44:26       6   60.20    0.00   25.51    0.00    0.00    3.06    0.00    0.00    0.00   11.22
19:44:26       7   50.00    0.00   29.17    0.00    0.00    4.17    0.00    0.00    0.00   16.67
19:44:26       8   69.47    0.00   14.74    0.00    0.00    4.21    0.00    0.00    0.00   11.58
19:44:26       9   63.92    0.00   16.49    0.00    0.00    5.15    0.00    0.00    0.00   14.43
19:44:26      10   68.69    0.00   17.17    0.00    0.00    5.05    0.00    0.00    0.00    9.09
19:44:26      11   66.00    0.00   14.00    0.00    0.00    6.00    0.00    0.00    0.00   14.00
19:44:26      12   70.71    0.00   19.19    0.00    0.00    5.05    0.00    0.00    0.00    5.05
19:44:26      13   68.04    0.00   19.59    0.00    0.00    6.19    0.00    0.00    0.00    6.19
19:44:26      14   70.59    0.00   11.76    0.00    0.00    4.90    0.00    0.00    0.00   12.75
19:44:26      15   72.45    0.00   17.35    0.00    0.00    4.08    0.00    0.00    0.00    6.12
19:44:26      16   59.38    0.00   20.83    0.00    0.00    5.21    0.00    0.00    0.00   14.58
19:44:26      17   65.35    0.00   16.83    0.00    0.00    3.96    0.00    0.00    0.00   13.86
19:44:26      18   67.35    0.00   19.39    0.00    0.00    3.06    0.00    0.00    0.00   10.20
19:44:26      19   65.98    0.00   17.53    0.00    0.00    5.15    0.00    0.00    0.00   11.34
19:44:26      20   92.93    0.00    4.04    0.00    0.00    0.00    0.00    0.00    0.00    3.03
19:44:26      21   65.96    0.00   18.09    0.00    0.00    1.06    0.00    0.00    0.00   14.89
19:44:26      22   62.63    0.00   22.22    0.00    0.00    3.03    0.00    0.00    0.00   12.12
19:44:26      23   54.08    0.00   17.35    0.00    0.00    3.06    0.00    0.00    0.00   25.51
19:44:26      24   62.38    0.00   22.77    0.00    0.00   13.86    0.00    0.00    0.00    0.99
19:44:26      25   58.59    0.00   28.28    0.00    0.00   11.11    0.00    0.00    0.00    2.02
19:44:26      26   60.00    0.00   25.00    0.00    0.00   14.00    0.00    0.00    0.00    1.00
19:44:26      27   62.63    0.00   25.25    0.00    0.00   11.11    0.00    0.00    0.00    1.01
19:44:26      28   68.37    0.00   21.43    0.00    0.00   10.20    0.00    0.00    0.00    0.00
19:44:26      29   60.40    0.00   26.73    0.00    0.00   11.88    0.00    0.00    0.00    0.99
19:44:26      30   64.29    0.00   25.51    0.00    0.00   10.20    0.00    0.00    0.00    0.00
19:44:26      31   61.62    0.00   25.25    0.00    0.00   13.13    0.00    0.00    0.00    0.00

19:44:26     CPU    %usr   %nice    %sys %iowait    %irq   %soft  %steal  %guest  %gnice   %idle
19:44:27     all   65.54    0.00   19.61    0.00    0.00    6.08    0.00    0.00    0.00    8.76
19:44:27       0   67.35    0.00   15.31    0.00    0.00    4.08    0.00    0.00    0.00   13.27
19:44:27       1   64.29    0.00   14.29    0.00    0.00    4.08    0.00    0.00    0.00   17.35
19:44:27       2   62.00    0.00   21.00    0.00    0.00    7.00    0.00    0.00    0.00   10.00
19:44:27       3   66.34    0.00   14.85    0.00    0.00    5.94    0.00    0.00    0.00   12.87
19:44:27       4   86.00    0.00    5.00    0.00    0.00    2.00    0.00    0.00    0.00    7.00
19:44:27       5   68.69    0.00   14.14    0.00    0.00    4.04    0.00    0.00    0.00   13.13
19:44:27       6   67.68    0.00   21.21    0.00    0.00    3.03    0.00    0.00    0.00    8.08
19:44:27       7   59.00    0.00   32.00    0.00    0.00    3.00    0.00    0.00    0.00    6.00
19:44:27       8   75.76    0.00   15.15    0.00    0.00    4.04    0.00    0.00    0.00    5.05
19:44:27       9   60.61    0.00   21.21    0.00    0.00    4.04    0.00    0.00    0.00   14.14
19:44:27      10   70.53    0.00   18.95    0.00    0.00    3.16    0.00    0.00    0.00    7.37
19:44:27      11   65.31    0.00   12.24    0.00    0.00    5.10    0.00    0.00    0.00   17.35
19:44:27      12   70.30    0.00   17.82    0.00    0.00    2.97    0.00    0.00    0.00    8.91
19:44:27      13   63.37    0.00   17.82    0.00    0.00    2.97    0.00    0.00    0.00   15.84
19:44:27      14   72.45    0.00   12.24    0.00    0.00    5.10    0.00    0.00    0.00   10.20
19:44:27      15   71.00    0.00   15.00    0.00    0.00    4.00    0.00    0.00    0.00   10.00
19:44:27      16   61.46    0.00   21.88    0.00    0.00    4.17    0.00    0.00    0.00   12.50
19:44:27      17   63.83    0.00   11.70    0.00    0.00    7.45    0.00    0.00    0.00   17.02
19:44:27      18   65.35    0.00   18.81    0.00    0.00    2.97    0.00    0.00    0.00   12.87
19:44:27      19   62.77    0.00   20.21    0.00    0.00    4.26    0.00    0.00    0.00   12.77
19:44:27      20   74.26    0.00   11.88    0.00    0.00    3.96    0.00    0.00    0.00    9.90
19:44:27      21   60.61    0.00   21.21    0.00    0.00    5.05    0.00    0.00    0.00   13.13
19:44:27      22   62.00    0.00   23.00    0.00    0.00    5.00    0.00    0.00    0.00   10.00
19:44:27      23   63.00    0.00   23.00    0.00    0.00    3.00    0.00    0.00    0.00   11.00
19:44:27      24   68.69    0.00   21.21    0.00    0.00   10.10    0.00    0.00    0.00    0.00
19:44:27      25   60.40    0.00   26.73    0.00    0.00   12.87    0.00    0.00    0.00    0.00
19:44:27      26   64.00    0.00   26.00    0.00    0.00   10.00    0.00    0.00    0.00    0.00
19:44:27      27   62.00    0.00   26.00    0.00    0.00   11.00    0.00    0.00    0.00    1.00
19:44:27      28   62.00    0.00   25.00    0.00    0.00   12.00    0.00    0.00    0.00    1.00
19:44:27      29   61.39    0.00   23.76    0.00    0.00   11.88    0.00    0.00    0.00    2.97
19:44:27      30   55.45    0.00   30.69    0.00    0.00   12.87    0.00    0.00    0.00    0.99
19:44:27      31   59.60    0.00   27.27    0.00    0.00   13.13    0.00    0.00    0.00    0.00

19:44:27     CPU    %usr   %nice    %sys %iowait    %irq   %soft  %steal  %guest  %gnice   %idle
19:44:28     all   65.91    0.00   19.72    0.00    0.00    6.21    0.00    0.00    0.00    8.16
19:44:28       0   65.31    0.00   21.43    0.00    0.00    4.08    0.00    0.00    0.00    9.18
19:44:28       1   68.63    0.00   15.69    0.00    0.00    4.90    0.00    0.00    0.00   10.78
19:44:28       2   68.42    0.00   13.68    0.00    0.00    5.26    0.00    0.00    0.00   12.63
19:44:28       3   68.63    0.00   17.65    0.00    0.00    3.92    0.00    0.00    0.00    9.80
19:44:28       4   82.65    0.00   10.20    0.00    0.00    3.06    0.00    0.00    0.00    4.08
19:44:28       5   71.72    0.00   14.14    0.00    0.00    4.04    0.00    0.00    0.00   10.10
19:44:28       6   69.07    0.00   19.59    0.00    0.00    5.15    0.00    0.00    0.00    6.19
19:44:28       7   54.00    0.00   38.00    0.00    0.00    5.00    0.00    0.00    0.00    3.00
19:44:28       8   66.00    0.00   21.00    0.00    0.00    5.00    0.00    0.00    0.00    8.00
19:44:28       9   70.30    0.00   12.87    0.00    0.00    5.94    0.00    0.00    0.00   10.89
19:44:28      10   71.13    0.00   16.49    0.00    0.00    4.12    0.00    0.00    0.00    8.25
19:44:28      11   69.70    0.00   19.19    0.00    0.00    4.04    0.00    0.00    0.00    7.07
19:44:28      12   69.31    0.00   10.89    0.00    0.00    4.95    0.00    0.00    0.00   14.85
19:44:28      13   32.29    0.00    6.25    0.00    0.00    3.12    0.00    0.00    0.00   58.33
19:44:28      14   71.57    0.00   16.67    0.00    0.00    5.88    0.00    0.00    0.00    5.88
19:44:28      15   72.92    0.00   16.67    0.00    0.00    4.17    0.00    0.00    0.00    6.25
19:44:28      16   65.69    0.00   21.57    0.00    0.00    3.92    0.00    0.00    0.00    8.82
19:44:28      17   62.75    0.00   20.59    0.00    0.00    4.90    0.00    0.00    0.00   11.76
19:44:28      18   65.62    0.00   20.83    0.00    0.00    3.12    0.00    0.00    0.00   10.42
19:44:28      19   69.00    0.00   16.00    0.00    0.00    6.00    0.00    0.00    0.00    9.00
19:44:28      20   81.63    0.00   13.27    0.00    0.00    2.04    0.00    0.00    0.00    3.06
19:44:28      21   63.27    0.00   21.43    0.00    0.00    5.10    0.00    0.00    0.00   10.20
19:44:28      22   71.00    0.00   17.00    0.00    0.00    5.00    0.00    0.00    0.00    7.00
19:44:28      23   65.66    0.00   24.24    0.00    0.00    4.04    0.00    0.00    0.00    6.06
19:44:28      24   64.00    0.00   23.00    0.00    0.00   12.00    0.00    0.00    0.00    1.00
19:44:28      25   59.60    0.00   29.29    0.00    0.00   10.10    0.00    0.00    0.00    1.01
19:44:28      26   66.34    0.00   23.76    0.00    0.00    8.91    0.00    0.00    0.00    0.99
19:44:28      27   60.00    0.00   30.00    0.00    0.00   10.00    0.00    0.00    0.00    0.00
19:44:28      28   56.00    0.00   30.00    0.00    0.00   13.00    0.00    0.00    0.00    1.00
19:44:28      29   58.33    0.00   23.96    0.00    0.00   11.46    0.00    0.00    0.00    6.25
19:44:28      30   60.61    0.00   23.23    0.00    0.00   16.16    0.00    0.00    0.00    0.00
19:44:28      31   67.33    0.00   21.78    0.00    0.00    9.90    0.00    0.00    0.00    0.99

19:44:28     CPU    %usr   %nice    %sys %iowait    %irq   %soft  %steal  %guest  %gnice   %idle
19:44:29     all   66.10    0.00   19.03    0.00    0.00    5.75    0.00    0.00    0.00    9.12
19:44:29       0   69.47    0.00   13.68    0.00    0.00    4.21    0.00    0.00    0.00   12.63
19:44:29       1   63.92    0.00   18.56    0.00    0.00    4.12    0.00    0.00    0.00   13.40
19:44:29       2   63.92    0.00   17.53    0.00    0.00    4.12    0.00    0.00    0.00   14.43
19:44:29       3   69.61    0.00   12.75    0.00    0.00    4.90    0.00    0.00    0.00   12.75
19:44:29       4   77.78    0.00    9.09    0.00    0.00    3.03    0.00    0.00    0.00   10.10
19:44:29       5   63.00    0.00   20.00    0.00    0.00    4.00    0.00    0.00    0.00   13.00
19:44:29       6   57.43    0.00   30.69    0.00    0.00    2.97    0.00    0.00    0.00    8.91
19:44:29       7   67.01    0.00   18.56    0.00    0.00    3.09    0.00    0.00    0.00   11.34
19:44:29       8   72.28    0.00   13.86    0.00    0.00    3.96    0.00    0.00    0.00    9.90
19:44:29       9   73.47    0.00   15.31    0.00    0.00    4.08    0.00    0.00    0.00    7.14
19:44:29      10   64.95    0.00   20.62    0.00    0.00    2.06    0.00    0.00    0.00   12.37
19:44:29      11   70.30    0.00   16.83    0.00    0.00    2.97    0.00    0.00    0.00    9.90
19:44:29      12   69.61    0.00   15.69    0.00    0.00    4.90    0.00    0.00    0.00    9.80
19:44:29      13   68.63    0.00   15.69    0.00    0.00    2.94    0.00    0.00    0.00   12.75
19:44:29      14   64.65    0.00   19.19    0.00    0.00    3.03    0.00    0.00    0.00   13.13
19:44:29      15   64.00    0.00   19.00    0.00    0.00    5.00    0.00    0.00    0.00   12.00
19:44:29      16   59.60    0.00   19.19    0.00    0.00    7.07    0.00    0.00    0.00   14.14
19:44:29      17   64.29    0.00   16.33    0.00    0.00    3.06    0.00    0.00    0.00   16.33
19:44:29      18   66.67    0.00   14.14    0.00    0.00    4.04    0.00    0.00    0.00   15.15
19:44:29      19   66.00    0.00   16.00    0.00    0.00    3.00    0.00    0.00    0.00   15.00
19:44:29      20   85.86    0.00    7.07    0.00    0.00    1.01    0.00    0.00    0.00    6.06
19:44:29      21   67.35    0.00   16.33    0.00    0.00    2.04    0.00    0.00    0.00   14.29
19:44:29      22   60.42    0.00   28.12    0.00    0.00    4.17    0.00    0.00    0.00    7.29
19:44:29      23   67.33    0.00   16.83    0.00    0.00    4.95    0.00    0.00    0.00   10.89
19:44:29      24   65.00    0.00   25.00    0.00    0.00    8.00    0.00    0.00    0.00    2.00
19:44:29      25   56.00    0.00   27.00    0.00    0.00   16.00    0.00    0.00    0.00    1.00
19:44:29      26   63.37    0.00   23.76    0.00    0.00   11.88    0.00    0.00    0.00    0.99
19:44:29      27   65.35    0.00   22.77    0.00    0.00    9.90    0.00    0.00    0.00    1.98
19:44:29      28   66.00    0.00   24.00    0.00    0.00    9.00    0.00    0.00    0.00    1.00
19:44:29      29   63.64    0.00   25.25    0.00    0.00   10.10    0.00    0.00    0.00    1.01
19:44:29      30   58.42    0.00   25.74    0.00    0.00   14.85    0.00    0.00    0.00    0.99
19:44:29      31   60.00    0.00   24.00    0.00    0.00   15.00    0.00    0.00    0.00    1.00

19:44:29     CPU    %usr   %nice    %sys %iowait    %irq   %soft  %steal  %guest  %gnice   %idle
19:44:30     all   64.89    0.00   20.02    0.00    0.00    6.16    0.00    0.00    0.00    8.94
19:44:30       0   63.00    0.00   17.00    0.00    0.00    3.00    0.00    0.00    0.00   17.00
19:44:30       1   63.00    0.00   17.00    0.00    0.00    7.00    0.00    0.00    0.00   13.00
19:44:30       2   67.01    0.00   14.43    0.00    0.00    5.15    0.00    0.00    0.00   13.40
19:44:30       3   68.42    0.00   15.79    0.00    0.00    2.11    0.00    0.00    0.00   13.68
19:44:30       4   60.00    0.00   16.00    0.00    0.00    4.00    0.00    0.00    0.00   20.00
19:44:30       5   59.38    0.00   19.79    0.00    0.00    6.25    0.00    0.00    0.00   14.58
19:44:30       6   62.24    0.00   22.45    0.00    0.00    5.10    0.00    0.00    0.00   10.20
19:44:30       7   60.42    0.00   28.12    0.00    0.00    3.12    0.00    0.00    0.00    8.33
19:44:30       8   62.63    0.00   19.19    0.00    0.00    4.04    0.00    0.00    0.00   14.14
19:44:30       9   65.00    0.00   20.00    0.00    0.00    5.00    0.00    0.00    0.00   10.00
19:44:30      10   74.23    0.00   12.37    0.00    0.00    3.09    0.00    0.00    0.00   10.31
19:44:30      11   70.71    0.00   15.15    0.00    0.00    5.05    0.00    0.00    0.00    9.09
19:44:30      12   66.34    0.00   21.78    0.00    0.00    2.97    0.00    0.00    0.00    8.91
19:44:30      13   64.65    0.00   20.20    0.00    0.00    7.07    0.00    0.00    0.00    8.08
19:44:30      14   74.75    0.00   16.16    0.00    0.00    4.04    0.00    0.00    0.00    5.05
19:44:30      15   68.04    0.00   17.53    0.00    0.00    6.19    0.00    0.00    0.00    8.25
19:44:30      16   60.61    0.00   19.19    0.00    0.00    5.05    0.00    0.00    0.00   15.15
19:44:30      17   66.00    0.00   16.00    0.00    0.00    3.00    0.00    0.00    0.00   15.00
19:44:30      18   62.00    0.00   15.00    0.00    0.00    8.00    0.00    0.00    0.00   15.00
19:44:30      19   69.70    0.00   14.14    0.00    0.00    3.03    0.00    0.00    0.00   13.13
19:44:30      20  100.00    0.00    0.00    0.00    0.00    0.00    0.00    0.00    0.00    0.00
19:44:30      21   63.00    0.00   19.00    0.00    0.00    4.00    0.00    0.00    0.00   14.00
19:44:30      22   61.00    0.00   22.00    0.00    0.00    4.00    0.00    0.00    0.00   13.00
19:44:30      23   66.67    0.00   18.18    0.00    0.00    4.04    0.00    0.00    0.00   11.11
19:44:30      24   60.40    0.00   26.73    0.00    0.00   11.88    0.00    0.00    0.00    0.99
19:44:30      25   60.61    0.00   27.27    0.00    0.00   11.11    0.00    0.00    0.00    1.01
19:44:30      26   59.60    0.00   30.30    0.00    0.00    9.09    0.00    0.00    0.00    1.01
19:44:30      27   61.00    0.00   25.00    0.00    0.00   13.00    0.00    0.00    0.00    1.00
19:44:30      28   63.27    0.00   28.57    0.00    0.00    8.16    0.00    0.00    0.00    0.00
19:44:30      29   59.80    0.00   25.49    0.00    0.00   13.73    0.00    0.00    0.00    0.98
19:44:30      30   56.12    0.00   27.55    0.00    0.00   16.33    0.00    0.00    0.00    0.00
19:44:30      31   57.43    0.00   32.67    0.00    0.00    8.91    0.00    0.00    0.00    0.99

19:44:30     CPU    %usr   %nice    %sys %iowait    %irq   %soft  %steal  %guest  %gnice   %idle
19:44:31     all   65.25    0.00   20.03    0.00    0.00    5.93    0.00    0.00    0.00    8.80
19:44:31       0   59.80    0.00   20.59    0.00    0.00    5.88    0.00    0.00    0.00   13.73
19:44:31       1   58.76    0.00   19.59    0.00    0.00    3.09    0.00    0.00    0.00   18.56
19:44:31       2   67.71    0.00   14.58    0.00    0.00    5.21    0.00    0.00    0.00   12.50
19:44:31       3   61.00    0.00   21.00    0.00    0.00    3.00    0.00    0.00    0.00   15.00
19:44:31       4   82.18    0.00    6.93    0.00    0.00    2.97    0.00    0.00    0.00    7.92
19:44:31       5   66.33    0.00   19.39    0.00    0.00    2.04    0.00    0.00    0.00   12.24
19:44:31       6   63.37    0.00   23.76    0.00    0.00    2.97    0.00    0.00    0.00    9.90
19:44:31       7   49.00    0.00   42.00    0.00    0.00    4.00    0.00    0.00    0.00    5.00
19:44:31       8   71.72    0.00   16.16    0.00    0.00    3.03    0.00    0.00    0.00    9.09
19:44:31       9   68.37    0.00   16.33    0.00    0.00    5.10    0.00    0.00    0.00   10.20
19:44:31      10   69.07    0.00   13.40    0.00    0.00    4.12    0.00    0.00    0.00   13.40
19:44:31      11   70.59    0.00   17.65    0.00    0.00    3.92    0.00    0.00    0.00    7.84
19:44:31      12   61.86    0.00   20.62    0.00    0.00    5.15    0.00    0.00    0.00   12.37
19:44:31      13   64.29    0.00   18.37    0.00    0.00    4.08    0.00    0.00    0.00   13.27
19:44:31      14   65.98    0.00   21.65    0.00    0.00    2.06    0.00    0.00    0.00   10.31
19:44:31      15   71.13    0.00   16.49    0.00    0.00    5.15    0.00    0.00    0.00    7.22
19:44:31      16   64.00    0.00   17.00    0.00    0.00    5.00    0.00    0.00    0.00   14.00
19:44:31      17   59.79    0.00   18.56    0.00    0.00    4.12    0.00    0.00    0.00   17.53
19:44:31      18   67.35    0.00   16.33    0.00    0.00    4.08    0.00    0.00    0.00   12.24
19:44:31      19   63.64    0.00   18.18    0.00    0.00    6.06    0.00    0.00    0.00   12.12
19:44:31      20   77.55    0.00   11.22    0.00    0.00    3.06    0.00    0.00    0.00    8.16
19:44:31      21   65.98    0.00   17.53    0.00    0.00    2.06    0.00    0.00    0.00   14.43
19:44:31      22   69.00    0.00   15.00    0.00    0.00    5.00    0.00    0.00    0.00   11.00
19:44:31      23   69.39    0.00   15.31    0.00    0.00    5.10    0.00    0.00    0.00   10.20
19:44:31      24   57.00    0.00   29.00    0.00    0.00   13.00    0.00    0.00    0.00    1.00
19:44:31      25   61.39    0.00   26.73    0.00    0.00   10.89    0.00    0.00    0.00    0.99
19:44:31      26   65.66    0.00   21.21    0.00    0.00   13.13    0.00    0.00    0.00    0.00
19:44:31      27   59.00    0.00   27.00    0.00    0.00   14.00    0.00    0.00    0.00    0.00
19:44:31      28   62.75    0.00   25.49    0.00    0.00   10.78    0.00    0.00    0.00    0.98
19:44:31      29   64.00    0.00   26.00    0.00    0.00   10.00    0.00    0.00    0.00    0.00
19:44:31      30   61.76    0.00   26.47    0.00    0.00   10.78    0.00    0.00    0.00    0.98
19:44:31      31   69.00    0.00   20.00    0.00    0.00   10.00    0.00    0.00    0.00    1.00

19:44:31     CPU    %usr   %nice    %sys %iowait    %irq   %soft  %steal  %guest  %gnice   %idle
19:44:32     all   65.04    0.00   19.19    0.00    0.00    6.50    0.00    0.00    0.00    9.28
19:44:32       0   65.31    0.00   15.31    0.00    0.00    6.12    0.00    0.00    0.00   13.27
19:44:32       1   60.82    0.00   16.49    0.00    0.00    4.12    0.00    0.00    0.00   18.56
19:44:32       2   64.65    0.00   15.15    0.00    0.00    5.05    0.00    0.00    0.00   15.15
19:44:32       3   60.61    0.00   18.18    0.00    0.00    4.04    0.00    0.00    0.00   17.17
19:44:32       4   79.00    0.00   12.00    0.00    0.00    3.00    0.00    0.00    0.00    6.00
19:44:32       5   67.35    0.00   18.37    0.00    0.00    3.06    0.00    0.00    0.00   11.22
19:44:32       6   58.76    0.00   26.80    0.00    0.00    5.15    0.00    0.00    0.00    9.28
19:44:32       7   49.50    0.00   32.67    0.00    0.00    5.94    0.00    0.00    0.00   11.88
19:44:32       8   69.07    0.00   15.46    0.00    0.00    2.06    0.00    0.00    0.00   13.40
19:44:32       9   70.71    0.00   16.16    0.00    0.00    3.03    0.00    0.00    0.00   10.10
19:44:32      10   67.68    0.00   17.17    0.00    0.00    4.04    0.00    0.00    0.00   11.11
19:44:32      11   63.54    0.00   19.79    0.00    0.00    6.25    0.00    0.00    0.00   10.42
19:44:32      12   75.00    0.00   12.00    0.00    0.00    3.00    0.00    0.00    0.00   10.00
19:44:32      13   62.24    0.00   19.39    0.00    0.00    5.10    0.00    0.00    0.00   13.27
19:44:32      14   65.66    0.00   20.20    0.00    0.00    4.04    0.00    0.00    0.00   10.10
19:44:32      15   67.00    0.00   18.00    0.00    0.00    4.00    0.00    0.00    0.00   11.00
19:44:32      16   65.98    0.00   16.49    0.00    0.00    4.12    0.00    0.00    0.00   13.40
19:44:32      17   60.20    0.00   17.35    0.00    0.00    5.10    0.00    0.00    0.00   17.35
19:44:32      18   62.38    0.00   14.85    0.00    0.00    4.95    0.00    0.00    0.00   17.82
19:44:32      19   60.40    0.00   17.82    0.00    0.00    5.94    0.00    0.00    0.00   15.84
19:44:32      20   88.78    0.00    6.12    0.00    0.00    2.04    0.00    0.00    0.00    3.06
19:44:32      21   68.00    0.00   17.00    0.00    0.00    4.00    0.00    0.00    0.00   11.00
19:44:32      22   67.68    0.00   22.22    0.00    0.00    2.02    0.00    0.00    0.00    8.08
19:44:32      23   67.33    0.00   16.83    0.00    0.00    3.96    0.00    0.00    0.00   11.88
19:44:32      24   61.62    0.00   28.28    0.00    0.00    9.09    0.00    0.00    0.00    1.01
19:44:32      25   60.82    0.00   21.65    0.00    0.00   16.49    0.00    0.00    0.00    1.03
19:44:32      26   61.39    0.00   26.73    0.00    0.00   10.89    0.00    0.00    0.00    0.99
19:44:32      27   62.00    0.00   24.00    0.00    0.00   13.00    0.00    0.00    0.00    1.00
19:44:32      28   62.00    0.00   24.00    0.00    0.00   13.00    0.00    0.00    0.00    1.00
19:44:32      29   58.00    0.00   25.00    0.00    0.00   16.00    0.00    0.00    0.00    1.00
19:44:32      30   65.00    0.00   19.00    0.00    0.00   16.00    0.00    0.00    0.00    0.00
19:44:32      31   63.00    0.00   23.00    0.00    0.00   13.00    0.00    0.00    0.00    1.00

19:44:32     CPU    %usr   %nice    %sys %iowait    %irq   %soft  %steal  %guest  %gnice   %idle
19:44:33     all   63.09    0.00   19.68    0.00    0.00    6.18    0.00    0.00    0.00   11.06
19:44:33       0   61.05    0.00   15.79    0.00    0.00    4.21    0.00    0.00    0.00   18.95
19:44:33       1   64.65    0.00   17.17    0.00    0.00    4.04    0.00    0.00    0.00   14.14
19:44:33       2   61.17    0.00   19.42    0.00    0.00    3.88    0.00    0.00    0.00   15.53
19:44:33       3   59.18    0.00   18.37    0.00    0.00    6.12    0.00    0.00    0.00   16.33
19:44:33       4   68.82    0.00   13.98    0.00    0.00    5.38    0.00    0.00    0.00   11.83
19:44:33       5   60.82    0.00   18.56    0.00    0.00    5.15    0.00    0.00    0.00   15.46
19:44:33       6   46.88    0.00   38.54    0.00    0.00    4.17    0.00    0.00    0.00   10.42
19:44:33       7   66.00    0.00   18.00    0.00    0.00    3.00    0.00    0.00    0.00   13.00
19:44:33       8   67.35    0.00   16.33    0.00    0.00    3.06    0.00    0.00    0.00   13.27
19:44:33       9   64.29    0.00   18.37    0.00    0.00    4.08    0.00    0.00    0.00   13.27
19:44:33      10   62.89    0.00   20.62    0.00    0.00    4.12    0.00    0.00    0.00   12.37
19:44:33      11   68.75    0.00   13.54    0.00    0.00    4.17    0.00    0.00    0.00   13.54
19:44:33      12   61.76    0.00   17.65    0.00    0.00    5.88    0.00    0.00    0.00   14.71
19:44:33      13   63.92    0.00   17.53    0.00    0.00    7.22    0.00    0.00    0.00   11.34
19:44:33      14   64.08    0.00   19.42    0.00    0.00    3.88    0.00    0.00    0.00   12.62
19:44:33      15   66.67    0.00   14.58    0.00    0.00    5.21    0.00    0.00    0.00   13.54
19:44:33      16   60.78    0.00   16.67    0.00    0.00    5.88    0.00    0.00    0.00   16.67
19:44:33      17   60.42    0.00   20.83    0.00    0.00    5.21    0.00    0.00    0.00   13.54
19:44:33      18   59.22    0.00   20.39    0.00    0.00    4.85    0.00    0.00    0.00   15.53
19:44:33      19   61.62    0.00   16.16    0.00    0.00    3.03    0.00    0.00    0.00   19.19
19:44:33      20   97.98    0.00    1.01    0.00    0.00    0.00    0.00    0.00    0.00    1.01
19:44:33      21   63.64    0.00   18.18    0.00    0.00    5.05    0.00    0.00    0.00   13.13
19:44:33      22   59.60    0.00   19.19    0.00    0.00    5.05    0.00    0.00    0.00   16.16
19:44:33      23   61.86    0.00   20.62    0.00    0.00    4.12    0.00    0.00    0.00   13.40
19:44:33      24   58.59    0.00   29.29    0.00    0.00   10.10    0.00    0.00    0.00    2.02
19:44:33      25   63.00    0.00   26.00    0.00    0.00    9.00    0.00    0.00    0.00    2.00
19:44:33      26   65.66    0.00   20.20    0.00    0.00   13.13    0.00    0.00    0.00    1.01
19:44:33      27   50.51    0.00   25.25    0.00    0.00   11.11    0.00    0.00    0.00   13.13
19:44:33      28   57.14    0.00   26.53    0.00    0.00   14.29    0.00    0.00    0.00    2.04
19:44:33      29   64.36    0.00   23.76    0.00    0.00    9.90    0.00    0.00    0.00    1.98
19:44:33      30   62.63    0.00   23.23    0.00    0.00   13.13    0.00    0.00    0.00    1.01
19:44:33      31   63.64    0.00   24.24    0.00    0.00   10.10    0.00    0.00    0.00    2.02

19:44:33     CPU    %usr   %nice    %sys %iowait    %irq   %soft  %steal  %guest  %gnice   %idle
19:44:34     all   64.17    0.00   18.03    0.00    0.00    5.95    0.00    0.00    0.00   11.86
19:44:34       0   51.65    0.00   17.58    0.00    0.00    8.79    0.00    0.00    0.00   21.98
19:44:34       1   65.62    0.00   12.50    0.00    0.00    3.12    0.00    0.00    0.00   18.75
19:44:34       2   58.59    0.00   18.18    0.00    0.00    7.07    0.00    0.00    0.00   16.16
19:44:34       3   65.00    0.00   16.00    0.00    0.00    2.00    0.00    0.00    0.00   17.00
19:44:34       4   70.00    0.00   15.00    0.00    0.00    2.00    0.00    0.00    0.00   13.00
19:44:34       5   69.07    0.00   14.43    0.00    0.00    3.09    0.00    0.00    0.00   13.40
19:44:34       6   51.61    0.00   31.18    0.00    0.00    3.23    0.00    0.00    0.00   13.98
19:44:34       7   61.46    0.00   16.67    0.00    0.00    4.17    0.00    0.00    0.00   17.71
19:44:34       8   72.16    0.00   13.40    0.00    0.00    6.19    0.00    0.00    0.00    8.25
19:44:34       9   63.92    0.00   16.49    0.00    0.00    6.19    0.00    0.00    0.00   13.40
19:44:34      10   68.04    0.00   15.46    0.00    0.00    5.15    0.00    0.00    0.00   11.34
19:44:34      11   61.05    0.00   13.68    0.00    0.00    4.21    0.00    0.00    0.00   21.05
19:44:34      12   71.58    0.00   14.74    0.00    0.00    2.11    0.00    0.00    0.00   11.58
19:44:34      13   70.00    0.00   12.00    0.00    0.00    5.00    0.00    0.00    0.00   13.00
19:44:34      14   64.71    0.00   19.61    0.00    0.00    6.86    0.00    0.00    0.00    8.82
19:44:34      15   67.35    0.00   17.35    0.00    0.00    5.10    0.00    0.00    0.00   10.20
19:44:34      16   60.19    0.00   16.50    0.00    0.00    2.91    0.00    0.00    0.00   20.39
19:44:34      17   65.66    0.00   14.14    0.00    0.00    3.03    0.00    0.00    0.00   17.17
19:44:34      18   63.92    0.00   17.53    0.00    0.00    2.06    0.00    0.00    0.00   16.49
19:44:34      19   64.29    0.00   15.31    0.00    0.00    4.08    0.00    0.00    0.00   16.33
19:44:34      20   89.22    0.00    4.90    0.00    0.00    0.98    0.00    0.00    0.00    4.90
19:44:34      21   63.73    0.00   18.63    0.00    0.00    2.94    0.00    0.00    0.00   14.71
19:44:34      22   57.14    0.00   24.49    0.00    0.00    2.04    0.00    0.00    0.00   16.33
19:44:34      23   61.86    0.00   16.49    0.00    0.00    3.09    0.00    0.00    0.00   18.56
19:44:34      24   68.00    0.00   23.00    0.00    0.00    8.00    0.00    0.00    0.00    1.00
19:44:34      25   65.00    0.00   25.00    0.00    0.00    9.00    0.00    0.00    0.00    1.00
19:44:34      26   60.00    0.00   23.00    0.00    0.00   14.00    0.00    0.00    0.00    3.00
19:44:34      27   51.52    0.00   18.18    0.00    0.00   10.10    0.00    0.00    0.00   20.20
19:44:34      28   60.00    0.00   23.00    0.00    0.00   16.00    0.00    0.00    0.00    1.00
19:44:34      29   64.29    0.00   21.43    0.00    0.00   14.29    0.00    0.00    0.00    0.00
19:44:34      30   60.61    0.00   25.25    0.00    0.00   13.13    0.00    0.00    0.00    1.01
19:44:34      31   64.00    0.00   26.00    0.00    0.00   10.00    0.00    0.00    0.00    0.00

19:44:34     CPU    %usr   %nice    %sys %iowait    %irq   %soft  %steal  %guest  %gnice   %idle
19:44:35     all   65.01    0.00   18.96    0.00    0.00    6.30    0.00    0.00    0.00    9.73
19:44:35       0   61.00    0.00   17.00    0.00    0.00    5.00    0.00    0.00    0.00   17.00
19:44:35       1   68.37    0.00   13.27    0.00    0.00    3.06    0.00    0.00    0.00   15.31
19:44:35       2   63.54    0.00   17.71    0.00    0.00    2.08    0.00    0.00    0.00   16.67
19:44:35       3   62.63    0.00   17.17    0.00    0.00    4.04    0.00    0.00    0.00   16.16
19:44:35       4   95.96    0.00    2.02    0.00    0.00    0.00    0.00    0.00    0.00    2.02
19:44:35       5   65.00    0.00   15.00    0.00    0.00    4.00    0.00    0.00    0.00   16.00
19:44:35       6   54.08    0.00   33.67    0.00    0.00    4.08    0.00    0.00    0.00    8.16
19:44:35       7   62.89    0.00   20.62    0.00    0.00    3.09    0.00    0.00    0.00   13.40
19:44:35       8   66.67    0.00   18.63    0.00    0.00    5.88    0.00    0.00    0.00    8.82
19:44:35       9   67.33    0.00   13.86    0.00    0.00    6.93    0.00    0.00    0.00   11.88
19:44:35      10   66.02    0.00   20.39    0.00    0.00    3.88    0.00    0.00    0.00    9.71
19:44:35      11   66.00    0.00   15.00    0.00    0.00    8.00    0.00    0.00    0.00   11.00
19:44:35      12   70.10    0.00   11.34    0.00    0.00    5.15    0.00    0.00    0.00   13.40
19:44:35      13   73.00    0.00   13.00    0.00    0.00    6.00    0.00    0.00    0.00    8.00
19:44:35      14   69.31    0.00   13.86    0.00    0.00    4.95    0.00    0.00    0.00   11.88
19:44:35      15   71.72    0.00   13.13    0.00    0.00    7.07    0.00    0.00    0.00    8.08
19:44:35      16   64.89    0.00   14.89    0.00    0.00    3.19    0.00    0.00    0.00   17.02
19:44:35      17   62.24    0.00   16.33    0.00    0.00    5.10    0.00    0.00    0.00   16.33
19:44:35      18   59.38    0.00   20.83    0.00    0.00    3.12    0.00    0.00    0.00   16.67
19:44:35      19   62.24    0.00   16.33    0.00    0.00    6.12    0.00    0.00    0.00   15.31
19:44:35      20   72.73    0.00   13.13    0.00    0.00    3.03    0.00    0.00    0.00   11.11
19:44:35      21   63.00    0.00   18.00    0.00    0.00    5.00    0.00    0.00    0.00   14.00
19:44:35      22   51.55    0.00   35.05    0.00    0.00    5.15    0.00    0.00    0.00    8.25
19:44:35      23   63.00    0.00   15.00    0.00    0.00    5.00    0.00    0.00    0.00   17.00
19:44:35      24   63.00    0.00   28.00    0.00    0.00    8.00    0.00    0.00    0.00    1.00
19:44:35      25   63.00    0.00   22.00    0.00    0.00   14.00    0.00    0.00    0.00    1.00
19:44:35      26   65.31    0.00   25.51    0.00    0.00    9.18    0.00    0.00    0.00    0.00
19:44:35      27   62.38    0.00   20.79    0.00    0.00   12.87    0.00    0.00    0.00    3.96
19:44:35      28   58.42    0.00   26.73    0.00    0.00   13.86    0.00    0.00    0.00    0.99
19:44:35      29   58.42    0.00   28.71    0.00    0.00   11.88    0.00    0.00    0.00    0.99
19:44:35      30   61.76    0.00   26.47    0.00    0.00   10.78    0.00    0.00    0.00    0.98
19:44:35      31   65.00    0.00   23.00    0.00    0.00   11.00    0.00    0.00    0.00    1.00

19:44:35     CPU    %usr   %nice    %sys %iowait    %irq   %soft  %steal  %guest  %gnice   %idle
19:44:36     all   65.76    0.00   19.51    0.00    0.00    5.63    0.00    0.00    0.00    9.11
19:44:36       0   63.16    0.00   17.89    0.00    0.00    5.26    0.00    0.00    0.00   13.68
19:44:36       1   64.36    0.00   15.84    0.00    0.00    3.96    0.00    0.00    0.00   15.84
19:44:36       2   62.24    0.00   18.37    0.00    0.00    4.08    0.00    0.00    0.00   15.31
19:44:36       3   65.26    0.00   13.68    0.00    0.00    4.21    0.00    0.00    0.00   16.84
19:44:36       4   84.85    0.00    9.09    0.00    0.00    2.02    0.00    0.00    0.00    4.04
19:44:36       5   65.31    0.00   16.33    0.00    0.00    5.10    0.00    0.00    0.00   13.27
19:44:36       6   63.64    0.00   23.23    0.00    0.00    5.05    0.00    0.00    0.00    8.08
19:44:36       7   48.98    0.00   41.84    0.00    0.00    2.04    0.00    0.00    0.00    7.14
19:44:36       8   68.63    0.00   16.67    0.00    0.00    4.90    0.00    0.00    0.00    9.80
19:44:36       9   68.37    0.00   21.43    0.00    0.00    3.06    0.00    0.00    0.00    7.14
19:44:36      10   69.47    0.00   14.74    0.00    0.00    4.21    0.00    0.00    0.00   11.58
19:44:36      11   68.00    0.00   18.00    0.00    0.00    4.00    0.00    0.00    0.00   10.00
19:44:36      12   71.43    0.00   15.31    0.00    0.00    5.10    0.00    0.00    0.00    8.16
19:44:36      13   71.00    0.00   14.00    0.00    0.00    5.00    0.00    0.00    0.00   10.00
19:44:36      14   64.65    0.00   15.15    0.00    0.00    3.03    0.00    0.00    0.00   17.17
19:44:36      15   73.47    0.00   12.24    0.00    0.00    7.14    0.00    0.00    0.00    7.14
19:44:36      16   63.92    0.00   17.53    0.00    0.00    5.15    0.00    0.00    0.00   13.40
19:44:36      17   61.62    0.00   20.20    0.00    0.00    2.02    0.00    0.00    0.00   16.16
19:44:36      18   64.58    0.00   16.67    0.00    0.00    3.12    0.00    0.00    0.00   15.62
19:44:36      19   65.38    0.00   13.46    0.00    0.00    4.81    0.00    0.00    0.00   16.35
19:44:36      20   73.74    0.00   12.12    0.00    0.00    2.02    0.00    0.00    0.00   12.12
19:44:36      21   66.34    0.00   18.81    0.00    0.00    2.97    0.00    0.00    0.00   11.88
19:44:36      22   66.67    0.00   20.20    0.00    0.00    2.02    0.00    0.00    0.00   11.11
19:44:36      23   67.35    0.00   17.35    0.00    0.00    2.04    0.00    0.00    0.00   13.27
19:44:36      24   66.00    0.00   23.00    0.00    0.00   10.00    0.00    0.00    0.00    1.00
19:44:36      25   65.00    0.00   21.00    0.00    0.00   13.00    0.00    0.00    0.00    1.00
19:44:36      26   63.00    0.00   29.00    0.00    0.00    7.00    0.00    0.00    0.00    1.00
19:44:36      27   58.59    0.00   26.26    0.00    0.00   14.14    0.00    0.00    0.00    1.01
19:44:36      28   62.00    0.00   27.00    0.00    0.00   10.00    0.00    0.00    0.00    1.00
19:44:36      29   63.64    0.00   26.26    0.00    0.00   10.10    0.00    0.00    0.00    0.00
19:44:36      30   62.00    0.00   25.00    0.00    0.00   12.00    0.00    0.00    0.00    1.00
19:44:36      31   61.62    0.00   26.26    0.00    0.00   11.11    0.00    0.00    0.00    1.01

19:44:36     CPU    %usr   %nice    %sys %iowait    %irq   %soft  %steal  %guest  %gnice   %idle
19:44:37     all   64.71    0.00   19.81    0.00    0.00    5.93    0.00    0.00    0.00    9.54
19:44:37       0   55.00    0.00   18.00    0.00    0.00    8.00    0.00    0.00    0.00   19.00
19:44:37       1   65.66    0.00   15.15    0.00    0.00    2.02    0.00    0.00    0.00   17.17
19:44:37       2   60.00    0.00   19.00    0.00    0.00    9.00    0.00    0.00    0.00   12.00
19:44:37       3   63.00    0.00   18.00    0.00    0.00    4.00    0.00    0.00    0.00   15.00
19:44:37       4   85.86    0.00    5.05    0.00    0.00    2.02    0.00    0.00    0.00    7.07
19:44:37       5   62.24    0.00   21.43    0.00    0.00    4.08    0.00    0.00    0.00   12.24
19:44:37       6   50.51    0.00   39.39    0.00    0.00    4.04    0.00    0.00    0.00    6.06
19:44:37       7   67.68    0.00   15.15    0.00    0.00    4.04    0.00    0.00    0.00   13.13
19:44:37       8   70.10    0.00   16.49    0.00    0.00    4.12    0.00    0.00    0.00    9.28
19:44:37       9   67.00    0.00   15.00    0.00    0.00    6.00    0.00    0.00    0.00   12.00
19:44:37      10   67.33    0.00   17.82    0.00    0.00    5.94    0.00    0.00    0.00    8.91
19:44:37      11   70.41    0.00   16.33    0.00    0.00    3.06    0.00    0.00    0.00   10.20
19:44:37      12   67.35    0.00   16.33    0.00    0.00    4.08    0.00    0.00    0.00   12.24
19:44:37      13   66.67    0.00   16.16    0.00    0.00    3.03    0.00    0.00    0.00   14.14
19:44:37      14   70.71    0.00   16.16    0.00    0.00    4.04    0.00    0.00    0.00    9.09
19:44:37      15   73.79    0.00   12.62    0.00    0.00    2.91    0.00    0.00    0.00   10.68
19:44:37      16   58.00    0.00   23.00    0.00    0.00    1.00    0.00    0.00    0.00   18.00
19:44:37      17   64.71    0.00   16.67    0.00    0.00    3.92    0.00    0.00    0.00   14.71
19:44:37      18   65.35    0.00   13.86    0.00    0.00    6.93    0.00    0.00    0.00   13.86
19:44:37      19   64.65    0.00   16.16    0.00    0.00    5.05    0.00    0.00    0.00   14.14
19:44:37      20   75.00    0.00   14.00    0.00    0.00    2.00    0.00    0.00    0.00    9.00
19:44:37      21   62.00    0.00   21.00    0.00    0.00    6.00    0.00    0.00    0.00   11.00
19:44:37      22   56.00    0.00   32.00    0.00    0.00    4.00    0.00    0.00    0.00    8.00
19:44:37      23   63.00    0.00   19.00    0.00    0.00    3.00    0.00    0.00    0.00   15.00
19:44:37      24   63.00    0.00   27.00    0.00    0.00    9.00    0.00    0.00    0.00    1.00
19:44:37      25   61.00    0.00   26.00    0.00    0.00   12.00    0.00    0.00    0.00    1.00
19:44:37      26   63.00    0.00   25.00    0.00    0.00   11.00    0.00    0.00    0.00    1.00
19:44:37      27   60.61    0.00   28.28    0.00    0.00   11.11    0.00    0.00    0.00    0.00
19:44:37      28   61.22    0.00   22.45    0.00    0.00   14.29    0.00    0.00    0.00    2.04
19:44:37      29   61.22    0.00   22.45    0.00    0.00   11.22    0.00    0.00    0.00    5.10
19:44:37      30   63.64    0.00   23.23    0.00    0.00   12.12    0.00    0.00    0.00    1.01
19:44:37      31   65.00    0.00   26.00    0.00    0.00    7.00    0.00    0.00    0.00    2.00

19:44:37     CPU    %usr   %nice    %sys %iowait    %irq   %soft  %steal  %guest  %gnice   %idle
19:44:38     all   64.01    0.00   19.05    0.00    0.00    5.02    0.00    0.00    0.00   11.91
19:44:38       0   62.37    0.00   12.90    0.00    0.00    3.23    0.00    0.00    0.00   21.51
19:44:38       1   60.22    0.00   13.98    0.00    0.00    3.23    0.00    0.00    0.00   22.58
19:44:38       2   61.22    0.00   20.41    0.00    0.00    4.08    0.00    0.00    0.00   14.29
19:44:38       3   68.75    0.00   12.50    0.00    0.00    4.17    0.00    0.00    0.00   14.58
19:44:38       4   84.85    0.00    8.08    0.00    0.00    1.01    0.00    0.00    0.00    6.06
19:44:38       5   64.29    0.00   18.37    0.00    0.00    4.08    0.00    0.00    0.00   13.27
19:44:38       6   63.92    0.00   17.53    0.00    0.00    4.12    0.00    0.00    0.00   14.43
19:44:38       7   59.79    0.00   21.65    0.00    0.00    4.12    0.00    0.00    0.00   14.43
19:44:38       8   68.00    0.00   18.00    0.00    0.00    4.00    0.00    0.00    0.00   10.00
19:44:38       9   68.63    0.00   15.69    0.00    0.00    3.92    0.00    0.00    0.00   11.76
19:44:38      10   65.31    0.00   17.35    0.00    0.00    2.04    0.00    0.00    0.00   15.31
19:44:38      11   63.27    0.00   16.33    0.00    0.00    2.04    0.00    0.00    0.00   18.37
19:44:38      12   67.68    0.00   14.14    0.00    0.00    4.04    0.00    0.00    0.00   14.14
19:44:38      13   63.27    0.00   13.27    0.00    0.00    4.08    0.00    0.00    0.00   19.39
19:44:38      14   64.36    0.00   18.81    0.00    0.00    3.96    0.00    0.00    0.00   12.87
19:44:38      15   64.71    0.00   20.59    0.00    0.00    5.88    0.00    0.00    0.00    8.82
19:44:38      16   59.60    0.00   10.10    0.00    0.00    2.02    0.00    0.00    0.00   28.28
19:44:38      17   56.04    0.00   16.48    0.00    0.00    2.20    0.00    0.00    0.00   25.27
19:44:38      18   66.02    0.00   17.48    0.00    0.00    1.94    0.00    0.00    0.00   14.56
19:44:38      19   66.00    0.00   16.00    0.00    0.00    5.00    0.00    0.00    0.00   13.00
19:44:38      20   80.81    0.00   11.11    0.00    0.00    1.01    0.00    0.00    0.00    7.07
19:44:38      21   68.93    0.00   14.56    0.00    0.00    1.94    0.00    0.00    0.00   14.56
19:44:38      22   50.00    0.00   34.00    0.00    0.00    4.00    0.00    0.00    0.00   12.00
19:44:38      23   65.00    0.00   19.00    0.00    0.00    4.00    0.00    0.00    0.00   12.00
19:44:38      24   58.42    0.00   25.74    0.00    0.00   13.86    0.00    0.00    0.00    1.98
19:44:38      25   63.64    0.00   26.26    0.00    0.00    9.09    0.00    0.00    0.00    1.01
19:44:38      26   61.39    0.00   23.76    0.00    0.00   11.88    0.00    0.00    0.00    2.97
19:44:38      27   46.00    0.00   32.00    0.00    0.00    6.00    0.00    0.00    0.00   16.00
19:44:38      28   61.00    0.00   26.00    0.00    0.00   12.00    0.00    0.00    0.00    1.00
19:44:38      29   63.00    0.00   29.00    0.00    0.00    7.00    0.00    0.00    0.00    1.00
19:44:38      30   63.00    0.00   26.00    0.00    0.00   10.00    0.00    0.00    0.00    1.00
19:44:38      31   68.00    0.00   21.00    0.00    0.00   10.00    0.00    0.00    0.00    1.00

19:44:38     CPU    %usr   %nice    %sys %iowait    %irq   %soft  %steal  %guest  %gnice   %idle
19:44:39     all   62.55    0.00   18.54    0.00    0.00    6.05    0.00    0.00    0.00   12.86
19:44:39       0   59.79    0.00   20.62    0.00    0.00    3.09    0.00    0.00    0.00   16.49
19:44:39       1   56.99    0.00   25.81    0.00    0.00    3.23    0.00    0.00    0.00   13.98
19:44:39       2   61.00    0.00   17.00    0.00    0.00    4.00    0.00    0.00    0.00   18.00
19:44:39       3   60.42    0.00   17.71    0.00    0.00    5.21    0.00    0.00    0.00   16.67
19:44:39       4   61.39    0.00   14.85    0.00    0.00    3.96    0.00    0.00    0.00   19.80
19:44:39       5   59.38    0.00   17.71    0.00    0.00    3.12    0.00    0.00    0.00   19.79
19:44:39       6   61.00    0.00   17.00    0.00    0.00    6.00    0.00    0.00    0.00   16.00
19:44:39       7   55.10    0.00   24.49    0.00    0.00    4.08    0.00    0.00    0.00   16.33
19:44:39       8   68.75    0.00   14.58    0.00    0.00    5.21    0.00    0.00    0.00   11.46
19:44:39       9   65.66    0.00   18.18    0.00    0.00    3.03    0.00    0.00    0.00   13.13
19:44:39      10   67.33    0.00   13.86    0.00    0.00    2.97    0.00    0.00    0.00   15.84
19:44:39      11   67.00    0.00   11.00    0.00    0.00    4.00    0.00    0.00    0.00   18.00
19:44:39      12   60.00    0.00   17.89    0.00    0.00    5.26    0.00    0.00    0.00   16.84
19:44:39      13   72.16    0.00   14.43    0.00    0.00    2.06    0.00    0.00    0.00   11.34
19:44:39      14   66.00    0.00   15.00    0.00    0.00    5.00    0.00    0.00    0.00   14.00
19:44:39      15   65.66    0.00   18.18    0.00    0.00    3.03    0.00    0.00    0.00   13.13
19:44:39      16   59.80    0.00   16.67    0.00    0.00    5.88    0.00    0.00    0.00   17.65
19:44:39      17   63.92    0.00   17.53    0.00    0.00    3.09    0.00    0.00    0.00   15.46
19:44:39      18   62.75    0.00   15.69    0.00    0.00    2.94    0.00    0.00    0.00   18.63
19:44:39      19   58.42    0.00   20.79    0.00    0.00    4.95    0.00    0.00    0.00   15.84
19:44:39      20   95.00    0.00    3.00    0.00    0.00    0.00    0.00    0.00    0.00    2.00
19:44:39      21   61.39    0.00    8.91    0.00    0.00    7.92    0.00    0.00    0.00   21.78
19:44:39      22   67.68    0.00   12.12    0.00    0.00    4.04    0.00    0.00    0.00   16.16
19:44:39      23   63.54    0.00   14.58    0.00    0.00    4.17    0.00    0.00    0.00   17.71
19:44:39      24   56.57    0.00   26.26    0.00    0.00   16.16    0.00    0.00    0.00    1.01
19:44:39      25   57.00    0.00   31.00    0.00    0.00   11.00    0.00    0.00    0.00    1.00
19:44:39      26   63.54    0.00   22.92    0.00    0.00   12.50    0.00    0.00    0.00    1.04
19:44:39      27   38.14    0.00   22.68    0.00    0.00    7.22    0.00    0.00    0.00   31.96
19:44:39      28   58.59    0.00   27.27    0.00    0.00   13.13    0.00    0.00    0.00    1.01
19:44:39      29   62.38    0.00   23.76    0.00    0.00   13.86    0.00    0.00    0.00    0.00
19:44:39      30   61.62    0.00   24.24    0.00    0.00   14.14    0.00    0.00    0.00    0.00
19:44:39      31   62.63    0.00   28.28    0.00    0.00    9.09    0.00    0.00    0.00    0.00

19:44:39     CPU    %usr   %nice    %sys %iowait    %irq   %soft  %steal  %guest  %gnice   %idle
19:44:40     all   65.39    0.00   18.85    0.00    0.00    5.85    0.00    0.00    0.00    9.90
19:44:40       0   61.46    0.00   22.92    0.00    0.00    2.08    0.00    0.00    0.00   13.54
19:44:40       1   54.64    0.00   32.99    0.00    0.00    4.12    0.00    0.00    0.00    8.25
19:44:40       2   67.33    0.00   17.82    0.00    0.00    0.99    0.00    0.00    0.00   13.86
19:44:40       3   65.31    0.00   17.35    0.00    0.00    3.06    0.00    0.00    0.00   14.29
19:44:40       4   90.91    0.00    4.04    0.00    0.00    1.01    0.00    0.00    0.00    4.04
19:44:40       5   67.35    0.00   13.27    0.00    0.00    6.12    0.00    0.00    0.00   13.27
19:44:40       6   63.64    0.00   15.15    0.00    0.00    4.04    0.00    0.00    0.00   17.17
19:44:40       7   65.31    0.00   19.39    0.00    0.00    4.08    0.00    0.00    0.00   11.22
19:44:40       8   67.00    0.00   21.00    0.00    0.00    4.00    0.00    0.00    0.00    8.00
19:44:40       9   69.39    0.00   15.31    0.00    0.00    4.08    0.00    0.00    0.00   11.22
19:44:40      10   64.58    0.00   18.75    0.00    0.00    5.21    0.00    0.00    0.00   11.46
19:44:40      11   55.67    0.00   21.65    0.00    0.00    4.12    0.00    0.00    0.00   18.56
19:44:40      12   69.70    0.00   11.11    0.00    0.00    7.07    0.00    0.00    0.00   12.12
19:44:40      13   66.00    0.00   17.00    0.00    0.00    5.00    0.00    0.00    0.00   12.00
19:44:40      14   70.71    0.00   16.16    0.00    0.00    6.06    0.00    0.00    0.00    7.07
19:44:40      15   71.13    0.00   15.46    0.00    0.00    5.15    0.00    0.00    0.00    8.25
19:44:40      16   64.29    0.00   13.27    0.00    0.00    4.08    0.00    0.00    0.00   18.37
19:44:40      17   64.36    0.00   17.82    0.00    0.00    4.95    0.00    0.00    0.00   12.87
19:44:40      18   69.31    0.00   14.85    0.00    0.00    1.98    0.00    0.00    0.00   13.86
19:44:40      19   63.92    0.00   16.49    0.00    0.00    3.09    0.00    0.00    0.00   16.49
19:44:40      20   69.07    0.00   12.37    0.00    0.00    6.19    0.00    0.00    0.00   12.37
19:44:40      21   66.67    0.00   18.75    0.00    0.00    2.08    0.00    0.00    0.00   12.50
19:44:40      22   63.27    0.00   18.37    0.00    0.00    3.06    0.00    0.00    0.00   15.31
19:44:40      23   66.67    0.00   15.69    0.00    0.00    2.94    0.00    0.00    0.00   14.71
19:44:40      24   61.00    0.00   26.00    0.00    0.00   13.00    0.00    0.00    0.00    0.00
19:44:40      25   61.39    0.00   22.77    0.00    0.00   14.85    0.00    0.00    0.00    0.99
19:44:40      26   62.38    0.00   26.73    0.00    0.00    9.90    0.00    0.00    0.00    0.99
19:44:40      27   51.02    0.00   25.51    0.00    0.00   11.22    0.00    0.00    0.00   12.24
19:44:40      28   64.65    0.00   22.22    0.00    0.00   13.13    0.00    0.00    0.00    0.00
19:44:40      29   68.69    0.00   23.23    0.00    0.00    7.07    0.00    0.00    0.00    1.01
19:44:40      30   62.00    0.00   26.00    0.00    0.00   11.00    0.00    0.00    0.00    1.00
19:44:40      31   63.37    0.00   23.76    0.00    0.00   11.88    0.00    0.00    0.00    0.99

19:44:40     CPU    %usr   %nice    %sys %iowait    %irq   %soft  %steal  %guest  %gnice   %idle
19:44:41     all   65.25    0.00   19.30    0.00    0.00    6.03    0.00    0.00    0.00    9.42
19:44:41       0   61.22    0.00   25.51    0.00    0.00    4.08    0.00    0.00    0.00    9.18
19:44:41       1   61.22    0.00   15.31    0.00    0.00    5.10    0.00    0.00    0.00   18.37
19:44:41       2   64.65    0.00   17.17    0.00    0.00    5.05    0.00    0.00    0.00   13.13
19:44:41       3   65.69    0.00   17.65    0.00    0.00    3.92    0.00    0.00    0.00   12.75
19:44:41       4   78.79    0.00   11.11    0.00    0.00    3.03    0.00    0.00    0.00    7.07
19:44:41       5   67.96    0.00   15.53    0.00    0.00    2.91    0.00    0.00    0.00   13.59
19:44:41       6   65.31    0.00   16.33    0.00    0.00    4.08    0.00    0.00    0.00   14.29
19:44:41       7   65.35    0.00   16.83    0.00    0.00    2.97    0.00    0.00    0.00   14.85
19:44:41       8   71.72    0.00   14.14    0.00    0.00    3.03    0.00    0.00    0.00   11.11
19:44:41       9   70.59    0.00   15.69    0.00    0.00    2.94    0.00    0.00    0.00   10.78
19:44:41      10   66.00    0.00   23.00    0.00    0.00    3.00    0.00    0.00    0.00    8.00
19:44:41      11   65.98    0.00   19.59    0.00    0.00    5.15    0.00    0.00    0.00    9.28
19:44:41      12   60.58    0.00   14.42    0.00    0.00    5.77    0.00    0.00    0.00   19.23
19:44:41      13   70.41    0.00   15.31    0.00    0.00    5.10    0.00    0.00    0.00    9.18
19:44:41      14   74.75    0.00   15.15    0.00    0.00    4.04    0.00    0.00    0.00    6.06
19:44:41      15   67.33    0.00   22.77    0.00    0.00    3.96    0.00    0.00    0.00    5.94
19:44:41      16   52.58    0.00   32.99    0.00    0.00    3.09    0.00    0.00    0.00   11.34
19:44:41      17   59.60    0.00   15.15    0.00    0.00    5.05    0.00    0.00    0.00   20.20
19:44:41      18   66.32    0.00   15.79    0.00    0.00    4.21    0.00    0.00    0.00   13.68
19:44:41      19   61.00    0.00   19.00    0.00    0.00    4.00    0.00    0.00    0.00   16.00
19:44:41      20   81.19    0.00    9.90    0.00    0.00    1.98    0.00    0.00    0.00    6.93
19:44:41      21   63.27    0.00   15.31    0.00    0.00    7.14    0.00    0.00    0.00   14.29
19:44:41      22   64.29    0.00   16.33    0.00    0.00    4.08    0.00    0.00    0.00   15.31
19:44:41      23   59.41    0.00   19.80    0.00    0.00    4.95    0.00    0.00    0.00   15.84
19:44:41      24   59.00    0.00   30.00    0.00    0.00   11.00    0.00    0.00    0.00    0.00
19:44:41      25   61.00    0.00   28.00    0.00    0.00   10.00    0.00    0.00    0.00    1.00
19:44:41      26   64.36    0.00   23.76    0.00    0.00   10.89    0.00    0.00    0.00    0.99
19:44:41      27   62.24    0.00   20.41    0.00    0.00   15.31    0.00    0.00    0.00    2.04
19:44:41      28   61.39    0.00   23.76    0.00    0.00   13.86    0.00    0.00    0.00    0.99
19:44:41      29   60.00    0.00   24.00    0.00    0.00   16.00    0.00    0.00    0.00    0.00
19:44:41      30   66.00    0.00   25.00    0.00    0.00    9.00    0.00    0.00    0.00    0.00
19:44:41      31   68.69    0.00   23.23    0.00    0.00    8.08    0.00    0.00    0.00    0.00

19:44:41     CPU    %usr   %nice    %sys %iowait    %irq   %soft  %steal  %guest  %gnice   %idle
19:44:42     all   65.20    0.00   19.94    0.00    0.00    5.75    0.00    0.00    0.00    9.11
19:44:42       0   60.20    0.00   29.59    0.00    0.00    2.04    0.00    0.00    0.00    8.16
19:44:42       1   67.33    0.00   18.81    0.00    0.00    3.96    0.00    0.00    0.00    9.90
19:44:42       2   64.00    0.00   18.00    0.00    0.00    4.00    0.00    0.00    0.00   14.00
19:44:42       3   64.36    0.00   16.83    0.00    0.00    3.96    0.00    0.00    0.00   14.85
19:44:42       4   89.80    0.00    5.10    0.00    0.00    1.02    0.00    0.00    0.00    4.08
19:44:42       5   67.00    0.00   16.00    0.00    0.00    4.00    0.00    0.00    0.00   13.00
19:44:42       6   59.22    0.00   18.45    0.00    0.00    3.88    0.00    0.00    0.00   18.45
19:44:42       7   62.63    0.00   21.21    0.00    0.00    2.02    0.00    0.00    0.00   14.14
19:44:42       8   65.69    0.00   17.65    0.00    0.00    4.90    0.00    0.00    0.00   11.76
19:44:42       9   70.30    0.00   13.86    0.00    0.00    3.96    0.00    0.00    0.00   11.88
19:44:42      10   69.61    0.00   17.65    0.00    0.00    3.92    0.00    0.00    0.00    8.82
19:44:42      11   72.45    0.00   15.31    0.00    0.00    4.08    0.00    0.00    0.00    8.16
19:44:42      12   70.00    0.00   17.00    0.00    0.00    3.00    0.00    0.00    0.00   10.00
19:44:42      13   69.79    0.00   13.54    0.00    0.00    4.17    0.00    0.00    0.00   12.50
19:44:42      14   72.00    0.00   13.00    0.00    0.00    6.00    0.00    0.00    0.00    9.00
19:44:42      15   67.68    0.00   16.16    0.00    0.00    7.07    0.00    0.00    0.00    9.09
19:44:42      16   55.67    0.00   34.02    0.00    0.00    4.12    0.00    0.00    0.00    6.19
19:44:42      17   61.22    0.00   23.47    0.00    0.00    3.06    0.00    0.00    0.00   12.24
19:44:42      18   66.00    0.00   18.00    0.00    0.00    2.00    0.00    0.00    0.00   14.00
19:44:42      19   60.61    0.00   17.17    0.00    0.00    5.05    0.00    0.00    0.00   17.17
19:44:42      20   75.76    0.00   10.10    0.00    0.00    3.03    0.00    0.00    0.00   11.11
19:44:42      21   69.07    0.00   17.53    0.00    0.00    3.09    0.00    0.00    0.00   10.31
19:44:42      22   59.79    0.00   18.56    0.00    0.00    3.09    0.00    0.00    0.00   18.56
19:44:42      23   68.69    0.00   14.14    0.00    0.00    3.03    0.00    0.00    0.00   14.14
19:44:42      24   53.54    0.00   33.33    0.00    0.00   12.12    0.00    0.00    0.00    1.01
19:44:42      25   59.00    0.00   25.00    0.00    0.00   15.00    0.00    0.00    0.00    1.00
19:44:42      26   62.00    0.00   27.00    0.00    0.00   10.00    0.00    0.00    0.00    1.00
19:44:42      27   59.41    0.00   24.75    0.00    0.00   13.86    0.00    0.00    0.00    1.98
19:44:42      28   62.00    0.00   28.00    0.00    0.00    9.00    0.00    0.00    0.00    1.00
19:44:42      29   58.00    0.00   32.00    0.00    0.00    9.00    0.00    0.00    0.00    1.00
19:44:42      30   62.38    0.00   23.76    0.00    0.00   11.88    0.00    0.00    0.00    1.98
19:44:42      31   61.62    0.00   23.23    0.00    0.00   14.14    0.00    0.00    0.00    1.01

19:44:42     CPU    %usr   %nice    %sys %iowait    %irq   %soft  %steal  %guest  %gnice   %idle
19:44:43     all   66.07    0.00   19.46    0.00    0.00    6.18    0.00    0.00    0.00    8.29
19:44:43       0   68.04    0.00   21.65    0.00    0.00    4.12    0.00    0.00    0.00    6.19
19:44:43       1   69.70    0.00   18.18    0.00    0.00    4.04    0.00    0.00    0.00    8.08
19:44:43       2   69.79    0.00   14.58    0.00    0.00    6.25    0.00    0.00    0.00    9.38
19:44:43       3   64.36    0.00   18.81    0.00    0.00    3.96    0.00    0.00    0.00   12.87
19:44:43       4   99.01    0.00    0.99    0.00    0.00    0.00    0.00    0.00    0.00    0.00
19:44:43       5   71.72    0.00   15.15    0.00    0.00    4.04    0.00    0.00    0.00    9.09
19:44:43       6   71.28    0.00   12.77    0.00    0.00    5.32    0.00    0.00    0.00   10.64
19:44:43       7   70.83    0.00   12.50    0.00    0.00    5.21    0.00    0.00    0.00   11.46
19:44:43       8   69.61    0.00   18.63    0.00    0.00    3.92    0.00    0.00    0.00    7.84
19:44:43       9   67.68    0.00   18.18    0.00    0.00    6.06    0.00    0.00    0.00    8.08
19:44:43      10   73.00    0.00   15.00    0.00    0.00    6.00    0.00    0.00    0.00    6.00
19:44:43      11   72.45    0.00   16.33    0.00    0.00    4.08    0.00    0.00    0.00    7.14
19:44:43      12   67.96    0.00   14.56    0.00    0.00    1.94    0.00    0.00    0.00   15.53
19:44:43      13   34.34    0.00    8.08    0.00    0.00    1.01    0.00    0.00    0.00   56.57
19:44:43      14   73.47    0.00   16.33    0.00    0.00    4.08    0.00    0.00    0.00    6.12
19:44:43      15   69.07    0.00   18.56    0.00    0.00    4.12    0.00    0.00    0.00    8.25
19:44:43      16   55.88    0.00   38.24    0.00    0.00    1.96    0.00    0.00    0.00    3.92
19:44:43      17   66.67    0.00   17.17    0.00    0.00    7.07    0.00    0.00    0.00    9.09
19:44:43      18   64.00    0.00   23.00    0.00    0.00    4.00    0.00    0.00    0.00    9.00
19:44:43      19   68.32    0.00   15.84    0.00    0.00    4.95    0.00    0.00    0.00   10.89
19:44:43      20   64.00    0.00   23.00    0.00    0.00    5.00    0.00    0.00    0.00    8.00
19:44:43      21   68.63    0.00   19.61    0.00    0.00    3.92    0.00    0.00    0.00    7.84
19:44:43      22   68.04    0.00   14.43    0.00    0.00    6.19    0.00    0.00    0.00   11.34
19:44:43      23   58.59    0.00   22.22    0.00    0.00    8.08    0.00    0.00    0.00   11.11
19:44:43      24   59.60    0.00   30.30    0.00    0.00    9.09    0.00    0.00    0.00    1.01
19:44:43      25   61.00    0.00   27.00    0.00    0.00   11.00    0.00    0.00    0.00    1.00
19:44:43      26   61.62    0.00   25.25    0.00    0.00   13.13    0.00    0.00    0.00    0.00
19:44:43      27   60.61    0.00   26.26    0.00    0.00   12.12    0.00    0.00    0.00    1.01
19:44:43      28   61.62    0.00   28.28    0.00    0.00    9.09    0.00    0.00    0.00    1.01
19:44:43      29   61.86    0.00   23.71    0.00    0.00    9.28    0.00    0.00    0.00    5.15
19:44:43      30   61.62    0.00   22.22    0.00    0.00   15.15    0.00    0.00    0.00    1.01
19:44:43      31   60.00    0.00   25.00    0.00    0.00   14.00    0.00    0.00    0.00    1.00

19:44:43     CPU    %usr   %nice    %sys %iowait    %irq   %soft  %steal  %guest  %gnice   %idle
19:44:44     all   65.12    0.00   18.50    0.00    0.00    6.03    0.00    0.00    0.00   10.35
19:44:44       0   57.29    0.00   27.08    0.00    0.00    6.25    0.00    0.00    0.00    9.38
19:44:44       1   61.22    0.00   23.47    0.00    0.00    4.08    0.00    0.00    0.00   11.22
19:44:44       2   64.95    0.00   16.49    0.00    0.00    4.12    0.00    0.00    0.00   14.43
19:44:44       3   58.00    0.00   20.00    0.00    0.00    6.00    0.00    0.00    0.00   16.00
19:44:44       4   88.78    0.00    5.10    0.00    0.00    1.02    0.00    0.00    0.00    5.10
19:44:44       5   67.35    0.00   14.29    0.00    0.00    5.10    0.00    0.00    0.00   13.27
19:44:44       6   62.63    0.00   15.15    0.00    0.00    5.05    0.00    0.00    0.00   17.17
19:44:44       7   58.95    0.00   15.79    0.00    0.00    6.32    0.00    0.00    0.00   18.95
19:44:44       8   64.00    0.00   16.00    0.00    0.00    5.00    0.00    0.00    0.00   15.00
19:44:44       9   67.00    0.00   20.00    0.00    0.00    3.00    0.00    0.00    0.00   10.00
19:44:44      10   68.75    0.00   12.50    0.00    0.00    4.17    0.00    0.00    0.00   14.58
19:44:44      11   68.37    0.00   16.33    0.00    0.00    3.06    0.00    0.00    0.00   12.24
19:44:44      12   68.32    0.00   15.84    0.00    0.00    4.95    0.00    0.00    0.00   10.89
19:44:44      13   52.04    0.00   15.31    0.00    0.00    2.04    0.00    0.00    0.00   30.61
19:44:44      14   66.34    0.00   18.81    0.00    0.00    4.95    0.00    0.00    0.00    9.90
19:44:44      15   73.00    0.00   14.00    0.00    0.00    4.00    0.00    0.00    0.00    9.00
19:44:44      16   59.00    0.00   26.00    0.00    0.00    5.00    0.00    0.00    0.00   10.00
19:44:44      17   70.71    0.00   14.14    0.00    0.00    4.04    0.00    0.00    0.00   11.11
19:44:44      18   62.24    0.00   16.33    0.00    0.00    4.08    0.00    0.00    0.00   17.35
19:44:44      19   64.65    0.00   18.18    0.00    0.00    2.02    0.00    0.00    0.00   15.15
19:44:44      20   74.26    0.00   15.84    0.00    0.00    2.97    0.00    0.00    0.00    6.93
19:44:44      21   67.01    0.00   14.43    0.00    0.00    3.09    0.00    0.00    0.00   15.46
19:44:44      22   63.00    0.00   17.00    0.00    0.00    5.00    0.00    0.00    0.00   15.00
19:44:44      23   61.22    0.00   17.35    0.00    0.00    3.06    0.00    0.00    0.00   18.37
19:44:44      24   65.00    0.00   23.00    0.00    0.00   12.00    0.00    0.00    0.00    0.00
19:44:44      25   59.41    0.00   24.75    0.00    0.00   14.85    0.00    0.00    0.00    0.99
19:44:44      26   63.00    0.00   22.00    0.00    0.00   14.00    0.00    0.00    0.00    1.00
19:44:44      27   69.31    0.00   19.80    0.00    0.00    9.90    0.00    0.00    0.00    0.99
19:44:44      28   63.00    0.00   26.00    0.00    0.00   10.00    0.00    0.00    0.00    1.00
19:44:44      29   62.00    0.00   26.00    0.00    0.00   12.00    0.00    0.00    0.00    0.00
19:44:44      30   64.65    0.00   24.24    0.00    0.00   10.10    0.00    0.00    0.00    1.01
19:44:44      31   68.00    0.00   20.00    0.00    0.00   11.00    0.00    0.00    0.00    1.00

19:44:44     CPU    %usr   %nice    %sys %iowait    %irq   %soft  %steal  %guest  %gnice   %idle
19:44:45     all   65.40    0.00   19.31    0.00    0.00    5.80    0.00    0.00    0.00    9.48
19:44:45       0   63.16    0.00   15.79    0.00    0.00    4.21    0.00    0.00    0.00   16.84
19:44:45       1   47.92    0.00   35.42    0.00    0.00    6.25    0.00    0.00    0.00   10.42
19:44:45       2   67.01    0.00   15.46    0.00    0.00    2.06    0.00    0.00    0.00   15.46
19:44:45       3   59.41    0.00   17.82    0.00    0.00    4.95    0.00    0.00    0.00   17.82
19:44:45       4   92.86    0.00    4.08    0.00    0.00    1.02    0.00    0.00    0.00    2.04
19:44:45       5   67.71    0.00   13.54    0.00    0.00    5.21    0.00    0.00    0.00   13.54
19:44:45       6   65.35    0.00   19.80    0.00    0.00    3.96    0.00    0.00    0.00   10.89
19:44:45       7   67.01    0.00   14.43    0.00    0.00    4.12    0.00    0.00    0.00   14.43
19:44:45       8   69.00    0.00   20.00    0.00    0.00    3.00    0.00    0.00    0.00    8.00
19:44:45       9   76.04    0.00   15.62    0.00    0.00    1.04    0.00    0.00    0.00    7.29
19:44:45      10   69.39    0.00   15.31    0.00    0.00    2.04    0.00    0.00    0.00   13.27
19:44:45      11   67.35    0.00   14.29    0.00    0.00    5.10    0.00    0.00    0.00   13.27
19:44:45      12   67.00    0.00   20.00    0.00    0.00    4.00    0.00    0.00    0.00    9.00
19:44:45      13   68.04    0.00   19.59    0.00    0.00    3.09    0.00    0.00    0.00    9.28
19:44:45      14   72.16    0.00   16.49    0.00    0.00    3.09    0.00    0.00    0.00    8.25
19:44:45      15   67.33    0.00   14.85    0.00    0.00    5.94    0.00    0.00    0.00   11.88
19:44:45      16   62.00    0.00   18.00    0.00    0.00    5.00    0.00    0.00    0.00   15.00
19:44:45      17   60.42    0.00   21.88    0.00    0.00    3.12    0.00    0.00    0.00   14.58
19:44:45      18   63.64    0.00   15.15    0.00    0.00    4.04    0.00    0.00    0.00   17.17
19:44:45      19   65.62    0.00   14.58    0.00    0.00    4.17    0.00    0.00    0.00   15.62
19:44:45      20   73.47    0.00   13.27    0.00    0.00    4.08    0.00    0.00    0.00    9.18
19:44:45      21   62.75    0.00   19.61    0.00    0.00    4.90    0.00    0.00    0.00   12.75
19:44:45      22   58.76    0.00   21.65    0.00    0.00    5.15    0.00    0.00    0.00   14.43
19:44:45      23   63.27    0.00   15.31    0.00    0.00    5.10    0.00    0.00    0.00   16.33
19:44:45      24   63.27    0.00   27.55    0.00    0.00    8.16    0.00    0.00    0.00    1.02
19:44:45      25   66.67    0.00   25.25    0.00    0.00    7.07    0.00    0.00    0.00    1.01
19:44:45      26   57.00    0.00   29.00    0.00    0.00   13.00    0.00    0.00    0.00    1.00
19:44:45      27   63.00    0.00   23.00    0.00    0.00   13.00    0.00    0.00    0.00    1.00
19:44:45      28   60.00    0.00   26.00    0.00    0.00   13.00    0.00    0.00    0.00    1.00
19:44:45      29   60.61    0.00   26.26    0.00    0.00   12.12    0.00    0.00    0.00    1.01
19:44:45      30   64.71    0.00   21.57    0.00    0.00   12.75    0.00    0.00    0.00    0.98
19:44:45      31   61.39    0.00   26.73    0.00    0.00   10.89    0.00    0.00    0.00    0.99

19:44:45     CPU    %usr   %nice    %sys %iowait    %irq   %soft  %steal  %guest  %gnice   %idle
19:44:46     all   65.41    0.00   19.62    0.00    0.00    6.18    0.00    0.00    0.00    8.80
19:44:46       0   63.04    0.00   19.57    0.00    0.00    2.17    0.00    0.00    0.00   15.22
19:44:46       1   69.15    0.00   14.89    0.00    0.00    3.19    0.00    0.00    0.00   12.77
19:44:46       2   62.63    0.00   21.21    0.00    0.00    5.05    0.00    0.00    0.00   11.11
19:44:46       3   63.64    0.00   20.20    0.00    0.00    5.05    0.00    0.00    0.00   11.11
19:44:46       4   94.06    0.00    1.98    0.00    0.00    0.99    0.00    0.00    0.00    2.97
19:44:46       5   67.33    0.00   15.84    0.00    0.00    3.96    0.00    0.00    0.00   12.87
19:44:46       6   61.22    0.00   17.35    0.00    0.00    2.04    0.00    0.00    0.00   19.39
19:44:46       7   65.66    0.00   17.17    0.00    0.00    4.04    0.00    0.00    0.00   13.13
19:44:46       8   68.37    0.00   20.41    0.00    0.00    4.08    0.00    0.00    0.00    7.14
19:44:46       9   72.55    0.00   17.65    0.00    0.00    3.92    0.00    0.00    0.00    5.88
19:44:46      10   67.00    0.00   17.00    0.00    0.00    6.00    0.00    0.00    0.00   10.00
19:44:46      11   67.00    0.00   19.00    0.00    0.00    5.00    0.00    0.00    0.00    9.00
19:44:46      12   65.00    0.00   20.00    0.00    0.00    5.00    0.00    0.00    0.00   10.00
19:44:46      13   59.60    0.00   19.19    0.00    0.00    9.09    0.00    0.00    0.00   12.12
19:44:46      14   67.68    0.00   15.15    0.00    0.00    4.04    0.00    0.00    0.00   13.13
19:44:46      15   69.39    0.00   15.31    0.00    0.00    4.08    0.00    0.00    0.00   11.22
19:44:46      16   54.00    0.00   35.00    0.00    0.00    2.00    0.00    0.00    0.00    9.00
19:44:46      17   61.70    0.00   18.09    0.00    0.00    5.32    0.00    0.00    0.00   14.89
19:44:46      18   65.98    0.00   18.56    0.00    0.00    4.12    0.00    0.00    0.00   11.34
19:44:46      19   66.00    0.00   18.00    0.00    0.00    3.00    0.00    0.00    0.00   13.00
19:44:46      20   72.55    0.00   15.69    0.00    0.00    3.92    0.00    0.00    0.00    7.84
19:44:46      21   65.66    0.00   19.19    0.00    0.00    2.02    0.00    0.00    0.00   13.13
19:44:46      22   65.69    0.00   14.71    0.00    0.00    2.94    0.00    0.00    0.00   16.67
19:44:46      23   62.63    0.00   16.16    0.00    0.00    5.05    0.00    0.00    0.00   16.16
19:44:46      24   60.40    0.00   23.76    0.00    0.00   14.85    0.00    0.00    0.00    0.99
19:44:46      25   63.00    0.00   25.00    0.00    0.00   11.00    0.00    0.00    0.00    1.00
19:44:46      26   59.41    0.00   28.71    0.00    0.00   11.88    0.00    0.00    0.00    0.00
19:44:46      27   64.00    0.00   23.00    0.00    0.00   12.00    0.00    0.00    0.00    1.00
19:44:46      28   63.00    0.00   22.00    0.00    0.00   15.00    0.00    0.00    0.00    0.00
19:44:46      29   64.00    0.00   24.00    0.00    0.00   12.00    0.00    0.00    0.00    0.00
19:44:46      30   62.24    0.00   25.51    0.00    0.00   11.22    0.00    0.00    0.00    1.02
19:44:46      31   58.59    0.00   28.28    0.00    0.00   13.13    0.00    0.00    0.00    0.00

19:44:46     CPU    %usr   %nice    %sys %iowait    %irq   %soft  %steal  %guest  %gnice   %idle
19:44:47     all   66.52    0.00   19.10    0.00    0.00    5.75    0.00    0.00    0.00    8.63
19:44:47       0   70.71    0.00   15.15    0.00    0.00    4.04    0.00    0.00    0.00   10.10
19:44:47       1   69.70    0.00   16.16    0.00    0.00    4.04    0.00    0.00    0.00   10.10
19:44:47       2   69.07    0.00   15.46    0.00    0.00    4.12    0.00    0.00    0.00   11.34
19:44:47       3   63.92    0.00   16.49    0.00    0.00    2.06    0.00    0.00    0.00   17.53
19:44:47       4   99.00    0.00    1.00    0.00    0.00    0.00    0.00    0.00    0.00    0.00
19:44:47       5   65.35    0.00   17.82    0.00    0.00    3.96    0.00    0.00    0.00   12.87
19:44:47       6   65.98    0.00   13.40    0.00    0.00    6.19    0.00    0.00    0.00   14.43
19:44:47       7   67.71    0.00   15.62    0.00    0.00    4.17    0.00    0.00    0.00   12.50
19:44:47       8   69.47    0.00   14.74    0.00    0.00    3.16    0.00    0.00    0.00   12.63
19:44:47       9   73.47    0.00   14.29    0.00    0.00    3.06    0.00    0.00    0.00    9.18
19:44:47      10   64.36    0.00   20.79    0.00    0.00    5.94    0.00    0.00    0.00    8.91
19:44:47      11   68.69    0.00   19.19    0.00    0.00    3.03    0.00    0.00    0.00    9.09
19:44:47      12   73.53    0.00   16.67    0.00    0.00    1.96    0.00    0.00    0.00    7.84
19:44:47      13   65.26    0.00   12.63    0.00    0.00    4.21    0.00    0.00    0.00   17.89
19:44:47      14   66.67    0.00   16.67    0.00    0.00    5.88    0.00    0.00    0.00   10.78
19:44:47      15   68.00    0.00   18.00    0.00    0.00    3.00    0.00    0.00    0.00   11.00
19:44:47      16   69.39    0.00   16.33    0.00    0.00    3.06    0.00    0.00    0.00   11.22
19:44:47      17   52.53    0.00   39.39    0.00    0.00    4.04    0.00    0.00    0.00    4.04
19:44:47      18   63.54    0.00   18.75    0.00    0.00    6.25    0.00    0.00    0.00   11.46
19:44:47      19   67.00    0.00   15.00    0.00    0.00    4.00    0.00    0.00    0.00   14.00
19:44:47      20   68.04    0.00   16.49    0.00    0.00    4.12    0.00    0.00    0.00   11.34
19:44:47      21   65.66    0.00   18.18    0.00    0.00    2.02    0.00    0.00    0.00   14.14
19:44:47      22   62.00    0.00   18.00    0.00    0.00    4.00    0.00    0.00    0.00   16.00
19:44:47      23   64.95    0.00   17.53    0.00    0.00    5.15    0.00    0.00    0.00   12.37
19:44:47      24   61.62    0.00   25.25    0.00    0.00   13.13    0.00    0.00    0.00    0.00
19:44:47      25   56.00    0.00   31.00    0.00    0.00   12.00    0.00    0.00    0.00    1.00
19:44:47      26   64.00    0.00   26.00    0.00    0.00    9.00    0.00    0.00    0.00    1.00
19:44:47      27   60.00    0.00   28.00    0.00    0.00   11.00    0.00    0.00    0.00    1.00
19:44:47      28   61.39    0.00   23.76    0.00    0.00   13.86    0.00    0.00    0.00    0.99
19:44:47      29   65.66    0.00   22.22    0.00    0.00   11.11    0.00    0.00    0.00    1.01
19:44:47      30   62.38    0.00   24.75    0.00    0.00   11.88    0.00    0.00    0.00    0.99
19:44:47      31   63.64    0.00   25.25    0.00    0.00   10.10    0.00    0.00    0.00    1.01

19:44:47     CPU    %usr   %nice    %sys %iowait    %irq   %soft  %steal  %guest  %gnice   %idle
19:44:48     all   65.69    0.00   19.47    0.00    0.00    5.81    0.00    0.00    0.00    9.03
19:44:48       0   70.00    0.00   15.00    0.00    0.00    5.00    0.00    0.00    0.00   10.00
19:44:48       1   67.68    0.00   25.25    0.00    0.00    4.04    0.00    0.00    0.00    3.03
19:44:48       2   66.33    0.00   15.31    0.00    0.00    5.10    0.00    0.00    0.00   13.27
19:44:48       3   65.35    0.00   17.82    0.00    0.00    3.96    0.00    0.00    0.00   12.87
19:44:48       4   95.96    0.00    2.02    0.00    0.00    1.01    0.00    0.00    0.00    1.01
19:44:48       5   68.63    0.00   16.67    0.00    0.00    2.94    0.00    0.00    0.00   11.76
19:44:48       6   67.33    0.00   17.82    0.00    0.00    4.95    0.00    0.00    0.00    9.90
19:44:48       7   68.32    0.00   16.83    0.00    0.00    2.97    0.00    0.00    0.00   11.88
19:44:48       8   72.00    0.00   13.00    0.00    0.00    5.00    0.00    0.00    0.00   10.00
19:44:48       9   65.38    0.00   16.35    0.00    0.00    5.77    0.00    0.00    0.00   12.50
19:44:48      10   70.41    0.00   16.33    0.00    0.00    5.10    0.00    0.00    0.00    8.16
19:44:48      11   70.71    0.00   15.15    0.00    0.00    6.06    0.00    0.00    0.00    8.08
19:44:48      12   59.80    0.00   19.61    0.00    0.00    5.88    0.00    0.00    0.00   14.71
19:44:48      13   38.83    0.00   10.68    0.00    0.00    1.94    0.00    0.00    0.00   48.54
19:44:48      14   68.04    0.00   20.62    0.00    0.00    4.12    0.00    0.00    0.00    7.22
19:44:48      15   74.23    0.00   16.49    0.00    0.00    3.09    0.00    0.00    0.00    6.19
19:44:48      16   67.00    0.00   18.00    0.00    0.00    4.00    0.00    0.00    0.00   11.00
19:44:48      17   58.59    0.00   31.31    0.00    0.00    4.04    0.00    0.00    0.00    6.06
19:44:48      18   66.34    0.00   17.82    0.00    0.00    4.95    0.00    0.00    0.00   10.89
19:44:48      19   63.54    0.00   18.75    0.00    0.00    6.25    0.00    0.00    0.00   11.46
19:44:48      20   72.73    0.00   13.13    0.00    0.00    2.02    0.00    0.00    0.00   12.12
19:44:48      21   67.71    0.00   17.71    0.00    0.00    4.17    0.00    0.00    0.00   10.42
19:44:48      22   68.63    0.00   16.67    0.00    0.00    4.90    0.00    0.00    0.00    9.80
19:44:48      23   64.42    0.00   20.19    0.00    0.00    3.85    0.00    0.00    0.00   11.54
19:44:48      24   59.60    0.00   30.30    0.00    0.00    8.08    0.00    0.00    0.00    2.02
19:44:48      25   64.71    0.00   23.53    0.00    0.00    8.82    0.00    0.00    0.00    2.94
19:44:48      26   58.00    0.00   29.00    0.00    0.00   12.00    0.00    0.00    0.00    1.00
19:44:48      27   53.47    0.00   31.68    0.00    0.00   13.86    0.00    0.00    0.00    0.99
19:44:48      28   64.36    0.00   23.76    0.00    0.00    9.90    0.00    0.00    0.00    1.98
19:44:48      29   62.38    0.00   20.79    0.00    0.00   12.87    0.00    0.00    0.00    3.96
19:44:48      30   60.20    0.00   29.59    0.00    0.00    9.18    0.00    0.00    0.00    1.02
19:44:48      31   63.00    0.00   26.00    0.00    0.00   10.00    0.00    0.00    0.00    1.00

19:44:48     CPU    %usr   %nice    %sys %iowait    %irq   %soft  %steal  %guest  %gnice   %idle
19:44:49     all   65.81    0.00   18.59    0.00    0.00    6.11    0.00    0.00    0.00    9.49
19:44:49       0   59.57    0.00   23.40    0.00    0.00    2.13    0.00    0.00    0.00   14.89
19:44:49       1   53.61    0.00   28.87    0.00    0.00    4.12    0.00    0.00    0.00   13.40
19:44:49       2   63.64    0.00   18.18    0.00    0.00    4.04    0.00    0.00    0.00   14.14
19:44:49       3   67.35    0.00   14.29    0.00    0.00    3.06    0.00    0.00    0.00   15.31
19:44:49       4   99.00    0.00    0.00    0.00    0.00    0.00    0.00    0.00    0.00    1.00
19:44:49       5   65.98    0.00   14.43    0.00    0.00    4.12    0.00    0.00    0.00   15.46
19:44:49       6   69.70    0.00   14.14    0.00    0.00    3.03    0.00    0.00    0.00   13.13
19:44:49       7   63.83    0.00   19.15    0.00    0.00    2.13    0.00    0.00    0.00   14.89
19:44:49       8   72.16    0.00   14.43    0.00    0.00    5.15    0.00    0.00    0.00    8.25
19:44:49       9   69.39    0.00   14.29    0.00    0.00    6.12    0.00    0.00    0.00   10.20
19:44:49      10   70.71    0.00   16.16    0.00    0.00    3.03    0.00    0.00    0.00   10.10
19:44:49      11   74.75    0.00   13.13    0.00    0.00    3.03    0.00    0.00    0.00    9.09
19:44:49      12   67.96    0.00   17.48    0.00    0.00    4.85    0.00    0.00    0.00    9.71
19:44:49      13   59.38    0.00   23.96    0.00    0.00    6.25    0.00    0.00    0.00   10.42
19:44:49      14   67.33    0.00   17.82    0.00    0.00    4.95    0.00    0.00    0.00    9.90
19:44:49      15   71.43    0.00   14.29    0.00    0.00    6.12    0.00    0.00    0.00    8.16
19:44:49      16   62.50    0.00   16.67    0.00    0.00    3.12    0.00    0.00    0.00   17.71
19:44:49      17   58.16    0.00   19.39    0.00    0.00    5.10    0.00    0.00    0.00   17.35
19:44:49      18   63.37    0.00   20.79    0.00    0.00    2.97    0.00    0.00    0.00   12.87
19:44:49      19   66.32    0.00   14.74    0.00    0.00    4.21    0.00    0.00    0.00   14.74
19:44:49      20   63.27    0.00   14.29    0.00    0.00    6.12    0.00    0.00    0.00   16.33
19:44:49      21   66.67    0.00   18.75    0.00    0.00    3.12    0.00    0.00    0.00   11.46
19:44:49      22   65.66    0.00   15.15    0.00    0.00    4.04    0.00    0.00    0.00   15.15
19:44:49      23   60.22    0.00   18.28    0.00    0.00    6.45    0.00    0.00    0.00   15.05
19:44:49      24   66.67    0.00   22.22    0.00    0.00   10.10    0.00    0.00    0.00    1.01
19:44:49      25   63.64    0.00   23.23    0.00    0.00   12.12    0.00    0.00    0.00    1.01
19:44:49      26   59.60    0.00   25.25    0.00    0.00   15.15    0.00    0.00    0.00    0.00
19:44:49      27   59.60    0.00   26.26    0.00    0.00   12.12    0.00    0.00    0.00    2.02
19:44:49      28   63.64    0.00   22.22    0.00    0.00   14.14    0.00    0.00    0.00    0.00
19:44:49      29   63.00    0.00   27.00    0.00    0.00   10.00    0.00    0.00    0.00    0.00
19:44:49      30   63.00    0.00   21.00    0.00    0.00   15.00    0.00    0.00    0.00    1.00
19:44:49      31   63.37    0.00   25.74    0.00    0.00    8.91    0.00    0.00    0.00    1.98

19:44:49     CPU    %usr   %nice    %sys %iowait    %irq   %soft  %steal  %guest  %gnice   %idle
19:44:50     all   65.72    0.00   18.75    0.00    0.00    5.73    0.00    0.00    0.00    9.80
19:44:50       0   59.41    0.00   30.69    0.00    0.00    2.97    0.00    0.00    0.00    6.93
19:44:50       1   65.00    0.00   17.00    0.00    0.00    5.00    0.00    0.00    0.00   13.00
19:44:50       2   64.65    0.00   14.14    0.00    0.00    3.03    0.00    0.00    0.00   18.18
19:44:50       3   65.31    0.00   14.29    0.00    0.00    2.04    0.00    0.00    0.00   18.37
19:44:50       4   96.00    0.00    2.00    0.00    0.00    0.00    0.00    0.00    0.00    2.00
19:44:50       5   68.37    0.00   12.24    0.00    0.00    1.02    0.00    0.00    0.00   18.37
19:44:50       6   64.89    0.00   15.96    0.00    0.00    5.32    0.00    0.00    0.00   13.83
19:44:50       7   66.67    0.00   14.58    0.00    0.00    5.21    0.00    0.00    0.00   13.54
19:44:50       8   72.73    0.00   17.17    0.00    0.00    4.04    0.00    0.00    0.00    6.06
19:44:50       9   70.71    0.00   18.18    0.00    0.00    3.03    0.00    0.00    0.00    8.08
19:44:50      10   67.33    0.00   17.82    0.00    0.00    4.95    0.00    0.00    0.00    9.90
19:44:50      11   68.00    0.00   19.00    0.00    0.00    4.00    0.00    0.00    0.00    9.00
19:44:50      12   67.02    0.00   13.83    0.00    0.00    5.32    0.00    0.00    0.00   13.83
19:44:50      13   71.00    0.00   15.00    0.00    0.00    3.00    0.00    0.00    0.00   11.00
19:44:50      14   63.27    0.00   21.43    0.00    0.00    4.08    0.00    0.00    0.00   11.22
19:44:50      15   68.93    0.00   17.48    0.00    0.00    3.88    0.00    0.00    0.00    9.71
19:44:50      16   58.42    0.00   29.70    0.00    0.00    3.96    0.00    0.00    0.00    7.92
19:44:50      17   64.29    0.00   19.39    0.00    0.00    4.08    0.00    0.00    0.00   12.24
19:44:50      18   63.83    0.00   13.83    0.00    0.00    4.26    0.00    0.00    0.00   18.09
19:44:50      19   63.92    0.00   15.46    0.00    0.00    4.12    0.00    0.00    0.00   16.49
19:44:50      20   62.00    0.00   17.00    0.00    0.00    4.00    0.00    0.00    0.00   17.00
19:44:50      21   60.20    0.00   11.22    0.00    0.00    6.12    0.00    0.00    0.00   22.45
19:44:50      22   68.63    0.00   13.73    0.00    0.00    4.90    0.00    0.00    0.00   12.75
19:44:50      23   60.00    0.00   20.00    0.00    0.00    5.00    0.00    0.00    0.00   15.00
19:44:50      24   55.88    0.00   26.47    0.00    0.00   15.69    0.00    0.00    0.00    1.96
19:44:50      25   63.64    0.00   25.25    0.00    0.00   10.10    0.00    0.00    0.00    1.01
19:44:50      26   67.33    0.00   22.77    0.00    0.00    7.92    0.00    0.00    0.00    1.98
19:44:50      27   63.37    0.00   23.76    0.00    0.00   11.88    0.00    0.00    0.00    0.99
19:44:50      28   61.00    0.00   26.00    0.00    0.00   12.00    0.00    0.00    0.00    1.00
19:44:50      29   61.00    0.00   27.00    0.00    0.00   11.00    0.00    0.00    0.00    1.00
19:44:50      30   65.35    0.00   22.77    0.00    0.00    9.90    0.00    0.00    0.00    1.98
19:44:50      31   65.00    0.00   23.00    0.00    0.00   11.00    0.00    0.00    0.00    1.00

19:44:50     CPU    %usr   %nice    %sys %iowait    %irq   %soft  %steal  %guest  %gnice   %idle
19:44:51     all   65.67    0.00   19.41    0.00    0.00    6.03    0.00    0.00    0.00    8.90
19:44:51       0   48.96    0.00   38.54    0.00    0.00    3.12    0.00    0.00    0.00    9.38
19:44:51       1   62.89    0.00   16.49    0.00    0.00    5.15    0.00    0.00    0.00   15.46
19:44:51       2   64.00    0.00   18.00    0.00    0.00    3.00    0.00    0.00    0.00   15.00
19:44:51       3   67.35    0.00   15.31    0.00    0.00    3.06    0.00    0.00    0.00   14.29
19:44:51       4   74.75    0.00   11.11    0.00    0.00    3.03    0.00    0.00    0.00   11.11
19:44:51       5   63.37    0.00   16.83    0.00    0.00    4.95    0.00    0.00    0.00   14.85
19:44:51       6   64.00    0.00   21.00    0.00    0.00    5.00    0.00    0.00    0.00   10.00
19:44:51       7   64.65    0.00   16.16    0.00    0.00    6.06    0.00    0.00    0.00   13.13
19:44:51       8   70.00    0.00   17.00    0.00    0.00    5.00    0.00    0.00    0.00    8.00
19:44:51       9   69.31    0.00   16.83    0.00    0.00    4.95    0.00    0.00    0.00    8.91
19:44:51      10   66.67    0.00   15.69    0.00    0.00    6.86    0.00    0.00    0.00   10.78
19:44:51      11   66.02    0.00   18.45    0.00    0.00    5.83    0.00    0.00    0.00    9.71
19:44:51      12   75.51    0.00   13.27    0.00    0.00    1.02    0.00    0.00    0.00   10.20
19:44:51      13   63.92    0.00   19.59    0.00    0.00    4.12    0.00    0.00    0.00   12.37
19:44:51      14   70.83    0.00   12.50    0.00    0.00    5.21    0.00    0.00    0.00   11.46
19:44:51      15   72.73    0.00   16.16    0.00    0.00    4.04    0.00    0.00    0.00    7.07
19:44:51      16   59.60    0.00   24.24    0.00    0.00    5.05    0.00    0.00    0.00   11.11
19:44:51      17   68.75    0.00   12.50    0.00    0.00    4.17    0.00    0.00    0.00   14.58
19:44:51      18   63.92    0.00   14.43    0.00    0.00    6.19    0.00    0.00    0.00   15.46
19:44:51      19   64.21    0.00   16.84    0.00    0.00    3.16    0.00    0.00    0.00   15.79
19:44:51      20   91.92    0.00    4.04    0.00    0.00    1.01    0.00    0.00    0.00    3.03
19:44:51      21   62.24    0.00   19.39    0.00    0.00    3.06    0.00    0.00    0.00   15.31
19:44:51      22   66.00    0.00   16.00    0.00    0.00    7.00    0.00    0.00    0.00   11.00
19:44:51      23   62.63    0.00   20.20    0.00    0.00    3.03    0.00    0.00    0.00   14.14
19:44:51      24   62.63    0.00   27.27    0.00    0.00   10.10    0.00    0.00    0.00    0.00
19:44:51      25   63.73    0.00   24.51    0.00    0.00   10.78    0.00    0.00    0.00    0.98
19:44:51      26   60.00    0.00   27.00    0.00    0.00   13.00    0.00    0.00    0.00    0.00
19:44:51      27   61.39    0.00   23.76    0.00    0.00   13.86    0.00    0.00    0.00    0.99
19:44:51      28   65.66    0.00   25.25    0.00    0.00    9.09    0.00    0.00    0.00    0.00
19:44:51      29   61.62    0.00   23.23    0.00    0.00   14.14    0.00    0.00    0.00    1.01
19:44:51      30   59.00    0.00   29.00    0.00    0.00   11.00    0.00    0.00    0.00    1.00
19:44:51      31   63.00    0.00   30.00    0.00    0.00    7.00    0.00    0.00    0.00    0.00

19:44:51     CPU    %usr   %nice    %sys %iowait    %irq   %soft  %steal  %guest  %gnice   %idle
19:44:52     all   65.60    0.00   18.83    0.00    0.00    5.99    0.00    0.00    0.00    9.57
19:44:52       0   64.21    0.00   18.95    0.00    0.00    3.16    0.00    0.00    0.00   13.68
19:44:52       1   62.89    0.00   21.65    0.00    0.00    5.15    0.00    0.00    0.00   10.31
19:44:52       2   66.00    0.00   16.00    0.00    0.00    4.00    0.00    0.00    0.00   14.00
19:44:52       3   62.24    0.00   13.27    0.00    0.00    5.10    0.00    0.00    0.00   19.39
19:44:52       4   83.67    0.00    6.12    0.00    0.00    2.04    0.00    0.00    0.00    8.16
19:44:52       5   69.31    0.00   14.85    0.00    0.00    4.95    0.00    0.00    0.00   10.89
19:44:52       6   71.43    0.00   12.24    0.00    0.00    2.04    0.00    0.00    0.00   14.29
19:44:52       7   65.35    0.00   11.88    0.00    0.00    4.95    0.00    0.00    0.00   17.82
19:44:52       8   67.65    0.00   18.63    0.00    0.00    1.96    0.00    0.00    0.00   11.76
19:44:52       9   70.30    0.00   13.86    0.00    0.00    4.95    0.00    0.00    0.00   10.89
19:44:52      10   67.65    0.00   13.73    0.00    0.00    4.90    0.00    0.00    0.00   13.73
19:44:52      11   65.98    0.00   16.49    0.00    0.00    6.19    0.00    0.00    0.00   11.34
19:44:52      12   66.02    0.00   16.50    0.00    0.00    5.83    0.00    0.00    0.00   11.65
19:44:52      13   66.67    0.00   18.63    0.00    0.00    3.92    0.00    0.00    0.00   10.78
19:44:52      14   69.39    0.00   18.37    0.00    0.00    4.08    0.00    0.00    0.00    8.16
19:44:52      15   69.70    0.00   16.16    0.00    0.00    4.04    0.00    0.00    0.00   10.10
19:44:52      16   65.00    0.00   16.00    0.00    0.00    4.00    0.00    0.00    0.00   15.00
19:44:52      17   48.48    0.00   42.42    0.00    0.00    3.03    0.00    0.00    0.00    6.06
19:44:52      18   68.04    0.00   14.43    0.00    0.00    2.06    0.00    0.00    0.00   15.46
19:44:52      19   63.37    0.00   15.84    0.00    0.00    5.94    0.00    0.00    0.00   14.85
19:44:52      20   78.00    0.00   11.00    0.00    0.00    4.00    0.00    0.00    0.00    7.00
19:44:52      21   70.71    0.00   16.16    0.00    0.00    4.04    0.00    0.00    0.00    9.09
19:44:52      22   63.92    0.00   16.49    0.00    0.00    4.12    0.00    0.00    0.00   15.46
19:44:52      23   66.67    0.00   14.29    0.00    0.00    2.86    0.00    0.00    0.00   16.19
19:44:52      24   61.00    0.00   26.00    0.00    0.00   12.00    0.00    0.00    0.00    1.00
19:44:52      25   63.64    0.00   23.23    0.00    0.00   12.12    0.00    0.00    0.00    1.01
19:44:52      26   59.60    0.00   30.30    0.00    0.00    9.09    0.00    0.00    0.00    1.01
19:44:52      27   62.63    0.00   26.26    0.00    0.00   10.10    0.00    0.00    0.00    1.01
19:44:52      28   58.00    0.00   30.00    0.00    0.00   10.00    0.00    0.00    0.00    2.00
19:44:52      29   58.00    0.00   26.00    0.00    0.00   15.00    0.00    0.00    0.00    1.00
19:44:52      30   65.66    0.00   22.22    0.00    0.00   11.11    0.00    0.00    0.00    1.01
19:44:52      31   58.00    0.00   25.00    0.00    0.00   15.00    0.00    0.00    0.00    2.00

19:44:52     CPU    %usr   %nice    %sys %iowait    %irq   %soft  %steal  %guest  %gnice   %idle
19:44:53     all   64.98    0.00   19.72    0.00    0.00    6.26    0.00    0.00    0.00    9.04
19:44:53       0   65.31    0.00   18.37    0.00    0.00    3.06    0.00    0.00    0.00   13.27
19:44:53       1   50.00    0.00   42.86    0.00    0.00    3.06    0.00    0.00    0.00    4.08
19:44:53       2   66.67    0.00   14.58    0.00    0.00    3.12    0.00    0.00    0.00   15.62
19:44:53       3   65.31    0.00   14.29    0.00    0.00    6.12    0.00    0.00    0.00   14.29
19:44:53       4   96.00    0.00    3.00    0.00    0.00    0.00    0.00    0.00    0.00    1.00
19:44:53       5   67.35    0.00   17.35    0.00    0.00    2.04    0.00    0.00    0.00   13.27
19:44:53       6   62.75    0.00   18.63    0.00    0.00    5.88    0.00    0.00    0.00   12.75
19:44:53       7   68.00    0.00   16.00    0.00    0.00    3.00    0.00    0.00    0.00   13.00
19:44:53       8   68.04    0.00   16.49    0.00    0.00    3.09    0.00    0.00    0.00   12.37
19:44:53       9   68.69    0.00   15.15    0.00    0.00    5.05    0.00    0.00    0.00   11.11
19:44:53      10   63.64    0.00   19.19    0.00    0.00    6.06    0.00    0.00    0.00   11.11
19:44:53      11   65.31    0.00   15.31    0.00    0.00    5.10    0.00    0.00    0.00   14.29
19:44:53      12   64.65    0.00   17.17    0.00    0.00    7.07    0.00    0.00    0.00   11.11
19:44:53      13   66.34    0.00   17.82    0.00    0.00    3.96    0.00    0.00    0.00   11.88
19:44:53      14   74.00    0.00   13.00    0.00    0.00    4.00    0.00    0.00    0.00    9.00
19:44:53      15   64.21    0.00   21.05    0.00    0.00    2.11    0.00    0.00    0.00   12.63
19:44:53      16   72.92    0.00   15.62    0.00    0.00    3.12    0.00    0.00    0.00    8.33
19:44:53      17   63.64    0.00   22.22    0.00    0.00    6.06    0.00    0.00    0.00    8.08
19:44:53      18   60.61    0.00   19.19    0.00    0.00    4.04    0.00    0.00    0.00   16.16
19:44:53      19   60.20    0.00   17.35    0.00    0.00    4.08    0.00    0.00    0.00   18.37
19:44:53      20   70.10    0.00   13.40    0.00    0.00    6.19    0.00    0.00    0.00   10.31
19:44:53      21   66.00    0.00   16.00    0.00    0.00    6.00    0.00    0.00    0.00   12.00
19:44:53      22   66.00    0.00   15.00    0.00    0.00    6.00    0.00    0.00    0.00   13.00
19:44:53      23   63.64    0.00   16.16    0.00    0.00    7.07    0.00    0.00    0.00   13.13
19:44:53      24   60.00    0.00   30.00    0.00    0.00    8.00    0.00    0.00    0.00    2.00
19:44:53      25   58.00    0.00   27.00    0.00    0.00   13.00    0.00    0.00    0.00    2.00
19:44:53      26   58.59    0.00   25.25    0.00    0.00   15.15    0.00    0.00    0.00    1.01
19:44:53      27   60.61    0.00   28.28    0.00    0.00   10.10    0.00    0.00    0.00    1.01
19:44:53      28   63.64    0.00   26.26    0.00    0.00    9.09    0.00    0.00    0.00    1.01
19:44:53      29   59.60    0.00   26.26    0.00    0.00   13.13    0.00    0.00    0.00    1.01
19:44:53      30   59.41    0.00   25.74    0.00    0.00   13.86    0.00    0.00    0.00    0.99
19:44:53      31   60.40    0.00   26.73    0.00    0.00   11.88    0.00    0.00    0.00    0.99

19:44:53     CPU    %usr   %nice    %sys %iowait    %irq   %soft  %steal  %guest  %gnice   %idle
19:44:54     all   65.25    0.00   18.96    0.00    0.00    5.26    0.00    0.00    0.00   10.53
19:44:54       0   64.29    0.00   19.39    0.00    0.00    4.08    0.00    0.00    0.00   12.24
19:44:54       1   61.22    0.00   24.49    0.00    0.00    5.10    0.00    0.00    0.00    9.18
19:44:54       2   67.00    0.00   15.00    0.00    0.00    3.00    0.00    0.00    0.00   15.00
19:44:54       3   63.37    0.00   15.84    0.00    0.00    3.96    0.00    0.00    0.00   16.83
19:44:54       4   95.05    0.00    2.97    0.00    0.00    0.00    0.00    0.00    0.00    1.98
19:44:54       5   61.62    0.00   20.20    0.00    0.00    5.05    0.00    0.00    0.00   13.13
19:44:54       6   66.33    0.00   15.31    0.00    0.00    4.08    0.00    0.00    0.00   14.29
19:44:54       7   68.63    0.00   13.73    0.00    0.00    2.94    0.00    0.00    0.00   14.71
19:44:54       8   68.32    0.00   14.85    0.00    0.00    2.97    0.00    0.00    0.00   13.86
19:44:54       9   65.00    0.00   16.00    0.00    0.00    3.00    0.00    0.00    0.00   16.00
19:44:54      10   69.31    0.00   16.83    0.00    0.00    2.97    0.00    0.00    0.00   10.89
19:44:54      11   62.63    0.00   15.15    0.00    0.00    4.04    0.00    0.00    0.00   18.18
19:44:54      12   61.22    0.00   16.33    0.00    0.00    3.06    0.00    0.00    0.00   19.39
19:44:54      13   67.01    0.00   11.34    0.00    0.00    5.15    0.00    0.00    0.00   16.49
19:44:54      14   66.67    0.00   16.67    0.00    0.00    4.90    0.00    0.00    0.00   11.76
19:44:54      15   67.01    0.00   16.49    0.00    0.00    4.12    0.00    0.00    0.00   12.37
19:44:54      16   58.00    0.00   25.00    0.00    0.00    7.00    0.00    0.00    0.00   10.00
19:44:54      17   59.60    0.00   27.27    0.00    0.00    5.05    0.00    0.00    0.00    8.08
19:44:54      18   64.36    0.00   15.84    0.00    0.00    3.96    0.00    0.00    0.00   15.84
19:44:54      19   60.61    0.00   19.19    0.00    0.00    3.03    0.00    0.00    0.00   17.17
19:44:54      20   62.63    0.00   18.18    0.00    0.00    5.05    0.00    0.00    0.00   14.14
19:44:54      21   68.04    0.00   15.46    0.00    0.00    2.06    0.00    0.00    0.00   14.43
19:44:54      22   63.37    0.00   19.80    0.00    0.00    2.97    0.00    0.00    0.00   13.86
19:44:54      23   67.68    0.00   16.16    0.00    0.00    5.05    0.00    0.00    0.00   11.11
19:44:54      24   62.63    0.00   26.26    0.00    0.00    9.09    0.00    0.00    0.00    2.02
19:44:54      25   66.34    0.00   23.76    0.00    0.00    7.92    0.00    0.00    0.00    1.98
19:44:54      26   60.78    0.00   26.47    0.00    0.00   10.78    0.00    0.00    0.00    1.96
19:44:54      27   63.73    0.00   20.59    0.00    0.00   13.73    0.00    0.00    0.00    1.96
19:44:54      28   61.00    0.00   27.00    0.00    0.00   10.00    0.00    0.00    0.00    2.00
19:44:54      29   61.39    0.00   25.74    0.00    0.00    7.92    0.00    0.00    0.00    4.95
19:44:54      30   67.68    0.00   23.23    0.00    0.00    8.08    0.00    0.00    0.00    1.01
19:44:54      31   65.00    0.00   26.00    0.00    0.00    8.00    0.00    0.00    0.00    1.00

Average:     CPU    %usr   %nice    %sys %iowait    %irq   %soft  %steal  %guest  %gnice   %idle
Average:     all   63.34    0.00   17.08    0.00    0.00    5.35    0.00    0.00    0.00   14.22
Average:       0   60.38    0.00   17.76    0.00    0.00    3.49    0.00    0.00    0.00   18.37
Average:       1   61.19    0.00   17.06    0.00    0.00    3.73    0.00    0.00    0.00   18.03
Average:       2   64.56    0.00   16.08    0.00    0.00    3.75    0.00    0.00    0.00   15.62
Average:       3   64.85    0.00   14.61    0.00    0.00    3.71    0.00    0.00    0.00   16.82
Average:       4   76.53    0.00    7.97    0.00    0.00    2.15    0.00    0.00    0.00   13.35
Average:       5   64.00    0.00   14.65    0.00    0.00    3.54    0.00    0.00    0.00   17.80
Average:       6   61.18    0.00   18.76    0.00    0.00    3.76    0.00    0.00    0.00   16.30
Average:       7   59.41    0.00   17.47    0.00    0.00    3.52    0.00    0.00    0.00   19.60
Average:       8   61.24    0.00   14.42    0.00    0.00    3.76    0.00    0.00    0.00   20.57
Average:       9   63.69    0.00   14.22    0.00    0.00    3.91    0.00    0.00    0.00   18.17
Average:      10   61.95    0.00   14.85    0.00    0.00    4.09    0.00    0.00    0.00   19.10
Average:      11   60.96    0.00   14.85    0.00    0.00    4.11    0.00    0.00    0.00   20.08
Average:      12   62.89    0.00   14.18    0.00    0.00    4.03    0.00    0.00    0.00   18.90
Average:      13   57.93    0.00   13.84    0.00    0.00    3.76    0.00    0.00    0.00   24.46
Average:      14   62.36    0.00   14.99    0.00    0.00    4.01    0.00    0.00    0.00   18.64
Average:      15   63.74    0.00   14.59    0.00    0.00    3.98    0.00    0.00    0.00   17.69
Average:      16   57.86    0.00   18.55    0.00    0.00    3.71    0.00    0.00    0.00   19.87
Average:      17   58.04    0.00   17.46    0.00    0.00    3.71    0.00    0.00    0.00   20.79
Average:      18   61.18    0.00   15.87    0.00    0.00    3.57    0.00    0.00    0.00   19.38
Average:      19   65.77    0.00   13.95    0.00    0.00    3.78    0.00    0.00    0.00   16.50
Average:      20   72.04    0.00   10.31    0.00    0.00    2.63    0.00    0.00    0.00   15.01
Average:      21   66.14    0.00   14.90    0.00    0.00    3.69    0.00    0.00    0.00   15.27
Average:      22   59.88    0.00   17.38    0.00    0.00    3.73    0.00    0.00    0.00   19.01
Average:      23   60.41    0.00   16.03    0.00    0.00    3.88    0.00    0.00    0.00   19.67
Average:      24   64.60    0.00   22.79    0.00    0.00   10.17    0.00    0.00    0.00    2.44
Average:      25   65.44    0.00   22.70    0.00    0.00   10.46    0.00    0.00    0.00    1.39
Average:      26   65.05    0.00   22.87    0.00    0.00   10.29    0.00    0.00    0.00    1.79
Average:      27   63.07    0.00   22.39    0.00    0.00   10.48    0.00    0.00    0.00    4.07
Average:      28   64.21    0.00   23.00    0.00    0.00   10.78    0.00    0.00    0.00    2.00
Average:      29   64.25    0.00   22.80    0.00    0.00   10.53    0.00    0.00    0.00    2.42
Average:      30   65.86    0.00   22.29    0.00    0.00   10.35    0.00    0.00    0.00    1.49
Average:      31   65.99    0.00   22.43    0.00    0.00    9.66    0.00    0.00    0.00    1.92
