Linux 5.15.0-177-generic (node0.paper.datacntr-effcy-pg0.utah.cloudlab.us) 	07/10/26 	_x86_64_	(32 CPU)

20:08:14     CPU    %usr   %nice    %sys %iowait    %irq   %soft  %steal  %guest  %gnice   %idle
20:08:15     all   22.41    0.00    4.77    5.15    0.00    0.66    0.00    0.00    0.00   67.01
20:08:15       0   73.74    0.00   26.26    0.00    0.00    0.00    0.00    0.00    0.00    0.00
20:08:15       1    2.08    0.00    2.08   12.50    0.00    5.21    0.00    0.00    0.00   78.12
20:08:15       2   71.72    0.00   28.28    0.00    0.00    0.00    0.00    0.00    0.00    0.00
20:08:15       3    2.04    0.00    0.00    0.00    0.00    0.00    0.00    0.00    0.00   97.96
20:08:15       4    7.00    0.00    3.00    3.00    0.00    1.00    0.00    0.00    0.00   86.00
20:08:15       5    2.08    0.00    3.12   23.96    0.00    3.12    0.00    0.00    0.00   67.71
20:08:15       6    4.90    0.00    5.88   29.41    0.00    2.94    0.00    0.00    0.00   56.86
20:08:15       7    5.26    0.00    3.16   21.05    0.00    1.05    0.00    0.00    0.00   69.47
20:08:15       8    0.00    0.00    0.00    0.00    0.00    0.00    0.00    0.00    0.00  100.00
20:08:15       9   73.00    0.00   27.00    0.00    0.00    0.00    0.00    0.00    0.00    0.00
20:08:15      10    0.00    0.00    1.01    0.00    0.00    0.00    0.00    0.00    0.00   98.99
20:08:15      11    1.03    0.00    0.00    0.00    0.00    0.00    0.00    0.00    0.00   98.97
20:08:15      12    1.98    0.00    0.99    0.00    0.00    0.99    0.00    0.00    0.00   96.04
20:08:15      13    3.92    0.00    0.98    0.00    0.00    0.98    0.00    0.00    0.00   94.12
20:08:15      14    1.01    0.00    0.00    0.00    0.00    0.00    0.00    0.00    0.00   98.99
20:08:15      15    1.00    0.00    0.00    0.00    0.00    0.00    0.00    0.00    0.00   99.00
20:08:15      16    1.03    0.00    2.06   14.43    0.00    0.00    0.00    0.00    0.00   82.47
20:08:15      17    2.00    0.00    3.00   17.00    0.00    0.00    0.00    0.00    0.00   78.00
20:08:15      18    1.00    0.00    0.00    0.00    0.00    0.00    0.00    0.00    0.00   99.00
20:08:15      19   24.00    0.00    0.00    0.00    0.00    0.00    0.00    0.00    0.00   76.00
20:08:15      20    4.12    0.00    1.03    6.19    0.00    0.00    0.00    0.00    0.00   88.66
20:08:15      21    5.26    0.00    4.21   27.37    0.00    0.00    0.00    0.00    0.00   63.16
20:08:15      22    3.03    0.00    4.04    4.04    0.00    2.02    0.00    0.00    0.00   86.87
20:08:15      23    3.09    0.00    2.06    8.25    0.00    0.00    0.00    0.00    0.00   86.60
20:08:15      24   39.22    0.00    2.94    0.00    0.00    0.98    0.00    0.00    0.00   56.86
20:08:15      25   38.78    0.00    3.06    0.00    0.00    0.00    0.00    0.00    0.00   58.16
20:08:15      26   51.49    0.00    2.97    0.00    0.00    0.00    0.00    0.00    0.00   45.54
20:08:15      27   64.00    0.00    3.00    0.00    0.00    1.00    0.00    0.00    0.00   32.00
20:08:15      28   58.59    0.00    6.06    0.00    0.00    0.00    0.00    0.00    0.00   35.35
20:08:15      29   71.84    0.00    7.77    0.00    0.00    0.00    0.00    0.00    0.00   20.39
20:08:15      30   49.49    0.00    5.05    0.00    0.00    2.02    0.00    0.00    0.00   43.43
20:08:15      31   43.43    0.00    3.03    0.00    0.00    0.00    0.00    0.00    0.00   53.54

20:08:15     CPU    %usr   %nice    %sys %iowait    %irq   %soft  %steal  %guest  %gnice   %idle
20:08:16     all   37.18    0.00    7.68    4.39    0.00    1.63    0.00    0.00    0.00   49.12
20:08:16       0   48.98    0.00   25.51    8.16    0.00    0.00    0.00    0.00    0.00   17.35
20:08:16       1   12.22    0.00    6.67   18.89    0.00    5.56    0.00    0.00    0.00   56.67
20:08:16       2   74.75    0.00   24.24    0.00    0.00    0.00    0.00    0.00    0.00    1.01
20:08:16       3   17.02    0.00    6.38   26.60    0.00    2.13    0.00    0.00    0.00   47.87
20:08:16       4   24.49    0.00    5.10    4.08    0.00    1.02    0.00    0.00    0.00   65.31
20:08:16       5   22.45    0.00    6.12    4.08    0.00    2.04    0.00    0.00    0.00   65.31
20:08:16       6   25.00    0.00    4.17    0.00    0.00    2.08    0.00    0.00    0.00   68.75
20:08:16       7   21.88    0.00    6.25    0.00    0.00    2.08    0.00    0.00    0.00   69.79
20:08:16       8    0.00    0.00    0.00    0.00    0.00    0.00    0.00    0.00    0.00  100.00
20:08:16       9   79.00    0.00   20.00    0.00    0.00    0.00    0.00    0.00    0.00    1.00
20:08:16      10    4.21    0.00    0.00    0.00    0.00    0.00    0.00    0.00    0.00   95.79
20:08:16      11    6.06    0.00    1.01    0.00    0.00    0.00    0.00    0.00    0.00   92.93
20:08:16      12    5.10    0.00    2.04    4.08    0.00    1.02    0.00    0.00    0.00   87.76
20:08:16      13    8.16    0.00    1.02    3.06    0.00    1.02    0.00    0.00    0.00   86.73
20:08:16      14    1.02    0.00    0.00    0.00    0.00    0.00    0.00    0.00    0.00   98.98
20:08:16      15    5.00    0.00    0.00    0.00    0.00    1.00    0.00    0.00    0.00   94.00
20:08:16      16   34.38    0.00   14.58    6.25    0.00    0.00    0.00    0.00    0.00   44.79
20:08:16      17   15.31    0.00    6.12   21.43    0.00    1.02    0.00    0.00    0.00   56.12
20:08:16      18   17.53    0.00    8.25   18.56    0.00    4.12    0.00    0.00    0.00   51.55
20:08:16      19   20.83    0.00    5.21   16.67    0.00    2.08    0.00    0.00    0.00   55.21
20:08:16      20   23.71    0.00    6.19    4.12    0.00    1.03    0.00    0.00    0.00   64.95
20:08:16      21   22.22    0.00    6.06    6.06    0.00    3.03    0.00    0.00    0.00   62.63
20:08:16      22   20.62    0.00    8.25    1.03    0.00    1.03    0.00    0.00    0.00   69.07
20:08:16      23   23.40    0.00    5.32    0.00    0.00    1.06    0.00    0.00    0.00   70.21
20:08:16      24   78.57    0.00   11.22    0.00    0.00    3.06    0.00    0.00    0.00    7.14
20:08:16      25   80.39    0.00    8.82    0.00    0.00    1.96    0.00    0.00    0.00    8.82
20:08:16      26   82.65    0.00    8.16    0.00    0.00    3.06    0.00    0.00    0.00    6.12
20:08:16      27   81.44    0.00   11.34    0.00    0.00    2.06    0.00    0.00    0.00    5.15
20:08:16      28   81.82    0.00   10.10    0.00    0.00    2.02    0.00    0.00    0.00    6.06
20:08:16      29   78.00    0.00   10.00    0.00    0.00    3.00    0.00    0.00    0.00    9.00
20:08:16      30   83.00    0.00    8.00    0.00    0.00    3.00    0.00    0.00    0.00    6.00
20:08:16      31   80.81    0.00    9.09    0.00    0.00    3.03    0.00    0.00    0.00    7.07

20:08:16     CPU    %usr   %nice    %sys %iowait    %irq   %soft  %steal  %guest  %gnice   %idle
20:08:17     all   39.88    0.00   11.44    5.02    0.00    2.17    0.00    0.00    0.00   41.48
20:08:17       0   29.17    0.00    8.33    0.00    0.00    2.08    0.00    0.00    0.00   60.42
20:08:17       1   34.41    0.00    6.45    0.00    0.00    1.08    0.00    0.00    0.00   58.06
20:08:17       2   45.10    0.00   35.29    0.00    0.00    0.98    0.00    0.00    0.00   18.63
20:08:17       3   22.34    0.00    6.38    0.00    0.00    1.06    0.00    0.00    0.00   70.21
20:08:17       4   37.76    0.00    7.14    0.00    0.00    2.04    0.00    0.00    0.00   53.06
20:08:17       5   36.73    0.00    7.14    0.00    0.00    3.06    0.00    0.00    0.00   53.06
20:08:17       6   33.66    0.00    5.94    1.98    0.00    0.99    0.00    0.00    0.00   57.43
20:08:17       7   32.29    0.00    5.21    2.08    0.00    0.00    0.00    0.00    0.00   60.42
20:08:17       8   14.43    0.00    3.09    2.06    0.00    1.03    0.00    0.00    0.00   79.38
20:08:17       9   59.00    0.00   41.00    0.00    0.00    0.00    0.00    0.00    0.00    0.00
20:08:17      10    7.22    0.00    5.15   19.59    0.00    1.03    0.00    0.00    0.00   67.01
20:08:17      11    7.14    0.00    4.08   19.39    0.00    3.06    0.00    0.00    0.00   66.33
20:08:17      12    9.18    0.00    5.10   25.51    0.00    2.04    0.00    0.00    0.00   58.16
20:08:17      13    6.12    0.00    6.12   17.35    0.00    2.04    0.00    0.00    0.00   68.37
20:08:17      14    8.33    0.00    1.04    2.08    0.00    0.00    0.00    0.00    0.00   88.54
20:08:17      15    2.08    0.00   11.46   69.79    0.00    4.17    0.00    0.00    0.00   12.50
20:08:17      16   49.00    0.00   28.00    0.00    0.00    2.00    0.00    0.00    0.00   21.00
20:08:17      17   39.80    0.00   19.39    0.00    0.00    1.02    0.00    0.00    0.00   39.80
20:08:17      18   31.46    0.00   20.22    0.00    0.00    0.00    0.00    0.00    0.00   48.31
20:08:17      19   31.68    0.00    2.97    0.00    0.00    1.98    0.00    0.00    0.00   63.37
20:08:17      20   36.73    0.00    7.14    0.00    0.00    3.06    0.00    0.00    0.00   53.06
20:08:17      21   32.63    0.00   10.53    0.00    0.00    2.11    0.00    0.00    0.00   54.74
20:08:17      22   25.56    0.00    6.67    1.11    0.00    1.11    0.00    0.00    0.00   65.56
20:08:17      23   27.27    0.00    9.09    1.01    0.00    4.04    0.00    0.00    0.00   58.59
20:08:17      24   76.77    0.00   14.14    0.00    0.00    3.03    0.00    0.00    0.00    6.06
20:08:17      25   77.00    0.00   12.00    0.00    0.00    5.00    0.00    0.00    0.00    6.00
20:08:17      26   75.49    0.00   11.76    0.00    0.00    3.92    0.00    0.00    0.00    8.82
20:08:17      27   78.00    0.00    8.00    0.00    0.00    4.00    0.00    0.00    0.00   10.00
20:08:17      28   76.00    0.00   11.00    0.00    0.00    3.00    0.00    0.00    0.00   10.00
20:08:17      29   74.75    0.00   14.14    0.00    0.00    3.03    0.00    0.00    0.00    8.08
20:08:17      30   75.00    0.00   15.00    0.00    0.00    2.00    0.00    0.00    0.00    8.00
20:08:17      31   72.28    0.00   14.85    0.00    0.00    4.95    0.00    0.00    0.00    7.92

20:08:17     CPU    %usr   %nice    %sys %iowait    %irq   %soft  %steal  %guest  %gnice   %idle
20:08:18     all   47.65    0.00   11.82    4.99    0.00    2.67    0.00    0.00    0.00   32.86
20:08:18       0   39.80    0.00    7.14    1.02    0.00    1.02    0.00    0.00    0.00   51.02
20:08:18       1   46.94    0.00    6.12    3.06    0.00    2.04    0.00    0.00    0.00   41.84
20:08:18       2   37.89    0.00    7.37    0.00    0.00    2.11    0.00    0.00    0.00   52.63
20:08:18       3   39.58    0.00    8.33    0.00    0.00    2.08    0.00    0.00    0.00   50.00
20:08:18       4   36.84    0.00   11.58    0.00    0.00    1.05    0.00    0.00    0.00   50.53
20:08:18       5   40.40    0.00    6.06    0.00    0.00    4.04    0.00    0.00    0.00   49.49
20:08:18       6   32.97    0.00   13.19    0.00    0.00    3.30    0.00    0.00    0.00   50.55
20:08:18       7   39.00    0.00   10.00    0.00    0.00    4.00    0.00    0.00    0.00   47.00
20:08:18       8   23.71    0.00    5.15    0.00    0.00    3.09    0.00    0.00    0.00   68.04
20:08:18       9   58.59    0.00   39.39    1.01    0.00    0.00    0.00    0.00    0.00    1.01
20:08:18      10    5.38    0.00    7.53   45.16    0.00    2.15    0.00    0.00    0.00   39.78
20:08:18      11    9.28    0.00    8.25   35.05    0.00    4.12    0.00    0.00    0.00   43.30
20:08:18      12   29.90    0.00    4.12    0.00    0.00    1.03    0.00    0.00    0.00   64.95
20:08:18      13   25.00    0.00    8.33    0.00    0.00    1.04    0.00    0.00    0.00   65.62
20:08:18      14   15.79    0.00    6.32   29.47    0.00    3.16    0.00    0.00    0.00   45.26
20:08:18      15   11.70    0.00    9.57   44.68    0.00    2.13    0.00    0.00    0.00   31.91
20:08:18      16   38.30    0.00    7.45    3.19    0.00    1.06    0.00    0.00    0.00   50.00
20:08:18      17   47.06    0.00   44.12    0.98    0.00    0.98    0.00    0.00    0.00    6.86
20:08:18      18   36.56    0.00   11.83    0.00    0.00    4.30    0.00    0.00    0.00   47.31
20:08:18      19   50.52    0.00   43.30    0.00    0.00    0.00    0.00    0.00    0.00    6.19
20:08:18      20   38.78    0.00    8.16    0.00    0.00    4.08    0.00    0.00    0.00   48.98
20:08:18      21   40.00    0.00    7.37    0.00    0.00    1.05    0.00    0.00    0.00   51.58
20:08:18      22   35.79    0.00   11.58    0.00    0.00    4.21    0.00    0.00    0.00   48.42
20:08:18      23   38.30    0.00    9.57    0.00    0.00    3.19    0.00    0.00    0.00   48.94
20:08:18      24   87.00    0.00    9.00    0.00    0.00    4.00    0.00    0.00    0.00    0.00
20:08:18      25   86.87    0.00   10.10    0.00    0.00    3.03    0.00    0.00    0.00    0.00
20:08:18      26   87.88    0.00    9.09    0.00    0.00    2.02    0.00    0.00    0.00    1.01
20:08:18      27   85.00    0.00    8.00    0.00    0.00    6.00    0.00    0.00    0.00    1.00
20:08:18      28   86.87    0.00   10.10    0.00    0.00    3.03    0.00    0.00    0.00    0.00
20:08:18      29   88.89    0.00    8.08    0.00    0.00    3.03    0.00    0.00    0.00    0.00
20:08:18      30   85.00    0.00   10.00    0.00    0.00    5.00    0.00    0.00    0.00    0.00
20:08:18      31   85.00    0.00   10.00    0.00    0.00    4.00    0.00    0.00    0.00    1.00

20:08:18     CPU    %usr   %nice    %sys %iowait    %irq   %soft  %steal  %guest  %gnice   %idle
20:08:19     all   53.63    0.00   14.48    3.10    0.00    3.80    0.00    0.00    0.00   24.99
20:08:19       0   50.00    0.00   21.88    0.00    0.00    2.08    0.00    0.00    0.00   26.04
20:08:19       1   53.26    0.00   10.87    2.17    0.00    3.26    0.00    0.00    0.00   30.43
20:08:19       2   52.08    0.00   13.54    0.00    0.00    3.12    0.00    0.00    0.00   31.25
20:08:19       3   53.61    0.00   18.56    0.00    0.00    3.09    0.00    0.00    0.00   24.74
20:08:19       4   45.63    0.00   21.36    0.97    0.00    2.91    0.00    0.00    0.00   29.13
20:08:19       5   46.94    0.00   15.31    1.02    0.00    3.06    0.00    0.00    0.00   33.67
20:08:19       6   51.00    0.00   28.00    0.00    0.00    2.00    0.00    0.00    0.00   19.00
20:08:19       7   44.79    0.00   17.71    0.00    0.00    3.12    0.00    0.00    0.00   34.38
20:08:19       8   52.88    0.00   10.58    0.00    0.00    0.96    0.00    0.00    0.00   35.58
20:08:19       9   61.00    0.00   29.00    0.00    0.00    1.00    0.00    0.00    0.00    9.00
20:08:19      10   29.29    0.00    7.07   12.12    0.00    1.01    0.00    0.00    0.00   50.51
20:08:19      11   34.02    0.00    3.09   12.37    0.00    1.03    0.00    0.00    0.00   49.48
20:08:19      12   50.54    0.00   10.75    0.00    0.00    2.15    0.00    0.00    0.00   36.56
20:08:19      13   47.92    0.00    9.38    0.00    0.00    2.08    0.00    0.00    0.00   40.62
20:08:19      14   15.46    0.00    5.15   22.68    0.00    6.19    0.00    0.00    0.00   50.52
20:08:19      15   10.75    0.00    9.68   47.31    0.00    5.38    0.00    0.00    0.00   26.88
20:08:19      16   50.53    0.00   10.53    0.00    0.00    3.16    0.00    0.00    0.00   35.79
20:08:19      17   52.08    0.00   13.54    0.00    0.00    3.12    0.00    0.00    0.00   31.25
20:08:19      18   44.68    0.00   13.83    0.00    0.00    5.32    0.00    0.00    0.00   36.17
20:08:19      19   51.00    0.00   18.00    0.00    0.00    4.00    0.00    0.00    0.00   27.00
20:08:19      20   42.55    0.00   14.89    3.19    0.00    3.19    0.00    0.00    0.00   36.17
20:08:19      21   41.11    0.00   17.78    0.00    0.00    2.22    0.00    0.00    0.00   38.89
20:08:19      22   48.48    0.00   15.15    0.00    0.00    4.04    0.00    0.00    0.00   32.32
20:08:19      23   47.06    0.00   18.63    0.00    0.00    2.94    0.00    0.00    0.00   31.37
20:08:19      24   81.00    0.00   13.00    0.00    0.00    5.00    0.00    0.00    0.00    1.00
20:08:19      25   76.00    0.00   16.00    0.00    0.00    7.00    0.00    0.00    0.00    1.00
20:08:19      26   74.26    0.00   15.84    0.00    0.00    8.91    0.00    0.00    0.00    0.99
20:08:19      27   78.00    0.00   14.00    0.00    0.00    7.00    0.00    0.00    0.00    1.00
20:08:19      28   82.00    0.00   11.00    0.00    0.00    7.00    0.00    0.00    0.00    0.00
20:08:19      29   83.00    0.00   11.00    0.00    0.00    5.00    0.00    0.00    0.00    1.00
20:08:19      30   78.22    0.00   12.87    0.00    0.00    5.94    0.00    0.00    0.00    2.97
20:08:19      31   78.00    0.00   14.00    0.00    0.00    5.00    0.00    0.00    0.00    3.00

20:08:19     CPU    %usr   %nice    %sys %iowait    %irq   %soft  %steal  %guest  %gnice   %idle
20:08:20     all   59.01    0.00   16.12    1.97    0.00    3.97    0.00    0.00    0.00   18.92
20:08:20       0   59.00    0.00   18.00    0.00    0.00    2.00    0.00    0.00    0.00   21.00
20:08:20       1   63.27    0.00   11.22    0.00    0.00    2.04    0.00    0.00    0.00   23.47
20:08:20       2   59.41    0.00   14.85    0.00    0.00    2.97    0.00    0.00    0.00   22.77
20:08:20       3   60.61    0.00   13.13    0.00    0.00    3.03    0.00    0.00    0.00   23.23
20:08:20       4   52.53    0.00   15.15    1.01    0.00    3.03    0.00    0.00    0.00   28.28
20:08:20       5   56.57    0.00   13.13    0.00    0.00    3.03    0.00    0.00    0.00   27.27
20:08:20       6   55.77    0.00   25.00    0.96    0.00    0.96    0.00    0.00    0.00   17.31
20:08:20       7   54.64    0.00   24.74    0.00    0.00    2.06    0.00    0.00    0.00   18.56
20:08:20       8   64.36    0.00   11.88    0.00    0.00    0.99    0.00    0.00    0.00   22.77
20:08:20       9   57.00    0.00   14.00    0.00    0.00    3.00    0.00    0.00    0.00   26.00
20:08:20      10   51.55    0.00   10.31    0.00    0.00    2.06    0.00    0.00    0.00   36.08
20:08:20      11   50.51    0.00   11.11    0.00    0.00    3.03    0.00    0.00    0.00   35.35
20:08:20      12   56.70    0.00   12.37    0.00    0.00    4.12    0.00    0.00    0.00   26.80
20:08:20      13   64.58    0.00    9.38    0.00    0.00    3.12    0.00    0.00    0.00   22.92
20:08:20      14   13.83    0.00   12.77   31.91    0.00    7.45    0.00    0.00    0.00   34.04
20:08:20      15   15.31    0.00   13.27   28.57    0.00    7.14    0.00    0.00    0.00   35.71
20:08:20      16   57.29    0.00   14.58    1.04    0.00    4.17    0.00    0.00    0.00   22.92
20:08:20      17   57.73    0.00   14.43    0.00    0.00    2.06    0.00    0.00    0.00   25.77
20:08:20      18   56.25    0.00   17.71    0.00    0.00    2.08    0.00    0.00    0.00   23.96
20:08:20      19   59.79    0.00   13.40    0.00    0.00    3.09    0.00    0.00    0.00   23.71
20:08:20      20   57.73    0.00   17.53    0.00    0.00    1.03    0.00    0.00    0.00   23.71
20:08:20      21   46.67    0.00   21.11    0.00    0.00    3.33    0.00    0.00    0.00   28.89
20:08:20      22   58.76    0.00   18.56    0.00    0.00    1.03    0.00    0.00    0.00   21.65
20:08:20      23   54.64    0.00   32.99    1.03    0.00    1.03    0.00    0.00    0.00   10.31
20:08:20      24   75.25    0.00   15.84    0.00    0.00    7.92    0.00    0.00    0.00    0.99
20:08:20      25   75.00    0.00   17.00    0.00    0.00    7.00    0.00    0.00    0.00    1.00
20:08:20      26   69.70    0.00   22.22    0.00    0.00    7.07    0.00    0.00    0.00    1.01
20:08:20      27   72.00    0.00   20.00    0.00    0.00    7.00    0.00    0.00    0.00    1.00
20:08:20      28   76.00    0.00   16.00    0.00    0.00    7.00    0.00    0.00    0.00    1.00
20:08:20      29   75.00    0.00   17.00    0.00    0.00    8.00    0.00    0.00    0.00    0.00
20:08:20      30   83.17    0.00   10.89    0.00    0.00    4.95    0.00    0.00    0.00    0.99
20:08:20      31   72.45    0.00   16.33    0.00    0.00   10.20    0.00    0.00    0.00    1.02

20:08:20     CPU    %usr   %nice    %sys %iowait    %irq   %soft  %steal  %guest  %gnice   %idle
20:08:21     all   64.00    0.00   17.64    1.80    0.00    5.13    0.00    0.00    0.00   11.43
20:08:21       0   63.83    0.00   19.15    0.00    0.00    4.26    0.00    0.00    0.00   12.77
20:08:21       1   59.18    0.00   24.49    0.00    0.00    6.12    0.00    0.00    0.00   10.20
20:08:21       2   68.37    0.00   17.35    0.00    0.00    2.04    0.00    0.00    0.00   12.24
20:08:21       3   66.67    0.00   17.17    0.00    0.00    3.03    0.00    0.00    0.00   13.13
20:08:21       4   68.37    0.00   18.37    0.00    0.00    3.06    0.00    0.00    0.00   10.20
20:08:21       5   59.18    0.00   23.47    1.02    0.00    2.04    0.00    0.00    0.00   14.29
20:08:21       6   69.70    0.00   18.18    0.00    0.00    2.02    0.00    0.00    0.00   10.10
20:08:21       7   71.13    0.00   11.34    0.00    0.00    3.09    0.00    0.00    0.00   14.43
20:08:21       8   70.59    0.00   15.69    0.00    0.00    2.94    0.00    0.00    0.00   10.78
20:08:21       9   71.72    0.00   16.16    0.00    0.00    4.04    0.00    0.00    0.00    8.08
20:08:21      10   78.00    0.00    9.00    0.00    0.00    4.00    0.00    0.00    0.00    9.00
20:08:21      11   65.98    0.00   19.59    0.00    0.00    4.12    0.00    0.00    0.00   10.31
20:08:21      12   64.95    0.00   15.46    0.00    0.00    5.15    0.00    0.00    0.00   14.43
20:08:21      13   68.69    0.00   17.17    0.00    0.00    3.03    0.00    0.00    0.00   11.11
20:08:21      14   25.74    0.00   10.89   16.83    0.00    4.95    0.00    0.00    0.00   41.58
20:08:21      15   14.14    0.00   12.12   37.37    0.00    9.09    0.00    0.00    0.00   27.27
20:08:21      16   66.30    0.00   16.30    0.00    0.00    2.17    0.00    0.00    0.00   15.22
20:08:21      17   67.65    0.00   15.69    0.98    0.00    2.94    0.00    0.00    0.00   12.75
20:08:21      18   68.00    0.00   16.00    0.00    0.00    4.00    0.00    0.00    0.00   12.00
20:08:21      19   68.37    0.00   15.31    0.00    0.00    3.06    0.00    0.00    0.00   13.27
20:08:21      20   68.69    0.00   19.19    0.00    0.00    2.02    0.00    0.00    0.00   10.10
20:08:21      21   64.21    0.00   16.84    1.05    0.00    2.11    0.00    0.00    0.00   15.79
20:08:21      22   72.28    0.00   15.84    0.00    0.00    1.98    0.00    0.00    0.00    9.90
20:08:21      23   68.00    0.00   19.00    0.00    0.00    2.00    0.00    0.00    0.00   11.00
20:08:21      24   70.00    0.00   20.00    0.00    0.00    8.00    0.00    0.00    0.00    2.00
20:08:21      25   63.64    0.00   20.20    0.00    0.00   11.11    0.00    0.00    0.00    5.05
20:08:21      26   64.95    0.00   18.56    0.00    0.00    9.28    0.00    0.00    0.00    7.22
20:08:21      27   61.62    0.00   22.22    0.00    0.00    9.09    0.00    0.00    0.00    7.07
20:08:21      28   62.38    0.00   21.78    0.00    0.00   11.88    0.00    0.00    0.00    3.96
20:08:21      29   57.00    0.00   24.00    0.00    0.00   12.00    0.00    0.00    0.00    7.00
20:08:21      30   74.49    0.00   17.35    0.00    0.00    6.12    0.00    0.00    0.00    2.04
20:08:21      31   64.71    0.00   20.59    0.00    0.00   12.75    0.00    0.00    0.00    1.96

20:08:21     CPU    %usr   %nice    %sys %iowait    %irq   %soft  %steal  %guest  %gnice   %idle
20:08:22     all   65.28    0.00   17.47    0.00    0.00    4.42    0.00    0.00    0.00   12.83
20:08:22       0   76.53    0.00   10.20    0.00    0.00    2.04    0.00    0.00    0.00   11.22
20:08:22       1   61.86    0.00   21.65    0.00    0.00    1.03    0.00    0.00    0.00   15.46
20:08:22       2   56.44    0.00   21.78    0.00    0.00    2.97    0.00    0.00    0.00   18.81
20:08:22       3   67.00    0.00   13.00    0.00    0.00    5.00    0.00    0.00    0.00   15.00
20:08:22       4   72.92    0.00   16.67    0.00    0.00    2.08    0.00    0.00    0.00    8.33
20:08:22       5   66.34    0.00   14.85    0.00    0.00    3.96    0.00    0.00    0.00   14.85
20:08:22       6   62.50    0.00   16.67    0.00    0.00    2.08    0.00    0.00    0.00   18.75
20:08:22       7   63.92    0.00   16.49    0.00    0.00    3.09    0.00    0.00    0.00   16.49
20:08:22       8   64.21    0.00   16.84    0.00    0.00    4.21    0.00    0.00    0.00   14.74
20:08:22       9   63.16    0.00   14.74    0.00    0.00    6.32    0.00    0.00    0.00   15.79
20:08:22      10   67.68    0.00   15.15    0.00    0.00    4.04    0.00    0.00    0.00   13.13
20:08:22      11   71.13    0.00   13.40    0.00    0.00    2.06    0.00    0.00    0.00   13.40
20:08:22      12   63.54    0.00   13.54    0.00    0.00    5.21    0.00    0.00    0.00   17.71
20:08:22      13   66.00    0.00   16.00    0.00    0.00    3.00    0.00    0.00    0.00   15.00
20:08:22      14   48.54    0.00   14.56    0.00    0.00    3.88    0.00    0.00    0.00   33.01
20:08:22      15   51.52    0.00    9.09    0.00    0.00    3.03    0.00    0.00    0.00   36.36
20:08:22      16   63.16    0.00   24.21    0.00    0.00    2.11    0.00    0.00    0.00   10.53
20:08:22      17   64.65    0.00   17.17    0.00    0.00    4.04    0.00    0.00    0.00   14.14
20:08:22      18   67.01    0.00   14.43    0.00    0.00    1.03    0.00    0.00    0.00   17.53
20:08:22      19   65.31    0.00   14.29    0.00    0.00    4.08    0.00    0.00    0.00   16.33
20:08:22      20   73.00    0.00   19.00    0.00    0.00    1.00    0.00    0.00    0.00    7.00
20:08:22      21   69.70    0.00   11.11    0.00    0.00    4.04    0.00    0.00    0.00   15.15
20:08:22      22   57.29    0.00   21.88    0.00    0.00    2.08    0.00    0.00    0.00   18.75
20:08:22      23   63.64    0.00   14.14    0.00    0.00    4.04    0.00    0.00    0.00   18.18
20:08:22      24   66.00    0.00   24.00    0.00    0.00    8.00    0.00    0.00    0.00    2.00
20:08:22      25   70.71    0.00   20.20    0.00    0.00    8.08    0.00    0.00    0.00    1.01
20:08:22      26   62.63    0.00   26.26    0.00    0.00    8.08    0.00    0.00    0.00    3.03
20:08:22      27   63.27    0.00   26.53    0.00    0.00    8.16    0.00    0.00    0.00    2.04
20:08:22      28   72.73    0.00   17.17    0.00    0.00    8.08    0.00    0.00    0.00    2.02
20:08:22      29   64.29    0.00   22.45    0.00    0.00   11.22    0.00    0.00    0.00    2.04
20:08:22      30   73.27    0.00   19.80    0.00    0.00    5.94    0.00    0.00    0.00    0.99
20:08:22      31   69.31    0.00   21.78    0.00    0.00    6.93    0.00    0.00    0.00    1.98

20:08:22     CPU    %usr   %nice    %sys %iowait    %irq   %soft  %steal  %guest  %gnice   %idle
20:08:23     all   64.92    0.00   15.57    0.00    0.00    4.80    0.00    0.00    0.00   14.71
20:08:23       0   66.67    0.00   15.05    0.00    0.00    3.23    0.00    0.00    0.00   15.05
20:08:23       1   77.55    0.00   14.29    0.00    0.00    0.00    0.00    0.00    0.00    8.16
20:08:23       2   63.16    0.00   11.58    0.00    0.00    3.16    0.00    0.00    0.00   22.11
20:08:23       3   63.73    0.00   11.76    0.00    0.00    3.92    0.00    0.00    0.00   20.59
20:08:23       4   61.22    0.00   12.24    0.00    0.00    5.10    0.00    0.00    0.00   21.43
20:08:23       5   62.24    0.00   12.24    0.00    0.00    2.04    0.00    0.00    0.00   23.47
20:08:23       6   63.83    0.00   15.96    0.00    0.00    1.06    0.00    0.00    0.00   19.15
20:08:23       7   64.65    0.00   11.11    0.00    0.00    2.02    0.00    0.00    0.00   22.22
20:08:23       8   61.39    0.00   11.88    0.00    0.00    5.94    0.00    0.00    0.00   20.79
20:08:23       9   66.67    0.00    9.38    0.00    0.00    5.21    0.00    0.00    0.00   18.75
20:08:23      10   69.70    0.00   11.11    0.00    0.00    4.04    0.00    0.00    0.00   15.15
20:08:23      11   69.89    0.00   10.75    0.00    0.00    2.15    0.00    0.00    0.00   17.20
20:08:23      12   62.11    0.00   16.84    0.00    0.00    3.16    0.00    0.00    0.00   17.89
20:08:23      13   70.10    0.00    9.28    0.00    0.00    5.15    0.00    0.00    0.00   15.46
20:08:23      14   65.59    0.00   11.83    0.00    0.00    3.23    0.00    0.00    0.00   19.35
20:08:23      15   66.30    0.00   10.87    0.00    0.00    2.17    0.00    0.00    0.00   20.65
20:08:23      16   55.43    0.00   26.09    0.00    0.00    2.17    0.00    0.00    0.00   16.30
20:08:23      17   74.00    0.00   16.00    0.00    0.00    1.00    0.00    0.00    0.00    9.00
20:08:23      18   63.00    0.00   10.00    0.00    0.00    5.00    0.00    0.00    0.00   22.00
20:08:23      19   62.89    0.00   13.40    0.00    0.00    2.06    0.00    0.00    0.00   21.65
20:08:23      20   58.16    0.00   17.35    0.00    0.00    4.08    0.00    0.00    0.00   20.41
20:08:23      21   61.86    0.00   13.40    0.00    0.00    3.09    0.00    0.00    0.00   21.65
20:08:23      22   60.61    0.00   16.16    0.00    0.00    4.04    0.00    0.00    0.00   19.19
20:08:23      23   63.46    0.00   10.58    0.00    0.00    3.85    0.00    0.00    0.00   22.12
20:08:23      24   69.70    0.00   20.20    0.00    0.00    7.07    0.00    0.00    0.00    3.03
20:08:23      25   63.00    0.00   25.00    0.00    0.00    9.00    0.00    0.00    0.00    3.00
20:08:23      26   62.00    0.00   24.00    0.00    0.00   10.00    0.00    0.00    0.00    4.00
20:08:23      27   59.60    0.00   24.24    0.00    0.00   12.12    0.00    0.00    0.00    4.04
20:08:23      28   64.65    0.00   23.23    0.00    0.00    9.09    0.00    0.00    0.00    3.03
20:08:23      29   67.65    0.00   21.57    0.00    0.00    8.82    0.00    0.00    0.00    1.96
20:08:23      30   68.00    0.00   22.00    0.00    0.00    8.00    0.00    0.00    0.00    2.00
20:08:23      31   68.37    0.00   18.37    0.00    0.00   11.22    0.00    0.00    0.00    2.04

20:08:23     CPU    %usr   %nice    %sys %iowait    %irq   %soft  %steal  %guest  %gnice   %idle
20:08:24     all   66.47    0.00   18.09    0.92    0.00    5.27    0.00    0.00    0.00    9.25
20:08:24       0   65.35    0.00   23.76    0.00    0.00    3.96    0.00    0.00    0.00    6.93
20:08:24       1   71.43    0.00   20.41    0.00    0.00    2.04    0.00    0.00    0.00    6.12
20:08:24       2   64.65    0.00   19.19    0.00    0.00    6.06    0.00    0.00    0.00   10.10
20:08:24       3   71.72    0.00   13.13    0.00    0.00    5.05    0.00    0.00    0.00   10.10
20:08:24       4   57.58    0.00   13.13    2.02    0.00    8.08    0.00    0.00    0.00   19.19
20:08:24       5   65.31    0.00   16.33    0.00    0.00    3.06    0.00    0.00    0.00   15.31
20:08:24       6   62.89    0.00   13.40    3.09    0.00    2.06    0.00    0.00    0.00   18.56
20:08:24       7   65.35    0.00   14.85    7.92    0.00    0.99    0.00    0.00    0.00   10.89
20:08:24       8   72.45    0.00   12.24    0.00    0.00    5.10    0.00    0.00    0.00   10.20
20:08:24       9   70.00    0.00   16.00    0.00    0.00    5.00    0.00    0.00    0.00    9.00
20:08:24      10   73.74    0.00   14.14    0.00    0.00    4.04    0.00    0.00    0.00    8.08
20:08:24      11   71.72    0.00   15.15    0.00    0.00    3.03    0.00    0.00    0.00   10.10
20:08:24      12   71.84    0.00   16.50    0.00    0.00    3.88    0.00    0.00    0.00    7.77
20:08:24      13   71.43    0.00   13.27    0.00    0.00    4.08    0.00    0.00    0.00   11.22
20:08:24      14   72.73    0.00   13.13    0.00    0.00    6.06    0.00    0.00    0.00    8.08
20:08:24      15   69.61    0.00   10.78    0.98    0.00    5.88    0.00    0.00    0.00   12.75
20:08:24      16   63.54    0.00   22.92    0.00    0.00    5.21    0.00    0.00    0.00    8.33
20:08:24      17   73.96    0.00   16.67    0.00    0.00    3.12    0.00    0.00    0.00    6.25
20:08:24      18   71.58    0.00   15.79    0.00    0.00    4.21    0.00    0.00    0.00    8.42
20:08:24      19   69.31    0.00   16.83    0.00    0.00    3.96    0.00    0.00    0.00    9.90
20:08:24      20   64.29    0.00   15.31    0.00    0.00    3.06    0.00    0.00    0.00   17.35
20:08:24      21   63.27    0.00   16.33    0.00    0.00    4.08    0.00    0.00    0.00   16.33
20:08:24      22   57.73    0.00   13.40    9.28    0.00    3.09    0.00    0.00    0.00   16.49
20:08:24      23   59.80    0.00   19.61    5.88    0.00    0.00    0.00    0.00    0.00   14.71
20:08:24      24   66.67    0.00   22.22    0.00    0.00    8.08    0.00    0.00    0.00    3.03
20:08:24      25   66.00    0.00   21.00    0.00    0.00   11.00    0.00    0.00    0.00    2.00
20:08:24      26   57.73    0.00   24.74    0.00    0.00   13.40    0.00    0.00    0.00    4.12
20:08:24      27   58.42    0.00   28.71    0.00    0.00    7.92    0.00    0.00    0.00    4.95
20:08:24      28   71.00    0.00   23.00    0.00    0.00    6.00    0.00    0.00    0.00    0.00
20:08:24      29   58.59    0.00   25.25    0.00    0.00   12.12    0.00    0.00    0.00    4.04
20:08:24      30   59.60    0.00   26.26    0.00    0.00    9.09    0.00    0.00    0.00    5.05
20:08:24      31   67.68    0.00   25.25    0.00    0.00    6.06    0.00    0.00    0.00    1.01

20:08:24     CPU    %usr   %nice    %sys %iowait    %irq   %soft  %steal  %guest  %gnice   %idle
20:08:25     all   64.20    0.00   17.22    1.77    0.00    4.91    0.00    0.00    0.00   11.90
20:08:25       0   65.31    0.00   22.45    0.00    0.00    4.08    0.00    0.00    0.00    8.16
20:08:25       1   72.00    0.00   14.00    0.00    0.00    6.00    0.00    0.00    0.00    8.00
20:08:25       2   71.29    0.00   17.82    0.00    0.00    3.96    0.00    0.00    0.00    6.93
20:08:25       3   71.72    0.00   17.17    0.00    0.00    3.03    0.00    0.00    0.00    8.08
20:08:25       4   56.00    0.00   13.00    1.00    0.00    4.00    0.00    0.00    0.00   26.00
20:08:25       5   55.10    0.00   14.29    0.00    0.00    4.08    0.00    0.00    0.00   26.53
20:08:25       6   50.52    0.00   18.56    9.28    0.00    3.09    0.00    0.00    0.00   18.56
20:08:25       7   54.00    0.00   11.00   21.00    0.00    1.00    0.00    0.00    0.00   13.00
20:08:25       8   77.55    0.00   13.27    0.00    0.00    2.04    0.00    0.00    0.00    7.14
20:08:25       9   73.53    0.00   14.71    0.00    0.00    2.94    0.00    0.00    0.00    8.82
20:08:25      10   63.54    0.00   16.67    1.04    0.00    2.08    0.00    0.00    0.00   16.67
20:08:25      11   73.74    0.00   16.16    1.01    0.00    2.02    0.00    0.00    0.00    7.07
20:08:25      12   73.53    0.00   13.73    0.00    0.00    3.92    0.00    0.00    0.00    8.82
20:08:25      13   76.77    0.00   13.13    0.00    0.00    3.03    0.00    0.00    0.00    7.07
20:08:25      14   77.55    0.00   13.27    1.02    0.00    2.04    0.00    0.00    0.00    6.12
20:08:25      15   71.13    0.00   16.49    0.00    0.00    3.09    0.00    0.00    0.00    9.28
20:08:25      16   71.43    0.00   18.37    0.00    0.00    3.06    0.00    0.00    0.00    7.14
20:08:25      17   67.00    0.00   19.00    0.00    0.00    5.00    0.00    0.00    0.00    9.00
20:08:25      18   65.66    0.00   19.19    2.02    0.00    5.05    0.00    0.00    0.00    8.08
20:08:25      19   74.75    0.00   14.14    0.00    0.00    2.02    0.00    0.00    0.00    9.09
20:08:25      20   47.96    0.00   20.41    1.02    0.00    2.04    0.00    0.00    0.00   28.57
20:08:25      21   48.91    0.00   17.39    0.00    0.00    3.26    0.00    0.00    0.00   30.43
20:08:25      22   52.04    0.00   13.27    8.16    0.00    4.08    0.00    0.00    0.00   22.45
20:08:25      23   54.64    0.00   10.31   11.34    0.00    3.09    0.00    0.00    0.00   20.62
20:08:25      24   53.54    0.00   24.24    0.00    0.00   12.12    0.00    0.00    0.00   10.10
20:08:25      25   59.18    0.00   20.41    0.00    0.00   10.20    0.00    0.00    0.00   10.20
20:08:25      26   63.64    0.00   20.20    0.00    0.00   10.10    0.00    0.00    0.00    6.06
20:08:25      27   59.60    0.00   23.23    0.00    0.00   10.10    0.00    0.00    0.00    7.07
20:08:25      28   65.35    0.00   22.77    0.00    0.00    7.92    0.00    0.00    0.00    3.96
20:08:25      29   67.00    0.00   19.00    0.00    0.00    9.00    0.00    0.00    0.00    5.00
20:08:25      30   57.73    0.00   21.65    0.00    0.00   10.31    0.00    0.00    0.00   10.31
20:08:25      31   60.40    0.00   21.78    0.00    0.00    8.91    0.00    0.00    0.00    8.91

20:08:25     CPU    %usr   %nice    %sys %iowait    %irq   %soft  %steal  %guest  %gnice   %idle
20:08:26     all   63.89    0.00   17.82    1.30    0.00    5.26    0.00    0.00    0.00   11.73
20:08:26       0   76.00    0.00   15.00    0.00    0.00    5.00    0.00    0.00    0.00    4.00
20:08:26       1   73.74    0.00   18.18    0.00    0.00    4.04    0.00    0.00    0.00    4.04
20:08:26       2   62.50    0.00   12.50    4.17    0.00    2.08    0.00    0.00    0.00   18.75
20:08:26       3   50.51    0.00   17.17    9.09    0.00    3.03    0.00    0.00    0.00   20.20
20:08:26       4   54.64    0.00   18.56    0.00    0.00    4.12    0.00    0.00    0.00   22.68
20:08:26       5   68.04    0.00   15.46    1.03    0.00    3.09    0.00    0.00    0.00   12.37
20:08:26       6   54.95    0.00   14.29    2.20    0.00    2.20    0.00    0.00    0.00   26.37
20:08:26       7   55.21    0.00   15.62    2.08    0.00    3.12    0.00    0.00    0.00   23.96
20:08:26       8   72.55    0.00   17.65    0.00    0.00    2.94    0.00    0.00    0.00    6.86
20:08:26       9   77.00    0.00   14.00    0.00    0.00    5.00    0.00    0.00    0.00    4.00
20:08:26      10   64.65    0.00   28.28    2.02    0.00    2.02    0.00    0.00    0.00    3.03
20:08:26      11   78.43    0.00   12.75    0.00    0.00    3.92    0.00    0.00    0.00    4.90
20:08:26      12   77.78    0.00   13.13    0.00    0.00    4.04    0.00    0.00    0.00    5.05
20:08:26      13   78.00    0.00   13.00    0.00    0.00    4.00    0.00    0.00    0.00    5.00
20:08:26      14   75.73    0.00   16.50    1.94    0.00    2.91    0.00    0.00    0.00    2.91
20:08:26      15   75.00    0.00   16.00    0.00    0.00    5.00    0.00    0.00    0.00    4.00
20:08:26      16   71.00    0.00   19.00    0.00    0.00    6.00    0.00    0.00    0.00    4.00
20:08:26      17   78.35    0.00   14.43    0.00    0.00    3.09    0.00    0.00    0.00    4.12
20:08:26      18   59.18    0.00   14.29    6.12    0.00    2.04    0.00    0.00    0.00   18.37
20:08:26      19   53.06    0.00   15.31   10.20    0.00    3.06    0.00    0.00    0.00   18.37
20:08:26      20   66.00    0.00   17.00    0.00    0.00    3.00    0.00    0.00    0.00   14.00
20:08:26      21   62.50    0.00   18.75    1.04    0.00    3.12    0.00    0.00    0.00   14.58
20:08:26      22   52.53    0.00   15.15    0.00    0.00    6.06    0.00    0.00    0.00   26.26
20:08:26      23   55.32    0.00   15.96    2.13    0.00    2.13    0.00    0.00    0.00   24.47
20:08:26      24   53.47    0.00   21.78    0.00    0.00   13.86    0.00    0.00    0.00   10.89
20:08:26      25   58.00    0.00   26.00    0.00    0.00    9.00    0.00    0.00    0.00    7.00
20:08:26      26   54.55    0.00   23.23    0.00    0.00   11.11    0.00    0.00    0.00   11.11
20:08:26      27   56.70    0.00   22.68    0.00    0.00    9.28    0.00    0.00    0.00   11.34
20:08:26      28   57.14    0.00   26.53    0.00    0.00    8.16    0.00    0.00    0.00    8.16
20:08:26      29   61.22    0.00   18.37    0.00    0.00   10.20    0.00    0.00    0.00   10.20
20:08:26      30   52.00    0.00   20.00    0.00    0.00   12.00    0.00    0.00    0.00   16.00
20:08:26      31   55.56    0.00   23.23    0.00    0.00    9.09    0.00    0.00    0.00   12.12

20:08:26     CPU    %usr   %nice    %sys %iowait    %irq   %soft  %steal  %guest  %gnice   %idle
20:08:27     all   64.41    0.00   18.11    1.76    0.00    4.87    0.00    0.00    0.00   10.86
20:08:27       0   74.75    0.00   13.13    1.01    0.00    1.01    0.00    0.00    0.00   10.10
20:08:27       1   74.23    0.00   16.49    0.00    0.00    4.12    0.00    0.00    0.00    5.15
20:08:27       2   42.00    0.00   12.00   12.00    0.00    3.00    0.00    0.00    0.00   31.00
20:08:27       3   42.71    0.00   15.62    7.29    0.00    2.08    0.00    0.00    0.00   32.29
20:08:27       4   63.73    0.00   13.73    4.90    0.00    2.94    0.00    0.00    0.00   14.71
20:08:27       5   67.68    0.00   12.12    0.00    0.00    6.06    0.00    0.00    0.00   14.14
20:08:27       6   79.80    0.00   13.13    0.00    0.00    2.02    0.00    0.00    0.00    5.05
20:08:27       7   71.00    0.00   19.00    0.00    0.00    5.00    0.00    0.00    0.00    5.00
20:08:27       8   75.00    0.00   16.00    0.00    0.00    4.00    0.00    0.00    0.00    5.00
20:08:27       9   80.00    0.00   14.00    0.00    0.00    1.00    0.00    0.00    0.00    5.00
20:08:27      10   64.36    0.00   26.73    3.96    0.00    1.98    0.00    0.00    0.00    2.97
20:08:27      11   74.51    0.00   14.71    0.00    0.00    4.90    0.00    0.00    0.00    5.88
20:08:27      12   79.00    0.00   10.00    0.00    0.00    6.00    0.00    0.00    0.00    5.00
20:08:27      13   69.70    0.00   18.18    0.00    0.00    4.04    0.00    0.00    0.00    8.08
20:08:27      14   80.20    0.00    9.90    0.00    0.00    4.95    0.00    0.00    0.00    4.95
20:08:27      15   71.00    0.00   20.00    0.00    0.00    4.00    0.00    0.00    0.00    5.00
20:08:27      16   67.01    0.00   18.56    2.06    0.00    1.03    0.00    0.00    0.00   11.34
20:08:27      17   71.00    0.00   17.00    0.00    0.00    4.00    0.00    0.00    0.00    8.00
20:08:27      18   49.00    0.00   10.00    8.00    0.00    1.00    0.00    0.00    0.00   32.00
20:08:27      19   41.05    0.00   13.68   16.84    0.00    2.11    0.00    0.00    0.00   26.32
20:08:27      20   66.67    0.00   16.16    0.00    0.00    3.03    0.00    0.00    0.00   14.14
20:08:27      21   67.65    0.00   15.69    0.00    0.00    4.90    0.00    0.00    0.00   11.76
20:08:27      22   76.00    0.00   15.00    0.00    0.00    4.00    0.00    0.00    0.00    5.00
20:08:27      23   62.00    0.00   31.00    0.00    0.00    2.00    0.00    0.00    0.00    5.00
20:08:27      24   57.14    0.00   24.49    0.00    0.00   10.20    0.00    0.00    0.00    8.16
20:08:27      25   61.22    0.00   27.55    0.00    0.00    5.10    0.00    0.00    0.00    6.12
20:08:27      26   53.00    0.00   24.00    0.00    0.00   10.00    0.00    0.00    0.00   13.00
20:08:27      27   57.14    0.00   22.45    0.00    0.00   12.24    0.00    0.00    0.00    8.16
20:08:27      28   56.57    0.00   26.26    0.00    0.00    7.07    0.00    0.00    0.00   10.10
20:08:27      29   55.45    0.00   25.74    0.00    0.00    9.90    0.00    0.00    0.00    8.91
20:08:27      30   52.94    0.00   22.55    0.98    0.00   10.78    0.00    0.00    0.00   12.75
20:08:27      31   55.88    0.00   24.51    0.00    0.00   10.78    0.00    0.00    0.00    8.82

20:08:27     CPU    %usr   %nice    %sys %iowait    %irq   %soft  %steal  %guest  %gnice   %idle
20:08:28     all   62.80    0.00   19.17    1.16    0.00    5.65    0.00    0.00    0.00   11.23
20:08:28       0   54.90    0.00   14.71    0.98    0.00    7.84    0.00    0.00    0.00   21.57
20:08:28       1   59.62    0.00   12.50    0.00    0.00    3.85    0.00    0.00    0.00   24.04
20:08:28       2   46.53    0.00   19.80    9.90    0.00    1.98    0.00    0.00    0.00   21.78
20:08:28       3   60.61    0.00   13.13    4.04    0.00    2.02    0.00    0.00    0.00   20.20
20:08:28       4   67.68    0.00   17.17    3.03    0.00    1.01    0.00    0.00    0.00   11.11
20:08:28       5   76.00    0.00   15.00    0.00    0.00    3.00    0.00    0.00    0.00    6.00
20:08:28       6   72.28    0.00   17.82    0.00    0.00    3.96    0.00    0.00    0.00    5.94
20:08:28       7   66.34    0.00   25.74    0.00    0.00    4.95    0.00    0.00    0.00    2.97
20:08:28       8   75.25    0.00   17.82    0.00    0.00    1.98    0.00    0.00    0.00    4.95
20:08:28       9   73.47    0.00   16.33    0.00    0.00    4.08    0.00    0.00    0.00    6.12
20:08:28      10   71.00    0.00   22.00    0.00    0.00    4.00    0.00    0.00    0.00    3.00
20:08:28      11   73.47    0.00   16.33    0.00    0.00    5.10    0.00    0.00    0.00    5.10
20:08:28      12   77.00    0.00   13.00    0.00    0.00    5.00    0.00    0.00    0.00    5.00
20:08:28      13   74.26    0.00   14.85    0.00    0.00    6.93    0.00    0.00    0.00    3.96
20:08:28      14   75.76    0.00   14.14    0.00    0.00    2.02    0.00    0.00    0.00    8.08
20:08:28      15   71.29    0.00   18.81    0.00    0.00    3.96    0.00    0.00    0.00    5.94
20:08:28      16   53.00    0.00   18.00    0.00    0.00    3.00    0.00    0.00    0.00   26.00
20:08:28      17   53.61    0.00   17.53    0.00    0.00    3.09    0.00    0.00    0.00   25.77
20:08:28      18   50.00    0.00   14.58    5.21    0.00    4.17    0.00    0.00    0.00   26.04
20:08:28      19   46.81    0.00   17.02    7.45    0.00    3.19    0.00    0.00    0.00   25.53
20:08:28      20   67.00    0.00   20.00    0.00    0.00    5.00    0.00    0.00    0.00    8.00
20:08:28      21   74.51    0.00   13.73    0.00    0.00    4.90    0.00    0.00    0.00    6.86
20:08:28      22   72.73    0.00   16.16    0.00    0.00    6.06    0.00    0.00    0.00    5.05
20:08:28      23   63.00    0.00   30.00    0.00    0.00    5.00    0.00    0.00    0.00    2.00
20:08:28      24   58.59    0.00   26.26    0.00    0.00    8.08    0.00    0.00    0.00    7.07
20:08:28      25   58.00    0.00   27.00    0.00    0.00    9.00    0.00    0.00    0.00    6.00
20:08:28      26   61.39    0.00   26.73    0.00    0.00    8.91    0.00    0.00    0.00    2.97
20:08:28      27   52.00    0.00   30.00    0.00    0.00   14.00    0.00    0.00    0.00    4.00
20:08:28      28   58.59    0.00   21.21    0.00    0.00   15.15    0.00    0.00    0.00    5.05
20:08:28      29   57.00    0.00   24.00    0.00    0.00   13.00    0.00    0.00    0.00    6.00
20:08:28      30   42.42    0.00   22.22    5.05    0.00    5.05    0.00    0.00    0.00   25.25
20:08:28      31   43.30    0.00   19.59    2.06    0.00   11.34    0.00    0.00    0.00   23.71

20:08:28     CPU    %usr   %nice    %sys %iowait    %irq   %soft  %steal  %guest  %gnice   %idle
20:08:29     all   66.97    0.00   17.88    1.48    0.00    5.47    0.00    0.00    0.00    8.20
20:08:29       0   65.00    0.00   19.00    2.00    0.00    0.00    0.00    0.00    0.00   14.00
20:08:29       1   67.35    0.00   17.35    0.00    0.00    3.06    0.00    0.00    0.00   12.24
20:08:29       2   48.45    0.00   10.31    7.22    0.00    3.09    0.00    0.00    0.00   30.93
20:08:29       3   52.94    0.00   13.73    7.84    0.00    1.96    0.00    0.00    0.00   23.53
20:08:29       4   75.25    0.00   14.85    0.00    0.00    5.94    0.00    0.00    0.00    3.96
20:08:29       5   76.00    0.00   19.00    0.00    0.00    2.00    0.00    0.00    0.00    3.00
20:08:29       6   72.73    0.00   20.20    0.00    0.00    5.05    0.00    0.00    0.00    2.02
20:08:29       7   58.42    0.00   37.62    0.00    0.00    1.98    0.00    0.00    0.00    1.98
20:08:29       8   80.20    0.00   12.87    0.00    0.00    3.96    0.00    0.00    0.00    2.97
20:08:29       9   79.00    0.00   12.00    0.00    0.00    5.00    0.00    0.00    0.00    4.00
20:08:29      10   77.55    0.00   15.31    0.00    0.00    3.06    0.00    0.00    0.00    4.08
20:08:29      11   80.39    0.00   14.71    0.98    0.00    1.96    0.00    0.00    0.00    1.96
20:08:29      12   73.00    0.00   18.00    0.00    0.00    5.00    0.00    0.00    0.00    4.00
20:08:29      13   75.00    0.00   17.00    0.00    0.00    6.00    0.00    0.00    0.00    2.00
20:08:29      14   77.00    0.00   14.00    1.00    0.00    4.00    0.00    0.00    0.00    4.00
20:08:29      15   75.25    0.00   14.85    0.00    0.00    5.94    0.00    0.00    0.00    3.96
20:08:29      16   72.28    0.00   14.85    0.00    0.00    2.97    0.00    0.00    0.00    9.90
20:08:29      17   68.37    0.00   14.29    3.06    0.00    4.08    0.00    0.00    0.00   10.20
20:08:29      18   55.67    0.00    9.28    7.22    0.00    5.15    0.00    0.00    0.00   22.68
20:08:29      19   46.94    0.00   14.29   18.37    0.00    3.06    0.00    0.00    0.00   17.35
20:08:29      20   74.26    0.00   17.82    0.00    0.00    4.95    0.00    0.00    0.00    2.97
20:08:29      21   75.76    0.00   18.18    0.00    0.00    4.04    0.00    0.00    0.00    2.02
20:08:29      22   71.72    0.00   23.23    0.00    0.00    2.02    0.00    0.00    0.00    3.03
20:08:29      23   76.24    0.00   15.84    0.00    0.00    4.95    0.00    0.00    0.00    2.97
20:08:29      24   61.00    0.00   18.00    0.00    0.00   15.00    0.00    0.00    0.00    6.00
20:08:29      25   60.20    0.00   21.43    0.00    0.00   12.24    0.00    0.00    0.00    6.12
20:08:29      26   57.29    0.00   20.83    0.00    0.00   10.42    0.00    0.00    0.00   11.46
20:08:29      27   59.22    0.00   23.30    0.00    0.00   11.65    0.00    0.00    0.00    5.83
20:08:29      28   65.31    0.00   19.39    0.00    0.00   11.22    0.00    0.00    0.00    4.08
20:08:29      29   57.14    0.00   27.55    0.00    0.00    9.18    0.00    0.00    0.00    6.12
20:08:29      30   53.61    0.00   20.62    0.00    0.00    8.25    0.00    0.00    0.00   17.53
20:08:29      31   52.04    0.00   22.45    0.00    0.00    8.16    0.00    0.00    0.00   17.35

20:08:29     CPU    %usr   %nice    %sys %iowait    %irq   %soft  %steal  %guest  %gnice   %idle
20:08:30     all   68.19    0.00   17.20    1.77    0.00    5.36    0.00    0.00    0.00    7.48
20:08:30       0   75.76    0.00   17.17    0.00    0.00    4.04    0.00    0.00    0.00    3.03
20:08:30       1   83.84    0.00   12.12    0.00    0.00    2.02    0.00    0.00    0.00    2.02
20:08:30       2   61.00    0.00   10.00    9.00    0.00    2.00    0.00    0.00    0.00   18.00
20:08:30       3   34.41    0.00   12.90   17.20    0.00    2.15    0.00    0.00    0.00   33.33
20:08:30       4   73.53    0.00   17.65    0.00    0.00    4.90    0.00    0.00    0.00    3.92
20:08:30       5   82.65    0.00   11.22    0.00    0.00    4.08    0.00    0.00    0.00    2.04
20:08:30       6   82.47    0.00   11.34    0.00    0.00    4.12    0.00    0.00    0.00    2.06
20:08:30       7   61.22    0.00   34.69    0.00    0.00    4.08    0.00    0.00    0.00    0.00
20:08:30       8   76.00    0.00   14.00    1.00    0.00    6.00    0.00    0.00    0.00    3.00
20:08:30       9   82.35    0.00   15.69    0.00    0.00    0.00    0.00    0.00    0.00    1.96
20:08:30      10   79.00    0.00   13.00    0.00    0.00    6.00    0.00    0.00    0.00    2.00
20:08:30      11   75.00    0.00   15.00    0.00    0.00    6.00    0.00    0.00    0.00    4.00
20:08:30      12   77.00    0.00   17.00    0.00    0.00    4.00    0.00    0.00    0.00    2.00
20:08:30      13   76.00    0.00   16.00    0.00    0.00    4.00    0.00    0.00    0.00    4.00
20:08:30      14   79.80    0.00   13.13    0.00    0.00    5.05    0.00    0.00    0.00    2.02
20:08:30      15   73.74    0.00   17.17    0.00    0.00    6.06    0.00    0.00    0.00    3.03
20:08:30      16   82.83    0.00   12.12    0.00    0.00    3.03    0.00    0.00    0.00    2.02
20:08:30      17   73.00    0.00   20.00    0.00    0.00    5.00    0.00    0.00    0.00    2.00
20:08:30      18   38.14    0.00    9.28    8.25    0.00    3.09    0.00    0.00    0.00   41.24
20:08:30      19   27.84    0.00   14.43   22.68    0.00    6.19    0.00    0.00    0.00   28.87
20:08:30      20   78.79    0.00   14.14    0.00    0.00    5.05    0.00    0.00    0.00    2.02
20:08:30      21   79.00    0.00   14.00    0.00    0.00    4.00    0.00    0.00    0.00    3.00
20:08:30      22   79.21    0.00   16.83    0.00    0.00    1.98    0.00    0.00    0.00    1.98
20:08:30      23   73.74    0.00   21.21    0.00    0.00    4.04    0.00    0.00    0.00    1.01
20:08:30      24   57.14    0.00   24.49    0.00    0.00   10.20    0.00    0.00    0.00    8.16
20:08:30      25   60.00    0.00   22.00    0.00    0.00   10.00    0.00    0.00    0.00    8.00
20:08:30      26   58.42    0.00   23.76    0.00    0.00   10.89    0.00    0.00    0.00    6.93
20:08:30      27   61.86    0.00   22.68    0.00    0.00    9.28    0.00    0.00    0.00    6.19
20:08:30      28   54.17    0.00   22.92    0.00    0.00    8.33    0.00    0.00    0.00   14.58
20:08:30      29   61.00    0.00   21.00    0.00    0.00   11.00    0.00    0.00    0.00    7.00
20:08:30      30   58.00    0.00   22.00    0.00    0.00    8.00    0.00    0.00    0.00   12.00
20:08:30      31   60.61    0.00   21.21    0.00    0.00    7.07    0.00    0.00    0.00   11.11

20:08:30     CPU    %usr   %nice    %sys %iowait    %irq   %soft  %steal  %guest  %gnice   %idle
20:08:31     all   70.02    0.00   18.44    1.31    0.00    5.26    0.00    0.00    0.00    4.98
20:08:31       0   76.00    0.00   16.00    0.00    0.00    3.00    0.00    0.00    0.00    5.00
20:08:31       1   77.00    0.00   17.00    0.00    0.00    4.00    0.00    0.00    0.00    2.00
20:08:31       2   59.00    0.00   14.00   11.00    0.00    2.00    0.00    0.00    0.00   14.00
20:08:31       3   59.00    0.00   18.00    4.00    0.00    2.00    0.00    0.00    0.00   17.00
20:08:31       4   78.79    0.00   14.14    0.00    0.00    6.06    0.00    0.00    0.00    1.01
20:08:31       5   77.00    0.00   18.00    0.00    0.00    2.00    0.00    0.00    0.00    3.00
20:08:31       6   74.75    0.00   20.20    0.00    0.00    2.02    0.00    0.00    0.00    3.03
20:08:31       7   56.44    0.00   41.58    0.00    0.00    0.99    0.00    0.00    0.00    0.99
20:08:31       8   75.25    0.00   15.84    0.00    0.00    6.93    0.00    0.00    0.00    1.98
20:08:31       9   75.25    0.00   17.82    0.99    0.00    3.96    0.00    0.00    0.00    1.98
20:08:31      10   79.00    0.00   14.00    0.00    0.00    5.00    0.00    0.00    0.00    2.00
20:08:31      11   82.00    0.00   12.00    0.00    0.00    4.00    0.00    0.00    0.00    2.00
20:08:31      12   78.22    0.00   13.86    0.00    0.00    5.94    0.00    0.00    0.00    1.98
20:08:31      13   79.21    0.00   13.86    0.00    0.00    3.96    0.00    0.00    0.00    2.97
20:08:31      14   76.24    0.00   14.85    0.00    0.00    5.94    0.00    0.00    0.00    2.97
20:08:31      15   76.77    0.00   20.20    0.00    0.00    2.02    0.00    0.00    0.00    1.01
20:08:31      16   80.81    0.00   12.12    0.00    0.00    4.04    0.00    0.00    0.00    3.03
20:08:31      17   79.00    0.00   13.00    0.00    0.00    4.00    0.00    0.00    0.00    4.00
20:08:31      18   66.34    0.00   10.89   11.88    0.00    0.99    0.00    0.00    0.00    9.90
20:08:31      19   55.32    0.00   12.77   14.89    0.00    1.06    0.00    0.00    0.00   15.96
20:08:31      20   81.00    0.00   14.00    0.00    0.00    4.00    0.00    0.00    0.00    1.00
20:08:31      21   82.00    0.00   13.00    0.00    0.00    3.00    0.00    0.00    0.00    2.00
20:08:31      22   78.00    0.00   17.00    0.00    0.00    2.00    0.00    0.00    0.00    3.00
20:08:31      23   75.00    0.00   17.00    0.00    0.00    7.00    0.00    0.00    0.00    1.00
20:08:31      24   62.00    0.00   22.00    0.00    0.00   10.00    0.00    0.00    0.00    6.00
20:08:31      25   58.00    0.00   24.00    0.00    0.00   11.00    0.00    0.00    0.00    7.00
20:08:31      26   58.59    0.00   24.24    0.00    0.00   11.11    0.00    0.00    0.00    6.06
20:08:31      27   55.45    0.00   22.77    0.00    0.00   13.86    0.00    0.00    0.00    7.92
20:08:31      28   57.43    0.00   25.74    0.00    0.00    9.90    0.00    0.00    0.00    6.93
20:08:31      29   56.00    0.00   26.00    0.00    0.00    9.00    0.00    0.00    0.00    9.00
20:08:31      30   60.20    0.00   22.45    0.00    0.00    7.14    0.00    0.00    0.00   10.20
20:08:31      31   54.55    0.00   31.31    0.00    0.00   10.10    0.00    0.00    0.00    4.04

20:08:31     CPU    %usr   %nice    %sys %iowait    %irq   %soft  %steal  %guest  %gnice   %idle
20:08:32     all   64.80    0.00   18.54    1.92    0.00    5.78    0.00    0.00    0.00    8.96
20:08:32       0   75.76    0.00   18.18    0.00    0.00    4.04    0.00    0.00    0.00    2.02
20:08:32       1   81.37    0.00   14.71    0.98    0.00    0.98    0.00    0.00    0.00    1.96
20:08:32       2   26.73    0.00   11.88   22.77    0.00    5.94    0.00    0.00    0.00   32.67
20:08:32       3   30.11    0.00    7.53   15.05    0.00    5.38    0.00    0.00    0.00   41.94
20:08:32       4   71.00    0.00   17.00    1.00    0.00    5.00    0.00    0.00    0.00    6.00
20:08:32       5   71.29    0.00   21.78    0.00    0.00    2.97    0.00    0.00    0.00    3.96
20:08:32       6   75.00    0.00   16.00    0.00    0.00    6.00    0.00    0.00    0.00    3.00
20:08:32       7   60.00    0.00   34.00    0.00    0.00    4.00    0.00    0.00    0.00    2.00
20:08:32       8   80.00    0.00   14.00    0.00    0.00    3.00    0.00    0.00    0.00    3.00
20:08:32       9   74.75    0.00   17.17    0.00    0.00    4.04    0.00    0.00    0.00    4.04
20:08:32      10   71.29    0.00   21.78    0.00    0.00    3.96    0.00    0.00    0.00    2.97
20:08:32      11   76.00    0.00   16.00    0.00    0.00    4.00    0.00    0.00    0.00    4.00
20:08:32      12   78.79    0.00   14.14    0.00    0.00    3.03    0.00    0.00    0.00    4.04
20:08:32      13   77.00    0.00   16.00    0.00    0.00    4.00    0.00    0.00    0.00    3.00
20:08:32      14   77.00    0.00   14.00    0.00    0.00    5.00    0.00    0.00    0.00    4.00
20:08:32      15   78.43    0.00   14.71    0.00    0.00    3.92    0.00    0.00    0.00    2.94
20:08:32      16   73.27    0.00   13.86    0.00    0.00    9.90    0.00    0.00    0.00    2.97
20:08:32      17   79.17    0.00   13.54    0.00    0.00    4.17    0.00    0.00    0.00    3.12
20:08:32      18   31.96    0.00   10.31   11.34    0.00    1.03    0.00    0.00    0.00   45.36
20:08:32      19   32.67    0.00    9.90   10.89    0.00    4.95    0.00    0.00    0.00   41.58
20:08:32      20   72.16    0.00   19.59    0.00    0.00    2.06    0.00    0.00    0.00    6.19
20:08:32      21   69.00    0.00   21.00    0.00    0.00    7.00    0.00    0.00    0.00    3.00
20:08:32      22   70.87    0.00   22.33    0.00    0.00    3.88    0.00    0.00    0.00    2.91
20:08:32      23   72.28    0.00   19.80    0.00    0.00    4.95    0.00    0.00    0.00    2.97
20:08:32      24   63.27    0.00   22.45    0.00    0.00   10.20    0.00    0.00    0.00    4.08
20:08:32      25   55.10    0.00   27.55    0.00    0.00   11.22    0.00    0.00    0.00    6.12
20:08:32      26   62.63    0.00   22.22    0.00    0.00   10.10    0.00    0.00    0.00    5.05
20:08:32      27   65.31    0.00   21.43    0.00    0.00    9.18    0.00    0.00    0.00    4.08
20:08:32      28   53.61    0.00   26.80    0.00    0.00    8.25    0.00    0.00    0.00   11.34
20:08:32      29   46.46    0.00   27.27    0.00    0.00    9.09    0.00    0.00    0.00   17.17
20:08:32      30   59.60    0.00   24.24    0.00    0.00    9.09    0.00    0.00    0.00    7.07
20:08:32      31   58.42    0.00   21.78    0.00    0.00   14.85    0.00    0.00    0.00    4.95

20:08:32     CPU    %usr   %nice    %sys %iowait    %irq   %soft  %steal  %guest  %gnice   %idle
20:08:33     all   65.47    0.00   18.00    1.29    0.00    5.66    0.00    0.00    0.00    9.58
20:08:33       0   74.00    0.00   19.00    0.00    0.00    4.00    0.00    0.00    0.00    3.00
20:08:33       1   79.59    0.00   12.24    0.00    0.00    6.12    0.00    0.00    0.00    2.04
20:08:33       2   39.81    0.00   13.59    8.74    0.00    4.85    0.00    0.00    0.00   33.01
20:08:33       3   43.43    0.00   11.11    5.05    0.00    2.02    0.00    0.00    0.00   38.38
20:08:33       4   51.00    0.00   22.00   12.00    0.00   10.00    0.00    0.00    0.00    5.00
20:08:33       5   79.80    0.00   17.17    0.00    0.00    1.01    0.00    0.00    0.00    2.02
20:08:33       6   74.00    0.00   20.00    0.00    0.00    4.00    0.00    0.00    0.00    2.00
20:08:33       7   73.74    0.00   20.20    0.00    0.00    4.04    0.00    0.00    0.00    2.02
20:08:33       8   75.49    0.00   16.67    0.00    0.00    4.90    0.00    0.00    0.00    2.94
20:08:33       9   75.49    0.00   14.71    0.00    0.00    7.84    0.00    0.00    0.00    1.96
20:08:33      10   78.57    0.00   15.31    0.00    0.00    4.08    0.00    0.00    0.00    2.04
20:08:33      11   76.24    0.00   17.82    0.00    0.00    3.96    0.00    0.00    0.00    1.98
20:08:33      12   78.22    0.00   15.84    0.00    0.00    1.98    0.00    0.00    0.00    3.96
20:08:33      13   72.73    0.00   19.19    0.00    0.00    6.06    0.00    0.00    0.00    2.02
20:08:33      14   26.83    0.00   25.61    0.00    0.00    1.22    0.00    0.00    0.00   46.34
20:08:33      15   77.32    0.00   15.46    0.00    0.00    5.15    0.00    0.00    0.00    2.06
20:08:33      16   77.23    0.00   15.84    0.00    0.00    4.95    0.00    0.00    0.00    1.98
20:08:33      17   78.22    0.00   15.84    0.00    0.00    3.96    0.00    0.00    0.00    1.98
20:08:33      18   37.37    0.00   15.15    9.09    0.00    4.04    0.00    0.00    0.00   34.34
20:08:33      19   49.51    0.00    9.71    5.83    0.00    0.97    0.00    0.00    0.00   33.98
20:08:33      20   74.75    0.00   15.15    0.00    0.00    3.03    0.00    0.00    0.00    7.07
20:08:33      21   73.00    0.00   20.00    0.00    0.00    5.00    0.00    0.00    0.00    2.00
20:08:33      22   75.00    0.00   17.00    0.00    0.00    6.00    0.00    0.00    0.00    2.00
20:08:33      23   81.82    0.00   12.12    0.00    0.00    4.04    0.00    0.00    0.00    2.02
20:08:33      24   54.08    0.00   24.49    0.00    0.00    7.14    0.00    0.00    0.00   14.29
20:08:33      25   59.00    0.00   22.00    0.00    0.00   11.00    0.00    0.00    0.00    8.00
20:08:33      26   60.00    0.00   20.00    0.00    0.00   12.00    0.00    0.00    0.00    8.00
20:08:33      27   63.37    0.00   19.80    0.00    0.00    8.91    0.00    0.00    0.00    7.92
20:08:33      28   50.00    0.00   24.00    0.00    0.00   10.00    0.00    0.00    0.00   16.00
20:08:33      29   61.39    0.00   20.79    0.00    0.00    8.91    0.00    0.00    0.00    8.91
20:08:33      30   59.41    0.00   22.77    0.00    0.00   12.87    0.00    0.00    0.00    4.95
20:08:33      31   59.00    0.00   27.00    0.00    0.00    6.00    0.00    0.00    0.00    8.00

20:08:33     CPU    %usr   %nice    %sys %iowait    %irq   %soft  %steal  %guest  %gnice   %idle
20:08:34     all   68.69    0.00   18.96    1.00    0.00    5.67    0.00    0.00    0.00    5.67
20:08:34       0   74.26    0.00   17.82    0.00    0.00    3.96    0.00    0.00    0.00    3.96
20:08:34       1   79.00    0.00   11.00    0.00    0.00    7.00    0.00    0.00    0.00    3.00
20:08:34       2   69.31    0.00   22.77    0.00    0.00    5.94    0.00    0.00    0.00    1.98
20:08:34       3   67.33    0.00   21.78    0.00    0.00    5.94    0.00    0.00    0.00    4.95
20:08:34       4   63.92    0.00   15.46    6.19    0.00    4.12    0.00    0.00    0.00   10.31
20:08:34       5   49.48    0.00   18.56    8.25    0.00    4.12    0.00    0.00    0.00   19.59
20:08:34       6   77.00    0.00   17.00    0.00    0.00    4.00    0.00    0.00    0.00    2.00
20:08:34       7   73.27    0.00   16.83    0.00    0.00    5.94    0.00    0.00    0.00    3.96
20:08:34       8   83.84    0.00   13.13    0.00    0.00    1.01    0.00    0.00    0.00    2.02
20:08:34       9   80.00    0.00   14.00    0.00    0.00    4.00    0.00    0.00    0.00    2.00
20:08:34      10   76.24    0.00   15.84    0.00    0.00    3.96    0.00    0.00    0.00    3.96
20:08:34      11   78.79    0.00   16.16    0.00    0.00    3.03    0.00    0.00    0.00    2.02
20:08:34      12   75.76    0.00   18.18    0.00    0.00    5.05    0.00    0.00    0.00    1.01
20:08:34      13   78.00    0.00   17.00    0.00    0.00    4.00    0.00    0.00    0.00    1.00
20:08:34      14   68.69    0.00   21.21    0.00    0.00    4.04    0.00    0.00    0.00    6.06
20:08:34      15   79.21    0.00   12.87    0.00    0.00    4.95    0.00    0.00    0.00    2.97
20:08:34      16   72.73    0.00   19.19    0.00    0.00    5.05    0.00    0.00    0.00    3.03
20:08:34      17   76.53    0.00   17.35    0.00    0.00    3.06    0.00    0.00    0.00    3.06
20:08:34      18   74.26    0.00   15.84    0.00    0.00    5.94    0.00    0.00    0.00    3.96
20:08:34      19   76.77    0.00   16.16    0.00    0.00    5.05    0.00    0.00    0.00    2.02
20:08:34      20   44.44    0.00   19.19    7.07    0.00    4.04    0.00    0.00    0.00   25.25
20:08:34      21   52.13    0.00   18.09   11.70    0.00    3.19    0.00    0.00    0.00   14.89
20:08:34      22   75.25    0.00   17.82    0.00    0.00    3.96    0.00    0.00    0.00    2.97
20:08:34      23   79.21    0.00   12.87    0.00    0.00    4.95    0.00    0.00    0.00    2.97
20:08:34      24   55.45    0.00   27.72    0.00    0.00   11.88    0.00    0.00    0.00    4.95
20:08:34      25   62.63    0.00   24.24    0.00    0.00    9.09    0.00    0.00    0.00    4.04
20:08:34      26   61.17    0.00   25.24    0.00    0.00    8.74    0.00    0.00    0.00    4.85
20:08:34      27   64.65    0.00   24.24    0.00    0.00    9.09    0.00    0.00    0.00    2.02
20:08:34      28   51.02    0.00   29.59    0.00    0.00    9.18    0.00    0.00    0.00   10.20
20:08:34      29   53.00    0.00   24.00    0.00    0.00    7.00    0.00    0.00    0.00   16.00
20:08:34      30   63.00    0.00   23.00    0.00    0.00    9.00    0.00    0.00    0.00    5.00
20:08:34      31   60.19    0.00   22.33    0.00    0.00   10.68    0.00    0.00    0.00    6.80

20:08:34     CPU    %usr   %nice    %sys %iowait    %irq   %soft  %steal  %guest  %gnice   %idle
20:08:35     all   70.09    0.00   17.78    1.20    0.00    6.02    0.00    0.00    0.00    4.91
20:08:35       0   73.40    0.00   13.83    0.00    0.00    2.13    0.00    0.00    0.00   10.64
20:08:35       1   77.78    0.00   14.14    0.00    0.00    4.04    0.00    0.00    0.00    4.04
20:08:35       2   75.00    0.00   18.00    0.00    0.00    3.00    0.00    0.00    0.00    4.00
20:08:35       3   73.47    0.00   16.33    0.00    0.00    7.14    0.00    0.00    0.00    3.06
20:08:35       4   67.35    0.00   17.35    3.06    0.00    2.04    0.00    0.00    0.00   10.20
20:08:35       5   17.44    0.00   29.07   27.91    0.00   11.63    0.00    0.00    0.00   13.95
20:08:35       6   70.71    0.00   18.18    0.00    0.00    7.07    0.00    0.00    0.00    4.04
20:08:35       7   78.79    0.00   13.13    0.00    0.00    4.04    0.00    0.00    0.00    4.04
20:08:35       8   78.00    0.00   17.00    0.00    0.00    3.00    0.00    0.00    0.00    2.00
20:08:35       9   81.00    0.00   14.00    0.00    0.00    4.00    0.00    0.00    0.00    1.00
20:08:35      10   72.28    0.00   16.83    0.99    0.00    3.96    0.00    0.00    0.00    5.94
20:08:35      11   74.49    0.00   16.33    0.00    0.00    5.10    0.00    0.00    0.00    4.08
20:08:35      12   77.78    0.00   14.14    0.00    0.00    7.07    0.00    0.00    0.00    1.01
20:08:35      13   74.26    0.00   19.80    0.00    0.00    3.96    0.00    0.00    0.00    1.98
20:08:35      14   76.77    0.00   14.14    0.00    0.00    7.07    0.00    0.00    0.00    2.02
20:08:35      15   78.22    0.00   15.84    0.00    0.00    2.97    0.00    0.00    0.00    2.97
20:08:35      16   76.53    0.00   15.31    0.00    0.00    2.04    0.00    0.00    0.00    6.12
20:08:35      17   71.57    0.00   17.65    0.00    0.00    5.88    0.00    0.00    0.00    4.90
20:08:35      18   73.47    0.00   16.33    0.00    0.00    7.14    0.00    0.00    0.00    3.06
20:08:35      19   78.00    0.00   15.00    0.00    0.00    3.00    0.00    0.00    0.00    4.00
20:08:35      20   67.71    0.00   15.62    7.29    0.00    2.08    0.00    0.00    0.00    7.29
20:08:35      21   70.10    0.00   17.53    3.09    0.00    0.00    0.00    0.00    0.00    9.28
20:08:35      22   77.78    0.00   16.16    0.00    0.00    3.03    0.00    0.00    0.00    3.03
20:08:35      23   78.79    0.00   12.12    0.00    0.00    5.05    0.00    0.00    0.00    4.04
20:08:35      24   61.39    0.00   17.82    0.00    0.00   14.85    0.00    0.00    0.00    5.94
20:08:35      25   58.42    0.00   23.76    0.00    0.00   12.87    0.00    0.00    0.00    4.95
20:08:35      26   62.89    0.00   21.65    0.00    0.00    9.28    0.00    0.00    0.00    6.19
20:08:35      27   64.00    0.00   20.00    0.00    0.00    9.00    0.00    0.00    0.00    7.00
20:08:35      28   58.59    0.00   27.27    0.00    0.00   10.10    0.00    0.00    0.00    4.04
20:08:35      29   63.64    0.00   18.18    0.00    0.00   11.11    0.00    0.00    0.00    7.07
20:08:35      30   65.00    0.00   20.00    0.00    0.00   11.00    0.00    0.00    0.00    4.00
20:08:35      31   61.22    0.00   27.55    0.00    0.00    8.16    0.00    0.00    0.00    3.06

20:08:35     CPU    %usr   %nice    %sys %iowait    %irq   %soft  %steal  %guest  %gnice   %idle
20:08:36     all   68.13    0.00   18.33    1.33    0.00    5.58    0.00    0.00    0.00    6.63
20:08:36       0   79.80    0.00   12.12    0.00    0.00    3.03    0.00    0.00    0.00    5.05
20:08:36       1   78.00    0.00   15.00    0.00    0.00    5.00    0.00    0.00    0.00    2.00
20:08:36       2   76.53    0.00   17.35    0.00    0.00    4.08    0.00    0.00    0.00    2.04
20:08:36       3   74.75    0.00   17.17    0.00    0.00    6.06    0.00    0.00    0.00    2.02
20:08:36       4   50.00    0.00   14.89   11.70    0.00    4.26    0.00    0.00    0.00   19.15
20:08:36       5   51.52    0.00   18.18    7.07    0.00    2.02    0.00    0.00    0.00   21.21
20:08:36       6   72.45    0.00   22.45    0.00    0.00    3.06    0.00    0.00    0.00    2.04
20:08:36       7   71.13    0.00   22.68    0.00    0.00    4.12    0.00    0.00    0.00    2.06
20:08:36       8   72.00    0.00   22.00    0.00    0.00    4.00    0.00    0.00    0.00    2.00
20:08:36       9   81.00    0.00   13.00    0.00    0.00    4.00    0.00    0.00    0.00    2.00
20:08:36      10   81.82    0.00   15.15    2.02    0.00    0.00    0.00    0.00    0.00    1.01
20:08:36      11   78.79    0.00   14.14    0.00    0.00    3.03    0.00    0.00    0.00    4.04
20:08:36      12   73.74    0.00   14.14    0.00    0.00    6.06    0.00    0.00    0.00    6.06
20:08:36      13   76.24    0.00   15.84    0.00    0.00    4.95    0.00    0.00    0.00    2.97
20:08:36      14   80.81    0.00   12.12    0.00    0.00    4.04    0.00    0.00    0.00    3.03
20:08:36      15   78.00    0.00   14.00    0.00    0.00    5.00    0.00    0.00    0.00    3.00
20:08:36      16   79.80    0.00   13.13    0.00    0.00    4.04    0.00    0.00    0.00    3.03
20:08:36      17   76.53    0.00   15.31    0.00    0.00    7.14    0.00    0.00    0.00    1.02
20:08:36      18   74.00    0.00   20.00    0.00    0.00    4.00    0.00    0.00    0.00    2.00
20:08:36      19   83.67    0.00   10.20    0.00    0.00    5.10    0.00    0.00    0.00    1.02
20:08:36      20   37.36    0.00   16.48   10.99    0.00    2.20    0.00    0.00    0.00   32.97
20:08:36      21   40.22    0.00   16.30   13.04    0.00    3.26    0.00    0.00    0.00   27.17
20:08:36      22   72.73    0.00   19.19    0.00    0.00    6.06    0.00    0.00    0.00    2.02
20:08:36      23   78.00    0.00   16.00    0.00    0.00    4.00    0.00    0.00    0.00    2.00
20:08:36      24   52.04    0.00   30.61    0.00    0.00   10.20    0.00    0.00    0.00    7.14
20:08:36      25   52.94    0.00   27.45    0.00    0.00   11.76    0.00    0.00    0.00    7.84
20:08:36      26   61.62    0.00   24.24    0.00    0.00    9.09    0.00    0.00    0.00    5.05
20:08:36      27   54.90    0.00   21.57    0.00    0.00   10.78    0.00    0.00    0.00   12.75
20:08:36      28   58.16    0.00   24.49    0.00    0.00   10.20    0.00    0.00    0.00    7.14
20:08:36      29   59.60    0.00   23.23    0.00    0.00   10.10    0.00    0.00    0.00    7.07
20:08:36      30   59.18    0.00   24.49    0.00    0.00    8.16    0.00    0.00    0.00    8.16
20:08:36      31   57.58    0.00   23.23    0.00    0.00    9.09    0.00    0.00    0.00   10.10

20:08:36     CPU    %usr   %nice    %sys %iowait    %irq   %soft  %steal  %guest  %gnice   %idle
20:08:37     all   67.29    0.00   18.38    1.23    0.00    5.85    0.00    0.00    0.00    7.24
20:08:37       0   76.53    0.00   17.35    0.00    0.00    5.10    0.00    0.00    0.00    1.02
20:08:37       1   79.59    0.00   16.33    0.00    0.00    3.06    0.00    0.00    0.00    1.02
20:08:37       2   76.24    0.00   16.83    0.00    0.00    5.94    0.00    0.00    0.00    0.99
20:08:37       3   74.26    0.00   19.80    0.00    0.00    4.95    0.00    0.00    0.00    0.99
20:08:37       4   38.30    0.00   11.70   10.64    0.00    5.32    0.00    0.00    0.00   34.04
20:08:37       5   36.56    0.00   13.98   11.83    0.00    5.38    0.00    0.00    0.00   32.26
20:08:37       6   76.24    0.00   16.83    0.00    0.00    4.95    0.00    0.00    0.00    1.98
20:08:37       7   76.00    0.00   17.00    0.00    0.00    6.00    0.00    0.00    0.00    1.00
20:08:37       8   82.00    0.00   15.00    0.00    0.00    2.00    0.00    0.00    0.00    1.00
20:08:37       9   75.76    0.00   20.20    0.00    0.00    3.03    0.00    0.00    0.00    1.01
20:08:37      10   78.79    0.00   16.16    0.00    0.00    0.00    0.00    0.00    0.00    5.05
20:08:37      11   73.00    0.00   22.00    0.00    0.00    4.00    0.00    0.00    0.00    1.00
20:08:37      12   82.00    0.00   11.00    0.00    0.00    3.00    0.00    0.00    0.00    4.00
20:08:37      13   75.26    0.00   14.43    0.00    0.00    3.09    0.00    0.00    0.00    7.22
20:08:37      14   80.00    0.00   17.00    0.00    0.00    2.00    0.00    0.00    0.00    1.00
20:08:37      15   73.74    0.00   16.16    0.00    0.00    4.04    0.00    0.00    0.00    6.06
20:08:37      16   82.00    0.00   11.00    0.00    0.00    6.00    0.00    0.00    0.00    1.00
20:08:37      17   71.72    0.00   22.22    0.00    0.00    4.04    0.00    0.00    0.00    2.02
20:08:37      18   70.41    0.00   21.43    0.00    0.00    7.14    0.00    0.00    0.00    1.02
20:08:37      19   75.76    0.00   18.18    0.00    0.00    6.06    0.00    0.00    0.00    0.00
20:08:37      20   42.86    0.00    9.89    8.79    0.00    2.20    0.00    0.00    0.00   36.26
20:08:37      21   37.11    0.00   17.53   10.31    0.00    4.12    0.00    0.00    0.00   30.93
20:08:37      22   81.19    0.00   13.86    0.00    0.00    2.97    0.00    0.00    0.00    1.98
20:08:37      23   76.77    0.00   15.15    0.00    0.00    7.07    0.00    0.00    0.00    1.01
20:08:37      24   58.59    0.00   24.24    0.00    0.00   10.10    0.00    0.00    0.00    7.07
20:08:37      25   54.46    0.00   29.70    0.00    0.00    7.92    0.00    0.00    0.00    7.92
20:08:37      26   53.00    0.00   25.00    0.00    0.00   13.00    0.00    0.00    0.00    9.00
20:08:37      27   55.00    0.00   22.00    0.00    0.00   12.00    0.00    0.00    0.00   11.00
20:08:37      28   63.27    0.00   22.45    0.00    0.00   10.20    0.00    0.00    0.00    4.08
20:08:37      29   59.80    0.00   24.51    0.00    0.00   10.78    0.00    0.00    0.00    4.90
20:08:37      30   55.67    0.00   24.74    0.00    0.00   10.31    0.00    0.00    0.00    9.28
20:08:37      31   55.00    0.00   23.00    0.00    0.00   11.00    0.00    0.00    0.00   11.00

20:08:37     CPU    %usr   %nice    %sys %iowait    %irq   %soft  %steal  %guest  %gnice   %idle
20:08:38     all   67.92    0.00   17.80    1.29    0.00    5.88    0.00    0.00    0.00    7.11
20:08:38       0   76.00    0.00   20.00    0.00    0.00    3.00    0.00    0.00    0.00    1.00
20:08:38       1   72.55    0.00   19.61    0.00    0.00    5.88    0.00    0.00    0.00    1.96
20:08:38       2   78.22    0.00   15.84    0.00    0.00    3.96    0.00    0.00    0.00    1.98
20:08:38       3   75.49    0.00   15.69    0.00    0.00    5.88    0.00    0.00    0.00    2.94
20:08:38       4   41.94    0.00   17.20    9.68    0.00    2.15    0.00    0.00    0.00   29.03
20:08:38       5   46.88    0.00   12.50    9.38    0.00    4.17    0.00    0.00    0.00   27.08
20:08:38       6   79.00    0.00   15.00    0.00    0.00    4.00    0.00    0.00    0.00    2.00
20:08:38       7   72.00    0.00   18.00    0.00    0.00    5.00    0.00    0.00    0.00    5.00
20:08:38       8   81.82    0.00    9.09    0.00    0.00    3.03    0.00    0.00    0.00    6.06
20:08:38       9   73.27    0.00   16.83    0.00    0.00    3.96    0.00    0.00    0.00    5.94
20:08:38      10   76.24    0.00   15.84    0.00    0.00    3.96    0.00    0.00    0.00    3.96
20:08:38      11   79.41    0.00   13.73    0.00    0.00    4.90    0.00    0.00    0.00    1.96
20:08:38      12   80.20    0.00   14.85    0.00    0.00    2.97    0.00    0.00    0.00    1.98
20:08:38      13   77.45    0.00   14.71    0.00    0.00    5.88    0.00    0.00    0.00    1.96
20:08:38      14   80.00    0.00   16.00    0.00    0.00    2.00    0.00    0.00    0.00    2.00
20:08:38      15   79.00    0.00   14.00    0.00    0.00    4.00    0.00    0.00    0.00    3.00
20:08:38      16   73.27    0.00   20.79    0.00    0.00    3.96    0.00    0.00    0.00    1.98
20:08:38      17   75.76    0.00   16.16    0.00    0.00    5.05    0.00    0.00    0.00    3.03
20:08:38      18   74.51    0.00   17.65    0.00    0.00    5.88    0.00    0.00    0.00    1.96
20:08:38      19   74.26    0.00   17.82    0.00    0.00    5.94    0.00    0.00    0.00    1.98
20:08:38      20   40.00    0.00   13.33   10.00    0.00    2.22    0.00    0.00    0.00   34.44
20:08:38      21   44.68    0.00   10.64   14.89    0.00    5.32    0.00    0.00    0.00   24.47
20:08:38      22   73.47    0.00   18.37    0.00    0.00    4.08    0.00    0.00    0.00    4.08
20:08:38      23   74.00    0.00   18.00    0.00    0.00    5.00    0.00    0.00    0.00    3.00
20:08:38      24   59.00    0.00   25.00    0.00    0.00   11.00    0.00    0.00    0.00    5.00
20:08:38      25   54.46    0.00   27.72    0.00    0.00   12.87    0.00    0.00    0.00    4.95
20:08:38      26   68.00    0.00   20.00    0.00    0.00    8.00    0.00    0.00    0.00    4.00
20:08:38      27   57.73    0.00   23.71    0.00    0.00    9.28    0.00    0.00    0.00    9.28
20:08:38      28   53.12    0.00   19.79    0.00    0.00   11.46    0.00    0.00    0.00   15.62
20:08:38      29   55.45    0.00   25.74    0.00    0.00   10.89    0.00    0.00    0.00    7.92
20:08:38      30   61.39    0.00   22.77    0.00    0.00    9.90    0.00    0.00    0.00    5.94
20:08:38      31   56.57    0.00   22.22    0.00    0.00   12.12    0.00    0.00    0.00    9.09

20:08:38     CPU    %usr   %nice    %sys %iowait    %irq   %soft  %steal  %guest  %gnice   %idle
20:08:39     all   69.61    0.00   18.17    0.82    0.00    5.70    0.00    0.00    0.00    5.70
20:08:39       0   65.66    0.00   26.26    0.00    0.00    4.04    0.00    0.00    0.00    4.04
20:08:39       1   72.16    0.00   14.43    0.00    0.00    5.15    0.00    0.00    0.00    8.25
20:08:39       2   68.69    0.00   21.21    0.00    0.00    5.05    0.00    0.00    0.00    5.05
20:08:39       3   80.61    0.00   10.20    0.00    0.00    6.12    0.00    0.00    0.00    3.06
20:08:39       4   66.67    0.00   12.12    5.05    0.00    5.05    0.00    0.00    0.00   11.11
20:08:39       5   78.57    0.00   11.22    2.04    0.00    1.02    0.00    0.00    0.00    7.14
20:08:39       6   75.25    0.00   15.84    0.00    0.00    4.95    0.00    0.00    0.00    3.96
20:08:39       7   79.00    0.00   15.00    0.00    0.00    3.00    0.00    0.00    0.00    3.00
20:08:39       8   78.57    0.00   16.33    0.00    0.00    3.06    0.00    0.00    0.00    2.04
20:08:39       9   78.35    0.00   16.49    0.00    0.00    2.06    0.00    0.00    0.00    3.09
20:08:39      10   77.78    0.00   16.16    0.00    0.00    4.04    0.00    0.00    0.00    2.02
20:08:39      11   77.32    0.00   16.49    0.00    0.00    4.12    0.00    0.00    0.00    2.06
20:08:39      12   73.74    0.00   18.18    0.00    0.00    3.03    0.00    0.00    0.00    5.05
20:08:39      13   80.00    0.00   13.00    0.00    0.00    4.00    0.00    0.00    0.00    3.00
20:08:39      14   77.00    0.00   14.00    1.00    0.00    5.00    0.00    0.00    0.00    3.00
20:08:39      15   80.20    0.00   13.86    0.00    0.00    1.98    0.00    0.00    0.00    3.96
20:08:39      16   65.00    0.00   28.00    0.00    0.00    4.00    0.00    0.00    0.00    3.00
20:08:39      17   68.32    0.00   21.78    0.00    0.00    3.96    0.00    0.00    0.00    5.94
20:08:39      18   72.45    0.00   17.35    0.00    0.00    6.12    0.00    0.00    0.00    4.08
20:08:39      19   73.27    0.00   19.80    0.00    0.00    3.96    0.00    0.00    0.00    2.97
20:08:39      20   49.47    0.00   11.58   14.74    0.00    4.21    0.00    0.00    0.00   20.00
20:08:39      21   70.10    0.00   14.43    4.12    0.00    0.00    0.00    0.00    0.00   11.34
20:08:39      22   74.00    0.00   17.00    0.00    0.00    4.00    0.00    0.00    0.00    5.00
20:08:39      23   73.00    0.00   19.00    0.00    0.00    5.00    0.00    0.00    0.00    3.00
20:08:39      24   62.38    0.00   18.81    0.00    0.00   14.85    0.00    0.00    0.00    3.96
20:08:39      25   61.00    0.00   22.00    0.00    0.00   11.00    0.00    0.00    0.00    6.00
20:08:39      26   54.55    0.00   24.24    0.00    0.00   12.12    0.00    0.00    0.00    9.09
20:08:39      27   51.52    0.00   25.25    0.00    0.00   12.12    0.00    0.00    0.00   11.11
20:08:39      28   65.35    0.00   20.79    0.00    0.00    7.92    0.00    0.00    0.00    5.94
20:08:39      29   63.37    0.00   21.78    0.00    0.00    9.90    0.00    0.00    0.00    4.95
20:08:39      30   52.53    0.00   27.27    0.00    0.00   13.13    0.00    0.00    0.00    7.07
20:08:39      31   61.39    0.00   20.79    0.00    0.00    7.92    0.00    0.00    0.00    9.90

20:08:39     CPU    %usr   %nice    %sys %iowait    %irq   %soft  %steal  %guest  %gnice   %idle
20:08:40     all   70.06    0.00   19.22    0.00    0.00    5.58    0.00    0.00    0.00    5.14
20:08:40       0   58.33    0.00   35.42    0.00    0.00    3.12    0.00    0.00    0.00    3.12
20:08:40       1   72.92    0.00   14.58    0.00    0.00    5.21    0.00    0.00    0.00    7.29
20:08:40       2   73.00    0.00   18.00    0.00    0.00    4.00    0.00    0.00    0.00    5.00
20:08:40       3   71.72    0.00   20.20    0.00    0.00    3.03    0.00    0.00    0.00    5.05
20:08:40       4   78.22    0.00   15.84    0.00    0.00    0.00    0.00    0.00    0.00    5.94
20:08:40       5   80.20    0.00   13.86    0.00    0.00    1.98    0.00    0.00    0.00    3.96
20:08:40       6   76.77    0.00   15.15    0.00    0.00    2.02    0.00    0.00    0.00    6.06
20:08:40       7   73.47    0.00   14.29    0.00    0.00    4.08    0.00    0.00    0.00    8.16
20:08:40       8   77.23    0.00   13.86    0.00    0.00    4.95    0.00    0.00    0.00    3.96
20:08:40       9   72.73    0.00   18.18    0.00    0.00    5.05    0.00    0.00    0.00    4.04
20:08:40      10   73.00    0.00   18.00    0.00    0.00    4.00    0.00    0.00    0.00    5.00
20:08:40      11   71.29    0.00   16.83    0.00    0.00    5.94    0.00    0.00    0.00    5.94
20:08:40      12   74.00    0.00   18.00    0.00    0.00    4.00    0.00    0.00    0.00    4.00
20:08:40      13   79.38    0.00   12.37    0.00    0.00    4.12    0.00    0.00    0.00    4.12
20:08:40      14   76.77    0.00   14.14    0.00    0.00    4.04    0.00    0.00    0.00    5.05
20:08:40      15   72.82    0.00   17.48    0.00    0.00    3.88    0.00    0.00    0.00    5.83
20:08:40      16   63.00    0.00   27.00    0.00    0.00    5.00    0.00    0.00    0.00    5.00
20:08:40      17   72.16    0.00   13.40    0.00    0.00    7.22    0.00    0.00    0.00    7.22
20:08:40      18   73.47    0.00   16.33    0.00    0.00    4.08    0.00    0.00    0.00    6.12
20:08:40      19   74.49    0.00   17.35    0.00    0.00    3.06    0.00    0.00    0.00    5.10
20:08:40      20   75.27    0.00   13.98    0.00    0.00    2.15    0.00    0.00    0.00    8.60
20:08:40      21   68.63    0.00   20.59    0.00    0.00    3.92    0.00    0.00    0.00    6.86
20:08:40      22   72.82    0.00   16.50    0.00    0.00    2.91    0.00    0.00    0.00    7.77
20:08:40      23   71.13    0.00   16.49    0.00    0.00    4.12    0.00    0.00    0.00    8.25
20:08:40      24   61.39    0.00   27.72    0.00    0.00    6.93    0.00    0.00    0.00    3.96
20:08:40      25   60.61    0.00   23.23    0.00    0.00   13.13    0.00    0.00    0.00    3.03
20:08:40      26   65.00    0.00   24.00    0.00    0.00    8.00    0.00    0.00    0.00    3.00
20:08:40      27   58.16    0.00   24.49    0.00    0.00   14.29    0.00    0.00    0.00    3.06
20:08:40      28   61.62    0.00   24.24    0.00    0.00   12.12    0.00    0.00    0.00    2.02
20:08:40      29   62.00    0.00   26.00    0.00    0.00   10.00    0.00    0.00    0.00    2.00
20:08:40      30   61.86    0.00   24.74    0.00    0.00    8.25    0.00    0.00    0.00    5.15
20:08:40      31   58.42    0.00   22.77    0.00    0.00   13.86    0.00    0.00    0.00    4.95

20:08:40     CPU    %usr   %nice    %sys %iowait    %irq   %soft  %steal  %guest  %gnice   %idle
20:08:41     all   68.63    0.00   19.51    0.00    0.00    5.87    0.00    0.00    0.00    5.99
20:08:41       0   71.00    0.00   17.00    0.00    0.00    4.00    0.00    0.00    0.00    8.00
20:08:41       1   69.70    0.00   17.17    0.00    0.00    7.07    0.00    0.00    0.00    6.06
20:08:41       2   71.43    0.00   16.33    0.00    0.00    5.10    0.00    0.00    0.00    7.14
20:08:41       3   70.30    0.00   18.81    0.00    0.00    2.97    0.00    0.00    0.00    7.92
20:08:41       4   75.76    0.00   13.13    0.00    0.00    5.05    0.00    0.00    0.00    6.06
20:08:41       5   73.74    0.00   13.13    0.00    0.00    5.05    0.00    0.00    0.00    8.08
20:08:41       6   72.92    0.00   18.75    0.00    0.00    2.08    0.00    0.00    0.00    6.25
20:08:41       7   75.76    0.00   14.14    0.00    0.00    2.02    0.00    0.00    0.00    8.08
20:08:41       8   77.23    0.00   14.85    0.00    0.00    2.97    0.00    0.00    0.00    4.95
20:08:41       9   70.00    0.00   19.00    0.00    0.00    5.00    0.00    0.00    0.00    6.00
20:08:41      10   77.00    0.00   14.00    0.00    0.00    4.00    0.00    0.00    0.00    5.00
20:08:41      11   66.34    0.00   16.83    0.00    0.00    4.95    0.00    0.00    0.00   11.88
20:08:41      12   72.55    0.00   16.67    0.00    0.00    5.88    0.00    0.00    0.00    4.90
20:08:41      13   76.00    0.00   16.00    0.00    0.00    4.00    0.00    0.00    0.00    4.00
20:08:41      14   70.41    0.00   17.35    0.00    0.00    8.16    0.00    0.00    0.00    4.08
20:08:41      15   71.00    0.00   20.00    0.00    0.00    5.00    0.00    0.00    0.00    4.00
20:08:41      16   65.05    0.00   27.18    0.00    0.00    1.94    0.00    0.00    0.00    5.83
20:08:41      17   71.29    0.00   19.80    0.00    0.00    2.97    0.00    0.00    0.00    5.94
20:08:41      18   67.68    0.00   18.18    0.00    0.00    6.06    0.00    0.00    0.00    8.08
20:08:41      19   72.28    0.00   15.84    0.00    0.00    3.96    0.00    0.00    0.00    7.92
20:08:41      20   78.43    0.00   11.76    0.00    0.00    4.90    0.00    0.00    0.00    4.90
20:08:41      21   66.02    0.00   22.33    0.00    0.00    4.85    0.00    0.00    0.00    6.80
20:08:41      22   56.57    0.00   35.35    0.00    0.00    3.03    0.00    0.00    0.00    5.05
20:08:41      23   67.35    0.00   17.35    0.00    0.00    5.10    0.00    0.00    0.00   10.20
20:08:41      24   65.66    0.00   17.17    0.00    0.00   13.13    0.00    0.00    0.00    4.04
20:08:41      25   59.41    0.00   28.71    0.00    0.00    6.93    0.00    0.00    0.00    4.95
20:08:41      26   63.64    0.00   23.23    0.00    0.00    9.09    0.00    0.00    0.00    4.04
20:08:41      27   59.00    0.00   25.00    0.00    0.00   12.00    0.00    0.00    0.00    4.00
20:08:41      28   62.38    0.00   24.75    0.00    0.00    9.90    0.00    0.00    0.00    2.97
20:08:41      29   55.34    0.00   31.07    0.00    0.00    9.71    0.00    0.00    0.00    3.88
20:08:41      30   64.08    0.00   20.39    0.00    0.00   10.68    0.00    0.00    0.00    4.85
20:08:41      31   61.62    0.00   22.22    0.00    0.00   10.10    0.00    0.00    0.00    6.06

20:08:41     CPU    %usr   %nice    %sys %iowait    %irq   %soft  %steal  %guest  %gnice   %idle
20:08:42     all   69.31    0.00   19.36    0.00    0.00    5.73    0.00    0.00    0.00    5.60
20:08:42       0   72.28    0.00   14.85    0.00    0.00    2.97    0.00    0.00    0.00    9.90
20:08:42       1   69.00    0.00   19.00    0.00    0.00    4.00    0.00    0.00    0.00    8.00
20:08:42       2   71.72    0.00   19.19    0.00    0.00    2.02    0.00    0.00    0.00    7.07
20:08:42       3   73.53    0.00   14.71    0.00    0.00    4.90    0.00    0.00    0.00    6.86
20:08:42       4   72.00    0.00   18.00    0.00    0.00    3.00    0.00    0.00    0.00    7.00
20:08:42       5   67.68    0.00   17.17    0.00    0.00    6.06    0.00    0.00    0.00    9.09
20:08:42       6   73.20    0.00   16.49    0.00    0.00    4.12    0.00    0.00    0.00    6.19
20:08:42       7   58.59    0.00   34.34    0.00    0.00    4.04    0.00    0.00    0.00    3.03
20:08:42       8   73.74    0.00   17.17    0.00    0.00    5.05    0.00    0.00    0.00    4.04
20:08:42       9   71.43    0.00   15.31    0.00    0.00    3.06    0.00    0.00    0.00   10.20
20:08:42      10   77.32    0.00   11.34    0.00    0.00    5.15    0.00    0.00    0.00    6.19
20:08:42      11   70.41    0.00   19.39    0.00    0.00    5.10    0.00    0.00    0.00    5.10
20:08:42      12   80.41    0.00   13.40    0.00    0.00    2.06    0.00    0.00    0.00    4.12
20:08:42      13   76.53    0.00   14.29    0.00    0.00    5.10    0.00    0.00    0.00    4.08
20:08:42      14   74.00    0.00   15.00    0.00    0.00    4.00    0.00    0.00    0.00    7.00
20:08:42      15   76.00    0.00   16.00    0.00    0.00    3.00    0.00    0.00    0.00    5.00
20:08:42      16   67.33    0.00   14.85    0.00    0.00    4.95    0.00    0.00    0.00   12.87
20:08:42      17   72.73    0.00   16.16    0.00    0.00    3.03    0.00    0.00    0.00    8.08
20:08:42      18   73.47    0.00   19.39    0.00    0.00    2.04    0.00    0.00    0.00    5.10
20:08:42      19   68.69    0.00   20.20    0.00    0.00    4.04    0.00    0.00    0.00    7.07
20:08:42      20   74.75    0.00   15.15    0.00    0.00    2.02    0.00    0.00    0.00    8.08
20:08:42      21   77.55    0.00   12.24    0.00    0.00    3.06    0.00    0.00    0.00    7.14
20:08:42      22   81.19    0.00    9.90    0.00    0.00    2.97    0.00    0.00    0.00    5.94
20:08:42      23   63.64    0.00   34.34    0.00    0.00    1.01    0.00    0.00    0.00    1.01
20:08:42      24   60.00    0.00   23.00    0.00    0.00   16.00    0.00    0.00    0.00    1.00
20:08:42      25   61.00    0.00   25.00    0.00    0.00   12.00    0.00    0.00    0.00    2.00
20:08:42      26   58.42    0.00   27.72    0.00    0.00    9.90    0.00    0.00    0.00    3.96
20:08:42      27   56.57    0.00   28.28    0.00    0.00    9.09    0.00    0.00    0.00    6.06
20:08:42      28   64.71    0.00   24.51    0.00    0.00    8.82    0.00    0.00    0.00    1.96
20:08:42      29   61.62    0.00   24.24    0.00    0.00   13.13    0.00    0.00    0.00    1.01
20:08:42      30   55.10    0.00   28.57    0.00    0.00   13.27    0.00    0.00    0.00    3.06
20:08:42      31   64.00    0.00   20.00    0.00    0.00   14.00    0.00    0.00    0.00    2.00

20:08:42     CPU    %usr   %nice    %sys %iowait    %irq   %soft  %steal  %guest  %gnice   %idle
20:08:43     all   69.82    0.00   19.21    0.03    0.00    6.14    0.00    0.00    0.00    4.79
20:08:43       0   74.75    0.00   12.12    0.00    0.00    5.05    0.00    0.00    0.00    8.08
20:08:43       1   72.55    0.00   17.65    0.00    0.00    3.92    0.00    0.00    0.00    5.88
20:08:43       2   74.49    0.00   12.24    0.00    0.00    8.16    0.00    0.00    0.00    5.10
20:08:43       3   72.45    0.00   16.33    0.00    0.00    6.12    0.00    0.00    0.00    5.10
20:08:43       4   70.00    0.00   21.00    1.00    0.00    2.00    0.00    0.00    0.00    6.00
20:08:43       5   69.70    0.00   20.20    0.00    0.00    5.05    0.00    0.00    0.00    5.05
20:08:43       6   71.72    0.00   17.17    0.00    0.00    4.04    0.00    0.00    0.00    7.07
20:08:43       7   58.59    0.00   35.35    0.00    0.00    4.04    0.00    0.00    0.00    2.02
20:08:43       8   80.20    0.00   13.86    0.00    0.00    0.99    0.00    0.00    0.00    4.95
20:08:43       9   74.49    0.00   16.33    0.00    0.00    5.10    0.00    0.00    0.00    4.08
20:08:43      10   75.76    0.00   16.16    0.00    0.00    3.03    0.00    0.00    0.00    5.05
20:08:43      11   74.26    0.00   15.84    0.00    0.00    2.97    0.00    0.00    0.00    6.93
20:08:43      12   68.32    0.00   16.83    0.00    0.00    9.90    0.00    0.00    0.00    4.95
20:08:43      13   76.00    0.00   17.00    0.00    0.00    5.00    0.00    0.00    0.00    2.00
20:08:43      14   74.00    0.00   16.00    0.00    0.00    4.00    0.00    0.00    0.00    6.00
20:08:43      15   77.00    0.00   16.00    0.00    0.00    3.00    0.00    0.00    0.00    4.00
20:08:43      16   70.30    0.00   15.84    0.00    0.00    4.95    0.00    0.00    0.00    8.91
20:08:43      17   73.74    0.00   18.18    0.00    0.00    5.05    0.00    0.00    0.00    3.03
20:08:43      18   72.45    0.00   17.35    0.00    0.00    4.08    0.00    0.00    0.00    6.12
20:08:43      19   74.51    0.00   15.69    0.00    0.00    4.90    0.00    0.00    0.00    4.90
20:08:43      20   78.00    0.00   15.00    0.00    0.00    2.00    0.00    0.00    0.00    5.00
20:08:43      21   77.23    0.00   11.88    0.00    0.00    3.96    0.00    0.00    0.00    6.93
20:08:43      22   76.04    0.00   13.54    0.00    0.00    3.12    0.00    0.00    0.00    7.29
20:08:43      23   59.80    0.00   28.43    0.00    0.00    8.82    0.00    0.00    0.00    2.94
20:08:43      24   67.65    0.00   20.59    0.00    0.00    9.80    0.00    0.00    0.00    1.96
20:08:43      25   64.36    0.00   20.79    0.00    0.00   12.87    0.00    0.00    0.00    1.98
20:08:43      26   59.60    0.00   25.25    0.00    0.00   11.11    0.00    0.00    0.00    4.04
20:08:43      27   61.46    0.00   22.92    0.00    0.00   11.46    0.00    0.00    0.00    4.17
20:08:43      28   56.57    0.00   29.29    0.00    0.00   11.11    0.00    0.00    0.00    3.03
20:08:43      29   61.76    0.00   25.49    0.00    0.00    8.82    0.00    0.00    0.00    3.92
20:08:43      30   56.57    0.00   28.28    0.00    0.00   11.11    0.00    0.00    0.00    4.04
20:08:43      31   60.00    0.00   26.00    0.00    0.00   11.00    0.00    0.00    0.00    3.00

20:08:43     CPU    %usr   %nice    %sys %iowait    %irq   %soft  %steal  %guest  %gnice   %idle
20:08:44     all   69.09    0.00   18.30    0.50    0.00    5.35    0.00    0.00    0.00    6.76
20:08:44       0   74.49    0.00   18.37    0.00    0.00    3.06    0.00    0.00    0.00    4.08
20:08:44       1   70.30    0.00   17.82    0.00    0.00    6.93    0.00    0.00    0.00    4.95
20:08:44       2   73.00    0.00   17.00    0.00    0.00    6.00    0.00    0.00    0.00    4.00
20:08:44       3   75.49    0.00   14.71    0.00    0.00    4.90    0.00    0.00    0.00    4.90
20:08:44       4   64.58    0.00   13.54    3.12    0.00    4.17    0.00    0.00    0.00   14.58
20:08:44       5   58.51    0.00   17.02    4.26    0.00    4.26    0.00    0.00    0.00   15.96
20:08:44       6   74.00    0.00   15.00    0.00    0.00    5.00    0.00    0.00    0.00    6.00
20:08:44       7   63.00    0.00   31.00    0.00    0.00    3.00    0.00    0.00    0.00    3.00
20:08:44       8   76.00    0.00   16.00    0.00    0.00    2.00    0.00    0.00    0.00    6.00
20:08:44       9   76.24    0.00   13.86    0.00    0.00    1.98    0.00    0.00    0.00    7.92
20:08:44      10   75.25    0.00   18.81    0.00    0.00    1.98    0.00    0.00    0.00    3.96
20:08:44      11   72.28    0.00   16.83    0.00    0.00    3.96    0.00    0.00    0.00    6.93
20:08:44      12   76.00    0.00   16.00    0.00    0.00    2.00    0.00    0.00    0.00    6.00
20:08:44      13   69.39    0.00   19.39    0.00    0.00    6.12    0.00    0.00    0.00    5.10
20:08:44      14   77.00    0.00   12.00    0.00    0.00    6.00    0.00    0.00    0.00    5.00
20:08:44      15   75.00    0.00   16.00    1.00    0.00    0.00    0.00    0.00    0.00    8.00
20:08:44      16   75.76    0.00   16.16    0.00    0.00    5.05    0.00    0.00    0.00    3.03
20:08:44      17   76.00    0.00   18.00    0.00    0.00    2.00    0.00    0.00    0.00    4.00
20:08:44      18   75.00    0.00   15.00    0.00    0.00    4.00    0.00    0.00    0.00    6.00
20:08:44      19   78.00    0.00   16.00    0.00    0.00    3.00    0.00    0.00    0.00    3.00
20:08:44      20   66.34    0.00   11.88    3.96    0.00    4.95    0.00    0.00    0.00   12.87
20:08:44      21   64.65    0.00   11.11    4.04    0.00    5.05    0.00    0.00    0.00   15.15
20:08:44      22   73.20    0.00   17.53    0.00    0.00    5.15    0.00    0.00    0.00    4.12
20:08:44      23   64.65    0.00   28.28    0.00    0.00    3.03    0.00    0.00    0.00    4.04
20:08:44      24   59.00    0.00   22.00    0.00    0.00   11.00    0.00    0.00    0.00    8.00
20:08:44      25   63.37    0.00   21.78    0.00    0.00    8.91    0.00    0.00    0.00    5.94
20:08:44      26   64.95    0.00   20.62    0.00    0.00    8.25    0.00    0.00    0.00    6.19
20:08:44      27   57.00    0.00   23.00    0.00    0.00    9.00    0.00    0.00    0.00   11.00
20:08:44      28   54.55    0.00   26.26    0.00    0.00   11.11    0.00    0.00    0.00    8.08
20:08:44      29   65.00    0.00   20.00    0.00    0.00    8.00    0.00    0.00    0.00    7.00
20:08:44      30   58.76    0.00   22.68    0.00    0.00   12.37    0.00    0.00    0.00    6.19
20:08:44      31   62.63    0.00   22.22    0.00    0.00    9.09    0.00    0.00    0.00    6.06

20:08:44     CPU    %usr   %nice    %sys %iowait    %irq   %soft  %steal  %guest  %gnice   %idle
20:08:45     all   68.41    0.00   18.31    1.32    0.00    5.44    0.00    0.00    0.00    6.51
20:08:45       0   74.00    0.00   16.00    1.00    0.00    4.00    0.00    0.00    0.00    5.00
20:08:45       1   74.49    0.00   15.31    0.00    0.00    6.12    0.00    0.00    0.00    4.08
20:08:45       2   78.00    0.00   14.00    0.00    0.00    5.00    0.00    0.00    0.00    3.00
20:08:45       3   80.41    0.00   12.37    0.00    0.00    4.12    0.00    0.00    0.00    3.09
20:08:45       4   56.44    0.00   11.88    7.92    0.00    2.97    0.00    0.00    0.00   20.79
20:08:45       5   49.00    0.00   17.00   17.00    0.00    4.00    0.00    0.00    0.00   13.00
20:08:45       6   74.26    0.00   19.80    0.00    0.00    2.97    0.00    0.00    0.00    2.97
20:08:45       7   82.00    0.00   13.00    0.00    0.00    3.00    0.00    0.00    0.00    2.00
20:08:45       8   76.00    0.00   18.00    0.00    0.00    3.00    0.00    0.00    0.00    3.00
20:08:45       9   75.00    0.00   15.00    0.00    0.00    5.00    0.00    0.00    0.00    5.00
20:08:45      10   77.78    0.00   17.17    0.00    0.00    1.01    0.00    0.00    0.00    4.04
20:08:45      11   78.79    0.00   15.15    0.00    0.00    4.04    0.00    0.00    0.00    2.02
20:08:45      12   75.76    0.00   15.15    1.01    0.00    4.04    0.00    0.00    0.00    4.04
20:08:45      13   73.27    0.00   17.82    0.00    0.00    4.95    0.00    0.00    0.00    3.96
20:08:45      14   76.77    0.00   15.15    0.00    0.00    4.04    0.00    0.00    0.00    4.04
20:08:45      15   80.81    0.00   16.16    1.01    0.00    1.01    0.00    0.00    0.00    1.01
20:08:45      16   74.26    0.00   14.85    0.00    0.00    4.95    0.00    0.00    0.00    5.94
20:08:45      17   72.73    0.00   18.18    0.00    0.00    4.04    0.00    0.00    0.00    5.05
20:08:45      18   72.73    0.00   19.19    0.00    0.00    5.05    0.00    0.00    0.00    3.03
20:08:45      19   75.73    0.00   15.53    0.00    0.00    5.83    0.00    0.00    0.00    2.91
20:08:45      20   54.64    0.00   16.49    8.25    0.00    3.09    0.00    0.00    0.00   17.53
20:08:45      21   60.78    0.00   17.65    5.88    0.00    1.96    0.00    0.00    0.00   13.73
20:08:45      22   77.00    0.00   16.00    0.00    0.00    4.00    0.00    0.00    0.00    3.00
20:08:45      23   60.00    0.00   35.00    0.00    0.00    4.00    0.00    0.00    0.00    1.00
20:08:45      24   52.58    0.00   22.68    0.00    0.00    9.28    0.00    0.00    0.00   15.46
20:08:45      25   58.59    0.00   24.24    0.00    0.00    9.09    0.00    0.00    0.00    8.08
20:08:45      26   56.57    0.00   22.22    0.00    0.00   12.12    0.00    0.00    0.00    9.09
20:08:45      27   58.76    0.00   20.62    0.00    0.00   11.34    0.00    0.00    0.00    9.28
20:08:45      28   60.00    0.00   22.00    0.00    0.00    9.00    0.00    0.00    0.00    9.00
20:08:45      29   57.29    0.00   22.92    0.00    0.00   12.50    0.00    0.00    0.00    7.29
20:08:45      30   57.14    0.00   21.43    0.00    0.00   12.24    0.00    0.00    0.00    9.18
20:08:45      31   56.12    0.00   28.57    0.00    0.00    7.14    0.00    0.00    0.00    8.16

20:08:45     CPU    %usr   %nice    %sys %iowait    %irq   %soft  %steal  %guest  %gnice   %idle
20:08:46     all   68.00    0.00   18.80    1.26    0.00    5.16    0.00    0.00    0.00    6.79
20:08:46       0   72.00    0.00   18.00    0.00    0.00    5.00    0.00    0.00    0.00    5.00
20:08:46       1   72.45    0.00   18.37    0.00    0.00    4.08    0.00    0.00    0.00    5.10
20:08:46       2   75.76    0.00   17.17    0.00    0.00    4.04    0.00    0.00    0.00    3.03
20:08:46       3   75.00    0.00   16.00    0.00    0.00    5.00    0.00    0.00    0.00    4.00
20:08:46       4   52.63    0.00   13.68    9.47    0.00    1.05    0.00    0.00    0.00   23.16
20:08:46       5   53.54    0.00   13.13    7.07    0.00    2.02    0.00    0.00    0.00   24.24
20:08:46       6   74.00    0.00   19.00    0.00    0.00    5.00    0.00    0.00    0.00    2.00
20:08:46       7   66.67    0.00   30.30    0.00    0.00    2.02    0.00    0.00    0.00    1.01
20:08:46       8   72.55    0.00   19.61    0.00    0.00    5.88    0.00    0.00    0.00    1.96
20:08:46       9   77.00    0.00   17.00    0.00    0.00    4.00    0.00    0.00    0.00    2.00
20:08:46      10   74.49    0.00   18.37    0.00    0.00    3.06    0.00    0.00    0.00    4.08
20:08:46      11   71.29    0.00   20.79    0.00    0.00    3.96    0.00    0.00    0.00    3.96
20:08:46      12   88.12    0.00    8.91    0.00    0.00    0.99    0.00    0.00    0.00    1.98
20:08:46      13   78.00    0.00   15.00    0.00    0.00    4.00    0.00    0.00    0.00    3.00
20:08:46      14   75.76    0.00   16.16    0.00    0.00    4.04    0.00    0.00    0.00    4.04
20:08:46      15   81.55    0.00   11.65    0.00    0.00    3.88    0.00    0.00    0.00    2.91
20:08:46      16   79.21    0.00   15.84    0.00    0.00    2.97    0.00    0.00    0.00    1.98
20:08:46      17   75.00    0.00   18.00    0.00    0.00    4.00    0.00    0.00    0.00    3.00
20:08:46      18   76.77    0.00   15.15    0.00    0.00    6.06    0.00    0.00    0.00    2.02
20:08:46      19   75.51    0.00   20.41    0.00    0.00    1.02    0.00    0.00    0.00    3.06
20:08:46      20   54.55    0.00   11.11    8.08    0.00    3.03    0.00    0.00    0.00   23.23
20:08:46      21   43.14    0.00   14.71   15.69    0.00    6.86    0.00    0.00    0.00   19.61
20:08:46      22   75.25    0.00   19.80    0.00    0.00    2.97    0.00    0.00    0.00    1.98
20:08:46      23   68.69    0.00   27.27    0.00    0.00    2.02    0.00    0.00    0.00    2.02
20:08:46      24   62.38    0.00   23.76    0.00    0.00    7.92    0.00    0.00    0.00    5.94
20:08:46      25   65.31    0.00   19.39    0.00    0.00    8.16    0.00    0.00    0.00    7.14
20:08:46      26   59.38    0.00   25.00    0.00    0.00    8.33    0.00    0.00    0.00    7.29
20:08:46      27   59.80    0.00   20.59    0.00    0.00   12.75    0.00    0.00    0.00    6.86
20:08:46      28   58.16    0.00   23.47    0.00    0.00    8.16    0.00    0.00    0.00   10.20
20:08:46      29   52.53    0.00   22.22    0.00    0.00   13.13    0.00    0.00    0.00   12.12
20:08:46      30   55.21    0.00   23.96    0.00    0.00   10.42    0.00    0.00    0.00   10.42
20:08:46      31   52.04    0.00   28.57    0.00    0.00    9.18    0.00    0.00    0.00   10.20

20:08:46     CPU    %usr   %nice    %sys %iowait    %irq   %soft  %steal  %guest  %gnice   %idle
20:08:47     all   67.34    0.00   19.77    1.13    0.00    6.10    0.00    0.00    0.00    5.66
20:08:47       0   63.64    0.00   30.30    0.00    0.00    4.04    0.00    0.00    0.00    2.02
20:08:47       1   65.00    0.00   26.00    1.00    0.00    3.00    0.00    0.00    0.00    5.00
20:08:47       2   74.26    0.00   16.83    0.00    0.00    4.95    0.00    0.00    0.00    3.96
20:08:47       3   71.43    0.00   20.41    0.00    0.00    4.08    0.00    0.00    0.00    4.08
20:08:47       4   70.41    0.00   13.27    3.06    0.00    2.04    0.00    0.00    0.00   11.22
20:08:47       5   38.24    0.00   21.57   23.53    0.00    7.84    0.00    0.00    0.00    8.82
20:08:47       6   72.73    0.00   18.18    0.00    0.00    5.05    0.00    0.00    0.00    4.04
20:08:47       7   70.00    0.00   21.00    0.00    0.00    6.00    0.00    0.00    0.00    3.00
20:08:47       8   75.51    0.00   15.31    0.00    0.00    7.14    0.00    0.00    0.00    2.04
20:08:47       9   75.00    0.00   16.00    0.00    0.00    5.00    0.00    0.00    0.00    4.00
20:08:47      10   70.71    0.00   20.20    0.00    0.00    6.06    0.00    0.00    0.00    3.03
20:08:47      11   75.00    0.00   15.00    0.00    0.00    6.00    0.00    0.00    0.00    4.00
20:08:47      12   72.73    0.00   19.19    0.00    0.00    5.05    0.00    0.00    0.00    3.03
20:08:47      13   70.71    0.00   17.17    0.00    0.00    5.05    0.00    0.00    0.00    7.07
20:08:47      14   74.75    0.00   17.17    0.00    0.00    5.05    0.00    0.00    0.00    3.03
20:08:47      15   74.00    0.00   20.00    0.00    0.00    4.00    0.00    0.00    0.00    2.00
20:08:47      16   73.74    0.00   19.19    0.00    0.00    4.04    0.00    0.00    0.00    3.03
20:08:47      17   75.25    0.00   15.84    0.00    0.00    3.96    0.00    0.00    0.00    4.95
20:08:47      18   70.41    0.00   18.37    0.00    0.00    7.14    0.00    0.00    0.00    4.08
20:08:47      19   76.00    0.00   14.00    0.00    0.00    5.00    0.00    0.00    0.00    5.00
20:08:47      20   73.47    0.00   12.24    2.04    0.00    0.00    0.00    0.00    0.00   12.24
20:08:47      21   59.18    0.00   19.39    6.12    0.00    3.06    0.00    0.00    0.00   12.24
20:08:47      22   77.23    0.00   13.86    0.00    0.00    3.96    0.00    0.00    0.00    4.95
20:08:47      23   76.77    0.00   15.15    0.00    0.00    5.05    0.00    0.00    0.00    3.03
20:08:47      24   60.40    0.00   20.79    0.00    0.00   12.87    0.00    0.00    0.00    5.94
20:08:47      25   58.82    0.00   24.51    0.00    0.00    9.80    0.00    0.00    0.00    6.86
20:08:47      26   50.00    0.00   20.19    0.00    0.00    4.81    0.00    0.00    0.00   25.00
20:08:47      27   56.86    0.00   24.51    0.00    0.00   13.73    0.00    0.00    0.00    4.90
20:08:47      28   57.84    0.00   24.51    0.00    0.00    9.80    0.00    0.00    0.00    7.84
20:08:47      29   59.00    0.00   28.00    0.00    0.00    9.00    0.00    0.00    0.00    4.00
20:08:47      30   55.00    0.00   29.00    0.00    0.00   13.00    0.00    0.00    0.00    3.00
20:08:47      31   63.37    0.00   24.75    0.00    0.00    8.91    0.00    0.00    0.00    2.97

20:08:47     CPU    %usr   %nice    %sys %iowait    %irq   %soft  %steal  %guest  %gnice   %idle
20:08:48     all   65.53    0.00   18.30    1.76    0.00    6.05    0.00    0.00    0.00    8.35
20:08:48       0   71.00    0.00   22.00    0.00    0.00    4.00    0.00    0.00    0.00    3.00
20:08:48       1   61.00    0.00   29.00    1.00    0.00    7.00    0.00    0.00    0.00    2.00
20:08:48       2   74.75    0.00   18.18    0.00    0.00    5.05    0.00    0.00    0.00    2.02
20:08:48       3   74.26    0.00   16.83    0.00    0.00    4.95    0.00    0.00    0.00    3.96
20:08:48       4   28.72    0.00   11.70   12.77    0.00    2.13    0.00    0.00    0.00   44.68
20:08:48       5   33.33    0.00    9.80   17.65    0.00    3.92    0.00    0.00    0.00   35.29
20:08:48       6   81.00    0.00   14.00    1.00    0.00    2.00    0.00    0.00    0.00    2.00
20:08:48       7   73.47    0.00   18.37    0.00    0.00    4.08    0.00    0.00    0.00    4.08
20:08:48       8   74.00    0.00   18.00    0.00    0.00    4.00    0.00    0.00    0.00    4.00
20:08:48       9   80.00    0.00   12.00    0.00    0.00    6.00    0.00    0.00    0.00    2.00
20:08:48      10   81.00    0.00   11.00    0.00    0.00    5.00    0.00    0.00    0.00    3.00
20:08:48      11   74.00    0.00   17.00    0.00    0.00    6.00    0.00    0.00    0.00    3.00
20:08:48      12   69.31    0.00   20.79    0.00    0.00    6.93    0.00    0.00    0.00    2.97
20:08:48      13   78.79    0.00   14.14    0.00    0.00    3.03    0.00    0.00    0.00    4.04
20:08:48      14   70.00    0.00   21.00    0.00    0.00    6.00    0.00    0.00    0.00    3.00
20:08:48      15   81.00    0.00   12.00    0.00    0.00    5.00    0.00    0.00    0.00    2.00
20:08:48      16   75.25    0.00   17.82    0.00    0.00    4.95    0.00    0.00    0.00    1.98
20:08:48      17   60.00    0.00   34.00    0.00    0.00    5.00    0.00    0.00    0.00    1.00
20:08:48      18   77.00    0.00   16.00    0.00    0.00    4.00    0.00    0.00    0.00    3.00
20:08:48      19   78.00    0.00   16.00    0.00    0.00    4.00    0.00    0.00    0.00    2.00
20:08:48      20   31.25    0.00    8.33   15.62    0.00    2.08    0.00    0.00    0.00   42.71
20:08:48      21   33.68    0.00    7.37    9.47    0.00    2.11    0.00    0.00    0.00   47.37
20:08:48      22   79.17    0.00   16.67    0.00    0.00    2.08    0.00    0.00    0.00    2.08
20:08:48      23   75.25    0.00   17.82    0.00    0.00    4.95    0.00    0.00    0.00    1.98
20:08:48      24   61.86    0.00   23.71    0.00    0.00    8.25    0.00    0.00    0.00    6.19
20:08:48      25   57.73    0.00   22.68    0.00    0.00   12.37    0.00    0.00    0.00    7.22
20:08:48      26   57.43    0.00   25.74    0.00    0.00   12.87    0.00    0.00    0.00    3.96
20:08:48      27   55.00    0.00   29.00    0.00    0.00   10.00    0.00    0.00    0.00    6.00
20:08:48      28   63.64    0.00   21.21    0.00    0.00   10.10    0.00    0.00    0.00    5.05
20:08:48      29   63.27    0.00   21.43    0.00    0.00   10.20    0.00    0.00    0.00    5.10
20:08:48      30   59.41    0.00   21.78    0.00    0.00   11.88    0.00    0.00    0.00    6.93
20:08:48      31   59.18    0.00   19.39    0.00    0.00   13.27    0.00    0.00    0.00    8.16

20:08:48     CPU    %usr   %nice    %sys %iowait    %irq   %soft  %steal  %guest  %gnice   %idle
20:08:49     all   66.66    0.00   18.43    0.85    0.00    5.54    0.00    0.00    0.00    8.52
20:08:49       0   63.54    0.00   15.62    2.08    0.00    2.08    0.00    0.00    0.00   16.67
20:08:49       1   40.91    0.00   22.73   13.64    0.00   12.50    0.00    0.00    0.00   10.23
20:08:49       2   75.00    0.00   18.00    0.00    0.00    4.00    0.00    0.00    0.00    3.00
20:08:49       3   77.55    0.00   15.31    0.00    0.00    4.08    0.00    0.00    0.00    3.06
20:08:49       4   53.61    0.00   14.43    1.03    0.00    6.19    0.00    0.00    0.00   24.74
20:08:49       5   57.43    0.00   13.86    1.98    0.00    1.98    0.00    0.00    0.00   24.75
20:08:49       6   75.25    0.00   20.79    0.00    0.00    1.98    0.00    0.00    0.00    1.98
20:08:49       7   78.00    0.00   15.00    0.00    0.00    4.00    0.00    0.00    0.00    3.00
20:08:49       8   75.51    0.00   15.31    0.00    0.00    5.10    0.00    0.00    0.00    4.08
20:08:49       9   74.26    0.00   17.82    0.00    0.00    3.96    0.00    0.00    0.00    3.96
20:08:49      10   71.72    0.00   20.20    0.00    0.00    4.04    0.00    0.00    0.00    4.04
20:08:49      11   76.77    0.00   16.16    0.00    0.00    5.05    0.00    0.00    0.00    2.02
20:08:49      12   73.74    0.00   20.20    0.00    0.00    3.03    0.00    0.00    0.00    3.03
20:08:49      13   75.51    0.00   14.29    0.00    0.00    5.10    0.00    0.00    0.00    5.10
20:08:49      14   75.25    0.00   17.82    0.00    0.00    3.96    0.00    0.00    0.00    2.97
20:08:49      15   75.76    0.00   16.16    0.00    0.00    5.05    0.00    0.00    0.00    3.03
20:08:49      16   66.32    0.00   11.58    2.11    0.00    2.11    0.00    0.00    0.00   17.89
20:08:49      17   44.79    0.00   35.42    2.08    0.00    2.08    0.00    0.00    0.00   15.62
20:08:49      18   76.00    0.00   17.00    0.00    0.00    4.00    0.00    0.00    0.00    3.00
20:08:49      19   73.74    0.00   20.20    0.00    0.00    3.03    0.00    0.00    0.00    3.03
20:08:49      20   58.00    0.00   14.00    2.00    0.00    2.00    0.00    0.00    0.00   24.00
20:08:49      21   55.45    0.00   10.89    3.96    0.00    3.96    0.00    0.00    0.00   25.74
20:08:49      22   80.00    0.00   12.00    0.00    0.00    6.00    0.00    0.00    0.00    2.00
20:08:49      23   76.53    0.00   17.35    0.00    0.00    4.08    0.00    0.00    0.00    2.04
20:08:49      24   58.00    0.00   23.00    0.00    0.00   10.00    0.00    0.00    0.00    9.00
20:08:49      25   57.43    0.00   23.76    0.00    0.00   10.89    0.00    0.00    0.00    7.92
20:08:49      26   61.62    0.00   21.21    0.00    0.00    9.09    0.00    0.00    0.00    8.08
20:08:49      27   60.42    0.00   18.75    0.00    0.00   10.42    0.00    0.00    0.00   10.42
20:08:49      28   61.62    0.00   22.22    0.00    0.00   10.10    0.00    0.00    0.00    6.06
20:08:49      29   58.42    0.00   26.73    0.00    0.00    9.90    0.00    0.00    0.00    4.95
20:08:49      30   59.60    0.00   21.21    0.00    0.00   11.11    0.00    0.00    0.00    8.08
20:08:49      31   61.62    0.00   21.21    0.00    0.00    7.07    0.00    0.00    0.00   10.10

20:08:49     CPU    %usr   %nice    %sys %iowait    %irq   %soft  %steal  %guest  %gnice   %idle
20:08:50     all   65.60    0.00   18.05    2.15    0.00    5.63    0.00    0.00    0.00    8.57
20:08:50       0   70.71    0.00   18.18    0.00    0.00    5.05    0.00    0.00    0.00    6.06
20:08:50       1   73.96    0.00   15.62    0.00    0.00    3.12    0.00    0.00    0.00    7.29
20:08:50       2   76.53    0.00   17.35    0.00    0.00    3.06    0.00    0.00    0.00    3.06
20:08:50       3   79.38    0.00   14.43    0.00    0.00    3.09    0.00    0.00    0.00    3.09
20:08:50       4   39.39    0.00    8.08    8.08    0.00    3.03    0.00    0.00    0.00   41.41
20:08:50       5   32.98    0.00   11.70   15.96    0.00    4.26    0.00    0.00    0.00   35.11
20:08:50       6   68.69    0.00   26.26    0.00    0.00    4.04    0.00    0.00    0.00    1.01
20:08:50       7   77.55    0.00   15.31    0.00    0.00    5.10    0.00    0.00    0.00    2.04
20:08:50       8   76.47    0.00   13.73    0.00    0.00    5.88    0.00    0.00    0.00    3.92
20:08:50       9   78.00    0.00   15.00    0.00    0.00    5.00    0.00    0.00    0.00    2.00
20:08:50      10   76.47    0.00   11.76    0.00    0.00    6.86    0.00    0.00    0.00    4.90
20:08:50      11   75.00    0.00   17.00    0.00    0.00    6.00    0.00    0.00    0.00    2.00
20:08:50      12   72.45    0.00   20.41    0.00    0.00    5.10    0.00    0.00    0.00    2.04
20:08:50      13   85.15    0.00   12.87    0.99    0.00    0.00    0.00    0.00    0.00    0.99
20:08:50      14   79.00    0.00   16.00    0.00    0.00    3.00    0.00    0.00    0.00    2.00
20:08:50      15   80.00    0.00   16.00    0.00    0.00    2.00    0.00    0.00    0.00    2.00
20:08:50      16   72.45    0.00   17.35    0.00    0.00    3.06    0.00    0.00    0.00    7.14
20:08:50      17   72.45    0.00   16.33    0.00    0.00    4.08    0.00    0.00    0.00    7.14
20:08:50      18   70.71    0.00   21.21    0.00    0.00    5.05    0.00    0.00    0.00    3.03
20:08:50      19   78.57    0.00   16.33    0.00    0.00    2.04    0.00    0.00    0.00    3.06
20:08:50      20   30.21    0.00   11.46   19.79    0.00    1.04    0.00    0.00    0.00   37.50
20:08:50      21   28.00    0.00   10.00   25.00    0.00    5.00    0.00    0.00    0.00   32.00
20:08:50      22   63.37    0.00   32.67    0.00    0.00    1.98    0.00    0.00    0.00    1.98
20:08:50      23   75.76    0.00   18.18    0.00    0.00    4.04    0.00    0.00    0.00    2.02
20:08:50      24   60.61    0.00   25.25    0.00    0.00    9.09    0.00    0.00    0.00    5.05
20:08:50      25   62.00    0.00   18.00    0.00    0.00   12.00    0.00    0.00    0.00    8.00
20:08:50      26   51.02    0.00   25.51    0.00    0.00   15.31    0.00    0.00    0.00    8.16
20:08:50      27   57.58    0.00   25.25    0.00    0.00   11.11    0.00    0.00    0.00    6.06
20:08:50      28   59.60    0.00   19.19    0.00    0.00    9.09    0.00    0.00    0.00   12.12
20:08:50      29   52.00    0.00   28.00    0.00    0.00   11.00    0.00    0.00    0.00    9.00
20:08:50      30   54.74    0.00   23.16    0.00    0.00   10.53    0.00    0.00    0.00   11.58
20:08:50      31   65.35    0.00   19.80    0.00    0.00   10.89    0.00    0.00    0.00    3.96

20:08:50     CPU    %usr   %nice    %sys %iowait    %irq   %soft  %steal  %guest  %gnice   %idle
20:08:51     all   68.72    0.00   18.00    1.86    0.00    5.66    0.00    0.00    0.00    5.76
20:08:51       0   82.00    0.00   13.00    0.00    0.00    3.00    0.00    0.00    0.00    2.00
20:08:51       1   76.24    0.00   18.81    0.00    0.00    2.97    0.00    0.00    0.00    1.98
20:08:51       2   77.78    0.00   15.15    0.00    0.00    5.05    0.00    0.00    0.00    2.02
20:08:51       3   79.00    0.00   16.00    0.00    0.00    4.00    0.00    0.00    0.00    1.00
20:08:51       4   46.88    0.00   15.62   15.62    0.00    3.12    0.00    0.00    0.00   18.75
20:08:51       5   30.53    0.00   15.79   20.00    0.00    3.16    0.00    0.00    0.00   30.53
20:08:51       6   82.00    0.00   13.00    0.00    0.00    4.00    0.00    0.00    0.00    1.00
20:08:51       7   78.00    0.00   16.00    0.00    0.00    5.00    0.00    0.00    0.00    1.00
20:08:51       8   80.41    0.00   14.43    0.00    0.00    4.12    0.00    0.00    0.00    1.03
20:08:51       9   79.00    0.00   15.00    0.00    0.00    3.00    0.00    0.00    0.00    3.00
20:08:51      10   81.44    0.00   15.46    0.00    0.00    2.06    0.00    0.00    0.00    1.03
20:08:51      11   79.00    0.00   14.00    0.00    0.00    4.00    0.00    0.00    0.00    3.00
20:08:51      12   78.00    0.00   18.00    0.00    0.00    3.00    0.00    0.00    0.00    1.00
20:08:51      13   85.00    0.00   14.00    0.00    0.00    0.00    0.00    0.00    0.00    1.00
20:08:51      14   77.23    0.00   16.83    0.00    0.00    3.96    0.00    0.00    0.00    1.98
20:08:51      15   78.79    0.00   15.15    0.00    0.00    5.05    0.00    0.00    0.00    1.01
20:08:51      16   81.00    0.00   14.00    0.00    0.00    4.00    0.00    0.00    0.00    1.00
20:08:51      17   81.00    0.00   13.00    0.00    0.00    4.00    0.00    0.00    0.00    2.00
20:08:51      18   81.37    0.00   12.75    0.00    0.00    4.90    0.00    0.00    0.00    0.98
20:08:51      19   72.55    0.00   19.61    0.00    0.00    5.88    0.00    0.00    0.00    1.96
20:08:51      20   48.96    0.00   11.46   10.42    0.00    3.12    0.00    0.00    0.00   26.04
20:08:51      21   43.75    0.00   13.54   15.62    0.00    2.08    0.00    0.00    0.00   25.00
20:08:51      22   53.00    0.00   41.00    0.00    0.00    6.00    0.00    0.00    0.00    0.00
20:08:51      23   81.19    0.00   12.87    0.00    0.00    3.96    0.00    0.00    0.00    1.98
20:08:51      24   55.56    0.00   25.25    0.00    0.00   12.12    0.00    0.00    0.00    7.07
20:08:51      25   60.61    0.00   23.23    0.00    0.00   10.10    0.00    0.00    0.00    6.06
20:08:51      26   61.00    0.00   22.00    0.00    0.00   12.00    0.00    0.00    0.00    5.00
20:08:51      27   54.81    0.00   21.15    0.00    0.00   13.46    0.00    0.00    0.00   10.58
20:08:51      28   56.57    0.00   23.23    0.00    0.00   15.15    0.00    0.00    0.00    5.05
20:08:51      29   58.16    0.00   27.55    0.00    0.00    8.16    0.00    0.00    0.00    6.12
20:08:51      30   57.58    0.00   20.20    0.00    0.00   11.11    0.00    0.00    0.00   11.11
20:08:51      31   56.12    0.00   28.57    0.00    0.00    9.18    0.00    0.00    0.00    6.12

20:08:51     CPU    %usr   %nice    %sys %iowait    %irq   %soft  %steal  %guest  %gnice   %idle
20:08:52     all   66.50    0.00   18.75    1.57    0.00    5.79    0.00    0.00    0.00    7.39
20:08:52       0   82.83    0.00   14.14    0.00    0.00    1.01    0.00    0.00    0.00    2.02
20:08:52       1   78.00    0.00   17.00    0.00    0.00    2.00    0.00    0.00    0.00    3.00
20:08:52       2   75.00    0.00   15.00    0.00    0.00    6.00    0.00    0.00    0.00    4.00
20:08:52       3   77.23    0.00   16.83    0.00    0.00    3.96    0.00    0.00    0.00    1.98
20:08:52       4   39.78    0.00   16.13    8.60    0.00    2.15    0.00    0.00    0.00   33.33
20:08:52       5   35.71    0.00   13.27   11.22    0.00    4.08    0.00    0.00    0.00   35.71
20:08:52       6   74.49    0.00   19.39    0.00    0.00    4.08    0.00    0.00    0.00    2.04
20:08:52       7   76.47    0.00   15.69    0.00    0.00    5.88    0.00    0.00    0.00    1.96
20:08:52       8   73.27    0.00   19.80    0.00    0.00    3.96    0.00    0.00    0.00    2.97
20:08:52       9   77.00    0.00   19.00    0.00    0.00    2.00    0.00    0.00    0.00    2.00
20:08:52      10   79.21    0.00   10.89    0.00    0.00    5.94    0.00    0.00    0.00    3.96
20:08:52      11   72.55    0.00   17.65    0.00    0.00    5.88    0.00    0.00    0.00    3.92
20:08:52      12   78.00    0.00   16.00    0.00    0.00    4.00    0.00    0.00    0.00    2.00
20:08:52      13   78.22    0.00   15.84    0.00    0.00    3.96    0.00    0.00    0.00    1.98
20:08:52      14   73.74    0.00   21.21    0.00    0.00    3.03    0.00    0.00    0.00    2.02
20:08:52      15   76.24    0.00   14.85    0.00    0.00    4.95    0.00    0.00    0.00    3.96
20:08:52      16   76.77    0.00   16.16    0.00    0.00    4.04    0.00    0.00    0.00    3.03
20:08:52      17   83.00    0.00   11.00    0.00    0.00    2.00    0.00    0.00    0.00    4.00
20:08:52      18   73.74    0.00   18.18    0.00    0.00    5.05    0.00    0.00    0.00    3.03
20:08:52      19   76.24    0.00   16.83    0.00    0.00    4.95    0.00    0.00    0.00    1.98
20:08:52      20   33.33    0.00   17.65   14.71    0.00    5.88    0.00    0.00    0.00   28.43
20:08:52      21   34.34    0.00   16.16   16.16    0.00    3.03    0.00    0.00    0.00   30.30
20:08:52      22   71.00    0.00   20.00    0.00    0.00    6.00    0.00    0.00    0.00    3.00
20:08:52      23   71.29    0.00   17.82    0.00    0.00    6.93    0.00    0.00    0.00    3.96
20:08:52      24   55.10    0.00   26.53    0.00    0.00   11.22    0.00    0.00    0.00    7.14
20:08:52      25   56.70    0.00   25.77    0.00    0.00   10.31    0.00    0.00    0.00    7.22
20:08:52      26   58.00    0.00   25.00    0.00    0.00   10.00    0.00    0.00    0.00    7.00
20:08:52      27   54.00    0.00   27.00    0.00    0.00   13.00    0.00    0.00    0.00    6.00
20:08:52      28   59.41    0.00   26.73    0.00    0.00    9.90    0.00    0.00    0.00    3.96
20:08:52      29   56.31    0.00   20.39    0.00    0.00   12.62    0.00    0.00    0.00   10.68
20:08:52      30   59.60    0.00   27.27    0.00    0.00    7.07    0.00    0.00    0.00    6.06
20:08:52      31   58.59    0.00   25.25    0.00    0.00   10.10    0.00    0.00    0.00    6.06

20:08:52     CPU    %usr   %nice    %sys %iowait    %irq   %soft  %steal  %guest  %gnice   %idle
20:08:53     all   67.57    0.00   17.16    1.61    0.00    5.87    0.00    0.00    0.00    7.79
20:08:53       0   73.47    0.00   19.39    0.00    0.00    5.10    0.00    0.00    0.00    2.04
20:08:53       1   77.00    0.00   17.00    0.00    0.00    3.00    0.00    0.00    0.00    3.00
20:08:53       2   74.75    0.00   15.15    0.00    0.00    7.07    0.00    0.00    0.00    3.03
20:08:53       3   76.24    0.00   15.84    0.00    0.00    3.96    0.00    0.00    0.00    3.96
20:08:53       4   31.18    0.00   12.90   12.90    0.00    4.30    0.00    0.00    0.00   38.71
20:08:53       5   32.61    0.00   10.87   11.96    0.00    3.26    0.00    0.00    0.00   41.30
20:08:53       6   79.21    0.00   14.85    0.00    0.00    3.96    0.00    0.00    0.00    1.98
20:08:53       7   76.00    0.00   16.00    0.00    0.00    4.00    0.00    0.00    0.00    4.00
20:08:53       8   78.79    0.00   14.14    0.00    0.00    5.05    0.00    0.00    0.00    2.02
20:08:53       9   82.00    0.00   13.00    0.00    0.00    3.00    0.00    0.00    0.00    2.00
20:08:53      10   82.83    0.00   12.12    0.00    0.00    3.03    0.00    0.00    0.00    2.02
20:08:53      11   80.81    0.00   12.12    0.00    0.00    5.05    0.00    0.00    0.00    2.02
20:08:53      12   71.00    0.00   17.00    0.00    0.00    6.00    0.00    0.00    0.00    6.00
20:08:53      13   76.24    0.00   14.85    0.00    0.00    4.95    0.00    0.00    0.00    3.96
20:08:53      14   78.00    0.00   16.00    0.00    0.00    4.00    0.00    0.00    0.00    2.00
20:08:53      15   79.00    0.00   14.00    0.00    0.00    4.00    0.00    0.00    0.00    3.00
20:08:53      16   80.39    0.00   14.71    0.98    0.00    1.96    0.00    0.00    0.00    1.96
20:08:53      17   76.00    0.00   17.00    0.00    0.00    4.00    0.00    0.00    0.00    3.00
20:08:53      18   75.76    0.00   17.17    0.00    0.00    5.05    0.00    0.00    0.00    2.02
20:08:53      19   73.00    0.00   19.00    0.00    0.00    4.00    0.00    0.00    0.00    4.00
20:08:53      20   26.37    0.00   16.48   18.68    0.00    2.20    0.00    0.00    0.00   36.26
20:08:53      21   35.29    0.00   14.71    9.80    0.00    2.94    0.00    0.00    0.00   37.25
20:08:53      22   75.76    0.00   16.16    0.00    0.00    4.04    0.00    0.00    0.00    4.04
20:08:53      23   76.77    0.00   17.17    0.00    0.00    4.04    0.00    0.00    0.00    2.02
20:08:53      24   61.22    0.00   22.45    0.00    0.00    9.18    0.00    0.00    0.00    7.14
20:08:53      25   60.82    0.00   22.68    0.00    0.00   11.34    0.00    0.00    0.00    5.15
20:08:53      26   63.00    0.00   22.00    0.00    0.00   10.00    0.00    0.00    0.00    5.00
20:08:53      27   59.60    0.00   26.26    0.00    0.00   10.10    0.00    0.00    0.00    4.04
20:08:53      28   63.37    0.00   19.80    0.00    0.00   11.88    0.00    0.00    0.00    4.95
20:08:53      29   58.16    0.00   23.47    0.00    0.00   14.29    0.00    0.00    0.00    4.08
20:08:53      30   62.63    0.00   21.21    0.00    0.00   11.11    0.00    0.00    0.00    5.05
20:08:53      31   56.73    0.00   23.08    0.00    0.00   11.54    0.00    0.00    0.00    8.65

20:08:53     CPU    %usr   %nice    %sys %iowait    %irq   %soft  %steal  %guest  %gnice   %idle
20:08:54     all   65.63    0.00   18.35    1.64    0.00    6.19    0.00    0.00    0.00    8.18
20:08:54       0   77.23    0.00   13.86    0.00    0.00    4.95    0.00    0.00    0.00    3.96
20:08:54       1   72.45    0.00   17.35    0.00    0.00    7.14    0.00    0.00    0.00    3.06
20:08:54       2   72.00    0.00   20.00    0.00    0.00    6.00    0.00    0.00    0.00    2.00
20:08:54       3   75.00    0.00   17.00    0.00    0.00    5.00    0.00    0.00    0.00    3.00
20:08:54       4   28.72    0.00   12.77   13.83    0.00    4.26    0.00    0.00    0.00   40.43
20:08:54       5   27.84    0.00   15.46   16.49    0.00    4.12    0.00    0.00    0.00   36.08
20:08:54       6   76.29    0.00   17.53    0.00    0.00    3.09    0.00    0.00    0.00    3.09
20:08:54       7   77.00    0.00   15.00    0.00    0.00    6.00    0.00    0.00    0.00    2.00
20:08:54       8   77.23    0.00   14.85    0.00    0.00    5.94    0.00    0.00    0.00    1.98
20:08:54       9   78.00    0.00   15.00    0.00    0.00    5.00    0.00    0.00    0.00    2.00
20:08:54      10   73.00    0.00   19.00    0.00    0.00    3.00    0.00    0.00    0.00    5.00
20:08:54      11   77.78    0.00   16.16    0.00    0.00    3.03    0.00    0.00    0.00    3.03
20:08:54      12   76.24    0.00   15.84    0.00    0.00    5.94    0.00    0.00    0.00    1.98
20:08:54      13   76.53    0.00   11.22    0.00    0.00    7.14    0.00    0.00    0.00    5.10
20:08:54      14   80.81    0.00   16.16    0.00    0.00    1.01    0.00    0.00    0.00    2.02
20:08:54      15   73.47    0.00   15.31    0.00    0.00    6.12    0.00    0.00    0.00    5.10
20:08:54      16   80.00    0.00   15.00    0.00    0.00    2.00    0.00    0.00    0.00    3.00
20:08:54      17   72.73    0.00   19.19    0.00    0.00    3.03    0.00    0.00    0.00    5.05
20:08:54      18   79.41    0.00   14.71    0.00    0.00    2.94    0.00    0.00    0.00    2.94
20:08:54      19   78.79    0.00   13.13    0.00    0.00    5.05    0.00    0.00    0.00    3.03
20:08:54      20   30.30    0.00   14.14   13.13    0.00    4.04    0.00    0.00    0.00   38.38
20:08:54      21   27.17    0.00   16.30   10.87    0.00    2.17    0.00    0.00    0.00   43.48
20:08:54      22   77.78    0.00   14.14    0.00    0.00    6.06    0.00    0.00    0.00    2.02
20:08:54      23   75.00    0.00   18.00    0.00    0.00    5.00    0.00    0.00    0.00    2.00
20:08:54      24   55.56    0.00   25.25    0.00    0.00    8.08    0.00    0.00    0.00   11.11
20:08:54      25   56.70    0.00   24.74    0.00    0.00   11.34    0.00    0.00    0.00    7.22
20:08:54      26   57.43    0.00   25.74    0.00    0.00   12.87    0.00    0.00    0.00    3.96
20:08:54      27   60.20    0.00   23.47    0.00    0.00   12.24    0.00    0.00    0.00    4.08
20:08:54      28   58.42    0.00   26.73    0.00    0.00    8.91    0.00    0.00    0.00    5.94
20:08:54      29   58.59    0.00   27.27    0.00    0.00   10.10    0.00    0.00    0.00    4.04
20:08:54      30   55.45    0.00   27.72    0.00    0.00   11.88    0.00    0.00    0.00    4.95
20:08:54      31   50.52    0.00   28.87    0.00    0.00   14.43    0.00    0.00    0.00    6.19

20:08:54     CPU    %usr   %nice    %sys %iowait    %irq   %soft  %steal  %guest  %gnice   %idle
20:08:55     all   66.67    0.00   17.37    1.79    0.00    5.73    0.00    0.00    0.00    8.44
20:08:55       0   74.23    0.00   18.56    0.00    0.00    3.09    0.00    0.00    0.00    4.12
20:08:55       1   74.00    0.00   18.00    0.00    0.00    5.00    0.00    0.00    0.00    3.00
20:08:55       2   81.00    0.00   12.00    0.00    0.00    4.00    0.00    0.00    0.00    3.00
20:08:55       3   79.59    0.00   14.29    0.00    0.00    3.06    0.00    0.00    0.00    3.06
20:08:55       4   29.03    0.00   16.13    6.45    0.00    2.15    0.00    0.00    0.00   46.24
20:08:55       5   25.81    0.00   15.05   10.75    0.00    4.30    0.00    0.00    0.00   44.09
20:08:55       6   76.47    0.00   15.69    0.00    0.00    4.90    0.00    0.00    0.00    2.94
20:08:55       7   75.00    0.00   17.00    0.00    0.00    5.00    0.00    0.00    0.00    3.00
20:08:55       8   70.59    0.00   15.69    0.00    0.00    4.90    0.00    0.00    0.00    8.82
20:08:55       9   74.51    0.00   15.69    0.00    0.00    3.92    0.00    0.00    0.00    5.88
20:08:55      10   75.25    0.00   14.85    0.00    0.00    5.94    0.00    0.00    0.00    3.96
20:08:55      11   73.00    0.00   17.00    0.00    0.00    5.00    0.00    0.00    0.00    5.00
20:08:55      12   82.00    0.00   13.00    0.00    0.00    3.00    0.00    0.00    0.00    2.00
20:08:55      13   82.00    0.00   14.00    0.00    0.00    1.00    0.00    0.00    0.00    3.00
20:08:55      14   72.73    0.00   18.18    0.00    0.00    4.04    0.00    0.00    0.00    5.05
20:08:55      15   77.23    0.00   13.86    0.00    0.00    5.94    0.00    0.00    0.00    2.97
20:08:55      16   73.00    0.00   15.00    1.00    0.00    6.00    0.00    0.00    0.00    5.00
20:08:55      17   76.77    0.00   14.14    0.00    0.00    4.04    0.00    0.00    0.00    5.05
20:08:55      18   87.88    0.00   12.12    0.00    0.00    0.00    0.00    0.00    0.00    0.00
20:08:55      19   79.00    0.00   13.00    0.00    0.00    5.00    0.00    0.00    0.00    3.00
20:08:55      20   26.88    0.00   16.13   13.98    0.00    2.15    0.00    0.00    0.00   40.86
20:08:55      21   26.60    0.00   12.77   28.72    0.00    3.19    0.00    0.00    0.00   28.72
20:08:55      22   80.00    0.00   14.00    0.00    0.00    3.00    0.00    0.00    0.00    3.00
20:08:55      23   78.00    0.00   14.00    0.00    0.00    4.00    0.00    0.00    0.00    4.00
20:08:55      24   56.44    0.00   26.73    0.00    0.00   13.86    0.00    0.00    0.00    2.97
20:08:55      25   59.80    0.00   26.47    0.00    0.00   10.78    0.00    0.00    0.00    2.94
20:08:55      26   57.84    0.00   23.53    0.00    0.00   11.76    0.00    0.00    0.00    6.86
20:08:55      27   59.22    0.00   23.30    0.00    0.00   10.68    0.00    0.00    0.00    6.80
20:08:55      28   56.57    0.00   26.26    0.00    0.00   11.11    0.00    0.00    0.00    6.06
20:08:55      29   57.58    0.00   27.27    0.00    0.00    9.09    0.00    0.00    0.00    6.06
20:08:55      30   64.00    0.00   21.00    0.00    0.00   10.00    0.00    0.00    0.00    5.00
20:08:55      31   61.22    0.00   20.41    0.00    0.00   12.24    0.00    0.00    0.00    6.12

20:08:55     CPU    %usr   %nice    %sys %iowait    %irq   %soft  %steal  %guest  %gnice   %idle
20:08:56     all   65.74    0.00   18.20    1.92    0.00    5.77    0.00    0.00    0.00    8.36
20:08:56       0   72.55    0.00   18.63    0.00    0.00    4.90    0.00    0.00    0.00    3.92
20:08:56       1   71.29    0.00   18.81    0.99    0.00    4.95    0.00    0.00    0.00    3.96
20:08:56       2   86.87    0.00   12.12    0.00    0.00    0.00    0.00    0.00    0.00    1.01
20:08:56       3   75.76    0.00   17.17    0.00    0.00    6.06    0.00    0.00    0.00    1.01
20:08:56       4   22.22    0.00   17.78   12.22    0.00    2.22    0.00    0.00    0.00   45.56
20:08:56       5   17.20    0.00   15.05   30.11    0.00    5.38    0.00    0.00    0.00   32.26
20:08:56       6   77.55    0.00   16.33    0.00    0.00    4.08    0.00    0.00    0.00    2.04
20:08:56       7   73.74    0.00   19.19    0.00    0.00    4.04    0.00    0.00    0.00    3.03
20:08:56       8   73.74    0.00   18.18    0.00    0.00    6.06    0.00    0.00    0.00    2.02
20:08:56       9   80.20    0.00   14.85    0.00    0.00    2.97    0.00    0.00    0.00    1.98
20:08:56      10   78.00    0.00   15.00    0.00    0.00    5.00    0.00    0.00    0.00    2.00
20:08:56      11   73.74    0.00   17.17    0.00    0.00    7.07    0.00    0.00    0.00    2.02
20:08:56      12   79.17    0.00   14.58    0.00    0.00    3.12    0.00    0.00    0.00    3.12
20:08:56      13   68.37    0.00   17.35    0.00    0.00    3.06    0.00    0.00    0.00   11.22
20:08:56      14   79.00    0.00   14.00    0.00    0.00    4.00    0.00    0.00    0.00    3.00
20:08:56      15   76.77    0.00   17.17    0.00    0.00    4.04    0.00    0.00    0.00    2.02
20:08:56      16   75.25    0.00   17.82    0.00    0.00    3.96    0.00    0.00    0.00    2.97
20:08:56      17   77.78    0.00   18.18    0.00    0.00    1.01    0.00    0.00    0.00    3.03
20:08:56      18   79.00    0.00   15.00    0.00    0.00    4.00    0.00    0.00    0.00    2.00
20:08:56      19   79.00    0.00   15.00    0.00    0.00    4.00    0.00    0.00    0.00    2.00
20:08:56      20   26.09    0.00   14.13    4.35    0.00    3.26    0.00    0.00    0.00   52.17
20:08:56      21   29.81    0.00   10.58   16.35    0.00    4.81    0.00    0.00    0.00   38.46
20:08:56      22   75.25    0.00   16.83    0.00    0.00    4.95    0.00    0.00    0.00    2.97
20:08:56      23   74.75    0.00   20.20    0.00    0.00    2.02    0.00    0.00    0.00    3.03
20:08:56      24   63.83    0.00   21.28    0.00    0.00   10.64    0.00    0.00    0.00    4.26
20:08:56      25   58.00    0.00   25.00    0.00    0.00   12.00    0.00    0.00    0.00    5.00
20:08:56      26   58.42    0.00   23.76    0.00    0.00   10.89    0.00    0.00    0.00    6.93
20:08:56      27   57.00    0.00   29.00    0.00    0.00    9.00    0.00    0.00    0.00    5.00
20:08:56      28   62.00    0.00   22.00    0.00    0.00    9.00    0.00    0.00    0.00    7.00
20:08:56      29   55.77    0.00   25.96    0.00    0.00   10.58    0.00    0.00    0.00    7.69
20:08:56      30   55.56    0.00   23.23    0.00    0.00   15.15    0.00    0.00    0.00    6.06
20:08:56      31   62.14    0.00   20.39    0.00    0.00   11.65    0.00    0.00    0.00    5.83

20:08:56     CPU    %usr   %nice    %sys %iowait    %irq   %soft  %steal  %guest  %gnice   %idle
20:08:57     all   65.59    0.00   17.43    1.51    0.00    5.69    0.00    0.00    0.00    9.78
20:08:57       0   64.58    0.00   17.71    6.25    0.00    2.08    0.00    0.00    0.00    9.38
20:08:57       1   48.96    0.00   18.75    7.29    0.00   11.46    0.00    0.00    0.00   13.54
20:08:57       2   81.37    0.00   12.75    0.00    0.00    3.92    0.00    0.00    0.00    1.96
20:08:57       3   80.20    0.00   13.86    0.00    0.00    3.96    0.00    0.00    0.00    1.98
20:08:57       4   28.57    0.00   14.29    5.49    0.00    2.20    0.00    0.00    0.00   49.45
20:08:57       5   29.29    0.00   13.13   20.20    0.00    4.04    0.00    0.00    0.00   33.33
20:08:57       6   78.22    0.00   15.84    0.00    0.00    3.96    0.00    0.00    0.00    1.98
20:08:57       7   77.78    0.00   15.15    0.00    0.00    6.06    0.00    0.00    0.00    1.01
20:08:57       8   76.47    0.00   15.69    0.00    0.00    5.88    0.00    0.00    0.00    1.96
20:08:57       9   75.25    0.00   16.83    0.00    0.00    5.94    0.00    0.00    0.00    1.98
20:08:57      10   79.21    0.00   14.85    0.00    0.00    3.96    0.00    0.00    0.00    1.98
20:08:57      11   74.75    0.00   18.18    0.00    0.00    5.05    0.00    0.00    0.00    2.02
20:08:57      12   78.43    0.00   14.71    0.00    0.00    3.92    0.00    0.00    0.00    2.94
20:08:57      13   73.00    0.00   17.00    0.00    0.00    3.00    0.00    0.00    0.00    7.00
20:08:57      14   80.20    0.00   11.88    0.00    0.00    5.94    0.00    0.00    0.00    1.98
20:08:57      15   78.22    0.00   15.84    0.00    0.00    3.96    0.00    0.00    0.00    1.98
20:08:57      16   69.70    0.00   12.12    2.02    0.00    4.04    0.00    0.00    0.00   12.12
20:08:57      17   65.62    0.00   13.54    4.17    0.00    2.08    0.00    0.00    0.00   14.58
20:08:57      18   85.15    0.00   13.86    0.99    0.00    0.00    0.00    0.00    0.00    0.00
20:08:57      19   80.20    0.00   14.85    0.00    0.00    1.98    0.00    0.00    0.00    2.97
20:08:57      20   32.26    0.00   10.75    2.15    0.00    3.23    0.00    0.00    0.00   51.61
20:08:57      21   27.59    0.00   17.24    1.15    0.00    0.00    0.00    0.00    0.00   54.02
20:08:57      22   79.21    0.00   17.82    0.00    0.00    0.99    0.00    0.00    0.00    1.98
20:08:57      23   76.24    0.00   16.83    0.00    0.00    4.95    0.00    0.00    0.00    1.98
20:08:57      24   60.40    0.00   20.79    0.00    0.00    9.90    0.00    0.00    0.00    8.91
20:08:57      25   57.43    0.00   23.76    0.00    0.00   12.87    0.00    0.00    0.00    5.94
20:08:57      26   53.47    0.00   29.70    0.00    0.00    9.90    0.00    0.00    0.00    6.93
20:08:57      27   56.86    0.00   24.51    0.00    0.00    9.80    0.00    0.00    0.00    8.82
20:08:57      28   61.39    0.00   21.78    0.00    0.00   12.87    0.00    0.00    0.00    3.96
20:08:57      29   53.47    0.00   28.71    0.00    0.00   10.89    0.00    0.00    0.00    6.93
20:08:57      30   62.38    0.00   22.77    0.00    0.00    9.90    0.00    0.00    0.00    4.95
20:08:57      31   60.00    0.00   21.00    0.00    0.00   12.00    0.00    0.00    0.00    7.00

20:08:57     CPU    %usr   %nice    %sys %iowait    %irq   %soft  %steal  %guest  %gnice   %idle
20:08:58     all   64.88    0.00   17.53    1.70    0.00    5.75    0.00    0.00    0.00   10.15
20:08:58       0   37.50    0.00   10.58   16.35    0.00    0.96    0.00    0.00    0.00   34.62
20:08:58       1   30.93    0.00    9.28   13.40    0.00   14.43    0.00    0.00    0.00   31.96
20:08:58       2   84.00    0.00   10.00    0.00    0.00    3.00    0.00    0.00    0.00    3.00
20:08:58       3   79.00    0.00   12.00    0.00    0.00    4.00    0.00    0.00    0.00    5.00
20:08:58       4   50.52    0.00   37.11    1.03    0.00    4.12    0.00    0.00    0.00    7.22
20:08:58       5   71.43    0.00   15.31    0.00    0.00    2.04    0.00    0.00    0.00   11.22
20:08:58       6   71.00    0.00   20.00    0.00    0.00    5.00    0.00    0.00    0.00    4.00
20:08:58       7   76.24    0.00   15.84    0.00    0.00    3.96    0.00    0.00    0.00    3.96
20:08:58       8   79.80    0.00   13.13    0.00    0.00    4.04    0.00    0.00    0.00    3.03
20:08:58       9   76.77    0.00   17.17    0.00    0.00    3.03    0.00    0.00    0.00    3.03
20:08:58      10   71.00    0.00   20.00    0.00    0.00    6.00    0.00    0.00    0.00    3.00
20:08:58      11   74.00    0.00   18.00    0.00    0.00    4.00    0.00    0.00    0.00    4.00
20:08:58      12   70.71    0.00   16.16    0.00    0.00    5.05    0.00    0.00    0.00    8.08
20:08:58      13   74.76    0.00   14.56    0.00    0.00    5.83    0.00    0.00    0.00    4.85
20:08:58      14   83.00    0.00   13.00    0.00    0.00    1.00    0.00    0.00    0.00    3.00
20:08:58      15   74.00    0.00   20.00    0.00    0.00    4.00    0.00    0.00    0.00    2.00
20:08:58      16   36.36    0.00    9.09   13.13    0.00    2.02    0.00    0.00    0.00   39.39
20:08:58      17   35.35    0.00   12.12    9.09    0.00    2.02    0.00    0.00    0.00   41.41
20:08:58      18   86.00    0.00   11.00    0.00    0.00    1.00    0.00    0.00    0.00    2.00
20:08:58      19   69.70    0.00   20.20    0.00    0.00    7.07    0.00    0.00    0.00    3.03
20:08:58      20   65.35    0.00   17.82    0.99    0.00    4.95    0.00    0.00    0.00   10.89
20:08:58      21   74.26    0.00   11.88    0.00    0.00    3.96    0.00    0.00    0.00    9.90
20:08:58      22   76.24    0.00   14.85    0.00    0.00    4.95    0.00    0.00    0.00    3.96
20:08:58      23   73.00    0.00   20.00    0.00    0.00    4.00    0.00    0.00    0.00    3.00
20:08:58      24   56.70    0.00   25.77    0.00    0.00    8.25    0.00    0.00    0.00    9.28
20:08:58      25   54.17    0.00   22.92    0.00    0.00   11.46    0.00    0.00    0.00   11.46
20:08:58      26   59.41    0.00   21.78    0.00    0.00   12.87    0.00    0.00    0.00    5.94
20:08:58      27   59.00    0.00   24.00    0.00    0.00    9.00    0.00    0.00    0.00    8.00
20:08:58      28   56.00    0.00   23.00    0.00    0.00   12.00    0.00    0.00    0.00    9.00
20:08:58      29   59.18    0.00   21.43    0.00    0.00   10.20    0.00    0.00    0.00    9.18
20:08:58      30   53.54    0.00   23.23    0.00    0.00    8.08    0.00    0.00    0.00   15.15
20:08:58      31   54.74    0.00   21.05    0.00    0.00   12.63    0.00    0.00    0.00   11.58

20:08:58     CPU    %usr   %nice    %sys %iowait    %irq   %soft  %steal  %guest  %gnice   %idle
20:08:59     all   68.54    0.00   18.06    0.00    0.00    5.47    0.00    0.00    0.00    7.93
20:08:59       0   58.42    0.00    7.92    0.00    0.00    1.98    0.00    0.00    0.00   31.68
20:08:59       1   53.47    0.00    8.91    0.00    0.00    1.98    0.00    0.00    0.00   35.64
20:08:59       2   78.12    0.00   15.62    0.00    0.00    1.04    0.00    0.00    0.00    5.21
20:08:59       3   72.00    0.00   19.00    0.00    0.00    3.00    0.00    0.00    0.00    6.00
20:08:59       4   59.60    0.00   37.37    0.00    0.00    2.02    0.00    0.00    0.00    1.01
20:08:59       5   77.00    0.00   18.00    0.00    0.00    2.00    0.00    0.00    0.00    3.00
20:08:59       6   73.79    0.00   15.53    0.00    0.00    3.88    0.00    0.00    0.00    6.80
20:08:59       7   75.76    0.00   14.14    0.00    0.00    4.04    0.00    0.00    0.00    6.06
20:08:59       8   76.70    0.00   13.59    0.00    0.00    5.83    0.00    0.00    0.00    3.88
20:08:59       9   73.00    0.00   19.00    0.00    0.00    4.00    0.00    0.00    0.00    4.00
20:08:59      10   78.35    0.00   16.49    0.00    0.00    2.06    0.00    0.00    0.00    3.09
20:08:59      11   73.00    0.00   16.00    0.00    0.00    7.00    0.00    0.00    0.00    4.00
20:08:59      12   74.00    0.00   15.00    0.00    0.00    5.00    0.00    0.00    0.00    6.00
20:08:59      13   77.89    0.00   13.68    0.00    0.00    4.21    0.00    0.00    0.00    4.21
20:08:59      14   77.78    0.00   14.14    0.00    0.00    3.03    0.00    0.00    0.00    5.05
20:08:59      15   73.74    0.00   19.19    0.00    0.00    4.04    0.00    0.00    0.00    3.03
20:08:59      16   51.04    0.00   11.46    0.00    0.00    3.12    0.00    0.00    0.00   34.38
20:08:59      17   52.00    0.00   11.00    0.00    0.00    4.00    0.00    0.00    0.00   33.00
20:08:59      18   81.63    0.00   16.33    0.00    0.00    0.00    0.00    0.00    0.00    2.04
20:08:59      19   77.78    0.00   12.12    0.00    0.00    5.05    0.00    0.00    0.00    5.05
20:08:59      20   75.51    0.00   18.37    0.00    0.00    4.08    0.00    0.00    0.00    2.04
20:08:59      21   72.00    0.00   19.00    0.00    0.00    6.00    0.00    0.00    0.00    3.00
20:08:59      22   76.00    0.00   17.00    0.00    0.00    3.00    0.00    0.00    0.00    4.00
20:08:59      23   76.47    0.00   15.69    0.00    0.00    2.94    0.00    0.00    0.00    4.90
20:08:59      24   62.38    0.00   25.74    0.00    0.00    8.91    0.00    0.00    0.00    2.97
20:08:59      25   68.00    0.00   18.00    0.00    0.00   13.00    0.00    0.00    0.00    1.00
20:08:59      26   62.63    0.00   25.25    0.00    0.00    9.09    0.00    0.00    0.00    3.03
20:08:59      27   56.57    0.00   25.25    0.00    0.00   15.15    0.00    0.00    0.00    3.03
20:08:59      28   58.16    0.00   27.55    0.00    0.00   12.24    0.00    0.00    0.00    2.04
20:08:59      29   56.00    0.00   29.00    0.00    0.00   14.00    0.00    0.00    0.00    1.00
20:08:59      30   53.12    0.00   25.00    0.00    0.00    7.29    0.00    0.00    0.00   14.58
20:08:59      31   61.39    0.00   17.82    0.00    0.00   11.88    0.00    0.00    0.00    8.91

20:08:59     CPU    %usr   %nice    %sys %iowait    %irq   %soft  %steal  %guest  %gnice   %idle
20:09:00     all   69.96    0.00   18.84    0.00    0.00    5.88    0.00    0.00    0.00    5.32
20:09:00       0   68.69    0.00   18.18    0.00    0.00    4.04    0.00    0.00    0.00    9.09
20:09:00       1   72.73    0.00   18.18    0.00    0.00    4.04    0.00    0.00    0.00    5.05
20:09:00       2   76.47    0.00   15.69    0.00    0.00    2.94    0.00    0.00    0.00    4.90
20:09:00       3   81.00    0.00   14.00    0.00    0.00    1.00    0.00    0.00    0.00    4.00
20:09:00       4   48.48    0.00   47.47    0.00    0.00    2.02    0.00    0.00    0.00    2.02
20:09:00       5   75.25    0.00   17.82    0.00    0.00    3.96    0.00    0.00    0.00    2.97
20:09:00       6   68.75    0.00   18.75    0.00    0.00    5.21    0.00    0.00    0.00    7.29
20:09:00       7   77.23    0.00   10.89    0.00    0.00    5.94    0.00    0.00    0.00    5.94
20:09:00       8   74.75    0.00   16.16    0.00    0.00    4.04    0.00    0.00    0.00    5.05
20:09:00       9   77.23    0.00   12.87    0.00    0.00    3.96    0.00    0.00    0.00    5.94
20:09:00      10   77.55    0.00   14.29    0.00    0.00    3.06    0.00    0.00    0.00    5.10
20:09:00      11   74.00    0.00   18.00    0.00    0.00    4.00    0.00    0.00    0.00    4.00
20:09:00      12   74.23    0.00   17.53    0.00    0.00    4.12    0.00    0.00    0.00    4.12
20:09:00      13   70.71    0.00   15.15    0.00    0.00    6.06    0.00    0.00    0.00    8.08
20:09:00      14   76.29    0.00   17.53    0.00    0.00    2.06    0.00    0.00    0.00    4.12
20:09:00      15   71.00    0.00   16.00    0.00    0.00    8.00    0.00    0.00    0.00    5.00
20:09:00      16   69.31    0.00   16.83    0.00    0.00    3.96    0.00    0.00    0.00    9.90
20:09:00      17   72.28    0.00   15.84    0.00    0.00    4.95    0.00    0.00    0.00    6.93
20:09:00      18   82.00    0.00   10.00    0.00    0.00    4.00    0.00    0.00    0.00    4.00
20:09:00      19   78.43    0.00   15.69    0.00    0.00    0.98    0.00    0.00    0.00    4.90
20:09:00      20   73.20    0.00   17.53    0.00    0.00    5.15    0.00    0.00    0.00    4.12
20:09:00      21   78.79    0.00   14.14    0.00    0.00    3.03    0.00    0.00    0.00    4.04
20:09:00      22   73.40    0.00   15.96    0.00    0.00    3.19    0.00    0.00    0.00    7.45
20:09:00      23   70.00    0.00   17.00    0.00    0.00    7.00    0.00    0.00    0.00    6.00
20:09:00      24   59.18    0.00   27.55    0.00    0.00   10.20    0.00    0.00    0.00    3.06
20:09:00      25   57.00    0.00   26.00    0.00    0.00   12.00    0.00    0.00    0.00    5.00
20:09:00      26   61.00    0.00   25.00    0.00    0.00   10.00    0.00    0.00    0.00    4.00
20:09:00      27   60.00    0.00   23.00    0.00    0.00   12.00    0.00    0.00    0.00    5.00
20:09:00      28   61.62    0.00   21.21    0.00    0.00   10.10    0.00    0.00    0.00    7.07
20:09:00      29   61.39    0.00   20.79    0.00    0.00   10.89    0.00    0.00    0.00    6.93
20:09:00      30   58.59    0.00   23.23    0.00    0.00   14.14    0.00    0.00    0.00    4.04
20:09:00      31   58.00    0.00   25.00    0.00    0.00   12.00    0.00    0.00    0.00    5.00

20:09:00     CPU    %usr   %nice    %sys %iowait    %irq   %soft  %steal  %guest  %gnice   %idle
20:09:01     all   68.99    0.00   18.96    0.09    0.00    6.03    0.00    0.00    0.00    5.93
20:09:01       0   68.32    0.00   15.84    1.98    0.00    2.97    0.00    0.00    0.00   10.89
20:09:01       1   73.00    0.00   12.00    0.00    0.00    6.00    0.00    0.00    0.00    9.00
20:09:01       2   77.78    0.00   15.15    0.00    0.00    2.02    0.00    0.00    0.00    5.05
20:09:01       3   71.72    0.00   16.16    0.00    0.00    2.02    0.00    0.00    0.00   10.10
20:09:01       4   59.00    0.00   35.00    0.00    0.00    3.00    0.00    0.00    0.00    3.00
20:09:01       5   73.47    0.00   15.31    0.00    0.00    6.12    0.00    0.00    0.00    5.10
20:09:01       6   67.00    0.00   17.00    0.00    0.00    8.00    0.00    0.00    0.00    8.00
20:09:01       7   71.57    0.00   18.63    0.00    0.00    3.92    0.00    0.00    0.00    5.88
20:09:01       8   80.00    0.00   15.00    0.00    0.00    3.00    0.00    0.00    0.00    2.00
20:09:01       9   80.81    0.00   14.14    0.00    0.00    2.02    0.00    0.00    0.00    3.03
20:09:01      10   74.75    0.00   17.17    0.00    0.00    4.04    0.00    0.00    0.00    4.04
20:09:01      11   72.00    0.00   20.00    0.00    0.00    4.00    0.00    0.00    0.00    4.00
20:09:01      12   76.77    0.00   16.16    0.00    0.00    3.03    0.00    0.00    0.00    4.04
20:09:01      13   73.00    0.00   14.00    0.00    0.00    8.00    0.00    0.00    0.00    5.00
20:09:01      14   70.00    0.00   17.00    0.00    0.00    4.00    0.00    0.00    0.00    9.00
20:09:01      15   73.27    0.00   12.87    0.00    0.00    6.93    0.00    0.00    0.00    6.93
20:09:01      16   70.53    0.00   17.89    1.05    0.00    1.05    0.00    0.00    0.00    9.47
20:09:01      17   69.07    0.00   19.59    0.00    0.00    3.09    0.00    0.00    0.00    8.25
20:09:01      18   81.19    0.00   12.87    0.00    0.00    1.98    0.00    0.00    0.00    3.96
20:09:01      19   74.75    0.00   15.15    0.00    0.00    4.04    0.00    0.00    0.00    6.06
20:09:01      20   65.35    0.00   21.78    0.00    0.00    3.96    0.00    0.00    0.00    8.91
20:09:01      21   76.00    0.00   14.00    0.00    0.00    4.00    0.00    0.00    0.00    6.00
20:09:01      22   67.00    0.00   18.00    0.00    0.00    6.00    0.00    0.00    0.00    9.00
20:09:01      23   69.00    0.00   15.00    0.00    0.00    6.00    0.00    0.00    0.00   10.00
20:09:01      24   62.38    0.00   25.74    0.00    0.00    8.91    0.00    0.00    0.00    2.97
20:09:01      25   61.00    0.00   26.00    0.00    0.00   11.00    0.00    0.00    0.00    2.00
20:09:01      26   59.60    0.00   27.27    0.00    0.00   10.10    0.00    0.00    0.00    3.03
20:09:01      27   61.00    0.00   22.00    0.00    0.00   14.00    0.00    0.00    0.00    3.00
20:09:01      28   56.00    0.00   27.00    0.00    0.00   14.00    0.00    0.00    0.00    3.00
20:09:01      29   56.57    0.00   27.27    0.00    0.00   13.13    0.00    0.00    0.00    3.03
20:09:01      30   58.59    0.00   23.23    0.00    0.00   12.12    0.00    0.00    0.00    6.06
20:09:01      31   57.14    0.00   22.45    0.00    0.00   10.20    0.00    0.00    0.00   10.20

20:09:01     CPU    %usr   %nice    %sys %iowait    %irq   %soft  %steal  %guest  %gnice   %idle
20:09:02     all   68.60    0.00   17.87    0.00    0.00    5.76    0.00    0.00    0.00    7.77
20:09:02       0   69.07    0.00   14.43    0.00    0.00    3.09    0.00    0.00    0.00   13.40
20:09:02       1   64.00    0.00   16.00    0.00    0.00    5.00    0.00    0.00    0.00   15.00
20:09:02       2   86.00    0.00   11.00    0.00    0.00    1.00    0.00    0.00    0.00    2.00
20:09:02       3   75.73    0.00   12.62    0.00    0.00    4.85    0.00    0.00    0.00    6.80
20:09:02       4   63.00    0.00   29.00    0.00    0.00    3.00    0.00    0.00    0.00    5.00
20:09:02       5   72.73    0.00   14.14    0.00    0.00    5.05    0.00    0.00    0.00    8.08
20:09:02       6   72.45    0.00   12.24    0.00    0.00    3.06    0.00    0.00    0.00   12.24
20:09:02       7   72.73    0.00   15.15    0.00    0.00    4.04    0.00    0.00    0.00    8.08
20:09:02       8   71.72    0.00   18.18    0.00    0.00    4.04    0.00    0.00    0.00    6.06
20:09:02       9   74.49    0.00   17.35    0.00    0.00    3.06    0.00    0.00    0.00    5.10
20:09:02      10   76.24    0.00   12.87    0.00    0.00    3.96    0.00    0.00    0.00    6.93
20:09:02      11   75.76    0.00   14.14    0.00    0.00    6.06    0.00    0.00    0.00    4.04
20:09:02      12   73.00    0.00   16.00    0.00    0.00    5.00    0.00    0.00    0.00    6.00
20:09:02      13   75.76    0.00   14.14    0.00    0.00    5.05    0.00    0.00    0.00    5.05
20:09:02      14   73.74    0.00   12.12    0.00    0.00    7.07    0.00    0.00    0.00    7.07
20:09:02      15   72.16    0.00   16.49    0.00    0.00    4.12    0.00    0.00    0.00    7.22
20:09:02      16   67.35    0.00   14.29    0.00    0.00    4.08    0.00    0.00    0.00   14.29
20:09:02      17   63.73    0.00    9.80    0.00    0.00    2.94    0.00    0.00    0.00   23.53
20:09:02      18   87.00    0.00   12.00    0.00    0.00    0.00    0.00    0.00    0.00    1.00
20:09:02      19   70.10    0.00   20.62    0.00    0.00    3.09    0.00    0.00    0.00    6.19
20:09:02      20   64.65    0.00   28.28    0.00    0.00    2.02    0.00    0.00    0.00    5.05
20:09:02      21   72.73    0.00   15.15    0.00    0.00    6.06    0.00    0.00    0.00    6.06
20:09:02      22   69.15    0.00   14.89    0.00    0.00    4.26    0.00    0.00    0.00   11.70
20:09:02      23   70.30    0.00   16.83    0.00    0.00    2.97    0.00    0.00    0.00    9.90
20:09:02      24   67.68    0.00   19.19    0.00    0.00   10.10    0.00    0.00    0.00    3.03
20:09:02      25   58.59    0.00   28.28    0.00    0.00   10.10    0.00    0.00    0.00    3.03
20:09:02      26   62.38    0.00   23.76    0.00    0.00   10.89    0.00    0.00    0.00    2.97
20:09:02      27   65.35    0.00   21.78    0.00    0.00    9.90    0.00    0.00    0.00    2.97
20:09:02      28   56.00    0.00   29.00    0.00    0.00   12.00    0.00    0.00    0.00    3.00
20:09:02      29   53.00    0.00   30.00    0.00    0.00   14.00    0.00    0.00    0.00    3.00
20:09:02      30   41.58    0.00   16.83    0.00    0.00   10.89    0.00    0.00    0.00   30.69
20:09:02      31   57.58    0.00   25.25    0.00    0.00   13.13    0.00    0.00    0.00    4.04

20:09:02     CPU    %usr   %nice    %sys %iowait    %irq   %soft  %steal  %guest  %gnice   %idle
20:09:03     all   69.45    0.00   19.12    0.00    0.00    5.81    0.00    0.00    0.00    5.62
20:09:03       0   74.47    0.00   17.02    0.00    0.00    3.19    0.00    0.00    0.00    5.32
20:09:03       1   69.70    0.00   17.17    0.00    0.00    6.06    0.00    0.00    0.00    7.07
20:09:03       2   74.00    0.00   17.00    0.00    0.00    2.00    0.00    0.00    0.00    7.00
20:09:03       3   70.59    0.00   19.61    0.00    0.00    2.94    0.00    0.00    0.00    6.86
20:09:03       4   62.24    0.00   34.69    0.00    0.00    1.02    0.00    0.00    0.00    2.04
20:09:03       5   75.25    0.00   12.87    0.00    0.00    4.95    0.00    0.00    0.00    6.93
20:09:03       6   69.00    0.00   16.00    0.00    0.00    6.00    0.00    0.00    0.00    9.00
20:09:03       7   71.57    0.00   16.67    0.00    0.00    2.94    0.00    0.00    0.00    8.82
20:09:03       8   72.00    0.00   20.00    0.00    0.00    4.00    0.00    0.00    0.00    4.00
20:09:03       9   75.76    0.00   14.14    0.00    0.00    6.06    0.00    0.00    0.00    4.04
20:09:03      10   73.00    0.00   18.00    0.00    0.00    6.00    0.00    0.00    0.00    3.00
20:09:03      11   70.71    0.00   19.19    0.00    0.00    6.06    0.00    0.00    0.00    4.04
20:09:03      12   71.72    0.00   16.16    0.00    0.00    6.06    0.00    0.00    0.00    6.06
20:09:03      13   76.53    0.00   12.24    0.00    0.00    6.12    0.00    0.00    0.00    5.10
20:09:03      14   73.74    0.00   16.16    0.00    0.00    5.05    0.00    0.00    0.00    5.05
20:09:03      15   77.78    0.00   12.12    0.00    0.00    5.05    0.00    0.00    0.00    5.05
20:09:03      16   74.23    0.00   16.49    0.00    0.00    3.09    0.00    0.00    0.00    6.19
20:09:03      17   74.49    0.00   14.29    0.00    0.00    4.08    0.00    0.00    0.00    7.14
20:09:03      18   77.78    0.00   17.17    0.00    0.00    0.00    0.00    0.00    0.00    5.05
20:09:03      19   74.75    0.00   17.17    0.00    0.00    1.01    0.00    0.00    0.00    7.07
20:09:03      20   66.33    0.00   26.53    0.00    0.00    4.08    0.00    0.00    0.00    3.06
20:09:03      21   70.71    0.00   17.17    0.00    0.00    5.05    0.00    0.00    0.00    7.07
20:09:03      22   71.88    0.00   15.62    0.00    0.00    4.17    0.00    0.00    0.00    8.33
20:09:03      23   78.12    0.00   14.58    0.00    0.00    0.00    0.00    0.00    0.00    7.29
20:09:03      24   64.00    0.00   20.00    0.00    0.00   11.00    0.00    0.00    0.00    5.00
20:09:03      25   58.16    0.00   24.49    0.00    0.00   10.20    0.00    0.00    0.00    7.14
20:09:03      26   59.79    0.00   23.71    0.00    0.00   11.34    0.00    0.00    0.00    5.15
20:09:03      27   62.38    0.00   23.76    0.00    0.00    7.92    0.00    0.00    0.00    5.94
20:09:03      28   60.00    0.00   27.00    0.00    0.00   10.00    0.00    0.00    0.00    3.00
20:09:03      29   56.57    0.00   25.25    0.00    0.00   14.14    0.00    0.00    0.00    4.04
20:09:03      30   60.58    0.00   25.00    0.00    0.00    8.65    0.00    0.00    0.00    5.77
20:09:03      31   55.56    0.00   24.24    0.00    0.00   17.17    0.00    0.00    0.00    3.03

20:09:03     CPU    %usr   %nice    %sys %iowait    %irq   %soft  %steal  %guest  %gnice   %idle
20:09:04     all   66.35    0.00   18.10    1.52    0.00    5.56    0.00    0.00    0.00    8.47
20:09:04       0   42.11    0.00    8.42   10.53    0.00    3.16    0.00    0.00    0.00   35.79
20:09:04       1   37.11    0.00   12.37    9.28    0.00   11.34    0.00    0.00    0.00   29.90
20:09:04       2   72.00    0.00   18.00    0.00    0.00    6.00    0.00    0.00    0.00    4.00
20:09:04       3   76.00    0.00   14.00    0.00    0.00    6.00    0.00    0.00    0.00    4.00
20:09:04       4   62.00    0.00   33.00    0.00    0.00    3.00    0.00    0.00    0.00    2.00
20:09:04       5   77.32    0.00   14.43    0.00    0.00    4.12    0.00    0.00    0.00    4.12
20:09:04       6   72.00    0.00   20.00    0.00    0.00    4.00    0.00    0.00    0.00    4.00
20:09:04       7   73.79    0.00   18.45    0.00    0.00    2.91    0.00    0.00    0.00    4.85
20:09:04       8   70.41    0.00   20.41    0.00    0.00    3.06    0.00    0.00    0.00    6.12
20:09:04       9   75.51    0.00   17.35    0.00    0.00    3.06    0.00    0.00    0.00    4.08
20:09:04      10   74.49    0.00   16.33    0.00    0.00    5.10    0.00    0.00    0.00    4.08
20:09:04      11   78.00    0.00   13.00    0.00    0.00    6.00    0.00    0.00    0.00    3.00
20:09:04      12   76.00    0.00   17.00    0.00    0.00    4.00    0.00    0.00    0.00    3.00
20:09:04      13   75.51    0.00   18.37    0.00    0.00    2.04    0.00    0.00    0.00    4.08
20:09:04      14   74.00    0.00   15.00    0.00    0.00    4.00    0.00    0.00    0.00    7.00
20:09:04      15   73.47    0.00   15.31    0.00    0.00    6.12    0.00    0.00    0.00    5.10
20:09:04      16   37.78    0.00   11.11   12.22    0.00    1.11    0.00    0.00    0.00   37.78
20:09:04      17   41.00    0.00   11.00   17.00    0.00    2.00    0.00    0.00    0.00   29.00
20:09:04      18   73.27    0.00   18.81    0.00    0.00    3.96    0.00    0.00    0.00    3.96
20:09:04      19   73.74    0.00   18.18    0.00    0.00    5.05    0.00    0.00    0.00    3.03
20:09:04      20   77.00    0.00   16.00    0.00    0.00    5.00    0.00    0.00    0.00    2.00
20:09:04      21   75.00    0.00   15.00    0.00    0.00    6.00    0.00    0.00    0.00    4.00
20:09:04      22   74.26    0.00   14.85    0.00    0.00    6.93    0.00    0.00    0.00    3.96
20:09:04      23   83.00    0.00   15.00    1.00    0.00    0.00    0.00    0.00    0.00    1.00
20:09:04      24   58.59    0.00   26.26    0.00    0.00    8.08    0.00    0.00    0.00    7.07
20:09:04      25   55.10    0.00   26.53    0.00    0.00   12.24    0.00    0.00    0.00    6.12
20:09:04      26   62.00    0.00   19.00    0.00    0.00   10.00    0.00    0.00    0.00    9.00
20:09:04      27   63.92    0.00   22.68    0.00    0.00    8.25    0.00    0.00    0.00    5.15
20:09:04      28   58.16    0.00   23.47    0.00    0.00    8.16    0.00    0.00    0.00   10.20
20:09:04      29   57.00    0.00   23.00    0.00    0.00    8.00    0.00    0.00    0.00   12.00
20:09:04      30   60.61    0.00   24.24    0.00    0.00    7.07    0.00    0.00    0.00    8.08
20:09:04      31   58.42    0.00   21.78    0.00    0.00   11.88    0.00    0.00    0.00    7.92

20:09:04     CPU    %usr   %nice    %sys %iowait    %irq   %soft  %steal  %guest  %gnice   %idle
20:09:05     all   65.11    0.00   19.06    1.86    0.00    6.13    0.00    0.00    0.00    7.84
20:09:05       0   27.66    0.00   11.70   20.21    0.00    2.13    0.00    0.00    0.00   38.30
20:09:05       1   34.34    0.00   10.10   10.10    0.00   10.10    0.00    0.00    0.00   35.35
20:09:05       2   73.74    0.00   20.20    0.00    0.00    4.04    0.00    0.00    0.00    2.02
20:09:05       3   74.49    0.00   15.31    0.00    0.00    7.14    0.00    0.00    0.00    3.06
20:09:05       4   77.00    0.00   15.00    0.00    0.00    6.00    0.00    0.00    0.00    2.00
20:09:05       5   70.71    0.00   21.21    0.00    0.00    6.06    0.00    0.00    0.00    2.02
20:09:05       6   75.76    0.00   18.18    0.00    0.00    4.04    0.00    0.00    0.00    2.02
20:09:05       7   84.00    0.00   14.00    1.00    0.00    0.00    0.00    0.00    0.00    1.00
20:09:05       8   78.79    0.00   13.13    0.00    0.00    4.04    0.00    0.00    0.00    4.04
20:09:05       9   76.00    0.00   16.00    0.00    0.00    5.00    0.00    0.00    0.00    3.00
20:09:05      10   76.77    0.00   16.16    0.00    0.00    5.05    0.00    0.00    0.00    2.02
20:09:05      11   79.00    0.00   14.00    0.00    0.00    5.00    0.00    0.00    0.00    2.00
20:09:05      12   74.00    0.00   18.00    0.00    0.00    6.00    0.00    0.00    0.00    2.00
20:09:05      13   74.49    0.00   16.33    0.00    0.00    4.08    0.00    0.00    0.00    5.10
20:09:05      14   70.71    0.00   20.20    0.00    0.00    5.05    0.00    0.00    0.00    4.04
20:09:05      15   77.00    0.00   17.00    0.00    0.00    4.00    0.00    0.00    0.00    2.00
20:09:05      16   34.34    0.00    7.07   13.13    0.00    2.02    0.00    0.00    0.00   43.43
20:09:05      17   30.69    0.00   12.87   14.85    0.00    1.98    0.00    0.00    0.00   39.60
20:09:05      18   72.73    0.00   21.21    0.00    0.00    3.03    0.00    0.00    0.00    3.03
20:09:05      19   78.35    0.00   14.43    0.00    0.00    4.12    0.00    0.00    0.00    3.09
20:09:05      20   50.00    0.00   46.94    0.00    0.00    2.04    0.00    0.00    0.00    1.02
20:09:05      21   74.75    0.00   17.17    0.00    0.00    6.06    0.00    0.00    0.00    2.02
20:09:05      22   73.53    0.00   16.67    0.98    0.00    4.90    0.00    0.00    0.00    3.92
20:09:05      23   75.49    0.00   16.67    0.00    0.00    5.88    0.00    0.00    0.00    1.96
20:09:05      24   58.16    0.00   26.53    0.00    0.00   10.20    0.00    0.00    0.00    5.10
20:09:05      25   57.58    0.00   27.27    0.00    0.00   12.12    0.00    0.00    0.00    3.03
20:09:05      26   55.32    0.00   24.47    0.00    0.00   12.77    0.00    0.00    0.00    7.45
20:09:05      27   55.45    0.00   27.72    0.00    0.00   11.88    0.00    0.00    0.00    4.95
20:09:05      28   60.82    0.00   23.71    0.00    0.00   10.31    0.00    0.00    0.00    5.15
20:09:05      29   63.27    0.00   22.45    0.00    0.00    7.14    0.00    0.00    0.00    7.14
20:09:05      30   56.25    0.00   25.00    0.00    0.00   12.50    0.00    0.00    0.00    6.25
20:09:05      31   59.41    0.00   23.76    0.00    0.00   11.88    0.00    0.00    0.00    4.95

20:09:05     CPU    %usr   %nice    %sys %iowait    %irq   %soft  %steal  %guest  %gnice   %idle
20:09:06     all   64.77    0.00   18.16    1.70    0.00    5.72    0.00    0.00    0.00    9.65
20:09:06       0   33.33    0.00   11.46   11.46    0.00    1.04    0.00    0.00    0.00   42.71
20:09:06       1   31.58    0.00   13.68    6.32    0.00    7.37    0.00    0.00    0.00   41.05
20:09:06       2   79.80    0.00   15.15    0.00    0.00    2.02    0.00    0.00    0.00    3.03
20:09:06       3   73.00    0.00   17.00    0.00    0.00    7.00    0.00    0.00    0.00    3.00
20:09:06       4   54.08    0.00   37.76    0.00    0.00    7.14    0.00    0.00    0.00    1.02
20:09:06       5   76.24    0.00   14.85    0.00    0.00    6.93    0.00    0.00    0.00    1.98
20:09:06       6   67.33    0.00   14.85    2.97    0.00    3.96    0.00    0.00    0.00   10.89
20:09:06       7   74.00    0.00   13.00    2.00    0.00    3.00    0.00    0.00    0.00    8.00
20:09:06       8   74.00    0.00   18.00    0.00    0.00    4.00    0.00    0.00    0.00    4.00
20:09:06       9   70.71    0.00   19.19    0.00    0.00    6.06    0.00    0.00    0.00    4.04
20:09:06      10   78.43    0.00   15.69    0.00    0.00    2.94    0.00    0.00    0.00    2.94
20:09:06      11   75.00    0.00   18.00    0.00    0.00    4.00    0.00    0.00    0.00    3.00
20:09:06      12   81.37    0.00   12.75    0.00    0.00    3.92    0.00    0.00    0.00    1.96
20:09:06      13   78.43    0.00   13.73    0.00    0.00    3.92    0.00    0.00    0.00    3.92
20:09:06      14   78.22    0.00   13.86    0.00    0.00    4.95    0.00    0.00    0.00    2.97
20:09:06      15   74.75    0.00   16.16    0.00    0.00    6.06    0.00    0.00    0.00    3.03
20:09:06      16   32.32    0.00   14.14    8.08    0.00    2.02    0.00    0.00    0.00   43.43
20:09:06      17   32.99    0.00   10.31   16.49    0.00    0.00    0.00    0.00    0.00   40.21
20:09:06      18   74.26    0.00   17.82    0.00    0.00    4.95    0.00    0.00    0.00    2.97
20:09:06      19   77.23    0.00   16.83    0.00    0.00    2.97    0.00    0.00    0.00    2.97
20:09:06      20   75.00    0.00   18.00    0.00    0.00    4.00    0.00    0.00    0.00    3.00
20:09:06      21   78.00    0.00   15.00    1.00    0.00    4.00    0.00    0.00    0.00    2.00
20:09:06      22   68.69    0.00   14.14    5.05    0.00    4.04    0.00    0.00    0.00    8.08
20:09:06      23   64.29    0.00   20.41    2.04    0.00    3.06    0.00    0.00    0.00   10.20
20:09:06      24   56.12    0.00   23.47    0.00    0.00   13.27    0.00    0.00    0.00    7.14
20:09:06      25   57.58    0.00   24.24    0.00    0.00   11.11    0.00    0.00    0.00    7.07
20:09:06      26   56.12    0.00   21.43    0.00    0.00    9.18    0.00    0.00    0.00   13.27
20:09:06      27   59.60    0.00   22.22    0.00    0.00   10.10    0.00    0.00    0.00    8.08
20:09:06      28   57.58    0.00   24.24    0.00    0.00   10.10    0.00    0.00    0.00    8.08
20:09:06      29   60.00    0.00   24.00    0.00    0.00    9.00    0.00    0.00    0.00    7.00
20:09:06      30   57.58    0.00   28.28    0.00    0.00    9.09    0.00    0.00    0.00    5.05
20:09:06      31   59.00    0.00   22.00    0.00    0.00   12.00    0.00    0.00    0.00    7.00

20:09:06     CPU    %usr   %nice    %sys %iowait    %irq   %soft  %steal  %guest  %gnice   %idle
20:09:07     all   64.68    0.00   18.64    1.90    0.00    5.79    0.00    0.00    0.00    8.99
20:09:07       0   65.35    0.00   14.85    0.00    0.00    5.94    0.00    0.00    0.00   13.86
20:09:07       1   69.00    0.00   16.00    0.00    0.00    4.00    0.00    0.00    0.00   11.00
20:09:07       2   80.20    0.00   13.86    0.00    0.00    3.96    0.00    0.00    0.00    1.98
20:09:07       3   77.55    0.00   17.35    0.00    0.00    4.08    0.00    0.00    0.00    1.02
20:09:07       4   60.40    0.00   35.64    0.00    0.00    2.97    0.00    0.00    0.00    0.99
20:09:07       5   72.00    0.00   19.00    0.00    0.00    7.00    0.00    0.00    0.00    2.00
20:09:07       6   30.93    0.00   14.43   15.46    0.00    3.09    0.00    0.00    0.00   36.08
20:09:07       7   29.47    0.00   11.58   18.95    0.00    3.16    0.00    0.00    0.00   36.84
20:09:07       8   76.00    0.00   14.00    0.00    0.00    8.00    0.00    0.00    0.00    2.00
20:09:07       9   75.25    0.00   17.82    0.00    0.00    5.94    0.00    0.00    0.00    0.99
20:09:07      10   78.79    0.00   15.15    0.00    0.00    5.05    0.00    0.00    0.00    1.01
20:09:07      11   76.24    0.00   18.81    0.00    0.00    3.96    0.00    0.00    0.00    0.99
20:09:07      12   76.53    0.00   18.37    0.00    0.00    2.04    0.00    0.00    0.00    3.06
20:09:07      13   76.24    0.00   17.82    0.00    0.00    2.97    0.00    0.00    0.00    2.97
20:09:07      14   80.20    0.00   13.86    0.00    0.00    3.96    0.00    0.00    0.00    1.98
20:09:07      15   76.77    0.00   16.16    0.00    0.00    5.05    0.00    0.00    0.00    2.02
20:09:07      16   60.00    0.00   16.00    0.00    0.00    5.00    0.00    0.00    0.00   19.00
20:09:07      17   67.01    0.00   16.49    0.00    0.00    3.09    0.00    0.00    0.00   13.40
20:09:07      18   76.24    0.00   20.79    0.99    0.00    0.99    0.00    0.00    0.00    0.99
20:09:07      19   72.28    0.00   22.77    0.00    0.00    2.97    0.00    0.00    0.00    1.98
20:09:07      20   74.49    0.00   21.43    0.00    0.00    4.08    0.00    0.00    0.00    0.00
20:09:07      21   75.25    0.00   17.82    0.00    0.00    4.95    0.00    0.00    0.00    1.98
20:09:07      22   32.22    0.00    7.78   13.33    0.00    4.44    0.00    0.00    0.00   42.22
20:09:07      23   31.31    0.00   12.12   14.14    0.00    4.04    0.00    0.00    0.00   38.38
20:09:07      24   63.64    0.00   19.19    0.00    0.00   12.12    0.00    0.00    0.00    5.05
20:09:07      25   55.10    0.00   28.57    0.00    0.00   11.22    0.00    0.00    0.00    5.10
20:09:07      26   56.99    0.00   22.58    0.00    0.00   12.90    0.00    0.00    0.00    7.53
20:09:07      27   57.89    0.00   25.26    0.00    0.00    7.37    0.00    0.00    0.00    9.47
20:09:07      28   60.20    0.00   21.43    0.00    0.00    8.16    0.00    0.00    0.00   10.20
20:09:07      29   56.57    0.00   22.22    0.00    0.00   10.10    0.00    0.00    0.00   11.11
20:09:07      30   62.24    0.00   20.41    0.00    0.00   13.27    0.00    0.00    0.00    4.08
20:09:07      31   60.00    0.00   26.00    0.00    0.00   10.00    0.00    0.00    0.00    4.00

20:09:07     CPU    %usr   %nice    %sys %iowait    %irq   %soft  %steal  %guest  %gnice   %idle
20:09:08     all   66.03    0.00   19.21    1.60    0.00    5.23    0.00    0.00    0.00    7.93
20:09:08       0   74.75    0.00   19.19    0.00    0.00    3.03    0.00    0.00    0.00    3.03
20:09:08       1   73.00    0.00   23.00    0.00    0.00    2.00    0.00    0.00    0.00    2.00
20:09:08       2   72.28    0.00   19.80    0.00    0.00    2.97    0.00    0.00    0.00    4.95
20:09:08       3   74.26    0.00   18.81    0.99    0.00    2.97    0.00    0.00    0.00    2.97
20:09:08       4   73.00    0.00   20.00    0.00    0.00    4.00    0.00    0.00    0.00    3.00
20:09:08       5   77.32    0.00   15.46    0.00    0.00    3.09    0.00    0.00    0.00    4.12
20:09:08       6   34.34    0.00   15.15    8.08    0.00    4.04    0.00    0.00    0.00   38.38
20:09:08       7   25.53    0.00   18.09   18.09    0.00    4.26    0.00    0.00    0.00   34.04
20:09:08       8   79.80    0.00   16.16    0.00    0.00    2.02    0.00    0.00    0.00    2.02
20:09:08       9   71.29    0.00   17.82    0.00    0.00    3.96    0.00    0.00    0.00    6.93
20:09:08      10   79.21    0.00   13.86    0.00    0.00    3.96    0.00    0.00    0.00    2.97
20:09:08      11   79.21    0.00   14.85    0.00    0.00    2.97    0.00    0.00    0.00    2.97
20:09:08      12   75.00    0.00   18.00    0.00    0.00    4.00    0.00    0.00    0.00    3.00
20:09:08      13   73.53    0.00   19.61    0.00    0.00    4.90    0.00    0.00    0.00    1.96
20:09:08      14   74.00    0.00   18.00    0.00    0.00    6.00    0.00    0.00    0.00    2.00
20:09:08      15   76.77    0.00   16.16    0.00    0.00    4.04    0.00    0.00    0.00    3.03
20:09:08      16   77.55    0.00   16.33    0.00    0.00    3.06    0.00    0.00    0.00    3.06
20:09:08      17   73.27    0.00   17.82    0.99    0.00    3.96    0.00    0.00    0.00    3.96
20:09:08      18   70.30    0.00   22.77    0.00    0.00    4.95    0.00    0.00    0.00    1.98
20:09:08      19   75.25    0.00   17.82    0.00    0.00    3.96    0.00    0.00    0.00    2.97
20:09:08      20   75.49    0.00   16.67    0.00    0.00    3.92    0.00    0.00    0.00    3.92
20:09:08      21   74.26    0.00   17.82    0.00    0.00    4.95    0.00    0.00    0.00    2.97
20:09:08      22   30.93    0.00   15.46   16.49    0.00    4.12    0.00    0.00    0.00   32.99
20:09:08      23   26.88    0.00   18.28    8.60    0.00    5.38    0.00    0.00    0.00   40.86
20:09:08      24   60.78    0.00   25.49    0.00    0.00   10.78    0.00    0.00    0.00    2.94
20:09:08      25   61.00    0.00   27.00    0.00    0.00    7.00    0.00    0.00    0.00    5.00
20:09:08      26   61.17    0.00   21.36    0.00    0.00    9.71    0.00    0.00    0.00    7.77
20:09:08      27   69.00    0.00   16.00    0.00    0.00    8.00    0.00    0.00    0.00    7.00
20:09:08      28   64.00    0.00   24.00    0.00    0.00    8.00    0.00    0.00    0.00    4.00
20:09:08      29   59.60    0.00   24.24    0.00    0.00   11.11    0.00    0.00    0.00    5.05
20:09:08      30   59.60    0.00   24.24    0.00    0.00   11.11    0.00    0.00    0.00    5.05
20:09:08      31   54.00    0.00   25.00    0.00    0.00    9.00    0.00    0.00    0.00   12.00

20:09:08     CPU    %usr   %nice    %sys %iowait    %irq   %soft  %steal  %guest  %gnice   %idle
20:09:09     all   67.14    0.00   17.30    1.23    0.00    5.76    0.00    0.00    0.00    8.57
20:09:09       0   79.80    0.00   14.14    1.01    0.00    3.03    0.00    0.00    0.00    2.02
20:09:09       1   63.64    0.00   17.17    7.07    0.00    9.09    0.00    0.00    0.00    3.03
20:09:09       2   75.00    0.00   17.00    0.00    0.00    5.00    0.00    0.00    0.00    3.00
20:09:09       3   76.77    0.00   19.19    0.00    0.00    2.02    0.00    0.00    0.00    2.02
20:09:09       4   79.59    0.00   17.35    0.00    0.00    2.04    0.00    0.00    0.00    1.02
20:09:09       5   78.00    0.00   15.00    0.00    0.00    5.00    0.00    0.00    0.00    2.00
20:09:09       6   28.72    0.00   13.83    9.57    0.00    4.26    0.00    0.00    0.00   43.62
20:09:09       7   27.96    0.00   13.98    7.53    0.00    4.30    0.00    0.00    0.00   46.24
20:09:09       8   79.00    0.00   17.00    0.00    0.00    3.00    0.00    0.00    0.00    1.00
20:09:09       9   80.20    0.00   14.85    0.00    0.00    3.96    0.00    0.00    0.00    0.99
20:09:09      10   79.00    0.00   15.00    0.00    0.00    3.00    0.00    0.00    0.00    3.00
20:09:09      11   78.79    0.00   17.17    0.00    0.00    3.03    0.00    0.00    0.00    1.01
20:09:09      12   82.18    0.00    9.90    0.00    0.00    3.96    0.00    0.00    0.00    3.96
20:09:09      13   82.83    0.00   12.12    0.00    0.00    4.04    0.00    0.00    0.00    1.01
20:09:09      14   78.79    0.00   16.16    0.00    0.00    4.04    0.00    0.00    0.00    1.01
20:09:09      15   71.57    0.00   20.59    0.00    0.00    5.88    0.00    0.00    0.00    1.96
20:09:09      16   78.43    0.00   13.73    0.98    0.00    3.92    0.00    0.00    0.00    2.94
20:09:09      17   76.00    0.00   19.00    1.00    0.00    1.00    0.00    0.00    0.00    3.00
20:09:09      18   81.00    0.00   13.00    0.00    0.00    4.00    0.00    0.00    0.00    2.00
20:09:09      19   74.49    0.00   18.37    0.00    0.00    5.10    0.00    0.00    0.00    2.04
20:09:09      20   77.00    0.00   16.00    0.00    0.00    6.00    0.00    0.00    0.00    1.00
20:09:09      21   77.00    0.00   17.00    0.00    0.00    4.00    0.00    0.00    0.00    2.00
20:09:09      22   27.96    0.00   12.90    6.45    0.00    5.38    0.00    0.00    0.00   47.31
20:09:09      23   28.89    0.00   14.44    7.78    0.00    2.22    0.00    0.00    0.00   46.67
20:09:09      24   58.59    0.00   24.24    0.00    0.00   13.13    0.00    0.00    0.00    4.04
20:09:09      25   54.55    0.00   28.28    0.00    0.00    9.09    0.00    0.00    0.00    8.08
20:09:09      26   64.29    0.00   20.41    0.00    0.00    9.18    0.00    0.00    0.00    6.12
20:09:09      27   63.73    0.00   20.59    0.00    0.00   11.76    0.00    0.00    0.00    3.92
20:09:09      28   64.00    0.00   23.00    0.00    0.00   10.00    0.00    0.00    0.00    3.00
20:09:09      29   61.22    0.00   20.41    0.00    0.00   13.27    0.00    0.00    0.00    5.10
20:09:09      30   62.24    0.00   22.45    0.00    0.00   10.20    0.00    0.00    0.00    5.10
20:09:09      31   46.08    0.00   18.63    0.00    0.00    9.80    0.00    0.00    0.00   25.49

20:09:09     CPU    %usr   %nice    %sys %iowait    %irq   %soft  %steal  %guest  %gnice   %idle
20:09:10     all   66.82    0.00   19.45    1.13    0.00    5.89    0.00    0.00    0.00    6.70
20:09:10       0   73.74    0.00   17.17    3.03    0.00    0.00    0.00    0.00    0.00    6.06
20:09:10       1   38.78    0.00   25.51   21.43    0.00   10.20    0.00    0.00    0.00    4.08
20:09:10       2   75.76    0.00   17.17    0.00    0.00    6.06    0.00    0.00    0.00    1.01
20:09:10       3   71.43    0.00   20.41    0.00    0.00    6.12    0.00    0.00    0.00    2.04
20:09:10       4   72.28    0.00   19.80    0.00    0.00    5.94    0.00    0.00    0.00    1.98
20:09:10       5   76.00    0.00   19.00    0.00    0.00    3.00    0.00    0.00    0.00    2.00
20:09:10       6   63.92    0.00   17.53    0.00    0.00    3.09    0.00    0.00    0.00   15.46
20:09:10       7   53.68    0.00   25.26    0.00    0.00    4.21    0.00    0.00    0.00   16.84
20:09:10       8   77.23    0.00   14.85    0.00    0.00    4.95    0.00    0.00    0.00    2.97
20:09:10       9   72.73    0.00   16.16    0.00    0.00    8.08    0.00    0.00    0.00    3.03
20:09:10      10   76.00    0.00   16.00    0.00    0.00    6.00    0.00    0.00    0.00    2.00
20:09:10      11   79.00    0.00   15.00    0.00    0.00    5.00    0.00    0.00    0.00    1.00
20:09:10      12   76.77    0.00   15.15    0.00    0.00    6.06    0.00    0.00    0.00    2.02
20:09:10      13   82.00    0.00   13.00    0.00    0.00    4.00    0.00    0.00    0.00    1.00
20:09:10      14   78.22    0.00   15.84    0.00    0.00    3.96    0.00    0.00    0.00    1.98
20:09:10      15   71.00    0.00   21.00    0.00    0.00    6.00    0.00    0.00    0.00    2.00
20:09:10      16   54.17    0.00   13.54    8.33    0.00    2.08    0.00    0.00    0.00   21.88
20:09:10      17   63.00    0.00   18.00    4.00    0.00    2.00    0.00    0.00    0.00   13.00
20:09:10      18   75.25    0.00   18.81    0.00    0.00    3.96    0.00    0.00    0.00    1.98
20:09:10      19   74.00    0.00   20.00    0.00    0.00    4.00    0.00    0.00    0.00    2.00
20:09:10      20   72.28    0.00   20.79    0.00    0.00    4.95    0.00    0.00    0.00    1.98
20:09:10      21   80.20    0.00   13.86    0.00    0.00    3.96    0.00    0.00    0.00    1.98
20:09:10      22   67.02    0.00   11.70    0.00    0.00    2.13    0.00    0.00    0.00   19.15
20:09:10      23   51.52    0.00   28.28    0.00    0.00    3.03    0.00    0.00    0.00   17.17
20:09:10      24   58.59    0.00   23.23    0.00    0.00   11.11    0.00    0.00    0.00    7.07
20:09:10      25   54.37    0.00   26.21    0.00    0.00   13.59    0.00    0.00    0.00    5.83
20:09:10      26   63.37    0.00   19.80    0.00    0.00   10.89    0.00    0.00    0.00    5.94
20:09:10      27   55.10    0.00   28.57    0.00    0.00   10.20    0.00    0.00    0.00    6.12
20:09:10      28   61.22    0.00   26.53    0.00    0.00    8.16    0.00    0.00    0.00    4.08
20:09:10      29   62.63    0.00   26.26    0.00    0.00    7.07    0.00    0.00    0.00    4.04
20:09:10      30   57.28    0.00   20.39    0.00    0.00   10.68    0.00    0.00    0.00   11.65
20:09:10      31   47.42    0.00   17.53    0.00    0.00    7.22    0.00    0.00    0.00   27.84

20:09:10     CPU    %usr   %nice    %sys %iowait    %irq   %soft  %steal  %guest  %gnice   %idle
20:09:11     all   69.17    0.00   17.67    1.10    0.00    5.68    0.00    0.00    0.00    6.37
20:09:11       0   71.43    0.00   12.24    4.08    0.00    1.02    0.00    0.00    0.00   11.22
20:09:11       1   52.08    0.00   13.54   10.42    0.00   12.50    0.00    0.00    0.00   11.46
20:09:11       2   78.64    0.00    9.71    0.97    0.00    5.83    0.00    0.00    0.00    4.85
20:09:11       3   66.02    0.00   17.48    2.91    0.00    5.83    0.00    0.00    0.00    7.77
20:09:11       4   82.65    0.00   10.20    0.00    0.00    3.06    0.00    0.00    0.00    4.08
20:09:11       5   77.78    0.00   15.15    0.00    0.00    4.04    0.00    0.00    0.00    3.03
20:09:11       6   79.80    0.00   14.14    0.00    0.00    4.04    0.00    0.00    0.00    2.02
20:09:11       7   69.00    0.00   25.00    0.00    0.00    5.00    0.00    0.00    0.00    1.00
20:09:11       8   85.00    0.00   10.00    0.00    0.00    2.00    0.00    0.00    0.00    3.00
20:09:11       9   76.00    0.00   16.00    0.00    0.00    5.00    0.00    0.00    0.00    3.00
20:09:11      10   75.49    0.00   19.61    0.00    0.00    2.94    0.00    0.00    0.00    1.96
20:09:11      11   77.00    0.00   15.00    0.00    0.00    5.00    0.00    0.00    0.00    3.00
20:09:11      12   78.00    0.00   14.00    0.00    0.00    5.00    0.00    0.00    0.00    3.00
20:09:11      13   79.00    0.00   14.00    0.00    0.00    5.00    0.00    0.00    0.00    2.00
20:09:11      14   79.00    0.00   14.00    0.00    0.00    4.00    0.00    0.00    0.00    3.00
20:09:11      15   78.35    0.00   16.49    0.00    0.00    2.06    0.00    0.00    0.00    3.09
20:09:11      16   59.38    0.00   15.62   12.50    0.00    2.08    0.00    0.00    0.00   10.42
20:09:11      17   65.31    0.00   14.29    3.06    0.00    2.04    0.00    0.00    0.00   15.31
20:09:11      18   78.00    0.00   12.00    1.00    0.00    4.00    0.00    0.00    0.00    5.00
20:09:11      19   72.45    0.00   16.33    1.02    0.00    4.08    0.00    0.00    0.00    6.12
20:09:11      20   77.00    0.00   15.00    0.00    0.00    4.00    0.00    0.00    0.00    4.00
20:09:11      21   72.00    0.00   18.00    0.00    0.00    6.00    0.00    0.00    0.00    4.00
20:09:11      22   77.00    0.00   14.00    0.00    0.00    4.00    0.00    0.00    0.00    5.00
20:09:11      23   62.24    0.00   34.69    0.00    0.00    2.04    0.00    0.00    0.00    1.02
20:09:11      24   55.67    0.00   25.77    0.00    0.00   11.34    0.00    0.00    0.00    7.22
20:09:11      25   58.76    0.00   22.68    0.00    0.00    7.22    0.00    0.00    0.00   11.34
20:09:11      26   60.20    0.00   20.41    0.00    0.00   11.22    0.00    0.00    0.00    8.16
20:09:11      27   56.57    0.00   23.23    0.00    0.00    9.09    0.00    0.00    0.00   11.11
20:09:11      28   54.08    0.00   25.51    0.00    0.00   14.29    0.00    0.00    0.00    6.12
20:09:11      29   55.56    0.00   25.25    0.00    0.00   12.12    0.00    0.00    0.00    7.07
20:09:11      30   55.10    0.00   21.43    0.00    0.00   10.20    0.00    0.00    0.00   13.27
20:09:11      31   45.92    0.00   25.51    0.00    0.00    6.12    0.00    0.00    0.00   22.45

20:09:11     CPU    %usr   %nice    %sys %iowait    %irq   %soft  %steal  %guest  %gnice   %idle
20:09:12     all   65.55    0.00   17.79    1.61    0.00    5.92    0.00    0.00    0.00    9.13
20:09:12       0   46.46    0.00   14.14   14.14    0.00    1.01    0.00    0.00    0.00   24.24
20:09:12       1   42.11    0.00   14.74   10.53    0.00   12.63    0.00    0.00    0.00   20.00
20:09:12       2   67.00    0.00   16.00    0.00    0.00    4.00    0.00    0.00    0.00   13.00
20:09:12       3   68.69    0.00   10.10    0.00    0.00    5.05    0.00    0.00    0.00   16.16
20:09:12       4   72.16    0.00   12.37    2.06    0.00    7.22    0.00    0.00    0.00    6.19
20:09:12       5   77.23    0.00   14.85    0.00    0.00    4.95    0.00    0.00    0.00    2.97
20:09:12       6   76.24    0.00   15.84    0.00    0.00    3.96    0.00    0.00    0.00    3.96
20:09:12       7   76.00    0.00   20.00    0.00    0.00    3.00    0.00    0.00    0.00    1.00
20:09:12       8   80.20    0.00   13.86    0.00    0.00    3.96    0.00    0.00    0.00    1.98
20:09:12       9   80.00    0.00   14.00    0.00    0.00    4.00    0.00    0.00    0.00    2.00
20:09:12      10   75.76    0.00   20.20    0.00    0.00    2.02    0.00    0.00    0.00    2.02
20:09:12      11   76.00    0.00   15.00    0.00    0.00    5.00    0.00    0.00    0.00    4.00
20:09:12      12   76.24    0.00   16.83    0.00    0.00    3.96    0.00    0.00    0.00    2.97
20:09:12      13   79.21    0.00   12.87    0.00    0.00    4.95    0.00    0.00    0.00    2.97
20:09:12      14   80.00    0.00   15.00    0.00    0.00    3.00    0.00    0.00    0.00    2.00
20:09:12      15   77.00    0.00   17.00    0.00    0.00    4.00    0.00    0.00    0.00    2.00
20:09:12      16   37.89    0.00   11.58   13.68    0.00    2.11    0.00    0.00    0.00   34.74
20:09:12      17   35.87    0.00   14.13   11.96    0.00    3.26    0.00    0.00    0.00   34.78
20:09:12      18   64.29    0.00   12.24    0.00    0.00    6.12    0.00    0.00    0.00   17.35
20:09:12      19   75.00    0.00   12.00    1.00    0.00    1.00    0.00    0.00    0.00   11.00
20:09:12      20   72.28    0.00   16.83    0.00    0.00    5.94    0.00    0.00    0.00    4.95
20:09:12      21   70.41    0.00   21.43    0.00    0.00    6.12    0.00    0.00    0.00    2.04
20:09:12      22   74.00    0.00   17.00    0.00    0.00    6.00    0.00    0.00    0.00    3.00
20:09:12      23   65.35    0.00   28.71    0.00    0.00    2.97    0.00    0.00    0.00    2.97
20:09:12      24   54.00    0.00   23.00    0.00    0.00   14.00    0.00    0.00    0.00    9.00
20:09:12      25   59.41    0.00   25.74    0.00    0.00    8.91    0.00    0.00    0.00    5.94
20:09:12      26   56.12    0.00   21.43    0.00    0.00   12.24    0.00    0.00    0.00   10.20
20:09:12      27   53.00    0.00   25.00    0.00    0.00   10.00    0.00    0.00    0.00   12.00
20:09:12      28   55.34    0.00   25.24    0.00    0.00    8.74    0.00    0.00    0.00   10.68
20:09:12      29   62.24    0.00   20.41    0.00    0.00    7.14    0.00    0.00    0.00   10.20
20:09:12      30   52.04    0.00   25.51    0.00    0.00   10.20    0.00    0.00    0.00   12.24
20:09:12      31   54.55    0.00   25.25    0.00    0.00   12.12    0.00    0.00    0.00    8.08

20:09:12     CPU    %usr   %nice    %sys %iowait    %irq   %soft  %steal  %guest  %gnice   %idle
20:09:13     all   65.43    0.00   18.06    1.68    0.00    6.12    0.00    0.00    0.00    8.71
20:09:13       0   74.49    0.00   11.22    0.00    0.00    3.06    0.00    0.00    0.00   11.22
20:09:13       1   60.64    0.00   19.15    0.00    0.00    7.45    0.00    0.00    0.00   12.77
20:09:13       2   75.76    0.00   17.17    0.00    0.00    5.05    0.00    0.00    0.00    2.02
20:09:13       3   76.00    0.00   20.00    0.00    0.00    2.00    0.00    0.00    0.00    2.00
20:09:13       4   45.92    0.00   13.27   14.29    0.00    4.08    0.00    0.00    0.00   22.45
20:09:13       5   42.86    0.00   14.29    9.18    0.00    6.12    0.00    0.00    0.00   27.55
20:09:13       6   77.55    0.00   14.29    0.00    0.00    6.12    0.00    0.00    0.00    2.04
20:09:13       7   81.82    0.00   13.13    0.00    0.00    3.03    0.00    0.00    0.00    2.02
20:09:13       8   82.52    0.00   14.56    0.97    0.00    0.00    0.00    0.00    0.00    1.94
20:09:13       9   81.00    0.00   14.00    0.00    0.00    4.00    0.00    0.00    0.00    1.00
20:09:13      10   72.55    0.00   18.63    0.00    0.00    5.88    0.00    0.00    0.00    2.94
20:09:13      11   76.77    0.00   16.16    0.00    0.00    5.05    0.00    0.00    0.00    2.02
20:09:13      12   80.00    0.00   13.00    0.00    0.00    3.00    0.00    0.00    0.00    4.00
20:09:13      13   71.29    0.00   19.80    0.00    0.00    6.93    0.00    0.00    0.00    1.98
20:09:13      14   74.49    0.00   19.39    0.00    0.00    4.08    0.00    0.00    0.00    2.04
20:09:13      15   77.23    0.00   15.84    0.00    0.00    4.95    0.00    0.00    0.00    1.98
20:09:13      16   61.46    0.00   14.58    0.00    0.00    5.21    0.00    0.00    0.00   18.75
20:09:13      17   69.70    0.00   14.14    1.01    0.00    3.03    0.00    0.00    0.00   12.12
20:09:13      18   74.75    0.00   18.18    0.00    0.00    4.04    0.00    0.00    0.00    3.03
20:09:13      19   75.00    0.00   19.00    0.00    0.00    4.00    0.00    0.00    0.00    2.00
20:09:13      20   29.67    0.00   16.48   16.48    0.00    3.30    0.00    0.00    0.00   34.07
20:09:13      21   31.91    0.00   18.09   13.83    0.00    6.38    0.00    0.00    0.00   29.79
20:09:13      22   77.78    0.00   16.16    0.00    0.00    4.04    0.00    0.00    0.00    2.02
20:09:13      23   69.70    0.00   19.19    0.00    0.00    8.08    0.00    0.00    0.00    3.03
20:09:13      24   56.12    0.00   24.49    0.00    0.00   13.27    0.00    0.00    0.00    6.12
20:09:13      25   59.41    0.00   22.77    0.00    0.00   11.88    0.00    0.00    0.00    5.94
20:09:13      26   53.92    0.00   26.47    0.00    0.00   11.76    0.00    0.00    0.00    7.84
20:09:13      27   59.60    0.00   22.22    0.00    0.00   11.11    0.00    0.00    0.00    7.07
20:09:13      28   55.00    0.00   22.00    0.00    0.00    9.00    0.00    0.00    0.00   14.00
20:09:13      29   57.58    0.00   22.22    0.00    0.00   14.14    0.00    0.00    0.00    6.06
20:09:13      30   51.06    0.00   22.34    0.00    0.00    6.38    0.00    0.00    0.00   20.21
20:09:13      31   53.06    0.00   25.51    0.00    0.00    9.18    0.00    0.00    0.00   12.24

20:09:13     CPU    %usr   %nice    %sys %iowait    %irq   %soft  %steal  %guest  %gnice   %idle
20:09:14     all   64.00    0.00   18.14    2.17    0.00    5.86    0.00    0.00    0.00    9.83
20:09:14       0   73.08    0.00   11.54    0.00    0.00    6.73    0.00    0.00    0.00    8.65
20:09:14       1   76.47    0.00   12.75    0.00    0.00    5.88    0.00    0.00    0.00    4.90
20:09:14       2   72.00    0.00   19.00    0.00    0.00    7.00    0.00    0.00    0.00    2.00
20:09:14       3   83.00    0.00   14.00    0.00    0.00    1.00    0.00    0.00    0.00    2.00
20:09:14       4   27.72    0.00   13.86   15.84    0.00    1.98    0.00    0.00    0.00   40.59
20:09:14       5   29.59    0.00   10.20    9.18    0.00    4.08    0.00    0.00    0.00   46.94
20:09:14       6   74.00    0.00   21.00    0.00    0.00    4.00    0.00    0.00    0.00    1.00
20:09:14       7   78.79    0.00   16.16    0.00    0.00    3.03    0.00    0.00    0.00    2.02
20:09:14       8   83.67    0.00   10.20    0.00    0.00    2.04    0.00    0.00    0.00    4.08
20:09:14       9   78.00    0.00   14.00    0.00    0.00    5.00    0.00    0.00    0.00    3.00
20:09:14      10   76.53    0.00   17.35    0.00    0.00    4.08    0.00    0.00    0.00    2.04
20:09:14      11   82.00    0.00   13.00    0.00    0.00    3.00    0.00    0.00    0.00    2.00
20:09:14      12   70.30    0.00   18.81    0.00    0.00    7.92    0.00    0.00    0.00    2.97
20:09:14      13   57.14    0.00   38.78    0.00    0.00    3.06    0.00    0.00    0.00    1.02
20:09:14      14   72.73    0.00   18.18    0.00    0.00    7.07    0.00    0.00    0.00    2.02
20:09:14      15   77.55    0.00   16.33    0.00    0.00    4.08    0.00    0.00    0.00    2.04
20:09:14      16   53.19    0.00   18.09    1.06    0.00    6.38    0.00    0.00    0.00   21.28
20:09:14      17   74.75    0.00   15.15    0.00    0.00    4.04    0.00    0.00    0.00    6.06
20:09:14      18   79.00    0.00   14.00    0.00    0.00    4.00    0.00    0.00    0.00    3.00
20:09:14      19   72.55    0.00   19.61    0.00    0.00    3.92    0.00    0.00    0.00    3.92
20:09:14      20   19.79    0.00   11.46   28.12    0.00    5.21    0.00    0.00    0.00   35.42
20:09:14      21   31.96    0.00    8.25   16.49    0.00    3.09    0.00    0.00    0.00   40.21
20:09:14      22   77.78    0.00   17.17    0.00    0.00    3.03    0.00    0.00    0.00    2.02
20:09:14      23   77.00    0.00   16.00    0.00    0.00    4.00    0.00    0.00    0.00    3.00
20:09:14      24   55.45    0.00   26.73    0.00    0.00   12.87    0.00    0.00    0.00    4.95
20:09:14      25   57.14    0.00   25.51    0.00    0.00   12.24    0.00    0.00    0.00    5.10
20:09:14      26   55.56    0.00   29.29    0.00    0.00    7.07    0.00    0.00    0.00    8.08
20:09:14      27   50.00    0.00   26.04    0.00    0.00   12.50    0.00    0.00    0.00   11.46
20:09:14      28   63.37    0.00   21.78    0.00    0.00    7.92    0.00    0.00    0.00    6.93
20:09:14      29   58.82    0.00   22.55    0.00    0.00    9.80    0.00    0.00    0.00    8.82
20:09:14      30   48.96    0.00   20.83    0.00    0.00   10.42    0.00    0.00    0.00   19.79
20:09:14      31   55.56    0.00   23.23    0.00    0.00   11.11    0.00    0.00    0.00   10.10

20:09:14     CPU    %usr   %nice    %sys %iowait    %irq   %soft  %steal  %guest  %gnice   %idle
20:09:15     all   66.15    0.00   17.29    1.90    0.00    5.91    0.00    0.00    0.00    8.75
20:09:15       0   74.75    0.00   16.16    0.00    0.00    4.04    0.00    0.00    0.00    5.05
20:09:15       1   70.30    0.00   18.81    0.99    0.00    6.93    0.00    0.00    0.00    2.97
20:09:15       2   78.57    0.00   14.29    0.00    0.00    5.10    0.00    0.00    0.00    2.04
20:09:15       3   84.16    0.00   11.88    0.99    0.00    1.98    0.00    0.00    0.00    0.99
20:09:15       4   38.14    0.00   11.34   20.62    0.00    5.15    0.00    0.00    0.00   24.74
20:09:15       5   35.48    0.00   11.83    9.68    0.00    3.23    0.00    0.00    0.00   39.78
20:09:15       6   82.18    0.00   13.86    0.00    0.00    0.99    0.00    0.00    0.00    2.97
20:09:15       7   76.00    0.00   17.00    0.00    0.00    4.00    0.00    0.00    0.00    3.00
20:09:15       8   71.29    0.00   15.84    0.00    0.00    8.91    0.00    0.00    0.00    3.96
20:09:15       9   77.78    0.00   14.14    0.00    0.00    5.05    0.00    0.00    0.00    3.03
20:09:15      10   72.73    0.00   17.17    0.00    0.00    6.06    0.00    0.00    0.00    4.04
20:09:15      11   76.00    0.00   15.00    0.00    0.00    6.00    0.00    0.00    0.00    3.00
20:09:15      12   61.05    0.00   27.37    0.00    0.00    2.11    0.00    0.00    0.00    9.47
20:09:15      13   79.21    0.00   11.88    0.00    0.00    5.94    0.00    0.00    0.00    2.97
20:09:15      14   76.24    0.00   17.82    0.00    0.00    2.97    0.00    0.00    0.00    2.97
20:09:15      15   80.20    0.00   11.88    0.00    0.00    3.96    0.00    0.00    0.00    3.96
20:09:15      16   75.26    0.00   17.53    0.00    0.00    3.09    0.00    0.00    0.00    4.12
20:09:15      17   73.74    0.00   18.18    0.00    0.00    4.04    0.00    0.00    0.00    4.04
20:09:15      18   78.00    0.00   12.00    0.00    0.00    6.00    0.00    0.00    0.00    4.00
20:09:15      19   76.24    0.00   17.82    0.00    0.00    2.97    0.00    0.00    0.00    2.97
20:09:15      20   30.11    0.00    9.68   15.05    0.00    4.30    0.00    0.00    0.00   40.86
20:09:15      21   28.72    0.00   12.77   15.96    0.00    5.32    0.00    0.00    0.00   37.23
20:09:15      22   74.51    0.00   18.63    0.00    0.00    3.92    0.00    0.00    0.00    2.94
20:09:15      23   74.26    0.00   18.81    0.00    0.00    3.96    0.00    0.00    0.00    2.97
20:09:15      24   57.14    0.00   25.51    0.00    0.00   10.20    0.00    0.00    0.00    7.14
20:09:15      25   66.67    0.00   16.16    0.00    0.00    8.08    0.00    0.00    0.00    9.09
20:09:15      26   54.08    0.00   27.55    0.00    0.00   10.20    0.00    0.00    0.00    8.16
20:09:15      27   54.08    0.00   22.45    0.00    0.00   11.22    0.00    0.00    0.00   12.24
20:09:15      28   58.59    0.00   18.18    0.00    0.00   14.14    0.00    0.00    0.00    9.09
20:09:15      29   57.43    0.00   26.73    0.00    0.00    8.91    0.00    0.00    0.00    6.93
20:09:15      30   55.67    0.00   22.68    0.00    0.00   12.37    0.00    0.00    0.00    9.28
20:09:15      31   59.00    0.00   22.00    0.00    0.00    8.00    0.00    0.00    0.00   11.00

20:09:15     CPU    %usr   %nice    %sys %iowait    %irq   %soft  %steal  %guest  %gnice   %idle
20:09:16     all   67.00    0.00   18.68    1.61    0.00    5.57    0.00    0.00    0.00    7.12
20:09:16       0   70.00    0.00   24.00    0.00    0.00    5.00    0.00    0.00    0.00    1.00
20:09:16       1   74.26    0.00   17.82    0.00    0.00    4.95    0.00    0.00    0.00    2.97
20:09:16       2   77.55    0.00   16.33    0.00    0.00    4.08    0.00    0.00    0.00    2.04
20:09:16       3   80.00    0.00   15.00    0.00    0.00    3.00    0.00    0.00    0.00    2.00
20:09:16       4   53.12    0.00   14.58    8.33    0.00    1.04    0.00    0.00    0.00   22.92
20:09:16       5   46.53    0.00   16.83   13.86    0.00    1.98    0.00    0.00    0.00   20.79
20:09:16       6   72.73    0.00   18.18    0.00    0.00    6.06    0.00    0.00    0.00    3.03
20:09:16       7   76.77    0.00   18.18    0.00    0.00    3.03    0.00    0.00    0.00    2.02
20:09:16       8   76.53    0.00   17.35    0.00    0.00    3.06    0.00    0.00    0.00    3.06
20:09:16       9   73.74    0.00   19.19    0.00    0.00    5.05    0.00    0.00    0.00    2.02
20:09:16      10   77.00    0.00   15.00    0.00    0.00    5.00    0.00    0.00    0.00    3.00
20:09:16      11   72.45    0.00   17.35    0.00    0.00    6.12    0.00    0.00    0.00    4.08
20:09:16      12   81.19    0.00   16.83    0.99    0.00    0.99    0.00    0.00    0.00    0.00
20:09:16      13   79.59    0.00   16.33    0.00    0.00    3.06    0.00    0.00    0.00    1.02
20:09:16      14   58.59    0.00   37.37    0.00    0.00    2.02    0.00    0.00    0.00    2.02
20:09:16      15   75.00    0.00   15.00    0.00    0.00    8.00    0.00    0.00    0.00    2.00
20:09:16      16   73.47    0.00   16.33    0.00    0.00    6.12    0.00    0.00    0.00    4.08
20:09:16      17   81.63    0.00   13.27    0.00    0.00    3.06    0.00    0.00    0.00    2.04
20:09:16      18   75.51    0.00   19.39    0.00    0.00    3.06    0.00    0.00    0.00    2.04
20:09:16      19   76.53    0.00   15.31    0.00    0.00    6.12    0.00    0.00    0.00    2.04
20:09:16      20   38.95    0.00   13.68   18.95    0.00    4.21    0.00    0.00    0.00   24.21
20:09:16      21   41.41    0.00   10.10   10.10    0.00    5.05    0.00    0.00    0.00   33.33
20:09:16      22   73.96    0.00   19.79    0.00    0.00    4.17    0.00    0.00    0.00    2.08
20:09:16      23   78.00    0.00   17.00    0.00    0.00    3.00    0.00    0.00    0.00    2.00
20:09:16      24   65.31    0.00   21.43    0.00    0.00    6.12    0.00    0.00    0.00    7.14
20:09:16      25   61.00    0.00   19.00    0.00    0.00   13.00    0.00    0.00    0.00    7.00
20:09:16      26   56.57    0.00   23.23    0.00    0.00   11.11    0.00    0.00    0.00    9.09
20:09:16      27   54.46    0.00   25.74    0.00    0.00   11.88    0.00    0.00    0.00    7.92
20:09:16      28   62.50    0.00   19.79    0.00    0.00   10.42    0.00    0.00    0.00    7.29
20:09:16      29   53.06    0.00   29.59    0.00    0.00    8.16    0.00    0.00    0.00    9.18
20:09:16      30   48.98    0.00   17.35    0.00    0.00    8.16    0.00    0.00    0.00   25.51
20:09:16      31   56.57    0.00   21.21    0.00    0.00   12.12    0.00    0.00    0.00   10.10

20:09:16     CPU    %usr   %nice    %sys %iowait    %irq   %soft  %steal  %guest  %gnice   %idle
20:09:17     all   70.15    0.00   18.69    0.00    0.00    5.41    0.00    0.00    0.00    5.76
20:09:17       0   66.00    0.00   30.00    0.00    0.00    2.00    0.00    0.00    0.00    2.00
20:09:17       1   70.71    0.00   18.18    0.00    0.00    6.06    0.00    0.00    0.00    5.05
20:09:17       2   71.72    0.00   18.18    0.00    0.00    4.04    0.00    0.00    0.00    6.06
20:09:17       3   75.00    0.00   18.00    0.00    0.00    3.00    0.00    0.00    0.00    4.00
20:09:17       4   72.16    0.00   17.53    0.00    0.00    3.09    0.00    0.00    0.00    7.22
20:09:17       5   69.39    0.00   15.31    0.00    0.00    4.08    0.00    0.00    0.00   11.22
20:09:17       6   77.78    0.00   15.15    0.00    0.00    3.03    0.00    0.00    0.00    4.04
20:09:17       7   73.20    0.00   19.59    0.00    0.00    3.09    0.00    0.00    0.00    4.12
20:09:17       8   75.49    0.00   16.67    0.00    0.00    4.90    0.00    0.00    0.00    2.94
20:09:17       9   75.25    0.00   18.81    0.00    0.00    2.97    0.00    0.00    0.00    2.97
20:09:17      10   76.47    0.00   17.65    0.00    0.00    3.92    0.00    0.00    0.00    1.96
20:09:17      11   79.00    0.00   13.00    0.00    0.00    5.00    0.00    0.00    0.00    3.00
20:09:17      12   76.24    0.00   12.87    0.00    0.00    5.94    0.00    0.00    0.00    4.95
20:09:17      13   75.25    0.00   13.86    0.00    0.00    4.95    0.00    0.00    0.00    5.94
20:09:17      14   69.61    0.00   18.63    0.00    0.00    4.90    0.00    0.00    0.00    6.86
20:09:17      15   72.00    0.00   20.00    0.00    0.00    4.00    0.00    0.00    0.00    4.00
20:09:17      16   64.29    0.00   27.55    0.00    0.00    5.10    0.00    0.00    0.00    3.06
20:09:17      17   73.27    0.00   17.82    0.00    0.00    3.96    0.00    0.00    0.00    4.95
20:09:17      18   81.44    0.00   10.31    0.00    0.00    3.09    0.00    0.00    0.00    5.15
20:09:17      19   72.73    0.00   18.18    0.00    0.00    5.05    0.00    0.00    0.00    4.04
20:09:17      20   68.37    0.00   17.35    0.00    0.00    3.06    0.00    0.00    0.00   11.22
20:09:17      21   67.71    0.00    8.33    0.00    0.00    1.04    0.00    0.00    0.00   22.92
20:09:17      22   76.24    0.00   14.85    0.00    0.00    4.95    0.00    0.00    0.00    3.96
20:09:17      23   76.29    0.00   14.43    0.00    0.00    4.12    0.00    0.00    0.00    5.15
20:09:17      24   64.65    0.00   19.19    0.00    0.00   10.10    0.00    0.00    0.00    6.06
20:09:17      25   62.24    0.00   21.43    0.00    0.00   10.20    0.00    0.00    0.00    6.12
20:09:17      26   61.62    0.00   25.25    0.00    0.00    7.07    0.00    0.00    0.00    6.06
20:09:17      27   59.60    0.00   26.26    0.00    0.00    9.09    0.00    0.00    0.00    5.05
20:09:17      28   64.00    0.00   20.00    0.00    0.00   10.00    0.00    0.00    0.00    6.00
20:09:17      29   59.41    0.00   22.77    0.00    0.00   11.88    0.00    0.00    0.00    5.94
20:09:17      30   60.61    0.00   23.23    0.00    0.00   11.11    0.00    0.00    0.00    5.05
20:09:17      31   56.57    0.00   27.27    0.00    0.00    8.08    0.00    0.00    0.00    8.08

20:09:17     CPU    %usr   %nice    %sys %iowait    %irq   %soft  %steal  %guest  %gnice   %idle
20:09:18     all   69.38    0.00   18.81    0.00    0.00    5.43    0.00    0.00    0.00    6.38
20:09:18       0   76.00    0.00   17.00    0.00    0.00    3.00    0.00    0.00    0.00    4.00
20:09:18       1   75.00    0.00   17.71    0.00    0.00    2.08    0.00    0.00    0.00    5.21
20:09:18       2   78.57    0.00    9.18    0.00    0.00    3.06    0.00    0.00    0.00    9.18
20:09:18       3   76.77    0.00   16.16    0.00    0.00    2.02    0.00    0.00    0.00    5.05
20:09:18       4   72.00    0.00   14.00    0.00    0.00    4.00    0.00    0.00    0.00   10.00
20:09:18       5   70.41    0.00   18.37    0.00    0.00    4.08    0.00    0.00    0.00    7.14
20:09:18       6   79.38    0.00   14.43    0.00    0.00    2.06    0.00    0.00    0.00    4.12
20:09:18       7   72.00    0.00   19.00    0.00    0.00    3.00    0.00    0.00    0.00    6.00
20:09:18       8   78.43    0.00   11.76    0.00    0.00    3.92    0.00    0.00    0.00    5.88
20:09:18       9   72.73    0.00   18.18    0.00    0.00    5.05    0.00    0.00    0.00    4.04
20:09:18      10   70.83    0.00   18.75    0.00    0.00    2.08    0.00    0.00    0.00    8.33
20:09:18      11   73.47    0.00   16.33    0.00    0.00    6.12    0.00    0.00    0.00    4.08
20:09:18      12   72.45    0.00   15.31    0.00    0.00    5.10    0.00    0.00    0.00    7.14
20:09:18      13   72.73    0.00   17.17    0.00    0.00    6.06    0.00    0.00    0.00    4.04
20:09:18      14   76.53    0.00   14.29    0.00    0.00    2.04    0.00    0.00    0.00    7.14
20:09:18      15   72.73    0.00   17.17    0.00    0.00    6.06    0.00    0.00    0.00    4.04
20:09:18      16   48.51    0.00   46.53    0.00    0.00    2.97    0.00    0.00    0.00    1.98
20:09:18      17   75.00    0.00   16.00    0.00    0.00    4.00    0.00    0.00    0.00    5.00
20:09:18      18   78.43    0.00   17.65    0.00    0.00    0.98    0.00    0.00    0.00    2.94
20:09:18      19   74.49    0.00   14.29    0.00    0.00    4.08    0.00    0.00    0.00    7.14
20:09:18      20   64.58    0.00   15.62    0.00    0.00    3.12    0.00    0.00    0.00   16.67
20:09:18      21   73.20    0.00   16.49    0.00    0.00    3.09    0.00    0.00    0.00    7.22
20:09:18      22   74.00    0.00   15.00    0.00    0.00    4.00    0.00    0.00    0.00    7.00
20:09:18      23   70.41    0.00   19.39    0.00    0.00    5.10    0.00    0.00    0.00    5.10
20:09:18      24   58.82    0.00   24.51    0.00    0.00    9.80    0.00    0.00    0.00    6.86
20:09:18      25   53.00    0.00   24.00    0.00    0.00   14.00    0.00    0.00    0.00    9.00
20:09:18      26   56.57    0.00   21.21    0.00    0.00   14.14    0.00    0.00    0.00    8.08
20:09:18      27   61.00    0.00   22.00    0.00    0.00   10.00    0.00    0.00    0.00    7.00
20:09:18      28   63.00    0.00   22.00    0.00    0.00   10.00    0.00    0.00    0.00    5.00
20:09:18      29   61.22    0.00   24.49    0.00    0.00    8.16    0.00    0.00    0.00    6.12
20:09:18      30   59.60    0.00   22.22    0.00    0.00   11.11    0.00    0.00    0.00    7.07
20:09:18      31   59.41    0.00   24.75    0.00    0.00    8.91    0.00    0.00    0.00    6.93

20:09:18     CPU    %usr   %nice    %sys %iowait    %irq   %soft  %steal  %guest  %gnice   %idle
20:09:19     all   70.80    0.00   18.79    0.00    0.00    5.73    0.00    0.00    0.00    4.69
20:09:19       0   53.47    0.00   40.59    0.00    0.00    3.96    0.00    0.00    0.00    1.98
20:09:19       1   75.25    0.00   16.83    0.00    0.00    2.97    0.00    0.00    0.00    4.95
20:09:19       2   81.82    0.00   13.13    0.00    0.00    1.01    0.00    0.00    0.00    4.04
20:09:19       3   75.76    0.00   16.16    0.00    0.00    3.03    0.00    0.00    0.00    5.05
20:09:19       4   74.26    0.00   15.84    0.00    0.00    3.96    0.00    0.00    0.00    5.94
20:09:19       5   67.35    0.00   13.27    0.00    0.00    6.12    0.00    0.00    0.00   13.27
20:09:19       6   73.27    0.00   15.84    0.00    0.00    5.94    0.00    0.00    0.00    4.95
20:09:19       7   73.20    0.00   18.56    0.00    0.00    4.12    0.00    0.00    0.00    4.12
20:09:19       8   81.00    0.00   12.00    0.00    0.00    5.00    0.00    0.00    0.00    2.00
20:09:19       9   70.30    0.00   19.80    0.00    0.00    3.96    0.00    0.00    0.00    5.94
20:09:19      10   73.00    0.00   21.00    0.00    0.00    4.00    0.00    0.00    0.00    2.00
20:09:19      11   75.00    0.00   15.00    0.00    0.00    5.00    0.00    0.00    0.00    5.00
20:09:19      12   78.00    0.00   16.00    0.00    0.00    4.00    0.00    0.00    0.00    2.00
20:09:19      13   74.00    0.00   19.00    0.00    0.00    4.00    0.00    0.00    0.00    3.00
20:09:19      14   77.55    0.00   14.29    0.00    0.00    4.08    0.00    0.00    0.00    4.08
20:09:19      15   79.80    0.00   15.15    0.00    0.00    2.02    0.00    0.00    0.00    3.03
20:09:19      16   72.16    0.00   12.37    0.00    0.00    6.19    0.00    0.00    0.00    9.28
20:09:19      17   77.78    0.00   14.14    0.00    0.00    4.04    0.00    0.00    0.00    4.04
20:09:19      18   84.00    0.00   15.00    0.00    0.00    0.00    0.00    0.00    0.00    1.00
20:09:19      19   72.00    0.00   19.00    0.00    0.00    5.00    0.00    0.00    0.00    4.00
20:09:19      20   69.79    0.00   18.75    0.00    0.00    3.12    0.00    0.00    0.00    8.33
20:09:19      21   69.31    0.00   16.83    0.00    0.00    1.98    0.00    0.00    0.00   11.88
20:09:19      22   74.23    0.00   17.53    0.00    0.00    4.12    0.00    0.00    0.00    4.12
20:09:19      23   72.12    0.00   17.31    0.00    0.00    4.81    0.00    0.00    0.00    5.77
20:09:19      24   63.64    0.00   24.24    0.00    0.00   10.10    0.00    0.00    0.00    2.02
20:09:19      25   55.79    0.00   22.11    0.00    0.00    9.47    0.00    0.00    0.00   12.63
20:09:19      26   64.65    0.00   22.22    0.00    0.00   10.10    0.00    0.00    0.00    3.03
20:09:19      27   57.58    0.00   25.25    0.00    0.00   13.13    0.00    0.00    0.00    4.04
20:09:19      28   63.00    0.00   23.00    0.00    0.00   11.00    0.00    0.00    0.00    3.00
20:09:19      29   57.00    0.00   23.00    0.00    0.00   17.00    0.00    0.00    0.00    3.00
20:09:19      30   62.24    0.00   26.53    0.00    0.00    9.18    0.00    0.00    0.00    2.04
20:09:19      31   66.67    0.00   21.21    0.00    0.00   11.11    0.00    0.00    0.00    1.01

20:09:19     CPU    %usr   %nice    %sys %iowait    %irq   %soft  %steal  %guest  %gnice   %idle
20:09:20     all   69.70    0.00   19.14    0.03    0.00    5.39    0.00    0.00    0.00    5.74
20:09:20       0   47.96    0.00   46.94    0.00    0.00    4.08    0.00    0.00    0.00    1.02
20:09:20       1   74.00    0.00   15.00    0.00    0.00    5.00    0.00    0.00    0.00    6.00
20:09:20       2   78.79    0.00   15.15    0.00    0.00    2.02    0.00    0.00    0.00    4.04
20:09:20       3   72.92    0.00   17.71    0.00    0.00    2.08    0.00    0.00    0.00    7.29
20:09:20       4   68.63    0.00   16.67    0.98    0.00    6.86    0.00    0.00    0.00    6.86
20:09:20       5   68.37    0.00   18.37    0.00    0.00    5.10    0.00    0.00    0.00    8.16
20:09:20       6   76.53    0.00   12.24    0.00    0.00    5.10    0.00    0.00    0.00    6.12
20:09:20       7   71.00    0.00   20.00    0.00    0.00    3.00    0.00    0.00    0.00    6.00
20:09:20       8   74.49    0.00   15.31    0.00    0.00    4.08    0.00    0.00    0.00    6.12
20:09:20       9   78.95    0.00   11.58    0.00    0.00    5.26    0.00    0.00    0.00    4.21
20:09:20      10   78.57    0.00   14.29    0.00    0.00    3.06    0.00    0.00    0.00    4.08
20:09:20      11   75.00    0.00   18.00    0.00    0.00    3.00    0.00    0.00    0.00    4.00
20:09:20      12   70.71    0.00   19.19    0.00    0.00    6.06    0.00    0.00    0.00    4.04
20:09:20      13   75.25    0.00   12.87    0.00    0.00    3.96    0.00    0.00    0.00    7.92
20:09:20      14   73.47    0.00   17.35    0.00    0.00    5.10    0.00    0.00    0.00    4.08
20:09:20      15   73.20    0.00   16.49    0.00    0.00    4.12    0.00    0.00    0.00    6.19
20:09:20      16   73.74    0.00   16.16    0.00    0.00    5.05    0.00    0.00    0.00    5.05
20:09:20      17   76.04    0.00   16.67    0.00    0.00    3.12    0.00    0.00    0.00    4.17
20:09:20      18   81.00    0.00   15.00    0.00    0.00    0.00    0.00    0.00    0.00    4.00
20:09:20      19   76.77    0.00   13.13    0.00    0.00    3.03    0.00    0.00    0.00    7.07
20:09:20      20   70.30    0.00   20.79    0.00    0.00    3.96    0.00    0.00    0.00    4.95
20:09:20      21   70.71    0.00   18.18    0.00    0.00    4.04    0.00    0.00    0.00    7.07
20:09:20      22   74.51    0.00   14.71    0.00    0.00    2.94    0.00    0.00    0.00    7.84
20:09:20      23   75.76    0.00   16.16    0.00    0.00    2.02    0.00    0.00    0.00    6.06
20:09:20      24   63.37    0.00   21.78    0.00    0.00    7.92    0.00    0.00    0.00    6.93
20:09:20      25   60.00    0.00   22.00    0.00    0.00   12.00    0.00    0.00    0.00    6.00
20:09:20      26   63.37    0.00   20.79    0.00    0.00    8.91    0.00    0.00    0.00    6.93
20:09:20      27   61.62    0.00   23.23    0.00    0.00    9.09    0.00    0.00    0.00    6.06
20:09:20      28   56.00    0.00   23.00    0.00    0.00   14.00    0.00    0.00    0.00    7.00
20:09:20      29   56.00    0.00   29.00    0.00    0.00    9.00    0.00    0.00    0.00    6.00
20:09:20      30   59.00    0.00   27.00    0.00    0.00    8.00    0.00    0.00    0.00    6.00
20:09:20      31   55.56    0.00   27.27    0.00    0.00   11.11    0.00    0.00    0.00    6.06

20:09:20     CPU    %usr   %nice    %sys %iowait    %irq   %soft  %steal  %guest  %gnice   %idle
20:09:21     all   69.45    0.00   19.25    0.00    0.00    6.15    0.00    0.00    0.00    5.14
20:09:21       0   66.00    0.00   28.00    0.00    0.00    3.00    0.00    0.00    0.00    3.00
20:09:21       1   75.51    0.00   16.33    0.00    0.00    2.04    0.00    0.00    0.00    6.12
20:09:21       2   77.45    0.00   15.69    0.00    0.00    2.94    0.00    0.00    0.00    3.92
20:09:21       3   69.31    0.00   17.82    0.00    0.00    3.96    0.00    0.00    0.00    8.91
20:09:21       4   74.26    0.00   13.86    0.00    0.00    3.96    0.00    0.00    0.00    7.92
20:09:21       5   75.53    0.00   13.83    0.00    0.00    3.19    0.00    0.00    0.00    7.45
20:09:21       6   69.31    0.00   19.80    0.00    0.00    3.96    0.00    0.00    0.00    6.93
20:09:21       7   71.29    0.00   17.82    0.00    0.00    5.94    0.00    0.00    0.00    4.95
20:09:21       8   71.72    0.00   17.17    0.00    0.00    6.06    0.00    0.00    0.00    5.05
20:09:21       9   71.29    0.00   19.80    0.00    0.00    1.98    0.00    0.00    0.00    6.93
20:09:21      10   70.71    0.00   17.17    0.00    0.00    7.07    0.00    0.00    0.00    5.05
20:09:21      11   76.53    0.00   14.29    0.00    0.00    3.06    0.00    0.00    0.00    6.12
20:09:21      12   73.74    0.00   15.15    0.00    0.00    6.06    0.00    0.00    0.00    5.05
20:09:21      13   79.38    0.00   12.37    0.00    0.00    2.06    0.00    0.00    0.00    6.19
20:09:21      14   70.41    0.00   19.39    0.00    0.00    3.06    0.00    0.00    0.00    7.14
20:09:21      15   76.77    0.00   14.14    0.00    0.00    4.04    0.00    0.00    0.00    5.05
20:09:21      16   61.00    0.00   32.00    0.00    0.00    3.00    0.00    0.00    0.00    4.00
20:09:21      17   69.00    0.00   19.00    0.00    0.00    5.00    0.00    0.00    0.00    7.00
20:09:21      18   80.81    0.00   12.12    0.00    0.00    4.04    0.00    0.00    0.00    3.03
20:09:21      19   75.76    0.00   14.14    0.00    0.00    4.04    0.00    0.00    0.00    6.06
20:09:21      20   74.47    0.00   18.09    0.00    0.00    3.19    0.00    0.00    0.00    4.26
20:09:21      21   73.00    0.00   15.00    0.00    0.00    5.00    0.00    0.00    0.00    7.00
20:09:21      22   77.00    0.00   13.00    0.00    0.00    3.00    0.00    0.00    0.00    7.00
20:09:21      23   70.10    0.00   20.62    0.00    0.00    5.15    0.00    0.00    0.00    4.12
20:09:21      24   61.00    0.00   24.00    0.00    0.00   12.00    0.00    0.00    0.00    3.00
20:09:21      25   62.00    0.00   23.00    0.00    0.00   12.00    0.00    0.00    0.00    3.00
20:09:21      26   56.12    0.00   27.55    0.00    0.00   14.29    0.00    0.00    0.00    2.04
20:09:21      27   54.46    0.00   23.76    0.00    0.00   18.81    0.00    0.00    0.00    2.97
20:09:21      28   61.22    0.00   22.45    0.00    0.00   11.22    0.00    0.00    0.00    5.10
20:09:21      29   61.86    0.00   22.68    0.00    0.00   10.31    0.00    0.00    0.00    5.15
20:09:21      30   57.58    0.00   27.27    0.00    0.00   12.12    0.00    0.00    0.00    3.03
20:09:21      31   58.59    0.00   28.28    0.00    0.00   11.11    0.00    0.00    0.00    2.02

20:09:21     CPU    %usr   %nice    %sys %iowait    %irq   %soft  %steal  %guest  %gnice   %idle
20:09:22     all   67.01    0.00   19.19    1.61    0.00    5.99    0.00    0.00    0.00    6.21
20:09:22       0   75.00    0.00   19.00    0.00    0.00    5.00    0.00    0.00    0.00    1.00
20:09:22       1   74.75    0.00   18.18    0.00    0.00    5.05    0.00    0.00    0.00    2.02
20:09:22       2   72.00    0.00   18.00    0.00    0.00    5.00    0.00    0.00    0.00    5.00
20:09:22       3   78.79    0.00   13.13    0.00    0.00    3.03    0.00    0.00    0.00    5.05
20:09:22       4   50.00    0.00   17.78    4.44    0.00    5.56    0.00    0.00    0.00   22.22
20:09:22       5   70.59    0.00   15.69    0.00    0.00    6.86    0.00    0.00    0.00    6.86
20:09:22       6   76.24    0.00   15.84    0.00    0.00    2.97    0.00    0.00    0.00    4.95
20:09:22       7   73.00    0.00   18.00    0.00    0.00    4.00    0.00    0.00    0.00    5.00
20:09:22       8   73.00    0.00   19.00    0.00    0.00    2.00    0.00    0.00    0.00    6.00
20:09:22       9   80.61    0.00   13.27    0.00    0.00    1.02    0.00    0.00    0.00    5.10
20:09:22      10   50.51    0.00   13.13    5.05    0.00    3.03    0.00    0.00    0.00   28.28
20:09:22      11   32.99    0.00   12.37   42.27    0.00    7.22    0.00    0.00    0.00    5.15
20:09:22      12   68.32    0.00   22.77    0.00    0.00    3.96    0.00    0.00    0.00    4.95
20:09:22      13   73.74    0.00   17.17    0.00    0.00    5.05    0.00    0.00    0.00    4.04
20:09:22      14   69.70    0.00   20.20    0.00    0.00    4.04    0.00    0.00    0.00    6.06
20:09:22      15   77.23    0.00   16.83    0.00    0.00    2.97    0.00    0.00    0.00    2.97
20:09:22      16   59.00    0.00   36.00    0.00    0.00    4.00    0.00    0.00    0.00    1.00
20:09:22      17   76.47    0.00   15.69    0.00    0.00    4.90    0.00    0.00    0.00    2.94
20:09:22      18   71.43    0.00   18.37    0.00    0.00    7.14    0.00    0.00    0.00    3.06
20:09:22      19   71.00    0.00   15.00    0.00    0.00    6.00    0.00    0.00    0.00    8.00
20:09:22      20   65.66    0.00   15.15    0.00    0.00    6.06    0.00    0.00    0.00   13.13
20:09:22      21   71.00    0.00   18.00    0.00    0.00    3.00    0.00    0.00    0.00    8.00
20:09:22      22   75.76    0.00   14.14    0.00    0.00    5.05    0.00    0.00    0.00    5.05
20:09:22      23   77.78    0.00   15.15    0.00    0.00    3.03    0.00    0.00    0.00    4.04
20:09:22      24   64.65    0.00   20.20    0.00    0.00    9.09    0.00    0.00    0.00    6.06
20:09:22      25   60.40    0.00   25.74    0.00    0.00   10.89    0.00    0.00    0.00    2.97
20:09:22      26   59.18    0.00   20.41    0.00    0.00   12.24    0.00    0.00    0.00    8.16
20:09:22      27   56.70    0.00   24.74    1.03    0.00    8.25    0.00    0.00    0.00    9.28
20:09:22      28   59.60    0.00   26.26    0.00    0.00   11.11    0.00    0.00    0.00    3.03
20:09:22      29   57.43    0.00   27.72    0.00    0.00   11.88    0.00    0.00    0.00    2.97
20:09:22      30   56.70    0.00   26.80    0.00    0.00   12.37    0.00    0.00    0.00    4.12
20:09:22      31   62.00    0.00   24.00    0.00    0.00   10.00    0.00    0.00    0.00    4.00

20:09:22     CPU    %usr   %nice    %sys %iowait    %irq   %soft  %steal  %guest  %gnice   %idle
20:09:23     all   67.88    0.00   19.12    2.16    0.00    5.83    0.00    0.00    0.00    5.01
20:09:23       0   59.60    0.00   34.34    0.00    0.00    5.05    0.00    0.00    0.00    1.01
20:09:23       1   75.00    0.00   17.71    0.00    0.00    3.12    0.00    0.00    0.00    4.17
20:09:23       2   77.00    0.00   14.00    0.00    0.00    6.00    0.00    0.00    0.00    3.00
20:09:23       3   73.27    0.00   18.81    0.00    0.00    4.95    0.00    0.00    0.00    2.97
20:09:23       4   69.07    0.00   19.59    2.06    0.00    3.09    0.00    0.00    0.00    6.19
20:09:23       5   74.00    0.00   16.00    0.00    0.00    5.00    0.00    0.00    0.00    5.00
20:09:23       6   78.22    0.00   15.84    0.00    0.00    1.98    0.00    0.00    0.00    3.96
20:09:23       7   75.49    0.00   13.73    0.00    0.00    6.86    0.00    0.00    0.00    3.92
20:09:23       8   83.17    0.00   10.89    0.00    0.00    1.98    0.00    0.00    0.00    3.96
20:09:23       9   73.74    0.00   18.18    0.00    0.00    5.05    0.00    0.00    0.00    3.03
20:09:23      10   37.25    0.00    7.84    0.98    0.00    3.92    0.00    0.00    0.00   50.00
20:09:23      11   11.00    0.00   16.00   65.00    0.00    7.00    0.00    0.00    0.00    1.00
20:09:23      12   81.00    0.00   14.00    0.00    0.00    3.00    0.00    0.00    0.00    2.00
20:09:23      13   75.00    0.00   18.00    0.00    0.00    5.00    0.00    0.00    0.00    2.00
20:09:23      14   71.72    0.00   21.21    0.00    0.00    5.05    0.00    0.00    0.00    2.02
20:09:23      15   76.77    0.00   17.17    0.00    0.00    5.05    0.00    0.00    0.00    1.01
20:09:23      16   71.29    0.00   25.74    0.99    0.00    1.98    0.00    0.00    0.00    0.00
20:09:23      17   76.77    0.00   13.13    0.00    0.00    6.06    0.00    0.00    0.00    4.04
20:09:23      18   75.00    0.00   20.00    0.00    0.00    3.00    0.00    0.00    0.00    2.00
20:09:23      19   77.00    0.00   16.00    0.00    0.00    5.00    0.00    0.00    0.00    2.00
20:09:23      20   69.00    0.00   21.00    0.00    0.00    5.00    0.00    0.00    0.00    5.00
20:09:23      21   74.75    0.00   19.19    0.00    0.00    4.04    0.00    0.00    0.00    2.02
20:09:23      22   74.75    0.00   17.17    0.00    0.00    5.05    0.00    0.00    0.00    3.03
20:09:23      23   75.00    0.00   17.00    0.00    0.00    6.00    0.00    0.00    0.00    2.00
20:09:23      24   62.63    0.00   22.22    0.00    0.00   10.10    0.00    0.00    0.00    5.05
20:09:23      25   63.64    0.00   22.22    0.00    0.00   10.10    0.00    0.00    0.00    4.04
20:09:23      26   59.00    0.00   23.00    0.00    0.00   10.00    0.00    0.00    0.00    8.00
20:09:23      27   56.44    0.00   25.74    0.00    0.00    8.91    0.00    0.00    0.00    8.91
20:09:23      28   62.63    0.00   22.22    0.00    0.00   10.10    0.00    0.00    0.00    5.05
20:09:23      29   58.59    0.00   27.27    0.00    0.00    8.08    0.00    0.00    0.00    6.06
20:09:23      30   65.00    0.00   24.00    0.00    0.00    7.00    0.00    0.00    0.00    4.00
20:09:23      31   60.00    0.00   23.00    0.00    0.00   14.00    0.00    0.00    0.00    3.00

20:09:23     CPU    %usr   %nice    %sys %iowait    %irq   %soft  %steal  %guest  %gnice   %idle
20:09:24     all   67.14    0.00   18.92    2.21    0.00    5.90    0.00    0.00    0.00    5.83
20:09:24       0   71.43    0.00   15.31    0.00    0.00    4.08    0.00    0.00    0.00    9.18
20:09:24       1   79.80    0.00   16.16    1.01    0.00    1.01    0.00    0.00    0.00    2.02
20:09:24       2   77.78    0.00   18.18    0.00    0.00    2.02    0.00    0.00    0.00    2.02
20:09:24       3   75.25    0.00   17.82    0.00    0.00    4.95    0.00    0.00    0.00    1.98
20:09:24       4   69.70    0.00   21.21    0.00    0.00    6.06    0.00    0.00    0.00    3.03
20:09:24       5   73.27    0.00   20.79    0.00    0.00    3.96    0.00    0.00    0.00    1.98
20:09:24       6   79.00    0.00   16.00    0.00    0.00    3.00    0.00    0.00    0.00    2.00
20:09:24       7   77.78    0.00   14.14    0.00    0.00    5.05    0.00    0.00    0.00    3.03
20:09:24       8   75.51    0.00   18.37    0.00    0.00    4.08    0.00    0.00    0.00    2.04
20:09:24       9   76.47    0.00   16.67    0.00    0.00    4.90    0.00    0.00    0.00    1.96
20:09:24      10   37.50    0.00    7.29    7.29    0.00    2.08    0.00    0.00    0.00   45.83
20:09:24      11    4.30    0.00   19.35   66.67    0.00    4.30    0.00    0.00    0.00    5.38
20:09:24      12   79.00    0.00   13.00    0.00    0.00    5.00    0.00    0.00    0.00    3.00
20:09:24      13   78.79    0.00   13.13    0.00    0.00    6.06    0.00    0.00    0.00    2.02
20:09:24      14   76.24    0.00   16.83    0.00    0.00    2.97    0.00    0.00    0.00    3.96
20:09:24      15   76.24    0.00   15.84    0.00    0.00    3.96    0.00    0.00    0.00    3.96
20:09:24      16   62.63    0.00   18.18    0.00    0.00    3.03    0.00    0.00    0.00   16.16
20:09:24      17   74.00    0.00   17.00    0.00    0.00    4.00    0.00    0.00    0.00    5.00
20:09:24      18   59.60    0.00   37.37    0.00    0.00    2.02    0.00    0.00    0.00    1.01
20:09:24      19   74.75    0.00   15.15    0.00    0.00    7.07    0.00    0.00    0.00    3.03
20:09:24      20   73.47    0.00   18.37    0.00    0.00    5.10    0.00    0.00    0.00    3.06
20:09:24      21   76.00    0.00   18.00    0.00    0.00    4.00    0.00    0.00    0.00    2.00
20:09:24      22   71.72    0.00   22.22    0.00    0.00    4.04    0.00    0.00    0.00    2.02
20:09:24      23   74.23    0.00   17.53    0.00    0.00    6.19    0.00    0.00    0.00    2.06
20:09:24      24   62.00    0.00   21.00    0.00    0.00   12.00    0.00    0.00    0.00    5.00
20:09:24      25   57.58    0.00   22.22    0.00    0.00   13.13    0.00    0.00    0.00    7.07
20:09:24      26   57.58    0.00   20.20    0.00    0.00   12.12    0.00    0.00    0.00   10.10
20:09:24      27   54.08    0.00   25.51    0.00    0.00   10.20    0.00    0.00    0.00   10.20
20:09:24      28   57.00    0.00   29.00    0.00    0.00    9.00    0.00    0.00    0.00    5.00
20:09:24      29   59.41    0.00   22.77    0.00    0.00   11.88    0.00    0.00    0.00    5.94
20:09:24      30   57.14    0.00   20.41    0.00    0.00   11.22    0.00    0.00    0.00   11.22
20:09:24      31   63.64    0.00   20.20    0.00    0.00   10.10    0.00    0.00    0.00    6.06

20:09:24     CPU    %usr   %nice    %sys %iowait    %irq   %soft  %steal  %guest  %gnice   %idle
20:09:25     all   67.06    0.00   19.03    2.09    0.00    5.94    0.00    0.00    0.00    5.88
20:09:25       0   75.51    0.00   17.35    0.00    0.00    4.08    0.00    0.00    0.00    3.06
20:09:25       1   79.00    0.00   19.00    0.00    0.00    2.00    0.00    0.00    0.00    0.00
20:09:25       2   69.00    0.00   23.00    0.00    0.00    5.00    0.00    0.00    0.00    3.00
20:09:25       3   78.00    0.00   16.00    0.00    0.00    3.00    0.00    0.00    0.00    3.00
20:09:25       4   73.00    0.00   21.00    0.00    0.00    4.00    0.00    0.00    0.00    2.00
20:09:25       5   73.00    0.00   19.00    0.00    0.00    4.00    0.00    0.00    0.00    4.00
20:09:25       6   78.22    0.00   13.86    0.00    0.00    4.95    0.00    0.00    0.00    2.97
20:09:25       7   75.76    0.00   17.17    0.00    0.00    4.04    0.00    0.00    0.00    3.03
20:09:25       8   77.45    0.00   15.69    0.00    0.00    3.92    0.00    0.00    0.00    2.94
20:09:25       9   77.78    0.00   17.17    0.00    0.00    3.03    0.00    0.00    0.00    2.02
20:09:25      10    9.71    0.00   19.42   46.60    0.00    8.74    0.00    0.00    0.00   15.53
20:09:25      11   28.72    0.00    8.51   20.21    0.00    6.38    0.00    0.00    0.00   36.17
20:09:25      12   74.00    0.00   17.00    0.00    0.00    6.00    0.00    0.00    0.00    3.00
20:09:25      13   81.82    0.00   11.11    0.00    0.00    4.04    0.00    0.00    0.00    3.03
20:09:25      14   74.49    0.00   16.33    0.00    0.00    5.10    0.00    0.00    0.00    4.08
20:09:25      15   78.22    0.00   16.83    0.00    0.00    1.98    0.00    0.00    0.00    2.97
20:09:25      16   74.75    0.00   17.17    0.00    0.00    3.03    0.00    0.00    0.00    5.05
20:09:25      17   77.45    0.00   12.75    0.00    0.00    4.90    0.00    0.00    0.00    4.90
20:09:25      18   71.29    0.00   23.76    0.00    0.00    1.98    0.00    0.00    0.00    2.97
20:09:25      19   74.00    0.00   21.00    0.00    0.00    2.00    0.00    0.00    0.00    3.00
20:09:25      20   74.00    0.00   18.00    0.00    0.00    4.00    0.00    0.00    0.00    4.00
20:09:25      21   71.29    0.00   20.79    0.00    0.00    3.96    0.00    0.00    0.00    3.96
20:09:25      22   72.28    0.00   20.79    0.00    0.00    4.95    0.00    0.00    0.00    1.98
20:09:25      23   67.65    0.00   24.51    0.00    0.00    3.92    0.00    0.00    0.00    3.92
20:09:25      24   56.44    0.00   20.79    0.00    0.00   10.89    0.00    0.00    0.00   11.88
20:09:25      25   61.39    0.00   20.79    0.00    0.00    9.90    0.00    0.00    0.00    7.92
20:09:25      26   54.64    0.00   24.74    0.00    0.00    9.28    0.00    0.00    0.00   11.34
20:09:25      27   52.48    0.00   23.76    0.00    0.00   12.87    0.00    0.00    0.00   10.89
20:09:25      28   63.00    0.00   20.00    0.00    0.00   10.00    0.00    0.00    0.00    7.00
20:09:25      29   57.58    0.00   23.23    0.00    0.00   10.10    0.00    0.00    0.00    9.09
20:09:25      30   57.43    0.00   21.78    0.00    0.00   14.85    0.00    0.00    0.00    5.94
20:09:25      31   56.00    0.00   26.00    0.00    0.00   13.00    0.00    0.00    0.00    5.00

20:09:25     CPU    %usr   %nice    %sys %iowait    %irq   %soft  %steal  %guest  %gnice   %idle
20:09:26     all   67.16    0.00   19.87    2.25    0.00    5.88    0.00    0.00    0.00    4.84
20:09:26       0   80.20    0.00   10.89    0.00    0.00    4.95    0.00    0.00    0.00    3.96
20:09:26       1   78.22    0.00   16.83    0.99    0.00    2.97    0.00    0.00    0.00    0.99
20:09:26       2   77.55    0.00   16.33    0.00    0.00    3.06    0.00    0.00    0.00    3.06
20:09:26       3   74.49    0.00   19.39    0.00    0.00    5.10    0.00    0.00    0.00    1.02
20:09:26       4   74.26    0.00   20.79    0.00    0.00    1.98    0.00    0.00    0.00    2.97
20:09:26       5   76.53    0.00   18.37    0.00    0.00    3.06    0.00    0.00    0.00    2.04
20:09:26       6   72.45    0.00   22.45    0.00    0.00    3.06    0.00    0.00    0.00    2.04
20:09:26       7   76.53    0.00   15.31    0.00    0.00    6.12    0.00    0.00    0.00    2.04
20:09:26       8   79.80    0.00   15.15    0.00    0.00    4.04    0.00    0.00    0.00    1.01
20:09:26       9   75.00    0.00   18.00    0.00    0.00    5.00    0.00    0.00    0.00    2.00
20:09:26      10   29.70    0.00   11.88   14.85    0.00    2.97    0.00    0.00    0.00   40.59
20:09:26      11    9.38    0.00   15.62   57.29    0.00    5.21    0.00    0.00    0.00   12.50
20:09:26      12   79.59    0.00   16.33    0.00    0.00    3.06    0.00    0.00    0.00    1.02
20:09:26      13   79.41    0.00   13.73    0.00    0.00    3.92    0.00    0.00    0.00    2.94
20:09:26      14   77.78    0.00   15.15    0.00    0.00    5.05    0.00    0.00    0.00    2.02
20:09:26      15   75.51    0.00   18.37    0.00    0.00    4.08    0.00    0.00    0.00    2.04
20:09:26      16   70.10    0.00   16.49    0.00    0.00    5.15    0.00    0.00    0.00    8.25
20:09:26      17   75.00    0.00   21.00    0.00    0.00    2.00    0.00    0.00    0.00    2.00
20:09:26      18   69.31    0.00   21.78    0.00    0.00    5.94    0.00    0.00    0.00    2.97
20:09:26      19   71.72    0.00   20.20    0.00    0.00    4.04    0.00    0.00    0.00    4.04
20:09:26      20   76.77    0.00   15.15    0.00    0.00    7.07    0.00    0.00    0.00    1.01
20:09:26      21   71.13    0.00   19.59    0.00    0.00    6.19    0.00    0.00    0.00    3.09
20:09:26      22   51.02    0.00   45.92    0.00    0.00    2.04    0.00    0.00    0.00    1.02
20:09:26      23   77.08    0.00   16.67    0.00    0.00    4.17    0.00    0.00    0.00    2.08
20:09:26      24   59.18    0.00   23.47    0.00    0.00   10.20    0.00    0.00    0.00    7.14
20:09:26      25   64.00    0.00   24.00    0.00    0.00   10.00    0.00    0.00    0.00    2.00
20:09:26      26   62.38    0.00   16.83    0.00    0.00   10.89    0.00    0.00    0.00    9.90
20:09:26      27   51.00    0.00   27.00    0.00    0.00   12.00    0.00    0.00    0.00   10.00
20:09:26      28   61.86    0.00   25.77    0.00    0.00    8.25    0.00    0.00    0.00    4.12
20:09:26      29   57.14    0.00   25.51    0.00    0.00   12.24    0.00    0.00    0.00    5.10
20:09:26      30   54.64    0.00   27.84    0.00    0.00   12.37    0.00    0.00    0.00    5.15
20:09:26      31   58.76    0.00   24.74    0.00    0.00   12.37    0.00    0.00    0.00    4.12

20:09:26     CPU    %usr   %nice    %sys %iowait    %irq   %soft  %steal  %guest  %gnice   %idle
20:09:27     all   67.50    0.00   19.45    2.08    0.00    6.32    0.00    0.00    0.00    4.66
20:09:27       0   74.00    0.00   18.00    0.00    0.00    5.00    0.00    0.00    0.00    3.00
20:09:27       1   74.75    0.00   19.19    0.00    0.00    5.05    0.00    0.00    0.00    1.01
20:09:27       2   73.47    0.00   19.39    0.00    0.00    4.08    0.00    0.00    0.00    3.06
20:09:27       3   76.00    0.00   17.00    0.00    0.00    5.00    0.00    0.00    0.00    2.00
20:09:27       4   78.57    0.00   16.33    0.00    0.00    3.06    0.00    0.00    0.00    2.04
20:09:27       5   73.47    0.00   20.41    0.00    0.00    3.06    0.00    0.00    0.00    3.06
20:09:27       6   69.00    0.00   27.00    0.00    0.00    3.00    0.00    0.00    0.00    1.00
20:09:27       7   72.73    0.00   20.20    0.00    0.00    6.06    0.00    0.00    0.00    1.01
20:09:27       8   78.00    0.00   15.00    0.00    0.00    5.00    0.00    0.00    0.00    2.00
20:09:27       9   75.25    0.00   16.83    0.00    0.00    5.94    0.00    0.00    0.00    1.98
20:09:27      10   37.11    0.00    8.25    2.06    0.00    3.09    0.00    0.00    0.00   49.48
20:09:27      11    6.06    0.00   15.15   64.65    0.00   12.12    0.00    0.00    0.00    2.02
20:09:27      12   75.25    0.00   16.83    0.00    0.00    4.95    0.00    0.00    0.00    2.97
20:09:27      13   73.74    0.00   16.16    0.00    0.00    3.03    0.00    0.00    0.00    7.07
20:09:27      14   76.00    0.00   18.00    0.00    0.00    5.00    0.00    0.00    0.00    1.00
20:09:27      15   82.65    0.00   13.27    0.00    0.00    2.04    0.00    0.00    0.00    2.04
20:09:27      16   72.00    0.00   19.00    0.00    0.00    4.00    0.00    0.00    0.00    5.00
20:09:27      17   79.00    0.00   15.00    0.00    0.00    5.00    0.00    0.00    0.00    1.00
20:09:27      18   77.78    0.00   14.14    0.00    0.00    5.05    0.00    0.00    0.00    3.03
20:09:27      19   76.24    0.00   15.84    0.00    0.00    5.94    0.00    0.00    0.00    1.98
20:09:27      20   73.74    0.00   17.17    0.00    0.00    6.06    0.00    0.00    0.00    3.03
20:09:27      21   75.00    0.00   17.00    0.00    0.00    4.00    0.00    0.00    0.00    4.00
20:09:27      22   72.28    0.00   21.78    0.00    0.00    3.96    0.00    0.00    0.00    1.98
20:09:27      23   69.00    0.00   24.00    0.00    0.00    5.00    0.00    0.00    0.00    2.00
20:09:27      24   55.56    0.00   29.29    0.00    0.00   10.10    0.00    0.00    0.00    5.05
20:09:27      25   58.16    0.00   24.49    0.00    0.00   14.29    0.00    0.00    0.00    3.06
20:09:27      26   52.48    0.00   31.68    0.00    0.00    5.94    0.00    0.00    0.00    9.90
20:09:27      27   54.64    0.00   26.80    0.00    0.00    8.25    0.00    0.00    0.00   10.31
20:09:27      28   66.00    0.00   24.00    0.00    0.00    8.00    0.00    0.00    0.00    2.00
20:09:27      29   60.61    0.00   20.20    0.00    0.00   16.16    0.00    0.00    0.00    3.03
20:09:27      30   58.16    0.00   23.47    0.00    0.00   12.24    0.00    0.00    0.00    6.12
20:09:27      31   61.62    0.00   21.21    0.00    0.00   13.13    0.00    0.00    0.00    4.04

20:09:27     CPU    %usr   %nice    %sys %iowait    %irq   %soft  %steal  %guest  %gnice   %idle
20:09:28     all   65.77    0.00   18.46    1.57    0.00    6.08    0.00    0.00    0.00    8.12
20:09:28       0   76.53    0.00   15.31    0.00    0.00    4.08    0.00    0.00    0.00    4.08
20:09:28       1   60.82    0.00   17.53    2.06    0.00    7.22    0.00    0.00    0.00   12.37
20:09:28       2   75.76    0.00   15.15    0.00    0.00    5.05    0.00    0.00    0.00    4.04
20:09:28       3   77.00    0.00   16.00    0.00    0.00    3.00    0.00    0.00    0.00    4.00
20:09:28       4   78.22    0.00   17.82    0.99    0.00    2.97    0.00    0.00    0.00    0.00
20:09:28       5   52.94    0.00   16.67    8.82    0.00    3.92    0.00    0.00    0.00   17.65
20:09:28       6   76.24    0.00   16.83    0.00    0.00    3.96    0.00    0.00    0.00    2.97
20:09:28       7   80.20    0.00   13.86    0.00    0.00    2.97    0.00    0.00    0.00    2.97
20:09:28       8   84.31    0.00    9.80    0.00    0.00    3.92    0.00    0.00    0.00    1.96
20:09:28       9   77.55    0.00   16.33    0.00    0.00    4.08    0.00    0.00    0.00    2.04
20:09:28      10   51.04    0.00   10.42    0.00    0.00    2.08    0.00    0.00    0.00   36.46
20:09:28      11   36.84    0.00   12.63   18.95    0.00    3.16    0.00    0.00    0.00   28.42
20:09:28      12   75.00    0.00   18.00    0.00    0.00    4.00    0.00    0.00    0.00    3.00
20:09:28      13   79.80    0.00   14.14    0.00    0.00    4.04    0.00    0.00    0.00    2.02
20:09:28      14   75.00    0.00   17.00    0.00    0.00    6.00    0.00    0.00    0.00    2.00
20:09:28      15   74.00    0.00   15.00    0.00    0.00    7.00    0.00    0.00    0.00    4.00
20:09:28      16   72.00    0.00   18.00    0.00    0.00    5.00    0.00    0.00    0.00    5.00
20:09:28      17   73.00    0.00   14.00    0.00    0.00    6.00    0.00    0.00    0.00    7.00
20:09:28      18   75.25    0.00   15.84    0.00    0.00    3.96    0.00    0.00    0.00    4.95
20:09:28      19   79.21    0.00   13.86    0.00    0.00    2.97    0.00    0.00    0.00    3.96
20:09:28      20   48.51    0.00   17.82   12.87    0.00    4.95    0.00    0.00    0.00   15.84
20:09:28      21   52.53    0.00   17.17    7.07    0.00    5.05    0.00    0.00    0.00   18.18
20:09:28      22   79.21    0.00   13.86    0.00    0.00    3.96    0.00    0.00    0.00    2.97
20:09:28      23   55.00    0.00   40.00    0.00    0.00    4.00    0.00    0.00    0.00    1.00
20:09:28      24   54.00    0.00   22.00    0.00    0.00   12.00    0.00    0.00    0.00   12.00
20:09:28      25   50.50    0.00   25.74    0.00    0.00   10.89    0.00    0.00    0.00   12.87
20:09:28      26   48.96    0.00   29.17    0.00    0.00   10.42    0.00    0.00    0.00   11.46
20:09:28      27   55.56    0.00   22.22    0.00    0.00   10.10    0.00    0.00    0.00   12.12
20:09:28      28   54.00    0.00   26.00    0.00    0.00   14.00    0.00    0.00    0.00    6.00
20:09:28      29   54.46    0.00   24.75    0.00    0.00   11.88    0.00    0.00    0.00    8.91
20:09:28      30   58.42    0.00   23.76    0.00    0.00   11.88    0.00    0.00    0.00    5.94
20:09:28      31   60.00    0.00   24.00    0.00    0.00   10.00    0.00    0.00    0.00    6.00

20:09:28     CPU    %usr   %nice    %sys %iowait    %irq   %soft  %steal  %guest  %gnice   %idle
20:09:29     all   66.21    0.00   18.12    1.70    0.00    5.73    0.00    0.00    0.00    8.24
20:09:29       0   52.00    0.00   15.00    6.00    0.00    4.00    0.00    0.00    0.00   23.00
20:09:29       1   45.83    0.00   10.42   16.67    0.00   11.46    0.00    0.00    0.00   15.62
20:09:29       2   77.00    0.00   16.00    0.00    0.00    4.00    0.00    0.00    0.00    3.00
20:09:29       3   73.47    0.00   21.43    0.00    0.00    3.06    0.00    0.00    0.00    2.04
20:09:29       4   77.45    0.00   11.76    4.90    0.00    2.94    0.00    0.00    0.00    2.94
20:09:29       5   56.31    0.00   12.62    3.88    0.00    1.94    0.00    0.00    0.00   25.24
20:09:29       6   75.26    0.00   17.53    0.00    0.00    5.15    0.00    0.00    0.00    2.06
20:09:29       7   73.47    0.00   23.47    0.00    0.00    2.04    0.00    0.00    0.00    1.02
20:09:29       8   77.00    0.00   15.00    0.00    0.00    5.00    0.00    0.00    0.00    3.00
20:09:29       9   80.81    0.00   13.13    0.00    0.00    4.04    0.00    0.00    0.00    2.02
20:09:29      10   73.74    0.00   19.19    0.00    0.00    3.03    0.00    0.00    0.00    4.04
20:09:29      11   83.67    0.00   12.24    0.00    0.00    1.02    0.00    0.00    0.00    3.06
20:09:29      12   77.00    0.00   14.00    0.00    0.00    6.00    0.00    0.00    0.00    3.00
20:09:29      13   76.77    0.00   16.16    0.00    0.00    4.04    0.00    0.00    0.00    3.03
20:09:29      14   74.26    0.00   11.88    0.00    0.00    4.95    0.00    0.00    0.00    8.91
20:09:29      15   81.82    0.00   12.12    0.00    0.00    3.03    0.00    0.00    0.00    3.03
20:09:29      16   48.04    0.00   15.69   11.76    0.00    1.96    0.00    0.00    0.00   22.55
20:09:29      17   52.08    0.00   13.54    3.12    0.00    2.08    0.00    0.00    0.00   29.17
20:09:29      18   74.00    0.00   16.00    0.00    0.00    7.00    0.00    0.00    0.00    3.00
20:09:29      19   74.00    0.00   18.00    0.00    0.00    5.00    0.00    0.00    0.00    3.00
20:09:29      20   51.55    0.00   10.31    5.15    0.00    2.06    0.00    0.00    0.00   30.93
20:09:29      21   49.47    0.00   11.58    3.16    0.00    5.26    0.00    0.00    0.00   30.53
20:09:29      22   77.78    0.00   18.18    0.00    0.00    2.02    0.00    0.00    0.00    2.02
20:09:29      23   62.63    0.00   34.34    0.00    0.00    2.02    0.00    0.00    0.00    1.01
20:09:29      24   59.80    0.00   25.49    0.00    0.00    7.84    0.00    0.00    0.00    6.86
20:09:29      25   59.41    0.00   23.76    0.00    0.00   10.89    0.00    0.00    0.00    5.94
20:09:29      26   60.00    0.00   21.00    0.00    0.00   15.00    0.00    0.00    0.00    4.00
20:09:29      27   57.43    0.00   25.74    0.00    0.00   11.88    0.00    0.00    0.00    4.95
20:09:29      28   56.00    0.00   27.00    0.00    0.00   13.00    0.00    0.00    0.00    4.00
20:09:29      29   58.59    0.00   26.26    0.00    0.00   10.10    0.00    0.00    0.00    5.05
20:09:29      30   67.01    0.00   20.62    0.00    0.00    9.28    0.00    0.00    0.00    3.09
20:09:29      31   54.46    0.00   29.70    0.00    0.00   11.88    0.00    0.00    0.00    3.96

20:09:29     CPU    %usr   %nice    %sys %iowait    %irq   %soft  %steal  %guest  %gnice   %idle
20:09:30     all   65.42    0.00   18.38    2.07    0.00    5.83    0.00    0.00    0.00    8.30
20:09:30       0   28.00    0.00   13.00   13.00    0.00    1.00    0.00    0.00    0.00   45.00
20:09:30       1   30.00    0.00    8.00   11.00    0.00   15.00    0.00    0.00    0.00   36.00
20:09:30       2   73.00    0.00   16.00    0.00    0.00    8.00    0.00    0.00    0.00    3.00
20:09:30       3   78.79    0.00   15.15    0.00    0.00    4.04    0.00    0.00    0.00    2.02
20:09:30       4   77.00    0.00   18.00    0.00    0.00    4.00    0.00    0.00    0.00    1.00
20:09:30       5   75.25    0.00   15.84    0.00    0.00    5.94    0.00    0.00    0.00    2.97
20:09:30       6   73.74    0.00   19.19    0.00    0.00    4.04    0.00    0.00    0.00    3.03
20:09:30       7   63.00    0.00   31.00    0.00    0.00    4.00    0.00    0.00    0.00    2.00
20:09:30       8   72.73    0.00   19.19    0.00    0.00    2.02    0.00    0.00    0.00    6.06
20:09:30       9   74.75    0.00   18.18    0.00    0.00    4.04    0.00    0.00    0.00    3.03
20:09:30      10   77.23    0.00   18.81    0.00    0.00    1.98    0.00    0.00    0.00    1.98
20:09:30      11   80.00    0.00   14.00    0.00    0.00    3.00    0.00    0.00    0.00    3.00
20:09:30      12   75.25    0.00   16.83    0.00    0.00    4.95    0.00    0.00    0.00    2.97
20:09:30      13   79.00    0.00   14.00    0.00    0.00    4.00    0.00    0.00    0.00    3.00
20:09:30      14   72.00    0.00   12.00    0.00    0.00    6.00    0.00    0.00    0.00   10.00
20:09:30      15   80.00    0.00   12.00    0.00    0.00    6.00    0.00    0.00    0.00    2.00
20:09:30      16   24.74    0.00    9.28   24.74    0.00    3.09    0.00    0.00    0.00   38.14
20:09:30      17   28.87    0.00    9.28   18.56    0.00    1.03    0.00    0.00    0.00   42.27
20:09:30      18   79.41    0.00   13.73    0.00    0.00    3.92    0.00    0.00    0.00    2.94
20:09:30      19   75.25    0.00   18.81    0.00    0.00    3.96    0.00    0.00    0.00    1.98
20:09:30      20   81.00    0.00   16.00    0.00    0.00    3.00    0.00    0.00    0.00    0.00
20:09:30      21   74.75    0.00   17.17    0.00    0.00    5.05    0.00    0.00    0.00    3.03
20:09:30      22   76.77    0.00   14.14    0.00    0.00    7.07    0.00    0.00    0.00    2.02
20:09:30      23   62.38    0.00   33.66    0.00    0.00    2.97    0.00    0.00    0.00    0.99
20:09:30      24   62.24    0.00   26.53    0.00    0.00    6.12    0.00    0.00    0.00    5.10
20:09:30      25   59.41    0.00   23.76    0.00    0.00   10.89    0.00    0.00    0.00    5.94
20:09:30      26   63.73    0.00   20.59    0.00    0.00    9.80    0.00    0.00    0.00    5.88
20:09:30      27   60.20    0.00   25.51    0.00    0.00    9.18    0.00    0.00    0.00    5.10
20:09:30      28   59.60    0.00   24.24    0.00    0.00   10.10    0.00    0.00    0.00    6.06
20:09:30      29   57.43    0.00   22.77    0.00    0.00    9.90    0.00    0.00    0.00    9.90
20:09:30      30   54.90    0.00   24.51    0.00    0.00   15.69    0.00    0.00    0.00    4.90
20:09:30      31   60.82    0.00   26.80    0.00    0.00    6.19    0.00    0.00    0.00    6.19

20:09:30     CPU    %usr   %nice    %sys %iowait    %irq   %soft  %steal  %guest  %gnice   %idle
20:09:31     all   64.70    0.00   18.58    2.06    0.00    5.82    0.00    0.00    0.00    8.83
20:09:31       0   27.66    0.00    9.57   21.28    0.00    1.06    0.00    0.00    0.00   40.43
20:09:31       1   27.96    0.00    8.60    8.60    0.00   16.13    0.00    0.00    0.00   38.71
20:09:31       2   72.16    0.00   17.53    0.00    0.00    6.19    0.00    0.00    0.00    4.12
20:09:31       3   80.00    0.00   13.00    0.00    0.00    3.00    0.00    0.00    0.00    4.00
20:09:31       4   76.24    0.00   17.82    0.00    0.00    1.98    0.00    0.00    0.00    3.96
20:09:31       5   80.00    0.00   15.00    1.00    0.00    0.00    0.00    0.00    0.00    4.00
20:09:31       6   69.31    0.00   19.80    0.00    0.00    7.92    0.00    0.00    0.00    2.97
20:09:31       7   77.78    0.00   18.18    0.00    0.00    2.02    0.00    0.00    0.00    2.02
20:09:31       8   78.00    0.00   15.00    0.00    0.00    3.00    0.00    0.00    0.00    4.00
20:09:31       9   79.59    0.00   12.24    0.00    0.00    4.08    0.00    0.00    0.00    4.08
20:09:31      10   70.00    0.00   22.00    0.00    0.00    4.00    0.00    0.00    0.00    4.00
20:09:31      11   71.72    0.00   22.22    0.00    0.00    4.04    0.00    0.00    0.00    2.02
20:09:31      12   75.00    0.00   15.00    0.00    0.00    7.00    0.00    0.00    0.00    3.00
20:09:31      13   74.00    0.00   16.00    0.00    0.00    5.00    0.00    0.00    0.00    5.00
20:09:31      14   70.41    0.00   17.35    1.02    0.00    2.04    0.00    0.00    0.00    9.18
20:09:31      15   73.00    0.00   15.00    0.00    0.00    4.00    0.00    0.00    0.00    8.00
20:09:31      16   27.66    0.00    7.45   21.28    0.00    1.06    0.00    0.00    0.00   42.55
20:09:31      17   27.66    0.00   11.70   15.96    0.00    1.06    0.00    0.00    0.00   43.62
20:09:31      18   76.29    0.00   17.53    0.00    0.00    3.09    0.00    0.00    0.00    3.09
20:09:31      19   70.71    0.00   22.22    0.00    0.00    3.03    0.00    0.00    0.00    4.04
20:09:31      20   72.28    0.00   18.81    0.00    0.00    4.95    0.00    0.00    0.00    3.96
20:09:31      21   74.26    0.00   18.81    0.00    0.00    3.96    0.00    0.00    0.00    2.97
20:09:31      22   76.77    0.00   15.15    0.00    0.00    5.05    0.00    0.00    0.00    3.03
20:09:31      23   59.00    0.00   38.00    0.00    0.00    2.00    0.00    0.00    0.00    1.00
20:09:31      24   62.63    0.00   24.24    0.00    0.00   10.10    0.00    0.00    0.00    3.03
20:09:31      25   51.52    0.00   22.22    0.00    0.00    9.09    0.00    0.00    0.00   17.17
20:09:31      26   62.63    0.00   22.22    0.00    0.00   13.13    0.00    0.00    0.00    2.02
20:09:31      27   64.65    0.00   21.21    0.00    0.00   11.11    0.00    0.00    0.00    3.03
20:09:31      28   56.12    0.00   23.47    0.00    0.00   15.31    0.00    0.00    0.00    5.10
20:09:31      29   63.92    0.00   20.62    0.00    0.00   10.31    0.00    0.00    0.00    5.15
20:09:31      30   56.31    0.00   27.18    0.00    0.00   10.68    0.00    0.00    0.00    5.83
20:09:31      31   57.00    0.00   27.00    0.00    0.00   11.00    0.00    0.00    0.00    5.00

20:09:31     CPU    %usr   %nice    %sys %iowait    %irq   %soft  %steal  %guest  %gnice   %idle
20:09:32     all   62.01    0.00   17.86    2.18    0.00    5.75    0.00    0.00    0.00   12.20
20:09:32       0   53.76    0.00    8.60    0.00    0.00    2.15    0.00    0.00    0.00   35.48
20:09:32       1   56.57    0.00   11.11    0.00    0.00    2.02    0.00    0.00    0.00   30.30
20:09:32       2   72.00    0.00   16.00    0.00    0.00    6.00    0.00    0.00    0.00    6.00
20:09:32       3   74.26    0.00   14.85    0.00    0.00    2.97    0.00    0.00    0.00    7.92
20:09:32       4   68.32    0.00   20.79    0.00    0.00    5.94    0.00    0.00    0.00    4.95
20:09:32       5   78.79    0.00   19.19    0.00    0.00    1.01    0.00    0.00    0.00    1.01
20:09:32       6   77.55    0.00   10.20    0.00    0.00    5.10    0.00    0.00    0.00    7.14
20:09:32       7   67.35    0.00   26.53    0.00    0.00    3.06    0.00    0.00    0.00    3.06
20:09:32       8   68.69    0.00   20.20    0.00    0.00    3.03    0.00    0.00    0.00    8.08
20:09:32       9   74.26    0.00   15.84    0.00    0.00    4.95    0.00    0.00    0.00    4.95
20:09:32      10   76.77    0.00   12.12    0.00    0.00    5.05    0.00    0.00    0.00    6.06
20:09:32      11   72.73    0.00   16.16    0.00    0.00    3.03    0.00    0.00    0.00    8.08
20:09:32      12   68.37    0.00   16.33    0.00    0.00    4.08    0.00    0.00    0.00   11.22
20:09:32      13   76.77    0.00   16.16    0.00    0.00    4.04    0.00    0.00    0.00    3.03
20:09:32      14   18.81    0.00   15.84   36.63    0.00    7.92    0.00    0.00    0.00   20.79
20:09:32      15   24.49    0.00   10.20   31.63    0.00    9.18    0.00    0.00    0.00   24.49
20:09:32      16   47.42    0.00   12.37    0.00    0.00    4.12    0.00    0.00    0.00   36.08
20:09:32      17   52.53    0.00    9.09    0.00    0.00    4.04    0.00    0.00    0.00   34.34
20:09:32      18   73.00    0.00   17.00    0.00    0.00    3.00    0.00    0.00    0.00    7.00
20:09:32      19   69.39    0.00   19.39    0.00    0.00    5.10    0.00    0.00    0.00    6.12
20:09:32      20   72.92    0.00   16.67    0.00    0.00    4.17    0.00    0.00    0.00    6.25
20:09:32      21   72.55    0.00   17.65    0.00    0.00    3.92    0.00    0.00    0.00    5.88
20:09:32      22   71.00    0.00   15.00    0.00    0.00    4.00    0.00    0.00    0.00   10.00
20:09:32      23   64.29    0.00   30.61    0.00    0.00    2.04    0.00    0.00    0.00    3.06
20:09:32      24   60.00    0.00   22.00    0.00    0.00   12.00    0.00    0.00    0.00    6.00
20:09:32      25   47.96    0.00   19.39    0.00    0.00   10.20    0.00    0.00    0.00   22.45
20:09:32      26   50.51    0.00   29.29    0.00    0.00   10.10    0.00    0.00    0.00   10.10
20:09:32      27   62.00    0.00   21.00    0.00    0.00    9.00    0.00    0.00    0.00    8.00
20:09:32      28   53.54    0.00   24.24    0.00    0.00   12.12    0.00    0.00    0.00   10.10
20:09:32      29   55.56    0.00   24.24    0.00    0.00   10.10    0.00    0.00    0.00   10.10
20:09:32      30   48.98    0.00   22.45    1.02    0.00   10.20    0.00    0.00    0.00   17.35
20:09:32      31   52.04    0.00   20.41    0.00    0.00   10.20    0.00    0.00    0.00   17.35

Average:     CPU    %usr   %nice    %sys %iowait    %irq   %soft  %steal  %guest  %gnice   %idle
Average:     all   65.20    0.00   17.82    1.45    0.00    5.44    0.00    0.00    0.00   10.10
Average:       0   65.67    0.00   17.70    1.84    0.00    3.26    0.00    0.00    0.00   11.52
Average:       1   64.24    0.00   15.81    2.39    0.00    5.40    0.00    0.00    0.00   12.16
Average:       2   70.79    0.00   16.33    1.11    0.00    3.91    0.00    0.00    0.00    7.86
Average:       3   68.90    0.00   15.39    1.25    0.00    3.77    0.00    0.00    0.00   10.68
Average:       4   58.81    0.00   17.68    3.47    0.00    3.60    0.00    0.00    0.00   16.43
Average:       5   59.54    0.00   15.34    4.54    0.00    3.91    0.00    0.00    0.00   16.67
Average:       6   68.91    0.00   16.67    1.07    0.00    3.78    0.00    0.00    0.00    9.57
Average:       7   67.19    0.00   18.50    1.27    0.00    3.71    0.00    0.00    0.00    9.33
Average:       8   72.50    0.00   14.67    0.05    0.00    3.78    0.00    0.00    0.00    8.99
Average:       9   75.01    0.00   16.82    0.03    0.00    3.92    0.00    0.00    0.00    4.22
Average:      10   67.32    0.00   15.20    2.08    0.00    3.68    0.00    0.00    0.00   11.72
Average:      11   66.07    0.00   15.00    5.06    0.00    4.38    0.00    0.00    0.00    9.49
Average:      12   71.44    0.00   15.17    0.40    0.00    4.28    0.00    0.00    0.00    8.71
Average:      13   72.01    0.00   14.76    0.27    0.00    4.14    0.00    0.00    0.00    8.82
Average:      14   68.12    0.00   15.22    1.84    0.00    4.13    0.00    0.00    0.00   10.70
Average:      15   69.04    0.00   14.99    3.25    0.00    4.33    0.00    0.00    0.00    8.38
Average:      16   63.63    0.00   16.98    2.22    0.00    3.54    0.00    0.00    0.00   13.63
Average:      17   65.44    0.00   16.22    2.11    0.00    3.39    0.00    0.00    0.00   12.84
Average:      18   69.32    0.00   15.81    1.15    0.00    3.60    0.00    0.00    0.00   10.12
Average:      19   68.81    0.00   16.20    1.57    0.00    3.77    0.00    0.00    0.00    9.64
Average:      20   58.82    0.00   16.10    3.86    0.00    3.52    0.00    0.00    0.00   17.71
Average:      21   59.61    0.00   15.32    4.17    0.00    3.87    0.00    0.00    0.00   17.04
Average:      22   67.97    0.00   16.96    0.82    0.00    3.89    0.00    0.00    0.00   10.37
Average:      23   66.17    0.00   19.49    0.79    0.00    3.87    0.00    0.00    0.00    9.68
Average:      24   61.00    0.00   22.47    0.00    0.00    9.98    0.00    0.00    0.00    6.55
Average:      25   60.15    0.00   22.86    0.00    0.00   10.20    0.00    0.00    0.00    6.79
Average:      26   60.14    0.00   22.58    0.00    0.00   10.03    0.00    0.00    0.00    7.25
Average:      27   59.72    0.00   22.89    0.01    0.00   10.29    0.00    0.00    0.00    7.09
Average:      28   61.00    0.00   22.74    0.00    0.00    9.81    0.00    0.00    0.00    6.44
Average:      29   60.08    0.00   23.28    0.00    0.00   10.10    0.00    0.00    0.00    6.55
Average:      30   59.32    0.00   22.26    0.09    0.00    9.88    0.00    0.00    0.00    8.45
Average:      31   59.25    0.00   22.53    0.03    0.00   10.06    0.00    0.00    0.00    8.13
