Linux 5.15.0-177-generic (node0.paper.datacntr-effcy-pg0.utah.cloudlab.us) 	07/10/26 	_x86_64_	(32 CPU)

20:03:13     CPU    %usr   %nice    %sys %iowait    %irq   %soft  %steal  %guest  %gnice   %idle
20:03:14     all   12.45    0.00    1.54    0.00    0.00    1.95    0.00    0.00    0.00   84.06
20:03:14       0    0.77    0.00    0.00    0.00    0.00   23.85    0.00    0.00    0.00   75.38
20:03:14       1    0.00    0.00    0.00    0.00    0.00   23.26    0.00    0.00    0.00   76.74
20:03:14       2    0.00    0.00    0.00    0.00    0.00    0.00    0.00    0.00    0.00  100.00
20:03:14       3    3.03    0.00    0.00    0.00    0.00    0.00    0.00    0.00    0.00   96.97
20:03:14       4    2.02    0.00    0.00    0.00    0.00    0.00    0.00    0.00    0.00   97.98
20:03:14       5    1.02    0.00    1.02    0.00    0.00    0.00    0.00    0.00    0.00   97.96
20:03:14       6    5.00    0.00    0.00    0.00    0.00    0.00    0.00    0.00    0.00   95.00
20:03:14       7    3.03    0.00    0.00    0.00    0.00    0.00    0.00    0.00    0.00   96.97
20:03:14       8    0.00    0.00    0.00    0.00    0.00    0.00    0.00    0.00    0.00  100.00
20:03:14       9    0.00    0.00    0.00    0.00    0.00    0.00    0.00    0.00    0.00  100.00
20:03:14      10    0.00    0.00    0.00    0.00    0.00    0.00    0.00    0.00    0.00  100.00
20:03:14      11    1.00    0.00    0.00    0.00    0.00    0.00    0.00    0.00    0.00   99.00
20:03:14      12    0.00    0.00    0.00    0.00    0.00    0.00    0.00    0.00    0.00  100.00
20:03:14      13    0.00    0.00    0.00    0.00    0.00    0.00    0.00    0.00    0.00  100.00
20:03:14      14    0.00    0.00    1.01    0.00    0.00    0.00    0.00    0.00    0.00   98.99
20:03:14      15    0.00    0.00    0.00    0.00    0.00    0.00    0.00    0.00    0.00  100.00
20:03:14      16    1.01    0.00    1.01    0.00    0.00    0.00    0.00    0.00    0.00   97.98
20:03:14      17    0.00    0.00    0.00    0.00    0.00    0.00    0.00    0.00    0.00  100.00
20:03:14      18    2.97    0.00    0.99    0.00    0.00    0.00    0.00    0.00    0.00   96.04
20:03:14      19    3.03    0.00    1.01    0.00    0.00    0.00    0.00    0.00    0.00   95.96
20:03:14      20    3.03    0.00    1.01    0.00    0.00    0.00    0.00    0.00    0.00   95.96
20:03:14      21    3.03    0.00    0.00    0.00    0.00    0.00    0.00    0.00    0.00   96.97
20:03:14      22    1.04    0.00    1.04    0.00    0.00    0.00    0.00    0.00    0.00   97.92
20:03:14      23    3.03    0.00    1.01    0.00    0.00    0.00    0.00    0.00    0.00   95.96
20:03:14      24   50.00    0.00    3.00    0.00    0.00    0.00    0.00    0.00    0.00   47.00
20:03:14      25   48.48    0.00    6.06    0.00    0.00    0.00    0.00    0.00    0.00   45.45
20:03:14      26   61.62    0.00    7.07    0.00    0.00    0.00    0.00    0.00    0.00   31.31
20:03:14      27   30.30    0.00    3.03    0.00    0.00    0.00    0.00    0.00    0.00   66.67
20:03:14      28   49.02    0.00    2.94    0.00    0.00    1.96    0.00    0.00    0.00   46.08
20:03:14      29   51.00    0.00    7.00    0.00    0.00    0.00    0.00    0.00    0.00   42.00
20:03:14      30   43.14    0.00    7.84    0.00    0.00    0.00    0.00    0.00    0.00   49.02
20:03:14      31   36.00    0.00    5.00    0.00    0.00    0.00    0.00    0.00    0.00   59.00

20:03:14     CPU    %usr   %nice    %sys %iowait    %irq   %soft  %steal  %guest  %gnice   %idle
20:03:15     all   30.54    0.00    3.90    0.00    0.00    1.07    0.00    0.00    0.00   64.50
20:03:15       0   14.29    0.00    1.02    0.00    0.00    0.00    0.00    0.00    0.00   84.69
20:03:15       1    7.02    0.00    1.75    0.00    0.00   14.04    0.00    0.00    0.00   77.19
20:03:15       2   24.00    0.00    1.00    0.00    0.00    1.00    0.00    0.00    0.00   74.00
20:03:15       3   21.05    0.00    3.16    0.00    0.00    1.05    0.00    0.00    0.00   74.74
20:03:15       4   19.59    0.00    2.06    0.00    0.00    2.06    0.00    0.00    0.00   76.29
20:03:15       5   24.24    0.00    2.02    0.00    0.00    1.01    0.00    0.00    0.00   72.73
20:03:15       6   23.00    0.00    4.00    0.00    0.00    0.00    0.00    0.00    0.00   73.00
20:03:15       7   19.39    0.00    5.10    0.00    0.00    1.02    0.00    0.00    0.00   74.49
20:03:15       8    0.00    0.00    0.00    0.00    0.00    0.00    0.00    0.00    0.00  100.00
20:03:15       9    0.00    0.00    1.00    0.00    0.00    0.00    0.00    0.00    0.00   99.00
20:03:15      10    0.00    0.00    0.00    0.00    0.00    0.00    0.00    0.00    0.00  100.00
20:03:15      11    0.00    0.00    0.00    0.00    0.00    0.00    0.00    0.00    0.00  100.00
20:03:15      12    0.00    0.00    0.00    0.00    0.00    0.00    0.00    0.00    0.00  100.00
20:03:15      13    0.00    0.00    0.00    0.00    0.00    0.00    0.00    0.00    0.00  100.00
20:03:15      14    7.92    0.00    0.00    0.00    0.00    0.00    0.00    0.00    0.00   92.08
20:03:15      15    0.00    0.00    0.00    0.00    0.00    0.00    0.00    0.00    0.00  100.00
20:03:15      16    9.38    0.00    1.04    0.00    0.00    0.00    0.00    0.00    0.00   89.58
20:03:15      17    8.08    0.00    2.02    0.00    0.00    1.01    0.00    0.00    0.00   88.89
20:03:15      18   21.65    0.00    2.06    0.00    0.00    2.06    0.00    0.00    0.00   74.23
20:03:15      19   19.79    0.00    2.08    0.00    0.00    1.04    0.00    0.00    0.00   77.08
20:03:15      20   26.73    0.00    1.98    0.00    0.00    0.99    0.00    0.00    0.00   70.30
20:03:15      21   21.88    0.00    2.08    0.00    0.00    0.00    0.00    0.00    0.00   76.04
20:03:15      22   23.23    0.00    4.04    0.00    0.00    2.02    0.00    0.00    0.00   70.71
20:03:15      23   23.23    0.00    4.04    0.00    0.00    0.00    0.00    0.00    0.00   72.73
20:03:15      24   84.00    0.00    9.00    0.00    0.00    0.00    0.00    0.00    0.00    7.00
20:03:15      25   83.17    0.00    9.90    0.00    0.00    0.00    0.00    0.00    0.00    6.93
20:03:15      26   81.00    0.00   12.00    0.00    0.00    1.00    0.00    0.00    0.00    6.00
20:03:15      27   81.37    0.00   12.75    0.00    0.00    0.98    0.00    0.00    0.00    4.90
20:03:15      28   80.81    0.00   10.10    0.00    0.00    0.00    0.00    0.00    0.00    9.09
20:03:15      29   78.00    0.00   12.00    0.00    0.00    1.00    0.00    0.00    0.00    9.00
20:03:15      30   85.15    0.00    8.91    0.00    0.00    0.99    0.00    0.00    0.00    4.95
20:03:15      31   86.00    0.00    9.00    0.00    0.00    1.00    0.00    0.00    0.00    4.00

20:03:15     CPU    %usr   %nice    %sys %iowait    %irq   %soft  %steal  %guest  %gnice   %idle
20:03:16     all   38.78    0.00    3.96    0.03    0.00    0.82    0.00    0.00    0.00   56.40
20:03:16       0   29.90    0.00    3.09    0.00    0.00    1.03    0.00    0.00    0.00   65.98
20:03:16       1   30.61    0.00    4.08    0.00    0.00    1.02    0.00    0.00    0.00   64.29
20:03:16       2   31.91    0.00    2.13    0.00    0.00    0.00    0.00    0.00    0.00   65.96
20:03:16       3   30.21    0.00    4.17    0.00    0.00    0.00    0.00    0.00    0.00   65.62
20:03:16       4   35.64    0.00    1.98    0.00    0.00    0.99    0.00    0.00    0.00   61.39
20:03:16       5   31.96    0.00    4.12    0.00    0.00    1.03    0.00    0.00    0.00   62.89
20:03:16       6   32.97    0.00    2.20    0.00    0.00    0.00    0.00    0.00    0.00   64.84
20:03:16       7   39.00    0.00    1.00    0.00    0.00    1.00    0.00    0.00    0.00   59.00
20:03:16       8    0.00    0.00    0.00    0.00    0.00    0.00    0.00    0.00    0.00  100.00
20:03:16       9    0.00    0.00    0.00    1.02    0.00    0.00    0.00    0.00    0.00   98.98
20:03:16      10    0.00    0.00    0.00    0.00    0.00    0.00    0.00    0.00    0.00  100.00
20:03:16      11    0.00    0.00    0.00    0.00    0.00    0.00    0.00    0.00    0.00  100.00
20:03:16      12    0.00    0.00    0.00    0.00    0.00    0.00    0.00    0.00    0.00  100.00
20:03:16      13    0.00    0.00    0.00    0.00    0.00    0.00    0.00    0.00    0.00  100.00
20:03:16      14    8.25    0.00    2.06    0.00    0.00    1.03    0.00    0.00    0.00   88.66
20:03:16      15    0.00    0.00    0.00    0.00    0.00    0.00    0.00    0.00    0.00  100.00
20:03:16      16   35.35    0.00    2.02    0.00    0.00    2.02    0.00    0.00    0.00   60.61
20:03:16      17   37.25    0.00    1.96    0.00    0.00    0.00    0.00    0.00    0.00   60.78
20:03:16      18   31.25    0.00    2.08    0.00    0.00    2.08    0.00    0.00    0.00   64.58
20:03:16      19   32.99    0.00    3.09    0.00    0.00    1.03    0.00    0.00    0.00   62.89
20:03:16      20   34.95    0.00    4.85    0.00    0.00    0.00    0.00    0.00    0.00   60.19
20:03:16      21   29.90    0.00    5.15    0.00    0.00    1.03    0.00    0.00    0.00   63.92
20:03:16      22   31.96    0.00    6.19    0.00    0.00    1.03    0.00    0.00    0.00   60.82
20:03:16      23   33.00    0.00    5.00    0.00    0.00    2.00    0.00    0.00    0.00   60.00
20:03:16      24   89.00    0.00    7.00    0.00    0.00    1.00    0.00    0.00    0.00    3.00
20:03:16      25   87.00    0.00    8.00    0.00    0.00    2.00    0.00    0.00    0.00    3.00
20:03:16      26   88.00    0.00    9.00    0.00    0.00    1.00    0.00    0.00    0.00    2.00
20:03:16      27   87.76    0.00    9.18    0.00    0.00    0.00    0.00    0.00    0.00    3.06
20:03:16      28   92.00    0.00    8.00    0.00    0.00    0.00    0.00    0.00    0.00    0.00
20:03:16      29   85.00    0.00    9.00    0.00    0.00    3.00    0.00    0.00    0.00    3.00
20:03:16      30   82.18    0.00   12.87    0.00    0.00    1.98    0.00    0.00    0.00    2.97
20:03:16      31   87.00    0.00    8.00    0.00    0.00    2.00    0.00    0.00    0.00    3.00

20:03:16     CPU    %usr   %nice    %sys %iowait    %irq   %soft  %steal  %guest  %gnice   %idle
20:03:17     all   42.98    0.00    4.93    0.00    0.00    0.95    0.00    0.00    0.00   51.14
20:03:17       0   38.14    0.00    6.19    0.00    0.00    2.06    0.00    0.00    0.00   53.61
20:03:17       1   34.41    0.00    5.38    0.00    0.00    2.15    0.00    0.00    0.00   58.06
20:03:17       2   41.24    0.00    5.15    0.00    0.00    1.03    0.00    0.00    0.00   52.58
20:03:17       3   41.41    0.00    5.05    0.00    0.00    2.02    0.00    0.00    0.00   51.52
20:03:17       4   41.41    0.00    4.04    0.00    0.00    2.02    0.00    0.00    0.00   52.53
20:03:17       5   41.58    0.00    5.94    0.00    0.00    0.00    0.00    0.00    0.00   52.48
20:03:17       6   46.08    0.00    0.98    0.00    0.00    0.98    0.00    0.00    0.00   51.96
20:03:17       7   42.42    0.00    5.05    0.00    0.00    0.00    0.00    0.00    0.00   52.53
20:03:17       8   13.00    0.00    1.00    0.00    0.00    0.00    0.00    0.00    0.00   86.00
20:03:17       9   11.11    0.00    0.00    0.00    0.00    0.00    0.00    0.00    0.00   88.89
20:03:17      10    0.00    0.00    0.00    0.00    0.00    0.00    0.00    0.00    0.00  100.00
20:03:17      11    0.00    0.00    0.00    0.00    0.00    0.00    0.00    0.00    0.00  100.00
20:03:17      12    0.00    0.00    0.00    0.00    0.00    0.00    0.00    0.00    0.00  100.00
20:03:17      13    0.00    0.00    0.00    0.00    0.00    0.00    0.00    0.00    0.00  100.00
20:03:17      14   18.81    0.00    2.97    0.00    0.00    0.00    0.00    0.00    0.00   78.22
20:03:17      15   10.89    0.00    2.97    0.00    0.00    0.00    0.00    0.00    0.00   86.14
20:03:17      16   38.14    0.00    3.09    0.00    0.00    3.09    0.00    0.00    0.00   55.67
20:03:17      17   40.40    0.00    5.05    0.00    0.00    1.01    0.00    0.00    0.00   53.54
20:03:17      18   42.42    0.00    5.05    0.00    0.00    1.01    0.00    0.00    0.00   51.52
20:03:17      19   41.30    0.00    4.35    0.00    0.00    0.00    0.00    0.00    0.00   54.35
20:03:17      20   39.00    0.00    7.00    0.00    0.00    1.00    0.00    0.00    0.00   53.00
20:03:17      21   39.58    0.00    4.17    0.00    0.00    1.04    0.00    0.00    0.00   55.21
20:03:17      22   42.16    0.00    4.90    0.00    0.00    0.00    0.00    0.00    0.00   52.94
20:03:17      23   39.58    0.00    2.08    0.00    0.00    1.04    0.00    0.00    0.00   57.29
20:03:17      24   85.86    0.00    7.07    0.00    0.00    1.01    0.00    0.00    0.00    6.06
20:03:17      25   83.17    0.00   10.89    0.00    0.00    0.99    0.00    0.00    0.00    4.95
20:03:17      26   82.83    0.00    9.09    0.00    0.00    1.01    0.00    0.00    0.00    7.07
20:03:17      27   81.19    0.00    9.90    0.00    0.00    1.98    0.00    0.00    0.00    6.93
20:03:17      28   85.00    0.00   11.00    0.00    0.00    2.00    0.00    0.00    0.00    2.00
20:03:17      29   84.69    0.00    8.16    0.00    0.00    2.04    0.00    0.00    0.00    5.10
20:03:17      30   84.85    0.00   10.10    0.00    0.00    2.02    0.00    0.00    0.00    3.03
20:03:17      31   83.00    0.00   11.00    0.00    0.00    1.00    0.00    0.00    0.00    5.00

20:03:17     CPU    %usr   %nice    %sys %iowait    %irq   %soft  %steal  %guest  %gnice   %idle
20:03:18     all   49.68    0.00    6.62    0.00    0.00    1.45    0.00    0.00    0.00   42.24
20:03:18       0   50.53    0.00    5.26    0.00    0.00    2.11    0.00    0.00    0.00   42.11
20:03:18       1   52.48    0.00    5.94    0.00    0.00    1.98    0.00    0.00    0.00   39.60
20:03:18       2   50.50    0.00    4.95    0.00    0.00    0.99    0.00    0.00    0.00   43.56
20:03:18       3   50.00    0.00    6.25    0.00    0.00    2.08    0.00    0.00    0.00   41.67
20:03:18       4   50.53    0.00    5.26    0.00    0.00    2.11    0.00    0.00    0.00   42.11
20:03:18       5   52.53    0.00    4.04    0.00    0.00    1.01    0.00    0.00    0.00   42.42
20:03:18       6   50.50    0.00    6.93    0.00    0.00    0.99    0.00    0.00    0.00   41.58
20:03:18       7   51.52    0.00    5.05    0.00    0.00    1.01    0.00    0.00    0.00   42.42
20:03:18       8   20.41    0.00    2.04    0.00    0.00    0.00    0.00    0.00    0.00   77.55
20:03:18       9   20.41    0.00    2.04    0.00    0.00    1.02    0.00    0.00    0.00   76.53
20:03:18      10    7.29    0.00    1.04    0.00    0.00    0.00    0.00    0.00    0.00   91.67
20:03:18      11    8.91    0.00    0.00    0.00    0.00    0.00    0.00    0.00    0.00   91.09
20:03:18      12    0.00    0.00    0.00    0.00    0.00    0.00    0.00    0.00    0.00  100.00
20:03:18      13    0.00    0.00    0.00    0.00    0.00    0.00    0.00    0.00    0.00  100.00
20:03:18      14   30.61    0.00    3.06    0.00    0.00    2.04    0.00    0.00    0.00   64.29
20:03:18      15   32.65    0.00    4.08    0.00    0.00    2.04    0.00    0.00    0.00   61.22
20:03:18      16   52.00    0.00    6.00    0.00    0.00    2.00    0.00    0.00    0.00   40.00
20:03:18      17   51.00    0.00    7.00    0.00    0.00    1.00    0.00    0.00    0.00   41.00
20:03:18      18   50.51    0.00    7.07    0.00    0.00    1.01    0.00    0.00    0.00   41.41
20:03:18      19   50.98    0.00    6.86    0.00    0.00    1.96    0.00    0.00    0.00   40.20
20:03:18      20   50.52    0.00    4.12    0.00    0.00    2.06    0.00    0.00    0.00   43.30
20:03:18      21   51.49    0.00    5.94    0.00    0.00    1.98    0.00    0.00    0.00   40.59
20:03:18      22   50.52    0.00    5.15    0.00    0.00    1.03    0.00    0.00    0.00   43.30
20:03:18      23   49.47    0.00    5.26    0.00    0.00    1.05    0.00    0.00    0.00   44.21
20:03:18      24   82.83    0.00   11.11    0.00    0.00    3.03    0.00    0.00    0.00    3.03
20:03:18      25   77.00    0.00   16.00    0.00    0.00    3.00    0.00    0.00    0.00    4.00
20:03:18      26   83.17    0.00   11.88    0.00    0.00    2.97    0.00    0.00    0.00    1.98
20:03:18      27   81.00    0.00   16.00    0.00    0.00    1.00    0.00    0.00    0.00    2.00
20:03:18      28   80.20    0.00   13.86    0.00    0.00    1.98    0.00    0.00    0.00    3.96
20:03:18      29   83.00    0.00   11.00    0.00    0.00    2.00    0.00    0.00    0.00    4.00
20:03:18      30   82.18    0.00   13.86    0.00    0.00    0.99    0.00    0.00    0.00    2.97
20:03:18      31   81.19    0.00   13.86    0.00    0.00    1.98    0.00    0.00    0.00    2.97

20:03:18     CPU    %usr   %nice    %sys %iowait    %irq   %soft  %steal  %guest  %gnice   %idle
20:03:19     all   53.67    0.00    6.41    0.00    0.00    1.81    0.00    0.00    0.00   38.11
20:03:19       0   51.00    0.00    7.00    0.00    0.00    4.00    0.00    0.00    0.00   38.00
20:03:19       1   51.06    0.00    6.38    0.00    0.00    2.13    0.00    0.00    0.00   40.43
20:03:19       2   55.10    0.00    6.12    0.00    0.00    2.04    0.00    0.00    0.00   36.73
20:03:19       3   56.25    0.00    4.17    0.00    0.00    1.04    0.00    0.00    0.00   38.54
20:03:19       4   56.00    0.00    8.00    0.00    0.00    0.00    0.00    0.00    0.00   36.00
20:03:19       5   54.08    0.00    8.16    0.00    0.00    1.02    0.00    0.00    0.00   36.73
20:03:19       6   52.53    0.00    5.05    0.00    0.00    3.03    0.00    0.00    0.00   39.39
20:03:19       7   53.68    0.00    7.37    0.00    0.00    1.05    0.00    0.00    0.00   37.89
20:03:19       8   23.71    0.00    2.06    0.00    0.00    0.00    0.00    0.00    0.00   74.23
20:03:19       9   25.51    0.00    3.06    0.00    0.00    0.00    0.00    0.00    0.00   71.43
20:03:19      10   30.30    0.00    4.04    0.00    0.00    1.01    0.00    0.00    0.00   64.65
20:03:19      11   32.32    0.00    2.02    0.00    0.00    0.00    0.00    0.00    0.00   65.66
20:03:19      12    0.00    0.00    0.00    0.00    0.00    0.00    0.00    0.00    0.00  100.00
20:03:19      13    0.00    0.00    0.00    0.00    0.00    0.00    0.00    0.00    0.00  100.00
20:03:19      14   32.00    0.00    4.00    0.00    0.00    2.00    0.00    0.00    0.00   62.00
20:03:19      15   32.32    0.00    4.04    0.00    0.00    0.00    0.00    0.00    0.00   63.64
20:03:19      16   56.00    0.00    5.00    0.00    0.00    2.00    0.00    0.00    0.00   37.00
20:03:19      17   55.24    0.00    6.67    0.00    0.00    1.90    0.00    0.00    0.00   36.19
20:03:19      18   53.19    0.00    5.32    0.00    0.00    1.06    0.00    0.00    0.00   40.43
20:03:19      19   51.09    0.00    6.52    0.00    0.00    2.17    0.00    0.00    0.00   40.22
20:03:19      20   54.35    0.00    5.43    0.00    0.00    1.09    0.00    0.00    0.00   39.13
20:03:19      21   53.12    0.00    7.29    0.00    0.00    2.08    0.00    0.00    0.00   37.50
20:03:19      22   52.00    0.00    8.00    0.00    0.00    2.00    0.00    0.00    0.00   38.00
20:03:19      23   56.00    0.00    5.00    0.00    0.00    2.00    0.00    0.00    0.00   37.00
20:03:19      24   82.00    0.00   13.00    0.00    0.00    3.00    0.00    0.00    0.00    2.00
20:03:19      25   86.00    0.00    8.00    0.00    0.00    3.00    0.00    0.00    0.00    3.00
20:03:19      26   88.00    0.00    9.00    0.00    0.00    2.00    0.00    0.00    0.00    1.00
20:03:19      27   83.17    0.00   10.89    0.00    0.00    4.95    0.00    0.00    0.00    0.99
20:03:19      28   88.89    0.00    7.07    0.00    0.00    3.03    0.00    0.00    0.00    1.01
20:03:19      29   86.14    0.00    8.91    0.00    0.00    3.96    0.00    0.00    0.00    0.99
20:03:19      30   76.77    0.00   17.17    0.00    0.00    4.04    0.00    0.00    0.00    2.02
20:03:19      31   86.00    0.00   10.00    0.00    0.00    2.00    0.00    0.00    0.00    2.00

20:03:19     CPU    %usr   %nice    %sys %iowait    %irq   %soft  %steal  %guest  %gnice   %idle
20:03:20     all   55.72    0.00    6.80    0.00    0.00    1.45    0.00    0.00    0.00   36.02
20:03:20       0   58.25    0.00    6.80    0.00    0.00    0.97    0.00    0.00    0.00   33.98
20:03:20       1   57.00    0.00    7.00    0.00    0.00    2.00    0.00    0.00    0.00   34.00
20:03:20       2   56.31    0.00    4.85    0.00    0.00    2.91    0.00    0.00    0.00   35.92
20:03:20       3   56.57    0.00    4.04    0.00    0.00    3.03    0.00    0.00    0.00   36.36
20:03:20       4   56.25    0.00    7.29    0.00    0.00    1.04    0.00    0.00    0.00   35.42
20:03:20       5   56.70    0.00    7.22    0.00    0.00    2.06    0.00    0.00    0.00   34.02
20:03:20       6   57.58    0.00    5.05    0.00    0.00    1.01    0.00    0.00    0.00   36.36
20:03:20       7   55.10    0.00    8.16    0.00    0.00    1.02    0.00    0.00    0.00   35.71
20:03:20       8   35.79    0.00    4.21    0.00    0.00    1.05    0.00    0.00    0.00   58.95
20:03:20       9   41.00    0.00    2.00    0.00    0.00    1.00    0.00    0.00    0.00   56.00
20:03:20      10   35.00    0.00    4.00    0.00    0.00    0.00    0.00    0.00    0.00   61.00
20:03:20      11   33.68    0.00    2.11    0.00    0.00    1.05    0.00    0.00    0.00   63.16
20:03:20      12    0.00    0.00    0.00    0.00    0.00    0.00    0.00    0.00    0.00  100.00
20:03:20      13    0.00    0.00    0.00    0.00    0.00    0.00    0.00    0.00    0.00  100.00
20:03:20      14   27.55    0.00    3.06    0.00    0.00    0.00    0.00    0.00    0.00   69.39
20:03:20      15   27.66    0.00    1.06    0.00    0.00    0.00    0.00    0.00    0.00   71.28
20:03:20      16   53.06    0.00    9.18    0.00    0.00    2.04    0.00    0.00    0.00   35.71
20:03:20      17   53.61    0.00   10.31    0.00    0.00    1.03    0.00    0.00    0.00   35.05
20:03:20      18   57.28    0.00    5.83    0.00    0.00    0.97    0.00    0.00    0.00   35.92
20:03:20      19   54.17    0.00    7.29    0.00    0.00    1.04    0.00    0.00    0.00   37.50
20:03:20      20   57.58    0.00    6.06    0.00    0.00    2.02    0.00    0.00    0.00   34.34
20:03:20      21   60.61    0.00    4.04    0.00    0.00    1.01    0.00    0.00    0.00   34.34
20:03:20      22   59.18    0.00    5.10    0.00    0.00    1.02    0.00    0.00    0.00   34.69
20:03:20      23   56.44    0.00    7.92    0.00    0.00    0.99    0.00    0.00    0.00   34.65
20:03:20      24   83.00    0.00   14.00    0.00    0.00    3.00    0.00    0.00    0.00    0.00
20:03:20      25   84.69    0.00   11.22    0.00    0.00    2.04    0.00    0.00    0.00    2.04
20:03:20      26   85.15    0.00   10.89    0.00    0.00    1.98    0.00    0.00    0.00    1.98
20:03:20      27   87.00    0.00    9.00    0.00    0.00    2.00    0.00    0.00    0.00    2.00
20:03:20      28   86.00    0.00   12.00    0.00    0.00    2.00    0.00    0.00    0.00    0.00
20:03:20      29   84.85    0.00    9.09    0.00    0.00    4.04    0.00    0.00    0.00    2.02
20:03:20      30   78.00    0.00   16.00    0.00    0.00    3.00    0.00    0.00    0.00    3.00
20:03:20      31   83.67    0.00   12.24    0.00    0.00    1.02    0.00    0.00    0.00    3.06

20:03:20     CPU    %usr   %nice    %sys %iowait    %irq   %soft  %steal  %guest  %gnice   %idle
20:03:21     all   55.73    0.00    6.69    0.00    0.00    1.55    0.00    0.00    0.00   36.03
20:03:21       0   56.25    0.00    6.25    0.00    0.00    2.08    0.00    0.00    0.00   35.42
20:03:21       1   55.56    0.00    6.06    0.00    0.00    2.02    0.00    0.00    0.00   36.36
20:03:21       2   54.08    0.00    6.12    0.00    0.00    1.02    0.00    0.00    0.00   38.78
20:03:21       3   54.46    0.00    7.92    0.00    0.00    0.00    0.00    0.00    0.00   37.62
20:03:21       4   59.18    0.00    5.10    0.00    0.00    2.04    0.00    0.00    0.00   33.67
20:03:21       5   53.19    0.00    9.57    0.00    0.00    1.06    0.00    0.00    0.00   36.17
20:03:21       6   57.43    0.00    4.95    0.00    0.00    1.98    0.00    0.00    0.00   35.64
20:03:21       7   55.67    0.00    5.15    0.00    0.00    1.03    0.00    0.00    0.00   38.14
20:03:21       8   32.67    0.00    3.96    0.00    0.00    0.99    0.00    0.00    0.00   62.38
20:03:21       9   35.29    0.00    3.92    0.00    0.00    0.00    0.00    0.00    0.00   60.78
20:03:21      10   39.22    0.00    4.90    0.00    0.00    0.00    0.00    0.00    0.00   55.88
20:03:21      11   38.00    0.00    6.00    0.00    0.00    1.00    0.00    0.00    0.00   55.00
20:03:21      12   10.10    0.00    2.02    0.00    0.00    0.00    0.00    0.00    0.00   87.88
20:03:21      13   13.86    0.00    0.00    0.00    0.00    0.00    0.00    0.00    0.00   86.14
20:03:21      14   25.51    0.00    1.02    0.00    0.00    0.00    0.00    0.00    0.00   73.47
20:03:21      15   25.00    0.00    3.12    0.00    0.00    0.00    0.00    0.00    0.00   71.88
20:03:21      16   53.68    0.00    8.42    0.00    0.00    1.05    0.00    0.00    0.00   36.84
20:03:21      17   56.57    0.00    6.06    0.00    0.00    2.02    0.00    0.00    0.00   35.35
20:03:21      18   53.61    0.00    6.19    0.00    0.00    1.03    0.00    0.00    0.00   39.18
20:03:21      19   53.92    0.00    7.84    0.00    0.00    0.00    0.00    0.00    0.00   38.24
20:03:21      20   57.73    0.00    8.25    0.00    0.00    1.03    0.00    0.00    0.00   32.99
20:03:21      21   59.60    0.00    6.06    0.00    0.00    1.01    0.00    0.00    0.00   33.33
20:03:21      22   54.55    0.00    7.07    0.00    0.00    1.01    0.00    0.00    0.00   37.37
20:03:21      23   55.56    0.00    5.05    0.00    0.00    3.03    0.00    0.00    0.00   36.36
20:03:21      24   84.69    0.00   11.22    0.00    0.00    2.04    0.00    0.00    0.00    2.04
20:03:21      25   85.15    0.00    9.90    0.00    0.00    2.97    0.00    0.00    0.00    1.98
20:03:21      26   86.00    0.00    8.00    0.00    0.00    4.00    0.00    0.00    0.00    2.00
20:03:21      27   84.69    0.00   10.20    0.00    0.00    2.04    0.00    0.00    0.00    3.06
20:03:21      28   86.00    0.00    8.00    0.00    0.00    3.00    0.00    0.00    0.00    3.00
20:03:21      29   84.00    0.00   11.00    0.00    0.00    4.00    0.00    0.00    0.00    1.00
20:03:21      30   77.78    0.00   15.15    0.00    0.00    5.05    0.00    0.00    0.00    2.02
20:03:21      31   84.16    0.00    9.90    0.00    0.00    2.97    0.00    0.00    0.00    2.97

20:03:21     CPU    %usr   %nice    %sys %iowait    %irq   %soft  %steal  %guest  %gnice   %idle
20:03:22     all   56.39    0.00    6.52    0.00    0.00    1.46    0.00    0.00    0.00   35.62
20:03:22       0   57.29    0.00    5.21    0.00    0.00    1.04    0.00    0.00    0.00   36.46
20:03:22       1   56.44    0.00    6.93    0.00    0.00    0.99    0.00    0.00    0.00   35.64
20:03:22       2   58.42    0.00    5.94    0.00    0.00    0.99    0.00    0.00    0.00   34.65
20:03:22       3   58.59    0.00    4.04    0.00    0.00    1.01    0.00    0.00    0.00   36.36
20:03:22       4   52.63    0.00    6.32    0.00    0.00    3.16    0.00    0.00    0.00   37.89
20:03:22       5   50.00    0.00    9.38    0.00    0.00    2.08    0.00    0.00    0.00   38.54
20:03:22       6   50.52    0.00    8.25    0.00    0.00    1.03    0.00    0.00    0.00   40.21
20:03:22       7   53.06    0.00    5.10    0.00    0.00    2.04    0.00    0.00    0.00   39.80
20:03:22       8   27.18    0.00    3.88    0.00    0.00    0.00    0.00    0.00    0.00   68.93
20:03:22       9   26.80    0.00    2.06    0.00    0.00    0.00    0.00    0.00    0.00   71.13
20:03:22      10   33.00    0.00    3.00    0.00    0.00    1.00    0.00    0.00    0.00   63.00
20:03:22      11   28.57    0.00    5.10    0.00    0.00    0.00    0.00    0.00    0.00   66.33
20:03:22      12   34.04    0.00    3.19    0.00    0.00    0.00    0.00    0.00    0.00   62.77
20:03:22      13   37.37    0.00    2.02    0.00    0.00    1.01    0.00    0.00    0.00   59.60
20:03:22      14   28.42    0.00    2.11    0.00    0.00    1.05    0.00    0.00    0.00   68.42
20:03:22      15   30.11    0.00    2.15    0.00    0.00    0.00    0.00    0.00    0.00   67.74
20:03:22      16   54.64    0.00    6.19    0.00    0.00    1.03    0.00    0.00    0.00   38.14
20:03:22      17   54.26    0.00    6.38    0.00    0.00    1.06    0.00    0.00    0.00   38.30
20:03:22      18   60.78    0.00    3.92    0.00    0.00    0.98    0.00    0.00    0.00   34.31
20:03:22      19   54.08    0.00    7.14    0.00    0.00    2.04    0.00    0.00    0.00   36.73
20:03:22      20   52.48    0.00    8.91    0.00    0.00    0.99    0.00    0.00    0.00   37.62
20:03:22      21   54.00    0.00    7.00    0.00    0.00    1.00    0.00    0.00    0.00   38.00
20:03:22      22   49.48    0.00    8.25    0.00    0.00    2.06    0.00    0.00    0.00   40.21
20:03:22      23   52.13    0.00    6.38    0.00    0.00    1.06    0.00    0.00    0.00   40.43
20:03:22      24   83.00    0.00   11.00    0.00    0.00    3.00    0.00    0.00    0.00    3.00
20:03:22      25   82.83    0.00   11.11    0.00    0.00    3.03    0.00    0.00    0.00    3.03
20:03:22      26   87.00    0.00    9.00    0.00    0.00    4.00    0.00    0.00    0.00    0.00
20:03:22      27   87.00    0.00   10.00    0.00    0.00    2.00    0.00    0.00    0.00    1.00
20:03:22      28   87.13    0.00    8.91    0.00    0.00    2.97    0.00    0.00    0.00    0.99
20:03:22      29   88.00    0.00    8.00    0.00    0.00    2.00    0.00    0.00    0.00    2.00
20:03:22      30   85.86    0.00    9.09    0.00    0.00    2.02    0.00    0.00    0.00    3.03
20:03:22      31   83.00    0.00   12.00    0.00    0.00    2.00    0.00    0.00    0.00    3.00

20:03:22     CPU    %usr   %nice    %sys %iowait    %irq   %soft  %steal  %guest  %gnice   %idle
20:03:23     all   56.04    0.00    6.50    0.00    0.00    1.90    0.00    0.00    0.00   35.56
20:03:23       0   56.12    0.00    7.14    0.00    0.00    2.04    0.00    0.00    0.00   34.69
20:03:23       1   54.08    0.00    8.16    0.00    0.00    3.06    0.00    0.00    0.00   34.69
20:03:23       2   57.89    0.00    5.26    0.00    0.00    2.11    0.00    0.00    0.00   34.74
20:03:23       3   55.10    0.00    9.18    0.00    0.00    1.02    0.00    0.00    0.00   34.69
20:03:23       4   53.61    0.00    8.25    0.00    0.00    1.03    0.00    0.00    0.00   37.11
20:03:23       5   52.53    0.00    8.08    0.00    0.00    3.03    0.00    0.00    0.00   36.36
20:03:23       6   51.06    0.00    6.38    0.00    0.00    1.06    0.00    0.00    0.00   41.49
20:03:23       7   50.00    0.00    6.25    0.00    0.00    1.04    0.00    0.00    0.00   42.71
20:03:23       8   22.83    0.00    0.00    0.00    0.00    1.09    0.00    0.00    0.00   76.09
20:03:23       9   25.25    0.00    2.02    0.00    0.00    1.01    0.00    0.00    0.00   71.72
20:03:23      10   32.04    0.00    3.88    0.00    0.00    0.97    0.00    0.00    0.00   63.11
20:03:23      11   33.66    0.00    2.97    0.00    0.00    0.99    0.00    0.00    0.00   62.38
20:03:23      12   34.04    0.00    2.13    0.00    0.00    0.00    0.00    0.00    0.00   63.83
20:03:23      13   38.10    0.00    1.90    0.00    0.00    1.90    0.00    0.00    0.00   58.10
20:03:23      14   29.90    0.00    1.03    0.00    0.00    1.03    0.00    0.00    0.00   68.04
20:03:23      15   26.26    0.00    4.04    0.00    0.00    2.02    0.00    0.00    0.00   67.68
20:03:23      16   57.45    0.00    4.26    0.00    0.00    2.13    0.00    0.00    0.00   36.17
20:03:23      17   55.67    0.00    6.19    0.00    0.00    2.06    0.00    0.00    0.00   36.08
20:03:23      18   62.75    0.00    4.90    0.00    0.00    0.00    0.00    0.00    0.00   32.35
20:03:23      19   54.55    0.00    9.09    0.00    0.00    1.01    0.00    0.00    0.00   35.35
20:03:23      20   59.00    0.00    5.00    0.00    0.00    0.00    0.00    0.00    0.00   36.00
20:03:23      21   56.73    0.00    4.81    0.00    0.00    2.88    0.00    0.00    0.00   35.58
20:03:23      22   52.53    0.00    6.06    0.00    0.00    2.02    0.00    0.00    0.00   39.39
20:03:23      23   51.02    0.00    7.14    0.00    0.00    1.02    0.00    0.00    0.00   40.82
20:03:23      24   79.00    0.00   12.00    0.00    0.00    5.00    0.00    0.00    0.00    4.00
20:03:23      25   83.84    0.00    7.07    0.00    0.00    5.05    0.00    0.00    0.00    4.04
20:03:23      26   83.84    0.00   10.10    0.00    0.00    4.04    0.00    0.00    0.00    2.02
20:03:23      27   86.00    0.00    9.00    0.00    0.00    4.00    0.00    0.00    0.00    1.00
20:03:23      28   87.88    0.00    8.08    0.00    0.00    2.02    0.00    0.00    0.00    2.02
20:03:23      29   85.00    0.00   10.00    0.00    0.00    3.00    0.00    0.00    0.00    2.00
20:03:23      30   80.20    0.00   13.86    0.00    0.00    1.98    0.00    0.00    0.00    3.96
20:03:23      31   81.82    0.00   13.13    0.00    0.00    1.01    0.00    0.00    0.00    4.04

20:03:23     CPU    %usr   %nice    %sys %iowait    %irq   %soft  %steal  %guest  %gnice   %idle
20:03:24     all   55.52    0.00    7.05    0.00    0.00    1.67    0.00    0.00    0.00   35.77
20:03:24       0   55.67    0.00    5.15    0.00    0.00    2.06    0.00    0.00    0.00   37.11
20:03:24       1   58.42    0.00    4.95    0.00    0.00    0.99    0.00    0.00    0.00   35.64
20:03:24       2   56.00    0.00    7.00    0.00    0.00    0.00    0.00    0.00    0.00   37.00
20:03:24       3   55.88    0.00    5.88    0.00    0.00    1.96    0.00    0.00    0.00   36.27
20:03:24       4   52.04    0.00    7.14    0.00    0.00    3.06    0.00    0.00    0.00   37.76
20:03:24       5   54.44    0.00    5.56    0.00    0.00    0.00    0.00    0.00    0.00   40.00
20:03:24       6   51.52    0.00    7.07    0.00    0.00    2.02    0.00    0.00    0.00   39.39
20:03:24       7   52.48    0.00    5.94    0.00    0.00    1.98    0.00    0.00    0.00   39.60
20:03:24       8   18.56    0.00    4.12    0.00    0.00    0.00    0.00    0.00    0.00   77.32
20:03:24       9   20.41    0.00    0.00    0.00    0.00    1.02    0.00    0.00    0.00   78.57
20:03:24      10   39.81    0.00    3.88    0.00    0.00    0.97    0.00    0.00    0.00   55.34
20:03:24      11   36.73    0.00    4.08    0.00    0.00    1.02    0.00    0.00    0.00   58.16
20:03:24      12   28.42    0.00    4.21    0.00    0.00    1.05    0.00    0.00    0.00   66.32
20:03:24      13   31.00    0.00    4.00    0.00    0.00    0.00    0.00    0.00    0.00   65.00
20:03:24      14   28.87    0.00    3.09    0.00    0.00    1.03    0.00    0.00    0.00   67.01
20:03:24      15   28.87    0.00    5.15    0.00    0.00    1.03    0.00    0.00    0.00   64.95
20:03:24      16   57.14    0.00    6.67    0.00    0.00    1.90    0.00    0.00    0.00   34.29
20:03:24      17   55.24    0.00    8.57    0.00    0.00    2.86    0.00    0.00    0.00   33.33
20:03:24      18   53.47    0.00    5.94    0.00    0.00    1.98    0.00    0.00    0.00   38.61
20:03:24      19   56.31    0.00    6.80    0.00    0.00    2.91    0.00    0.00    0.00   33.98
20:03:24      20   57.58    0.00    5.05    0.00    0.00    1.01    0.00    0.00    0.00   36.36
20:03:24      21   54.55    0.00    8.08    0.00    0.00    1.01    0.00    0.00    0.00   36.36
20:03:24      22   49.48    0.00   10.31    0.00    0.00    0.00    0.00    0.00    0.00   40.21
20:03:24      23   52.94    0.00    7.84    0.00    0.00    0.00    0.00    0.00    0.00   39.22
20:03:24      24   87.00    0.00   10.00    0.00    0.00    3.00    0.00    0.00    0.00    0.00
20:03:24      25   85.00    0.00   12.00    0.00    0.00    3.00    0.00    0.00    0.00    0.00
20:03:24      26   83.84    0.00    8.08    0.00    0.00    4.04    0.00    0.00    0.00    4.04
20:03:24      27   81.82    0.00   14.14    0.00    0.00    2.02    0.00    0.00    0.00    2.02
20:03:24      28   83.84    0.00   10.10    0.00    0.00    2.02    0.00    0.00    0.00    4.04
20:03:24      29   78.79    0.00   14.14    0.00    0.00    3.03    0.00    0.00    0.00    4.04
20:03:24      30   82.00    0.00   11.00    0.00    0.00    4.00    0.00    0.00    0.00    3.00
20:03:24      31   84.85    0.00    9.09    0.00    0.00    2.02    0.00    0.00    0.00    4.04

20:03:24     CPU    %usr   %nice    %sys %iowait    %irq   %soft  %steal  %guest  %gnice   %idle
20:03:25     all   58.58    0.00    7.34    0.00    0.00    1.84    0.00    0.00    0.00   32.23
20:03:25       0   55.79    0.00    7.37    0.00    0.00    2.11    0.00    0.00    0.00   34.74
20:03:25       1   55.79    0.00    7.37    0.00    0.00    2.11    0.00    0.00    0.00   34.74
20:03:25       2   57.14    0.00    6.12    0.00    0.00    2.04    0.00    0.00    0.00   34.69
20:03:25       3   57.58    0.00    7.07    0.00    0.00    1.01    0.00    0.00    0.00   34.34
20:03:25       4   58.00    0.00    7.00    0.00    0.00    1.00    0.00    0.00    0.00   34.00
20:03:25       5   60.58    0.00    4.81    0.00    0.00    2.88    0.00    0.00    0.00   31.73
20:03:25       6   60.42    0.00    5.21    0.00    0.00    2.08    0.00    0.00    0.00   32.29
20:03:25       7   57.73    0.00    8.25    0.00    0.00    1.03    0.00    0.00    0.00   32.99
20:03:25       8   35.42    0.00    2.08    0.00    0.00    0.00    0.00    0.00    0.00   62.50
20:03:25       9   28.71    0.00    4.95    0.00    0.00    1.98    0.00    0.00    0.00   64.36
20:03:25      10   34.74    0.00    5.26    0.00    0.00    0.00    0.00    0.00    0.00   60.00
20:03:25      11   36.84    0.00    5.26    0.00    0.00    0.00    0.00    0.00    0.00   57.89
20:03:25      12   37.50    0.00    1.92    0.00    0.00    0.96    0.00    0.00    0.00   59.62
20:03:25      13   35.64    0.00    1.98    0.00    0.00    1.98    0.00    0.00    0.00   60.40
20:03:25      14   35.42    0.00    4.17    0.00    0.00    0.00    0.00    0.00    0.00   60.42
20:03:25      15   33.33    0.00    2.15    0.00    0.00    2.15    0.00    0.00    0.00   62.37
20:03:25      16   59.38    0.00    5.21    0.00    0.00    1.04    0.00    0.00    0.00   34.38
20:03:25      17   57.73    0.00    7.22    0.00    0.00    1.03    0.00    0.00    0.00   34.02
20:03:25      18   57.84    0.00    7.84    0.00    0.00    0.98    0.00    0.00    0.00   33.33
20:03:25      19   58.00    0.00    7.00    0.00    0.00    2.00    0.00    0.00    0.00   33.00
20:03:25      20   52.63    0.00    8.42    0.00    0.00    2.11    0.00    0.00    0.00   36.84
20:03:25      21   54.55    0.00    8.08    0.00    0.00    3.03    0.00    0.00    0.00   34.34
20:03:25      22   56.38    0.00    8.51    0.00    0.00    1.06    0.00    0.00    0.00   34.04
20:03:25      23   56.12    0.00    8.16    0.00    0.00    2.04    0.00    0.00    0.00   33.67
20:03:25      24   85.00    0.00   12.00    0.00    0.00    2.00    0.00    0.00    0.00    1.00
20:03:25      25   84.00    0.00   12.00    0.00    0.00    3.00    0.00    0.00    0.00    1.00
20:03:25      26   86.00    0.00    9.00    0.00    0.00    4.00    0.00    0.00    0.00    1.00
20:03:25      27   84.00    0.00   12.00    0.00    0.00    3.00    0.00    0.00    0.00    1.00
20:03:25      28   83.00    0.00   13.00    0.00    0.00    3.00    0.00    0.00    0.00    1.00
20:03:25      29   83.84    0.00   14.14    0.00    0.00    2.02    0.00    0.00    0.00    0.00
20:03:25      30   86.00    0.00   10.00    0.00    0.00    3.00    0.00    0.00    0.00    1.00
20:03:25      31   84.16    0.00   10.89    0.00    0.00    3.96    0.00    0.00    0.00    0.99

20:03:25     CPU    %usr   %nice    %sys %iowait    %irq   %soft  %steal  %guest  %gnice   %idle
20:03:26     all   58.90    0.00    6.67    0.00    0.00    1.83    0.00    0.00    0.00   32.60
20:03:26       0   51.49    0.00    7.92    0.00    0.00    2.97    0.00    0.00    0.00   37.62
20:03:26       1   54.55    0.00    4.04    0.00    0.00    2.02    0.00    0.00    0.00   39.39
20:03:26       2   58.00    0.00    5.00    0.00    0.00    3.00    0.00    0.00    0.00   34.00
20:03:26       3   59.80    0.00    5.88    0.00    0.00    1.96    0.00    0.00    0.00   32.35
20:03:26       4   60.20    0.00    4.08    0.00    0.00    1.02    0.00    0.00    0.00   34.69
20:03:26       5   57.73    0.00    5.15    0.00    0.00    1.03    0.00    0.00    0.00   36.08
20:03:26       6   59.41    0.00    5.94    0.00    0.00    1.98    0.00    0.00    0.00   32.67
20:03:26       7   61.00    0.00    6.00    0.00    0.00    0.00    0.00    0.00    0.00   33.00
20:03:26       8   37.37    0.00    2.02    0.00    0.00    2.02    0.00    0.00    0.00   58.59
20:03:26       9   34.44    0.00    0.00    0.00    0.00    0.00    0.00    0.00    0.00   65.56
20:03:26      10   36.00    0.00    1.00    0.00    0.00    2.00    0.00    0.00    0.00   61.00
20:03:26      11   35.64    0.00    3.96    0.00    0.00    0.00    0.00    0.00    0.00   60.40
20:03:26      12   34.34    0.00    2.02    0.00    0.00    0.00    0.00    0.00    0.00   63.64
20:03:26      13   33.33    0.00    5.88    0.00    0.00    0.98    0.00    0.00    0.00   59.80
20:03:26      14   44.12    0.00    3.92    0.00    0.00    0.00    0.00    0.00    0.00   51.96
20:03:26      15   42.72    0.00    5.83    0.00    0.00    0.97    0.00    0.00    0.00   50.49
20:03:26      16   55.45    0.00    5.94    0.00    0.00    1.98    0.00    0.00    0.00   36.63
20:03:26      17   53.61    0.00    7.22    0.00    0.00    1.03    0.00    0.00    0.00   38.14
20:03:26      18   57.89    0.00    6.32    0.00    0.00    1.05    0.00    0.00    0.00   34.74
20:03:26      19   60.61    0.00    4.04    0.00    0.00    2.02    0.00    0.00    0.00   33.33
20:03:26      20   56.25    0.00    6.25    0.00    0.00    2.08    0.00    0.00    0.00   35.42
20:03:26      21   56.38    0.00    6.38    0.00    0.00    1.06    0.00    0.00    0.00   36.17
20:03:26      22   59.00    0.00    6.00    0.00    0.00    2.00    0.00    0.00    0.00   33.00
20:03:26      23   54.55    0.00   10.10    0.00    0.00    2.02    0.00    0.00    0.00   33.33
20:03:26      24   82.18    0.00   13.86    0.00    0.00    1.98    0.00    0.00    0.00    1.98
20:03:26      25   82.00    0.00   11.00    0.00    0.00    5.00    0.00    0.00    0.00    2.00
20:03:26      26   84.16    0.00   11.88    0.00    0.00    2.97    0.00    0.00    0.00    0.99
20:03:26      27   85.15    0.00    9.90    0.00    0.00    2.97    0.00    0.00    0.00    1.98
20:03:26      28   84.00    0.00   11.00    0.00    0.00    3.00    0.00    0.00    0.00    2.00
20:03:26      29   83.00    0.00   12.00    0.00    0.00    3.00    0.00    0.00    0.00    2.00
20:03:26      30   84.00    0.00   10.00    0.00    0.00    4.00    0.00    0.00    0.00    2.00
20:03:26      31   84.00    0.00   12.00    0.00    0.00    2.00    0.00    0.00    0.00    2.00

20:03:26     CPU    %usr   %nice    %sys %iowait    %irq   %soft  %steal  %guest  %gnice   %idle
20:03:27     all   57.84    0.00    6.71    0.00    0.00    1.81    0.00    0.00    0.00   33.64
20:03:27       0   55.00    0.00    6.00    0.00    0.00    3.00    0.00    0.00    0.00   36.00
20:03:27       1   52.63    0.00    8.42    0.00    0.00    2.11    0.00    0.00    0.00   36.84
20:03:27       2   55.21    0.00    7.29    0.00    0.00    1.04    0.00    0.00    0.00   36.46
20:03:27       3   57.00    0.00    6.00    0.00    0.00    1.00    0.00    0.00    0.00   36.00
20:03:27       4   58.33    0.00    6.25    0.00    0.00    1.04    0.00    0.00    0.00   34.38
20:03:27       5   57.14    0.00    7.69    0.00    0.00    0.00    0.00    0.00    0.00   35.16
20:03:27       6   58.16    0.00    7.14    0.00    0.00    0.00    0.00    0.00    0.00   34.69
20:03:27       7   57.73    0.00    6.19    0.00    0.00    2.06    0.00    0.00    0.00   34.02
20:03:27       8   25.77    0.00    4.12    0.00    0.00    1.03    0.00    0.00    0.00   69.07
20:03:27       9   30.30    0.00    3.03    0.00    0.00    1.01    0.00    0.00    0.00   65.66
20:03:27      10   33.33    0.00    3.23    0.00    0.00    1.08    0.00    0.00    0.00   62.37
20:03:27      11   37.50    0.00    1.04    0.00    0.00    1.04    0.00    0.00    0.00   60.42
20:03:27      12   35.92    0.00    4.85    0.00    0.00    0.97    0.00    0.00    0.00   58.25
20:03:27      13   40.78    0.00    1.94    0.00    0.00    0.97    0.00    0.00    0.00   56.31
20:03:27      14   31.68    0.00    2.97    0.00    0.00    0.99    0.00    0.00    0.00   64.36
20:03:27      15   34.00    0.00    2.00    0.00    0.00    1.00    0.00    0.00    0.00   63.00
20:03:27      16   53.61    0.00    8.25    0.00    0.00    1.03    0.00    0.00    0.00   37.11
20:03:27      17   54.74    0.00    7.37    0.00    0.00    0.00    0.00    0.00    0.00   37.89
20:03:27      18   57.14    0.00    5.10    0.00    0.00    2.04    0.00    0.00    0.00   35.71
20:03:27      19   55.56    0.00    7.07    0.00    0.00    1.01    0.00    0.00    0.00   36.36
20:03:27      20   60.00    0.00    5.00    0.00    0.00    2.00    0.00    0.00    0.00   33.00
20:03:27      21   58.16    0.00    6.12    0.00    0.00    1.02    0.00    0.00    0.00   34.69
20:03:27      22   58.59    0.00    8.08    0.00    0.00    1.01    0.00    0.00    0.00   32.32
20:03:27      23   57.14    0.00    6.12    0.00    0.00    2.04    0.00    0.00    0.00   34.69
20:03:27      24   83.00    0.00   13.00    0.00    0.00    3.00    0.00    0.00    0.00    1.00
20:03:27      25   80.00    0.00   16.00    0.00    0.00    3.00    0.00    0.00    0.00    1.00
20:03:27      26   83.00    0.00    8.00    0.00    0.00    6.00    0.00    0.00    0.00    3.00
20:03:27      27   83.84    0.00   10.10    0.00    0.00    4.04    0.00    0.00    0.00    2.02
20:03:27      28   85.86    0.00   10.10    0.00    0.00    3.03    0.00    0.00    0.00    1.01
20:03:27      29   85.15    0.00    8.91    0.00    0.00    3.96    0.00    0.00    0.00    1.98
20:03:27      30   85.71    0.00    9.18    0.00    0.00    3.06    0.00    0.00    0.00    2.04
20:03:27      31   86.87    0.00    8.08    0.00    0.00    3.03    0.00    0.00    0.00    2.02

20:03:27     CPU    %usr   %nice    %sys %iowait    %irq   %soft  %steal  %guest  %gnice   %idle
20:03:28     all   57.86    0.00    7.03    0.00    0.00    1.68    0.00    0.00    0.00   33.43
20:03:28       0   56.00    0.00    7.00    0.00    0.00    0.00    0.00    0.00    0.00   37.00
20:03:28       1   53.54    0.00    6.06    0.00    0.00    3.03    0.00    0.00    0.00   37.37
20:03:28       2   56.70    0.00    6.19    0.00    0.00    0.00    0.00    0.00    0.00   37.11
20:03:28       3   54.00    0.00    8.00    0.00    0.00    1.00    0.00    0.00    0.00   37.00
20:03:28       4   57.28    0.00    7.77    0.00    0.00    0.97    0.00    0.00    0.00   33.98
20:03:28       5   55.10    0.00    7.14    0.00    0.00    1.02    0.00    0.00    0.00   36.73
20:03:28       6   57.14    0.00    6.12    0.00    0.00    2.04    0.00    0.00    0.00   34.69
20:03:28       7   59.41    0.00    4.95    0.00    0.00    0.00    0.00    0.00    0.00   35.64
20:03:28       8   39.60    0.00    3.96    0.00    0.00    0.99    0.00    0.00    0.00   55.45
20:03:28       9   32.63    0.00    6.32    0.00    0.00    1.05    0.00    0.00    0.00   60.00
20:03:28      10   37.76    0.00    1.02    0.00    0.00    1.02    0.00    0.00    0.00   60.20
20:03:28      11   38.83    0.00    4.85    0.00    0.00    0.97    0.00    0.00    0.00   55.34
20:03:28      12   27.84    0.00    4.12    0.00    0.00    1.03    0.00    0.00    0.00   67.01
20:03:28      13   30.93    0.00    3.09    0.00    0.00    0.00    0.00    0.00    0.00   65.98
20:03:28      14   33.70    0.00    2.17    0.00    0.00    1.09    0.00    0.00    0.00   63.04
20:03:28      15   36.00    0.00    6.00    0.00    0.00    1.00    0.00    0.00    0.00   57.00
20:03:28      16   55.10    0.00    6.12    0.00    0.00    2.04    0.00    0.00    0.00   36.73
20:03:28      17   54.08    0.00    6.12    0.00    0.00    1.02    0.00    0.00    0.00   38.78
20:03:28      18   54.26    0.00    8.51    0.00    0.00    1.06    0.00    0.00    0.00   36.17
20:03:28      19   58.42    0.00    4.95    0.00    0.00    0.99    0.00    0.00    0.00   35.64
20:03:28      20   54.74    0.00    6.32    0.00    0.00    1.05    0.00    0.00    0.00   37.89
20:03:28      21   58.16    0.00    6.12    0.00    0.00    1.02    0.00    0.00    0.00   34.69
20:03:28      22   55.56    0.00    7.07    0.00    0.00    1.01    0.00    0.00    0.00   36.36
20:03:28      23   53.06    0.00    8.16    0.00    0.00    3.06    0.00    0.00    0.00   35.71
20:03:28      24   80.81    0.00   14.14    0.00    0.00    3.03    0.00    0.00    0.00    2.02
20:03:28      25   84.85    0.00   11.11    0.00    0.00    3.03    0.00    0.00    0.00    1.01
20:03:28      26   84.69    0.00   12.24    0.00    0.00    2.04    0.00    0.00    0.00    1.02
20:03:28      27   86.87    0.00    7.07    0.00    0.00    5.05    0.00    0.00    0.00    1.01
20:03:28      28   86.14    0.00    7.92    0.00    0.00    3.96    0.00    0.00    0.00    1.98
20:03:28      29   86.00    0.00   11.00    0.00    0.00    2.00    0.00    0.00    0.00    1.00
20:03:28      30   82.18    0.00   13.86    0.00    0.00    2.97    0.00    0.00    0.00    0.99
20:03:28      31   85.86    0.00    9.09    0.00    0.00    5.05    0.00    0.00    0.00    0.00

20:03:28     CPU    %usr   %nice    %sys %iowait    %irq   %soft  %steal  %guest  %gnice   %idle
20:03:29     all   59.02    0.00    6.60    0.00    0.00    1.78    0.00    0.00    0.00   32.60
20:03:29       0   59.00    0.00    5.00    0.00    0.00    2.00    0.00    0.00    0.00   34.00
20:03:29       1   57.29    0.00    5.21    0.00    0.00    1.04    0.00    0.00    0.00   36.46
20:03:29       2   59.14    0.00    3.23    0.00    0.00    1.08    0.00    0.00    0.00   36.56
20:03:29       3   57.89    0.00    6.32    0.00    0.00    1.05    0.00    0.00    0.00   34.74
20:03:29       4   56.70    0.00    8.25    0.00    0.00    1.03    0.00    0.00    0.00   34.02
20:03:29       5   60.61    0.00    6.06    0.00    0.00    0.00    0.00    0.00    0.00   33.33
20:03:29       6   58.42    0.00    4.95    0.00    0.00    2.97    0.00    0.00    0.00   33.66
20:03:29       7   58.06    0.00    5.38    0.00    0.00    2.15    0.00    0.00    0.00   34.41
20:03:29       8   35.29    0.00    4.90    0.00    0.00    0.98    0.00    0.00    0.00   58.82
20:03:29       9   32.67    0.00    5.94    0.00    0.00    0.00    0.00    0.00    0.00   61.39
20:03:29      10   31.96    0.00    2.06    0.00    0.00    1.03    0.00    0.00    0.00   64.95
20:03:29      11   34.00    0.00    2.00    0.00    0.00    1.00    0.00    0.00    0.00   63.00
20:03:29      12   31.91    0.00    4.26    0.00    0.00    2.13    0.00    0.00    0.00   61.70
20:03:29      13   37.11    0.00    3.09    0.00    0.00    0.00    0.00    0.00    0.00   59.79
20:03:29      14   38.24    0.00    5.88    0.00    0.00    0.98    0.00    0.00    0.00   54.90
20:03:29      15   35.05    0.00    3.09    0.00    0.00    1.03    0.00    0.00    0.00   60.82
20:03:29      16   58.82    0.00    5.88    0.00    0.00    0.98    0.00    0.00    0.00   34.31
20:03:29      17   54.17    0.00    9.38    0.00    0.00    1.04    0.00    0.00    0.00   35.42
20:03:29      18   56.25    0.00    5.21    0.00    0.00    3.12    0.00    0.00    0.00   35.42
20:03:29      19   60.61    0.00    4.04    0.00    0.00    1.01    0.00    0.00    0.00   34.34
20:03:29      20   54.64    0.00    8.25    0.00    0.00    2.06    0.00    0.00    0.00   35.05
20:03:29      21   55.67    0.00    6.19    0.00    0.00    3.09    0.00    0.00    0.00   35.05
20:03:29      22   56.99    0.00    6.45    0.00    0.00    2.15    0.00    0.00    0.00   34.41
20:03:29      23   60.78    0.00    4.90    0.00    0.00    0.98    0.00    0.00    0.00   33.33
20:03:29      24   83.00    0.00   15.00    0.00    0.00    1.00    0.00    0.00    0.00    1.00
20:03:29      25   87.25    0.00    7.84    0.00    0.00    3.92    0.00    0.00    0.00    0.98
20:03:29      26   89.11    0.00    7.92    0.00    0.00    1.98    0.00    0.00    0.00    0.99
20:03:29      27   85.29    0.00    7.84    0.00    0.00    4.90    0.00    0.00    0.00    1.96
20:03:29      28   86.00    0.00   10.00    0.00    0.00    4.00    0.00    0.00    0.00    0.00
20:03:29      29   87.88    0.00   10.10    0.00    0.00    1.01    0.00    0.00    0.00    1.01
20:03:29      30   82.83    0.00   13.13    0.00    0.00    3.03    0.00    0.00    0.00    1.01
20:03:29      31   81.19    0.00   12.87    0.00    0.00    3.96    0.00    0.00    0.00    1.98

20:03:29     CPU    %usr   %nice    %sys %iowait    %irq   %soft  %steal  %guest  %gnice   %idle
20:03:30     all   58.10    0.00    6.32    0.00    0.00    2.17    0.00    0.00    0.00   33.41
20:03:30       0   55.10    0.00    6.12    0.00    0.00    2.04    0.00    0.00    0.00   36.73
20:03:30       1   55.10    0.00    9.18    0.00    0.00    1.02    0.00    0.00    0.00   34.69
20:03:30       2   52.58    0.00    8.25    0.00    0.00    3.09    0.00    0.00    0.00   36.08
20:03:30       3   54.64    0.00    7.22    0.00    0.00    2.06    0.00    0.00    0.00   36.08
20:03:30       4   56.70    0.00    8.25    0.00    0.00    2.06    0.00    0.00    0.00   32.99
20:03:30       5   57.73    0.00    6.19    0.00    0.00    2.06    0.00    0.00    0.00   34.02
20:03:30       6   58.95    0.00    4.21    0.00    0.00    1.05    0.00    0.00    0.00   35.79
20:03:30       7   54.95    0.00    6.59    0.00    0.00    2.20    0.00    0.00    0.00   36.26
20:03:30       8   27.00    0.00    2.00    0.00    0.00    1.00    0.00    0.00    0.00   70.00
20:03:30       9   26.32    0.00    1.05    0.00    0.00    0.00    0.00    0.00    0.00   72.63
20:03:30      10   40.59    0.00    1.98    0.00    0.00    0.99    0.00    0.00    0.00   56.44
20:03:30      11   36.84    0.00    2.11    0.00    0.00    1.05    0.00    0.00    0.00   60.00
20:03:30      12   38.30    0.00    1.06    0.00    0.00    0.00    0.00    0.00    0.00   60.64
20:03:30      13   39.18    0.00    2.06    0.00    0.00    1.03    0.00    0.00    0.00   57.73
20:03:30      14   33.33    0.00    4.04    0.00    0.00    1.01    0.00    0.00    0.00   61.62
20:03:30      15   34.34    0.00    3.03    0.00    0.00    3.03    0.00    0.00    0.00   59.60
20:03:30      16   58.76    0.00    4.12    0.00    0.00    2.06    0.00    0.00    0.00   35.05
20:03:30      17   55.00    0.00    7.00    0.00    0.00    2.00    0.00    0.00    0.00   36.00
20:03:30      18   59.38    0.00    5.21    0.00    0.00    0.00    0.00    0.00    0.00   35.42
20:03:30      19   55.00    0.00    9.00    0.00    0.00    2.00    0.00    0.00    0.00   34.00
20:03:30      20   58.16    0.00    7.14    0.00    0.00    1.02    0.00    0.00    0.00   33.67
20:03:30      21   58.76    0.00    6.19    0.00    0.00    1.03    0.00    0.00    0.00   34.02
20:03:30      22   56.57    0.00    5.05    0.00    0.00    3.03    0.00    0.00    0.00   35.35
20:03:30      23   55.56    0.00    9.09    0.00    0.00    1.01    0.00    0.00    0.00   34.34
20:03:30      24   82.65    0.00   10.20    0.00    0.00    5.10    0.00    0.00    0.00    2.04
20:03:30      25   86.73    0.00    9.18    0.00    0.00    2.04    0.00    0.00    0.00    2.04
20:03:30      26   84.85    0.00   10.10    0.00    0.00    3.03    0.00    0.00    0.00    2.02
20:03:30      27   83.00    0.00   11.00    0.00    0.00    4.00    0.00    0.00    0.00    2.00
20:03:30      28   86.14    0.00    8.91    0.00    0.00    2.97    0.00    0.00    0.00    1.98
20:03:30      29   85.00    0.00   10.00    0.00    0.00    4.00    0.00    0.00    0.00    1.00
20:03:30      30   83.84    0.00    8.08    0.00    0.00    6.06    0.00    0.00    0.00    2.02
20:03:30      31   84.00    0.00    8.00    0.00    0.00    6.00    0.00    0.00    0.00    2.00

20:03:30     CPU    %usr   %nice    %sys %iowait    %irq   %soft  %steal  %guest  %gnice   %idle
20:03:31     all   57.75    0.00    6.88    0.00    0.00    1.69    0.00    0.00    0.00   33.68
20:03:31       0   55.56    0.00    7.07    0.00    0.00    2.02    0.00    0.00    0.00   35.35
20:03:31       1   56.70    0.00    6.19    0.00    0.00    1.03    0.00    0.00    0.00   36.08
20:03:31       2   54.55    0.00   10.10    0.00    0.00    1.01    0.00    0.00    0.00   34.34
20:03:31       3   52.04    0.00    9.18    0.00    0.00    3.06    0.00    0.00    0.00   35.71
20:03:31       4   54.17    0.00    7.29    0.00    0.00    1.04    0.00    0.00    0.00   37.50
20:03:31       5   58.42    0.00    4.95    0.00    0.00    1.98    0.00    0.00    0.00   34.65
20:03:31       6   55.91    0.00    6.45    0.00    0.00    0.00    0.00    0.00    0.00   37.63
20:03:31       7   55.67    0.00    6.19    0.00    0.00    2.06    0.00    0.00    0.00   36.08
20:03:31       8   33.33    0.00    2.02    0.00    0.00    0.00    0.00    0.00    0.00   64.65
20:03:31       9   34.00    0.00    2.00    0.00    0.00    1.00    0.00    0.00    0.00   63.00
20:03:31      10   26.53    0.00    3.06    0.00    0.00    1.02    0.00    0.00    0.00   69.39
20:03:31      11   27.37    0.00    3.16    0.00    0.00    0.00    0.00    0.00    0.00   69.47
20:03:31      12   42.31    0.00    3.85    0.00    0.00    0.96    0.00    0.00    0.00   52.88
20:03:31      13   36.63    0.00    5.94    0.00    0.00    0.99    0.00    0.00    0.00   56.44
20:03:31      14   36.73    0.00    3.06    0.00    0.00    0.00    0.00    0.00    0.00   60.20
20:03:31      15   35.11    0.00    3.19    0.00    0.00    1.06    0.00    0.00    0.00   60.64
20:03:31      16   53.68    0.00    8.42    0.00    0.00    1.05    0.00    0.00    0.00   36.84
20:03:31      17   60.20    0.00    6.12    0.00    0.00    0.00    0.00    0.00    0.00   33.67
20:03:31      18   53.76    0.00    6.45    0.00    0.00    2.15    0.00    0.00    0.00   37.63
20:03:31      19   57.14    0.00    5.10    0.00    0.00    3.06    0.00    0.00    0.00   34.69
20:03:31      20   57.29    0.00    4.17    0.00    0.00    1.04    0.00    0.00    0.00   37.50
20:03:31      21   56.25    0.00    7.29    0.00    0.00    0.00    0.00    0.00    0.00   36.46
20:03:31      22   54.17    0.00    7.29    0.00    0.00    2.08    0.00    0.00    0.00   36.46
20:03:31      23   56.70    0.00    5.15    0.00    0.00    1.03    0.00    0.00    0.00   37.11
20:03:31      24   85.00    0.00   12.00    0.00    0.00    2.00    0.00    0.00    0.00    1.00
20:03:31      25   83.33    0.00    8.82    0.00    0.00    5.88    0.00    0.00    0.00    1.96
20:03:31      26   88.24    0.00    7.84    0.00    0.00    1.96    0.00    0.00    0.00    1.96
20:03:31      27   83.84    0.00   13.13    0.00    0.00    2.02    0.00    0.00    0.00    1.01
20:03:31      28   86.87    0.00    9.09    0.00    0.00    3.03    0.00    0.00    0.00    1.01
20:03:31      29   82.18    0.00   13.86    0.00    0.00    2.97    0.00    0.00    0.00    0.99
20:03:31      30   85.00    0.00    8.00    0.00    0.00    6.00    0.00    0.00    0.00    1.00
20:03:31      31   84.00    0.00   13.00    0.00    0.00    2.00    0.00    0.00    0.00    1.00

20:03:31     CPU    %usr   %nice    %sys %iowait    %irq   %soft  %steal  %guest  %gnice   %idle
20:03:32     all   54.60    0.00    6.26    0.00    0.00    1.69    0.00    0.00    0.00   37.45
20:03:32       0   49.48    0.00   10.31    0.00    0.00    1.03    0.00    0.00    0.00   39.18
20:03:32       1   52.58    0.00    6.19    0.00    0.00    1.03    0.00    0.00    0.00   40.21
20:03:32       2   54.37    0.00    6.80    0.00    0.00    0.97    0.00    0.00    0.00   37.86
20:03:32       3   53.12    0.00    6.25    0.00    0.00    1.04    0.00    0.00    0.00   39.58
20:03:32       4   53.54    0.00    8.08    0.00    0.00    3.03    0.00    0.00    0.00   35.35
20:03:32       5   57.29    0.00    4.17    0.00    0.00    1.04    0.00    0.00    0.00   37.50
20:03:32       6   56.57    0.00    4.04    0.00    0.00    1.01    0.00    0.00    0.00   38.38
20:03:32       7   55.67    0.00    5.15    0.00    0.00    1.03    0.00    0.00    0.00   38.14
20:03:32       8   28.42    0.00    1.05    0.00    0.00    0.00    0.00    0.00    0.00   70.53
20:03:32       9   26.26    0.00    3.03    0.00    0.00    1.01    0.00    0.00    0.00   69.70
20:03:32      10   25.51    0.00    3.06    0.00    0.00    1.02    0.00    0.00    0.00   70.41
20:03:32      11   26.26    0.00    2.02    0.00    0.00    1.01    0.00    0.00    0.00   70.71
20:03:32      12   29.17    0.00    4.17    0.00    0.00    1.04    0.00    0.00    0.00   65.62
20:03:32      13   29.59    0.00    3.06    0.00    0.00    1.02    0.00    0.00    0.00   66.33
20:03:32      14   26.00    0.00    1.00    0.00    0.00    1.00    0.00    0.00    0.00   72.00
20:03:32      15   22.92    0.00    3.12    0.00    0.00    0.00    0.00    0.00    0.00   73.96
20:03:32      16   53.19    0.00    4.26    0.00    0.00    1.06    0.00    0.00    0.00   41.49
20:03:32      17   52.04    0.00    6.12    0.00    0.00    2.04    0.00    0.00    0.00   39.80
20:03:32      18   50.52    0.00    8.25    0.00    0.00    2.06    0.00    0.00    0.00   39.18
20:03:32      19   51.06    0.00    6.38    0.00    0.00    1.06    0.00    0.00    0.00   41.49
20:03:32      20   50.00    0.00    9.57    0.00    0.00    1.06    0.00    0.00    0.00   39.36
20:03:32      21   57.29    0.00    4.17    0.00    0.00    0.00    0.00    0.00    0.00   38.54
20:03:32      22   53.61    0.00    6.19    0.00    0.00    2.06    0.00    0.00    0.00   38.14
20:03:32      23   51.00    0.00   10.00    0.00    0.00    2.00    0.00    0.00    0.00   37.00
20:03:32      24   84.16    0.00    7.92    0.00    0.00    3.96    0.00    0.00    0.00    3.96
20:03:32      25   89.90    0.00    6.06    0.00    0.00    1.01    0.00    0.00    0.00    3.03
20:03:32      26   82.65    0.00   10.20    0.00    0.00    3.06    0.00    0.00    0.00    4.08
20:03:32      27   84.00    0.00   10.00    0.00    0.00    2.00    0.00    0.00    0.00    4.00
20:03:32      28   82.18    0.00   11.88    0.00    0.00    2.97    0.00    0.00    0.00    2.97
20:03:32      29   86.73    0.00    8.16    0.00    0.00    3.06    0.00    0.00    0.00    2.04
20:03:32      30   84.16    0.00    7.92    0.00    0.00    4.95    0.00    0.00    0.00    2.97
20:03:32      31   82.83    0.00   11.11    0.00    0.00    5.05    0.00    0.00    0.00    1.01

20:03:32     CPU    %usr   %nice    %sys %iowait    %irq   %soft  %steal  %guest  %gnice   %idle
20:03:33     all   59.61    0.00    6.46    0.00    0.00    2.06    0.00    0.00    0.00   31.87
20:03:33       0   61.62    0.00    5.05    0.00    0.00    1.01    0.00    0.00    0.00   32.32
20:03:33       1   59.60    0.00    5.05    0.00    0.00    3.03    0.00    0.00    0.00   32.32
20:03:33       2   59.60    0.00    6.06    0.00    0.00    1.01    0.00    0.00    0.00   33.33
20:03:33       3   58.76    0.00    5.15    0.00    0.00    2.06    0.00    0.00    0.00   34.02
20:03:33       4   55.32    0.00    7.45    0.00    0.00    2.13    0.00    0.00    0.00   35.11
20:03:33       5   57.45    0.00    5.32    0.00    0.00    2.13    0.00    0.00    0.00   35.11
20:03:33       6   60.82    0.00    5.15    0.00    0.00    1.03    0.00    0.00    0.00   32.99
20:03:33       7   57.58    0.00    6.06    0.00    0.00    3.03    0.00    0.00    0.00   33.33
20:03:33       8   28.28    0.00    2.02    0.00    0.00    1.01    0.00    0.00    0.00   68.69
20:03:33       9   31.00    0.00    2.00    0.00    0.00    0.00    0.00    0.00    0.00   67.00
20:03:33      10   36.08    0.00    2.06    0.00    0.00    1.03    0.00    0.00    0.00   60.82
20:03:33      11   38.38    0.00    4.04    0.00    0.00    0.00    0.00    0.00    0.00   57.58
20:03:33      12   39.39    0.00    3.03    0.00    0.00    1.01    0.00    0.00    0.00   56.57
20:03:33      13   39.18    0.00    3.09    0.00    0.00    0.00    0.00    0.00    0.00   57.73
20:03:33      14   34.78    0.00    4.35    0.00    0.00    0.00    0.00    0.00    0.00   60.87
20:03:33      15   39.18    0.00    2.06    0.00    0.00    2.06    0.00    0.00    0.00   56.70
20:03:33      16   58.00    0.00    9.00    0.00    0.00    1.00    0.00    0.00    0.00   32.00
20:03:33      17   58.82    0.00    5.88    0.00    0.00    3.92    0.00    0.00    0.00   31.37
20:03:33      18   60.20    0.00    6.12    0.00    0.00    0.00    0.00    0.00    0.00   33.67
20:03:33      19   64.00    0.00    3.00    0.00    0.00    1.00    0.00    0.00    0.00   32.00
20:03:33      20   60.19    0.00    6.80    0.00    0.00    0.97    0.00    0.00    0.00   32.04
20:03:33      21   61.39    0.00    4.95    0.00    0.00    0.99    0.00    0.00    0.00   32.67
20:03:33      22   59.18    0.00    4.08    0.00    0.00    4.08    0.00    0.00    0.00   32.65
20:03:33      23   58.00    0.00    7.00    0.00    0.00    2.00    0.00    0.00    0.00   33.00
20:03:33      24   83.84    0.00   10.10    0.00    0.00    4.04    0.00    0.00    0.00    2.02
20:03:33      25   84.16    0.00    8.91    0.00    0.00    4.95    0.00    0.00    0.00    1.98
20:03:33      26   82.18    0.00   11.88    0.00    0.00    4.95    0.00    0.00    0.00    0.99
20:03:33      27   83.00    0.00   11.00    0.00    0.00    5.00    0.00    0.00    0.00    1.00
20:03:33      28   82.83    0.00   13.13    0.00    0.00    3.03    0.00    0.00    0.00    1.01
20:03:33      29   81.82    0.00   14.14    0.00    0.00    3.03    0.00    0.00    0.00    1.01
20:03:33      30   86.87    0.00   10.10    0.00    0.00    2.02    0.00    0.00    0.00    1.01
20:03:33      31   81.82    0.00   12.12    0.00    0.00    4.04    0.00    0.00    0.00    2.02

20:03:33     CPU    %usr   %nice    %sys %iowait    %irq   %soft  %steal  %guest  %gnice   %idle
20:03:34     all   58.91    0.00    6.73    0.00    0.00    1.90    0.00    0.00    0.00   32.46
20:03:34       0   55.10    0.00    6.12    0.00    0.00    1.02    0.00    0.00    0.00   37.76
20:03:34       1   55.79    0.00    5.26    0.00    0.00    1.05    0.00    0.00    0.00   37.89
20:03:34       2   59.43    0.00    8.49    0.00    0.00    1.89    0.00    0.00    0.00   30.19
20:03:34       3   54.64    0.00    7.22    0.00    0.00    5.15    0.00    0.00    0.00   32.99
20:03:34       4   56.57    0.00    8.08    0.00    0.00    1.01    0.00    0.00    0.00   34.34
20:03:34       5   58.00    0.00    7.00    0.00    0.00    2.00    0.00    0.00    0.00   33.00
20:03:34       6   52.00    0.00   10.00    0.00    0.00    2.00    0.00    0.00    0.00   36.00
20:03:34       7   55.67    0.00    7.22    0.00    0.00    0.00    0.00    0.00    0.00   37.11
20:03:34       8   36.00    0.00    4.00    0.00    0.00    1.00    0.00    0.00    0.00   59.00
20:03:34       9   31.58    0.00    3.16    0.00    0.00    2.11    0.00    0.00    0.00   63.16
20:03:34      10   36.08    0.00    2.06    0.00    0.00    0.00    0.00    0.00    0.00   61.86
20:03:34      11   36.73    0.00    3.06    0.00    0.00    1.02    0.00    0.00    0.00   59.18
20:03:34      12   43.88    0.00    5.10    0.00    0.00    1.02    0.00    0.00    0.00   50.00
20:03:34      13   43.30    0.00    4.12    0.00    0.00    1.03    0.00    0.00    0.00   51.55
20:03:34      14   34.34    0.00    2.02    0.00    0.00    0.00    0.00    0.00    0.00   63.64
20:03:34      15   31.68    0.00    1.98    0.00    0.00    0.99    0.00    0.00    0.00   65.35
20:03:34      16   57.43    0.00    4.95    0.00    0.00    1.98    0.00    0.00    0.00   35.64
20:03:34      17   55.79    0.00    4.21    0.00    0.00    3.16    0.00    0.00    0.00   36.84
20:03:34      18   58.82    0.00    6.86    0.00    0.00    0.98    0.00    0.00    0.00   33.33
20:03:34      19   59.60    0.00    7.07    0.00    0.00    1.01    0.00    0.00    0.00   32.32
20:03:34      20   55.43    0.00    5.43    0.00    0.00    2.17    0.00    0.00    0.00   36.96
20:03:34      21   58.00    0.00    7.00    0.00    0.00    2.00    0.00    0.00    0.00   33.00
20:03:34      22   59.18    0.00    3.06    0.00    0.00    1.02    0.00    0.00    0.00   36.73
20:03:34      23   59.18    0.00    5.10    0.00    0.00    1.02    0.00    0.00    0.00   34.69
20:03:34      24   88.12    0.00    7.92    0.00    0.00    1.98    0.00    0.00    0.00    1.98
20:03:34      25   85.00    0.00   10.00    0.00    0.00    4.00    0.00    0.00    0.00    1.00
20:03:34      26   86.87    0.00    9.09    0.00    0.00    3.03    0.00    0.00    0.00    1.01
20:03:34      27   84.00    0.00   11.00    0.00    0.00    4.00    0.00    0.00    0.00    1.00
20:03:34      28   82.18    0.00   14.85    0.00    0.00    0.99    0.00    0.00    0.00    1.98
20:03:34      29   79.21    0.00   13.86    0.00    0.00    4.95    0.00    0.00    0.00    1.98
20:03:34      30   83.00    0.00   12.00    0.00    0.00    4.00    0.00    0.00    0.00    1.00
20:03:34      31   88.00    0.00    7.00    0.00    0.00    3.00    0.00    0.00    0.00    2.00

20:03:34     CPU    %usr   %nice    %sys %iowait    %irq   %soft  %steal  %guest  %gnice   %idle
20:03:35     all   59.54    0.00    6.49    0.00    0.00    2.16    0.00    0.00    0.00   31.81
20:03:35       0   58.00    0.00    6.00    0.00    0.00    2.00    0.00    0.00    0.00   34.00
20:03:35       1   57.73    0.00    6.19    0.00    0.00    1.03    0.00    0.00    0.00   35.05
20:03:35       2   59.18    0.00    6.12    0.00    0.00    1.02    0.00    0.00    0.00   33.67
20:03:35       3   60.61    0.00    5.05    0.00    0.00    2.02    0.00    0.00    0.00   32.32
20:03:35       4   59.41    0.00    5.94    0.00    0.00    0.99    0.00    0.00    0.00   33.66
20:03:35       5   58.42    0.00    6.93    0.00    0.00    0.99    0.00    0.00    0.00   33.66
20:03:35       6   57.89    0.00    5.26    0.00    0.00    2.11    0.00    0.00    0.00   34.74
20:03:35       7   56.38    0.00    6.38    0.00    0.00    2.13    0.00    0.00    0.00   35.11
20:03:35       8   32.99    0.00    3.09    0.00    0.00    1.03    0.00    0.00    0.00   62.89
20:03:35       9   37.76    0.00    4.08    0.00    0.00    0.00    0.00    0.00    0.00   58.16
20:03:35      10   34.41    0.00    3.23    0.00    0.00    2.15    0.00    0.00    0.00   60.22
20:03:35      11   37.63    0.00    3.23    0.00    0.00    0.00    0.00    0.00    0.00   59.14
20:03:35      12   36.46    0.00    2.08    0.00    0.00    1.04    0.00    0.00    0.00   60.42
20:03:35      13   37.62    0.00    3.96    0.00    0.00    0.99    0.00    0.00    0.00   57.43
20:03:35      14   37.50    0.00    4.17    0.00    0.00    1.04    0.00    0.00    0.00   57.29
20:03:35      15   37.11    0.00    4.12    0.00    0.00    2.06    0.00    0.00    0.00   56.70
20:03:35      16   57.58    0.00    5.05    0.00    0.00    2.02    0.00    0.00    0.00   35.35
20:03:35      17   57.29    0.00    5.21    0.00    0.00    1.04    0.00    0.00    0.00   36.46
20:03:35      18   60.40    0.00    5.94    0.00    0.00    2.97    0.00    0.00    0.00   30.69
20:03:35      19   56.70    0.00    7.22    0.00    0.00    1.03    0.00    0.00    0.00   35.05
20:03:35      20   55.21    0.00    7.29    0.00    0.00    2.08    0.00    0.00    0.00   35.42
20:03:35      21   60.61    0.00    4.04    0.00    0.00    2.02    0.00    0.00    0.00   33.33
20:03:35      22   59.60    0.00    4.04    0.00    0.00    3.03    0.00    0.00    0.00   33.33
20:03:35      23   57.73    0.00    5.15    0.00    0.00    2.06    0.00    0.00    0.00   35.05
20:03:35      24   84.00    0.00   11.00    0.00    0.00    4.00    0.00    0.00    0.00    1.00
20:03:35      25   85.00    0.00   11.00    0.00    0.00    3.00    0.00    0.00    0.00    1.00
20:03:35      26   83.17    0.00   10.89    0.00    0.00    4.95    0.00    0.00    0.00    0.99
20:03:35      27   88.12    0.00    7.92    0.00    0.00    2.97    0.00    0.00    0.00    0.99
20:03:35      28   86.87    0.00    8.08    0.00    0.00    4.04    0.00    0.00    0.00    1.01
20:03:35      29   79.21    0.00   14.85    0.00    0.00    4.95    0.00    0.00    0.00    0.99
20:03:35      30   82.00    0.00   12.00    0.00    0.00    5.00    0.00    0.00    0.00    1.00
20:03:35      31   84.85    0.00   11.11    0.00    0.00    3.03    0.00    0.00    0.00    1.01

20:03:35     CPU    %usr   %nice    %sys %iowait    %irq   %soft  %steal  %guest  %gnice   %idle
20:03:36     all   59.00    0.00    7.09    0.09    0.00    1.99    0.00    0.00    0.00   31.83
20:03:36       0   59.00    0.00    6.00    0.00    0.00    2.00    0.00    0.00    0.00   33.00
20:03:36       1   56.38    0.00    5.32    0.00    0.00    4.26    0.00    0.00    0.00   34.04
20:03:36       2   55.00    0.00    8.00    0.00    0.00    2.00    0.00    0.00    0.00   35.00
20:03:36       3   55.24    0.00    9.52    0.00    0.00    1.90    0.00    0.00    0.00   33.33
20:03:36       4   58.82    0.00    8.82    0.00    0.00    0.98    0.00    0.00    0.00   31.37
20:03:36       5   60.42    0.00    5.21    0.00    0.00    2.08    0.00    0.00    0.00   32.29
20:03:36       6   59.00    0.00    5.00    0.00    0.00    2.00    0.00    0.00    0.00   34.00
20:03:36       7   59.41    0.00    6.93    0.00    0.00    0.99    0.00    0.00    0.00   32.67
20:03:36       8   23.71    0.00    5.15    0.00    0.00    1.03    0.00    0.00    0.00   70.10
20:03:36       9   17.65    0.00    4.90    2.94    0.00    0.98    0.00    0.00    0.00   73.53
20:03:36      10   40.21    0.00    2.06    0.00    0.00    0.00    0.00    0.00    0.00   57.73
20:03:36      11   33.68    0.00    3.16    0.00    0.00    1.05    0.00    0.00    0.00   62.11
20:03:36      12   37.37    0.00    6.06    0.00    0.00    1.01    0.00    0.00    0.00   55.56
20:03:36      13   41.41    0.00    3.03    0.00    0.00    0.00    0.00    0.00    0.00   55.56
20:03:36      14   46.46    0.00    3.03    0.00    0.00    1.01    0.00    0.00    0.00   49.49
20:03:36      15   44.21    0.00    3.16    0.00    0.00    1.05    0.00    0.00    0.00   51.58
20:03:36      16   61.62    0.00    5.05    0.00    0.00    3.03    0.00    0.00    0.00   30.30
20:03:36      17   60.20    0.00    6.12    0.00    0.00    2.04    0.00    0.00    0.00   31.63
20:03:36      18   56.70    0.00    5.15    0.00    0.00    1.03    0.00    0.00    0.00   37.11
20:03:36      19   55.00    0.00    7.00    0.00    0.00    2.00    0.00    0.00    0.00   36.00
20:03:36      20   62.38    0.00    4.95    0.00    0.00    1.98    0.00    0.00    0.00   30.69
20:03:36      21   57.29    0.00    6.25    0.00    0.00    4.17    0.00    0.00    0.00   32.29
20:03:36      22   56.52    0.00    4.35    0.00    0.00    2.17    0.00    0.00    0.00   36.96
20:03:36      23   56.25    0.00    8.33    0.00    0.00    2.08    0.00    0.00    0.00   33.33
20:03:36      24   80.81    0.00   14.14    0.00    0.00    3.03    0.00    0.00    0.00    2.02
20:03:36      25   84.00    0.00   12.00    0.00    0.00    2.00    0.00    0.00    0.00    2.00
20:03:36      26   83.17    0.00   11.88    0.00    0.00    2.97    0.00    0.00    0.00    1.98
20:03:36      27   83.67    0.00   11.22    0.00    0.00    3.06    0.00    0.00    0.00    2.04
20:03:36      28   83.17    0.00   12.87    0.00    0.00    2.97    0.00    0.00    0.00    0.99
20:03:36      29   88.00    0.00    6.00    0.00    0.00    4.00    0.00    0.00    0.00    2.00
20:03:36      30   82.18    0.00   12.87    0.00    0.00    2.97    0.00    0.00    0.00    1.98
20:03:36      31   85.15    0.00   11.88    0.00    0.00    1.98    0.00    0.00    0.00    0.99

20:03:36     CPU    %usr   %nice    %sys %iowait    %irq   %soft  %steal  %guest  %gnice   %idle
20:03:37     all   59.47    0.00    7.41    0.00    0.00    2.06    0.00    0.00    0.00   31.05
20:03:37       0   60.42    0.00    4.17    0.00    0.00    1.04    0.00    0.00    0.00   34.38
20:03:37       1   59.00    0.00    5.00    0.00    0.00    2.00    0.00    0.00    0.00   34.00
20:03:37       2   58.16    0.00    5.10    0.00    0.00    1.02    0.00    0.00    0.00   35.71
20:03:37       3   57.58    0.00    7.07    0.00    0.00    1.01    0.00    0.00    0.00   34.34
20:03:37       4   61.76    0.00    7.84    0.00    0.00    0.98    0.00    0.00    0.00   29.41
20:03:37       5   62.24    0.00    5.10    0.00    0.00    2.04    0.00    0.00    0.00   30.61
20:03:37       6   59.60    0.00    8.08    0.00    0.00    2.02    0.00    0.00    0.00   30.30
20:03:37       7   60.20    0.00    7.14    0.00    0.00    2.04    0.00    0.00    0.00   30.61
20:03:37       8   36.36    0.00    4.04    0.00    0.00    1.01    0.00    0.00    0.00   58.59
20:03:37       9   37.00    0.00    5.00    0.00    0.00    1.00    0.00    0.00    0.00   57.00
20:03:37      10   28.00    0.00    3.00    0.00    0.00    0.00    0.00    0.00    0.00   69.00
20:03:37      11   32.04    0.00    1.94    0.00    0.00    0.97    0.00    0.00    0.00   65.05
20:03:37      12   39.80    0.00    3.06    0.00    0.00    0.00    0.00    0.00    0.00   57.14
20:03:37      13   40.20    0.00    3.92    0.00    0.00    0.98    0.00    0.00    0.00   54.90
20:03:37      14   43.00    0.00    3.00    0.00    0.00    3.00    0.00    0.00    0.00   51.00
20:03:37      15   35.79    0.00    6.32    0.00    0.00    3.16    0.00    0.00    0.00   54.74
20:03:37      16   57.14    0.00    6.12    0.00    0.00    3.06    0.00    0.00    0.00   33.67
20:03:37      17   55.21    0.00    8.33    0.00    0.00    3.12    0.00    0.00    0.00   33.33
20:03:37      18   53.76    0.00    8.60    0.00    0.00    2.15    0.00    0.00    0.00   35.48
20:03:37      19   54.84    0.00    7.53    0.00    0.00    2.15    0.00    0.00    0.00   35.48
20:03:37      20   58.42    0.00    8.91    0.00    0.00    1.98    0.00    0.00    0.00   30.69
20:03:37      21   65.98    0.00    3.09    0.00    0.00    0.00    0.00    0.00    0.00   30.93
20:03:37      22   58.89    0.00    6.67    0.00    0.00    1.11    0.00    0.00    0.00   33.33
20:03:37      23   63.37    0.00    3.96    0.00    0.00    1.98    0.00    0.00    0.00   30.69
20:03:37      24   82.18    0.00   14.85    0.00    0.00    1.98    0.00    0.00    0.00    0.99
20:03:37      25   83.17    0.00   11.88    0.00    0.00    3.96    0.00    0.00    0.00    0.99
20:03:37      26   79.80    0.00   17.17    0.00    0.00    3.03    0.00    0.00    0.00    0.00
20:03:37      27   83.00    0.00   12.00    0.00    0.00    4.00    0.00    0.00    0.00    1.00
20:03:37      28   80.00    0.00   12.00    0.00    0.00    7.00    0.00    0.00    0.00    1.00
20:03:37      29   86.00    0.00   11.00    0.00    0.00    3.00    0.00    0.00    0.00    0.00
20:03:37      30   85.86    0.00   12.12    0.00    0.00    2.02    0.00    0.00    0.00    0.00
20:03:37      31   83.00    0.00   13.00    0.00    0.00    3.00    0.00    0.00    0.00    1.00

20:03:37     CPU    %usr   %nice    %sys %iowait    %irq   %soft  %steal  %guest  %gnice   %idle
20:03:38     all   59.15    0.00    7.20    0.00    0.00    1.91    0.00    0.00    0.00   31.74
20:03:38       0   61.90    0.00    5.71    0.00    0.00    1.90    0.00    0.00    0.00   30.48
20:03:38       1   57.14    0.00   10.20    0.00    0.00    1.02    0.00    0.00    0.00   31.63
20:03:38       2   55.56    0.00    9.09    0.00    0.00    1.01    0.00    0.00    0.00   34.34
20:03:38       3   61.17    0.00    3.88    0.00    0.00    1.94    0.00    0.00    0.00   33.01
20:03:38       4   52.81    0.00    7.87    0.00    0.00    1.12    0.00    0.00    0.00   38.20
20:03:38       5   56.25    0.00    6.25    0.00    0.00    1.04    0.00    0.00    0.00   36.46
20:03:38       6   60.20    0.00    4.08    0.00    0.00    3.06    0.00    0.00    0.00   32.65
20:03:38       7   61.62    0.00    6.06    0.00    0.00    0.00    0.00    0.00    0.00   32.32
20:03:38       8   42.27    0.00    2.06    0.00    0.00    1.03    0.00    0.00    0.00   54.64
20:03:38       9   38.71    0.00    3.23    0.00    0.00    0.00    0.00    0.00    0.00   58.06
20:03:38      10   36.54    0.00    2.88    0.00    0.00    1.92    0.00    0.00    0.00   58.65
20:03:38      11   31.25    0.00    7.29    0.00    0.00    0.00    0.00    0.00    0.00   61.46
20:03:38      12   32.98    0.00    3.19    0.00    0.00    1.06    0.00    0.00    0.00   62.77
20:03:38      13   35.35    0.00    4.04    0.00    0.00    2.02    0.00    0.00    0.00   58.59
20:03:38      14   35.42    0.00    5.21    0.00    0.00    0.00    0.00    0.00    0.00   59.38
20:03:38      15   40.40    0.00    2.02    0.00    0.00    1.01    0.00    0.00    0.00   56.57
20:03:38      16   61.39    0.00    5.94    0.00    0.00    0.99    0.00    0.00    0.00   31.68
20:03:38      17   56.38    0.00    8.51    0.00    0.00    1.06    0.00    0.00    0.00   34.04
20:03:38      18   56.84    0.00    5.26    0.00    0.00    2.11    0.00    0.00    0.00   35.79
20:03:38      19   57.29    0.00    7.29    0.00    0.00    1.04    0.00    0.00    0.00   34.38
20:03:38      20   54.17    0.00    7.29    0.00    0.00    2.08    0.00    0.00    0.00   36.46
20:03:38      21   54.17    0.00    7.29    0.00    0.00    2.08    0.00    0.00    0.00   36.46
20:03:38      22   54.90    0.00    9.80    0.00    0.00    2.94    0.00    0.00    0.00   32.35
20:03:38      23   56.70    0.00    7.22    0.00    0.00    1.03    0.00    0.00    0.00   35.05
20:03:38      24   81.82    0.00   14.14    0.00    0.00    3.03    0.00    0.00    0.00    1.01
20:03:38      25   85.86    0.00    8.08    0.00    0.00    5.05    0.00    0.00    0.00    1.01
20:03:38      26   86.00    0.00    9.00    0.00    0.00    4.00    0.00    0.00    0.00    1.00
20:03:38      27   86.00    0.00   10.00    0.00    0.00    3.00    0.00    0.00    0.00    1.00
20:03:38      28   83.84    0.00   10.10    0.00    0.00    5.05    0.00    0.00    0.00    1.01
20:03:38      29   80.00    0.00   15.00    0.00    0.00    4.00    0.00    0.00    0.00    1.00
20:03:38      30   85.15    0.00   10.89    0.00    0.00    2.97    0.00    0.00    0.00    0.99
20:03:38      31   86.14    0.00   10.89    0.00    0.00    1.98    0.00    0.00    0.00    0.99

20:03:38     CPU    %usr   %nice    %sys %iowait    %irq   %soft  %steal  %guest  %gnice   %idle
20:03:39     all   59.71    0.00    7.04    0.00    0.00    1.77    0.00    0.00    0.00   31.48
20:03:39       0   59.79    0.00    5.15    0.00    0.00    2.06    0.00    0.00    0.00   32.99
20:03:39       1   56.73    0.00    8.65    0.00    0.00    1.92    0.00    0.00    0.00   32.69
20:03:39       2   54.74    0.00    8.42    0.00    0.00    1.05    0.00    0.00    0.00   35.79
20:03:39       3   57.89    0.00    7.37    0.00    0.00    2.11    0.00    0.00    0.00   32.63
20:03:39       4   60.00    0.00    6.00    0.00    0.00    1.00    0.00    0.00    0.00   33.00
20:03:39       5   58.51    0.00    5.32    0.00    0.00    1.06    0.00    0.00    0.00   35.11
20:03:39       6   59.18    0.00    4.08    0.00    0.00    1.02    0.00    0.00    0.00   35.71
20:03:39       7   56.12    0.00    8.16    0.00    0.00    1.02    0.00    0.00    0.00   34.69
20:03:39       8   33.00    0.00    3.00    0.00    0.00    0.00    0.00    0.00    0.00   64.00
20:03:39       9   32.67    0.00    3.96    0.00    0.00    0.00    0.00    0.00    0.00   63.37
20:03:39      10   41.05    0.00    3.16    0.00    0.00    0.00    0.00    0.00    0.00   55.79
20:03:39      11   36.46    0.00    6.25    0.00    0.00    0.00    0.00    0.00    0.00   57.29
20:03:39      12   35.35    0.00    5.05    0.00    0.00    1.01    0.00    0.00    0.00   58.59
20:03:39      13   39.60    0.00    3.96    0.00    0.00    1.98    0.00    0.00    0.00   54.46
20:03:39      14   43.27    0.00    2.88    0.00    0.00    0.96    0.00    0.00    0.00   52.88
20:03:39      15   44.00    0.00    3.00    0.00    0.00    1.00    0.00    0.00    0.00   52.00
20:03:39      16   59.60    0.00    5.05    0.00    0.00    2.02    0.00    0.00    0.00   33.33
20:03:39      17   59.00    0.00    6.00    0.00    0.00    2.00    0.00    0.00    0.00   33.00
20:03:39      18   58.16    0.00    5.10    0.00    0.00    3.06    0.00    0.00    0.00   33.67
20:03:39      19   56.84    0.00    6.32    0.00    0.00    2.11    0.00    0.00    0.00   34.74
20:03:39      20   59.00    0.00    7.00    0.00    0.00    1.00    0.00    0.00    0.00   33.00
20:03:39      21   59.79    0.00    6.19    0.00    0.00    1.03    0.00    0.00    0.00   32.99
20:03:39      22   57.43    0.00    4.95    0.00    0.00    2.97    0.00    0.00    0.00   34.65
20:03:39      23   57.00    0.00    9.00    0.00    0.00    0.00    0.00    0.00    0.00   34.00
20:03:39      24   80.00    0.00   16.00    0.00    0.00    3.00    0.00    0.00    0.00    1.00
20:03:39      25   84.16    0.00    9.90    0.00    0.00    3.96    0.00    0.00    0.00    1.98
20:03:39      26   85.00    0.00   10.00    0.00    0.00    4.00    0.00    0.00    0.00    1.00
20:03:39      27   84.69    0.00    9.18    0.00    0.00    5.10    0.00    0.00    0.00    1.02
20:03:39      28   84.16    0.00   11.88    0.00    0.00    2.97    0.00    0.00    0.00    0.99
20:03:39      29   86.87    0.00    9.09    0.00    0.00    3.03    0.00    0.00    0.00    1.01
20:03:39      30   83.17    0.00   13.86    0.00    0.00    1.98    0.00    0.00    0.00    0.99
20:03:39      31   86.00    0.00   11.00    0.00    0.00    2.00    0.00    0.00    0.00    1.00

20:03:39     CPU    %usr   %nice    %sys %iowait    %irq   %soft  %steal  %guest  %gnice   %idle
20:03:40     all   59.37    0.00    6.32    0.00    0.00    1.87    0.00    0.00    0.00   32.43
20:03:40       0   57.43    0.00    6.93    0.00    0.00    0.99    0.00    0.00    0.00   34.65
20:03:40       1   58.16    0.00    4.08    0.00    0.00    2.04    0.00    0.00    0.00   35.71
20:03:40       2   60.00    0.00    4.21    0.00    0.00    1.05    0.00    0.00    0.00   34.74
20:03:40       3   56.38    0.00    6.38    0.00    0.00    2.13    0.00    0.00    0.00   35.11
20:03:40       4   55.10    0.00    7.14    0.00    0.00    2.04    0.00    0.00    0.00   35.71
20:03:40       5   59.00    0.00    5.00    0.00    0.00    2.00    0.00    0.00    0.00   34.00
20:03:40       6   56.12    0.00    7.14    0.00    0.00    1.02    0.00    0.00    0.00   35.71
20:03:40       7   56.12    0.00    6.12    0.00    0.00    2.04    0.00    0.00    0.00   35.71
20:03:40       8   32.99    0.00    4.12    0.00    0.00    1.03    0.00    0.00    0.00   61.86
20:03:40       9   40.78    0.00    1.94    0.00    0.00    0.97    0.00    0.00    0.00   56.31
20:03:40      10   37.50    0.00    4.17    0.00    0.00    0.00    0.00    0.00    0.00   58.33
20:03:40      11   39.80    0.00    3.06    0.00    0.00    1.02    0.00    0.00    0.00   56.12
20:03:40      12   37.76    0.00    3.06    0.00    0.00    0.00    0.00    0.00    0.00   59.18
20:03:40      13   44.00    0.00    1.00    0.00    0.00    1.00    0.00    0.00    0.00   54.00
20:03:40      14   39.18    0.00    3.09    0.00    0.00    1.03    0.00    0.00    0.00   56.70
20:03:40      15   39.39    0.00    2.02    0.00    0.00    0.00    0.00    0.00    0.00   58.59
20:03:40      16   58.59    0.00    5.05    0.00    0.00    1.01    0.00    0.00    0.00   35.35
20:03:40      17   58.59    0.00    6.06    0.00    0.00    0.00    0.00    0.00    0.00   35.35
20:03:40      18   55.88    0.00    6.86    0.00    0.00    2.94    0.00    0.00    0.00   34.31
20:03:40      19   59.38    0.00    5.21    0.00    0.00    2.08    0.00    0.00    0.00   33.33
20:03:40      20   54.74    0.00    6.32    0.00    0.00    3.16    0.00    0.00    0.00   35.79
20:03:40      21   55.32    0.00    5.32    0.00    0.00    1.06    0.00    0.00    0.00   38.30
20:03:40      22   58.06    0.00    5.38    0.00    0.00    0.00    0.00    0.00    0.00   36.56
20:03:40      23   55.45    0.00    7.92    0.00    0.00    1.98    0.00    0.00    0.00   34.65
20:03:40      24   81.19    0.00   10.89    0.00    0.00    4.95    0.00    0.00    0.00    2.97
20:03:40      25   85.86    0.00    8.08    0.00    0.00    4.04    0.00    0.00    0.00    2.02
20:03:40      26   82.83    0.00   12.12    0.00    0.00    4.04    0.00    0.00    0.00    1.01
20:03:40      27   83.17    0.00    9.90    0.00    0.00    4.95    0.00    0.00    0.00    1.98
20:03:40      28   84.85    0.00   10.10    0.00    0.00    3.03    0.00    0.00    0.00    2.02
20:03:40      29   82.18    0.00   11.88    0.00    0.00    3.96    0.00    0.00    0.00    1.98
20:03:40      30   87.88    0.00    8.08    0.00    0.00    2.02    0.00    0.00    0.00    2.02
20:03:40      31   83.00    0.00   13.00    0.00    0.00    2.00    0.00    0.00    0.00    2.00

20:03:40     CPU    %usr   %nice    %sys %iowait    %irq   %soft  %steal  %guest  %gnice   %idle
20:03:41     all   59.91    0.00    7.13    0.00    0.00    1.74    0.00    0.00    0.00   31.22
20:03:41       0   62.00    0.00    7.00    0.00    0.00    0.00    0.00    0.00    0.00   31.00
20:03:41       1   59.38    0.00    7.29    0.00    0.00    1.04    0.00    0.00    0.00   32.29
20:03:41       2   60.19    0.00    6.80    0.00    0.00    0.97    0.00    0.00    0.00   32.04
20:03:41       3   60.82    0.00    6.19    0.00    0.00    2.06    0.00    0.00    0.00   30.93
20:03:41       4   59.18    0.00    7.14    0.00    0.00    1.02    0.00    0.00    0.00   32.65
20:03:41       5   55.56    0.00    9.09    0.00    0.00    2.02    0.00    0.00    0.00   33.33
20:03:41       6   55.67    0.00    9.28    0.00    0.00    1.03    0.00    0.00    0.00   34.02
20:03:41       7   58.16    0.00    6.12    0.00    0.00    2.04    0.00    0.00    0.00   33.67
20:03:41       8   30.93    0.00    5.15    0.00    0.00    0.00    0.00    0.00    0.00   63.92
20:03:41       9   36.63    0.00    3.96    0.00    0.00    0.00    0.00    0.00    0.00   59.41
20:03:41      10   35.00    0.00    3.00    0.00    0.00    2.00    0.00    0.00    0.00   60.00
20:03:41      11   36.36    0.00    4.04    0.00    0.00    1.01    0.00    0.00    0.00   58.59
20:03:41      12   42.57    0.00    3.96    0.00    0.00    1.98    0.00    0.00    0.00   51.49
20:03:41      13   40.82    0.00    3.06    0.00    0.00    1.02    0.00    0.00    0.00   55.10
20:03:41      14   33.00    0.00    3.00    0.00    0.00    1.00    0.00    0.00    0.00   63.00
20:03:41      15   32.00    0.00    5.00    0.00    0.00    1.00    0.00    0.00    0.00   62.00
20:03:41      16   60.61    0.00    6.06    0.00    0.00    2.02    0.00    0.00    0.00   31.31
20:03:41      17   62.14    0.00    6.80    0.00    0.00    1.94    0.00    0.00    0.00   29.13
20:03:41      18   57.45    0.00    5.32    0.00    0.00    2.13    0.00    0.00    0.00   35.11
20:03:41      19   56.57    0.00    9.09    0.00    0.00    2.02    0.00    0.00    0.00   32.32
20:03:41      20   60.20    0.00    8.16    0.00    0.00    0.00    0.00    0.00    0.00   31.63
20:03:41      21   61.17    0.00    5.83    0.00    0.00    1.94    0.00    0.00    0.00   31.07
20:03:41      22   59.38    0.00    6.25    0.00    0.00    1.04    0.00    0.00    0.00   33.33
20:03:41      23   58.95    0.00    6.32    0.00    0.00    2.11    0.00    0.00    0.00   32.63
20:03:41      24   87.00    0.00    9.00    0.00    0.00    3.00    0.00    0.00    0.00    1.00
20:03:41      25   84.85    0.00   12.12    0.00    0.00    2.02    0.00    0.00    0.00    1.01
20:03:41      26   86.00    0.00   10.00    0.00    0.00    3.00    0.00    0.00    0.00    1.00
20:03:41      27   83.84    0.00   11.11    0.00    0.00    4.04    0.00    0.00    0.00    1.01
20:03:41      28   87.00    0.00    9.00    0.00    0.00    2.00    0.00    0.00    0.00    2.00
20:03:41      29   84.85    0.00   11.11    0.00    0.00    3.03    0.00    0.00    0.00    1.01
20:03:41      30   83.17    0.00   10.89    0.00    0.00    3.96    0.00    0.00    0.00    1.98
20:03:41      31   84.85    0.00   11.11    0.00    0.00    3.03    0.00    0.00    0.00    1.01

20:03:41     CPU    %usr   %nice    %sys %iowait    %irq   %soft  %steal  %guest  %gnice   %idle
20:03:42     all   60.31    0.00    6.71    0.00    0.00    1.84    0.00    0.00    0.00   31.14
20:03:42       0   52.53    0.00    9.09    0.00    0.00    2.02    0.00    0.00    0.00   36.36
20:03:42       1   56.00    0.00    6.00    0.00    0.00    1.00    0.00    0.00    0.00   37.00
20:03:42       2   57.84    0.00   10.78    0.00    0.00    0.98    0.00    0.00    0.00   30.39
20:03:42       3   62.38    0.00    4.95    0.00    0.00    1.98    0.00    0.00    0.00   30.69
20:03:42       4   62.14    0.00    5.83    0.00    0.00    0.00    0.00    0.00    0.00   32.04
20:03:42       5   57.00    0.00    9.00    0.00    0.00    2.00    0.00    0.00    0.00   32.00
20:03:42       6   64.08    0.00    4.85    0.00    0.00    0.97    0.00    0.00    0.00   30.10
20:03:42       7   61.00    0.00    8.00    0.00    0.00    0.00    0.00    0.00    0.00   31.00
20:03:42       8   34.69    0.00    3.06    0.00    0.00    0.00    0.00    0.00    0.00   62.24
20:03:42       9   36.89    0.00    3.88    0.00    0.00    0.97    0.00    0.00    0.00   58.25
20:03:42      10   29.13    0.00    1.94    0.00    0.00    0.00    0.00    0.00    0.00   68.93
20:03:42      11   32.08    0.00    1.89    0.00    0.00    0.94    0.00    0.00    0.00   65.09
20:03:42      12   39.58    0.00    3.12    0.00    0.00    0.00    0.00    0.00    0.00   57.29
20:03:42      13   41.49    0.00    2.13    0.00    0.00    1.06    0.00    0.00    0.00   55.32
20:03:42      14   42.42    0.00    4.04    0.00    0.00    3.03    0.00    0.00    0.00   50.51
20:03:42      15   42.00    0.00    5.00    0.00    0.00    1.00    0.00    0.00    0.00   52.00
20:03:42      16   51.55    0.00    9.28    0.00    0.00    1.03    0.00    0.00    0.00   38.14
20:03:42      17   53.68    0.00    7.37    0.00    0.00    0.00    0.00    0.00    0.00   38.95
20:03:42      18   64.00    0.00    4.00    0.00    0.00    1.00    0.00    0.00    0.00   31.00
20:03:42      19   63.46    0.00    4.81    0.00    0.00    1.92    0.00    0.00    0.00   29.81
20:03:42      20   64.36    0.00    3.96    0.00    0.00    1.98    0.00    0.00    0.00   29.70
20:03:42      21   61.00    0.00    4.00    0.00    0.00    4.00    0.00    0.00    0.00   31.00
20:03:42      22   61.62    0.00    7.07    0.00    0.00    1.01    0.00    0.00    0.00   30.30
20:03:42      23   60.61    0.00    8.08    0.00    0.00    1.01    0.00    0.00    0.00   30.30
20:03:42      24   85.86    0.00   10.10    0.00    0.00    3.03    0.00    0.00    0.00    1.01
20:03:42      25   87.88    0.00    8.08    0.00    0.00    3.03    0.00    0.00    0.00    1.01
20:03:42      26   83.17    0.00   11.88    0.00    0.00    2.97    0.00    0.00    0.00    1.98
20:03:42      27   79.41    0.00   13.73    0.00    0.00    5.88    0.00    0.00    0.00    0.98
20:03:42      28   85.00    0.00   10.00    0.00    0.00    5.00    0.00    0.00    0.00    0.00
20:03:42      29   85.00    0.00    8.00    0.00    0.00    6.00    0.00    0.00    0.00    1.00
20:03:42      30   86.87    0.00    9.09    0.00    0.00    3.03    0.00    0.00    0.00    1.01
20:03:42      31   85.00    0.00   12.00    0.00    0.00    2.00    0.00    0.00    0.00    1.00

20:03:42     CPU    %usr   %nice    %sys %iowait    %irq   %soft  %steal  %guest  %gnice   %idle
20:03:43     all   59.87    0.00    6.90    0.00    0.00    1.72    0.00    0.00    0.00   31.51
20:03:43       0   60.42    0.00    5.21    0.00    0.00    1.04    0.00    0.00    0.00   33.33
20:03:43       1   60.20    0.00    7.14    0.00    0.00    0.00    0.00    0.00    0.00   32.65
20:03:43       2   57.58    0.00    8.08    0.00    0.00    0.00    0.00    0.00    0.00   34.34
20:03:43       3   54.08    0.00    8.16    0.00    0.00    2.04    0.00    0.00    0.00   35.71
20:03:43       4   58.16    0.00    8.16    0.00    0.00    2.04    0.00    0.00    0.00   31.63
20:03:43       5   56.00    0.00   10.00    0.00    0.00    3.00    0.00    0.00    0.00   31.00
20:03:43       6   60.00    0.00    4.00    0.00    0.00    2.00    0.00    0.00    0.00   34.00
20:03:43       7   59.18    0.00    6.12    0.00    0.00    2.04    0.00    0.00    0.00   32.65
20:03:43       8   33.67    0.00    2.04    0.00    0.00    0.00    0.00    0.00    0.00   64.29
20:03:43       9   33.33    0.00    2.08    0.00    0.00    0.00    0.00    0.00    0.00   64.58
20:03:43      10   37.11    0.00    5.15    0.00    0.00    0.00    0.00    0.00    0.00   57.73
20:03:43      11   37.23    0.00    3.19    0.00    0.00    0.00    0.00    0.00    0.00   59.57
20:03:43      12   38.38    0.00    4.04    0.00    0.00    1.01    0.00    0.00    0.00   56.57
20:03:43      13   37.00    0.00    4.00    0.00    0.00    1.00    0.00    0.00    0.00   58.00
20:03:43      14   41.41    0.00    2.02    0.00    0.00    1.01    0.00    0.00    0.00   55.56
20:03:43      15   40.59    0.00    2.97    0.00    0.00    1.98    0.00    0.00    0.00   54.46
20:03:43      16   59.57    0.00    6.38    0.00    0.00    1.06    0.00    0.00    0.00   32.98
20:03:43      17   57.58    0.00    7.07    0.00    0.00    3.03    0.00    0.00    0.00   32.32
20:03:43      18   57.73    0.00    5.15    0.00    0.00    2.06    0.00    0.00    0.00   35.05
20:03:43      19   54.74    0.00    6.32    0.00    0.00    2.11    0.00    0.00    0.00   36.84
20:03:43      20   57.00    0.00    9.00    0.00    0.00    3.00    0.00    0.00    0.00   31.00
20:03:43      21   59.00    0.00    9.00    0.00    0.00    0.00    0.00    0.00    0.00   32.00
20:03:43      22   59.14    0.00    5.38    0.00    0.00    0.00    0.00    0.00    0.00   35.48
20:03:43      23   57.58    0.00    8.08    0.00    0.00    2.02    0.00    0.00    0.00   32.32
20:03:43      24   87.00    0.00    8.00    0.00    0.00    4.00    0.00    0.00    0.00    1.00
20:03:43      25   87.00    0.00    9.00    0.00    0.00    3.00    0.00    0.00    0.00    1.00
20:03:43      26   87.76    0.00    9.18    0.00    0.00    2.04    0.00    0.00    0.00    1.02
20:03:43      27   83.84    0.00   13.13    0.00    0.00    2.02    0.00    0.00    0.00    1.01
20:03:43      28   87.00    0.00    9.00    0.00    0.00    3.00    0.00    0.00    0.00    1.00
20:03:43      29   86.87    0.00    9.09    0.00    0.00    3.03    0.00    0.00    0.00    1.01
20:03:43      30   83.00    0.00   12.00    0.00    0.00    3.00    0.00    0.00    0.00    2.00
20:03:43      31   83.17    0.00   11.88    0.00    0.00    3.96    0.00    0.00    0.00    0.99

20:03:43     CPU    %usr   %nice    %sys %iowait    %irq   %soft  %steal  %guest  %gnice   %idle
20:03:44     all   59.45    0.00    6.50    0.00    0.00    2.20    0.00    0.00    0.00   31.86
20:03:44       0   60.00    0.00    6.00    0.00    0.00    2.00    0.00    0.00    0.00   32.00
20:03:44       1   60.00    0.00    6.00    0.00    0.00    2.00    0.00    0.00    0.00   32.00
20:03:44       2   58.06    0.00    6.45    0.00    0.00    2.15    0.00    0.00    0.00   33.33
20:03:44       3   60.67    0.00    3.37    0.00    0.00    1.12    0.00    0.00    0.00   34.83
20:03:44       4   55.21    0.00    6.25    0.00    0.00    2.08    0.00    0.00    0.00   36.46
20:03:44       5   56.12    0.00    5.10    0.00    0.00    1.02    0.00    0.00    0.00   37.76
20:03:44       6   58.16    0.00    6.12    0.00    0.00    1.02    0.00    0.00    0.00   34.69
20:03:44       7   54.08    0.00    8.16    0.00    0.00    2.04    0.00    0.00    0.00   35.71
20:03:44       8   35.35    0.00    4.04    0.00    0.00    1.01    0.00    0.00    0.00   59.60
20:03:44       9   34.00    0.00    5.00    0.00    0.00    0.00    0.00    0.00    0.00   61.00
20:03:44      10   37.76    0.00    1.02    0.00    0.00    2.04    0.00    0.00    0.00   59.18
20:03:44      11   36.36    0.00    3.03    0.00    0.00    3.03    0.00    0.00    0.00   57.58
20:03:44      12   41.94    0.00    1.08    0.00    0.00    1.08    0.00    0.00    0.00   55.91
20:03:44      13   43.00    0.00    3.00    0.00    0.00    1.00    0.00    0.00    0.00   53.00
20:03:44      14   30.85    0.00    3.19    0.00    0.00    0.00    0.00    0.00    0.00   65.96
20:03:44      15   35.71    0.00    1.02    0.00    0.00    1.02    0.00    0.00    0.00   62.24
20:03:44      16   62.38    0.00    4.95    0.00    0.00    1.98    0.00    0.00    0.00   30.69
20:03:44      17   60.61    0.00    5.05    0.00    0.00    3.03    0.00    0.00    0.00   31.31
20:03:44      18   59.18    0.00    8.16    0.00    0.00    1.02    0.00    0.00    0.00   31.63
20:03:44      19   61.62    0.00    4.04    0.00    0.00    2.02    0.00    0.00    0.00   32.32
20:03:44      20   53.68    0.00    7.37    0.00    0.00    3.16    0.00    0.00    0.00   35.79
20:03:44      21   55.10    0.00    7.14    0.00    0.00    2.04    0.00    0.00    0.00   35.71
20:03:44      22   60.00    0.00    6.00    0.00    0.00    1.00    0.00    0.00    0.00   33.00
20:03:44      23   54.08    0.00    8.16    0.00    0.00    2.04    0.00    0.00    0.00   35.71
20:03:44      24   83.84    0.00   12.12    0.00    0.00    4.04    0.00    0.00    0.00    0.00
20:03:44      25   85.86    0.00   11.11    0.00    0.00    2.02    0.00    0.00    0.00    1.01
20:03:44      26   82.00    0.00   11.00    0.00    0.00    6.00    0.00    0.00    0.00    1.00
20:03:44      27   85.00    0.00   10.00    0.00    0.00    4.00    0.00    0.00    0.00    1.00
20:03:44      28   88.00    0.00    9.00    0.00    0.00    2.00    0.00    0.00    0.00    1.00
20:03:44      29   82.00    0.00   14.00    0.00    0.00    3.00    0.00    0.00    0.00    1.00
20:03:44      30   87.88    0.00    8.08    0.00    0.00    3.03    0.00    0.00    0.00    1.01
20:03:44      31   79.21    0.00   11.88    0.00    0.00    6.93    0.00    0.00    0.00    1.98

20:03:44     CPU    %usr   %nice    %sys %iowait    %irq   %soft  %steal  %guest  %gnice   %idle
20:03:45     all   59.22    0.00    7.69    0.00    0.00    1.95    0.00    0.00    0.00   31.14
20:03:45       0   52.63    0.00   10.53    0.00    0.00    2.11    0.00    0.00    0.00   34.74
20:03:45       1   56.57    0.00    7.07    0.00    0.00    2.02    0.00    0.00    0.00   34.34
20:03:45       2   56.00    0.00    7.00    0.00    0.00    2.00    0.00    0.00    0.00   35.00
20:03:45       3   55.45    0.00    8.91    0.00    0.00    1.98    0.00    0.00    0.00   33.66
20:03:45       4   58.06    0.00    6.45    0.00    0.00    1.08    0.00    0.00    0.00   34.41
20:03:45       5   58.59    0.00    6.06    0.00    0.00    1.01    0.00    0.00    0.00   34.34
20:03:45       6   60.78    0.00    6.86    0.00    0.00    1.96    0.00    0.00    0.00   30.39
20:03:45       7   61.39    0.00    5.94    0.00    0.00    1.98    0.00    0.00    0.00   30.69
20:03:45       8   37.25    0.00    4.90    0.00    0.00    0.98    0.00    0.00    0.00   56.86
20:03:45       9   40.00    0.00    2.00    0.00    0.00    2.00    0.00    0.00    0.00   56.00
20:03:45      10   36.36    0.00    4.04    0.00    0.00    0.00    0.00    0.00    0.00   59.60
20:03:45      11   34.74    0.00    3.16    0.00    0.00    1.05    0.00    0.00    0.00   61.05
20:03:45      12   35.42    0.00    4.17    0.00    0.00    1.04    0.00    0.00    0.00   59.38
20:03:45      13   39.18    0.00    2.06    0.00    0.00    1.03    0.00    0.00    0.00   57.73
20:03:45      14   36.00    0.00    7.00    0.00    0.00    1.00    0.00    0.00    0.00   56.00
20:03:45      15   43.43    0.00    3.03    0.00    0.00    0.00    0.00    0.00    0.00   53.54
20:03:45      16   57.89    0.00    7.37    0.00    0.00    1.05    0.00    0.00    0.00   33.68
20:03:45      17   54.74    0.00    7.37    0.00    0.00    1.05    0.00    0.00    0.00   36.84
20:03:45      18   54.46    0.00    8.91    0.00    0.00    2.97    0.00    0.00    0.00   33.66
20:03:45      19   56.60    0.00    7.55    0.00    0.00    1.89    0.00    0.00    0.00   33.96
20:03:45      20   59.22    0.00    8.74    0.00    0.00    0.97    0.00    0.00    0.00   31.07
20:03:45      21   54.35    0.00    8.70    0.00    0.00    1.09    0.00    0.00    0.00   35.87
20:03:45      22   60.00    0.00    9.00    0.00    0.00    0.00    0.00    0.00    0.00   31.00
20:03:45      23   57.84    0.00    8.82    0.00    0.00    2.94    0.00    0.00    0.00   30.39
20:03:45      24   85.00    0.00   10.00    0.00    0.00    4.00    0.00    0.00    0.00    1.00
20:03:45      25   81.00    0.00   13.00    0.00    0.00    6.00    0.00    0.00    0.00    0.00
20:03:45      26   85.00    0.00   12.00    0.00    0.00    2.00    0.00    0.00    0.00    1.00
20:03:45      27   87.00    0.00    8.00    0.00    0.00    4.00    0.00    0.00    0.00    1.00
20:03:45      28   85.00    0.00   12.00    0.00    0.00    2.00    0.00    0.00    0.00    1.00
20:03:45      29   82.18    0.00   12.87    0.00    0.00    3.96    0.00    0.00    0.00    0.99
20:03:45      30   83.17    0.00   11.88    0.00    0.00    3.96    0.00    0.00    0.00    0.99
20:03:45      31   85.86    0.00   10.10    0.00    0.00    3.03    0.00    0.00    0.00    1.01

20:03:45     CPU    %usr   %nice    %sys %iowait    %irq   %soft  %steal  %guest  %gnice   %idle
20:03:46     all   59.32    0.00    6.86    0.00    0.00    2.12    0.00    0.00    0.00   31.70
20:03:46       0   59.18    0.00    7.14    0.00    0.00    2.04    0.00    0.00    0.00   31.63
20:03:46       1   59.78    0.00    4.35    0.00    0.00    2.17    0.00    0.00    0.00   33.70
20:03:46       2   55.45    0.00    6.93    0.00    0.00    1.98    0.00    0.00    0.00   35.64
20:03:46       3   56.00    0.00    5.00    0.00    0.00    2.00    0.00    0.00    0.00   37.00
20:03:46       4   58.00    0.00    7.00    0.00    0.00    2.00    0.00    0.00    0.00   33.00
20:03:46       5   57.29    0.00    7.29    0.00    0.00    0.00    0.00    0.00    0.00   35.42
20:03:46       6   58.76    0.00    7.22    0.00    0.00    2.06    0.00    0.00    0.00   31.96
20:03:46       7   58.16    0.00    6.12    0.00    0.00    3.06    0.00    0.00    0.00   32.65
20:03:46       8   37.37    0.00    4.04    0.00    0.00    0.00    0.00    0.00    0.00   58.59
20:03:46       9   38.24    0.00    4.90    0.00    0.00    1.96    0.00    0.00    0.00   54.90
20:03:46      10   28.26    0.00    4.35    0.00    0.00    1.09    0.00    0.00    0.00   66.30
20:03:46      11   35.71    0.00    2.04    0.00    0.00    1.02    0.00    0.00    0.00   61.22
20:03:46      12   39.60    0.00    3.96    0.00    0.00    0.00    0.00    0.00    0.00   56.44
20:03:46      13   40.59    0.00    1.98    0.00    0.00    1.98    0.00    0.00    0.00   55.45
20:03:46      14   36.73    0.00    4.08    0.00    0.00    1.02    0.00    0.00    0.00   58.16
20:03:46      15   37.62    0.00    2.97    0.00    0.00    0.99    0.00    0.00    0.00   58.42
20:03:46      16   58.76    0.00    7.22    0.00    0.00    2.06    0.00    0.00    0.00   31.96
20:03:46      17   53.47    0.00    8.91    0.00    0.00    4.95    0.00    0.00    0.00   32.67
20:03:46      18   55.10    0.00    7.14    0.00    0.00    1.02    0.00    0.00    0.00   36.73
20:03:46      19   58.82    0.00    4.90    0.00    0.00    1.96    0.00    0.00    0.00   34.31
20:03:46      20   57.29    0.00    5.21    0.00    0.00    3.12    0.00    0.00    0.00   34.38
20:03:46      21   61.62    0.00    5.05    0.00    0.00    0.00    0.00    0.00    0.00   33.33
20:03:46      22   58.76    0.00    5.15    0.00    0.00    2.06    0.00    0.00    0.00   34.02
20:03:46      23   55.21    0.00    8.33    0.00    0.00    3.12    0.00    0.00    0.00   33.33
20:03:46      24   85.00    0.00   11.00    0.00    0.00    3.00    0.00    0.00    0.00    1.00
20:03:46      25   83.17    0.00   12.87    0.00    0.00    2.97    0.00    0.00    0.00    0.99
20:03:46      26   85.15    0.00    9.90    0.00    0.00    3.96    0.00    0.00    0.00    0.99
20:03:46      27   87.13    0.00    7.92    0.00    0.00    3.96    0.00    0.00    0.00    0.99
20:03:46      28   84.00    0.00   12.00    0.00    0.00    3.00    0.00    0.00    0.00    1.00
20:03:46      29   84.00    0.00   13.00    0.00    0.00    2.00    0.00    0.00    0.00    1.00
20:03:46      30   84.16    0.00   10.89    0.00    0.00    3.96    0.00    0.00    0.00    0.99
20:03:46      31   86.00    0.00   10.00    0.00    0.00    3.00    0.00    0.00    0.00    1.00

20:03:46     CPU    %usr   %nice    %sys %iowait    %irq   %soft  %steal  %guest  %gnice   %idle
20:03:47     all   59.49    0.00    7.18    0.00    0.00    1.67    0.00    0.00    0.00   31.67
20:03:47       0   61.00    0.00    8.00    0.00    0.00    2.00    0.00    0.00    0.00   29.00
20:03:47       1   56.25    0.00   10.42    0.00    0.00    2.08    0.00    0.00    0.00   31.25
20:03:47       2   54.74    0.00    6.32    0.00    0.00    1.05    0.00    0.00    0.00   37.89
20:03:47       3   54.08    0.00    8.16    0.00    0.00    1.02    0.00    0.00    0.00   36.73
20:03:47       4   60.20    0.00    7.14    0.00    0.00    1.02    0.00    0.00    0.00   31.63
20:03:47       5   56.25    0.00    8.33    0.00    0.00    2.08    0.00    0.00    0.00   33.33
20:03:47       6   59.18    0.00    8.16    0.00    0.00    2.04    0.00    0.00    0.00   30.61
20:03:47       7   60.61    0.00    8.08    0.00    0.00    1.01    0.00    0.00    0.00   30.30
20:03:47       8   30.53    0.00    4.21    0.00    0.00    2.11    0.00    0.00    0.00   63.16
20:03:47       9   26.60    0.00    5.32    0.00    0.00    0.00    0.00    0.00    0.00   68.09
20:03:47      10   38.54    0.00    3.12    0.00    0.00    1.04    0.00    0.00    0.00   57.29
20:03:47      11   39.22    0.00    3.92    0.00    0.00    0.98    0.00    0.00    0.00   55.88
20:03:47      12   30.85    0.00    2.13    0.00    0.00    0.00    0.00    0.00    0.00   67.02
20:03:47      13   32.29    0.00    2.08    0.00    0.00    0.00    0.00    0.00    0.00   65.62
20:03:47      14   40.22    0.00    1.09    0.00    0.00    1.09    0.00    0.00    0.00   57.61
20:03:47      15   40.43    0.00    3.19    0.00    0.00    0.00    0.00    0.00    0.00   56.38
20:03:47      16   59.38    0.00    6.25    0.00    0.00    2.08    0.00    0.00    0.00   32.29
20:03:47      17   62.89    0.00    4.12    0.00    0.00    2.06    0.00    0.00    0.00   30.93
20:03:47      18   56.86    0.00    6.86    0.00    0.00    1.96    0.00    0.00    0.00   34.31
20:03:47      19   55.21    0.00    7.29    0.00    0.00    0.00    0.00    0.00    0.00   37.50
20:03:47      20   58.33    0.00    6.25    0.00    0.00    1.04    0.00    0.00    0.00   34.38
20:03:47      21   59.14    0.00    6.45    0.00    0.00    1.08    0.00    0.00    0.00   33.33
20:03:47      22   61.62    0.00    6.06    0.00    0.00    1.01    0.00    0.00    0.00   31.31
20:03:47      23   61.22    0.00    7.14    0.00    0.00    1.02    0.00    0.00    0.00   30.61
20:03:47      24   88.00    0.00    9.00    0.00    0.00    2.00    0.00    0.00    0.00    1.00
20:03:47      25   83.84    0.00   13.13    0.00    0.00    2.02    0.00    0.00    0.00    1.01
20:03:47      26   83.84    0.00   10.10    0.00    0.00    5.05    0.00    0.00    0.00    1.01
20:03:47      27   83.17    0.00   11.88    0.00    0.00    2.97    0.00    0.00    0.00    1.98
20:03:47      28   85.15    0.00   10.89    0.00    0.00    2.97    0.00    0.00    0.00    0.99
20:03:47      29   86.00    0.00   10.00    0.00    0.00    3.00    0.00    0.00    0.00    1.00
20:03:47      30   85.00    0.00   11.00    0.00    0.00    3.00    0.00    0.00    0.00    1.00
20:03:47      31   83.00    0.00   12.00    0.00    0.00    4.00    0.00    0.00    0.00    1.00

20:03:47     CPU    %usr   %nice    %sys %iowait    %irq   %soft  %steal  %guest  %gnice   %idle
20:03:48     all   59.27    0.00    6.52    0.00    0.00    1.94    0.00    0.00    0.00   32.27
20:03:48       0   61.62    0.00    7.07    0.00    0.00    1.01    0.00    0.00    0.00   30.30
20:03:48       1   62.11    0.00    3.16    0.00    0.00    2.11    0.00    0.00    0.00   32.63
20:03:48       2   56.70    0.00    4.12    0.00    0.00    2.06    0.00    0.00    0.00   37.11
20:03:48       3   54.55    0.00    7.07    0.00    0.00    2.02    0.00    0.00    0.00   36.36
20:03:48       4   59.60    0.00    7.07    0.00    0.00    2.02    0.00    0.00    0.00   31.31
20:03:48       5   58.59    0.00    9.09    0.00    0.00    1.01    0.00    0.00    0.00   31.31
20:03:48       6   56.00    0.00    7.00    0.00    0.00    1.00    0.00    0.00    0.00   36.00
20:03:48       7   56.38    0.00    4.26    0.00    0.00    2.13    0.00    0.00    0.00   37.23
20:03:48       8   35.71    0.00    4.08    0.00    0.00    0.00    0.00    0.00    0.00   60.20
20:03:48       9   36.63    0.00    3.96    0.00    0.00    0.99    0.00    0.00    0.00   58.42
20:03:48      10   35.87    0.00    2.17    0.00    0.00    0.00    0.00    0.00    0.00   61.96
20:03:48      11   34.34    0.00    4.04    0.00    0.00    2.02    0.00    0.00    0.00   59.60
20:03:48      12   37.00    0.00    2.00    0.00    0.00    1.00    0.00    0.00    0.00   60.00
20:03:48      13   31.25    0.00    2.08    0.00    0.00    1.04    0.00    0.00    0.00   65.62
20:03:48      14   41.41    0.00    5.05    0.00    0.00    0.00    0.00    0.00    0.00   53.54
20:03:48      15   39.22    0.00    5.88    0.00    0.00    1.96    0.00    0.00    0.00   52.94
20:03:48      16   63.00    0.00    4.00    0.00    0.00    1.00    0.00    0.00    0.00   32.00
20:03:48      17   60.40    0.00    5.94    0.00    0.00    1.98    0.00    0.00    0.00   31.68
20:03:48      18   54.26    0.00    7.45    0.00    0.00    0.00    0.00    0.00    0.00   38.30
20:03:48      19   51.61    0.00    6.45    0.00    0.00    4.30    0.00    0.00    0.00   37.63
20:03:48      20   60.82    0.00    4.12    0.00    0.00    1.03    0.00    0.00    0.00   34.02
20:03:48      21   62.24    0.00    4.08    0.00    0.00    1.02    0.00    0.00    0.00   32.65
20:03:48      22   57.14    0.00    5.10    0.00    0.00    1.02    0.00    0.00    0.00   36.73
20:03:48      23   54.64    0.00    6.19    0.00    0.00    1.03    0.00    0.00    0.00   38.14
20:03:48      24   81.82    0.00   12.12    0.00    0.00    4.04    0.00    0.00    0.00    2.02
20:03:48      25   83.00    0.00   11.00    0.00    0.00    5.00    0.00    0.00    0.00    1.00
20:03:48      26   82.35    0.00   11.76    0.00    0.00    3.92    0.00    0.00    0.00    1.96
20:03:48      27   85.86    0.00    9.09    0.00    0.00    4.04    0.00    0.00    0.00    1.01
20:03:48      28   84.00    0.00   11.00    0.00    0.00    3.00    0.00    0.00    0.00    2.00
20:03:48      29   86.00    0.00    9.00    0.00    0.00    3.00    0.00    0.00    0.00    2.00
20:03:48      30   84.85    0.00   10.10    0.00    0.00    4.04    0.00    0.00    0.00    1.01
20:03:48      31   83.84    0.00   12.12    0.00    0.00    3.03    0.00    0.00    0.00    1.01

20:03:48     CPU    %usr   %nice    %sys %iowait    %irq   %soft  %steal  %guest  %gnice   %idle
20:03:49     all   58.70    0.00    7.71    0.00    0.00    2.08    0.00    0.00    0.00   31.52
20:03:49       0   61.00    0.00    7.00    0.00    0.00    1.00    0.00    0.00    0.00   31.00
20:03:49       1   61.90    0.00    4.76    0.00    0.00    3.81    0.00    0.00    0.00   29.52
20:03:49       2   55.21    0.00    6.25    0.00    0.00    1.04    0.00    0.00    0.00   37.50
20:03:49       3   55.00    0.00    5.00    0.00    0.00    2.00    0.00    0.00    0.00   38.00
20:03:49       4   59.41    0.00    8.91    0.00    0.00    0.99    0.00    0.00    0.00   30.69
20:03:49       5   60.82    0.00    5.15    0.00    0.00    3.09    0.00    0.00    0.00   30.93
20:03:49       6   57.73    0.00    7.22    0.00    0.00    1.03    0.00    0.00    0.00   34.02
20:03:49       7   57.00    0.00   10.00    0.00    0.00    1.00    0.00    0.00    0.00   32.00
20:03:49       8   32.32    0.00    7.07    0.00    0.00    1.01    0.00    0.00    0.00   59.60
20:03:49       9   34.34    0.00    5.05    0.00    0.00    1.01    0.00    0.00    0.00   59.60
20:03:49      10   45.45    0.00    4.04    0.00    0.00    1.01    0.00    0.00    0.00   49.49
20:03:49      11   39.80    0.00    6.12    0.00    0.00    2.04    0.00    0.00    0.00   52.04
20:03:49      12   37.86    0.00    5.83    0.00    0.00    0.97    0.00    0.00    0.00   55.34
20:03:49      13   37.89    0.00    2.11    0.00    0.00    1.05    0.00    0.00    0.00   58.95
20:03:49      14   33.33    0.00    3.03    0.00    0.00    0.00    0.00    0.00    0.00   63.64
20:03:49      15   29.29    0.00    5.05    0.00    0.00    1.01    0.00    0.00    0.00   64.65
20:03:49      16   62.50    0.00    5.77    0.00    0.00    1.92    0.00    0.00    0.00   29.81
20:03:49      17   52.53    0.00   14.14    0.00    0.00    2.02    0.00    0.00    0.00   31.31
20:03:49      18   53.68    0.00    5.26    0.00    0.00    1.05    0.00    0.00    0.00   40.00
20:03:49      19   54.00    0.00    7.00    0.00    0.00    1.00    0.00    0.00    0.00   38.00
20:03:49      20   59.60    0.00    5.05    0.00    0.00    3.03    0.00    0.00    0.00   32.32
20:03:49      21   58.16    0.00    7.14    0.00    0.00    1.02    0.00    0.00    0.00   33.67
20:03:49      22   55.67    0.00    7.22    0.00    0.00    1.03    0.00    0.00    0.00   36.08
20:03:49      23   60.20    0.00    4.08    0.00    0.00    1.02    0.00    0.00    0.00   34.69
20:03:49      24   84.85    0.00   10.10    0.00    0.00    4.04    0.00    0.00    0.00    1.01
20:03:49      25   83.00    0.00   10.00    0.00    0.00    6.00    0.00    0.00    0.00    1.00
20:03:49      26   85.86    0.00   11.11    0.00    0.00    2.02    0.00    0.00    0.00    1.01
20:03:49      27   81.19    0.00   13.86    0.00    0.00    2.97    0.00    0.00    0.00    1.98
20:03:49      28   81.19    0.00   13.86    0.00    0.00    3.96    0.00    0.00    0.00    0.99
20:03:49      29   83.00    0.00   12.00    0.00    0.00    4.00    0.00    0.00    0.00    1.00
20:03:49      30   81.19    0.00   12.87    0.00    0.00    4.95    0.00    0.00    0.00    0.99
20:03:49      31   80.20    0.00   13.86    0.00    0.00    3.96    0.00    0.00    0.00    1.98

20:03:49     CPU    %usr   %nice    %sys %iowait    %irq   %soft  %steal  %guest  %gnice   %idle
20:03:50     all   57.87    0.00    7.76    0.00    0.00    2.32    0.00    0.00    0.00   32.05
20:03:50       0   58.16    0.00    5.10    0.00    0.00    2.04    0.00    0.00    0.00   34.69
20:03:50       1   57.14    0.00    6.12    0.00    0.00    3.06    0.00    0.00    0.00   33.67
20:03:50       2   53.68    0.00    8.42    0.00    0.00    3.16    0.00    0.00    0.00   34.74
20:03:50       3   58.33    0.00    6.25    0.00    0.00    2.08    0.00    0.00    0.00   33.33
20:03:50       4   53.06    0.00    9.18    0.00    0.00    2.04    0.00    0.00    0.00   35.71
20:03:50       5   52.58    0.00   10.31    0.00    0.00    0.00    0.00    0.00    0.00   37.11
20:03:50       6   59.79    0.00    7.22    0.00    0.00    1.03    0.00    0.00    0.00   31.96
20:03:50       7   61.05    0.00    6.32    0.00    0.00    2.11    0.00    0.00    0.00   30.53
20:03:50       8   30.61    0.00    6.12    0.00    0.00    3.06    0.00    0.00    0.00   60.20
20:03:50       9   33.66    0.00    4.95    0.00    0.00    0.99    0.00    0.00    0.00   60.40
20:03:50      10   32.29    0.00    4.17    0.00    0.00    1.04    0.00    0.00    0.00   62.50
20:03:50      11   32.99    0.00    2.06    0.00    0.00    2.06    0.00    0.00    0.00   62.89
20:03:50      12   41.41    0.00    5.05    0.00    0.00    1.01    0.00    0.00    0.00   52.53
20:03:50      13   40.21    0.00    4.12    0.00    0.00    1.03    0.00    0.00    0.00   54.64
20:03:50      14   35.64    0.00    3.96    0.00    0.00    1.98    0.00    0.00    0.00   58.42
20:03:50      15   35.85    0.00    5.66    0.00    0.00    1.89    0.00    0.00    0.00   56.60
20:03:50      16   57.58    0.00    9.09    0.00    0.00    1.01    0.00    0.00    0.00   32.32
20:03:50      17   59.79    0.00    7.22    0.00    0.00    0.00    0.00    0.00    0.00   32.99
20:03:50      18   60.82    0.00    3.09    0.00    0.00    2.06    0.00    0.00    0.00   34.02
20:03:50      19   52.75    0.00    8.79    0.00    0.00    1.10    0.00    0.00    0.00   37.36
20:03:50      20   54.08    0.00    6.12    0.00    0.00    2.04    0.00    0.00    0.00   37.76
20:03:50      21   56.57    0.00    5.05    0.00    0.00    3.03    0.00    0.00    0.00   35.35
20:03:50      22   59.34    0.00    4.40    0.00    0.00    1.10    0.00    0.00    0.00   35.16
20:03:50      23   57.14    0.00   10.20    0.00    0.00    0.00    0.00    0.00    0.00   32.65
20:03:50      24   80.20    0.00   11.88    0.00    0.00    6.93    0.00    0.00    0.00    0.99
20:03:50      25   88.12    0.00    8.91    0.00    0.00    0.99    0.00    0.00    0.00    1.98
20:03:50      26   82.00    0.00   10.00    0.00    0.00    6.00    0.00    0.00    0.00    2.00
20:03:50      27   80.00    0.00   15.00    0.00    0.00    4.00    0.00    0.00    0.00    1.00
20:03:50      28   80.20    0.00   14.85    0.00    0.00    2.97    0.00    0.00    0.00    1.98
20:03:50      29   82.18    0.00   12.87    0.00    0.00    3.96    0.00    0.00    0.00    0.99
20:03:50      30   82.00    0.00   13.00    0.00    0.00    3.00    0.00    0.00    0.00    2.00
20:03:50      31   79.41    0.00   11.76    0.00    0.00    6.86    0.00    0.00    0.00    1.96

20:03:50     CPU    %usr   %nice    %sys %iowait    %irq   %soft  %steal  %guest  %gnice   %idle
20:03:51     all   59.29    0.00    6.87    0.00    0.00    1.88    0.00    0.00    0.00   31.95
20:03:51       0   58.25    0.00    8.74    0.00    0.00    0.97    0.00    0.00    0.00   32.04
20:03:51       1   57.61    0.00    6.52    0.00    0.00    1.09    0.00    0.00    0.00   34.78
20:03:51       2   59.18    0.00    5.10    0.00    0.00    2.04    0.00    0.00    0.00   33.67
20:03:51       3   57.43    0.00    6.93    0.00    0.00    1.98    0.00    0.00    0.00   33.66
20:03:51       4   57.73    0.00    6.19    0.00    0.00    1.03    0.00    0.00    0.00   35.05
20:03:51       5   55.32    0.00    7.45    0.00    0.00    0.00    0.00    0.00    0.00   37.23
20:03:51       6   56.84    0.00    3.16    0.00    0.00    2.11    0.00    0.00    0.00   37.89
20:03:51       7   60.00    0.00    5.00    0.00    0.00    1.00    0.00    0.00    0.00   34.00
20:03:51       8   33.33    0.00    3.03    0.00    0.00    0.00    0.00    0.00    0.00   63.64
20:03:51       9   32.29    0.00    3.12    0.00    0.00    1.04    0.00    0.00    0.00   63.54
20:03:51      10   34.34    0.00    6.06    0.00    0.00    1.01    0.00    0.00    0.00   58.59
20:03:51      11   36.84    0.00    3.16    0.00    0.00    0.00    0.00    0.00    0.00   60.00
20:03:51      12   40.22    0.00    1.09    0.00    0.00    0.00    0.00    0.00    0.00   58.70
20:03:51      13   38.14    0.00    5.15    0.00    0.00    0.00    0.00    0.00    0.00   56.70
20:03:51      14   45.92    0.00    2.04    0.00    0.00    2.04    0.00    0.00    0.00   50.00
20:03:51      15   40.82    0.00    6.12    0.00    0.00    0.00    0.00    0.00    0.00   53.06
20:03:51      16   56.00    0.00    7.00    0.00    0.00    3.00    0.00    0.00    0.00   34.00
20:03:51      17   57.28    0.00    5.83    0.00    0.00    3.88    0.00    0.00    0.00   33.01
20:03:51      18   55.67    0.00    9.28    0.00    0.00    1.03    0.00    0.00    0.00   34.02
20:03:51      19   58.82    0.00    4.90    0.00    0.00    2.94    0.00    0.00    0.00   33.33
20:03:51      20   56.25    0.00    5.21    0.00    0.00    2.08    0.00    0.00    0.00   36.46
20:03:51      21   58.25    0.00    6.80    0.00    0.00    0.97    0.00    0.00    0.00   33.98
20:03:51      22   57.29    0.00    6.25    0.00    0.00    0.00    0.00    0.00    0.00   36.46
20:03:51      23   55.79    0.00    7.37    0.00    0.00    1.05    0.00    0.00    0.00   35.79
20:03:51      24   87.00    0.00    9.00    0.00    0.00    2.00    0.00    0.00    0.00    2.00
20:03:51      25   86.87    0.00    9.09    0.00    0.00    3.03    0.00    0.00    0.00    1.01
20:03:51      26   82.83    0.00   11.11    0.00    0.00    5.05    0.00    0.00    0.00    1.01
20:03:51      27   84.00    0.00   13.00    0.00    0.00    2.00    0.00    0.00    0.00    1.00
20:03:51      28   85.00    0.00   10.00    0.00    0.00    4.00    0.00    0.00    0.00    1.00
20:03:51      29   79.00    0.00   13.00    0.00    0.00    6.00    0.00    0.00    0.00    2.00
20:03:51      30   87.00    0.00    8.00    0.00    0.00    4.00    0.00    0.00    0.00    1.00
20:03:51      31   80.61    0.00   14.29    0.00    0.00    4.08    0.00    0.00    0.00    1.02

20:03:51     CPU    %usr   %nice    %sys %iowait    %irq   %soft  %steal  %guest  %gnice   %idle
20:03:52     all   59.99    0.00    6.87    0.00    0.00    1.77    0.00    0.00    0.00   31.37
20:03:52       0   57.73    0.00    6.19    0.00    0.00    1.03    0.00    0.00    0.00   35.05
20:03:52       1   55.32    0.00    7.45    0.00    0.00    1.06    0.00    0.00    0.00   36.17
20:03:52       2   59.05    0.00    7.62    0.00    0.00    0.95    0.00    0.00    0.00   32.38
20:03:52       3   59.80    0.00    6.86    0.00    0.00    1.96    0.00    0.00    0.00   31.37
20:03:52       4   58.33    0.00    5.21    0.00    0.00    1.04    0.00    0.00    0.00   35.42
20:03:52       5   60.40    0.00    4.95    0.00    0.00    1.98    0.00    0.00    0.00   32.67
20:03:52       6   60.61    0.00    6.06    0.00    0.00    1.01    0.00    0.00    0.00   32.32
20:03:52       7   59.41    0.00    6.93    0.00    0.00    0.99    0.00    0.00    0.00   32.67
20:03:52       8   39.58    0.00    4.17    0.00    0.00    1.04    0.00    0.00    0.00   55.21
20:03:52       9   40.40    0.00    2.02    0.00    0.00    1.01    0.00    0.00    0.00   56.57
20:03:52      10   41.84    0.00    2.04    0.00    0.00    1.02    0.00    0.00    0.00   55.10
20:03:52      11   38.54    0.00    4.17    0.00    0.00    1.04    0.00    0.00    0.00   56.25
20:03:52      12   33.33    0.00    3.12    0.00    0.00    1.04    0.00    0.00    0.00   62.50
20:03:52      13   37.25    0.00    3.92    0.00    0.00    1.96    0.00    0.00    0.00   56.86
20:03:52      14   31.58    0.00    4.21    0.00    0.00    1.05    0.00    0.00    0.00   63.16
20:03:52      15   35.71    0.00    3.06    0.00    0.00    1.02    0.00    0.00    0.00   60.20
20:03:52      16   57.84    0.00    5.88    0.00    0.00    1.96    0.00    0.00    0.00   34.31
20:03:52      17   58.59    0.00    7.07    0.00    0.00    2.02    0.00    0.00    0.00   32.32
20:03:52      18   59.00    0.00    6.00    0.00    0.00    1.00    0.00    0.00    0.00   34.00
20:03:52      19   62.14    0.00    5.83    0.00    0.00    0.97    0.00    0.00    0.00   31.07
20:03:52      20   55.56    0.00   10.10    0.00    0.00    0.00    0.00    0.00    0.00   34.34
20:03:52      21   58.59    0.00    5.05    0.00    0.00    2.02    0.00    0.00    0.00   34.34
20:03:52      22   58.16    0.00    6.12    0.00    0.00    2.04    0.00    0.00    0.00   33.67
20:03:52      23   59.38    0.00    4.17    0.00    0.00    2.08    0.00    0.00    0.00   34.38
20:03:52      24   81.00    0.00   13.00    0.00    0.00    5.00    0.00    0.00    0.00    1.00
20:03:52      25   86.00    0.00   10.00    0.00    0.00    3.00    0.00    0.00    0.00    1.00
20:03:52      26   83.84    0.00   13.13    0.00    0.00    2.02    0.00    0.00    0.00    1.01
20:03:52      27   88.00    0.00    9.00    0.00    0.00    2.00    0.00    0.00    0.00    1.00
20:03:52      28   84.16    0.00   10.89    0.00    0.00    3.96    0.00    0.00    0.00    0.99
20:03:52      29   83.00    0.00   13.00    0.00    0.00    3.00    0.00    0.00    0.00    1.00
20:03:52      30   85.15    0.00   10.89    0.00    0.00    2.97    0.00    0.00    0.00    0.99
20:03:52      31   85.00    0.00   11.00    0.00    0.00    3.00    0.00    0.00    0.00    1.00

20:03:52     CPU    %usr   %nice    %sys %iowait    %irq   %soft  %steal  %guest  %gnice   %idle
20:03:53     all   59.10    0.00    7.79    0.00    0.00    1.76    0.00    0.00    0.00   31.35
20:03:53       0   58.59    0.00    8.08    0.00    0.00    1.01    0.00    0.00    0.00   32.32
20:03:53       1   56.12    0.00    6.12    0.00    0.00    3.06    0.00    0.00    0.00   34.69
20:03:53       2   54.84    0.00    7.53    0.00    0.00    2.15    0.00    0.00    0.00   35.48
20:03:53       3   62.38    0.00    3.96    0.00    0.00    0.99    0.00    0.00    0.00   32.67
20:03:53       4   59.18    0.00    6.12    0.00    0.00    2.04    0.00    0.00    0.00   32.65
20:03:53       5   54.00    0.00   11.00    0.00    0.00    1.00    0.00    0.00    0.00   34.00
20:03:53       6   60.20    0.00    5.10    0.00    0.00    0.00    0.00    0.00    0.00   34.69
20:03:53       7   57.84    0.00    5.88    0.00    0.00    0.98    0.00    0.00    0.00   35.29
20:03:53       8   37.37    0.00    5.05    0.00    0.00    0.00    0.00    0.00    0.00   57.58
20:03:53       9   36.36    0.00    2.02    0.00    0.00    1.01    0.00    0.00    0.00   60.61
20:03:53      10   37.00    0.00    4.00    0.00    0.00    1.00    0.00    0.00    0.00   58.00
20:03:53      11   34.02    0.00    4.12    0.00    0.00    2.06    0.00    0.00    0.00   59.79
20:03:53      12   37.76    0.00    3.06    0.00    0.00    1.02    0.00    0.00    0.00   58.16
20:03:53      13   38.78    0.00    3.06    0.00    0.00    2.04    0.00    0.00    0.00   56.12
20:03:53      14   40.00    0.00    2.00    0.00    0.00    1.00    0.00    0.00    0.00   57.00
20:03:53      15   40.82    0.00    3.06    0.00    0.00    1.02    0.00    0.00    0.00   55.10
20:03:53      16   60.20    0.00    5.10    0.00    0.00    1.02    0.00    0.00    0.00   33.67
20:03:53      17   58.16    0.00    6.12    0.00    0.00    2.04    0.00    0.00    0.00   33.67
20:03:53      18   56.57    0.00    7.07    0.00    0.00    3.03    0.00    0.00    0.00   33.33
20:03:53      19   55.45    0.00    9.90    0.00    0.00    1.98    0.00    0.00    0.00   32.67
20:03:53      20   59.00    0.00    7.00    0.00    0.00    1.00    0.00    0.00    0.00   33.00
20:03:53      21   58.25    0.00    8.74    0.00    0.00    0.97    0.00    0.00    0.00   32.04
20:03:53      22   56.00    0.00   10.00    0.00    0.00    1.00    0.00    0.00    0.00   33.00
20:03:53      23   57.14    0.00    6.67    0.00    0.00    2.86    0.00    0.00    0.00   33.33
20:03:53      24   83.84    0.00   12.12    0.00    0.00    3.03    0.00    0.00    0.00    1.01
20:03:53      25   85.15    0.00   10.89    0.00    0.00    2.97    0.00    0.00    0.00    0.99
20:03:53      26   81.19    0.00   14.85    0.00    0.00    2.97    0.00    0.00    0.00    0.99
20:03:53      27   79.21    0.00   16.83    0.00    0.00    2.97    0.00    0.00    0.00    0.99
20:03:53      28   85.00    0.00   13.00    0.00    0.00    1.00    0.00    0.00    0.00    1.00
20:03:53      29   80.20    0.00   15.84    0.00    0.00    2.97    0.00    0.00    0.00    0.99
20:03:53      30   84.85    0.00   11.11    0.00    0.00    3.03    0.00    0.00    0.00    1.01
20:03:53      31   82.83    0.00   13.13    0.00    0.00    3.03    0.00    0.00    0.00    1.01

20:03:53     CPU    %usr   %nice    %sys %iowait    %irq   %soft  %steal  %guest  %gnice   %idle
20:03:54     all   59.69    0.00    6.59    0.00    0.00    1.62    0.00    0.00    0.00   32.10
20:03:54       0   56.70    0.00    7.22    0.00    0.00    2.06    0.00    0.00    0.00   34.02
20:03:54       1   56.57    0.00    8.08    0.00    0.00    2.02    0.00    0.00    0.00   33.33
20:03:54       2   61.62    0.00    5.05    0.00    0.00    1.01    0.00    0.00    0.00   32.32
20:03:54       3   60.00    0.00    6.32    0.00    0.00    1.05    0.00    0.00    0.00   32.63
20:03:54       4   55.00    0.00    8.00    0.00    0.00    3.00    0.00    0.00    0.00   34.00
20:03:54       5   57.84    0.00    8.82    0.00    0.00    0.98    0.00    0.00    0.00   32.35
20:03:54       6   55.79    0.00    7.37    0.00    0.00    2.11    0.00    0.00    0.00   34.74
20:03:54       7   55.32    0.00    8.51    0.00    0.00    0.00    0.00    0.00    0.00   36.17
20:03:54       8   32.63    0.00    3.16    0.00    0.00    2.11    0.00    0.00    0.00   62.11
20:03:54       9   42.16    0.00    2.94    0.00    0.00    0.00    0.00    0.00    0.00   54.90
20:03:54      10   40.82    0.00    2.04    0.00    0.00    1.02    0.00    0.00    0.00   56.12
20:03:54      11   37.89    0.00    3.16    0.00    0.00    0.00    0.00    0.00    0.00   58.95
20:03:54      12   36.73    0.00    1.02    0.00    0.00    0.00    0.00    0.00    0.00   62.24
20:03:54      13   34.69    0.00    2.04    0.00    0.00    0.00    0.00    0.00    0.00   63.27
20:03:54      14   36.08    0.00    4.12    0.00    0.00    0.00    0.00    0.00    0.00   59.79
20:03:54      15   34.65    0.00    4.95    0.00    0.00    0.99    0.00    0.00    0.00   59.41
20:03:54      16   55.06    0.00    6.74    0.00    0.00    1.12    0.00    0.00    0.00   37.08
20:03:54      17   61.22    0.00    4.08    0.00    0.00    2.04    0.00    0.00    0.00   32.65
20:03:54      18   59.60    0.00    5.05    0.00    0.00    2.02    0.00    0.00    0.00   33.33
20:03:54      19   63.27    0.00    5.10    0.00    0.00    0.00    0.00    0.00    0.00   31.63
20:03:54      20   56.57    0.00    9.09    0.00    0.00    1.01    0.00    0.00    0.00   33.33
20:03:54      21   57.14    0.00    7.14    0.00    0.00    1.02    0.00    0.00    0.00   34.69
20:03:54      22   58.59    0.00    5.05    0.00    0.00    1.01    0.00    0.00    0.00   35.35
20:03:54      23   56.12    0.00    8.16    0.00    0.00    2.04    0.00    0.00    0.00   33.67
20:03:54      24   87.00    0.00    8.00    0.00    0.00    3.00    0.00    0.00    0.00    2.00
20:03:54      25   87.88    0.00    8.08    0.00    0.00    2.02    0.00    0.00    0.00    2.02
20:03:54      26   83.00    0.00   14.00    0.00    0.00    2.00    0.00    0.00    0.00    1.00
20:03:54      27   87.00    0.00    9.00    0.00    0.00    2.00    0.00    0.00    0.00    2.00
20:03:54      28   83.67    0.00   10.20    0.00    0.00    4.08    0.00    0.00    0.00    2.04
20:03:54      29   84.00    0.00   10.00    0.00    0.00    4.00    0.00    0.00    0.00    2.00
20:03:54      30   84.31    0.00    9.80    0.00    0.00    3.92    0.00    0.00    0.00    1.96
20:03:54      31   86.14    0.00    7.92    0.00    0.00    3.96    0.00    0.00    0.00    1.98

20:03:54     CPU    %usr   %nice    %sys %iowait    %irq   %soft  %steal  %guest  %gnice   %idle
20:03:55     all   59.66    0.00    6.93    0.00    0.00    1.96    0.00    0.00    0.00   31.44
20:03:55       0   56.44    0.00    7.92    0.00    0.00    2.97    0.00    0.00    0.00   32.67
20:03:55       1   61.39    0.00    2.97    0.00    0.00    2.97    0.00    0.00    0.00   32.67
20:03:55       2   60.82    0.00    5.15    0.00    0.00    2.06    0.00    0.00    0.00   31.96
20:03:55       3   59.60    0.00    5.05    0.00    0.00    1.01    0.00    0.00    0.00   34.34
20:03:55       4   58.59    0.00    6.06    0.00    0.00    2.02    0.00    0.00    0.00   33.33
20:03:55       5   58.95    0.00    6.32    0.00    0.00    2.11    0.00    0.00    0.00   32.63
20:03:55       6   57.58    0.00    7.07    0.00    0.00    2.02    0.00    0.00    0.00   33.33
20:03:55       7   57.89    0.00    5.26    0.00    0.00    2.11    0.00    0.00    0.00   34.74
20:03:55       8   36.96    0.00    2.17    0.00    0.00    0.00    0.00    0.00    0.00   60.87
20:03:55       9   40.00    0.00    5.71    0.00    0.00    0.00    0.00    0.00    0.00   54.29
20:03:55      10   38.24    0.00    2.94    0.00    0.00    0.98    0.00    0.00    0.00   57.84
20:03:55      11   32.29    0.00    4.17    0.00    0.00    1.04    0.00    0.00    0.00   62.50
20:03:55      12   40.40    0.00    4.04    0.00    0.00    1.01    0.00    0.00    0.00   54.55
20:03:55      13   43.69    0.00    4.85    0.00    0.00    1.94    0.00    0.00    0.00   49.51
20:03:55      14   34.34    0.00    3.03    0.00    0.00    1.01    0.00    0.00    0.00   61.62
20:03:55      15   35.71    0.00    3.06    0.00    0.00    0.00    0.00    0.00    0.00   61.22
20:03:55      16   55.00    0.00   10.00    0.00    0.00    2.00    0.00    0.00    0.00   33.00
20:03:55      17   54.55    0.00   10.10    0.00    0.00    1.01    0.00    0.00    0.00   34.34
20:03:55      18   55.21    0.00    8.33    0.00    0.00    1.04    0.00    0.00    0.00   35.42
20:03:55      19   54.35    0.00    9.78    0.00    0.00    1.09    0.00    0.00    0.00   34.78
20:03:55      20   58.16    0.00    6.12    0.00    0.00    2.04    0.00    0.00    0.00   33.67
20:03:55      21   60.61    0.00    7.07    0.00    0.00    0.00    0.00    0.00    0.00   32.32
20:03:55      22   57.61    0.00    5.43    0.00    0.00    0.00    0.00    0.00    0.00   36.96
20:03:55      23   60.61    0.00    4.04    0.00    0.00    2.02    0.00    0.00    0.00   33.33
20:03:55      24   86.14    0.00    8.91    0.00    0.00    3.96    0.00    0.00    0.00    0.99
20:03:55      25   86.14    0.00    8.91    0.00    0.00    3.96    0.00    0.00    0.00    0.99
20:03:55      26   82.00    0.00   13.00    0.00    0.00    4.00    0.00    0.00    0.00    1.00
20:03:55      27   81.00    0.00   13.00    0.00    0.00    5.00    0.00    0.00    0.00    1.00
20:03:55      28   84.31    0.00    9.80    0.00    0.00    3.92    0.00    0.00    0.00    1.96
20:03:55      29   86.00    0.00   11.00    0.00    0.00    2.00    0.00    0.00    0.00    1.00
20:03:55      30   82.83    0.00   11.11    0.00    0.00    5.05    0.00    0.00    0.00    1.01
20:03:55      31   88.00    0.00    9.00    0.00    0.00    2.00    0.00    0.00    0.00    1.00

20:03:55     CPU    %usr   %nice    %sys %iowait    %irq   %soft  %steal  %guest  %gnice   %idle
20:03:56     all   59.01    0.00    7.30    0.00    0.00    2.46    0.00    0.00    0.00   31.23
20:03:56       0   59.38    0.00    7.29    0.00    0.00    1.04    0.00    0.00    0.00   32.29
20:03:56       1   56.67    0.00    6.67    0.00    0.00    1.11    0.00    0.00    0.00   35.56
20:03:56       2   57.43    0.00    7.92    0.00    0.00    2.97    0.00    0.00    0.00   31.68
20:03:56       3   56.86    0.00    6.86    0.00    0.00    2.94    0.00    0.00    0.00   33.33
20:03:56       4   57.00    0.00    8.00    0.00    0.00    2.00    0.00    0.00    0.00   33.00
20:03:56       5   56.57    0.00    6.06    0.00    0.00    2.02    0.00    0.00    0.00   35.35
20:03:56       6   56.12    0.00    8.16    0.00    0.00    2.04    0.00    0.00    0.00   33.67
20:03:56       7   56.70    0.00    6.19    0.00    0.00    2.06    0.00    0.00    0.00   35.05
20:03:56       8   33.66    0.00    4.95    0.00    0.00    0.99    0.00    0.00    0.00   60.40
20:03:56       9   36.36    0.00    1.01    0.00    0.00    1.01    0.00    0.00    0.00   61.62
20:03:56      10   31.18    0.00    3.23    0.00    0.00    0.00    0.00    0.00    0.00   65.59
20:03:56      11   34.34    0.00    3.03    0.00    0.00    1.01    0.00    0.00    0.00   61.62
20:03:56      12   44.76    0.00    2.86    0.00    0.00    0.95    0.00    0.00    0.00   51.43
20:03:56      13   35.71    0.00    7.14    0.00    0.00    1.02    0.00    0.00    0.00   56.12
20:03:56      14   38.78    0.00    6.12    0.00    0.00    1.02    0.00    0.00    0.00   54.08
20:03:56      15   40.40    0.00    3.03    0.00    0.00    2.02    0.00    0.00    0.00   54.55
20:03:56      16   57.29    0.00    6.25    0.00    0.00    2.08    0.00    0.00    0.00   34.38
20:03:56      17   59.41    0.00    8.91    0.00    0.00    0.99    0.00    0.00    0.00   30.69
20:03:56      18   55.56    0.00    8.08    0.00    0.00    4.04    0.00    0.00    0.00   32.32
20:03:56      19   62.14    0.00    4.85    0.00    0.00    1.94    0.00    0.00    0.00   31.07
20:03:56      20   56.44    0.00    7.92    0.00    0.00    1.98    0.00    0.00    0.00   33.66
20:03:56      21   59.41    0.00    5.94    0.00    0.00    1.98    0.00    0.00    0.00   32.67
20:03:56      22   60.64    0.00    4.26    0.00    0.00    2.13    0.00    0.00    0.00   32.98
20:03:56      23   57.84    0.00    5.88    0.00    0.00    1.96    0.00    0.00    0.00   34.31
20:03:56      24   85.15    0.00    9.90    0.00    0.00    3.96    0.00    0.00    0.00    0.99
20:03:56      25   82.18    0.00   10.89    0.00    0.00    5.94    0.00    0.00    0.00    0.99
20:03:56      26   84.16    0.00   10.89    0.00    0.00    3.96    0.00    0.00    0.00    0.99
20:03:56      27   80.39    0.00   12.75    0.00    0.00    5.88    0.00    0.00    0.00    0.98
20:03:56      28   81.00    0.00   13.00    0.00    0.00    5.00    0.00    0.00    0.00    1.00
20:03:56      29   82.00    0.00   13.00    0.00    0.00    4.00    0.00    0.00    0.00    1.00
20:03:56      30   82.00    0.00   12.00    0.00    0.00    5.00    0.00    0.00    0.00    1.00
20:03:56      31   86.87    0.00   10.10    0.00    0.00    3.03    0.00    0.00    0.00    0.00

20:03:56     CPU    %usr   %nice    %sys %iowait    %irq   %soft  %steal  %guest  %gnice   %idle
20:03:57     all   60.19    0.00    7.09    0.06    0.00    1.65    0.00    0.00    0.00   31.01
20:03:57       0   57.73    0.00    6.19    0.00    0.00    2.06    0.00    0.00    0.00   34.02
20:03:57       1   57.84    0.00    7.84    0.00    0.00    1.96    0.00    0.00    0.00   32.35
20:03:57       2   56.44    0.00    6.93    0.00    0.00    0.99    0.00    0.00    0.00   35.64
20:03:57       3   58.33    0.00    7.29    0.00    0.00    1.04    0.00    0.00    0.00   33.33
20:03:57       4   59.79    0.00    6.19    0.00    0.00    2.06    0.00    0.00    0.00   31.96
20:03:57       5   63.27    0.00    6.12    0.00    0.00    0.00    0.00    0.00    0.00   30.61
20:03:57       6   59.80    0.00    5.88    0.00    0.00    1.96    0.00    0.00    0.00   32.35
20:03:57       7   61.22    0.00    5.10    0.00    0.00    2.04    0.00    0.00    0.00   31.63
20:03:57       8   38.04    0.00    5.43    0.00    0.00    0.00    0.00    0.00    0.00   56.52
20:03:57       9   40.59    0.00    4.95    0.00    0.00    0.99    0.00    0.00    0.00   53.47
20:03:57      10   33.66    0.00    5.94    0.00    0.00    0.99    0.00    0.00    0.00   59.41
20:03:57      11   30.53    0.00    3.16    1.05    0.00    1.05    0.00    0.00    0.00   64.21
20:03:57      12   37.00    0.00    5.00    0.00    0.00    0.00    0.00    0.00    0.00   58.00
20:03:57      13   37.37    0.00    2.02    1.01    0.00    1.01    0.00    0.00    0.00   58.59
20:03:57      14   36.73    0.00    2.04    0.00    0.00    2.04    0.00    0.00    0.00   59.18
20:03:57      15   35.42    0.00    2.08    0.00    0.00    2.08    0.00    0.00    0.00   60.42
20:03:57      16   58.25    0.00    8.74    0.00    0.00    0.97    0.00    0.00    0.00   32.04
20:03:57      17   58.16    0.00    7.14    0.00    0.00    1.02    0.00    0.00    0.00   33.67
20:03:57      18   56.38    0.00    6.38    0.00    0.00    1.06    0.00    0.00    0.00   36.17
20:03:57      19   60.38    0.00    6.60    0.00    0.00    0.94    0.00    0.00    0.00   32.08
20:03:57      20   60.78    0.00    8.82    0.00    0.00    1.96    0.00    0.00    0.00   28.43
20:03:57      21   65.98    0.00    3.09    0.00    0.00    0.00    0.00    0.00    0.00   30.93
20:03:57      22   58.95    0.00    8.42    0.00    0.00    0.00    0.00    0.00    0.00   32.63
20:03:57      23   57.73    0.00   10.31    0.00    0.00    0.00    0.00    0.00    0.00   31.96
20:03:57      24   89.90    0.00    9.09    0.00    0.00    1.01    0.00    0.00    0.00    0.00
20:03:57      25   84.00    0.00   11.00    0.00    0.00    4.00    0.00    0.00    0.00    1.00
20:03:57      26   82.00    0.00   12.00    0.00    0.00    5.00    0.00    0.00    0.00    1.00
20:03:57      27   84.69    0.00   10.20    0.00    0.00    4.08    0.00    0.00    0.00    1.02
20:03:57      28   86.87    0.00   11.11    0.00    0.00    2.02    0.00    0.00    0.00    0.00
20:03:57      29   85.15    0.00    9.90    0.00    0.00    2.97    0.00    0.00    0.00    1.98
20:03:57      30   83.00    0.00   12.00    0.00    0.00    4.00    0.00    0.00    0.00    1.00
20:03:57      31   86.73    0.00    9.18    0.00    0.00    3.06    0.00    0.00    0.00    1.02

20:03:57     CPU    %usr   %nice    %sys %iowait    %irq   %soft  %steal  %guest  %gnice   %idle
20:03:58     all   59.76    0.00    6.56    0.00    0.00    1.91    0.00    0.00    0.00   31.76
20:03:58       0   57.43    0.00    5.94    0.00    0.00    2.97    0.00    0.00    0.00   33.66
20:03:58       1   59.00    0.00    7.00    0.00    0.00    1.00    0.00    0.00    0.00   33.00
20:03:58       2   61.76    0.00    6.86    0.00    0.00    0.98    0.00    0.00    0.00   30.39
20:03:58       3   63.46    0.00    3.85    0.00    0.00    1.92    0.00    0.00    0.00   30.77
20:03:58       4   63.92    0.00    5.15    0.00    0.00    0.00    0.00    0.00    0.00   30.93
20:03:58       5   58.16    0.00    6.12    0.00    0.00    3.06    0.00    0.00    0.00   32.65
20:03:58       6   55.79    0.00    4.21    0.00    0.00    2.11    0.00    0.00    0.00   37.89
20:03:58       7   55.56    0.00    8.08    0.00    0.00    1.01    0.00    0.00    0.00   35.35
20:03:58       8   36.08    0.00    2.06    0.00    0.00    0.00    0.00    0.00    0.00   61.86
20:03:58       9   35.35    0.00    3.03    0.00    0.00    0.00    0.00    0.00    0.00   61.62
20:03:58      10   38.38    0.00    4.04    0.00    0.00    0.00    0.00    0.00    0.00   57.58
20:03:58      11   38.14    0.00    3.09    0.00    0.00    1.03    0.00    0.00    0.00   57.73
20:03:58      12   34.41    0.00    3.23    0.00    0.00    0.00    0.00    0.00    0.00   62.37
20:03:58      13   36.46    0.00    3.12    0.00    0.00    0.00    0.00    0.00    0.00   60.42
20:03:58      14   35.56    0.00    3.33    0.00    0.00    0.00    0.00    0.00    0.00   61.11
20:03:58      15   36.17    0.00    4.26    0.00    0.00    1.06    0.00    0.00    0.00   58.51
20:03:58      16   57.14    0.00    7.14    0.00    0.00    1.02    0.00    0.00    0.00   34.69
20:03:58      17   55.79    0.00    6.32    0.00    0.00    3.16    0.00    0.00    0.00   34.74
20:03:58      18   62.75    0.00    5.88    0.00    0.00    0.98    0.00    0.00    0.00   30.39
20:03:58      19   59.34    0.00    6.59    0.00    0.00    1.10    0.00    0.00    0.00   32.97
20:03:58      20   60.78    0.00    5.88    0.00    0.00    1.96    0.00    0.00    0.00   31.37
20:03:58      21   59.57    0.00    5.32    0.00    0.00    2.13    0.00    0.00    0.00   32.98
20:03:58      22   53.54    0.00    8.08    0.00    0.00    1.01    0.00    0.00    0.00   37.37
20:03:58      23   54.74    0.00    6.32    0.00    0.00    2.11    0.00    0.00    0.00   36.84
20:03:58      24   84.31    0.00    9.80    0.00    0.00    3.92    0.00    0.00    0.00    1.96
20:03:58      25   84.85    0.00   12.12    0.00    0.00    2.02    0.00    0.00    0.00    1.01
20:03:58      26   86.87    0.00    8.08    0.00    0.00    4.04    0.00    0.00    0.00    1.01
20:03:58      27   84.16    0.00    8.91    0.00    0.00    5.94    0.00    0.00    0.00    0.99
20:03:58      28   83.00    0.00   11.00    0.00    0.00    4.00    0.00    0.00    0.00    2.00
20:03:58      29   87.00    0.00    9.00    0.00    0.00    3.00    0.00    0.00    0.00    1.00
20:03:58      30   79.00    0.00   14.00    0.00    0.00    6.00    0.00    0.00    0.00    1.00
20:03:58      31   84.16    0.00   10.89    0.00    0.00    2.97    0.00    0.00    0.00    1.98

20:03:58     CPU    %usr   %nice    %sys %iowait    %irq   %soft  %steal  %guest  %gnice   %idle
20:03:59     all   59.43    0.00    7.13    0.00    0.00    1.97    0.00    0.00    0.00   31.47
20:03:59       0   56.38    0.00    7.45    0.00    0.00    2.13    0.00    0.00    0.00   34.04
20:03:59       1   56.86    0.00   10.78    0.00    0.00    1.96    0.00    0.00    0.00   30.39
20:03:59       2   62.75    0.00    6.86    0.00    0.00    0.98    0.00    0.00    0.00   29.41
20:03:59       3   58.33    0.00    8.33    0.00    0.00    1.04    0.00    0.00    0.00   32.29
20:03:59       4   58.00    0.00    9.00    0.00    0.00    2.00    0.00    0.00    0.00   31.00
20:03:59       5   60.82    0.00    4.12    0.00    0.00    1.03    0.00    0.00    0.00   34.02
20:03:59       6   60.82    0.00    6.19    0.00    0.00    1.03    0.00    0.00    0.00   31.96
20:03:59       7   62.75    0.00    6.86    0.00    0.00    0.98    0.00    0.00    0.00   29.41
20:03:59       8   33.33    0.00    4.90    0.00    0.00    0.98    0.00    0.00    0.00   60.78
20:03:59       9   29.90    0.00    5.15    0.00    0.00    1.03    0.00    0.00    0.00   63.92
20:03:59      10   32.63    0.00    2.11    0.00    0.00    1.05    0.00    0.00    0.00   64.21
20:03:59      11   31.25    0.00    3.12    0.00    0.00    2.08    0.00    0.00    0.00   63.54
20:03:59      12   38.24    0.00    2.94    0.00    0.00    0.98    0.00    0.00    0.00   57.84
20:03:59      13   35.71    0.00    1.02    0.00    0.00    2.04    0.00    0.00    0.00   61.22
20:03:59      14   38.54    0.00    2.08    0.00    0.00    1.04    0.00    0.00    0.00   58.33
20:03:59      15   34.78    0.00    5.43    0.00    0.00    0.00    0.00    0.00    0.00   59.78
20:03:59      16   54.64    0.00   11.34    0.00    0.00    2.06    0.00    0.00    0.00   31.96
20:03:59      17   58.25    0.00    7.77    0.00    0.00    1.94    0.00    0.00    0.00   32.04
20:03:59      18   61.00    0.00    5.00    0.00    0.00    2.00    0.00    0.00    0.00   32.00
20:03:59      19   58.42    0.00    6.93    0.00    0.00    1.98    0.00    0.00    0.00   32.67
20:03:59      20   57.29    0.00    6.25    0.00    0.00    3.12    0.00    0.00    0.00   33.33
20:03:59      21   53.76    0.00    7.53    0.00    0.00    2.15    0.00    0.00    0.00   36.56
20:03:59      22   61.22    0.00    6.12    0.00    0.00    1.02    0.00    0.00    0.00   31.63
20:03:59      23   62.63    0.00    5.05    0.00    0.00    0.00    0.00    0.00    0.00   32.32
20:03:59      24   85.15    0.00    9.90    0.00    0.00    3.96    0.00    0.00    0.00    0.99
20:03:59      25   85.00    0.00    9.00    0.00    0.00    5.00    0.00    0.00    0.00    1.00
20:03:59      26   85.00    0.00   11.00    0.00    0.00    3.00    0.00    0.00    0.00    1.00
20:03:59      27   85.15    0.00    9.90    0.00    0.00    2.97    0.00    0.00    0.00    1.98
20:03:59      28   83.17    0.00   11.88    0.00    0.00    3.96    0.00    0.00    0.00    0.99
20:03:59      29   82.65    0.00   11.22    0.00    0.00    4.08    0.00    0.00    0.00    2.04
20:03:59      30   86.87    0.00   10.10    0.00    0.00    2.02    0.00    0.00    0.00    1.01
20:03:59      31   84.00    0.00   12.00    0.00    0.00    3.00    0.00    0.00    0.00    1.00

20:03:59     CPU    %usr   %nice    %sys %iowait    %irq   %soft  %steal  %guest  %gnice   %idle
20:04:00     all   59.63    0.00    6.94    0.00    0.00    2.02    0.00    0.00    0.00   31.41
20:04:00       0   59.79    0.00    6.19    0.00    0.00    2.06    0.00    0.00    0.00   31.96
20:04:00       1   56.38    0.00    5.32    0.00    0.00    3.19    0.00    0.00    0.00   35.11
20:04:00       2   57.14    0.00    7.14    0.00    0.00    2.04    0.00    0.00    0.00   33.67
20:04:00       3   59.38    0.00    4.17    0.00    0.00    2.08    0.00    0.00    0.00   34.38
20:04:00       4   57.58    0.00    6.06    0.00    0.00    2.02    0.00    0.00    0.00   34.34
20:04:00       5   58.76    0.00    6.19    0.00    0.00    2.06    0.00    0.00    0.00   32.99
20:04:00       6   57.58    0.00    8.08    0.00    0.00    1.01    0.00    0.00    0.00   33.33
20:04:00       7   57.69    0.00    6.73    0.00    0.00    2.88    0.00    0.00    0.00   32.69
20:04:00       8   27.55    0.00    3.06    0.00    0.00    2.04    0.00    0.00    0.00   67.35
20:04:00       9   30.69    0.00    4.95    0.00    0.00    0.00    0.00    0.00    0.00   64.36
20:04:00      10   36.63    0.00    3.96    0.00    0.00    0.99    0.00    0.00    0.00   58.42
20:04:00      11   34.74    0.00    4.21    0.00    0.00    1.05    0.00    0.00    0.00   60.00
20:04:00      12   38.54    0.00    3.12    0.00    0.00    0.00    0.00    0.00    0.00   58.33
20:04:00      13   39.39    0.00    3.03    0.00    0.00    1.01    0.00    0.00    0.00   56.57
20:04:00      14   44.55    0.00    2.97    0.00    0.00    0.99    0.00    0.00    0.00   51.49
20:04:00      15   45.63    0.00    2.91    0.00    0.00    0.97    0.00    0.00    0.00   50.49
20:04:00      16   58.00    0.00    8.00    0.00    0.00    1.00    0.00    0.00    0.00   33.00
20:04:00      17   61.22    0.00    4.08    0.00    0.00    2.04    0.00    0.00    0.00   32.65
20:04:00      18   57.84    0.00    7.84    0.00    0.00    1.96    0.00    0.00    0.00   32.35
20:04:00      19   53.76    0.00    8.60    0.00    0.00    1.08    0.00    0.00    0.00   36.56
20:04:00      20   61.22    0.00    6.12    0.00    0.00    1.02    0.00    0.00    0.00   31.63
20:04:00      21   57.29    0.00    5.21    0.00    0.00    2.08    0.00    0.00    0.00   35.42
20:04:00      22   65.35    0.00    3.96    0.00    0.00    0.00    0.00    0.00    0.00   30.69
20:04:00      23   59.18    0.00    5.10    0.00    0.00    1.02    0.00    0.00    0.00   34.69
20:04:00      24   83.00    0.00   12.00    0.00    0.00    4.00    0.00    0.00    0.00    1.00
20:04:00      25   82.35    0.00   12.75    0.00    0.00    3.92    0.00    0.00    0.00    0.98
20:04:00      26   83.00    0.00   11.00    0.00    0.00    5.00    0.00    0.00    0.00    1.00
20:04:00      27   84.00    0.00   11.00    0.00    0.00    4.00    0.00    0.00    0.00    1.00
20:04:00      28   84.00    0.00   13.00    0.00    0.00    2.00    0.00    0.00    0.00    1.00
20:04:00      29   85.44    0.00    9.71    0.00    0.00    3.88    0.00    0.00    0.00    0.97
20:04:00      30   84.16    0.00   12.87    0.00    0.00    1.98    0.00    0.00    0.00    0.99
20:04:00      31   82.18    0.00   11.88    0.00    0.00    4.95    0.00    0.00    0.00    0.99

20:04:00     CPU    %usr   %nice    %sys %iowait    %irq   %soft  %steal  %guest  %gnice   %idle
20:04:01     all   59.32    0.00    7.35    0.00    0.00    1.89    0.00    0.00    0.00   31.44
20:04:01       0   59.05    0.00    5.71    0.00    0.00    1.90    0.00    0.00    0.00   33.33
20:04:01       1   61.39    0.00    6.93    0.00    0.00    0.00    0.00    0.00    0.00   31.68
20:04:01       2   52.08    0.00    8.33    0.00    0.00    4.17    0.00    0.00    0.00   35.42
20:04:01       3   57.00    0.00    8.00    0.00    0.00    2.00    0.00    0.00    0.00   33.00
20:04:01       4   56.99    0.00    7.53    0.00    0.00    0.00    0.00    0.00    0.00   35.48
20:04:01       5   57.58    0.00    6.06    0.00    0.00    2.02    0.00    0.00    0.00   34.34
20:04:01       6   60.19    0.00    6.80    0.00    0.00    0.97    0.00    0.00    0.00   32.04
20:04:01       7   55.67    0.00    9.28    0.00    0.00    1.03    0.00    0.00    0.00   34.02
20:04:01       8   36.36    0.00    2.02    0.00    0.00    1.01    0.00    0.00    0.00   60.61
20:04:01       9   34.74    0.00    4.21    0.00    0.00    1.05    0.00    0.00    0.00   60.00
20:04:01      10   37.37    0.00    3.03    0.00    0.00    1.01    0.00    0.00    0.00   58.59
20:04:01      11   38.61    0.00    3.96    0.00    0.00    0.99    0.00    0.00    0.00   56.44
20:04:01      12   40.40    0.00    4.04    0.00    0.00    0.00    0.00    0.00    0.00   55.56
20:04:01      13   40.59    0.00    3.96    0.00    0.00    2.97    0.00    0.00    0.00   52.48
20:04:01      14   35.16    0.00    3.30    0.00    0.00    0.00    0.00    0.00    0.00   61.54
20:04:01      15   36.46    0.00    3.12    0.00    0.00    1.04    0.00    0.00    0.00   59.38
20:04:01      16   57.00    0.00    7.00    0.00    0.00    3.00    0.00    0.00    0.00   33.00
20:04:01      17   54.08    0.00    8.16    0.00    0.00    2.04    0.00    0.00    0.00   35.71
20:04:01      18   60.40    0.00    3.96    0.00    0.00    2.97    0.00    0.00    0.00   32.67
20:04:01      19   60.40    0.00    6.93    0.00    0.00    0.00    0.00    0.00    0.00   32.67
20:04:01      20   58.42    0.00    6.93    0.00    0.00    0.99    0.00    0.00    0.00   33.66
20:04:01      21   57.14    0.00    6.12    0.00    0.00    1.02    0.00    0.00    0.00   35.71
20:04:01      22   60.00    0.00    7.00    0.00    0.00    1.00    0.00    0.00    0.00   32.00
20:04:01      23   61.39    0.00    4.95    0.00    0.00    0.00    0.00    0.00    0.00   33.66
20:04:01      24   83.00    0.00   12.00    0.00    0.00    4.00    0.00    0.00    0.00    1.00
20:04:01      25   84.00    0.00   12.00    0.00    0.00    3.00    0.00    0.00    0.00    1.00
20:04:01      26   86.00    0.00   10.00    0.00    0.00    3.00    0.00    0.00    0.00    1.00
20:04:01      27   82.83    0.00   13.13    0.00    0.00    3.03    0.00    0.00    0.00    1.01
20:04:01      28   86.00    0.00    9.00    0.00    0.00    4.00    0.00    0.00    0.00    1.00
20:04:01      29   82.83    0.00   12.12    0.00    0.00    4.04    0.00    0.00    0.00    1.01
20:04:01      30   80.81    0.00   14.14    0.00    0.00    4.04    0.00    0.00    0.00    1.01
20:04:01      31   79.80    0.00   15.15    0.00    0.00    4.04    0.00    0.00    0.00    1.01

20:04:01     CPU    %usr   %nice    %sys %iowait    %irq   %soft  %steal  %guest  %gnice   %idle
20:04:02     all   59.40    0.00    7.48    0.00    0.00    1.89    0.00    0.00    0.00   31.23
20:04:02       0   59.18    0.00    7.14    0.00    0.00    1.02    0.00    0.00    0.00   32.65
20:04:02       1   58.82    0.00    7.84    0.00    0.00    1.96    0.00    0.00    0.00   31.37
20:04:02       2   52.63    0.00    7.37    0.00    0.00    3.16    0.00    0.00    0.00   36.84
20:04:02       3   53.61    0.00    8.25    0.00    0.00    1.03    0.00    0.00    0.00   37.11
20:04:02       4   58.25    0.00    6.80    0.00    0.00    2.91    0.00    0.00    0.00   32.04
20:04:02       5   58.00    0.00    9.00    0.00    0.00    1.00    0.00    0.00    0.00   32.00
20:04:02       6   56.25    0.00    8.33    0.00    0.00    2.08    0.00    0.00    0.00   33.33
20:04:02       7   60.78    0.00    5.88    0.00    0.00    1.96    0.00    0.00    0.00   31.37
20:04:02       8   35.92    0.00    3.88    0.00    0.00    1.94    0.00    0.00    0.00   58.25
20:04:02       9   34.00    0.00    3.00    0.00    0.00    0.00    0.00    0.00    0.00   63.00
20:04:02      10   44.12    0.00    4.90    0.00    0.00    0.00    0.00    0.00    0.00   50.98
20:04:02      11   36.46    0.00    6.25    0.00    0.00    2.08    0.00    0.00    0.00   55.21
20:04:02      12   34.69    0.00    4.08    0.00    0.00    1.02    0.00    0.00    0.00   60.20
20:04:02      13   35.35    0.00    3.03    0.00    0.00    1.01    0.00    0.00    0.00   60.61
20:04:02      14   40.38    0.00    3.85    0.00    0.00    1.92    0.00    0.00    0.00   53.85
20:04:02      15   33.67    0.00    5.10    0.00    0.00    3.06    0.00    0.00    0.00   58.16
20:04:02      16   59.41    0.00    6.93    0.00    0.00    1.98    0.00    0.00    0.00   31.68
20:04:02      17   61.46    0.00    7.29    0.00    0.00    0.00    0.00    0.00    0.00   31.25
20:04:02      18   55.10    0.00    7.14    0.00    0.00    3.06    0.00    0.00    0.00   34.69
20:04:02      19   56.84    0.00    6.32    0.00    0.00    1.05    0.00    0.00    0.00   35.79
20:04:02      20   60.00    0.00    5.00    0.00    0.00    1.00    0.00    0.00    0.00   34.00
20:04:02      21   60.40    0.00    4.95    0.00    0.00    0.99    0.00    0.00    0.00   33.66
20:04:02      22   62.63    0.00    5.05    0.00    0.00    1.01    0.00    0.00    0.00   31.31
20:04:02      23   60.00    0.00    7.00    0.00    0.00    1.00    0.00    0.00    0.00   32.00
20:04:02      24   85.00    0.00   12.00    0.00    0.00    2.00    0.00    0.00    0.00    1.00
20:04:02      25   83.00    0.00   14.00    0.00    0.00    2.00    0.00    0.00    0.00    1.00
20:04:02      26   83.84    0.00   13.13    0.00    0.00    3.03    0.00    0.00    0.00    0.00
20:04:02      27   86.87    0.00   10.10    0.00    0.00    2.02    0.00    0.00    0.00    1.01
20:04:02      28   83.67    0.00   12.24    0.00    0.00    3.06    0.00    0.00    0.00    1.02
20:04:02      29   83.17    0.00   11.88    0.00    0.00    3.96    0.00    0.00    0.00    0.99
20:04:02      30   82.18    0.00   11.88    0.00    0.00    3.96    0.00    0.00    0.00    1.98
20:04:02      31   84.85    0.00   10.10    0.00    0.00    4.04    0.00    0.00    0.00    1.01

20:04:02     CPU    %usr   %nice    %sys %iowait    %irq   %soft  %steal  %guest  %gnice   %idle
20:04:03     all   59.34    0.00    7.10    0.00    0.00    2.12    0.00    0.00    0.00   31.43
20:04:03       0   54.84    0.00    9.68    0.00    0.00    1.08    0.00    0.00    0.00   34.41
20:04:03       1   55.79    0.00    9.47    0.00    0.00    1.05    0.00    0.00    0.00   33.68
20:04:03       2   60.82    0.00    5.15    0.00    0.00    2.06    0.00    0.00    0.00   31.96
20:04:03       3   56.38    0.00    7.45    0.00    0.00    1.06    0.00    0.00    0.00   35.11
20:04:03       4   53.06    0.00    9.18    0.00    0.00    1.02    0.00    0.00    0.00   36.73
20:04:03       5   55.00    0.00    8.00    0.00    0.00    2.00    0.00    0.00    0.00   35.00
20:04:03       6   56.38    0.00    6.38    0.00    0.00    3.19    0.00    0.00    0.00   34.04
20:04:03       7   60.61    0.00    5.05    0.00    0.00    2.02    0.00    0.00    0.00   32.32
20:04:03       8   41.18    0.00    3.92    0.00    0.00    0.98    0.00    0.00    0.00   53.92
20:04:03       9   42.31    0.00    2.88    0.00    0.00    1.92    0.00    0.00    0.00   52.88
20:04:03      10   40.38    0.00    3.85    0.00    0.00    0.96    0.00    0.00    0.00   54.81
20:04:03      11   40.21    0.00    2.06    0.00    0.00    1.03    0.00    0.00    0.00   56.70
20:04:03      12   33.68    0.00    3.16    0.00    0.00    1.05    0.00    0.00    0.00   62.11
20:04:03      13   39.62    0.00    3.77    0.00    0.00    0.00    0.00    0.00    0.00   56.60
20:04:03      14   36.17    0.00    3.19    0.00    0.00    2.13    0.00    0.00    0.00   58.51
20:04:03      15   38.54    0.00    3.12    0.00    0.00    0.00    0.00    0.00    0.00   58.33
20:04:03      16   57.14    0.00    8.16    0.00    0.00    1.02    0.00    0.00    0.00   33.67
20:04:03      17   56.12    0.00    7.14    0.00    0.00    2.04    0.00    0.00    0.00   34.69
20:04:03      18   57.14    0.00    8.16    0.00    0.00    2.04    0.00    0.00    0.00   32.65
20:04:03      19   59.38    0.00    6.25    0.00    0.00    1.04    0.00    0.00    0.00   33.33
20:04:03      20   58.59    0.00    5.05    0.00    0.00    0.00    0.00    0.00    0.00   36.36
20:04:03      21   57.73    0.00    6.19    0.00    0.00    1.03    0.00    0.00    0.00   35.05
20:04:03      22   57.00    0.00    8.00    0.00    0.00    2.00    0.00    0.00    0.00   33.00
20:04:03      23   59.79    0.00    4.12    0.00    0.00    2.06    0.00    0.00    0.00   34.02
20:04:03      24   86.00    0.00    9.00    0.00    0.00    4.00    0.00    0.00    0.00    1.00
20:04:03      25   85.86    0.00    9.09    0.00    0.00    4.04    0.00    0.00    0.00    1.01
20:04:03      26   79.41    0.00   12.75    0.00    0.00    5.88    0.00    0.00    0.00    1.96
20:04:03      27   86.14    0.00    6.93    0.00    0.00    5.94    0.00    0.00    0.00    0.99
20:04:03      28   83.17    0.00   12.87    0.00    0.00    2.97    0.00    0.00    0.00    0.99
20:04:03      29   85.71    0.00   11.22    0.00    0.00    2.04    0.00    0.00    0.00    1.02
20:04:03      30   79.80    0.00   14.14    0.00    0.00    5.05    0.00    0.00    0.00    1.01
20:04:03      31   82.35    0.00   11.76    0.00    0.00    4.90    0.00    0.00    0.00    0.98

20:04:03     CPU    %usr   %nice    %sys %iowait    %irq   %soft  %steal  %guest  %gnice   %idle
20:04:04     all   58.93    0.00    7.50    0.00    0.00    1.99    0.00    0.00    0.00   31.58
20:04:04       0   53.06    0.00    9.18    0.00    0.00    4.08    0.00    0.00    0.00   33.67
20:04:04       1   51.09    0.00    8.70    0.00    0.00    1.09    0.00    0.00    0.00   39.13
20:04:04       2   60.40    0.00    5.94    0.00    0.00    0.99    0.00    0.00    0.00   32.67
20:04:04       3   58.16    0.00    6.12    0.00    0.00    2.04    0.00    0.00    0.00   33.67
20:04:04       4   59.41    0.00    6.93    0.00    0.00    1.98    0.00    0.00    0.00   31.68
20:04:04       5   57.28    0.00    8.74    0.00    0.00    2.91    0.00    0.00    0.00   31.07
20:04:04       6   54.74    0.00    8.42    0.00    0.00    3.16    0.00    0.00    0.00   33.68
20:04:04       7   58.25    0.00    7.77    0.00    0.00    0.97    0.00    0.00    0.00   33.01
20:04:04       8   40.43    0.00    3.19    0.00    0.00    1.06    0.00    0.00    0.00   55.32
20:04:04       9   41.24    0.00    5.15    0.00    0.00    1.03    0.00    0.00    0.00   52.58
20:04:04      10   42.86    0.00    4.08    0.00    0.00    2.04    0.00    0.00    0.00   51.02
20:04:04      11   41.05    0.00    2.11    0.00    0.00    0.00    0.00    0.00    0.00   56.84
20:04:04      12   33.01    0.00    6.80    0.00    0.00    0.97    0.00    0.00    0.00   59.22
20:04:04      13   32.65    0.00    3.06    0.00    0.00    0.00    0.00    0.00    0.00   64.29
20:04:04      14   30.30    0.00    5.05    0.00    0.00    0.00    0.00    0.00    0.00   64.65
20:04:04      15   28.00    0.00    6.00    0.00    0.00    2.00    0.00    0.00    0.00   64.00
20:04:04      16   57.58    0.00    4.04    0.00    0.00    2.02    0.00    0.00    0.00   36.36
20:04:04      17   53.00    0.00   10.00    0.00    0.00    2.00    0.00    0.00    0.00   35.00
20:04:04      18   62.00    0.00    4.00    0.00    0.00    0.00    0.00    0.00    0.00   34.00
20:04:04      19   56.57    0.00    8.08    0.00    0.00    1.01    0.00    0.00    0.00   34.34
20:04:04      20   61.00    0.00    4.00    0.00    0.00    2.00    0.00    0.00    0.00   33.00
20:04:04      21   60.20    0.00    5.10    0.00    0.00    2.04    0.00    0.00    0.00   32.65
20:04:04      22   60.20    0.00    7.14    0.00    0.00    0.00    0.00    0.00    0.00   32.65
20:04:04      23   59.41    0.00    4.95    0.00    0.00    1.98    0.00    0.00    0.00   33.66
20:04:04      24   81.00    0.00   14.00    0.00    0.00    4.00    0.00    0.00    0.00    1.00
20:04:04      25   86.14    0.00    9.90    0.00    0.00    2.97    0.00    0.00    0.00    0.99
20:04:04      26   82.18    0.00   11.88    0.00    0.00    4.95    0.00    0.00    0.00    0.99
20:04:04      27   84.00    0.00   12.00    0.00    0.00    3.00    0.00    0.00    0.00    1.00
20:04:04      28   82.00    0.00   11.00    0.00    0.00    6.00    0.00    0.00    0.00    1.00
20:04:04      29   83.17    0.00   12.87    0.00    0.00    2.97    0.00    0.00    0.00    0.99
20:04:04      30   83.17    0.00   12.87    0.00    0.00    2.97    0.00    0.00    0.00    0.99
20:04:04      31   87.88    0.00   10.10    0.00    0.00    1.01    0.00    0.00    0.00    1.01

20:04:04     CPU    %usr   %nice    %sys %iowait    %irq   %soft  %steal  %guest  %gnice   %idle
20:04:05     all   60.22    0.00    6.33    0.00    0.00    1.72    0.00    0.00    0.00   31.73
20:04:05       0   56.84    0.00    5.26    0.00    0.00    1.05    0.00    0.00    0.00   36.84
20:04:05       1   56.84    0.00    5.26    0.00    0.00    1.05    0.00    0.00    0.00   36.84
20:04:05       2   56.70    0.00    4.12    0.00    0.00    2.06    0.00    0.00    0.00   37.11
20:04:05       3   55.10    0.00    6.12    0.00    0.00    1.02    0.00    0.00    0.00   37.76
20:04:05       4   60.61    0.00    6.06    0.00    0.00    2.02    0.00    0.00    0.00   31.31
20:04:05       5   57.73    0.00    5.15    0.00    0.00    3.09    0.00    0.00    0.00   34.02
20:04:05       6   61.70    0.00    6.38    0.00    0.00    1.06    0.00    0.00    0.00   30.85
20:04:05       7   61.86    0.00    5.15    0.00    0.00    1.03    0.00    0.00    0.00   31.96
20:04:05       8   40.00    0.00    3.16    0.00    0.00    1.05    0.00    0.00    0.00   55.79
20:04:05       9   35.11    0.00    5.32    0.00    0.00    1.06    0.00    0.00    0.00   58.51
20:04:05      10   36.36    0.00    4.04    0.00    0.00    0.00    0.00    0.00    0.00   59.60
20:04:05      11   32.99    0.00    4.12    0.00    0.00    1.03    0.00    0.00    0.00   61.86
20:04:05      12   45.54    0.00    2.97    0.00    0.00    0.00    0.00    0.00    0.00   51.49
20:04:05      13   44.44    0.00    3.03    0.00    0.00    2.02    0.00    0.00    0.00   50.51
20:04:05      14   33.67    0.00    2.04    0.00    0.00    1.02    0.00    0.00    0.00   63.27
20:04:05      15   36.08    0.00    2.06    0.00    0.00    1.03    0.00    0.00    0.00   60.82
20:04:05      16   56.12    0.00    6.12    0.00    0.00    1.02    0.00    0.00    0.00   36.73
20:04:05      17   58.25    0.00    4.85    0.00    0.00    2.91    0.00    0.00    0.00   33.98
20:04:05      18   55.10    0.00    6.12    0.00    0.00    2.04    0.00    0.00    0.00   36.73
20:04:05      19   50.52    0.00    9.28    0.00    0.00    1.03    0.00    0.00    0.00   39.18
20:04:05      20   60.00    0.00    6.00    0.00    0.00    2.00    0.00    0.00    0.00   32.00
20:04:05      21   60.87    0.00    4.35    0.00    0.00    1.09    0.00    0.00    0.00   33.70
20:04:05      22   63.64    0.00    5.05    0.00    0.00    1.01    0.00    0.00    0.00   30.30
20:04:05      23   59.41    0.00    8.91    0.00    0.00    0.99    0.00    0.00    0.00   30.69
20:04:05      24   83.17    0.00   10.89    0.00    0.00    3.96    0.00    0.00    0.00    1.98
20:04:05      25   81.37    0.00   13.73    0.00    0.00    2.94    0.00    0.00    0.00    1.96
20:04:05      26   84.85    0.00   11.11    0.00    0.00    3.03    0.00    0.00    0.00    1.01
20:04:05      27   88.00    0.00    8.00    0.00    0.00    3.00    0.00    0.00    0.00    1.00
20:04:05      28   87.13    0.00    9.90    0.00    0.00    0.99    0.00    0.00    0.00    1.98
20:04:05      29   88.12    0.00    7.92    0.00    0.00    2.97    0.00    0.00    0.00    0.99
20:04:05      30   83.17    0.00   12.87    0.00    0.00    1.98    0.00    0.00    0.00    1.98
20:04:05      31   89.00    0.00    6.00    0.00    0.00    4.00    0.00    0.00    0.00    1.00

20:04:05     CPU    %usr   %nice    %sys %iowait    %irq   %soft  %steal  %guest  %gnice   %idle
20:04:06     all   59.44    0.00    6.61    0.00    0.00    2.15    0.00    0.00    0.00   31.79
20:04:06       0   56.70    0.00    8.25    0.00    0.00    2.06    0.00    0.00    0.00   32.99
20:04:06       1   62.00    0.00    6.00    0.00    0.00    0.00    0.00    0.00    0.00   32.00
20:04:06       2   51.52    0.00   11.11    0.00    0.00    2.02    0.00    0.00    0.00   35.35
20:04:06       3   55.67    0.00    6.19    0.00    0.00    1.03    0.00    0.00    0.00   37.11
20:04:06       4   57.89    0.00    4.21    0.00    0.00    1.05    0.00    0.00    0.00   36.84
20:04:06       5   58.33    0.00    3.12    0.00    0.00    1.04    0.00    0.00    0.00   37.50
20:04:06       6   58.25    0.00    8.74    0.00    0.00    1.94    0.00    0.00    0.00   31.07
20:04:06       7   61.54    0.00    5.77    0.00    0.00    1.92    0.00    0.00    0.00   30.77
20:04:06       8   35.16    0.00    3.30    0.00    0.00    1.10    0.00    0.00    0.00   60.44
20:04:06       9   38.14    0.00    3.09    0.00    0.00    2.06    0.00    0.00    0.00   56.70
20:04:06      10   36.19    0.00    2.86    0.00    0.00    0.95    0.00    0.00    0.00   60.00
20:04:06      11   36.54    0.00    3.85    0.00    0.00    1.92    0.00    0.00    0.00   57.69
20:04:06      12   34.65    0.00    2.97    0.00    0.00    0.99    0.00    0.00    0.00   61.39
20:04:06      13   36.63    0.00    1.98    0.00    0.00    0.99    0.00    0.00    0.00   60.40
20:04:06      14   43.88    0.00    4.08    0.00    0.00    1.02    0.00    0.00    0.00   51.02
20:04:06      15   43.48    0.00    3.26    0.00    0.00    1.09    0.00    0.00    0.00   52.17
20:04:06      16   58.51    0.00    5.32    0.00    0.00    2.13    0.00    0.00    0.00   34.04
20:04:06      17   61.62    0.00    4.04    0.00    0.00    2.02    0.00    0.00    0.00   32.32
20:04:06      18   54.17    0.00    7.29    0.00    0.00    2.08    0.00    0.00    0.00   36.46
20:04:06      19   55.79    0.00    5.26    0.00    0.00    2.11    0.00    0.00    0.00   36.84
20:04:06      20   53.54    0.00    8.08    0.00    0.00    2.02    0.00    0.00    0.00   36.36
20:04:06      21   54.74    0.00    5.26    0.00    0.00    2.11    0.00    0.00    0.00   37.89
20:04:06      22   59.41    0.00    6.93    0.00    0.00    0.99    0.00    0.00    0.00   32.67
20:04:06      23   58.82    0.00    7.84    0.00    0.00    0.98    0.00    0.00    0.00   32.35
20:04:06      24   84.85    0.00    9.09    0.00    0.00    5.05    0.00    0.00    0.00    1.01
20:04:06      25   83.00    0.00   12.00    0.00    0.00    4.00    0.00    0.00    0.00    1.00
20:04:06      26   85.00    0.00   11.00    0.00    0.00    3.00    0.00    0.00    0.00    1.00
20:04:06      27   87.88    0.00    8.08    0.00    0.00    3.03    0.00    0.00    0.00    1.01
20:04:06      28   85.15    0.00    9.90    0.00    0.00    3.96    0.00    0.00    0.00    0.99
20:04:06      29   83.84    0.00   13.13    0.00    0.00    2.02    0.00    0.00    0.00    1.01
20:04:06      30   83.00    0.00    9.00    0.00    0.00    7.00    0.00    0.00    0.00    1.00
20:04:06      31   83.33    0.00    9.80    0.00    0.00    4.90    0.00    0.00    0.00    1.96

20:04:06     CPU    %usr   %nice    %sys %iowait    %irq   %soft  %steal  %guest  %gnice   %idle
20:04:07     all   60.63    0.00    6.90    0.03    0.00    1.85    0.00    0.00    0.00   30.59
20:04:07       0   59.38    0.00    7.29    0.00    0.00    1.04    0.00    0.00    0.00   32.29
20:04:07       1   62.11    0.00    5.26    0.00    0.00    1.05    0.00    0.00    0.00   31.58
20:04:07       2   56.38    0.00    4.26    0.00    0.00    1.06    0.00    0.00    0.00   38.30
20:04:07       3   50.00    0.00    9.78    0.00    0.00    1.09    0.00    0.00    0.00   39.13
20:04:07       4   59.60    0.00    8.08    0.00    0.00    2.02    0.00    0.00    0.00   30.30
20:04:07       5   63.64    0.00    7.07    0.00    0.00    0.00    0.00    0.00    0.00   29.29
20:04:07       6   60.42    0.00    5.21    0.00    0.00    3.12    0.00    0.00    0.00   31.25
20:04:07       7   62.63    0.00    5.05    0.00    0.00    1.01    0.00    0.00    0.00   31.31
20:04:07       8   37.50    0.00    3.12    0.00    0.00    1.04    0.00    0.00    0.00   58.33
20:04:07       9   53.61    0.00    5.15    0.00    0.00    0.00    0.00    0.00    0.00   41.24
20:04:07      10   35.05    0.00    4.12    0.00    0.00    1.03    0.00    0.00    0.00   59.79
20:04:07      11   36.36    0.00    3.03    1.01    0.00    0.00    0.00    0.00    0.00   59.60
20:04:07      12   34.31    0.00    1.96    0.00    0.00    0.98    0.00    0.00    0.00   62.75
20:04:07      13   29.47    0.00    4.21    0.00    0.00    1.05    0.00    0.00    0.00   65.26
20:04:07      14   37.89    0.00    4.21    0.00    0.00    1.05    0.00    0.00    0.00   56.84
20:04:07      15   44.00    0.00    3.00    0.00    0.00    0.00    0.00    0.00    0.00   53.00
20:04:07      16   58.00    0.00    8.00    0.00    0.00    2.00    0.00    0.00    0.00   32.00
20:04:07      17   60.00    0.00    8.00    0.00    0.00    2.00    0.00    0.00    0.00   30.00
20:04:07      18   53.26    0.00    6.52    0.00    0.00    2.17    0.00    0.00    0.00   38.04
20:04:07      19   57.89    0.00    4.21    0.00    0.00    0.00    0.00    0.00    0.00   37.89
20:04:07      20   62.14    0.00    7.77    0.00    0.00    2.91    0.00    0.00    0.00   27.18
20:04:07      21   61.86    0.00    7.22    0.00    0.00    2.06    0.00    0.00    0.00   28.87
20:04:07      22   61.00    0.00    7.00    0.00    0.00    2.00    0.00    0.00    0.00   30.00
20:04:07      23   60.00    0.00    8.00    0.00    0.00    1.00    0.00    0.00    0.00   31.00
20:04:07      24   88.89    0.00    7.07    0.00    0.00    3.03    0.00    0.00    0.00    1.01
20:04:07      25   84.85    0.00   12.12    0.00    0.00    2.02    0.00    0.00    0.00    1.01
20:04:07      26   84.85    0.00   10.10    0.00    0.00    4.04    0.00    0.00    0.00    1.01
20:04:07      27   83.00    0.00   12.00    0.00    0.00    4.00    0.00    0.00    0.00    1.00
20:04:07      28   86.00    0.00   10.00    0.00    0.00    3.00    0.00    0.00    0.00    1.00
20:04:07      29   84.16    0.00   11.88    0.00    0.00    1.98    0.00    0.00    0.00    1.98
20:04:07      30   83.67    0.00   10.20    0.00    0.00    5.10    0.00    0.00    0.00    1.02
20:04:07      31   83.67    0.00    9.18    0.00    0.00    6.12    0.00    0.00    0.00    1.02

20:04:07     CPU    %usr   %nice    %sys %iowait    %irq   %soft  %steal  %guest  %gnice   %idle
20:04:08     all   59.51    0.00    6.85    0.00    0.00    2.09    0.00    0.00    0.00   31.55
20:04:08       0   55.32    0.00    5.32    0.00    0.00    1.06    0.00    0.00    0.00   38.30
20:04:08       1   56.70    0.00    5.15    0.00    0.00    0.00    0.00    0.00    0.00   38.14
20:04:08       2   62.24    0.00    5.10    0.00    0.00    2.04    0.00    0.00    0.00   30.61
20:04:08       3   56.25    0.00    8.33    0.00    0.00    3.12    0.00    0.00    0.00   32.29
20:04:08       4   56.86    0.00    7.84    0.00    0.00    1.96    0.00    0.00    0.00   33.33
20:04:08       5   57.58    0.00    7.07    0.00    0.00    2.02    0.00    0.00    0.00   33.33
20:04:08       6   60.61    0.00    7.07    0.00    0.00    2.02    0.00    0.00    0.00   30.30
20:04:08       7   61.22    0.00    4.08    0.00    0.00    2.04    0.00    0.00    0.00   32.65
20:04:08       8   28.43    0.00    1.96    0.00    0.00    1.96    0.00    0.00    0.00   67.65
20:04:08       9   33.01    0.00    1.94    0.00    0.00    0.00    0.00    0.00    0.00   65.05
20:04:08      10   40.21    0.00    5.15    0.00    0.00    0.00    0.00    0.00    0.00   54.64
20:04:08      11   39.00    0.00    2.00    0.00    0.00    2.00    0.00    0.00    0.00   57.00
20:04:08      12   38.14    0.00    5.15    0.00    0.00    1.03    0.00    0.00    0.00   55.67
20:04:08      13   44.00    0.00    2.00    0.00    0.00    2.00    0.00    0.00    0.00   52.00
20:04:08      14   41.49    0.00    1.06    0.00    0.00    1.06    0.00    0.00    0.00   56.38
20:04:08      15   40.78    0.00    5.83    0.00    0.00    0.97    0.00    0.00    0.00   52.43
20:04:08      16   53.12    0.00    7.29    0.00    0.00    2.08    0.00    0.00    0.00   37.50
20:04:08      17   52.63    0.00    7.37    0.00    0.00    2.11    0.00    0.00    0.00   37.89
20:04:08      18   61.62    0.00    5.05    0.00    0.00    2.02    0.00    0.00    0.00   31.31
20:04:08      19   58.16    0.00    8.16    0.00    0.00    2.04    0.00    0.00    0.00   31.63
20:04:08      20   57.58    0.00    8.08    0.00    0.00    0.00    0.00    0.00    0.00   34.34
20:04:08      21   56.84    0.00    6.32    0.00    0.00    1.05    0.00    0.00    0.00   35.79
20:04:08      22   59.38    0.00    6.25    0.00    0.00    3.12    0.00    0.00    0.00   31.25
20:04:08      23   60.61    0.00    6.06    0.00    0.00    1.01    0.00    0.00    0.00   32.32
20:04:08      24   82.83    0.00   10.10    0.00    0.00    6.06    0.00    0.00    0.00    1.01
20:04:08      25   81.00    0.00   15.00    0.00    0.00    3.00    0.00    0.00    0.00    1.00
20:04:08      26   85.86    0.00   10.10    0.00    0.00    3.03    0.00    0.00    0.00    1.01
20:04:08      27   83.84    0.00   11.11    0.00    0.00    4.04    0.00    0.00    0.00    1.01
20:04:08      28   83.17    0.00   10.89    0.00    0.00    4.95    0.00    0.00    0.00    0.99
20:04:08      29   85.86    0.00   11.11    0.00    0.00    3.03    0.00    0.00    0.00    0.00
20:04:08      30   89.00    0.00    7.00    0.00    0.00    2.00    0.00    0.00    0.00    2.00
20:04:08      31   80.20    0.00   13.86    0.00    0.00    3.96    0.00    0.00    0.00    1.98

20:04:08     CPU    %usr   %nice    %sys %iowait    %irq   %soft  %steal  %guest  %gnice   %idle
20:04:09     all   59.72    0.00    6.74    0.00    0.00    1.93    0.00    0.00    0.00   31.61
20:04:09       0   60.20    0.00    5.10    0.00    0.00    1.02    0.00    0.00    0.00   33.67
20:04:09       1   57.14    0.00    8.57    0.00    0.00    2.86    0.00    0.00    0.00   31.43
20:04:09       2   56.57    0.00    7.07    0.00    0.00    2.02    0.00    0.00    0.00   34.34
20:04:09       3   59.00    0.00    6.00    0.00    0.00    2.00    0.00    0.00    0.00   33.00
20:04:09       4   58.33    0.00    5.21    0.00    0.00    2.08    0.00    0.00    0.00   34.38
20:04:09       5   59.79    0.00    5.15    0.00    0.00    2.06    0.00    0.00    0.00   32.99
20:04:09       6   57.73    0.00    7.22    0.00    0.00    1.03    0.00    0.00    0.00   34.02
20:04:09       7   57.00    0.00    9.00    0.00    0.00    1.00    0.00    0.00    0.00   33.00
20:04:09       8   38.78    0.00    2.04    0.00    0.00    1.02    0.00    0.00    0.00   58.16
20:04:09       9   35.42    0.00    4.17    0.00    0.00    2.08    0.00    0.00    0.00   58.33
20:04:09      10   35.05    0.00    3.09    0.00    0.00    1.03    0.00    0.00    0.00   60.82
20:04:09      11   35.92    0.00    4.85    0.00    0.00    0.00    0.00    0.00    0.00   59.22
20:04:09      12   37.76    0.00    3.06    0.00    0.00    0.00    0.00    0.00    0.00   59.18
20:04:09      13   33.67    0.00    4.08    0.00    0.00    1.02    0.00    0.00    0.00   61.22
20:04:09      14   37.23    0.00    4.26    0.00    0.00    0.00    0.00    0.00    0.00   58.51
20:04:09      15   41.41    0.00    2.02    0.00    0.00    1.01    0.00    0.00    0.00   55.56
20:04:09      16   60.00    0.00    7.00    0.00    0.00    0.00    0.00    0.00    0.00   33.00
20:04:09      17   60.00    0.00    4.21    0.00    0.00    2.11    0.00    0.00    0.00   33.68
20:04:09      18   58.16    0.00    6.12    0.00    0.00    0.00    0.00    0.00    0.00   35.71
20:04:09      19   60.00    0.00    6.00    0.00    0.00    2.00    0.00    0.00    0.00   32.00
20:04:09      20   61.76    0.00    5.88    0.00    0.00    0.98    0.00    0.00    0.00   31.37
20:04:09      21   59.38    0.00    7.29    0.00    0.00    0.00    0.00    0.00    0.00   33.33
20:04:09      22   57.58    0.00    4.04    0.00    0.00    3.03    0.00    0.00    0.00   35.35
20:04:09      23   56.25    0.00    6.25    0.00    0.00    3.12    0.00    0.00    0.00   34.38
20:04:09      24   83.17    0.00   11.88    0.00    0.00    3.96    0.00    0.00    0.00    0.99
20:04:09      25   82.00    0.00   13.00    0.00    0.00    3.00    0.00    0.00    0.00    2.00
20:04:09      26   86.14    0.00    9.90    0.00    0.00    2.97    0.00    0.00    0.00    0.99
20:04:09      27   85.86    0.00    9.09    0.00    0.00    4.04    0.00    0.00    0.00    1.01
20:04:09      28   83.84    0.00   11.11    0.00    0.00    4.04    0.00    0.00    0.00    1.01
20:04:09      29   83.17    0.00   11.88    0.00    0.00    2.97    0.00    0.00    0.00    1.98
20:04:09      30   83.00    0.00   10.00    0.00    0.00    6.00    0.00    0.00    0.00    1.00
20:04:09      31   85.71    0.00   10.20    0.00    0.00    3.06    0.00    0.00    0.00    1.02

20:04:09     CPU    %usr   %nice    %sys %iowait    %irq   %soft  %steal  %guest  %gnice   %idle
20:04:10     all   60.29    0.00    6.62    0.00    0.00    1.68    0.00    0.00    0.00   31.41
20:04:10       0   56.12    0.00    8.16    0.00    0.00    0.00    0.00    0.00    0.00   35.71
20:04:10       1   58.33    0.00    5.21    0.00    0.00    1.04    0.00    0.00    0.00   35.42
20:04:10       2   55.32    0.00    6.38    0.00    0.00    2.13    0.00    0.00    0.00   36.17
20:04:10       3   59.79    0.00    5.15    0.00    0.00    1.03    0.00    0.00    0.00   34.02
20:04:10       4   57.45    0.00    7.45    0.00    0.00    0.00    0.00    0.00    0.00   35.11
20:04:10       5   56.25    0.00    8.33    0.00    0.00    1.04    0.00    0.00    0.00   34.38
20:04:10       6   63.54    0.00    3.12    0.00    0.00    0.00    0.00    0.00    0.00   33.33
20:04:10       7   59.18    0.00    6.12    0.00    0.00    4.08    0.00    0.00    0.00   30.61
20:04:10       8   39.80    0.00    4.08    0.00    0.00    2.04    0.00    0.00    0.00   54.08
20:04:10       9   37.50    0.00    3.12    0.00    0.00    1.04    0.00    0.00    0.00   58.33
20:04:10      10   39.00    0.00    1.00    0.00    0.00    1.00    0.00    0.00    0.00   59.00
20:04:10      11   34.65    0.00    3.96    0.00    0.00    0.99    0.00    0.00    0.00   60.40
20:04:10      12   40.78    0.00    2.91    0.00    0.00    0.97    0.00    0.00    0.00   55.34
20:04:10      13   39.81    0.00    3.88    0.00    0.00    0.00    0.00    0.00    0.00   56.31
20:04:10      14   37.62    0.00    4.95    0.00    0.00    0.99    0.00    0.00    0.00   56.44
20:04:10      15   36.56    0.00    2.15    0.00    0.00    0.00    0.00    0.00    0.00   61.29
20:04:10      16   57.00    0.00    7.00    0.00    0.00    1.00    0.00    0.00    0.00   35.00
20:04:10      17   58.25    0.00    6.80    0.00    0.00    0.97    0.00    0.00    0.00   33.98
20:04:10      18   56.70    0.00    8.25    0.00    0.00    2.06    0.00    0.00    0.00   32.99
20:04:10      19   60.20    0.00    4.08    0.00    0.00    2.04    0.00    0.00    0.00   33.67
20:04:10      20   58.76    0.00    5.15    0.00    0.00    3.09    0.00    0.00    0.00   32.99
20:04:10      21   60.82    0.00    5.15    0.00    0.00    2.06    0.00    0.00    0.00   31.96
20:04:10      22   58.51    0.00    6.38    0.00    0.00    2.13    0.00    0.00    0.00   32.98
20:04:10      23   62.75    0.00    6.86    0.00    0.00    0.98    0.00    0.00    0.00   29.41
20:04:10      24   83.33    0.00    9.80    0.00    0.00    4.90    0.00    0.00    0.00    1.96
20:04:10      25   84.16    0.00   11.88    0.00    0.00    2.97    0.00    0.00    0.00    0.99
20:04:10      26   83.17    0.00   13.86    0.00    0.00    0.99    0.00    0.00    0.00    1.98
20:04:10      27   86.14    0.00    7.92    0.00    0.00    4.95    0.00    0.00    0.00    0.99
20:04:10      28   86.00    0.00   10.00    0.00    0.00    3.00    0.00    0.00    0.00    1.00
20:04:10      29   86.87    0.00   12.12    0.00    0.00    1.01    0.00    0.00    0.00    0.00
20:04:10      30   86.87    0.00    9.09    0.00    0.00    3.03    0.00    0.00    0.00    1.01
20:04:10      31   85.00    0.00   11.00    0.00    0.00    2.00    0.00    0.00    0.00    2.00

20:04:10     CPU    %usr   %nice    %sys %iowait    %irq   %soft  %steal  %guest  %gnice   %idle
20:04:11     all   59.43    0.00    7.30    0.00    0.00    1.67    0.00    0.00    0.00   31.60
20:04:11       0   55.67    0.00    6.19    0.00    0.00    2.06    0.00    0.00    0.00   36.08
20:04:11       1   50.53    0.00    9.47    0.00    0.00    3.16    0.00    0.00    0.00   36.84
20:04:11       2   58.59    0.00    6.06    0.00    0.00    2.02    0.00    0.00    0.00   33.33
20:04:11       3   55.10    0.00    7.14    0.00    0.00    3.06    0.00    0.00    0.00   34.69
20:04:11       4   60.19    0.00    5.83    0.00    0.00    0.97    0.00    0.00    0.00   33.01
20:04:11       5   57.00    0.00    9.00    0.00    0.00    1.00    0.00    0.00    0.00   33.00
20:04:11       6   64.00    0.00    6.00    0.00    0.00    1.00    0.00    0.00    0.00   29.00
20:04:11       7   60.61    0.00    6.06    0.00    0.00    1.01    0.00    0.00    0.00   32.32
20:04:11       8   39.58    0.00    4.17    0.00    0.00    0.00    0.00    0.00    0.00   56.25
20:04:11       9   39.39    0.00    4.04    0.00    0.00    1.01    0.00    0.00    0.00   55.56
20:04:11      10   22.68    0.00    2.06    0.00    0.00    0.00    0.00    0.00    0.00   75.26
20:04:11      11   25.25    0.00    2.02    0.00    0.00    1.01    0.00    0.00    0.00   71.72
20:04:11      12   47.52    0.00    4.95    0.00    0.00    0.00    0.00    0.00    0.00   47.52
20:04:11      13   46.60    0.00    5.83    0.00    0.00    0.00    0.00    0.00    0.00   47.57
20:04:11      14   40.00    0.00    2.00    0.00    0.00    1.00    0.00    0.00    0.00   57.00
20:04:11      15   39.22    0.00    3.92    0.00    0.00    1.96    0.00    0.00    0.00   54.90
20:04:11      16   55.67    0.00    6.19    0.00    0.00    1.03    0.00    0.00    0.00   37.11
20:04:11      17   54.64    0.00    7.22    0.00    0.00    2.06    0.00    0.00    0.00   36.08
20:04:11      18   60.19    0.00    6.80    0.00    0.00    0.00    0.00    0.00    0.00   33.01
20:04:11      19   58.59    0.00    6.06    0.00    0.00    2.02    0.00    0.00    0.00   33.33
20:04:11      20   61.00    0.00    6.00    0.00    0.00    1.00    0.00    0.00    0.00   32.00
20:04:11      21   59.00    0.00    7.00    0.00    0.00    1.00    0.00    0.00    0.00   33.00
20:04:11      22   61.86    0.00    6.19    0.00    0.00    1.03    0.00    0.00    0.00   30.93
20:04:11      23   59.38    0.00    7.29    0.00    0.00    1.04    0.00    0.00    0.00   32.29
20:04:11      24   83.00    0.00   13.00    0.00    0.00    3.00    0.00    0.00    0.00    1.00
20:04:11      25   86.00    0.00    8.00    0.00    0.00    4.00    0.00    0.00    0.00    2.00
20:04:11      26   84.00    0.00   13.00    0.00    0.00    2.00    0.00    0.00    0.00    1.00
20:04:11      27   84.16    0.00   11.88    0.00    0.00    1.98    0.00    0.00    0.00    1.98
20:04:11      28   82.83    0.00   12.12    0.00    0.00    4.04    0.00    0.00    0.00    1.01
20:04:11      29   83.00    0.00   11.00    0.00    0.00    4.00    0.00    0.00    0.00    2.00
20:04:11      30   79.21    0.00   14.85    0.00    0.00    3.96    0.00    0.00    0.00    1.98
20:04:11      31   84.31    0.00   11.76    0.00    0.00    1.96    0.00    0.00    0.00    1.96

20:04:11     CPU    %usr   %nice    %sys %iowait    %irq   %soft  %steal  %guest  %gnice   %idle
20:04:12     all   60.10    0.00    6.53    0.00    0.00    1.86    0.00    0.00    0.00   31.51
20:04:12       0   58.95    0.00    6.32    0.00    0.00    2.11    0.00    0.00    0.00   32.63
20:04:12       1   63.37    0.00    5.94    0.00    0.00    0.99    0.00    0.00    0.00   29.70
20:04:12       2   60.42    0.00    7.29    0.00    0.00    1.04    0.00    0.00    0.00   31.25
20:04:12       3   59.38    0.00    7.29    0.00    0.00    2.08    0.00    0.00    0.00   31.25
20:04:12       4   56.57    0.00    7.07    0.00    0.00    0.00    0.00    0.00    0.00   36.36
20:04:12       5   54.74    0.00    6.32    0.00    0.00    2.11    0.00    0.00    0.00   36.84
20:04:12       6   60.20    0.00    6.12    0.00    0.00    1.02    0.00    0.00    0.00   32.65
20:04:12       7   57.29    0.00    8.33    0.00    0.00    1.04    0.00    0.00    0.00   33.33
20:04:12       8   36.73    0.00    3.06    0.00    0.00    1.02    0.00    0.00    0.00   59.18
20:04:12       9   37.76    0.00    3.06    0.00    0.00    2.04    0.00    0.00    0.00   57.14
20:04:12      10   32.98    0.00    3.19    0.00    0.00    1.06    0.00    0.00    0.00   62.77
20:04:12      11   38.38    0.00    3.03    0.00    0.00    0.00    0.00    0.00    0.00   58.59
20:04:12      12   36.73    0.00    2.04    0.00    0.00    1.02    0.00    0.00    0.00   60.20
20:04:12      13   36.84    0.00    3.16    0.00    0.00    0.00    0.00    0.00    0.00   60.00
20:04:12      14   31.52    0.00    3.26    0.00    0.00    1.09    0.00    0.00    0.00   64.13
20:04:12      15   32.29    0.00    4.17    0.00    0.00    1.04    0.00    0.00    0.00   62.50
20:04:12      16   63.16    0.00    4.21    0.00    0.00    1.05    0.00    0.00    0.00   31.58
20:04:12      17   59.79    0.00    6.19    0.00    0.00    1.03    0.00    0.00    0.00   32.99
20:04:12      18   62.63    0.00    6.06    0.00    0.00    2.02    0.00    0.00    0.00   29.29
20:04:12      19   59.41    0.00    5.94    0.00    0.00    4.95    0.00    0.00    0.00   29.70
20:04:12      20   54.35    0.00    5.43    0.00    0.00    1.09    0.00    0.00    0.00   39.13
20:04:12      21   54.74    0.00    9.47    0.00    0.00    1.05    0.00    0.00    0.00   34.74
20:04:12      22   60.20    0.00    7.14    0.00    0.00    1.02    0.00    0.00    0.00   31.63
20:04:12      23   62.24    0.00    5.10    0.00    0.00    0.00    0.00    0.00    0.00   32.65
20:04:12      24   84.85    0.00    9.09    0.00    0.00    4.04    0.00    0.00    0.00    2.02
20:04:12      25   86.14    0.00   10.89    0.00    0.00    1.98    0.00    0.00    0.00    0.99
20:04:12      26   85.15    0.00    8.91    0.00    0.00    4.95    0.00    0.00    0.00    0.99
20:04:12      27   90.00    0.00    7.00    0.00    0.00    2.00    0.00    0.00    0.00    1.00
20:04:12      28   79.41    0.00   13.73    0.00    0.00    5.88    0.00    0.00    0.00    0.98
20:04:12      29   86.14    0.00    9.90    0.00    0.00    2.97    0.00    0.00    0.00    0.99
20:04:12      30   88.00    0.00    9.00    0.00    0.00    2.00    0.00    0.00    0.00    1.00
20:04:12      31   83.67    0.00   10.20    0.00    0.00    5.10    0.00    0.00    0.00    1.02

20:04:12     CPU    %usr   %nice    %sys %iowait    %irq   %soft  %steal  %guest  %gnice   %idle
20:04:13     all   59.23    0.00    6.64    0.00    0.00    2.00    0.00    0.00    0.00   32.13
20:04:13       0   60.61    0.00    3.03    0.00    0.00    2.02    0.00    0.00    0.00   34.34
20:04:13       1   55.67    0.00    6.19    0.00    0.00    3.09    0.00    0.00    0.00   35.05
20:04:13       2   59.38    0.00    6.25    0.00    0.00    1.04    0.00    0.00    0.00   33.33
20:04:13       3   58.95    0.00    5.26    0.00    0.00    2.11    0.00    0.00    0.00   33.68
20:04:13       4   56.86    0.00    7.84    0.00    0.00    0.98    0.00    0.00    0.00   34.31
20:04:13       5   56.12    0.00    6.12    0.00    0.00    2.04    0.00    0.00    0.00   35.71
20:04:13       6   60.19    0.00    5.83    0.00    0.00    1.94    0.00    0.00    0.00   32.04
20:04:13       7   57.73    0.00    7.22    0.00    0.00    1.03    0.00    0.00    0.00   34.02
20:04:13       8   32.65    0.00    1.02    0.00    0.00    2.04    0.00    0.00    0.00   64.29
20:04:13       9   25.00    0.00    4.35    0.00    0.00    1.09    0.00    0.00    0.00   69.57
20:04:13      10   36.46    0.00    3.12    0.00    0.00    2.08    0.00    0.00    0.00   58.33
20:04:13      11   34.04    0.00    2.13    0.00    0.00    1.06    0.00    0.00    0.00   62.77
20:04:13      12   37.76    0.00    4.08    0.00    0.00    1.02    0.00    0.00    0.00   57.14
20:04:13      13   43.43    0.00    2.02    0.00    0.00    1.01    0.00    0.00    0.00   53.54
20:04:13      14   39.39    0.00    3.03    0.00    0.00    1.01    0.00    0.00    0.00   56.57
20:04:13      15   38.54    0.00    2.08    0.00    0.00    0.00    0.00    0.00    0.00   59.38
20:04:13      16   54.74    0.00    8.42    0.00    0.00    2.11    0.00    0.00    0.00   34.74
20:04:13      17   55.21    0.00    8.33    0.00    0.00    1.04    0.00    0.00    0.00   35.42
20:04:13      18   60.78    0.00    4.90    0.00    0.00    1.96    0.00    0.00    0.00   32.35
20:04:13      19   59.79    0.00    4.12    0.00    0.00    2.06    0.00    0.00    0.00   34.02
20:04:13      20   57.28    0.00    6.80    0.00    0.00    1.94    0.00    0.00    0.00   33.98
20:04:13      21   59.00    0.00    5.00    0.00    0.00    1.00    0.00    0.00    0.00   35.00
20:04:13      22   59.60    0.00    7.07    0.00    0.00    1.01    0.00    0.00    0.00   32.32
20:04:13      23   59.00    0.00    7.00    0.00    0.00    1.00    0.00    0.00    0.00   33.00
20:04:13      24   86.87    0.00    8.08    0.00    0.00    3.03    0.00    0.00    0.00    2.02
20:04:13      25   79.80    0.00   17.17    0.00    0.00    2.02    0.00    0.00    0.00    1.01
20:04:13      26   87.00    0.00    8.00    0.00    0.00    4.00    0.00    0.00    0.00    1.00
20:04:13      27   83.00    0.00   11.00    0.00    0.00    5.00    0.00    0.00    0.00    1.00
20:04:13      28   80.00    0.00   14.00    0.00    0.00    5.00    0.00    0.00    0.00    1.00
20:04:13      29   84.69    0.00   11.22    0.00    0.00    3.06    0.00    0.00    0.00    1.02
20:04:13      30   82.18    0.00   10.89    0.00    0.00    4.95    0.00    0.00    0.00    1.98
20:04:13      31   86.87    0.00   10.10    0.00    0.00    1.01    0.00    0.00    0.00    2.02

20:04:13     CPU    %usr   %nice    %sys %iowait    %irq   %soft  %steal  %guest  %gnice   %idle
20:04:14     all   59.31    0.00    7.07    0.00    0.00    1.89    0.00    0.00    0.00   31.74
20:04:14       0   58.16    0.00    7.14    0.00    0.00    2.04    0.00    0.00    0.00   32.65
20:04:14       1   60.20    0.00    4.08    0.00    0.00    3.06    0.00    0.00    0.00   32.65
20:04:14       2   59.57    0.00    5.32    0.00    0.00    1.06    0.00    0.00    0.00   34.04
20:04:14       3   60.00    0.00    7.00    0.00    0.00    2.00    0.00    0.00    0.00   31.00
20:04:14       4   59.79    0.00    5.15    0.00    0.00    1.03    0.00    0.00    0.00   34.02
20:04:14       5   59.18    0.00    6.12    0.00    0.00    1.02    0.00    0.00    0.00   33.67
20:04:14       6   48.48    0.00   10.10    0.00    0.00    1.01    0.00    0.00    0.00   40.40
20:04:14       7   48.96    0.00    8.33    0.00    0.00    1.04    0.00    0.00    0.00   41.67
20:04:14       8   32.26    0.00    2.15    0.00    0.00    0.00    0.00    0.00    0.00   65.59
20:04:14       9   37.00    0.00    2.00    0.00    0.00    1.00    0.00    0.00    0.00   60.00
20:04:14      10   38.38    0.00    2.02    0.00    0.00    1.01    0.00    0.00    0.00   58.59
20:04:14      11   40.20    0.00    1.96    0.00    0.00    0.98    0.00    0.00    0.00   56.86
20:04:14      12   44.55    0.00    7.92    0.00    0.00    0.00    0.00    0.00    0.00   47.52
20:04:14      13   45.00    0.00    3.00    0.00    0.00    1.00    0.00    0.00    0.00   51.00
20:04:14      14   41.00    0.00    3.00    0.00    0.00    1.00    0.00    0.00    0.00   55.00
20:04:14      15   36.08    0.00    3.09    0.00    0.00    3.09    0.00    0.00    0.00   57.73
20:04:14      16   58.65    0.00    7.69    0.00    0.00    2.88    0.00    0.00    0.00   30.77
20:04:14      17   60.78    0.00    7.84    0.00    0.00    0.00    0.00    0.00    0.00   31.37
20:04:14      18   56.70    0.00    9.28    0.00    0.00    1.03    0.00    0.00    0.00   32.99
20:04:14      19   56.84    0.00    7.37    0.00    0.00    2.11    0.00    0.00    0.00   33.68
20:04:14      20   57.69    0.00   10.58    0.00    0.00    0.96    0.00    0.00    0.00   30.77
20:04:14      21   60.00    0.00    5.26    0.00    0.00    1.05    0.00    0.00    0.00   33.68
20:04:14      22   50.96    0.00    6.73    0.00    0.00    2.88    0.00    0.00    0.00   39.42
20:04:14      23   48.94    0.00    8.51    0.00    0.00    0.00    0.00    0.00    0.00   42.55
20:04:14      24   82.18    0.00   11.88    0.00    0.00    3.96    0.00    0.00    0.00    1.98
20:04:14      25   80.20    0.00   13.86    0.00    0.00    3.96    0.00    0.00    0.00    1.98
20:04:14      26   82.18    0.00   11.88    0.00    0.00    3.96    0.00    0.00    0.00    1.98
20:04:14      27   84.85    0.00   10.10    0.00    0.00    4.04    0.00    0.00    0.00    1.01
20:04:14      28   86.87    0.00   10.10    0.00    0.00    2.02    0.00    0.00    0.00    1.01
20:04:14      29   85.29    0.00    8.82    0.00    0.00    3.92    0.00    0.00    0.00    1.96
20:04:14      30   87.88    0.00    7.07    0.00    0.00    4.04    0.00    0.00    0.00    1.01
20:04:14      31   85.15    0.00    9.90    0.00    0.00    2.97    0.00    0.00    0.00    1.98

20:04:14     CPU    %usr   %nice    %sys %iowait    %irq   %soft  %steal  %guest  %gnice   %idle
20:04:15     all   58.95    0.00    7.20    0.00    0.00    2.00    0.00    0.00    0.00   31.85
20:04:15       0   54.17    0.00   10.42    0.00    0.00    1.04    0.00    0.00    0.00   34.38
20:04:15       1   57.45    0.00    4.26    0.00    0.00    3.19    0.00    0.00    0.00   35.11
20:04:15       2   61.39    0.00    3.96    0.00    0.00    2.97    0.00    0.00    0.00   31.68
20:04:15       3   56.38    0.00    7.45    0.00    0.00    1.06    0.00    0.00    0.00   35.11
20:04:15       4   56.70    0.00    7.22    0.00    0.00    2.06    0.00    0.00    0.00   34.02
20:04:15       5   59.80    0.00    7.84    0.00    0.00    1.96    0.00    0.00    0.00   30.39
20:04:15       6   55.88    0.00    9.80    0.00    0.00    1.96    0.00    0.00    0.00   32.35
20:04:15       7   58.06    0.00    4.30    0.00    0.00    1.08    0.00    0.00    0.00   36.56
20:04:15       8   32.32    0.00    3.03    0.00    0.00    2.02    0.00    0.00    0.00   62.63
20:04:15       9   32.99    0.00    2.06    0.00    0.00    2.06    0.00    0.00    0.00   62.89
20:04:15      10   32.00    0.00    3.00    0.00    0.00    1.00    0.00    0.00    0.00   64.00
20:04:15      11   32.69    0.00    2.88    0.00    0.00    2.88    0.00    0.00    0.00   61.54
20:04:15      12   36.73    0.00    6.12    0.00    0.00    1.02    0.00    0.00    0.00   56.12
20:04:15      13   41.58    0.00    3.96    0.00    0.00    0.99    0.00    0.00    0.00   53.47
20:04:15      14   41.05    0.00    2.11    0.00    0.00    1.05    0.00    0.00    0.00   55.79
20:04:15      15   42.11    0.00    3.16    0.00    0.00    0.00    0.00    0.00    0.00   54.74
20:04:15      16   57.14    0.00    6.12    0.00    0.00    2.04    0.00    0.00    0.00   34.69
20:04:15      17   56.25    0.00    6.25    0.00    0.00    2.08    0.00    0.00    0.00   35.42
20:04:15      18   54.26    0.00    9.57    0.00    0.00    2.13    0.00    0.00    0.00   34.04
20:04:15      19   59.18    0.00    6.12    0.00    0.00    1.02    0.00    0.00    0.00   33.67
20:04:15      20   59.22    0.00    7.77    0.00    0.00    0.97    0.00    0.00    0.00   32.04
20:04:15      21   57.58    0.00   10.10    0.00    0.00    1.01    0.00    0.00    0.00   31.31
20:04:15      22   54.74    0.00    8.42    0.00    0.00    1.05    0.00    0.00    0.00   35.79
20:04:15      23   58.76    0.00    5.15    0.00    0.00    2.06    0.00    0.00    0.00   34.02
20:04:15      24   82.18    0.00   13.86    0.00    0.00    1.98    0.00    0.00    0.00    1.98
20:04:15      25   86.00    0.00    9.00    0.00    0.00    3.00    0.00    0.00    0.00    2.00
20:04:15      26   83.00    0.00   11.00    0.00    0.00    5.00    0.00    0.00    0.00    1.00
20:04:15      27   85.29    0.00    9.80    0.00    0.00    2.94    0.00    0.00    0.00    1.96
20:04:15      28   87.13    0.00    8.91    0.00    0.00    2.97    0.00    0.00    0.00    0.99
20:04:15      29   84.85    0.00   11.11    0.00    0.00    3.03    0.00    0.00    0.00    1.01
20:04:15      30   86.00    0.00   10.00    0.00    0.00    2.00    0.00    0.00    0.00    2.00
20:04:15      31   79.21    0.00   14.85    0.00    0.00    3.96    0.00    0.00    0.00    1.98

20:04:15     CPU    %usr   %nice    %sys %iowait    %irq   %soft  %steal  %guest  %gnice   %idle
20:04:16     all   59.44    0.00    6.79    0.00    0.00    1.97    0.00    0.00    0.00   31.80
20:04:16       0   58.00    0.00    8.00    0.00    0.00    1.00    0.00    0.00    0.00   33.00
20:04:16       1   57.00    0.00    9.00    0.00    0.00    2.00    0.00    0.00    0.00   32.00
20:04:16       2   59.38    0.00    5.21    0.00    0.00    1.04    0.00    0.00    0.00   34.38
20:04:16       3   57.14    0.00    7.14    0.00    0.00    1.02    0.00    0.00    0.00   34.69
20:04:16       4   60.22    0.00    5.38    0.00    0.00    0.00    0.00    0.00    0.00   34.41
20:04:16       5   60.00    0.00    4.21    0.00    0.00    1.05    0.00    0.00    0.00   34.74
20:04:16       6   50.50    0.00   12.87    0.00    0.00    0.99    0.00    0.00    0.00   35.64
20:04:16       7   57.84    0.00    5.88    0.00    0.00    0.98    0.00    0.00    0.00   35.29
20:04:16       8   39.22    0.00    2.94    0.00    0.00    1.96    0.00    0.00    0.00   55.88
20:04:16       9   39.39    0.00    2.02    0.00    0.00    0.00    0.00    0.00    0.00   58.59
20:04:16      10   32.65    0.00    2.04    0.00    0.00    2.04    0.00    0.00    0.00   63.27
20:04:16      11   31.96    0.00    4.12    0.00    0.00    1.03    0.00    0.00    0.00   62.89
20:04:16      12   39.58    0.00    4.17    0.00    0.00    1.04    0.00    0.00    0.00   55.21
20:04:16      13   37.11    0.00    4.12    0.00    0.00    3.09    0.00    0.00    0.00   55.67
20:04:16      14   41.58    0.00    4.95    0.00    0.00    1.98    0.00    0.00    0.00   51.49
20:04:16      15   42.27    0.00    3.09    0.00    0.00    1.03    0.00    0.00    0.00   53.61
20:04:16      16   60.82    0.00    5.15    0.00    0.00    1.03    0.00    0.00    0.00   32.99
20:04:16      17   56.70    0.00    7.22    0.00    0.00    2.06    0.00    0.00    0.00   34.02
20:04:16      18   60.61    0.00    3.03    0.00    0.00    2.02    0.00    0.00    0.00   34.34
20:04:16      19   56.70    0.00    5.15    0.00    0.00    3.09    0.00    0.00    0.00   35.05
20:04:16      20   58.16    0.00    6.12    0.00    0.00    2.04    0.00    0.00    0.00   33.67
20:04:16      21   57.89    0.00    6.32    0.00    0.00    2.11    0.00    0.00    0.00   33.68
20:04:16      22   54.55    0.00    7.07    0.00    0.00    1.01    0.00    0.00    0.00   37.37
20:04:16      23   51.52    0.00    7.07    0.00    0.00    2.02    0.00    0.00    0.00   39.39
20:04:16      24   84.85    0.00   10.10    0.00    0.00    4.04    0.00    0.00    0.00    1.01
20:04:16      25   85.86    0.00    9.09    0.00    0.00    4.04    0.00    0.00    0.00    1.01
20:04:16      26   82.18    0.00   12.87    0.00    0.00    3.96    0.00    0.00    0.00    0.99
20:04:16      27   82.83    0.00   13.13    0.00    0.00    3.03    0.00    0.00    0.00    1.01
20:04:16      28   80.00    0.00   13.00    0.00    0.00    5.00    0.00    0.00    0.00    2.00
20:04:16      29   88.00    0.00    9.00    0.00    0.00    1.00    0.00    0.00    0.00    2.00
20:04:16      30   88.00    0.00    8.00    0.00    0.00    3.00    0.00    0.00    0.00    1.00
20:04:16      31   87.00    0.00    9.00    0.00    0.00    3.00    0.00    0.00    0.00    1.00

20:04:16     CPU    %usr   %nice    %sys %iowait    %irq   %soft  %steal  %guest  %gnice   %idle
20:04:17     all   59.52    0.00    6.69    0.00    0.00    1.84    0.00    0.00    0.00   31.95
20:04:17       0   57.14    0.00    7.14    0.00    0.00    2.04    0.00    0.00    0.00   33.67
20:04:17       1   61.62    0.00    4.04    0.00    0.00    1.01    0.00    0.00    0.00   33.33
20:04:17       2   61.39    0.00    5.94    0.00    0.00    0.99    0.00    0.00    0.00   31.68
20:04:17       3   56.38    0.00    5.32    0.00    0.00    2.13    0.00    0.00    0.00   36.17
20:04:17       4   54.74    0.00    6.32    0.00    0.00    1.05    0.00    0.00    0.00   37.89
20:04:17       5   53.68    0.00    6.32    0.00    0.00    2.11    0.00    0.00    0.00   37.89
20:04:17       6   63.00    0.00    3.00    0.00    0.00    1.00    0.00    0.00    0.00   33.00
20:04:17       7   59.60    0.00    6.06    0.00    0.00    2.02    0.00    0.00    0.00   32.32
20:04:17       8   38.78    0.00    1.02    0.00    0.00    0.00    0.00    0.00    0.00   60.20
20:04:17       9   34.69    0.00    3.06    0.00    0.00    2.04    0.00    0.00    0.00   60.20
20:04:17      10   39.80    0.00    1.02    0.00    0.00    1.02    0.00    0.00    0.00   58.16
20:04:17      11   35.48    0.00    2.15    0.00    0.00    2.15    0.00    0.00    0.00   60.22
20:04:17      12   38.10    0.00    3.81    0.00    0.00    0.00    0.00    0.00    0.00   58.10
20:04:17      13   35.11    0.00    2.13    0.00    0.00    0.00    0.00    0.00    0.00   62.77
20:04:17      14   36.08    0.00    5.15    0.00    0.00    2.06    0.00    0.00    0.00   56.70
20:04:17      15   41.75    0.00    5.83    0.00    0.00    0.00    0.00    0.00    0.00   52.43
20:04:17      16   56.99    0.00    7.53    0.00    0.00    1.08    0.00    0.00    0.00   34.41
20:04:17      17   57.73    0.00    8.25    0.00    0.00    1.03    0.00    0.00    0.00   32.99
20:04:17      18   58.42    0.00    6.93    0.00    0.00    1.98    0.00    0.00    0.00   32.67
20:04:17      19   56.70    0.00    9.28    0.00    0.00    1.03    0.00    0.00    0.00   32.99
20:04:17      20   53.54    0.00    6.06    0.00    0.00    2.02    0.00    0.00    0.00   38.38
20:04:17      21   57.43    0.00    6.93    0.00    0.00    0.00    0.00    0.00    0.00   35.64
20:04:17      22   60.61    0.00    5.05    0.00    0.00    1.01    0.00    0.00    0.00   33.33
20:04:17      23   59.14    0.00    7.53    0.00    0.00    0.00    0.00    0.00    0.00   33.33
20:04:17      24   83.33    0.00    9.80    0.00    0.00    4.90    0.00    0.00    0.00    1.96
20:04:17      25   88.12    0.00    6.93    0.00    0.00    2.97    0.00    0.00    0.00    1.98
20:04:17      26   81.00    0.00   15.00    0.00    0.00    3.00    0.00    0.00    0.00    1.00
20:04:17      27   84.00    0.00   10.00    0.00    0.00    5.00    0.00    0.00    0.00    1.00
20:04:17      28   85.15    0.00    9.90    0.00    0.00    3.96    0.00    0.00    0.00    0.99
20:04:17      29   84.16    0.00   11.88    0.00    0.00    2.97    0.00    0.00    0.00    0.99
20:04:17      30   82.00    0.00   12.00    0.00    0.00    4.00    0.00    0.00    0.00    2.00
20:04:17      31   83.00    0.00   12.00    0.00    0.00    4.00    0.00    0.00    0.00    1.00

20:04:17     CPU    %usr   %nice    %sys %iowait    %irq   %soft  %steal  %guest  %gnice   %idle
20:04:18     all   59.68    0.00    6.92    0.00    0.00    2.12    0.00    0.00    0.00   31.28
20:04:18       0   53.06    0.00    9.18    0.00    0.00    1.02    0.00    0.00    0.00   36.73
20:04:18       1   51.61    0.00    7.53    0.00    0.00    2.15    0.00    0.00    0.00   38.71
20:04:18       2   61.62    0.00    5.05    0.00    0.00    3.03    0.00    0.00    0.00   30.30
20:04:18       3   60.00    0.00    6.00    0.00    0.00    2.00    0.00    0.00    0.00   32.00
20:04:18       4   56.44    0.00    7.92    0.00    0.00    2.97    0.00    0.00    0.00   32.67
20:04:18       5   63.27    0.00    3.06    0.00    0.00    2.04    0.00    0.00    0.00   31.63
20:04:18       6   61.29    0.00    6.45    0.00    0.00    1.08    0.00    0.00    0.00   31.18
20:04:18       7   58.33    0.00    6.25    0.00    0.00    2.08    0.00    0.00    0.00   33.33
20:04:18       8   37.89    0.00    5.26    0.00    0.00    2.11    0.00    0.00    0.00   54.74
20:04:18       9   43.30    0.00    2.06    0.00    0.00    1.03    0.00    0.00    0.00   53.61
20:04:18      10   32.63    0.00    3.16    0.00    0.00    1.05    0.00    0.00    0.00   63.16
20:04:18      11   33.67    0.00    4.08    0.00    0.00    2.04    0.00    0.00    0.00   60.20
20:04:18      12   30.39    0.00    5.88    0.00    0.00    1.96    0.00    0.00    0.00   61.76
20:04:18      13   29.17    0.00    2.08    0.00    0.00    2.08    0.00    0.00    0.00   66.67
20:04:18      14   40.20    0.00    3.92    0.00    0.00    1.96    0.00    0.00    0.00   53.92
20:04:18      15   38.38    0.00    3.03    0.00    0.00    2.02    0.00    0.00    0.00   56.57
20:04:18      16   58.25    0.00    5.83    0.00    0.00    0.97    0.00    0.00    0.00   34.95
20:04:18      17   51.52    0.00    8.08    0.00    0.00    2.02    0.00    0.00    0.00   38.38
20:04:18      18   60.61    0.00    8.08    0.00    0.00    1.01    0.00    0.00    0.00   30.30
20:04:18      19   63.16    0.00    5.26    0.00    0.00    0.00    0.00    0.00    0.00   31.58
20:04:18      20   61.32    0.00    3.77    0.00    0.00    3.77    0.00    0.00    0.00   31.13
20:04:18      21   59.18    0.00    5.10    0.00    0.00    2.04    0.00    0.00    0.00   33.67
20:04:18      22   64.49    0.00    5.61    0.00    0.00    1.87    0.00    0.00    0.00   28.04
20:04:18      23   60.61    0.00    5.05    0.00    0.00    3.03    0.00    0.00    0.00   31.31
20:04:18      24   86.73    0.00   12.24    0.00    0.00    1.02    0.00    0.00    0.00    0.00
20:04:18      25   86.00    0.00   11.00    0.00    0.00    2.00    0.00    0.00    0.00    1.00
20:04:18      26   83.00    0.00   12.00    0.00    0.00    4.00    0.00    0.00    0.00    1.00
20:04:18      27   82.00    0.00   15.00    0.00    0.00    2.00    0.00    0.00    0.00    1.00
20:04:18      28   88.89    0.00    7.07    0.00    0.00    3.03    0.00    0.00    0.00    1.01
20:04:18      29   82.83    0.00   12.12    0.00    0.00    4.04    0.00    0.00    0.00    1.01
20:04:18      30   85.15    0.00   10.89    0.00    0.00    1.98    0.00    0.00    0.00    1.98
20:04:18      31   81.00    0.00   13.00    0.00    0.00    4.00    0.00    0.00    0.00    2.00

20:04:18     CPU    %usr   %nice    %sys %iowait    %irq   %soft  %steal  %guest  %gnice   %idle
20:04:19     all   59.93    0.00    6.77    0.00    0.00    2.18    0.00    0.00    0.00   31.12
20:04:19       0   57.14    0.00   10.20    0.00    0.00    1.02    0.00    0.00    0.00   31.63
20:04:19       1   61.86    0.00    7.22    0.00    0.00    1.03    0.00    0.00    0.00   29.90
20:04:19       2   59.80    0.00    6.86    0.00    0.00    1.96    0.00    0.00    0.00   31.37
20:04:19       3   58.51    0.00    6.38    0.00    0.00    2.13    0.00    0.00    0.00   32.98
20:04:19       4   61.05    0.00    5.26    0.00    0.00    1.05    0.00    0.00    0.00   32.63
20:04:19       5   61.76    0.00    4.90    0.00    0.00    1.96    0.00    0.00    0.00   31.37
20:04:19       6   54.74    0.00    5.26    0.00    0.00    2.11    0.00    0.00    0.00   37.89
20:04:19       7   56.44    0.00    5.94    0.00    0.00    0.99    0.00    0.00    0.00   36.63
20:04:19       8   36.89    0.00    4.85    0.00    0.00    0.97    0.00    0.00    0.00   57.28
20:04:19       9   36.00    0.00    3.00    0.00    0.00    1.00    0.00    0.00    0.00   60.00
20:04:19      10   37.25    0.00    4.90    0.00    0.00    0.98    0.00    0.00    0.00   56.86
20:04:19      11   34.00    0.00    4.00    0.00    0.00    1.00    0.00    0.00    0.00   61.00
20:04:19      12   39.18    0.00    1.03    0.00    0.00    1.03    0.00    0.00    0.00   58.76
20:04:19      13   36.73    0.00    4.08    0.00    0.00    1.02    0.00    0.00    0.00   58.16
20:04:19      14   43.88    0.00    5.10    0.00    0.00    0.00    0.00    0.00    0.00   51.02
20:04:19      15   45.45    0.00    2.02    0.00    0.00    1.01    0.00    0.00    0.00   51.52
20:04:19      16   60.42    0.00    6.25    0.00    0.00    1.04    0.00    0.00    0.00   32.29
20:04:19      17   59.18    0.00    8.16    0.00    0.00    1.02    0.00    0.00    0.00   31.63
20:04:19      18   58.16    0.00    7.14    0.00    0.00    3.06    0.00    0.00    0.00   31.63
20:04:19      19   60.40    0.00    5.94    0.00    0.00    0.99    0.00    0.00    0.00   32.67
20:04:19      20   57.14    0.00    8.16    0.00    0.00    2.04    0.00    0.00    0.00   32.65
20:04:19      21   59.18    0.00    6.12    0.00    0.00    2.04    0.00    0.00    0.00   32.65
20:04:19      22   55.79    0.00    3.16    0.00    0.00    2.11    0.00    0.00    0.00   38.95
20:04:19      23   53.68    0.00    4.21    0.00    0.00    2.11    0.00    0.00    0.00   40.00
20:04:19      24   84.31    0.00    8.82    0.00    0.00    4.90    0.00    0.00    0.00    1.96
20:04:19      25   84.00    0.00   11.00    0.00    0.00    5.00    0.00    0.00    0.00    0.00
20:04:19      26   82.18    0.00   10.89    0.00    0.00    5.94    0.00    0.00    0.00    0.99
20:04:19      27   86.00    0.00   10.00    0.00    0.00    3.00    0.00    0.00    0.00    1.00
20:04:19      28   81.19    0.00   11.88    0.00    0.00    5.94    0.00    0.00    0.00    0.99
20:04:19      29   84.00    0.00   11.00    0.00    0.00    4.00    0.00    0.00    0.00    1.00
20:04:19      30   84.00    0.00   11.00    0.00    0.00    4.00    0.00    0.00    0.00    1.00
20:04:19      31   85.71    0.00   11.22    0.00    0.00    3.06    0.00    0.00    0.00    0.00

20:04:19     CPU    %usr   %nice    %sys %iowait    %irq   %soft  %steal  %guest  %gnice   %idle
20:04:20     all   59.66    0.00    6.75    0.00    0.00    1.84    0.00    0.00    0.00   31.75
20:04:20       0   58.33    0.00    5.21    0.00    0.00    2.08    0.00    0.00    0.00   34.38
20:04:20       1   59.80    0.00    4.90    0.00    0.00    0.98    0.00    0.00    0.00   34.31
20:04:20       2   57.45    0.00    8.51    0.00    0.00    0.00    0.00    0.00    0.00   34.04
20:04:20       3   59.22    0.00    4.85    0.00    0.00    1.94    0.00    0.00    0.00   33.98
20:04:20       4   55.45    0.00    7.92    0.00    0.00    2.97    0.00    0.00    0.00   33.66
20:04:20       5   59.79    0.00    5.15    0.00    0.00    1.03    0.00    0.00    0.00   34.02
20:04:20       6   57.58    0.00    5.05    0.00    0.00    2.02    0.00    0.00    0.00   35.35
20:04:20       7   54.95    0.00    5.49    0.00    0.00    1.10    0.00    0.00    0.00   38.46
20:04:20       8   36.08    0.00    3.09    0.00    0.00    1.03    0.00    0.00    0.00   59.79
20:04:20       9   39.81    0.00    3.88    0.00    0.00    0.97    0.00    0.00    0.00   55.34
20:04:20      10   38.38    0.00    4.04    0.00    0.00    1.01    0.00    0.00    0.00   56.57
20:04:20      11   39.80    0.00    3.06    0.00    0.00    1.02    0.00    0.00    0.00   56.12
20:04:20      12   41.75    0.00    0.97    0.00    0.00    0.97    0.00    0.00    0.00   56.31
20:04:20      13   38.61    0.00    3.96    0.00    0.00    0.00    0.00    0.00    0.00   57.43
20:04:20      14   38.95    0.00    3.16    0.00    0.00    1.05    0.00    0.00    0.00   56.84
20:04:20      15   38.38    0.00    4.04    0.00    0.00    1.01    0.00    0.00    0.00   56.57
20:04:20      16   58.16    0.00    5.10    0.00    0.00    2.04    0.00    0.00    0.00   34.69
20:04:20      17   54.72    0.00    7.55    0.00    0.00    3.77    0.00    0.00    0.00   33.96
20:04:20      18   57.29    0.00    6.25    0.00    0.00    1.04    0.00    0.00    0.00   35.42
20:04:20      19   59.60    0.00    6.06    0.00    0.00    1.01    0.00    0.00    0.00   33.33
20:04:20      20   59.18    0.00    7.14    0.00    0.00    0.00    0.00    0.00    0.00   33.67
20:04:20      21   59.57    0.00    5.32    0.00    0.00    0.00    0.00    0.00    0.00   35.11
20:04:20      22   56.99    0.00    5.38    0.00    0.00    2.15    0.00    0.00    0.00   35.48
20:04:20      23   54.17    0.00    9.38    0.00    0.00    1.04    0.00    0.00    0.00   35.42
20:04:20      24   85.00    0.00   12.00    0.00    0.00    2.00    0.00    0.00    0.00    1.00
20:04:20      25   83.67    0.00   11.22    0.00    0.00    4.08    0.00    0.00    0.00    1.02
20:04:20      26   87.88    0.00    9.09    0.00    0.00    2.02    0.00    0.00    0.00    1.01
20:04:20      27   82.83    0.00   13.13    0.00    0.00    3.03    0.00    0.00    0.00    1.01
20:04:20      28   82.00    0.00   11.00    0.00    0.00    6.00    0.00    0.00    0.00    1.00
20:04:20      29   86.00    0.00   10.00    0.00    0.00    3.00    0.00    0.00    0.00    1.00
20:04:20      30   83.00    0.00   13.00    0.00    0.00    3.00    0.00    0.00    0.00    1.00
20:04:20      31   83.33    0.00   10.78    0.00    0.00    4.90    0.00    0.00    0.00    0.98

20:04:20     CPU    %usr   %nice    %sys %iowait    %irq   %soft  %steal  %guest  %gnice   %idle
20:04:21     all   59.06    0.00    7.21    0.00    0.00    1.99    0.00    0.00    0.00   31.73
20:04:21       0   59.60    0.00    5.05    0.00    0.00    1.01    0.00    0.00    0.00   34.34
20:04:21       1   57.58    0.00    7.07    0.00    0.00    2.02    0.00    0.00    0.00   33.33
20:04:21       2   58.51    0.00    5.32    0.00    0.00    1.06    0.00    0.00    0.00   35.11
20:04:21       3   56.70    0.00    5.15    0.00    0.00    2.06    0.00    0.00    0.00   36.08
20:04:21       4   61.90    0.00    5.71    0.00    0.00    1.90    0.00    0.00    0.00   30.48
20:04:21       5   57.58    0.00    7.07    0.00    0.00    1.01    0.00    0.00    0.00   34.34
20:04:21       6   58.33    0.00    7.29    0.00    0.00    0.00    0.00    0.00    0.00   34.38
20:04:21       7   55.21    0.00    7.29    0.00    0.00    3.12    0.00    0.00    0.00   34.38
20:04:21       8   37.00    0.00    1.00    0.00    0.00    1.00    0.00    0.00    0.00   61.00
20:04:21       9   33.33    0.00    2.08    0.00    0.00    1.04    0.00    0.00    0.00   63.54
20:04:21      10   35.64    0.00    3.96    0.00    0.00    0.99    0.00    0.00    0.00   59.41
20:04:21      11   35.35    0.00    4.04    0.00    0.00    1.01    0.00    0.00    0.00   59.60
20:04:21      12   37.11    0.00    4.12    0.00    0.00    0.00    0.00    0.00    0.00   58.76
20:04:21      13   35.35    0.00    4.04    0.00    0.00    2.02    0.00    0.00    0.00   58.59
20:04:21      14   44.12    0.00    4.90    0.00    0.00    0.98    0.00    0.00    0.00   50.00
20:04:21      15   35.79    0.00    6.32    0.00    0.00    2.11    0.00    0.00    0.00   55.79
20:04:21      16   59.41    0.00    4.95    0.00    0.00    1.98    0.00    0.00    0.00   33.66
20:04:21      17   55.56    0.00    8.08    0.00    0.00    2.02    0.00    0.00    0.00   34.34
20:04:21      18   60.00    0.00    6.00    0.00    0.00    1.00    0.00    0.00    0.00   33.00
20:04:21      19   57.43    0.00    7.92    0.00    0.00    1.98    0.00    0.00    0.00   32.67
20:04:21      20   57.58    0.00    7.07    0.00    0.00    0.00    0.00    0.00    0.00   35.35
20:04:21      21   61.00    0.00    5.00    0.00    0.00    2.00    0.00    0.00    0.00   32.00
20:04:21      22   60.00    0.00    5.26    0.00    0.00    1.05    0.00    0.00    0.00   33.68
20:04:21      23   54.17    0.00    8.33    0.00    0.00    2.08    0.00    0.00    0.00   35.42
20:04:21      24   78.57    0.00   16.33    0.00    0.00    4.08    0.00    0.00    0.00    1.02
20:04:21      25   80.00    0.00   15.00    0.00    0.00    4.00    0.00    0.00    0.00    1.00
20:04:21      26   83.67    0.00   11.22    0.00    0.00    5.10    0.00    0.00    0.00    0.00
20:04:21      27   85.00    0.00    7.00    0.00    0.00    7.00    0.00    0.00    0.00    1.00
20:04:21      28   82.18    0.00   13.86    0.00    0.00    1.98    0.00    0.00    0.00    1.98
20:04:21      29   83.00    0.00   13.00    0.00    0.00    3.00    0.00    0.00    0.00    1.00
20:04:21      30   85.86    0.00   10.10    0.00    0.00    2.02    0.00    0.00    0.00    2.02
20:04:21      31   85.00    0.00   11.00    0.00    0.00    3.00    0.00    0.00    0.00    1.00

20:04:21     CPU    %usr   %nice    %sys %iowait    %irq   %soft  %steal  %guest  %gnice   %idle
20:04:22     all   59.30    0.00    7.27    0.00    0.00    2.08    0.00    0.00    0.00   31.35
20:04:22       0   53.92    0.00    9.80    0.00    0.00    2.94    0.00    0.00    0.00   33.33
20:04:22       1   58.16    0.00    6.12    0.00    0.00    2.04    0.00    0.00    0.00   33.67
20:04:22       2   56.12    0.00    7.14    0.00    0.00    3.06    0.00    0.00    0.00   33.67
20:04:22       3   56.57    0.00    8.08    0.00    0.00    1.01    0.00    0.00    0.00   34.34
20:04:22       4   54.17    0.00   10.42    0.00    0.00    1.04    0.00    0.00    0.00   34.38
20:04:22       5   61.62    0.00    5.05    0.00    0.00    0.00    0.00    0.00    0.00   33.33
20:04:22       6   57.14    0.00    6.12    0.00    0.00    2.04    0.00    0.00    0.00   34.69
20:04:22       7   59.60    0.00    7.07    0.00    0.00    1.01    0.00    0.00    0.00   32.32
20:04:22       8   35.00    0.00    2.00    0.00    0.00    2.00    0.00    0.00    0.00   61.00
20:04:22       9   31.11    0.00    5.56    0.00    0.00    0.00    0.00    0.00    0.00   63.33
20:04:22      10   40.38    0.00    3.85    0.00    0.00    0.96    0.00    0.00    0.00   54.81
20:04:22      11   39.22    0.00    2.94    0.00    0.00    0.98    0.00    0.00    0.00   56.86
20:04:22      12   36.73    0.00    3.06    0.00    0.00    0.00    0.00    0.00    0.00   60.20
20:04:22      13   37.76    0.00    1.02    0.00    0.00    0.00    0.00    0.00    0.00   61.22
20:04:22      14   40.43    0.00    5.32    0.00    0.00    1.06    0.00    0.00    0.00   53.19
20:04:22      15   48.54    0.00    2.91    0.00    0.00    1.94    0.00    0.00    0.00   46.60
20:04:22      16   60.78    0.00    3.92    0.00    0.00    1.96    0.00    0.00    0.00   33.33
20:04:22      17   59.22    0.00    7.77    0.00    0.00    0.97    0.00    0.00    0.00   32.04
20:04:22      18   55.32    0.00    6.38    0.00    0.00    1.06    0.00    0.00    0.00   37.23
20:04:22      19   55.67    0.00    4.12    0.00    0.00    4.12    0.00    0.00    0.00   36.08
20:04:22      20   59.62    0.00    5.77    0.00    0.00    2.88    0.00    0.00    0.00   31.73
20:04:22      21   56.38    0.00    7.45    0.00    0.00    1.06    0.00    0.00    0.00   35.11
20:04:22      22   57.84    0.00    8.82    0.00    0.00    1.96    0.00    0.00    0.00   31.37
20:04:22      23   59.00    0.00    7.00    0.00    0.00    2.00    0.00    0.00    0.00   32.00
20:04:22      24   83.17    0.00   11.88    0.00    0.00    3.96    0.00    0.00    0.00    0.99
20:04:22      25   82.18    0.00   11.88    0.00    0.00    3.96    0.00    0.00    0.00    1.98
20:04:22      26   82.18    0.00    9.90    0.00    0.00    5.94    0.00    0.00    0.00    1.98
20:04:22      27   86.00    0.00    9.00    0.00    0.00    3.00    0.00    0.00    0.00    2.00
20:04:22      28   80.81    0.00   14.14    0.00    0.00    4.04    0.00    0.00    0.00    1.01
20:04:22      29   81.19    0.00   12.87    0.00    0.00    3.96    0.00    0.00    0.00    1.98
20:04:22      30   84.00    0.00   12.00    0.00    0.00    3.00    0.00    0.00    0.00    1.00
20:04:22      31   83.00    0.00   13.00    0.00    0.00    2.00    0.00    0.00    0.00    2.00

20:04:22     CPU    %usr   %nice    %sys %iowait    %irq   %soft  %steal  %guest  %gnice   %idle
20:04:23     all   59.18    0.00    6.97    0.00    0.00    2.00    0.00    0.00    0.00   31.85
20:04:23       0   59.79    0.00    6.19    0.00    0.00    0.00    0.00    0.00    0.00   34.02
20:04:23       1   59.80    0.00    6.86    0.00    0.00    0.98    0.00    0.00    0.00   32.35
20:04:23       2   58.65    0.00    8.65    0.00    0.00    0.96    0.00    0.00    0.00   31.73
20:04:23       3   52.81    0.00    6.74    0.00    0.00    3.37    0.00    0.00    0.00   37.08
20:04:23       4   52.75    0.00    7.69    0.00    0.00    2.20    0.00    0.00    0.00   37.36
20:04:23       5   57.89    0.00    3.16    0.00    0.00    2.11    0.00    0.00    0.00   36.84
20:04:23       6   56.70    0.00    8.25    0.00    0.00    2.06    0.00    0.00    0.00   32.99
20:04:23       7   60.78    0.00    4.90    0.00    0.00    2.94    0.00    0.00    0.00   31.37
20:04:23       8   35.64    0.00    3.96    0.00    0.00    0.99    0.00    0.00    0.00   59.41
20:04:23       9   35.05    0.00    1.03    0.00    0.00    1.03    0.00    0.00    0.00   62.89
20:04:23      10   36.00    0.00    2.00    0.00    0.00    1.00    0.00    0.00    0.00   61.00
20:04:23      11   35.05    0.00    4.12    0.00    0.00    0.00    0.00    0.00    0.00   60.82
20:04:23      12   36.63    0.00    1.98    0.00    0.00    0.99    0.00    0.00    0.00   60.40
20:04:23      13   33.33    0.00    3.03    0.00    0.00    1.01    0.00    0.00    0.00   62.63
20:04:23      14   44.00    0.00    4.00    0.00    0.00    2.00    0.00    0.00    0.00   50.00
20:04:23      15   44.44    0.00    5.05    0.00    0.00    0.00    0.00    0.00    0.00   50.51
20:04:23      16   57.58    0.00    8.08    0.00    0.00    2.02    0.00    0.00    0.00   32.32
20:04:23      17   58.00    0.00    7.00    0.00    0.00    1.00    0.00    0.00    0.00   34.00
20:04:23      18   55.67    0.00    7.22    0.00    0.00    3.09    0.00    0.00    0.00   34.02
20:04:23      19   62.24    0.00    2.04    0.00    0.00    2.04    0.00    0.00    0.00   33.67
20:04:23      20   57.14    0.00    6.12    0.00    0.00    3.06    0.00    0.00    0.00   33.67
20:04:23      21   58.33    0.00    5.21    0.00    0.00    1.04    0.00    0.00    0.00   35.42
20:04:23      22   60.00    0.00    6.00    0.00    0.00    1.00    0.00    0.00    0.00   33.00
20:04:23      23   57.14    0.00    8.16    0.00    0.00    2.04    0.00    0.00    0.00   32.65
20:04:23      24   85.86    0.00   10.10    0.00    0.00    3.03    0.00    0.00    0.00    1.01
20:04:23      25   83.00    0.00   11.00    0.00    0.00    4.00    0.00    0.00    0.00    2.00
20:04:23      26   82.83    0.00   14.14    0.00    0.00    2.02    0.00    0.00    0.00    1.01
20:04:23      27   82.18    0.00   11.88    0.00    0.00    3.96    0.00    0.00    0.00    1.98
20:04:23      28   82.18    0.00   11.88    0.00    0.00    3.96    0.00    0.00    0.00    1.98
20:04:23      29   81.00    0.00   13.00    0.00    0.00    4.00    0.00    0.00    0.00    2.00
20:04:23      30   84.00    0.00   12.00    0.00    0.00    3.00    0.00    0.00    0.00    1.00
20:04:23      31   84.69    0.00   11.22    0.00    0.00    3.06    0.00    0.00    0.00    1.02

20:04:23     CPU    %usr   %nice    %sys %iowait    %irq   %soft  %steal  %guest  %gnice   %idle
20:04:24     all   58.90    0.00    6.98    0.00    0.00    2.21    0.00    0.00    0.00   31.91
20:04:24       0   59.80    0.00    5.88    0.00    0.00    0.98    0.00    0.00    0.00   33.33
20:04:24       1   60.61    0.00    4.04    0.00    0.00    2.02    0.00    0.00    0.00   33.33
20:04:24       2   59.41    0.00    5.94    0.00    0.00    1.98    0.00    0.00    0.00   32.67
20:04:24       3   62.63    0.00    4.04    0.00    0.00    1.01    0.00    0.00    0.00   32.32
20:04:24       4   57.73    0.00    4.12    0.00    0.00    2.06    0.00    0.00    0.00   36.08
20:04:24       5   58.82    0.00    6.86    0.00    0.00    0.98    0.00    0.00    0.00   33.33
20:04:24       6   60.78    0.00    3.92    0.00    0.00    2.94    0.00    0.00    0.00   32.35
20:04:24       7   57.58    0.00    7.07    0.00    0.00    2.02    0.00    0.00    0.00   33.33
20:04:24       8   31.91    0.00    3.19    0.00    0.00    1.06    0.00    0.00    0.00   63.83
20:04:24       9   33.68    0.00    3.16    0.00    0.00    1.05    0.00    0.00    0.00   62.11
20:04:24      10   29.17    0.00    3.12    0.00    0.00    1.04    0.00    0.00    0.00   66.67
20:04:24      11   27.72    0.00    5.94    0.00    0.00    1.98    0.00    0.00    0.00   64.36
20:04:24      12   40.82    0.00    6.12    0.00    0.00    0.00    0.00    0.00    0.00   53.06
20:04:24      13   33.33    0.00    6.45    0.00    0.00    1.08    0.00    0.00    0.00   59.14
20:04:24      14   40.40    0.00    3.03    0.00    0.00    0.00    0.00    0.00    0.00   56.57
20:04:24      15   40.00    0.00    2.00    0.00    0.00    1.00    0.00    0.00    0.00   57.00
20:04:24      16   58.00    0.00    6.00    0.00    0.00    3.00    0.00    0.00    0.00   33.00
20:04:24      17   57.73    0.00    6.19    0.00    0.00    2.06    0.00    0.00    0.00   34.02
20:04:24      18   59.18    0.00    6.12    0.00    0.00    2.04    0.00    0.00    0.00   32.65
20:04:24      19   58.00    0.00    8.00    0.00    0.00    2.00    0.00    0.00    0.00   32.00
20:04:24      20   54.00    0.00    9.00    0.00    0.00    2.00    0.00    0.00    0.00   35.00
20:04:24      21   59.43    0.00    7.55    0.00    0.00    1.89    0.00    0.00    0.00   31.13
20:04:24      22   58.00    0.00    8.00    0.00    0.00    2.00    0.00    0.00    0.00   32.00
20:04:24      23   55.32    0.00    8.51    0.00    0.00    1.06    0.00    0.00    0.00   35.11
20:04:24      24   84.00    0.00   11.00    0.00    0.00    3.00    0.00    0.00    0.00    2.00
20:04:24      25   80.00    0.00   13.00    0.00    0.00    6.00    0.00    0.00    0.00    1.00
20:04:24      26   83.84    0.00   10.10    0.00    0.00    4.04    0.00    0.00    0.00    2.02
20:04:24      27   82.18    0.00   10.89    0.00    0.00    4.95    0.00    0.00    0.00    1.98
20:04:24      28   84.85    0.00   10.10    0.00    0.00    4.04    0.00    0.00    0.00    1.01
20:04:24      29   84.69    0.00    9.18    0.00    0.00    5.10    0.00    0.00    0.00    1.02
20:04:24      30   84.85    0.00   10.10    0.00    0.00    3.03    0.00    0.00    0.00    2.02
20:04:24      31   81.00    0.00   14.00    0.00    0.00    3.00    0.00    0.00    0.00    2.00

20:04:24     CPU    %usr   %nice    %sys %iowait    %irq   %soft  %steal  %guest  %gnice   %idle
20:04:25     all   59.80    0.00    6.85    0.00    0.00    1.96    0.00    0.00    0.00   31.39
20:04:25       0   60.20    0.00    7.14    0.00    0.00    2.04    0.00    0.00    0.00   30.61
20:04:25       1   58.95    0.00    6.32    0.00    0.00    2.11    0.00    0.00    0.00   32.63
20:04:25       2   59.00    0.00    7.00    0.00    0.00    2.00    0.00    0.00    0.00   32.00
20:04:25       3   61.22    0.00    4.08    0.00    0.00    2.04    0.00    0.00    0.00   32.65
20:04:25       4   59.00    0.00    8.00    0.00    0.00    1.00    0.00    0.00    0.00   32.00
20:04:25       5   57.14    0.00    7.14    0.00    0.00    2.04    0.00    0.00    0.00   33.67
20:04:25       6   57.00    0.00    7.00    0.00    0.00    4.00    0.00    0.00    0.00   32.00
20:04:25       7   60.20    0.00    6.12    0.00    0.00    1.02    0.00    0.00    0.00   32.65
20:04:25       8   41.75    0.00    4.85    0.00    0.00    0.00    0.00    0.00    0.00   53.40
20:04:25       9   39.18    0.00    3.09    0.00    0.00    1.03    0.00    0.00    0.00   56.70
20:04:25      10   25.00    0.00    3.12    0.00    0.00    0.00    0.00    0.00    0.00   71.88
20:04:25      11   28.57    0.00    3.06    0.00    0.00    0.00    0.00    0.00    0.00   68.37
20:04:25      12   37.76    0.00    4.08    0.00    0.00    2.04    0.00    0.00    0.00   56.12
20:04:25      13   41.35    0.00    2.88    0.00    0.00    0.96    0.00    0.00    0.00   54.81
20:04:25      14   37.76    0.00    4.08    0.00    0.00    0.00    0.00    0.00    0.00   58.16
20:04:25      15   36.08    0.00    3.09    0.00    0.00    1.03    0.00    0.00    0.00   59.79
20:04:25      16   60.20    0.00    6.12    0.00    0.00    2.04    0.00    0.00    0.00   31.63
20:04:25      17   58.16    0.00    8.16    0.00    0.00    2.04    0.00    0.00    0.00   31.63
20:04:25      18   55.56    0.00   10.10    0.00    0.00    2.02    0.00    0.00    0.00   32.32
20:04:25      19   57.14    0.00    8.16    0.00    0.00    1.02    0.00    0.00    0.00   33.67
20:04:25      20   62.38    0.00    4.95    0.00    0.00    0.99    0.00    0.00    0.00   31.68
20:04:25      21   60.20    0.00    7.14    0.00    0.00    0.00    0.00    0.00    0.00   32.65
20:04:25      22   60.61    0.00    5.05    0.00    0.00    1.01    0.00    0.00    0.00   33.33
20:04:25      23   64.08    0.00    3.88    0.00    0.00    0.97    0.00    0.00    0.00   31.07
20:04:25      24   85.86    0.00    8.08    0.00    0.00    5.05    0.00    0.00    0.00    1.01
20:04:25      25   84.85    0.00   10.10    0.00    0.00    4.04    0.00    0.00    0.00    1.01
20:04:25      26   80.20    0.00   13.86    0.00    0.00    3.96    0.00    0.00    0.00    1.98
20:04:25      27   86.73    0.00    8.16    0.00    0.00    4.08    0.00    0.00    0.00    1.02
20:04:25      28   83.84    0.00   12.12    0.00    0.00    2.02    0.00    0.00    0.00    2.02
20:04:25      29   82.18    0.00   11.88    0.00    0.00    3.96    0.00    0.00    0.00    1.98
20:04:25      30   86.87    0.00    7.07    0.00    0.00    5.05    0.00    0.00    0.00    1.01
20:04:25      31   82.83    0.00   13.13    0.00    0.00    3.03    0.00    0.00    0.00    1.01

20:04:25     CPU    %usr   %nice    %sys %iowait    %irq   %soft  %steal  %guest  %gnice   %idle
20:04:26     all   59.05    0.00    7.16    0.00    0.00    1.97    0.00    0.00    0.00   31.82
20:04:26       0   56.52    0.00    5.43    0.00    0.00    2.17    0.00    0.00    0.00   35.87
20:04:26       1   59.38    0.00    5.21    0.00    0.00    2.08    0.00    0.00    0.00   33.33
20:04:26       2   56.25    0.00    7.29    0.00    0.00    2.08    0.00    0.00    0.00   34.38
20:04:26       3   60.00    0.00    6.00    0.00    0.00    1.00    0.00    0.00    0.00   33.00
20:04:26       4   54.64    0.00    6.19    0.00    0.00    2.06    0.00    0.00    0.00   37.11
20:04:26       5   58.16    0.00    6.12    0.00    0.00    1.02    0.00    0.00    0.00   34.69
20:04:26       6   57.89    0.00    6.32    0.00    0.00    2.11    0.00    0.00    0.00   33.68
20:04:26       7   59.41    0.00    6.93    0.00    0.00    1.98    0.00    0.00    0.00   31.68
20:04:26       8   35.71    0.00    1.02    0.00    0.00    1.02    0.00    0.00    0.00   62.24
20:04:26       9   34.04    0.00    4.26    0.00    0.00    1.06    0.00    0.00    0.00   60.64
20:04:26      10   25.81    0.00    5.38    0.00    0.00    4.30    0.00    0.00    0.00   64.52
20:04:26      11   36.73    0.00    3.06    0.00    0.00    0.00    0.00    0.00    0.00   60.20
20:04:26      12   34.65    0.00    2.97    0.00    0.00    0.00    0.00    0.00    0.00   62.38
20:04:26      13   35.58    0.00    4.81    0.00    0.00    0.96    0.00    0.00    0.00   58.65
20:04:26      14   44.33    0.00    5.15    0.00    0.00    1.03    0.00    0.00    0.00   49.48
20:04:26      15   37.11    0.00    6.19    0.00    0.00    1.03    0.00    0.00    0.00   55.67
20:04:26      16   55.67    0.00    9.28    0.00    0.00    1.03    0.00    0.00    0.00   34.02
20:04:26      17   61.39    0.00    6.93    0.00    0.00    0.00    0.00    0.00    0.00   31.68
20:04:26      18   58.59    0.00    7.07    0.00    0.00    1.01    0.00    0.00    0.00   33.33
20:04:26      19   62.00    0.00    5.00    0.00    0.00    1.00    0.00    0.00    0.00   32.00
20:04:26      20   54.26    0.00    9.57    0.00    0.00    0.00    0.00    0.00    0.00   36.17
20:04:26      21   59.22    0.00    5.83    0.00    0.00    1.94    0.00    0.00    0.00   33.01
20:04:26      22   59.60    0.00    6.06    0.00    0.00    2.02    0.00    0.00    0.00   32.32
20:04:26      23   61.54    0.00    6.73    0.00    0.00    0.96    0.00    0.00    0.00   30.77
20:04:26      24   79.21    0.00   13.86    0.00    0.00    4.95    0.00    0.00    0.00    1.98
20:04:26      25   83.17    0.00   10.89    0.00    0.00    3.96    0.00    0.00    0.00    1.98
20:04:26      26   82.83    0.00   11.11    0.00    0.00    4.04    0.00    0.00    0.00    2.02
20:04:26      27   86.87    0.00    8.08    0.00    0.00    3.03    0.00    0.00    0.00    2.02
20:04:26      28   82.18    0.00   11.88    0.00    0.00    3.96    0.00    0.00    0.00    1.98
20:04:26      29   82.83    0.00   12.12    0.00    0.00    4.04    0.00    0.00    0.00    1.01
20:04:26      30   84.00    0.00   11.00    0.00    0.00    4.00    0.00    0.00    0.00    1.00
20:04:26      31   84.16    0.00   10.89    0.00    0.00    2.97    0.00    0.00    0.00    1.98

20:04:26     CPU    %usr   %nice    %sys %iowait    %irq   %soft  %steal  %guest  %gnice   %idle
20:04:27     all   59.15    0.00    6.79    0.00    0.00    2.15    0.00    0.00    0.00   31.91
20:04:27       0   61.39    0.00    4.95    0.00    0.00    1.98    0.00    0.00    0.00   31.68
20:04:27       1   60.00    0.00    5.26    0.00    0.00    1.05    0.00    0.00    0.00   33.68
20:04:27       2   60.22    0.00    5.38    0.00    0.00    0.00    0.00    0.00    0.00   34.41
20:04:27       3   60.82    0.00    6.19    0.00    0.00    1.03    0.00    0.00    0.00   31.96
20:04:27       4   61.00    0.00    6.00    0.00    0.00    2.00    0.00    0.00    0.00   31.00
20:04:27       5   57.29    0.00    6.25    0.00    0.00    2.08    0.00    0.00    0.00   34.38
20:04:27       6   51.02    0.00    8.16    0.00    0.00    3.06    0.00    0.00    0.00   37.76
20:04:27       7   58.82    0.00    4.90    0.00    0.00    1.96    0.00    0.00    0.00   34.31
20:04:27       8   41.58    0.00    4.95    0.00    0.00    0.99    0.00    0.00    0.00   52.48
20:04:27       9   44.76    0.00    4.76    0.00    0.00    0.95    0.00    0.00    0.00   49.52
20:04:27      10   33.67    0.00    3.06    0.00    0.00    1.02    0.00    0.00    0.00   62.24
20:04:27      11   36.46    0.00    2.08    0.00    0.00    1.04    0.00    0.00    0.00   60.42
20:04:27      12   36.46    0.00    2.08    0.00    0.00    0.00    0.00    0.00    0.00   61.46
20:04:27      13   36.89    0.00    3.88    0.00    0.00    1.94    0.00    0.00    0.00   57.28
20:04:27      14   33.33    0.00    2.15    0.00    0.00    0.00    0.00    0.00    0.00   64.52
20:04:27      15   32.65    0.00    4.08    0.00    0.00    1.02    0.00    0.00    0.00   62.24
20:04:27      16   57.84    0.00    6.86    0.00    0.00    1.96    0.00    0.00    0.00   33.33
20:04:27      17   57.29    0.00    7.29    0.00    0.00    0.00    0.00    0.00    0.00   35.42
20:04:27      18   59.00    0.00    5.00    0.00    0.00    2.00    0.00    0.00    0.00   34.00
20:04:27      19   58.33    0.00    7.29    0.00    0.00    1.04    0.00    0.00    0.00   33.33
20:04:27      20   57.14    0.00    8.16    0.00    0.00    2.04    0.00    0.00    0.00   32.65
20:04:27      21   55.88    0.00    8.82    0.00    0.00    1.96    0.00    0.00    0.00   33.33
20:04:27      22   58.16    0.00    4.08    0.00    0.00    2.04    0.00    0.00    0.00   35.71
20:04:27      23   55.56    0.00    6.06    0.00    0.00    3.03    0.00    0.00    0.00   35.35
20:04:27      24   81.19    0.00   13.86    0.00    0.00    2.97    0.00    0.00    0.00    1.98
20:04:27      25   83.00    0.00   10.00    0.00    0.00    5.00    0.00    0.00    0.00    2.00
20:04:27      26   83.17    0.00   12.87    0.00    0.00    2.97    0.00    0.00    0.00    0.99
20:04:27      27   83.00    0.00   12.00    0.00    0.00    4.00    0.00    0.00    0.00    1.00
20:04:27      28   81.19    0.00    8.91    0.00    0.00    7.92    0.00    0.00    0.00    1.98
20:04:27      29   84.00    0.00   11.00    0.00    0.00    3.00    0.00    0.00    0.00    2.00
20:04:27      30   84.85    0.00    9.09    0.00    0.00    4.04    0.00    0.00    0.00    2.02
20:04:27      31   83.00    0.00   11.00    0.00    0.00    4.00    0.00    0.00    0.00    2.00

20:04:27     CPU    %usr   %nice    %sys %iowait    %irq   %soft  %steal  %guest  %gnice   %idle
20:04:28     all   59.59    0.00    6.78    0.00    0.00    2.08    0.00    0.00    0.00   31.55
20:04:28       0   57.29    0.00    6.25    0.00    0.00    1.04    0.00    0.00    0.00   35.42
20:04:28       1   58.00    0.00    7.00    0.00    0.00    1.00    0.00    0.00    0.00   34.00
20:04:28       2   60.00    0.00    6.00    0.00    0.00    1.00    0.00    0.00    0.00   33.00
20:04:28       3   60.61    0.00    4.04    0.00    0.00    1.01    0.00    0.00    0.00   34.34
20:04:28       4   55.10    0.00    8.16    0.00    0.00    1.02    0.00    0.00    0.00   35.71
20:04:28       5   55.21    0.00    9.38    0.00    0.00    0.00    0.00    0.00    0.00   35.42
20:04:28       6   61.39    0.00    4.95    0.00    0.00    1.98    0.00    0.00    0.00   31.68
20:04:28       7   55.56    0.00    7.07    0.00    0.00    4.04    0.00    0.00    0.00   33.33
20:04:28       8   37.86    0.00    6.80    0.00    0.00    0.97    0.00    0.00    0.00   54.37
20:04:28       9   44.76    0.00    0.95    0.00    0.00    0.95    0.00    0.00    0.00   53.33
20:04:28      10   30.21    0.00    4.17    0.00    0.00    2.08    0.00    0.00    0.00   63.54
20:04:28      11   35.05    0.00    3.09    0.00    0.00    2.06    0.00    0.00    0.00   59.79
20:04:28      12   38.38    0.00    4.04    0.00    0.00    1.01    0.00    0.00    0.00   56.57
20:04:28      13   38.38    0.00    4.04    0.00    0.00    0.00    0.00    0.00    0.00   57.58
20:04:28      14   41.24    0.00    2.06    0.00    0.00    1.03    0.00    0.00    0.00   55.67
20:04:28      15   40.82    0.00    3.06    0.00    0.00    1.02    0.00    0.00    0.00   55.10
20:04:28      16   56.57    0.00    8.08    0.00    0.00    1.01    0.00    0.00    0.00   34.34
20:04:28      17   57.14    0.00    6.12    0.00    0.00    2.04    0.00    0.00    0.00   34.69
20:04:28      18   61.62    0.00    4.04    0.00    0.00    1.01    0.00    0.00    0.00   33.33
20:04:28      19   60.20    0.00    4.08    0.00    0.00    1.02    0.00    0.00    0.00   34.69
20:04:28      20   55.67    0.00    7.22    0.00    0.00    2.06    0.00    0.00    0.00   35.05
20:04:28      21   57.00    0.00    7.00    0.00    0.00    1.00    0.00    0.00    0.00   35.00
20:04:28      22   57.58    0.00    6.06    0.00    0.00    2.02    0.00    0.00    0.00   34.34
20:04:28      23   57.14    0.00    7.14    0.00    0.00    2.04    0.00    0.00    0.00   33.67
20:04:28      24   82.83    0.00   11.11    0.00    0.00    5.05    0.00    0.00    0.00    1.01
20:04:28      25   84.85    0.00   11.11    0.00    0.00    4.04    0.00    0.00    0.00    0.00
20:04:28      26   84.85    0.00   10.10    0.00    0.00    4.04    0.00    0.00    0.00    1.01
20:04:28      27   82.35    0.00   11.76    0.00    0.00    3.92    0.00    0.00    0.00    1.96
20:04:28      28   84.85    0.00   11.11    0.00    0.00    3.03    0.00    0.00    0.00    1.01
20:04:28      29   85.00    0.00    9.00    0.00    0.00    5.00    0.00    0.00    0.00    1.00
20:04:28      30   84.16    0.00   10.89    0.00    0.00    3.96    0.00    0.00    0.00    0.99
20:04:28      31   83.00    0.00   11.00    0.00    0.00    5.00    0.00    0.00    0.00    1.00

20:04:28     CPU    %usr   %nice    %sys %iowait    %irq   %soft  %steal  %guest  %gnice   %idle
20:04:29     all   59.88    0.00    7.31    0.00    0.00    1.61    0.00    0.00    0.00   31.20
20:04:29       0   56.70    0.00    9.28    0.00    0.00    1.03    0.00    0.00    0.00   32.99
20:04:29       1   60.58    0.00    5.77    0.00    0.00    1.92    0.00    0.00    0.00   31.73
20:04:29       2   54.90    0.00    7.84    0.00    0.00    0.98    0.00    0.00    0.00   36.27
20:04:29       3   56.00    0.00    8.00    0.00    0.00    2.00    0.00    0.00    0.00   34.00
20:04:29       4   58.59    0.00    7.07    0.00    0.00    2.02    0.00    0.00    0.00   32.32
20:04:29       5   60.00    0.00    7.00    0.00    0.00    2.00    0.00    0.00    0.00   31.00
20:04:29       6   62.11    0.00    3.16    0.00    0.00    2.11    0.00    0.00    0.00   32.63
20:04:29       7   60.00    0.00    5.26    0.00    0.00    2.11    0.00    0.00    0.00   32.63
20:04:29       8   39.18    0.00    2.06    0.00    0.00    1.03    0.00    0.00    0.00   57.73
20:04:29       9   36.27    0.00    3.92    0.00    0.00    0.98    0.00    0.00    0.00   58.82
20:04:29      10   35.79    0.00    3.16    0.00    0.00    0.00    0.00    0.00    0.00   61.05
20:04:29      11   36.08    0.00    5.15    0.00    0.00    1.03    0.00    0.00    0.00   57.73
20:04:29      12   33.00    0.00    3.00    0.00    0.00    1.00    0.00    0.00    0.00   63.00
20:04:29      13   33.33    0.00    3.92    0.00    0.00    0.98    0.00    0.00    0.00   61.76
20:04:29      14   42.86    0.00    2.04    0.00    0.00    1.02    0.00    0.00    0.00   54.08
20:04:29      15   43.27    0.00    5.77    0.00    0.00    0.96    0.00    0.00    0.00   50.00
20:04:29      16   55.91    0.00    8.60    0.00    0.00    1.08    0.00    0.00    0.00   34.41
20:04:29      17   58.42    0.00    7.92    0.00    0.00    0.99    0.00    0.00    0.00   32.67
20:04:29      18   58.00    0.00    6.00    0.00    0.00    2.00    0.00    0.00    0.00   34.00
20:04:29      19   61.00    0.00    5.00    0.00    0.00    0.00    0.00    0.00    0.00   34.00
20:04:29      20   57.14    0.00    9.18    0.00    0.00    1.02    0.00    0.00    0.00   32.65
20:04:29      21   61.00    0.00    6.00    0.00    0.00    1.00    0.00    0.00    0.00   32.00
20:04:29      22   58.16    0.00    8.16    0.00    0.00    2.04    0.00    0.00    0.00   31.63
20:04:29      23   59.38    0.00    6.25    0.00    0.00    1.04    0.00    0.00    0.00   33.33
20:04:29      24   82.83    0.00   15.15    0.00    0.00    1.01    0.00    0.00    0.00    1.01
20:04:29      25   84.31    0.00   10.78    0.00    0.00    2.94    0.00    0.00    0.00    1.96
20:04:29      26   83.00    0.00   14.00    0.00    0.00    2.00    0.00    0.00    0.00    1.00
20:04:29      27   85.71    0.00   12.24    0.00    0.00    2.04    0.00    0.00    0.00    0.00
20:04:29      28   85.00    0.00   11.00    0.00    0.00    3.00    0.00    0.00    0.00    1.00
20:04:29      29   83.00    0.00   13.00    0.00    0.00    3.00    0.00    0.00    0.00    1.00
20:04:29      30   87.00    0.00   10.00    0.00    0.00    2.00    0.00    0.00    0.00    1.00
20:04:29      31   86.14    0.00    7.92    0.00    0.00    4.95    0.00    0.00    0.00    0.99

20:04:29     CPU    %usr   %nice    %sys %iowait    %irq   %soft  %steal  %guest  %gnice   %idle
20:04:30     all   59.53    0.00    6.55    0.00    0.00    1.91    0.00    0.00    0.00   32.01
20:04:30       0   59.18    0.00    5.10    0.00    0.00    1.02    0.00    0.00    0.00   34.69
20:04:30       1   57.73    0.00    6.19    0.00    0.00    1.03    0.00    0.00    0.00   35.05
20:04:30       2   57.89    0.00    5.26    0.00    0.00    2.11    0.00    0.00    0.00   34.74
20:04:30       3   52.69    0.00    8.60    0.00    0.00    1.08    0.00    0.00    0.00   37.63
20:04:30       4   57.43    0.00    5.94    0.00    0.00    1.98    0.00    0.00    0.00   34.65
20:04:30       5   58.42    0.00    4.95    0.00    0.00    1.98    0.00    0.00    0.00   34.65
20:04:30       6   56.25    0.00    8.33    0.00    0.00    0.00    0.00    0.00    0.00   35.42
20:04:30       7   58.16    0.00    7.14    0.00    0.00    1.02    0.00    0.00    0.00   33.67
20:04:30       8   38.78    0.00    4.08    0.00    0.00    0.00    0.00    0.00    0.00   57.14
20:04:30       9   37.50    0.00    2.08    0.00    0.00    2.08    0.00    0.00    0.00   58.33
20:04:30      10   40.00    0.00    3.16    0.00    0.00    1.05    0.00    0.00    0.00   55.79
20:04:30      11   42.00    0.00    3.00    0.00    0.00    1.00    0.00    0.00    0.00   54.00
20:04:30      12   32.63    0.00    4.21    0.00    0.00    1.05    0.00    0.00    0.00   62.11
20:04:30      13   33.33    0.00    3.12    0.00    0.00    1.04    0.00    0.00    0.00   62.50
20:04:30      14   39.22    0.00    2.94    0.00    0.00    0.98    0.00    0.00    0.00   56.86
20:04:30      15   33.70    0.00    3.26    0.00    0.00    0.00    0.00    0.00    0.00   63.04
20:04:30      16   60.78    0.00    4.90    0.00    0.00    0.98    0.00    0.00    0.00   33.33
20:04:30      17   57.89    0.00    5.26    0.00    0.00    2.11    0.00    0.00    0.00   34.74
20:04:30      18   57.73    0.00    7.22    0.00    0.00    1.03    0.00    0.00    0.00   34.02
20:04:30      19   56.38    0.00    6.38    0.00    0.00    3.19    0.00    0.00    0.00   34.04
20:04:30      20   58.59    0.00    6.06    0.00    0.00    1.01    0.00    0.00    0.00   34.34
20:04:30      21   59.41    0.00    4.95    0.00    0.00    0.99    0.00    0.00    0.00   34.65
20:04:30      22   58.10    0.00    7.62    0.00    0.00    1.90    0.00    0.00    0.00   32.38
20:04:30      23   59.79    0.00    3.09    0.00    0.00    4.12    0.00    0.00    0.00   32.99
20:04:30      24   84.00    0.00    9.00    0.00    0.00    5.00    0.00    0.00    0.00    2.00
20:04:30      25   82.65    0.00   13.27    0.00    0.00    3.06    0.00    0.00    0.00    1.02
20:04:30      26   84.00    0.00   11.00    0.00    0.00    4.00    0.00    0.00    0.00    1.00
20:04:30      27   85.15    0.00   10.89    0.00    0.00    1.98    0.00    0.00    0.00    1.98
20:04:30      28   87.13    0.00    8.91    0.00    0.00    2.97    0.00    0.00    0.00    0.99
20:04:30      29   83.00    0.00   11.00    0.00    0.00    4.00    0.00    0.00    0.00    2.00
20:04:30      30   82.18    0.00   10.89    0.00    0.00    4.95    0.00    0.00    0.00    1.98
20:04:30      31   85.86    0.00   11.11    0.00    0.00    2.02    0.00    0.00    0.00    1.01

20:04:30     CPU    %usr   %nice    %sys %iowait    %irq   %soft  %steal  %guest  %gnice   %idle
20:04:31     all   59.28    0.00    6.74    0.00    0.00    2.21    0.00    0.00    0.00   31.77
20:04:31       0   61.22    0.00    7.14    0.00    0.00    1.02    0.00    0.00    0.00   30.61
20:04:31       1   61.46    0.00    3.12    0.00    0.00    2.08    0.00    0.00    0.00   33.33
20:04:31       2   54.46    0.00    6.93    0.00    0.00    0.00    0.00    0.00    0.00   38.61
20:04:31       3   50.00    0.00    6.38    0.00    0.00    1.06    0.00    0.00    0.00   42.55
20:04:31       4   60.61    0.00    6.06    0.00    0.00    2.02    0.00    0.00    0.00   31.31
20:04:31       5   64.08    0.00    3.88    0.00    0.00    0.97    0.00    0.00    0.00   31.07
20:04:31       6   57.43    0.00    7.92    0.00    0.00    3.96    0.00    0.00    0.00   30.69
20:04:31       7   59.57    0.00    5.32    0.00    0.00    3.19    0.00    0.00    0.00   31.91
20:04:31       8   33.33    0.00    4.04    0.00    0.00    1.01    0.00    0.00    0.00   61.62
20:04:31       9   34.34    0.00    2.02    0.00    0.00    1.01    0.00    0.00    0.00   62.63
20:04:31      10   36.17    0.00    3.19    0.00    0.00    0.00    0.00    0.00    0.00   60.64
20:04:31      11   37.37    0.00    3.03    0.00    0.00    2.02    0.00    0.00    0.00   57.58
20:04:31      12   38.78    0.00    2.04    0.00    0.00    2.04    0.00    0.00    0.00   57.14
20:04:31      13   36.73    0.00    3.06    0.00    0.00    1.02    0.00    0.00    0.00   59.18
20:04:31      14   36.46    0.00    6.25    0.00    0.00    1.04    0.00    0.00    0.00   56.25
20:04:31      15   40.59    0.00    2.97    0.00    0.00    0.99    0.00    0.00    0.00   55.45
20:04:31      16   63.11    0.00    5.83    0.00    0.00    0.00    0.00    0.00    0.00   31.07
20:04:31      17   58.82    0.00    6.86    0.00    0.00    2.94    0.00    0.00    0.00   31.37
20:04:31      18   49.48    0.00    6.19    0.00    0.00    2.06    0.00    0.00    0.00   42.27
20:04:31      19   48.42    0.00    8.42    0.00    0.00    0.00    0.00    0.00    0.00   43.16
20:04:31      20   60.20    0.00    5.10    0.00    0.00    2.04    0.00    0.00    0.00   32.65
20:04:31      21   60.78    0.00    6.86    0.00    0.00    1.96    0.00    0.00    0.00   30.39
20:04:31      22   59.22    0.00    7.77    0.00    0.00    1.94    0.00    0.00    0.00   31.07
20:04:31      23   64.36    0.00    3.96    0.00    0.00    0.99    0.00    0.00    0.00   30.69
20:04:31      24   79.21    0.00   13.86    0.00    0.00    5.94    0.00    0.00    0.00    0.99
20:04:31      25   82.18    0.00   13.86    0.00    0.00    2.97    0.00    0.00    0.00    0.99
20:04:31      26   81.00    0.00   11.00    0.00    0.00    6.00    0.00    0.00    0.00    2.00
20:04:31      27   83.00    0.00   11.00    0.00    0.00    5.00    0.00    0.00    0.00    1.00
20:04:31      28   85.00    0.00   11.00    0.00    0.00    3.00    0.00    0.00    0.00    1.00
20:04:31      29   85.00    0.00   10.00    0.00    0.00    4.00    0.00    0.00    0.00    1.00
20:04:31      30   85.86    0.00   10.10    0.00    0.00    3.03    0.00    0.00    0.00    1.01
20:04:31      31   83.17    0.00    9.90    0.00    0.00    4.95    0.00    0.00    0.00    1.98

20:04:31     CPU    %usr   %nice    %sys %iowait    %irq   %soft  %steal  %guest  %gnice   %idle
20:04:32     all   59.13    0.00    7.33    0.10    0.00    1.88    0.00    0.00    0.00   31.56
20:04:32       0   62.50    0.00    7.69    0.00    0.00    0.00    0.00    0.00    0.00   29.81
20:04:32       1   59.79    0.00    6.19    0.00    0.00    1.03    0.00    0.00    0.00   32.99
20:04:32       2   56.57    0.00    9.09    0.00    0.00    1.01    0.00    0.00    0.00   33.33
20:04:32       3   53.12    0.00   10.42    0.00    0.00    1.04    0.00    0.00    0.00   35.42
20:04:32       4   60.22    0.00    5.38    0.00    0.00    1.08    0.00    0.00    0.00   33.33
20:04:32       5   65.00    0.00    3.00    0.00    0.00    2.00    0.00    0.00    0.00   30.00
20:04:32       6   50.53    0.00    6.32    0.00    0.00    2.11    0.00    0.00    0.00   41.05
20:04:32       7   51.02    0.00    7.14    0.00    0.00    3.06    0.00    0.00    0.00   38.78
20:04:32       8   40.21    0.00    2.06    0.00    0.00    1.03    0.00    0.00    0.00   56.70
20:04:32       9   39.36    0.00    2.13    0.00    0.00    2.13    0.00    0.00    0.00   56.38
20:04:32      10   30.93    0.00    6.19    2.06    0.00    0.00    0.00    0.00    0.00   60.82
20:04:32      11   32.65    0.00    4.08    1.02    0.00    1.02    0.00    0.00    0.00   61.22
20:04:32      12   43.88    0.00    3.06    0.00    0.00    0.00    0.00    0.00    0.00   53.06
20:04:32      13   40.62    0.00    4.17    0.00    0.00    1.04    0.00    0.00    0.00   54.17
20:04:32      14   36.63    0.00    3.96    0.00    0.00    0.99    0.00    0.00    0.00   58.42
20:04:32      15   34.78    0.00    3.26    0.00    0.00    0.00    0.00    0.00    0.00   61.96
20:04:32      16   62.38    0.00    3.96    0.00    0.00    2.97    0.00    0.00    0.00   30.69
20:04:32      17   60.42    0.00    5.21    0.00    0.00    2.08    0.00    0.00    0.00   32.29
20:04:32      18   56.70    0.00    5.15    0.00    0.00    3.09    0.00    0.00    0.00   35.05
20:04:32      19   55.00    0.00    7.00    0.00    0.00    2.00    0.00    0.00    0.00   36.00
20:04:32      20   60.00    0.00    8.42    0.00    0.00    2.11    0.00    0.00    0.00   29.47
20:04:32      21   59.79    0.00    7.22    0.00    0.00    2.06    0.00    0.00    0.00   30.93
20:04:32      22   53.92    0.00    6.86    0.00    0.00    1.96    0.00    0.00    0.00   37.25
20:04:32      23   51.55    0.00    7.22    0.00    0.00    2.06    0.00    0.00    0.00   39.18
20:04:32      24   85.00    0.00   11.00    0.00    0.00    3.00    0.00    0.00    0.00    1.00
20:04:32      25   81.82    0.00   14.14    0.00    0.00    3.03    0.00    0.00    0.00    1.01
20:04:32      26   87.00    0.00    9.00    0.00    0.00    2.00    0.00    0.00    0.00    2.00
20:04:32      27   79.00    0.00   14.00    0.00    0.00    5.00    0.00    0.00    0.00    2.00
20:04:32      28   84.85    0.00   12.12    0.00    0.00    2.02    0.00    0.00    0.00    1.01
20:04:32      29   84.00    0.00   14.00    0.00    0.00    2.00    0.00    0.00    0.00    0.00
20:04:32      30   84.85    0.00   12.12    0.00    0.00    2.02    0.00    0.00    0.00    1.01
20:04:32      31   82.00    0.00   12.00    0.00    0.00    5.00    0.00    0.00    0.00    1.00

20:04:32     CPU    %usr   %nice    %sys %iowait    %irq   %soft  %steal  %guest  %gnice   %idle
20:04:33     all   59.18    0.00    6.67    0.00    0.00    1.79    0.00    0.00    0.00   32.37
20:04:33       0   50.53    0.00    6.32    0.00    0.00    2.11    0.00    0.00    0.00   41.05
20:04:33       1   56.84    0.00    3.16    0.00    0.00    0.00    0.00    0.00    0.00   40.00
20:04:33       2   58.82    0.00    8.82    0.00    0.00    0.98    0.00    0.00    0.00   31.37
20:04:33       3   57.45    0.00    5.32    0.00    0.00    2.13    0.00    0.00    0.00   35.11
20:04:33       4   58.00    0.00    8.00    0.00    0.00    1.00    0.00    0.00    0.00   33.00
20:04:33       5   62.63    0.00    5.05    0.00    0.00    1.01    0.00    0.00    0.00   31.31
20:04:33       6   55.32    0.00    6.38    0.00    0.00    2.13    0.00    0.00    0.00   36.17
20:04:33       7   57.73    0.00    5.15    0.00    0.00    1.03    0.00    0.00    0.00   36.08
20:04:33       8   39.80    0.00    3.06    0.00    0.00    1.02    0.00    0.00    0.00   56.12
20:04:33       9   41.84    0.00    4.08    0.00    0.00    0.00    0.00    0.00    0.00   54.08
20:04:33      10   35.11    0.00    3.19    0.00    0.00    1.06    0.00    0.00    0.00   60.64
20:04:33      11   39.18    0.00    4.12    0.00    0.00    1.03    0.00    0.00    0.00   55.67
20:04:33      12   35.05    0.00    4.12    0.00    0.00    0.00    0.00    0.00    0.00   60.82
20:04:33      13   34.02    0.00    3.09    0.00    0.00    0.00    0.00    0.00    0.00   62.89
20:04:33      14   37.76    0.00    3.06    0.00    0.00    1.02    0.00    0.00    0.00   58.16
20:04:33      15   41.58    0.00    2.97    0.00    0.00    0.00    0.00    0.00    0.00   55.45
20:04:33      16   48.42    0.00   10.53    0.00    0.00    1.05    0.00    0.00    0.00   40.00
20:04:33      17   53.76    0.00    4.30    0.00    0.00    1.08    0.00    0.00    0.00   40.86
20:04:33      18   59.62    0.00    5.77    0.00    0.00    2.88    0.00    0.00    0.00   31.73
20:04:33      19   59.00    0.00    8.00    0.00    0.00    1.00    0.00    0.00    0.00   32.00
20:04:33      20   61.22    0.00    6.12    0.00    0.00    0.00    0.00    0.00    0.00   32.65
20:04:33      21   57.28    0.00    7.77    0.00    0.00    2.91    0.00    0.00    0.00   32.04
20:04:33      22   56.04    0.00    5.49    0.00    0.00    1.10    0.00    0.00    0.00   37.36
20:04:33      23   55.56    0.00    7.07    0.00    0.00    2.02    0.00    0.00    0.00   35.35
20:04:33      24   86.73    0.00    8.16    0.00    0.00    3.06    0.00    0.00    0.00    2.04
20:04:33      25   86.87    0.00    8.08    0.00    0.00    4.04    0.00    0.00    0.00    1.01
20:04:33      26   80.20    0.00   13.86    0.00    0.00    3.96    0.00    0.00    0.00    1.98
20:04:33      27   83.84    0.00   10.10    0.00    0.00    4.04    0.00    0.00    0.00    2.02
20:04:33      28   84.69    0.00   11.22    0.00    0.00    3.06    0.00    0.00    0.00    1.02
20:04:33      29   84.00    0.00   10.00    0.00    0.00    4.00    0.00    0.00    0.00    2.00
20:04:33      30   88.00    0.00    7.00    0.00    0.00    4.00    0.00    0.00    0.00    1.00
20:04:33      31   81.82    0.00   13.13    0.00    0.00    4.04    0.00    0.00    0.00    1.01

20:04:33     CPU    %usr   %nice    %sys %iowait    %irq   %soft  %steal  %guest  %gnice   %idle
20:04:34     all   59.25    0.00    7.26    0.00    0.00    1.66    0.00    0.00    0.00   31.83
20:04:34       0   55.21    0.00    8.33    0.00    0.00    0.00    0.00    0.00    0.00   36.46
20:04:34       1   57.14    0.00    4.08    0.00    0.00    1.02    0.00    0.00    0.00   37.76
20:04:34       2   60.00    0.00    8.00    0.00    0.00    0.00    0.00    0.00    0.00   32.00
20:04:34       3   58.33    0.00    6.25    0.00    0.00    1.04    0.00    0.00    0.00   34.38
20:04:34       4   57.14    0.00    8.79    0.00    0.00    1.10    0.00    0.00    0.00   32.97
20:04:34       5   60.40    0.00    7.92    0.00    0.00    1.98    0.00    0.00    0.00   29.70
20:04:34       6   57.29    0.00   10.42    0.00    0.00    1.04    0.00    0.00    0.00   31.25
20:04:34       7   61.05    0.00    7.37    0.00    0.00    0.00    0.00    0.00    0.00   31.58
20:04:34       8   32.29    0.00    4.17    0.00    0.00    1.04    0.00    0.00    0.00   62.50
20:04:34       9   37.37    0.00    2.02    0.00    0.00    0.00    0.00    0.00    0.00   60.61
20:04:34      10   33.67    0.00    4.08    0.00    0.00    0.00    0.00    0.00    0.00   62.24
20:04:34      11   36.00    0.00    2.00    0.00    0.00    1.00    0.00    0.00    0.00   61.00
20:04:34      12   38.61    0.00    3.96    0.00    0.00    1.98    0.00    0.00    0.00   55.45
20:04:34      13   38.78    0.00    4.08    0.00    0.00    1.02    0.00    0.00    0.00   56.12
20:04:34      14   39.39    0.00    4.04    0.00    0.00    0.00    0.00    0.00    0.00   56.57
20:04:34      15   35.79    0.00    4.21    0.00    0.00    1.05    0.00    0.00    0.00   58.95
20:04:34      16   48.91    0.00    7.61    0.00    0.00    3.26    0.00    0.00    0.00   40.22
20:04:34      17   55.00    0.00    6.00    0.00    0.00    1.00    0.00    0.00    0.00   38.00
20:04:34      18   59.60    0.00    5.05    0.00    0.00    2.02    0.00    0.00    0.00   33.33
20:04:34      19   55.67    0.00    7.22    0.00    0.00    4.12    0.00    0.00    0.00   32.99
20:04:34      20   61.05    0.00    5.26    0.00    0.00    1.05    0.00    0.00    0.00   32.63
20:04:34      21   61.17    0.00    5.83    0.00    0.00    2.91    0.00    0.00    0.00   30.10
20:04:34      22   59.00    0.00    6.00    0.00    0.00    2.00    0.00    0.00    0.00   33.00
20:04:34      23   61.00    0.00    5.00    0.00    0.00    1.00    0.00    0.00    0.00   33.00
20:04:34      24   85.00    0.00   12.00    0.00    0.00    2.00    0.00    0.00    0.00    1.00
20:04:34      25   85.86    0.00   10.10    0.00    0.00    3.03    0.00    0.00    0.00    1.01
20:04:34      26   83.84    0.00    9.09    0.00    0.00    5.05    0.00    0.00    0.00    2.02
20:04:34      27   86.87    0.00   10.10    0.00    0.00    2.02    0.00    0.00    0.00    1.01
20:04:34      28   81.19    0.00   12.87    0.00    0.00    4.95    0.00    0.00    0.00    0.99
20:04:34      29   82.65    0.00   16.33    0.00    0.00    1.02    0.00    0.00    0.00    0.00
20:04:34      30   82.00    0.00   13.00    0.00    0.00    3.00    0.00    0.00    0.00    2.00
20:04:34      31   85.71    0.00   11.22    0.00    0.00    2.04    0.00    0.00    0.00    1.02

20:04:34     CPU    %usr   %nice    %sys %iowait    %irq   %soft  %steal  %guest  %gnice   %idle
20:04:35     all   59.34    0.00    7.18    0.00    0.00    1.77    0.00    0.00    0.00   31.71
20:04:35       0   61.00    0.00    6.00    0.00    0.00    2.00    0.00    0.00    0.00   31.00
20:04:35       1   60.40    0.00    5.94    0.00    0.00    1.98    0.00    0.00    0.00   31.68
20:04:35       2   60.87    0.00    4.35    0.00    0.00    1.09    0.00    0.00    0.00   33.70
20:04:35       3   59.41    0.00    7.92    0.00    0.00    1.98    0.00    0.00    0.00   30.69
20:04:35       4   57.29    0.00    6.25    0.00    0.00    2.08    0.00    0.00    0.00   34.38
20:04:35       5   60.78    0.00    5.88    0.00    0.00    0.00    0.00    0.00    0.00   33.33
20:04:35       6   55.56    0.00    8.08    0.00    0.00    1.01    0.00    0.00    0.00   35.35
20:04:35       7   52.43    0.00   11.65    0.00    0.00    1.94    0.00    0.00    0.00   33.98
20:04:35       8   25.00    0.00    3.00    0.00    0.00    1.00    0.00    0.00    0.00   71.00
20:04:35       9   24.49    0.00    1.02    0.00    0.00    2.04    0.00    0.00    0.00   72.45
20:04:35      10   40.82    0.00    5.10    0.00    0.00    1.02    0.00    0.00    0.00   53.06
20:04:35      11   35.79    0.00    4.21    0.00    0.00    1.05    0.00    0.00    0.00   58.95
20:04:35      12   38.78    0.00    5.10    0.00    0.00    1.02    0.00    0.00    0.00   55.10
20:04:35      13   42.00    0.00    3.00    0.00    0.00    2.00    0.00    0.00    0.00   53.00
20:04:35      14   37.89    0.00    4.21    0.00    0.00    1.05    0.00    0.00    0.00   56.84
20:04:35      15   39.80    0.00    4.08    0.00    0.00    1.02    0.00    0.00    0.00   55.10
20:04:35      16   62.38    0.00    4.95    0.00    0.00    1.98    0.00    0.00    0.00   30.69
20:04:35      17   58.70    0.00    7.61    0.00    0.00    0.00    0.00    0.00    0.00   33.70
20:04:35      18   61.39    0.00    4.95    0.00    0.00    2.97    0.00    0.00    0.00   30.69
20:04:35      19   62.00    0.00    6.00    0.00    0.00    0.00    0.00    0.00    0.00   32.00
20:04:35      20   58.76    0.00    4.12    0.00    0.00    2.06    0.00    0.00    0.00   35.05
20:04:35      21   60.82    0.00    4.12    0.00    0.00    0.00    0.00    0.00    0.00   35.05
20:04:35      22   56.44    0.00    7.92    0.00    0.00    0.99    0.00    0.00    0.00   34.65
20:04:35      23   56.38    0.00    6.38    0.00    0.00    2.13    0.00    0.00    0.00   35.11
20:04:35      24   83.17    0.00   10.89    0.00    0.00    3.96    0.00    0.00    0.00    1.98
20:04:35      25   86.14    0.00    8.91    0.00    0.00    2.97    0.00    0.00    0.00    1.98
20:04:35      26   82.00    0.00   14.00    0.00    0.00    2.00    0.00    0.00    0.00    2.00
20:04:35      27   85.00    0.00   10.00    0.00    0.00    3.00    0.00    0.00    0.00    2.00
20:04:35      28   83.00    0.00   13.00    0.00    0.00    3.00    0.00    0.00    0.00    1.00
20:04:35      29   83.00    0.00   12.00    0.00    0.00    3.00    0.00    0.00    0.00    2.00
20:04:35      30   83.84    0.00   11.11    0.00    0.00    4.04    0.00    0.00    0.00    1.01
20:04:35      31   79.00    0.00   17.00    0.00    0.00    2.00    0.00    0.00    0.00    2.00

20:04:35     CPU    %usr   %nice    %sys %iowait    %irq   %soft  %steal  %guest  %gnice   %idle
20:04:36     all   59.46    0.00    7.30    0.00    0.00    1.93    0.00    0.00    0.00   31.31
20:04:36       0   59.79    0.00    4.12    0.00    0.00    1.03    0.00    0.00    0.00   35.05
20:04:36       1   60.58    0.00    5.77    0.00    0.00    0.96    0.00    0.00    0.00   32.69
20:04:36       2   59.60    0.00    6.06    0.00    0.00    3.03    0.00    0.00    0.00   31.31
20:04:36       3   62.50    0.00    5.77    0.00    0.00    0.00    0.00    0.00    0.00   31.73
20:04:36       4   62.24    0.00    5.10    0.00    0.00    1.02    0.00    0.00    0.00   31.63
20:04:36       5   59.80    0.00    5.88    0.00    0.00    1.96    0.00    0.00    0.00   32.35
20:04:36       6   61.00    0.00    6.00    0.00    0.00    1.00    0.00    0.00    0.00   32.00
20:04:36       7   59.38    0.00    5.21    0.00    0.00    2.08    0.00    0.00    0.00   33.33
20:04:36       8   30.00    0.00    4.00    0.00    0.00    1.00    0.00    0.00    0.00   65.00
20:04:36       9   28.42    0.00    3.16    0.00    0.00    1.05    0.00    0.00    0.00   67.37
20:04:36      10   39.39    0.00    2.02    0.00    0.00    1.01    0.00    0.00    0.00   57.58
20:04:36      11   34.38    0.00    3.12    0.00    0.00    2.08    0.00    0.00    0.00   60.42
20:04:36      12   45.54    0.00    2.97    0.00    0.00    1.98    0.00    0.00    0.00   49.50
20:04:36      13   39.80    0.00    6.12    0.00    0.00    1.02    0.00    0.00    0.00   53.06
20:04:36      14   31.91    0.00    4.26    0.00    0.00    1.06    0.00    0.00    0.00   62.77
20:04:36      15   38.24    0.00    2.94    0.00    0.00    0.00    0.00    0.00    0.00   58.82
20:04:36      16   54.00    0.00    9.00    0.00    0.00    3.00    0.00    0.00    0.00   34.00
20:04:36      17   58.59    0.00    6.06    0.00    0.00    2.02    0.00    0.00    0.00   33.33
20:04:36      18   56.25    0.00    9.38    0.00    0.00    2.08    0.00    0.00    0.00   32.29
20:04:36      19   61.05    0.00    5.26    0.00    0.00    0.00    0.00    0.00    0.00   33.68
20:04:36      20   58.16    0.00    8.16    0.00    0.00    1.02    0.00    0.00    0.00   32.65
20:04:36      21   54.08    0.00    9.18    0.00    0.00    3.06    0.00    0.00    0.00   33.67
20:04:36      22   63.00    0.00    5.00    0.00    0.00    2.00    0.00    0.00    0.00   30.00
20:04:36      23   57.73    0.00    6.19    0.00    0.00    1.03    0.00    0.00    0.00   35.05
20:04:36      24   82.18    0.00   14.85    0.00    0.00    1.98    0.00    0.00    0.00    0.99
20:04:36      25   80.00    0.00   15.00    0.00    0.00    4.00    0.00    0.00    0.00    1.00
20:04:36      26   83.00    0.00   11.00    0.00    0.00    5.00    0.00    0.00    0.00    1.00
20:04:36      27   85.00    0.00   12.00    0.00    0.00    3.00    0.00    0.00    0.00    0.00
20:04:36      28   87.88    0.00    9.09    0.00    0.00    2.02    0.00    0.00    0.00    1.01
20:04:36      29   81.82    0.00   13.13    0.00    0.00    4.04    0.00    0.00    0.00    1.01
20:04:36      30   84.69    0.00   11.22    0.00    0.00    3.06    0.00    0.00    0.00    1.02
20:04:36      31   79.00    0.00   16.00    0.00    0.00    4.00    0.00    0.00    0.00    1.00

20:04:36     CPU    %usr   %nice    %sys %iowait    %irq   %soft  %steal  %guest  %gnice   %idle
20:04:37     all   59.27    0.00    6.88    0.00    0.00    2.02    0.00    0.00    0.00   31.83
20:04:37       0   55.79    0.00    6.32    0.00    0.00    1.05    0.00    0.00    0.00   36.84
20:04:37       1   61.86    0.00    3.09    0.00    0.00    2.06    0.00    0.00    0.00   32.99
20:04:37       2   53.68    0.00    8.42    0.00    0.00    2.11    0.00    0.00    0.00   35.79
20:04:37       3   60.20    0.00    4.08    0.00    0.00    2.04    0.00    0.00    0.00   33.67
20:04:37       4   61.00    0.00    5.00    0.00    0.00    1.00    0.00    0.00    0.00   33.00
20:04:37       5   60.38    0.00    7.55    0.00    0.00    0.94    0.00    0.00    0.00   31.13
20:04:37       6   58.16    0.00    8.16    0.00    0.00    0.00    0.00    0.00    0.00   33.67
20:04:37       7   62.24    0.00    3.06    0.00    0.00    1.02    0.00    0.00    0.00   33.67
20:04:37       8   44.12    0.00    1.96    0.00    0.00    0.98    0.00    0.00    0.00   52.94
20:04:37       9   36.17    0.00    2.13    0.00    0.00    1.06    0.00    0.00    0.00   60.64
20:04:37      10   38.24    0.00    2.94    0.00    0.00    0.00    0.00    0.00    0.00   58.82
20:04:37      11   34.38    0.00    2.08    0.00    0.00    1.04    0.00    0.00    0.00   62.50
20:04:37      12   36.63    0.00    2.97    0.00    0.00    0.00    0.00    0.00    0.00   60.40
20:04:37      13   29.79    0.00    4.26    0.00    0.00    0.00    0.00    0.00    0.00   65.96
20:04:37      14   41.41    0.00    3.03    0.00    0.00    1.01    0.00    0.00    0.00   54.55
20:04:37      15   40.21    0.00    3.09    0.00    0.00    2.06    0.00    0.00    0.00   54.64
20:04:37      16   57.14    0.00    8.16    0.00    0.00    1.02    0.00    0.00    0.00   33.67
20:04:37      17   58.33    0.00    5.21    0.00    0.00    2.08    0.00    0.00    0.00   34.38
20:04:37      18   56.31    0.00    6.80    0.00    0.00    3.88    0.00    0.00    0.00   33.01
20:04:37      19   55.10    0.00    7.14    0.00    0.00    3.06    0.00    0.00    0.00   34.69
20:04:37      20   60.00    0.00    6.00    0.00    0.00    1.00    0.00    0.00    0.00   33.00
20:04:37      21   60.78    0.00    4.90    0.00    0.00    2.94    0.00    0.00    0.00   31.37
20:04:37      22   57.73    0.00    6.19    0.00    0.00    1.03    0.00    0.00    0.00   35.05
20:04:37      23   54.08    0.00    8.16    0.00    0.00    2.04    0.00    0.00    0.00   35.71
20:04:37      24   83.84    0.00   12.12    0.00    0.00    3.03    0.00    0.00    0.00    1.01
20:04:37      25   86.00    0.00   11.00    0.00    0.00    2.00    0.00    0.00    0.00    1.00
20:04:37      26   80.20    0.00   13.86    0.00    0.00    3.96    0.00    0.00    0.00    1.98
20:04:37      27   84.16    0.00    9.90    0.00    0.00    3.96    0.00    0.00    0.00    1.98
20:04:37      28   82.00    0.00   13.00    0.00    0.00    4.00    0.00    0.00    0.00    1.00
20:04:37      29   79.21    0.00   12.87    0.00    0.00    5.94    0.00    0.00    0.00    1.98
20:04:37      30   79.41    0.00   12.75    0.00    0.00    5.88    0.00    0.00    0.00    1.96
20:04:37      31   82.83    0.00   13.13    0.00    0.00    2.02    0.00    0.00    0.00    2.02

20:04:37     CPU    %usr   %nice    %sys %iowait    %irq   %soft  %steal  %guest  %gnice   %idle
20:04:38     all   59.93    0.00    6.92    0.00    0.00    1.80    0.00    0.00    0.00   31.35
20:04:38       0   56.57    0.00    6.06    0.00    0.00    2.02    0.00    0.00    0.00   35.35
20:04:38       1   52.53    0.00   10.10    0.00    0.00    1.01    0.00    0.00    0.00   36.36
20:04:38       2   57.89    0.00    7.37    0.00    0.00    0.00    0.00    0.00    0.00   34.74
20:04:38       3   60.20    0.00    4.08    0.00    0.00    0.00    0.00    0.00    0.00   35.71
20:04:38       4   60.20    0.00    6.12    0.00    0.00    1.02    0.00    0.00    0.00   32.65
20:04:38       5   57.29    0.00    6.25    0.00    0.00    1.04    0.00    0.00    0.00   35.42
20:04:38       6   56.44    0.00    9.90    0.00    0.00    1.98    0.00    0.00    0.00   31.68
20:04:38       7   60.64    0.00    4.26    0.00    0.00    1.06    0.00    0.00    0.00   34.04
20:04:38       8   34.74    0.00    2.11    0.00    0.00    1.05    0.00    0.00    0.00   62.11
20:04:38       9   29.79    0.00    4.26    0.00    0.00    3.19    0.00    0.00    0.00   62.77
20:04:38      10   36.63    0.00    4.95    0.00    0.00    0.00    0.00    0.00    0.00   58.42
20:04:38      11   41.35    0.00    2.88    0.00    0.00    1.92    0.00    0.00    0.00   53.85
20:04:38      12   40.00    0.00    3.00    0.00    0.00    1.00    0.00    0.00    0.00   56.00
20:04:38      13   39.80    0.00    3.06    0.00    0.00    1.02    0.00    0.00    0.00   56.12
20:04:38      14   43.30    0.00    3.09    0.00    0.00    1.03    0.00    0.00    0.00   52.58
20:04:38      15   40.21    0.00    4.12    0.00    0.00    0.00    0.00    0.00    0.00   55.67
20:04:38      16   60.42    0.00    3.12    0.00    0.00    0.00    0.00    0.00    0.00   36.46
20:04:38      17   55.77    0.00    8.65    0.00    0.00    0.96    0.00    0.00    0.00   34.62
20:04:38      18   57.00    0.00    5.00    0.00    0.00    3.00    0.00    0.00    0.00   35.00
20:04:38      19   60.78    0.00    6.86    0.00    0.00    0.98    0.00    0.00    0.00   31.37
20:04:38      20   59.18    0.00    6.12    0.00    0.00    2.04    0.00    0.00    0.00   32.65
20:04:38      21   56.25    0.00    7.29    0.00    0.00    1.04    0.00    0.00    0.00   35.42
20:04:38      22   57.84    0.00    8.82    0.00    0.00    1.96    0.00    0.00    0.00   31.37
20:04:38      23   59.00    0.00    7.00    0.00    0.00    1.00    0.00    0.00    0.00   33.00
20:04:38      24   84.16    0.00    8.91    0.00    0.00    5.94    0.00    0.00    0.00    0.99
20:04:38      25   86.00    0.00   11.00    0.00    0.00    2.00    0.00    0.00    0.00    1.00
20:04:38      26   84.00    0.00   12.00    0.00    0.00    4.00    0.00    0.00    0.00    0.00
20:04:38      27   85.15    0.00    9.90    0.00    0.00    3.96    0.00    0.00    0.00    0.99
20:04:38      28   82.18    0.00   12.87    0.00    0.00    3.96    0.00    0.00    0.00    0.99
20:04:38      29   85.00    0.00   12.00    0.00    0.00    3.00    0.00    0.00    0.00    0.00
20:04:38      30   87.00    0.00   10.00    0.00    0.00    2.00    0.00    0.00    0.00    1.00
20:04:38      31   86.00    0.00    9.00    0.00    0.00    4.00    0.00    0.00    0.00    1.00

20:04:38     CPU    %usr   %nice    %sys %iowait    %irq   %soft  %steal  %guest  %gnice   %idle
20:04:39     all   59.07    0.00    6.81    0.00    0.00    2.09    0.00    0.00    0.00   32.04
20:04:39       0   56.12    0.00    7.14    0.00    0.00    2.04    0.00    0.00    0.00   34.69
20:04:39       1   59.18    0.00    6.12    0.00    0.00    2.04    0.00    0.00    0.00   32.65
20:04:39       2   57.58    0.00    5.05    0.00    0.00    2.02    0.00    0.00    0.00   35.35
20:04:39       3   56.25    0.00    7.29    0.00    0.00    1.04    0.00    0.00    0.00   35.42
20:04:39       4   56.00    0.00    7.00    0.00    0.00    2.00    0.00    0.00    0.00   35.00
20:04:39       5   59.18    0.00    4.08    0.00    0.00    2.04    0.00    0.00    0.00   34.69
20:04:39       6   59.00    0.00    7.00    0.00    0.00    1.00    0.00    0.00    0.00   33.00
20:04:39       7   54.72    0.00    9.43    0.00    0.00    2.83    0.00    0.00    0.00   33.02
20:04:39       8   42.00    0.00    6.00    0.00    0.00    2.00    0.00    0.00    0.00   50.00
20:04:39       9   44.21    0.00    3.16    0.00    0.00    1.05    0.00    0.00    0.00   51.58
20:04:39      10   30.85    0.00    2.13    0.00    0.00    0.00    0.00    0.00    0.00   67.02
20:04:39      11   32.29    0.00    2.08    0.00    0.00    0.00    0.00    0.00    0.00   65.62
20:04:39      12   31.73    0.00    2.88    0.00    0.00    0.96    0.00    0.00    0.00   64.42
20:04:39      13   29.90    0.00    1.03    0.00    0.00    1.03    0.00    0.00    0.00   68.04
20:04:39      14   45.71    0.00    4.76    0.00    0.00    1.90    0.00    0.00    0.00   47.62
20:04:39      15   39.58    0.00    4.17    0.00    0.00    2.08    0.00    0.00    0.00   54.17
20:04:39      16   58.33    0.00    6.25    0.00    0.00    2.08    0.00    0.00    0.00   33.33
20:04:39      17   55.88    0.00    8.82    0.00    0.00    1.96    0.00    0.00    0.00   33.33
20:04:39      18   56.70    0.00    7.22    0.00    0.00    1.03    0.00    0.00    0.00   35.05
20:04:39      19   57.43    0.00    5.94    0.00    0.00    1.98    0.00    0.00    0.00   34.65
20:04:39      20   53.93    0.00    6.74    0.00    0.00    1.12    0.00    0.00    0.00   38.20
20:04:39      21   56.12    0.00    8.16    0.00    0.00    1.02    0.00    0.00    0.00   34.69
20:04:39      22   59.60    0.00    4.04    0.00    0.00    2.02    0.00    0.00    0.00   34.34
20:04:39      23   62.24    0.00    4.08    0.00    0.00    1.02    0.00    0.00    0.00   32.65
20:04:39      24   86.00    0.00   10.00    0.00    0.00    3.00    0.00    0.00    0.00    1.00
20:04:39      25   85.15    0.00    9.90    0.00    0.00    3.96    0.00    0.00    0.00    0.99
20:04:39      26   86.00    0.00    9.00    0.00    0.00    3.00    0.00    0.00    0.00    2.00
20:04:39      27   81.63    0.00   11.22    0.00    0.00    6.12    0.00    0.00    0.00    1.02
20:04:39      28   84.00    0.00    9.00    0.00    0.00    5.00    0.00    0.00    0.00    2.00
20:04:39      29   83.00    0.00   12.00    0.00    0.00    3.00    0.00    0.00    0.00    2.00
20:04:39      30   80.61    0.00   16.33    0.00    0.00    2.04    0.00    0.00    0.00    1.02
20:04:39      31   86.00    0.00    9.00    0.00    0.00    4.00    0.00    0.00    0.00    1.00

20:04:39     CPU    %usr   %nice    %sys %iowait    %irq   %soft  %steal  %guest  %gnice   %idle
20:04:40     all   59.01    0.00    7.57    0.00    0.00    2.22    0.00    0.00    0.00   31.20
20:04:40       0   58.00    0.00    9.00    0.00    0.00    0.00    0.00    0.00    0.00   33.00
20:04:40       1   59.43    0.00    6.60    0.00    0.00    2.83    0.00    0.00    0.00   31.13
20:04:40       2   59.60    0.00    8.08    0.00    0.00    0.00    0.00    0.00    0.00   32.32
20:04:40       3   56.70    0.00    8.25    0.00    0.00    2.06    0.00    0.00    0.00   32.99
20:04:40       4   58.82    0.00    9.80    0.00    0.00    0.98    0.00    0.00    0.00   30.39
20:04:40       5   52.63    0.00   10.53    0.00    0.00    2.11    0.00    0.00    0.00   34.74
20:04:40       6   60.61    0.00    4.04    0.00    0.00    2.02    0.00    0.00    0.00   33.33
20:04:40       7   56.25    0.00    7.29    0.00    0.00    2.08    0.00    0.00    0.00   34.38
20:04:40       8   39.39    0.00    3.03    0.00    0.00    1.01    0.00    0.00    0.00   56.57
20:04:40       9   42.42    0.00    3.03    0.00    0.00    0.00    0.00    0.00    0.00   54.55
20:04:40      10   33.33    0.00    3.12    0.00    0.00    2.08    0.00    0.00    0.00   61.46
20:04:40      11   31.91    0.00    2.13    0.00    0.00    1.06    0.00    0.00    0.00   64.89
20:04:40      12   32.61    0.00    2.17    0.00    0.00    1.09    0.00    0.00    0.00   64.13
20:04:40      13   35.29    0.00    3.92    0.00    0.00    0.98    0.00    0.00    0.00   59.80
20:04:40      14   37.89    0.00    7.37    0.00    0.00    1.05    0.00    0.00    0.00   53.68
20:04:40      15   36.84    0.00    3.16    0.00    0.00    1.05    0.00    0.00    0.00   58.95
20:04:40      16   59.41    0.00    5.94    0.00    0.00    2.97    0.00    0.00    0.00   31.68
20:04:40      17   57.45    0.00    5.32    0.00    0.00    3.19    0.00    0.00    0.00   34.04
20:04:40      18   60.20    0.00    6.12    0.00    0.00    1.02    0.00    0.00    0.00   32.65
20:04:40      19   56.00    0.00    8.00    0.00    0.00    2.00    0.00    0.00    0.00   34.00
20:04:40      20   57.58    0.00    8.08    0.00    0.00    2.02    0.00    0.00    0.00   32.32
20:04:40      21   60.00    0.00    4.21    0.00    0.00    1.05    0.00    0.00    0.00   34.74
20:04:40      22   58.65    0.00    8.65    0.00    0.00    1.92    0.00    0.00    0.00   30.77
20:04:40      23   55.00    0.00    7.00    0.00    0.00    3.00    0.00    0.00    0.00   35.00
20:04:40      24   83.00    0.00   12.00    0.00    0.00    4.00    0.00    0.00    0.00    1.00
20:04:40      25   83.00    0.00   11.00    0.00    0.00    5.00    0.00    0.00    0.00    1.00
20:04:40      26   79.80    0.00   14.14    0.00    0.00    6.06    0.00    0.00    0.00    0.00
20:04:40      27   85.15    0.00   10.89    0.00    0.00    2.97    0.00    0.00    0.00    0.99
20:04:40      28   80.61    0.00   13.27    0.00    0.00    6.12    0.00    0.00    0.00    0.00
20:04:40      29   87.13    0.00    7.92    0.00    0.00    3.96    0.00    0.00    0.00    0.99
20:04:40      30   83.17    0.00   13.86    0.00    0.00    1.98    0.00    0.00    0.00    0.99
20:04:40      31   83.00    0.00   13.00    0.00    0.00    3.00    0.00    0.00    0.00    1.00

20:04:40     CPU    %usr   %nice    %sys %iowait    %irq   %soft  %steal  %guest  %gnice   %idle
20:04:41     all   58.86    0.00    7.48    0.00    0.00    2.00    0.00    0.00    0.00   31.66
20:04:41       0   60.00    0.00    7.00    0.00    0.00    1.00    0.00    0.00    0.00   32.00
20:04:41       1   53.76    0.00   10.75    0.00    0.00    1.08    0.00    0.00    0.00   34.41
20:04:41       2   54.74    0.00    9.47    0.00    0.00    2.11    0.00    0.00    0.00   33.68
20:04:41       3   56.12    0.00    9.18    0.00    0.00    1.02    0.00    0.00    0.00   33.67
20:04:41       4   57.58    0.00    7.07    0.00    0.00    3.03    0.00    0.00    0.00   32.32
20:04:41       5   57.84    0.00    8.82    0.00    0.00    1.96    0.00    0.00    0.00   31.37
20:04:41       6   57.58    0.00    7.07    0.00    0.00    2.02    0.00    0.00    0.00   33.33
20:04:41       7   56.00    0.00    9.00    0.00    0.00    1.00    0.00    0.00    0.00   34.00
20:04:41       8   35.87    0.00    2.17    0.00    0.00    1.09    0.00    0.00    0.00   60.87
20:04:41       9   37.89    0.00    3.16    0.00    0.00    0.00    0.00    0.00    0.00   58.95
20:04:41      10   35.48    0.00    3.23    0.00    0.00    0.00    0.00    0.00    0.00   61.29
20:04:41      11   42.45    0.00    4.72    0.00    0.00    1.89    0.00    0.00    0.00   50.94
20:04:41      12   28.87    0.00    3.09    0.00    0.00    2.06    0.00    0.00    0.00   65.98
20:04:41      13   32.00    0.00    2.00    0.00    0.00    1.00    0.00    0.00    0.00   65.00
20:04:41      14   32.63    0.00    4.21    0.00    0.00    2.11    0.00    0.00    0.00   61.05
20:04:41      15   39.00    0.00    3.00    0.00    0.00    2.00    0.00    0.00    0.00   56.00
20:04:41      16   59.18    0.00    5.10    0.00    0.00    1.02    0.00    0.00    0.00   34.69
20:04:41      17   58.59    0.00    8.08    0.00    0.00    1.01    0.00    0.00    0.00   32.32
20:04:41      18   61.54    0.00    5.77    0.00    0.00    0.96    0.00    0.00    0.00   31.73
20:04:41      19   59.14    0.00    6.45    0.00    0.00    0.00    0.00    0.00    0.00   34.41
20:04:41      20   58.95    0.00    5.26    0.00    0.00    1.05    0.00    0.00    0.00   34.74
20:04:41      21   59.60    0.00    8.08    0.00    0.00    0.00    0.00    0.00    0.00   32.32
20:04:41      22   57.58    0.00    7.07    0.00    0.00    2.02    0.00    0.00    0.00   33.33
20:04:41      23   54.74    0.00    9.47    0.00    0.00    1.05    0.00    0.00    0.00   34.74
20:04:41      24   80.00    0.00   13.00    0.00    0.00    6.00    0.00    0.00    0.00    1.00
20:04:41      25   83.00    0.00   13.00    0.00    0.00    4.00    0.00    0.00    0.00    0.00
20:04:41      26   86.14    0.00    8.91    0.00    0.00    2.97    0.00    0.00    0.00    1.98
20:04:41      27   81.82    0.00   12.12    0.00    0.00    5.05    0.00    0.00    0.00    1.01
20:04:41      28   84.85    0.00   11.11    0.00    0.00    3.03    0.00    0.00    0.00    1.01
20:04:41      29   84.00    0.00   12.00    0.00    0.00    4.00    0.00    0.00    0.00    0.00
20:04:41      30   85.71    0.00    9.18    0.00    0.00    4.08    0.00    0.00    0.00    1.02
20:04:41      31   85.00    0.00   10.00    0.00    0.00    4.00    0.00    0.00    0.00    1.00

20:04:41     CPU    %usr   %nice    %sys %iowait    %irq   %soft  %steal  %guest  %gnice   %idle
20:04:42     all   59.85    0.00    6.64    0.00    0.00    1.63    0.00    0.00    0.00   31.87
20:04:42       0   63.04    0.00    4.35    0.00    0.00    0.00    0.00    0.00    0.00   32.61
20:04:42       1   60.20    0.00    6.12    0.00    0.00    1.02    0.00    0.00    0.00   32.65
20:04:42       2   60.20    0.00    5.10    0.00    0.00    1.02    0.00    0.00    0.00   33.67
20:04:42       3   57.58    0.00    9.09    0.00    0.00    1.01    0.00    0.00    0.00   32.32
20:04:42       4   54.08    0.00    6.12    0.00    0.00    1.02    0.00    0.00    0.00   38.78
20:04:42       5   51.58    0.00    8.42    0.00    0.00    2.11    0.00    0.00    0.00   37.89
20:04:42       6   58.76    0.00    7.22    0.00    0.00    1.03    0.00    0.00    0.00   32.99
20:04:42       7   58.33    0.00    6.25    0.00    0.00    0.00    0.00    0.00    0.00   35.42
20:04:42       8   39.60    0.00    2.97    0.00    0.00    0.00    0.00    0.00    0.00   57.43
20:04:42       9   39.00    0.00    3.00    0.00    0.00    1.00    0.00    0.00    0.00   57.00
20:04:42      10   35.35    0.00    6.06    0.00    0.00    1.01    0.00    0.00    0.00   57.58
20:04:42      11   35.48    0.00    1.08    0.00    0.00    1.08    0.00    0.00    0.00   62.37
20:04:42      12   38.30    0.00    2.13    0.00    0.00    1.06    0.00    0.00    0.00   58.51
20:04:42      13   40.40    0.00    4.04    0.00    0.00    0.00    0.00    0.00    0.00   55.56
20:04:42      14   36.73    0.00    3.06    0.00    0.00    0.00    0.00    0.00    0.00   60.20
20:04:42      15   36.46    0.00    2.08    0.00    0.00    0.00    0.00    0.00    0.00   61.46
20:04:42      16   63.92    0.00    3.09    0.00    0.00    1.03    0.00    0.00    0.00   31.96
20:04:42      17   57.45    0.00    6.38    0.00    0.00    3.19    0.00    0.00    0.00   32.98
20:04:42      18   58.51    0.00    7.45    0.00    0.00    1.06    0.00    0.00    0.00   32.98
20:04:42      19   59.18    0.00    5.10    0.00    0.00    2.04    0.00    0.00    0.00   33.67
20:04:42      20   54.08    0.00    5.10    0.00    0.00    3.06    0.00    0.00    0.00   37.76
20:04:42      21   58.82    0.00    4.90    0.00    0.00    0.00    0.00    0.00    0.00   36.27
20:04:42      22   61.70    0.00    4.26    0.00    0.00    0.00    0.00    0.00    0.00   34.04
20:04:42      23   56.70    0.00    8.25    0.00    0.00    2.06    0.00    0.00    0.00   32.99
20:04:42      24   86.00    0.00   11.00    0.00    0.00    2.00    0.00    0.00    0.00    1.00
20:04:42      25   84.00    0.00   10.00    0.00    0.00    4.00    0.00    0.00    0.00    2.00
20:04:42      26   82.00    0.00   14.00    0.00    0.00    4.00    0.00    0.00    0.00    0.00
20:04:42      27   87.13    0.00    9.90    0.00    0.00    1.98    0.00    0.00    0.00    0.99
20:04:42      28   87.13    0.00    8.91    0.00    0.00    1.98    0.00    0.00    0.00    1.98
20:04:42      29   82.83    0.00   13.13    0.00    0.00    3.03    0.00    0.00    0.00    1.01
20:04:42      30   82.35    0.00   10.78    0.00    0.00    5.88    0.00    0.00    0.00    0.98
20:04:42      31   82.18    0.00   11.88    0.00    0.00    4.95    0.00    0.00    0.00    0.99

20:04:42     CPU    %usr   %nice    %sys %iowait    %irq   %soft  %steal  %guest  %gnice   %idle
20:04:43     all   59.37    0.00    6.76    0.00    0.00    2.00    0.00    0.00    0.00   31.87
20:04:43       0   60.00    0.00    5.00    0.00    0.00    2.00    0.00    0.00    0.00   33.00
20:04:43       1   58.59    0.00    6.06    0.00    0.00    2.02    0.00    0.00    0.00   33.33
20:04:43       2   54.64    0.00    7.22    0.00    0.00    1.03    0.00    0.00    0.00   37.11
20:04:43       3   54.26    0.00    6.38    0.00    0.00    1.06    0.00    0.00    0.00   38.30
20:04:43       4   55.79    0.00    8.42    0.00    0.00    1.05    0.00    0.00    0.00   34.74
20:04:43       5   55.10    0.00    7.14    0.00    0.00    2.04    0.00    0.00    0.00   35.71
20:04:43       6   59.05    0.00    5.71    0.00    0.00    2.86    0.00    0.00    0.00   32.38
20:04:43       7   55.32    0.00    6.38    0.00    0.00    3.19    0.00    0.00    0.00   35.11
20:04:43       8   36.36    0.00    3.03    0.00    0.00    0.00    0.00    0.00    0.00   60.61
20:04:43       9   35.05    0.00    5.15    0.00    0.00    0.00    0.00    0.00    0.00   59.79
20:04:43      10   37.86    0.00    2.91    0.00    0.00    0.97    0.00    0.00    0.00   58.25
20:04:43      11   34.74    0.00    2.11    0.00    0.00    1.05    0.00    0.00    0.00   62.11
20:04:43      12   41.41    0.00    3.03    0.00    0.00    1.01    0.00    0.00    0.00   54.55
20:04:43      13   37.11    0.00    4.12    0.00    0.00    1.03    0.00    0.00    0.00   57.73
20:04:43      14   37.11    0.00    5.15    0.00    0.00    2.06    0.00    0.00    0.00   55.67
20:04:43      15   40.21    0.00    3.09    0.00    0.00    0.00    0.00    0.00    0.00   56.70
20:04:43      16   62.89    0.00    4.12    0.00    0.00    1.03    0.00    0.00    0.00   31.96
20:04:43      17   59.57    0.00    5.32    0.00    0.00    2.13    0.00    0.00    0.00   32.98
20:04:43      18   54.90    0.00    7.84    0.00    0.00    1.96    0.00    0.00    0.00   35.29
20:04:43      19   58.16    0.00    5.10    0.00    0.00    0.00    0.00    0.00    0.00   36.73
20:04:43      20   59.80    0.00    5.88    0.00    0.00    1.96    0.00    0.00    0.00   32.35
20:04:43      21   60.00    0.00    5.00    0.00    0.00    2.00    0.00    0.00    0.00   33.00
20:04:43      22   58.00    0.00    6.00    0.00    0.00    2.00    0.00    0.00    0.00   34.00
20:04:43      23   61.22    0.00    3.06    0.00    0.00    2.04    0.00    0.00    0.00   33.67
20:04:43      24   85.00    0.00   11.00    0.00    0.00    3.00    0.00    0.00    0.00    1.00
20:04:43      25   82.83    0.00   12.12    0.00    0.00    5.05    0.00    0.00    0.00    0.00
20:04:43      26   85.00    0.00   11.00    0.00    0.00    2.00    0.00    0.00    0.00    2.00
20:04:43      27   84.00    0.00   11.00    0.00    0.00    4.00    0.00    0.00    0.00    1.00
20:04:43      28   81.82    0.00   11.11    0.00    0.00    6.06    0.00    0.00    0.00    1.01
20:04:43      29   81.19    0.00   12.87    0.00    0.00    3.96    0.00    0.00    0.00    1.98
20:04:43      30   85.71    0.00   12.24    0.00    0.00    1.02    0.00    0.00    0.00    1.02
20:04:43      31   83.84    0.00   11.11    0.00    0.00    4.04    0.00    0.00    0.00    1.01

20:04:43     CPU    %usr   %nice    %sys %iowait    %irq   %soft  %steal  %guest  %gnice   %idle
20:04:44     all   59.12    0.00    7.27    0.00    0.00    2.18    0.00    0.00    0.00   31.43
20:04:44       0   58.82    0.00    7.84    0.00    0.00    1.96    0.00    0.00    0.00   31.37
20:04:44       1   61.39    0.00    5.94    0.00    0.00    2.97    0.00    0.00    0.00   29.70
20:04:44       2   55.24    0.00    5.71    0.00    0.00    3.81    0.00    0.00    0.00   35.24
20:04:44       3   55.10    0.00    8.16    0.00    0.00    1.02    0.00    0.00    0.00   35.71
20:04:44       4   61.76    0.00    4.90    0.00    0.00    1.96    0.00    0.00    0.00   31.37
20:04:44       5   60.42    0.00    5.21    0.00    0.00    2.08    0.00    0.00    0.00   32.29
20:04:44       6   60.00    0.00    9.00    0.00    0.00    0.00    0.00    0.00    0.00   31.00
20:04:44       7   62.14    0.00    6.80    0.00    0.00    1.94    0.00    0.00    0.00   29.13
20:04:44       8   35.79    0.00    5.26    0.00    0.00    0.00    0.00    0.00    0.00   58.95
20:04:44       9   38.00    0.00    5.00    0.00    0.00    1.00    0.00    0.00    0.00   56.00
20:04:44      10   35.35    0.00    5.05    0.00    0.00    1.01    0.00    0.00    0.00   58.59
20:04:44      11   37.37    0.00    4.04    0.00    0.00    1.01    0.00    0.00    0.00   57.58
20:04:44      12   20.65    0.00    2.17    0.00    0.00    2.17    0.00    0.00    0.00   75.00
20:04:44      13   21.74    0.00    1.09    0.00    0.00    1.09    0.00    0.00    0.00   76.09
20:04:44      14   42.11    0.00    3.16    0.00    0.00    1.05    0.00    0.00    0.00   53.68
20:04:44      15   41.84    0.00    3.06    0.00    0.00    1.02    0.00    0.00    0.00   54.08
20:04:44      16   62.26    0.00    4.72    0.00    0.00    1.89    0.00    0.00    0.00   31.13
20:04:44      17   62.38    0.00    5.94    0.00    0.00    1.98    0.00    0.00    0.00   29.70
20:04:44      18   53.00    0.00    7.00    0.00    0.00    3.00    0.00    0.00    0.00   37.00
20:04:44      19   53.61    0.00    8.25    0.00    0.00    1.03    0.00    0.00    0.00   37.11
20:04:44      20   60.82    0.00    7.22    0.00    0.00    1.03    0.00    0.00    0.00   30.93
20:04:44      21   62.11    0.00    4.21    0.00    0.00    1.05    0.00    0.00    0.00   32.63
20:04:44      22   60.82    0.00    7.22    0.00    0.00    1.03    0.00    0.00    0.00   30.93
20:04:44      23   54.44    0.00    8.89    0.00    0.00    2.22    0.00    0.00    0.00   34.44
20:04:44      24   84.16    0.00    8.91    0.00    0.00    4.95    0.00    0.00    0.00    1.98
20:04:44      25   86.00    0.00   10.00    0.00    0.00    3.00    0.00    0.00    0.00    1.00
20:04:44      26   84.85    0.00   11.11    0.00    0.00    4.04    0.00    0.00    0.00    0.00
20:04:44      27   83.00    0.00   13.00    0.00    0.00    3.00    0.00    0.00    0.00    1.00
20:04:44      28   83.17    0.00   12.87    0.00    0.00    2.97    0.00    0.00    0.00    0.99
20:04:44      29   80.00    0.00   16.00    0.00    0.00    3.00    0.00    0.00    0.00    1.00
20:04:44      30   82.18    0.00   11.88    0.00    0.00    4.95    0.00    0.00    0.00    0.99
20:04:44      31   81.19    0.00   11.88    0.00    0.00    5.94    0.00    0.00    0.00    0.99

20:04:44     CPU    %usr   %nice    %sys %iowait    %irq   %soft  %steal  %guest  %gnice   %idle
20:04:45     all   59.03    0.00    6.95    0.00    0.00    1.78    0.00    0.00    0.00   32.23
20:04:45       0   58.16    0.00    4.08    0.00    0.00    2.04    0.00    0.00    0.00   35.71
20:04:45       1   54.90    0.00    9.80    0.00    0.00    0.98    0.00    0.00    0.00   34.31
20:04:45       2   56.38    0.00    8.51    0.00    0.00    2.13    0.00    0.00    0.00   32.98
20:04:45       3   60.40    0.00    5.94    0.00    0.00    1.98    0.00    0.00    0.00   31.68
20:04:45       4   56.00    0.00    5.00    0.00    0.00    2.00    0.00    0.00    0.00   37.00
20:04:45       5   51.52    0.00   10.10    0.00    0.00    2.02    0.00    0.00    0.00   36.36
20:04:45       6   62.24    0.00    4.08    0.00    0.00    2.04    0.00    0.00    0.00   31.63
20:04:45       7   62.50    0.00    4.17    0.00    0.00    0.00    0.00    0.00    0.00   33.33
20:04:45       8   33.01    0.00    3.88    0.00    0.00    1.94    0.00    0.00    0.00   61.17
20:04:45       9   31.37    0.00    5.88    0.00    0.00    1.96    0.00    0.00    0.00   60.78
20:04:45      10   41.58    0.00    1.98    0.00    0.00    0.00    0.00    0.00    0.00   56.44
20:04:45      11   36.08    0.00    3.09    0.00    0.00    1.03    0.00    0.00    0.00   59.79
20:04:45      12   39.18    0.00    3.09    0.00    0.00    0.00    0.00    0.00    0.00   57.73
20:04:45      13   36.46    0.00    3.12    0.00    0.00    2.08    0.00    0.00    0.00   58.33
20:04:45      14   40.40    0.00    4.04    0.00    0.00    1.01    0.00    0.00    0.00   54.55
20:04:45      15   38.95    0.00    4.21    0.00    0.00    1.05    0.00    0.00    0.00   55.79
20:04:45      16   58.76    0.00    4.12    0.00    0.00    2.06    0.00    0.00    0.00   35.05
20:04:45      17   56.57    0.00    5.05    0.00    0.00    2.02    0.00    0.00    0.00   36.36
20:04:45      18   57.45    0.00    8.51    0.00    0.00    1.06    0.00    0.00    0.00   32.98
20:04:45      19   58.95    0.00    6.32    0.00    0.00    1.05    0.00    0.00    0.00   33.68
20:04:45      20   56.00    0.00    4.00    0.00    0.00    2.00    0.00    0.00    0.00   38.00
20:04:45      21   55.32    0.00    4.26    0.00    0.00    0.00    0.00    0.00    0.00   40.43
20:04:45      22   61.00    0.00    5.00    0.00    0.00    3.00    0.00    0.00    0.00   31.00
20:04:45      23   60.87    0.00    4.35    0.00    0.00    0.00    0.00    0.00    0.00   34.78
20:04:45      24   85.86    0.00    9.09    0.00    0.00    4.04    0.00    0.00    0.00    1.01
20:04:45      25   79.21    0.00   14.85    0.00    0.00    2.97    0.00    0.00    0.00    2.97
20:04:45      26   83.00    0.00   11.00    0.00    0.00    4.00    0.00    0.00    0.00    2.00
20:04:45      27   79.00    0.00   16.00    0.00    0.00    3.00    0.00    0.00    0.00    2.00
20:04:45      28   84.85    0.00   12.12    0.00    0.00    2.02    0.00    0.00    0.00    1.01
20:04:45      29   80.20    0.00   13.86    0.00    0.00    3.96    0.00    0.00    0.00    1.98
20:04:45      30   85.15    0.00   11.88    0.00    0.00    0.99    0.00    0.00    0.00    1.98
20:04:45      31   85.86    0.00   10.10    0.00    0.00    2.02    0.00    0.00    0.00    2.02

20:04:45     CPU    %usr   %nice    %sys %iowait    %irq   %soft  %steal  %guest  %gnice   %idle
20:04:46     all   59.46    0.00    7.06    0.00    0.00    1.68    0.00    0.00    0.00   31.80
20:04:46       0   57.14    0.00    5.71    0.00    0.00    1.90    0.00    0.00    0.00   35.24
20:04:46       1   54.64    0.00    7.22    0.00    0.00    1.03    0.00    0.00    0.00   37.11
20:04:46       2   56.52    0.00    7.61    0.00    0.00    2.17    0.00    0.00    0.00   33.70
20:04:46       3   63.27    0.00    4.08    0.00    0.00    1.02    0.00    0.00    0.00   31.63
20:04:46       4   61.17    0.00    7.77    0.00    0.00    0.97    0.00    0.00    0.00   30.10
20:04:46       5   60.61    0.00    7.07    0.00    0.00    1.01    0.00    0.00    0.00   31.31
20:04:46       6   53.54    0.00    9.09    0.00    0.00    2.02    0.00    0.00    0.00   35.35
20:04:46       7   56.57    0.00    7.07    0.00    0.00    1.01    0.00    0.00    0.00   35.35
20:04:46       8   35.24    0.00    3.81    0.00    0.00    0.95    0.00    0.00    0.00   60.00
20:04:46       9   27.96    0.00    1.08    0.00    0.00    1.08    0.00    0.00    0.00   69.89
20:04:46      10   38.14    0.00    1.03    0.00    0.00    1.03    0.00    0.00    0.00   59.79
20:04:46      11   33.71    0.00    2.25    0.00    0.00    0.00    0.00    0.00    0.00   64.04
20:04:46      12   40.00    0.00    6.00    0.00    0.00    2.00    0.00    0.00    0.00   52.00
20:04:46      13   42.27    0.00    4.12    0.00    0.00    1.03    0.00    0.00    0.00   52.58
20:04:46      14   41.58    0.00    3.96    0.00    0.00    0.99    0.00    0.00    0.00   53.47
20:04:46      15   41.58    0.00    2.97    0.00    0.00    1.98    0.00    0.00    0.00   53.47
20:04:46      16   57.58    0.00    5.05    0.00    0.00    0.00    0.00    0.00    0.00   37.37
20:04:46      17   55.00    0.00    7.00    0.00    0.00    2.00    0.00    0.00    0.00   36.00
20:04:46      18   60.20    0.00    7.14    0.00    0.00    1.02    0.00    0.00    0.00   31.63
20:04:46      19   58.00    0.00   10.00    0.00    0.00    0.00    0.00    0.00    0.00   32.00
20:04:46      20   59.38    0.00    6.25    0.00    0.00    2.08    0.00    0.00    0.00   32.29
20:04:46      21   60.61    0.00    5.05    0.00    0.00    2.02    0.00    0.00    0.00   32.32
20:04:46      22   56.00    0.00    6.00    0.00    0.00    1.00    0.00    0.00    0.00   37.00
20:04:46      23   55.67    0.00    5.15    0.00    0.00    2.06    0.00    0.00    0.00   37.11
20:04:46      24   84.00    0.00   12.00    0.00    0.00    2.00    0.00    0.00    0.00    2.00
20:04:46      25   86.87    0.00    9.09    0.00    0.00    3.03    0.00    0.00    0.00    1.01
20:04:46      26   85.15    0.00    9.90    0.00    0.00    2.97    0.00    0.00    0.00    1.98
20:04:46      27   81.82    0.00   14.14    0.00    0.00    2.02    0.00    0.00    0.00    2.02
20:04:46      28   83.17    0.00   12.87    0.00    0.00    1.98    0.00    0.00    0.00    1.98
20:04:46      29   84.85    0.00   11.11    0.00    0.00    3.03    0.00    0.00    0.00    1.01
20:04:46      30   79.59    0.00   13.27    0.00    0.00    6.12    0.00    0.00    0.00    1.02
20:04:46      31   86.87    0.00   10.10    0.00    0.00    2.02    0.00    0.00    0.00    1.01

20:04:46     CPU    %usr   %nice    %sys %iowait    %irq   %soft  %steal  %guest  %gnice   %idle
20:04:47     all   59.41    0.00    7.15    0.00    0.00    1.96    0.00    0.00    0.00   31.49
20:04:47       0   62.50    0.00    6.73    0.00    0.00    0.00    0.00    0.00    0.00   30.77
20:04:47       1   60.78    0.00    5.88    0.00    0.00    1.96    0.00    0.00    0.00   31.37
20:04:47       2   62.50    0.00    4.17    0.00    0.00    1.04    0.00    0.00    0.00   32.29
20:04:47       3   62.24    0.00    4.08    0.00    0.00    2.04    0.00    0.00    0.00   31.63
20:04:47       4   55.88    0.00    6.86    0.00    0.00    1.96    0.00    0.00    0.00   35.29
20:04:47       5   56.25    0.00    5.21    0.00    0.00    2.08    0.00    0.00    0.00   36.46
20:04:47       6   57.00    0.00    9.00    0.00    0.00    2.00    0.00    0.00    0.00   32.00
20:04:47       7   58.59    0.00    7.07    0.00    0.00    1.01    0.00    0.00    0.00   33.33
20:04:47       8   31.96    0.00    3.09    0.00    0.00    0.00    0.00    0.00    0.00   64.95
20:04:47       9   29.17    0.00    3.12    0.00    0.00    1.04    0.00    0.00    0.00   66.67
20:04:47      10   40.62    0.00    4.17    0.00    0.00    1.04    0.00    0.00    0.00   54.17
20:04:47      11   40.62    0.00    4.17    0.00    0.00    0.00    0.00    0.00    0.00   55.21
20:04:47      12   37.25    0.00    1.96    0.00    0.00    0.00    0.00    0.00    0.00   60.78
20:04:47      13   34.31    0.00    2.94    0.00    0.00    0.98    0.00    0.00    0.00   61.76
20:04:47      14   39.00    0.00    6.00    0.00    0.00    0.00    0.00    0.00    0.00   55.00
20:04:47      15   37.63    0.00    4.30    0.00    0.00    1.08    0.00    0.00    0.00   56.99
20:04:47      16   59.60    0.00    6.06    0.00    0.00    2.02    0.00    0.00    0.00   32.32
20:04:47      17   55.67    0.00    8.25    0.00    0.00    2.06    0.00    0.00    0.00   34.02
20:04:47      18   61.54    0.00    6.73    0.00    0.00    1.92    0.00    0.00    0.00   29.81
20:04:47      19   61.22    0.00    5.10    0.00    0.00    4.08    0.00    0.00    0.00   29.59
20:04:47      20   56.38    0.00    5.32    0.00    0.00    1.06    0.00    0.00    0.00   37.23
20:04:47      21   55.67    0.00    6.19    0.00    0.00    1.03    0.00    0.00    0.00   37.11
20:04:47      22   61.39    0.00    6.93    0.00    0.00    0.00    0.00    0.00    0.00   31.68
20:04:47      23   57.14    0.00    7.14    0.00    0.00    3.06    0.00    0.00    0.00   32.65
20:04:47      24   83.67    0.00   11.22    0.00    0.00    4.08    0.00    0.00    0.00    1.02
20:04:47      25   81.63    0.00   14.29    0.00    0.00    3.06    0.00    0.00    0.00    1.02
20:04:47      26   85.71    0.00   10.20    0.00    0.00    3.06    0.00    0.00    0.00    1.02
20:04:47      27   83.00    0.00   12.00    0.00    0.00    4.00    0.00    0.00    0.00    1.00
20:04:47      28   81.19    0.00   12.87    0.00    0.00    4.95    0.00    0.00    0.00    0.99
20:04:47      29   82.83    0.00   11.11    0.00    0.00    5.05    0.00    0.00    0.00    1.01
20:04:47      30   80.39    0.00   12.75    0.00    0.00    4.90    0.00    0.00    0.00    1.96
20:04:47      31   84.00    0.00   13.00    0.00    0.00    2.00    0.00    0.00    0.00    1.00

20:04:47     CPU    %usr   %nice    %sys %iowait    %irq   %soft  %steal  %guest  %gnice   %idle
20:04:48     all   60.18    0.00    6.72    0.00    0.00    1.87    0.00    0.00    0.00   31.23
20:04:48       0   57.89    0.00    6.32    0.00    0.00    1.05    0.00    0.00    0.00   34.74
20:04:48       1   58.42    0.00    6.93    0.00    0.00    1.98    0.00    0.00    0.00   32.67
20:04:48       2   56.38    0.00    8.51    0.00    0.00    1.06    0.00    0.00    0.00   34.04
20:04:48       3   60.40    0.00    5.94    0.00    0.00    2.97    0.00    0.00    0.00   30.69
20:04:48       4   56.25    0.00    8.33    0.00    0.00    0.00    0.00    0.00    0.00   35.42
20:04:48       5   54.95    0.00    6.59    0.00    0.00    1.10    0.00    0.00    0.00   37.36
20:04:48       6   59.38    0.00    8.33    0.00    0.00    0.00    0.00    0.00    0.00   32.29
20:04:48       7   60.00    0.00    7.00    0.00    0.00    1.00    0.00    0.00    0.00   32.00
20:04:48       8   36.36    0.00    3.03    0.00    0.00    2.02    0.00    0.00    0.00   58.59
20:04:48       9   41.18    0.00    1.96    0.00    0.00    0.98    0.00    0.00    0.00   55.88
20:04:48      10   31.37    0.00    2.94    0.00    0.00    0.98    0.00    0.00    0.00   64.71
20:04:48      11   29.59    0.00    3.06    0.00    0.00    1.02    0.00    0.00    0.00   66.33
20:04:48      12   41.41    0.00    3.03    0.00    0.00    2.02    0.00    0.00    0.00   53.54
20:04:48      13   39.80    0.00    4.08    0.00    0.00    1.02    0.00    0.00    0.00   55.10
20:04:48      14   39.36    0.00    3.19    0.00    0.00    1.06    0.00    0.00    0.00   56.38
20:04:48      15   43.27    0.00    4.81    0.00    0.00    0.00    0.00    0.00    0.00   51.92
20:04:48      16   61.76    0.00    6.86    0.00    0.00    0.00    0.00    0.00    0.00   31.37
20:04:48      17   56.38    0.00    5.32    0.00    0.00    2.13    0.00    0.00    0.00   36.17
20:04:48      18   57.58    0.00    8.08    0.00    0.00    3.03    0.00    0.00    0.00   31.31
20:04:48      19   60.40    0.00    6.93    0.00    0.00    1.98    0.00    0.00    0.00   30.69
20:04:48      20   57.58    0.00    8.08    0.00    0.00    1.01    0.00    0.00    0.00   33.33
20:04:48      21   56.25    0.00    4.17    0.00    0.00    2.08    0.00    0.00    0.00   37.50
20:04:48      22   61.05    0.00    4.21    0.00    0.00    2.11    0.00    0.00    0.00   32.63
20:04:48      23   63.73    0.00    5.88    0.00    0.00    0.00    0.00    0.00    0.00   30.39
20:04:48      24   87.00    0.00    9.00    0.00    0.00    3.00    0.00    0.00    0.00    1.00
20:04:48      25   87.13    0.00    8.91    0.00    0.00    2.97    0.00    0.00    0.00    0.99
20:04:48      26   81.19    0.00   11.88    0.00    0.00    5.94    0.00    0.00    0.00    0.99
20:04:48      27   86.00    0.00   10.00    0.00    0.00    3.00    0.00    0.00    0.00    1.00
20:04:48      28   86.73    0.00    9.18    0.00    0.00    3.06    0.00    0.00    0.00    1.02
20:04:48      29   87.00    0.00    9.00    0.00    0.00    4.00    0.00    0.00    0.00    0.00
20:04:48      30   85.57    0.00   10.31    0.00    0.00    4.12    0.00    0.00    0.00    0.00
20:04:48      31   82.83    0.00   13.13    0.00    0.00    3.03    0.00    0.00    0.00    1.01

20:04:48     CPU    %usr   %nice    %sys %iowait    %irq   %soft  %steal  %guest  %gnice   %idle
20:04:49     all   59.78    0.00    6.49    0.00    0.00    2.18    0.00    0.00    0.00   31.54
20:04:49       0   62.38    0.00    6.93    0.00    0.00    0.99    0.00    0.00    0.00   29.70
20:04:49       1   59.79    0.00    6.19    0.00    0.00    2.06    0.00    0.00    0.00   31.96
20:04:49       2   58.59    0.00    8.08    0.00    0.00    1.01    0.00    0.00    0.00   32.32
20:04:49       3   56.57    0.00    9.09    0.00    0.00    3.03    0.00    0.00    0.00   31.31
20:04:49       4   55.67    0.00    5.15    0.00    0.00    2.06    0.00    0.00    0.00   37.11
20:04:49       5   54.46    0.00    6.93    0.00    0.00    1.98    0.00    0.00    0.00   36.63
20:04:49       6   60.64    0.00    5.32    0.00    0.00    1.06    0.00    0.00    0.00   32.98
20:04:49       7   61.22    0.00    6.12    0.00    0.00    0.00    0.00    0.00    0.00   32.65
20:04:49       8   26.00    0.00    4.00    0.00    0.00    1.00    0.00    0.00    0.00   69.00
20:04:49       9   30.30    0.00    2.02    0.00    0.00    1.01    0.00    0.00    0.00   66.67
20:04:49      10   40.62    0.00    3.12    0.00    0.00    1.04    0.00    0.00    0.00   55.21
20:04:49      11   36.46    0.00    4.17    0.00    0.00    2.08    0.00    0.00    0.00   57.29
20:04:49      12   40.59    0.00    0.99    0.00    0.00    0.99    0.00    0.00    0.00   57.43
20:04:49      13   36.36    0.00    5.05    0.00    0.00    1.01    0.00    0.00    0.00   57.58
20:04:49      14   41.24    0.00    3.09    0.00    0.00    1.03    0.00    0.00    0.00   54.64
20:04:49      15   41.00    0.00    4.00    0.00    0.00    2.00    0.00    0.00    0.00   53.00
20:04:49      16   61.86    0.00    4.12    0.00    0.00    2.06    0.00    0.00    0.00   31.96
20:04:49      17   62.24    0.00    6.12    0.00    0.00    1.02    0.00    0.00    0.00   30.61
20:04:49      18   59.60    0.00    7.07    0.00    0.00    2.02    0.00    0.00    0.00   31.31
20:04:49      19   61.22    0.00    5.10    0.00    0.00    2.04    0.00    0.00    0.00   31.63
20:04:49      20   52.75    0.00    3.30    0.00    0.00    2.20    0.00    0.00    0.00   41.76
20:04:49      21   53.61    0.00    7.22    0.00    0.00    1.03    0.00    0.00    0.00   38.14
20:04:49      22   59.41    0.00    4.95    0.00    0.00    3.96    0.00    0.00    0.00   31.68
20:04:49      23   60.00    0.00    6.00    0.00    0.00    2.00    0.00    0.00    0.00   32.00
20:04:49      24   83.17    0.00   11.88    0.00    0.00    2.97    0.00    0.00    0.00    1.98
20:04:49      25   82.00    0.00   13.00    0.00    0.00    4.00    0.00    0.00    0.00    1.00
20:04:49      26   86.00    0.00    8.00    0.00    0.00    5.00    0.00    0.00    0.00    1.00
20:04:49      27   84.16    0.00   11.88    0.00    0.00    2.97    0.00    0.00    0.00    0.99
20:04:49      28   86.14    0.00    9.90    0.00    0.00    2.97    0.00    0.00    0.00    0.99
20:04:49      29   87.13    0.00    8.91    0.00    0.00    1.98    0.00    0.00    0.00    1.98
20:04:49      30   82.83    0.00   10.10    0.00    0.00    6.06    0.00    0.00    0.00    1.01
20:04:49      31   85.00    0.00    9.00    0.00    0.00    5.00    0.00    0.00    0.00    1.00

20:04:49     CPU    %usr   %nice    %sys %iowait    %irq   %soft  %steal  %guest  %gnice   %idle
20:04:50     all   59.32    0.00    7.14    0.00    0.00    2.05    0.00    0.00    0.00   31.49
20:04:50       0   56.44    0.00    7.92    0.00    0.00    0.99    0.00    0.00    0.00   34.65
20:04:50       1   54.64    0.00    6.19    0.00    0.00    3.09    0.00    0.00    0.00   36.08
20:04:50       2   54.64    0.00    8.25    0.00    0.00    1.03    0.00    0.00    0.00   36.08
20:04:50       3   58.65    0.00    4.81    0.00    0.00    2.88    0.00    0.00    0.00   33.65
20:04:50       4   59.60    0.00    7.07    0.00    0.00    0.00    0.00    0.00    0.00   33.33
20:04:50       5   54.08    0.00    9.18    0.00    0.00    3.06    0.00    0.00    0.00   33.67
20:04:50       6   58.00    0.00    7.00    0.00    0.00    4.00    0.00    0.00    0.00   31.00
20:04:50       7   63.37    0.00    3.96    0.00    0.00    0.99    0.00    0.00    0.00   31.68
20:04:50       8   38.24    0.00    3.92    0.00    0.00    1.96    0.00    0.00    0.00   55.88
20:04:50       9   38.61    0.00    1.98    0.00    0.00    0.00    0.00    0.00    0.00   59.41
20:04:50      10   42.16    0.00    5.88    0.00    0.00    0.00    0.00    0.00    0.00   51.96
20:04:50      11   38.54    0.00    2.08    0.00    0.00    2.08    0.00    0.00    0.00   57.29
20:04:50      12   32.99    0.00    4.12    0.00    0.00    0.00    0.00    0.00    0.00   62.89
20:04:50      13   36.36    0.00    5.05    0.00    0.00    0.00    0.00    0.00    0.00   58.59
20:04:50      14   40.00    0.00    1.05    0.00    0.00    0.00    0.00    0.00    0.00   58.95
20:04:50      15   39.58    0.00    5.21    0.00    0.00    0.00    0.00    0.00    0.00   55.21
20:04:50      16   56.12    0.00    7.14    0.00    0.00    1.02    0.00    0.00    0.00   35.71
20:04:50      17   56.57    0.00    8.08    0.00    0.00    1.01    0.00    0.00    0.00   34.34
20:04:50      18   54.64    0.00    9.28    0.00    0.00    0.00    0.00    0.00    0.00   36.08
20:04:50      19   56.00    0.00    7.00    0.00    0.00    3.00    0.00    0.00    0.00   34.00
20:04:50      20   59.18    0.00    7.14    0.00    0.00    2.04    0.00    0.00    0.00   31.63
20:04:50      21   58.00    0.00    7.00    0.00    0.00    1.00    0.00    0.00    0.00   34.00
20:04:50      22   59.78    0.00    3.26    0.00    0.00    2.17    0.00    0.00    0.00   34.78
20:04:50      23   56.99    0.00    6.45    0.00    0.00    2.15    0.00    0.00    0.00   34.41
20:04:50      24   83.17    0.00   10.89    0.00    0.00    4.95    0.00    0.00    0.00    0.99
20:04:50      25   88.12    0.00    8.91    0.00    0.00    1.98    0.00    0.00    0.00    0.99
20:04:50      26   80.20    0.00   13.86    0.00    0.00    4.95    0.00    0.00    0.00    0.99
20:04:50      27   86.00    0.00    8.00    0.00    0.00    5.00    0.00    0.00    0.00    1.00
20:04:50      28   83.17    0.00   11.88    0.00    0.00    3.96    0.00    0.00    0.00    0.99
20:04:50      29   84.85    0.00   10.10    0.00    0.00    4.04    0.00    0.00    0.00    1.01
20:04:50      30   83.00    0.00   12.00    0.00    0.00    4.00    0.00    0.00    0.00    1.00
20:04:50      31   82.18    0.00   12.87    0.00    0.00    3.96    0.00    0.00    0.00    0.99

20:04:50     CPU    %usr   %nice    %sys %iowait    %irq   %soft  %steal  %guest  %gnice   %idle
20:04:51     all   60.16    0.00    6.95    0.00    0.00    1.70    0.00    0.00    0.00   31.18
20:04:51       0   50.00    0.00    8.70    0.00    0.00    1.09    0.00    0.00    0.00   40.22
20:04:51       1   57.14    0.00    6.12    0.00    0.00    0.00    0.00    0.00    0.00   36.73
20:04:51       2   62.86    0.00    5.71    0.00    0.00    0.95    0.00    0.00    0.00   30.48
20:04:51       3   59.18    0.00    7.14    0.00    0.00    1.02    0.00    0.00    0.00   32.65
20:04:51       4   61.62    0.00    5.05    0.00    0.00    2.02    0.00    0.00    0.00   31.31
20:04:51       5   56.57    0.00   10.10    0.00    0.00    2.02    0.00    0.00    0.00   31.31
20:04:51       6   63.11    0.00    4.85    0.00    0.00    1.94    0.00    0.00    0.00   30.10
20:04:51       7   56.84    0.00    8.42    0.00    0.00    3.16    0.00    0.00    0.00   31.58
20:04:51       8   34.02    0.00    1.03    0.00    0.00    0.00    0.00    0.00    0.00   64.95
20:04:51       9   34.65    0.00    1.98    0.00    0.00    0.99    0.00    0.00    0.00   62.38
20:04:51      10   34.02    0.00    5.15    0.00    0.00    1.03    0.00    0.00    0.00   59.79
20:04:51      11   39.00    0.00    2.00    0.00    0.00    2.00    0.00    0.00    0.00   57.00
20:04:51      12   39.42    0.00    4.81    0.00    0.00    0.96    0.00    0.00    0.00   54.81
20:04:51      13   39.80    0.00    2.04    0.00    0.00    1.02    0.00    0.00    0.00   57.14
20:04:51      14   38.30    0.00    4.26    0.00    0.00    0.00    0.00    0.00    0.00   57.45
20:04:51      15   39.60    0.00    4.95    0.00    0.00    1.98    0.00    0.00    0.00   53.47
20:04:51      16   54.74    0.00    6.32    0.00    0.00    1.05    0.00    0.00    0.00   37.89
20:04:51      17   52.04    0.00    8.16    0.00    0.00    2.04    0.00    0.00    0.00   37.76
20:04:51      18   62.38    0.00    5.94    0.00    0.00    0.99    0.00    0.00    0.00   30.69
20:04:51      19   59.41    0.00    5.94    0.00    0.00    1.98    0.00    0.00    0.00   32.67
20:04:51      20   61.17    0.00    7.77    0.00    0.00    0.00    0.00    0.00    0.00   31.07
20:04:51      21   61.76    0.00    6.86    0.00    0.00    0.98    0.00    0.00    0.00   30.39
20:04:51      22   59.38    0.00    7.29    0.00    0.00    1.04    0.00    0.00    0.00   32.29
20:04:51      23   64.65    0.00    5.05    0.00    0.00    1.01    0.00    0.00    0.00   29.29
20:04:51      24   85.00    0.00   12.00    0.00    0.00    2.00    0.00    0.00    0.00    1.00
20:04:51      25   87.00    0.00   10.00    0.00    0.00    2.00    0.00    0.00    0.00    1.00
20:04:51      26   86.14    0.00    8.91    0.00    0.00    3.96    0.00    0.00    0.00    0.99
20:04:51      27   84.00    0.00   11.00    0.00    0.00    4.00    0.00    0.00    0.00    1.00
20:04:51      28   82.83    0.00   12.12    0.00    0.00    4.04    0.00    0.00    0.00    1.01
20:04:51      29   86.00    0.00    9.00    0.00    0.00    4.00    0.00    0.00    0.00    1.00
20:04:51      30   81.55    0.00   13.59    0.00    0.00    2.91    0.00    0.00    0.00    1.94
20:04:51      31   86.87    0.00   10.10    0.00    0.00    2.02    0.00    0.00    0.00    1.01

20:04:51     CPU    %usr   %nice    %sys %iowait    %irq   %soft  %steal  %guest  %gnice   %idle
20:04:52     all   59.34    0.00    7.50    0.00    0.00    1.64    0.00    0.00    0.00   31.52
20:04:52       0   55.67    0.00    6.19    0.00    0.00    3.09    0.00    0.00    0.00   35.05
20:04:52       1   62.00    0.00    5.00    0.00    0.00    0.00    0.00    0.00    0.00   33.00
20:04:52       2   58.76    0.00    4.12    0.00    0.00    2.06    0.00    0.00    0.00   35.05
20:04:52       3   60.40    0.00    4.95    0.00    0.00    1.98    0.00    0.00    0.00   32.67
20:04:52       4   52.13    0.00    9.57    0.00    0.00    2.13    0.00    0.00    0.00   36.17
20:04:52       5   59.60    0.00    6.06    0.00    0.00    1.01    0.00    0.00    0.00   33.33
20:04:52       6   60.00    0.00    6.00    0.00    0.00    2.00    0.00    0.00    0.00   32.00
20:04:52       7   59.18    0.00    8.16    0.00    0.00    1.02    0.00    0.00    0.00   31.63
20:04:52       8   25.25    0.00    7.07    0.00    0.00    1.01    0.00    0.00    0.00   66.67
20:04:52       9   32.35    0.00    3.92    0.00    0.00    0.00    0.00    0.00    0.00   63.73
20:04:52      10   36.84    0.00    6.32    0.00    0.00    0.00    0.00    0.00    0.00   56.84
20:04:52      11   37.89    0.00    7.37    0.00    0.00    0.00    0.00    0.00    0.00   54.74
20:04:52      12   37.23    0.00    3.19    0.00    0.00    1.06    0.00    0.00    0.00   58.51
20:04:52      13   39.00    0.00    6.00    0.00    0.00    1.00    0.00    0.00    0.00   54.00
20:04:52      14   41.18    0.00    2.94    0.00    0.00    0.00    0.00    0.00    0.00   55.88
20:04:52      15   36.36    0.00    5.05    0.00    0.00    1.01    0.00    0.00    0.00   57.58
20:04:52      16   61.00    0.00    5.00    0.00    0.00    0.00    0.00    0.00    0.00   34.00
20:04:52      17   60.40    0.00    6.93    0.00    0.00    0.00    0.00    0.00    0.00   32.67
20:04:52      18   61.39    0.00    4.95    0.00    0.00    1.98    0.00    0.00    0.00   31.68
20:04:52      19   57.00    0.00    9.00    0.00    0.00    1.00    0.00    0.00    0.00   33.00
20:04:52      20   55.10    0.00    9.18    0.00    0.00    1.02    0.00    0.00    0.00   34.69
20:04:52      21   57.43    0.00    5.94    0.00    0.00    1.98    0.00    0.00    0.00   34.65
20:04:52      22   59.00    0.00    6.00    0.00    0.00    2.00    0.00    0.00    0.00   33.00
20:04:52      23   61.17    0.00    6.80    0.00    0.00    0.97    0.00    0.00    0.00   31.07
20:04:52      24   82.00    0.00   13.00    0.00    0.00    4.00    0.00    0.00    0.00    1.00
20:04:52      25   87.88    0.00    9.09    0.00    0.00    2.02    0.00    0.00    0.00    1.01
20:04:52      26   84.00    0.00   10.00    0.00    0.00    5.00    0.00    0.00    0.00    1.00
20:04:52      27   85.71    0.00   10.20    0.00    0.00    3.06    0.00    0.00    0.00    1.02
20:04:52      28   80.00    0.00   13.00    0.00    0.00    5.00    0.00    0.00    0.00    2.00
20:04:52      29   84.00    0.00   12.00    0.00    0.00    3.00    0.00    0.00    0.00    1.00
20:04:52      30   86.00    0.00   12.00    0.00    0.00    1.00    0.00    0.00    0.00    1.00
20:04:52      31   80.00    0.00   15.00    0.00    0.00    3.00    0.00    0.00    0.00    2.00

20:04:52     CPU    %usr   %nice    %sys %iowait    %irq   %soft  %steal  %guest  %gnice   %idle
20:04:53     all   59.57    0.00    7.32    0.00    0.00    2.00    0.00    0.00    0.00   31.11
20:04:53       0   57.29    0.00    8.33    0.00    0.00    1.04    0.00    0.00    0.00   33.33
20:04:53       1   60.82    0.00    6.19    0.00    0.00    1.03    0.00    0.00    0.00   31.96
20:04:53       2   57.29    0.00    8.33    0.00    0.00    1.04    0.00    0.00    0.00   33.33
20:04:53       3   56.12    0.00    5.10    0.00    0.00    2.04    0.00    0.00    0.00   36.73
20:04:53       4   54.74    0.00    9.47    0.00    0.00    2.11    0.00    0.00    0.00   33.68
20:04:53       5   55.56    0.00    6.67    0.00    0.00    2.22    0.00    0.00    0.00   35.56
20:04:53       6   61.29    0.00    6.45    0.00    0.00    1.08    0.00    0.00    0.00   31.18
20:04:53       7   58.59    0.00    9.09    0.00    0.00    1.01    0.00    0.00    0.00   31.31
20:04:53       8   40.00    0.00    2.00    0.00    0.00    1.00    0.00    0.00    0.00   57.00
20:04:53       9   37.00    0.00    3.00    0.00    0.00    0.00    0.00    0.00    0.00   60.00
20:04:53      10   36.84    0.00    7.37    0.00    0.00    0.00    0.00    0.00    0.00   55.79
20:04:53      11   41.41    0.00    2.02    0.00    0.00    2.02    0.00    0.00    0.00   54.55
20:04:53      12   38.78    0.00    3.06    0.00    0.00    1.02    0.00    0.00    0.00   57.14
20:04:53      13   43.69    0.00    3.88    0.00    0.00    1.94    0.00    0.00    0.00   50.49
20:04:53      14   29.70    0.00    2.97    0.00    0.00    0.99    0.00    0.00    0.00   66.34
20:04:53      15   31.31    0.00    2.02    0.00    0.00    0.00    0.00    0.00    0.00   66.67
20:04:53      16   58.51    0.00    8.51    0.00    0.00    1.06    0.00    0.00    0.00   31.91
20:04:53      17   59.18    0.00    5.10    0.00    0.00    2.04    0.00    0.00    0.00   33.67
20:04:53      18   55.56    0.00    9.09    0.00    0.00    2.02    0.00    0.00    0.00   33.33
20:04:53      19   53.61    0.00    8.25    0.00    0.00    3.09    0.00    0.00    0.00   35.05
20:04:53      20   59.18    0.00    5.10    0.00    0.00    4.08    0.00    0.00    0.00   31.63
20:04:53      21   60.20    0.00    7.14    0.00    0.00    0.00    0.00    0.00    0.00   32.65
20:04:53      22   60.61    0.00    8.08    0.00    0.00    1.01    0.00    0.00    0.00   30.30
20:04:53      23   64.36    0.00    3.96    0.00    0.00    1.98    0.00    0.00    0.00   29.70
20:04:53      24   87.00    0.00    9.00    0.00    0.00    3.00    0.00    0.00    0.00    1.00
20:04:53      25   80.20    0.00   13.86    0.00    0.00    4.95    0.00    0.00    0.00    0.99
20:04:53      26   80.20    0.00   14.85    0.00    0.00    3.96    0.00    0.00    0.00    0.99
20:04:53      27   85.15    0.00   11.88    0.00    0.00    1.98    0.00    0.00    0.00    0.99
20:04:53      28   85.00    0.00   11.00    0.00    0.00    4.00    0.00    0.00    0.00    0.00
20:04:53      29   82.65    0.00   15.31    0.00    0.00    2.04    0.00    0.00    0.00    0.00
20:04:53      30   88.00    0.00    8.00    0.00    0.00    3.00    0.00    0.00    0.00    1.00
20:04:53      31   84.00    0.00    9.00    0.00    0.00    7.00    0.00    0.00    0.00    0.00

20:04:53     CPU    %usr   %nice    %sys %iowait    %irq   %soft  %steal  %guest  %gnice   %idle
20:04:54     all   59.14    0.00    7.10    0.00    0.00    2.36    0.00    0.00    0.00   31.41
20:04:54       0   58.76    0.00    5.15    0.00    0.00    2.06    0.00    0.00    0.00   34.02
20:04:54       1   61.22    0.00    5.10    0.00    0.00    2.04    0.00    0.00    0.00   31.63
20:04:54       2   56.84    0.00    9.47    0.00    0.00    0.00    0.00    0.00    0.00   33.68
20:04:54       3   57.14    0.00    6.12    0.00    0.00    2.04    0.00    0.00    0.00   34.69
20:04:54       4   60.61    0.00    5.05    0.00    0.00    1.01    0.00    0.00    0.00   33.33
20:04:54       5   54.08    0.00   10.20    0.00    0.00    2.04    0.00    0.00    0.00   33.67
20:04:54       6   59.22    0.00    8.74    0.00    0.00    2.91    0.00    0.00    0.00   29.13
20:04:54       7   61.86    0.00    6.19    0.00    0.00    1.03    0.00    0.00    0.00   30.93
20:04:54       8   33.68    0.00    3.16    0.00    0.00    0.00    0.00    0.00    0.00   63.16
20:04:54       9   36.27    0.00    1.96    0.00    0.00    0.98    0.00    0.00    0.00   60.78
20:04:54      10   37.11    0.00    2.06    0.00    0.00    2.06    0.00    0.00    0.00   58.76
20:04:54      11   39.39    0.00    2.02    0.00    0.00    0.00    0.00    0.00    0.00   58.59
20:04:54      12   40.21    0.00    2.06    0.00    0.00    2.06    0.00    0.00    0.00   55.67
20:04:54      13   37.00    0.00    5.00    0.00    0.00    2.00    0.00    0.00    0.00   56.00
20:04:54      14   34.62    0.00    3.85    0.00    0.00    2.88    0.00    0.00    0.00   58.65
20:04:54      15   36.27    0.00    1.96    0.00    0.00    0.98    0.00    0.00    0.00   60.78
20:04:54      16   61.62    0.00    6.06    0.00    0.00    1.01    0.00    0.00    0.00   31.31
20:04:54      17   60.78    0.00    5.88    0.00    0.00    1.96    0.00    0.00    0.00   31.37
20:04:54      18   61.62    0.00    2.02    0.00    0.00    3.03    0.00    0.00    0.00   33.33
20:04:54      19   53.47    0.00    9.90    0.00    0.00    2.97    0.00    0.00    0.00   33.66
20:04:54      20   58.00    0.00    6.00    0.00    0.00    2.00    0.00    0.00    0.00   34.00
20:04:54      21   52.00    0.00    9.00    0.00    0.00    3.00    0.00    0.00    0.00   36.00
20:04:54      22   61.76    0.00    4.90    0.00    0.00    1.96    0.00    0.00    0.00   31.37
20:04:54      23   63.73    0.00    3.92    0.00    0.00    1.96    0.00    0.00    0.00   30.39
20:04:54      24   84.00    0.00   10.00    0.00    0.00    5.00    0.00    0.00    0.00    1.00
20:04:54      25   84.85    0.00   10.10    0.00    0.00    4.04    0.00    0.00    0.00    1.01
20:04:54      26   81.82    0.00   15.15    0.00    0.00    3.03    0.00    0.00    0.00    0.00
20:04:54      27   83.00    0.00   12.00    0.00    0.00    4.00    0.00    0.00    0.00    1.00
20:04:54      28   78.00    0.00   16.00    0.00    0.00    4.00    0.00    0.00    0.00    2.00
20:04:54      29   80.20    0.00   11.88    0.00    0.00    5.94    0.00    0.00    0.00    1.98
20:04:54      30   80.81    0.00   14.14    0.00    0.00    3.03    0.00    0.00    0.00    2.02
20:04:54      31   82.00    0.00   12.00    0.00    0.00    4.00    0.00    0.00    0.00    2.00

20:04:54     CPU    %usr   %nice    %sys %iowait    %irq   %soft  %steal  %guest  %gnice   %idle
20:04:55     all   59.84    0.00    7.00    0.00    0.00    1.84    0.00    0.00    0.00   31.32
20:04:55       0   51.61    0.00    6.45    0.00    0.00    3.23    0.00    0.00    0.00   38.71
20:04:55       1   53.61    0.00    7.22    0.00    0.00    2.06    0.00    0.00    0.00   37.11
20:04:55       2   61.54    0.00    3.85    0.00    0.00    0.96    0.00    0.00    0.00   33.65
20:04:55       3   55.67    0.00    6.19    0.00    0.00    3.09    0.00    0.00    0.00   35.05
20:04:55       4   61.17    0.00    6.80    0.00    0.00    1.94    0.00    0.00    0.00   30.10
20:04:55       5   59.79    0.00    7.22    0.00    0.00    1.03    0.00    0.00    0.00   31.96
20:04:55       6   58.16    0.00    9.18    0.00    0.00    1.02    0.00    0.00    0.00   31.63
20:04:55       7   62.24    0.00    4.08    0.00    0.00    2.04    0.00    0.00    0.00   31.63
20:04:55       8   32.32    0.00    3.03    0.00    0.00    1.01    0.00    0.00    0.00   63.64
20:04:55       9   27.78    0.00    3.33    0.00    0.00    0.00    0.00    0.00    0.00   68.89
20:04:55      10   41.24    0.00    3.09    0.00    0.00    2.06    0.00    0.00    0.00   53.61
20:04:55      11   41.90    0.00    6.67    0.00    0.00    0.95    0.00    0.00    0.00   50.48
20:04:55      12   36.84    0.00    4.21    0.00    0.00    0.00    0.00    0.00    0.00   58.95
20:04:55      13   37.76    0.00    4.08    0.00    0.00    1.02    0.00    0.00    0.00   57.14
20:04:55      14   37.11    0.00    4.12    0.00    0.00    1.03    0.00    0.00    0.00   57.73
20:04:55      15   37.37    0.00    4.04    0.00    0.00    1.01    0.00    0.00    0.00   57.58
20:04:55      16   54.08    0.00    8.16    0.00    0.00    3.06    0.00    0.00    0.00   34.69
20:04:55      17   56.25    0.00    6.25    0.00    0.00    1.04    0.00    0.00    0.00   36.46
20:04:55      18   55.21    0.00    8.33    0.00    0.00    0.00    0.00    0.00    0.00   36.46
20:04:55      19   57.73    0.00    5.15    0.00    0.00    2.06    0.00    0.00    0.00   35.05
20:04:55      20   63.37    0.00    5.94    0.00    0.00    0.00    0.00    0.00    0.00   30.69
20:04:55      21   60.42    0.00    5.21    0.00    0.00    2.08    0.00    0.00    0.00   32.29
20:04:55      22   61.90    0.00    7.62    0.00    0.00    1.90    0.00    0.00    0.00   28.57
20:04:55      23   60.00    0.00    5.26    0.00    0.00    2.11    0.00    0.00    0.00   32.63
20:04:55      24   85.00    0.00   11.00    0.00    0.00    3.00    0.00    0.00    0.00    1.00
20:04:55      25   89.00    0.00    8.00    0.00    0.00    3.00    0.00    0.00    0.00    0.00
20:04:55      26   83.00    0.00   12.00    0.00    0.00    4.00    0.00    0.00    0.00    1.00
20:04:55      27   88.12    0.00    7.92    0.00    0.00    2.97    0.00    0.00    0.00    0.99
20:04:55      28   83.84    0.00   14.14    0.00    0.00    1.01    0.00    0.00    0.00    1.01
20:04:55      29   83.33    0.00   11.76    0.00    0.00    3.92    0.00    0.00    0.00    0.98
20:04:55      30   84.16    0.00   12.87    0.00    0.00    1.98    0.00    0.00    0.00    0.99
20:04:55      31   85.15    0.00    9.90    0.00    0.00    3.96    0.00    0.00    0.00    0.99

20:04:55     CPU    %usr   %nice    %sys %iowait    %irq   %soft  %steal  %guest  %gnice   %idle
20:04:56     all   59.38    0.00    7.02    0.00    0.00    2.02    0.00    0.00    0.00   31.57
20:04:56       0   56.84    0.00    7.37    0.00    0.00    1.05    0.00    0.00    0.00   34.74
20:04:56       1   52.58    0.00   11.34    0.00    0.00    2.06    0.00    0.00    0.00   34.02
20:04:56       2   57.73    0.00    7.22    0.00    0.00    1.03    0.00    0.00    0.00   34.02
20:04:56       3   56.19    0.00   10.48    0.00    0.00    0.95    0.00    0.00    0.00   32.38
20:04:56       4   57.58    0.00    9.09    0.00    0.00    1.01    0.00    0.00    0.00   32.32
20:04:56       5   61.54    0.00    5.77    0.00    0.00    0.96    0.00    0.00    0.00   31.73
20:04:56       6   58.59    0.00    7.07    0.00    0.00    2.02    0.00    0.00    0.00   32.32
20:04:56       7   57.73    0.00    5.15    0.00    0.00    3.09    0.00    0.00    0.00   34.02
20:04:56       8   35.05    0.00    2.06    0.00    0.00    1.03    0.00    0.00    0.00   61.86
20:04:56       9   34.34    0.00    4.04    0.00    0.00    1.01    0.00    0.00    0.00   60.61
20:04:56      10   33.33    0.00    4.30    0.00    0.00    0.00    0.00    0.00    0.00   62.37
20:04:56      11   37.37    0.00    4.04    0.00    0.00    1.01    0.00    0.00    0.00   57.58
20:04:56      12   37.11    0.00    4.12    0.00    0.00    0.00    0.00    0.00    0.00   58.76
20:04:56      13   34.34    0.00    3.03    0.00    0.00    2.02    0.00    0.00    0.00   60.61
20:04:56      14   36.73    0.00    5.10    0.00    0.00    3.06    0.00    0.00    0.00   55.10
20:04:56      15   37.89    0.00    3.16    0.00    0.00    1.05    0.00    0.00    0.00   57.89
20:04:56      16   59.79    0.00    3.09    0.00    0.00    2.06    0.00    0.00    0.00   35.05
20:04:56      17   58.76    0.00    6.19    0.00    0.00    1.03    0.00    0.00    0.00   34.02
20:04:56      18   58.76    0.00    6.19    0.00    0.00    1.03    0.00    0.00    0.00   34.02
20:04:56      19   58.00    0.00    6.00    0.00    0.00    1.00    0.00    0.00    0.00   35.00
20:04:56      20   58.59    0.00    8.08    0.00    0.00    1.01    0.00    0.00    0.00   32.32
20:04:56      21   61.76    0.00    5.88    0.00    0.00    0.00    0.00    0.00    0.00   32.35
20:04:56      22   55.21    0.00    8.33    0.00    0.00    2.08    0.00    0.00    0.00   34.38
20:04:56      23   58.25    0.00    6.80    0.00    0.00    3.88    0.00    0.00    0.00   31.07
20:04:56      24   84.85    0.00   10.10    0.00    0.00    4.04    0.00    0.00    0.00    1.01
20:04:56      25   84.00    0.00   11.00    0.00    0.00    4.00    0.00    0.00    0.00    1.00
20:04:56      26   84.16    0.00   10.89    0.00    0.00    3.96    0.00    0.00    0.00    0.99
20:04:56      27   86.00    0.00    9.00    0.00    0.00    4.00    0.00    0.00    0.00    1.00
20:04:56      28   84.00    0.00   12.00    0.00    0.00    3.00    0.00    0.00    0.00    1.00
20:04:56      29   86.87    0.00    9.09    0.00    0.00    3.03    0.00    0.00    0.00    1.01
20:04:56      30   85.00    0.00    9.00    0.00    0.00    5.00    0.00    0.00    0.00    1.00
20:04:56      31   85.15    0.00    8.91    0.00    0.00    3.96    0.00    0.00    0.00    1.98

20:04:56     CPU    %usr   %nice    %sys %iowait    %irq   %soft  %steal  %guest  %gnice   %idle
20:04:57     all   59.67    0.00    7.09    0.00    0.00    2.15    0.00    0.00    0.00   31.09
20:04:57       0   58.33    0.00    6.25    0.00    0.00    2.08    0.00    0.00    0.00   33.33
20:04:57       1   58.59    0.00    8.08    0.00    0.00    2.02    0.00    0.00    0.00   31.31
20:04:57       2   60.82    0.00    5.15    0.00    0.00    2.06    0.00    0.00    0.00   31.96
20:04:57       3   61.62    0.00    5.05    0.00    0.00    2.02    0.00    0.00    0.00   31.31
20:04:57       4   60.58    0.00    5.77    0.00    0.00    1.92    0.00    0.00    0.00   31.73
20:04:57       5   60.42    0.00    6.25    0.00    0.00    0.00    0.00    0.00    0.00   33.33
20:04:57       6   59.00    0.00    6.00    0.00    0.00    2.00    0.00    0.00    0.00   33.00
20:04:57       7   61.00    0.00    6.00    0.00    0.00    2.00    0.00    0.00    0.00   31.00
20:04:57       8   30.61    0.00    5.10    0.00    0.00    1.02    0.00    0.00    0.00   63.27
20:04:57       9   28.42    0.00    4.21    0.00    0.00    0.00    0.00    0.00    0.00   67.37
20:04:57      10   37.50    0.00    3.85    0.00    0.00    1.92    0.00    0.00    0.00   56.73
20:04:57      11   37.25    0.00    3.92    0.00    0.00    0.98    0.00    0.00    0.00   57.84
20:04:57      12   31.31    0.00    1.01    0.00    0.00    1.01    0.00    0.00    0.00   66.67
20:04:57      13   27.08    0.00    4.17    0.00    0.00    1.04    0.00    0.00    0.00   67.71
20:04:57      14   46.60    0.00    4.85    0.00    0.00    0.97    0.00    0.00    0.00   47.57
20:04:57      15   41.67    0.00    8.33    0.00    0.00    1.04    0.00    0.00    0.00   48.96
20:04:57      16   59.14    0.00    5.38    0.00    0.00    1.08    0.00    0.00    0.00   34.41
20:04:57      17   59.60    0.00    8.08    0.00    0.00    2.02    0.00    0.00    0.00   30.30
20:04:57      18   63.16    0.00    6.32    0.00    0.00    0.00    0.00    0.00    0.00   30.53
20:04:57      19   61.46    0.00    5.21    0.00    0.00    2.08    0.00    0.00    0.00   31.25
20:04:57      20   57.84    0.00    6.86    0.00    0.00    3.92    0.00    0.00    0.00   31.37
20:04:57      21   57.89    0.00    5.26    0.00    0.00    4.21    0.00    0.00    0.00   32.63
20:04:57      22   56.25    0.00    8.33    0.00    0.00    1.04    0.00    0.00    0.00   34.38
20:04:57      23   59.38    0.00    5.21    0.00    0.00    2.08    0.00    0.00    0.00   33.33
20:04:57      24   84.31    0.00   11.76    0.00    0.00    2.94    0.00    0.00    0.00    0.98
20:04:57      25   86.00    0.00   10.00    0.00    0.00    3.00    0.00    0.00    0.00    1.00
20:04:57      26   83.00    0.00   12.00    0.00    0.00    4.00    0.00    0.00    0.00    1.00
20:04:57      27   80.00    0.00   17.00    0.00    0.00    2.00    0.00    0.00    0.00    1.00
20:04:57      28   86.00    0.00   10.00    0.00    0.00    3.00    0.00    0.00    0.00    1.00
20:04:57      29   85.15    0.00    7.92    0.00    0.00    5.94    0.00    0.00    0.00    0.99
20:04:57      30   82.00    0.00   12.00    0.00    0.00    5.00    0.00    0.00    0.00    1.00
20:04:57      31   84.00    0.00   11.00    0.00    0.00    4.00    0.00    0.00    0.00    1.00

20:04:57     CPU    %usr   %nice    %sys %iowait    %irq   %soft  %steal  %guest  %gnice   %idle
20:04:58     all   59.31    0.00    7.29    0.06    0.00    1.86    0.00    0.00    0.00   31.47
20:04:58       0   62.14    0.00    5.83    0.00    0.00    0.00    0.00    0.00    0.00   32.04
20:04:58       1   61.86    0.00    4.12    0.00    0.00    1.03    0.00    0.00    0.00   32.99
20:04:58       2   60.40    0.00    6.93    0.00    0.00    0.99    0.00    0.00    0.00   31.68
20:04:58       3   60.58    0.00    5.77    0.00    0.00    1.92    0.00    0.00    0.00   31.73
20:04:58       4   60.00    0.00    5.00    0.00    0.00    2.00    0.00    0.00    0.00   33.00
20:04:58       5   56.25    0.00    5.21    0.00    0.00    4.17    0.00    0.00    0.00   34.38
20:04:58       6   58.95    0.00    5.26    0.00    0.00    1.05    0.00    0.00    0.00   34.74
20:04:58       7   60.00    0.00    5.00    0.00    0.00    1.00    0.00    0.00    0.00   34.00
20:04:58       8   41.58    0.00    2.97    0.00    0.00    0.99    0.00    0.00    0.00   54.46
20:04:58       9   41.00    0.00    4.00    0.00    0.00    1.00    0.00    0.00    0.00   54.00
20:04:58      10   32.32    0.00    3.03    0.00    0.00    2.02    0.00    0.00    0.00   62.63
20:04:58      11   27.00    0.00    8.00    2.00    0.00    1.00    0.00    0.00    0.00   62.00
20:04:58      12   36.73    0.00    6.12    0.00    0.00    1.02    0.00    0.00    0.00   56.12
20:04:58      13   37.62    0.00    4.95    0.00    0.00    0.99    0.00    0.00    0.00   56.44
20:04:58      14   39.80    0.00    3.06    0.00    0.00    1.02    0.00    0.00    0.00   56.12
20:04:58      15   34.69    0.00    6.12    0.00    0.00    1.02    0.00    0.00    0.00   58.16
20:04:58      16   58.95    0.00    7.37    0.00    0.00    0.00    0.00    0.00    0.00   33.68
20:04:58      17   54.90    0.00    9.80    0.00    0.00    2.94    0.00    0.00    0.00   32.35
20:04:58      18   55.10    0.00    6.12    0.00    0.00    4.08    0.00    0.00    0.00   34.69
20:04:58      19   59.22    0.00    6.80    0.00    0.00    0.97    0.00    0.00    0.00   33.01
20:04:58      20   59.79    0.00    4.12    0.00    0.00    1.03    0.00    0.00    0.00   35.05
20:04:58      21   52.75    0.00    7.69    0.00    0.00    0.00    0.00    0.00    0.00   39.56
20:04:58      22   58.59    0.00    5.05    0.00    0.00    2.02    0.00    0.00    0.00   34.34
20:04:58      23   58.76    0.00    6.19    0.00    0.00    1.03    0.00    0.00    0.00   34.02
20:04:58      24   86.87    0.00   12.12    0.00    0.00    1.01    0.00    0.00    0.00    0.00
20:04:58      25   80.20    0.00   13.86    0.00    0.00    4.95    0.00    0.00    0.00    0.99
20:04:58      26   81.00    0.00   13.00    0.00    0.00    5.00    0.00    0.00    0.00    1.00
20:04:58      27   79.80    0.00   14.14    0.00    0.00    5.05    0.00    0.00    0.00    1.01
20:04:58      28   87.76    0.00    8.16    0.00    0.00    3.06    0.00    0.00    0.00    1.02
20:04:58      29   84.00    0.00   11.00    0.00    0.00    4.00    0.00    0.00    0.00    1.00
20:04:58      30   84.00    0.00   13.00    0.00    0.00    2.00    0.00    0.00    0.00    1.00
20:04:58      31   84.69    0.00   13.27    0.00    0.00    1.02    0.00    0.00    0.00    1.02

20:04:58     CPU    %usr   %nice    %sys %iowait    %irq   %soft  %steal  %guest  %gnice   %idle
20:04:59     all   59.52    0.00    7.29    0.00    0.00    1.68    0.00    0.00    0.00   31.52
20:04:59       0   58.06    0.00    7.53    0.00    0.00    1.08    0.00    0.00    0.00   33.33
20:04:59       1   57.14    0.00    9.18    0.00    0.00    1.02    0.00    0.00    0.00   32.65
20:04:59       2   60.42    0.00    5.21    0.00    0.00    1.04    0.00    0.00    0.00   33.33
20:04:59       3   58.59    0.00    7.07    0.00    0.00    0.00    0.00    0.00    0.00   34.34
20:04:59       4   58.82    0.00    6.86    0.00    0.00    1.96    0.00    0.00    0.00   32.35
20:04:59       5   57.00    0.00    8.00    0.00    0.00    2.00    0.00    0.00    0.00   33.00
20:04:59       6   54.08    0.00    8.16    0.00    0.00    2.04    0.00    0.00    0.00   35.71
20:04:59       7   62.14    0.00    3.88    0.00    0.00    0.97    0.00    0.00    0.00   33.01
20:04:59       8   36.36    0.00    4.04    0.00    0.00    0.00    0.00    0.00    0.00   59.60
20:04:59       9   35.05    0.00    2.06    0.00    0.00    1.03    0.00    0.00    0.00   61.86
20:04:59      10   37.23    0.00    2.13    0.00    0.00    0.00    0.00    0.00    0.00   60.64
20:04:59      11   38.14    0.00    2.06    0.00    0.00    1.03    0.00    0.00    0.00   58.76
20:04:59      12   32.63    0.00    4.21    0.00    0.00    1.05    0.00    0.00    0.00   62.11
20:04:59      13   38.00    0.00    2.00    0.00    0.00    0.00    0.00    0.00    0.00   60.00
20:04:59      14   38.00    0.00    5.00    0.00    0.00    1.00    0.00    0.00    0.00   56.00
20:04:59      15   42.00    0.00    2.00    0.00    0.00    2.00    0.00    0.00    0.00   54.00
20:04:59      16   55.56    0.00    8.08    0.00    0.00    3.03    0.00    0.00    0.00   33.33
20:04:59      17   58.76    0.00    8.25    0.00    0.00    1.03    0.00    0.00    0.00   31.96
20:04:59      18   57.29    0.00    8.33    0.00    0.00    1.04    0.00    0.00    0.00   33.33
20:04:59      19   58.51    0.00    5.32    0.00    0.00    1.06    0.00    0.00    0.00   35.11
20:04:59      20   62.00    0.00    5.00    0.00    0.00    1.00    0.00    0.00    0.00   32.00
20:04:59      21   58.00    0.00    8.00    0.00    0.00    1.00    0.00    0.00    0.00   33.00
20:04:59      22   56.57    0.00    8.08    0.00    0.00    2.02    0.00    0.00    0.00   33.33
20:04:59      23   59.00    0.00    6.00    0.00    0.00    1.00    0.00    0.00    0.00   34.00
20:04:59      24   81.19    0.00   12.87    0.00    0.00    3.96    0.00    0.00    0.00    1.98
20:04:59      25   86.87    0.00   10.10    0.00    0.00    2.02    0.00    0.00    0.00    1.01
20:04:59      26   82.00    0.00   13.00    0.00    0.00    4.00    0.00    0.00    0.00    1.00
20:04:59      27   83.00    0.00   13.00    0.00    0.00    3.00    0.00    0.00    0.00    1.00
20:04:59      28   82.00    0.00   15.00    0.00    0.00    2.00    0.00    0.00    0.00    1.00
20:04:59      29   85.00    0.00   11.00    0.00    0.00    3.00    0.00    0.00    0.00    1.00
20:04:59      30   84.00    0.00   12.00    0.00    0.00    4.00    0.00    0.00    0.00    0.00
20:04:59      31   86.14    0.00    8.91    0.00    0.00    3.96    0.00    0.00    0.00    0.99

20:04:59     CPU    %usr   %nice    %sys %iowait    %irq   %soft  %steal  %guest  %gnice   %idle
20:05:00     all   59.64    0.00    6.83    0.00    0.00    1.96    0.00    0.00    0.00   31.57
20:05:00       0   56.84    0.00    7.37    0.00    0.00    1.05    0.00    0.00    0.00   34.74
20:05:00       1   61.32    0.00    5.66    0.00    0.00    0.94    0.00    0.00    0.00   32.08
20:05:00       2   60.61    0.00    6.06    0.00    0.00    2.02    0.00    0.00    0.00   31.31
20:05:00       3   60.00    0.00    6.32    0.00    0.00    1.05    0.00    0.00    0.00   32.63
20:05:00       4   56.12    0.00    7.14    0.00    0.00    2.04    0.00    0.00    0.00   34.69
20:05:00       5   64.36    0.00    1.98    0.00    0.00    1.98    0.00    0.00    0.00   31.68
20:05:00       6   58.95    0.00    4.21    0.00    0.00    2.11    0.00    0.00    0.00   34.74
20:05:00       7   58.33    0.00    5.21    0.00    0.00    1.04    0.00    0.00    0.00   35.42
20:05:00       8   38.24    0.00    1.96    0.00    0.00    1.96    0.00    0.00    0.00   57.84
20:05:00       9   39.60    0.00    3.96    0.00    0.00    0.99    0.00    0.00    0.00   55.45
20:05:00      10   39.18    0.00    4.12    0.00    0.00    0.00    0.00    0.00    0.00   56.70
20:05:00      11   39.60    0.00    3.96    0.00    0.00    0.99    0.00    0.00    0.00   55.45
20:05:00      12   29.79    0.00    4.26    0.00    0.00    0.00    0.00    0.00    0.00   65.96
20:05:00      13   30.85    0.00    2.13    0.00    0.00    2.13    0.00    0.00    0.00   64.89
20:05:00      14   35.42    0.00    4.17    0.00    0.00    0.00    0.00    0.00    0.00   60.42
20:05:00      15   39.39    0.00    4.04    0.00    0.00    0.00    0.00    0.00    0.00   56.57
20:05:00      16   58.59    0.00    8.08    0.00    0.00    1.01    0.00    0.00    0.00   32.32
20:05:00      17   57.73    0.00    5.15    0.00    0.00    2.06    0.00    0.00    0.00   35.05
20:05:00      18   60.40    0.00    6.93    0.00    0.00    0.99    0.00    0.00    0.00   31.68
20:05:00      19   58.95    0.00    8.42    0.00    0.00    0.00    0.00    0.00    0.00   32.63
20:05:00      20   59.22    0.00    6.80    0.00    0.00    1.94    0.00    0.00    0.00   32.04
20:05:00      21   57.73    0.00    6.19    0.00    0.00    1.03    0.00    0.00    0.00   35.05
20:05:00      22   58.25    0.00    8.74    0.00    0.00    0.97    0.00    0.00    0.00   32.04
20:05:00      23   57.00    0.00    7.00    0.00    0.00    1.00    0.00    0.00    0.00   35.00
20:05:00      24   86.00    0.00    9.00    0.00    0.00    4.00    0.00    0.00    0.00    1.00
20:05:00      25   81.00    0.00   13.00    0.00    0.00    5.00    0.00    0.00    0.00    1.00
20:05:00      26   84.00    0.00   11.00    0.00    0.00    4.00    0.00    0.00    0.00    1.00
20:05:00      27   82.83    0.00   13.13    0.00    0.00    3.03    0.00    0.00    0.00    1.01
20:05:00      28   81.37    0.00   10.78    0.00    0.00    5.88    0.00    0.00    0.00    1.96
20:05:00      29   84.00    0.00   11.00    0.00    0.00    3.00    0.00    0.00    0.00    2.00
20:05:00      30   83.00    0.00   11.00    0.00    0.00    5.00    0.00    0.00    0.00    1.00
20:05:00      31   84.85    0.00    9.09    0.00    0.00    5.05    0.00    0.00    0.00    1.01

20:05:00     CPU    %usr   %nice    %sys %iowait    %irq   %soft  %steal  %guest  %gnice   %idle
20:05:01     all   59.35    0.00    7.23    0.00    0.00    2.05    0.00    0.00    0.00   31.36
20:05:01       0   57.58    0.00    6.06    0.00    0.00    1.01    0.00    0.00    0.00   35.35
20:05:01       1   55.00    0.00    8.00    0.00    0.00    1.00    0.00    0.00    0.00   36.00
20:05:01       2   58.16    0.00    6.12    0.00    0.00    1.02    0.00    0.00    0.00   34.69
20:05:01       3   58.65    0.00    6.73    0.00    0.00    2.88    0.00    0.00    0.00   31.73
20:05:01       4   58.76    0.00    5.15    0.00    0.00    2.06    0.00    0.00    0.00   34.02
20:05:01       5   54.84    0.00    8.60    0.00    0.00    2.15    0.00    0.00    0.00   34.41
20:05:01       6   59.18    0.00    7.14    0.00    0.00    1.02    0.00    0.00    0.00   32.65
20:05:01       7   59.38    0.00    6.25    0.00    0.00    2.08    0.00    0.00    0.00   32.29
20:05:01       8   32.32    0.00    4.04    0.00    0.00    1.01    0.00    0.00    0.00   62.63
20:05:01       9   33.33    0.00    3.03    0.00    0.00    1.01    0.00    0.00    0.00   62.63
20:05:01      10   38.00    0.00    4.00    0.00    0.00    1.00    0.00    0.00    0.00   57.00
20:05:01      11   36.84    0.00    1.05    0.00    0.00    0.00    0.00    0.00    0.00   62.11
20:05:01      12   37.37    0.00    3.03    0.00    0.00    1.01    0.00    0.00    0.00   58.59
20:05:01      13   38.00    0.00    5.00    0.00    0.00    1.00    0.00    0.00    0.00   56.00
20:05:01      14   45.00    0.00    4.00    0.00    0.00    1.00    0.00    0.00    0.00   50.00
20:05:01      15   41.67    0.00    6.25    0.00    0.00    1.04    0.00    0.00    0.00   51.04
20:05:01      16   58.42    0.00    4.95    0.00    0.00    0.99    0.00    0.00    0.00   35.64
20:05:01      17   54.55    0.00    7.07    0.00    0.00    3.03    0.00    0.00    0.00   35.35
20:05:01      18   57.84    0.00    6.86    0.00    0.00    2.94    0.00    0.00    0.00   32.35
20:05:01      19   60.82    0.00    5.15    0.00    0.00    1.03    0.00    0.00    0.00   32.99
20:05:01      20   62.38    0.00    5.94    0.00    0.00    0.00    0.00    0.00    0.00   31.68
20:05:01      21   56.70    0.00    6.19    0.00    0.00    3.09    0.00    0.00    0.00   34.02
20:05:01      22   57.84    0.00    5.88    0.00    0.00    3.92    0.00    0.00    0.00   32.35
20:05:01      23   61.05    0.00    3.16    0.00    0.00    1.05    0.00    0.00    0.00   34.74
20:05:01      24   78.00    0.00   18.00    0.00    0.00    3.00    0.00    0.00    0.00    1.00
20:05:01      25   84.00    0.00   12.00    0.00    0.00    3.00    0.00    0.00    0.00    1.00
20:05:01      26   86.87    0.00   10.10    0.00    0.00    2.02    0.00    0.00    0.00    1.01
20:05:01      27   80.20    0.00   13.86    0.00    0.00    4.95    0.00    0.00    0.00    0.99
20:05:01      28   88.78    0.00    9.18    0.00    0.00    2.04    0.00    0.00    0.00    0.00
20:05:01      29   80.20    0.00   12.87    0.00    0.00    5.94    0.00    0.00    0.00    0.99
20:05:01      30   83.00    0.00   12.00    0.00    0.00    4.00    0.00    0.00    0.00    1.00
20:05:01      31   82.00    0.00   13.00    0.00    0.00    4.00    0.00    0.00    0.00    1.00

20:05:01     CPU    %usr   %nice    %sys %iowait    %irq   %soft  %steal  %guest  %gnice   %idle
20:05:02     all   59.78    0.00    6.54    0.00    0.00    1.99    0.00    0.00    0.00   31.69
20:05:02       0   58.76    0.00    6.19    0.00    0.00    3.09    0.00    0.00    0.00   31.96
20:05:02       1   58.70    0.00    6.52    0.00    0.00    1.09    0.00    0.00    0.00   33.70
20:05:02       2   57.58    0.00    8.08    0.00    0.00    1.01    0.00    0.00    0.00   33.33
20:05:02       3   60.78    0.00    5.88    0.00    0.00    2.94    0.00    0.00    0.00   30.39
20:05:02       4   57.73    0.00    7.22    0.00    0.00    1.03    0.00    0.00    0.00   34.02
20:05:02       5   55.32    0.00    4.26    0.00    0.00    3.19    0.00    0.00    0.00   37.23
20:05:02       6   57.29    0.00    5.21    0.00    0.00    1.04    0.00    0.00    0.00   36.46
20:05:02       7   54.84    0.00    6.45    0.00    0.00    1.08    0.00    0.00    0.00   37.63
20:05:02       8   35.71    0.00    3.06    0.00    0.00    1.02    0.00    0.00    0.00   60.20
20:05:02       9   33.33    0.00    3.12    0.00    0.00    1.04    0.00    0.00    0.00   62.50
20:05:02      10   31.58    0.00    4.21    0.00    0.00    0.00    0.00    0.00    0.00   64.21
20:05:02      11   38.24    0.00    2.94    0.00    0.00    0.00    0.00    0.00    0.00   58.82
20:05:02      12   39.81    0.00    3.88    0.00    0.00    0.00    0.00    0.00    0.00   56.31
20:05:02      13   37.37    0.00    4.04    0.00    0.00    1.01    0.00    0.00    0.00   57.58
20:05:02      14   39.60    0.00    3.96    0.00    0.00    0.99    0.00    0.00    0.00   55.45
20:05:02      15   37.86    0.00    3.88    0.00    0.00    2.91    0.00    0.00    0.00   55.34
20:05:02      16   59.00    0.00    8.00    0.00    0.00    3.00    0.00    0.00    0.00   30.00
20:05:02      17   60.61    0.00    6.06    0.00    0.00    2.02    0.00    0.00    0.00   31.31
20:05:02      18   60.58    0.00    6.73    0.00    0.00    1.92    0.00    0.00    0.00   30.77
20:05:02      19   59.79    0.00    5.15    0.00    0.00    4.12    0.00    0.00    0.00   30.93
20:05:02      20   58.76    0.00    6.19    0.00    0.00    1.03    0.00    0.00    0.00   34.02
20:05:02      21   55.56    0.00    6.06    0.00    0.00    3.03    0.00    0.00    0.00   35.35
20:05:02      22   58.76    0.00    5.15    0.00    0.00    1.03    0.00    0.00    0.00   35.05
20:05:02      23   54.08    0.00    9.18    0.00    0.00    1.02    0.00    0.00    0.00   35.71
20:05:02      24   84.00    0.00   10.00    0.00    0.00    5.00    0.00    0.00    0.00    1.00
20:05:02      25   84.31    0.00   10.78    0.00    0.00    2.94    0.00    0.00    0.00    1.96
20:05:02      26   85.15    0.00   11.88    0.00    0.00    1.98    0.00    0.00    0.00    0.99
20:05:02      27   86.00    0.00   10.00    0.00    0.00    3.00    0.00    0.00    0.00    1.00
20:05:02      28   87.38    0.00    8.74    0.00    0.00    1.94    0.00    0.00    0.00    1.94
20:05:02      29   84.00    0.00    9.00    0.00    0.00    6.00    0.00    0.00    0.00    1.00
20:05:02      30   88.12    0.00    8.91    0.00    0.00    0.99    0.00    0.00    0.00    1.98
20:05:02      31   88.00    0.00    8.00    0.00    0.00    3.00    0.00    0.00    0.00    1.00

20:05:02     CPU    %usr   %nice    %sys %iowait    %irq   %soft  %steal  %guest  %gnice   %idle
20:05:03     all   59.91    0.00    7.11    0.00    0.00    1.88    0.00    0.00    0.00   31.10
20:05:03       0   58.33    0.00    6.25    0.00    0.00    1.04    0.00    0.00    0.00   34.38
20:05:03       1   58.51    0.00    6.38    0.00    0.00    2.13    0.00    0.00    0.00   32.98
20:05:03       2   60.00    0.00    7.00    0.00    0.00    2.00    0.00    0.00    0.00   31.00
20:05:03       3   60.78    0.00    6.86    0.00    0.00    0.98    0.00    0.00    0.00   31.37
20:05:03       4   57.84    0.00    6.86    0.00    0.00    2.94    0.00    0.00    0.00   32.35
20:05:03       5   55.88    0.00    9.80    0.00    0.00    2.94    0.00    0.00    0.00   31.37
20:05:03       6   54.17    0.00    9.38    0.00    0.00    2.08    0.00    0.00    0.00   34.38
20:05:03       7   61.76    0.00    4.90    0.00    0.00    0.98    0.00    0.00    0.00   32.35
20:05:03       8   42.31    0.00    5.77    0.00    0.00    0.96    0.00    0.00    0.00   50.96
20:05:03       9   45.63    0.00    3.88    0.00    0.00    0.00    0.00    0.00    0.00   50.49
20:05:03      10   32.65    0.00    4.08    0.00    0.00    0.00    0.00    0.00    0.00   63.27
20:05:03      11   32.67    0.00    3.96    0.00    0.00    1.98    0.00    0.00    0.00   61.39
20:05:03      12   33.70    0.00    3.26    0.00    0.00    1.09    0.00    0.00    0.00   61.96
20:05:03      13   39.00    0.00    4.00    0.00    0.00    0.00    0.00    0.00    0.00   57.00
20:05:03      14   36.19    0.00    5.71    0.00    0.00    0.95    0.00    0.00    0.00   57.14
20:05:03      15   38.24    0.00    1.96    0.00    0.00    0.00    0.00    0.00    0.00   59.80
20:05:03      16   60.61    0.00    5.05    0.00    0.00    1.01    0.00    0.00    0.00   33.33
20:05:03      17   58.00    0.00    7.00    0.00    0.00    2.00    0.00    0.00    0.00   33.00
20:05:03      18   60.78    0.00    5.88    0.00    0.00    0.98    0.00    0.00    0.00   32.35
20:05:03      19   57.14    0.00    9.18    0.00    0.00    2.04    0.00    0.00    0.00   31.63
20:05:03      20   60.00    0.00    5.00    0.00    0.00    3.00    0.00    0.00    0.00   32.00
20:05:03      21   62.89    0.00    4.12    0.00    0.00    0.00    0.00    0.00    0.00   32.99
20:05:03      22   60.00    0.00    5.00    0.00    0.00    1.00    0.00    0.00    0.00   34.00
20:05:03      23   57.43    0.00    6.93    0.00    0.00    1.98    0.00    0.00    0.00   33.66
20:05:03      24   82.00    0.00   12.00    0.00    0.00    4.00    0.00    0.00    0.00    2.00
20:05:03      25   86.87    0.00   11.11    0.00    0.00    1.01    0.00    0.00    0.00    1.01
20:05:03      26   84.16    0.00   10.89    0.00    0.00    3.96    0.00    0.00    0.00    0.99
20:05:03      27   83.84    0.00   11.11    0.00    0.00    4.04    0.00    0.00    0.00    1.01
20:05:03      28   82.83    0.00   13.13    0.00    0.00    3.03    0.00    0.00    0.00    1.01
20:05:03      29   86.00    0.00    8.00    0.00    0.00    5.00    0.00    0.00    0.00    1.00
20:05:03      30   85.00    0.00   10.00    0.00    0.00    4.00    0.00    0.00    0.00    1.00
20:05:03      31   82.83    0.00   13.13    0.00    0.00    3.03    0.00    0.00    0.00    1.01

20:05:03     CPU    %usr   %nice    %sys %iowait    %irq   %soft  %steal  %guest  %gnice   %idle
20:05:04     all   59.15    0.00    6.58    0.00    0.00    2.11    0.00    0.00    0.00   32.16
20:05:04       0   60.95    0.00    7.62    0.00    0.00    0.95    0.00    0.00    0.00   30.48
20:05:04       1   57.29    0.00    6.25    0.00    0.00    3.12    0.00    0.00    0.00   33.33
20:05:04       2   57.29    0.00    4.17    0.00    0.00    3.12    0.00    0.00    0.00   35.42
20:05:04       3   57.00    0.00    8.00    0.00    0.00    1.00    0.00    0.00    0.00   34.00
20:05:04       4   59.22    0.00    9.71    0.00    0.00    0.00    0.00    0.00    0.00   31.07
20:05:04       5   62.11    0.00    3.16    0.00    0.00    2.11    0.00    0.00    0.00   32.63
20:05:04       6   55.21    0.00    8.33    0.00    0.00    1.04    0.00    0.00    0.00   35.42
20:05:04       7   56.38    0.00    3.19    0.00    0.00    3.19    0.00    0.00    0.00   37.23
20:05:04       8   31.03    0.00    1.15    0.00    0.00    0.00    0.00    0.00    0.00   67.82
20:05:04       9   35.87    0.00    2.17    0.00    0.00    0.00    0.00    0.00    0.00   61.96
20:05:04      10   35.35    0.00    4.04    0.00    0.00    1.01    0.00    0.00    0.00   59.60
20:05:04      11   31.91    0.00    2.13    0.00    0.00    1.06    0.00    0.00    0.00   64.89
20:05:04      12   37.37    0.00    2.02    0.00    0.00    1.01    0.00    0.00    0.00   59.60
20:05:04      13   33.33    0.00    5.05    0.00    0.00    1.01    0.00    0.00    0.00   60.61
20:05:04      14   41.58    0.00    1.98    0.00    0.00    0.99    0.00    0.00    0.00   55.45
20:05:04      15   40.78    0.00    3.88    0.00    0.00    1.94    0.00    0.00    0.00   53.40
20:05:04      16   61.00    0.00    4.00    0.00    0.00    2.00    0.00    0.00    0.00   33.00
20:05:04      17   61.05    0.00    3.16    0.00    0.00    1.05    0.00    0.00    0.00   34.74
20:05:04      18   52.17    0.00    8.70    0.00    0.00    1.09    0.00    0.00    0.00   38.04
20:05:04      19   54.95    0.00    7.69    0.00    0.00    0.00    0.00    0.00    0.00   37.36
20:05:04      20   57.73    0.00    7.22    0.00    0.00    2.06    0.00    0.00    0.00   32.99
20:05:04      21   57.73    0.00    7.22    0.00    0.00    3.09    0.00    0.00    0.00   31.96
20:05:04      22   58.76    0.00    4.12    0.00    0.00    1.03    0.00    0.00    0.00   36.08
20:05:04      23   56.57    0.00    8.08    0.00    0.00    2.02    0.00    0.00    0.00   33.33
20:05:04      24   81.19    0.00   11.88    0.00    0.00    5.94    0.00    0.00    0.00    0.99
20:05:04      25   87.00    0.00   10.00    0.00    0.00    2.00    0.00    0.00    0.00    1.00
20:05:04      26   85.00    0.00   11.00    0.00    0.00    3.00    0.00    0.00    0.00    1.00
20:05:04      27   84.31    0.00    9.80    0.00    0.00    3.92    0.00    0.00    0.00    1.96
20:05:04      28   83.84    0.00    9.09    0.00    0.00    6.06    0.00    0.00    0.00    1.01
20:05:04      29   83.17    0.00    9.90    0.00    0.00    4.95    0.00    0.00    0.00    1.98
20:05:04      30   82.00    0.00   13.00    0.00    0.00    4.00    0.00    0.00    0.00    1.00
20:05:04      31   84.16    0.00   10.89    0.00    0.00    2.97    0.00    0.00    0.00    1.98

20:05:04     CPU    %usr   %nice    %sys %iowait    %irq   %soft  %steal  %guest  %gnice   %idle
20:05:05     all   58.81    0.00    7.23    0.00    0.00    1.91    0.00    0.00    0.00   32.05
20:05:05       0   56.84    0.00    7.37    0.00    0.00    1.05    0.00    0.00    0.00   34.74
20:05:05       1   60.20    0.00    5.10    0.00    0.00    2.04    0.00    0.00    0.00   32.65
20:05:05       2   60.82    0.00    4.12    0.00    0.00    1.03    0.00    0.00    0.00   34.02
20:05:05       3   57.29    0.00    6.25    0.00    0.00    2.08    0.00    0.00    0.00   34.38
20:05:05       4   59.79    0.00    7.22    0.00    0.00    1.03    0.00    0.00    0.00   31.96
20:05:05       5   58.16    0.00    8.16    0.00    0.00    1.02    0.00    0.00    0.00   32.65
20:05:05       6   54.26    0.00    6.38    0.00    0.00    0.00    0.00    0.00    0.00   39.36
20:05:05       7   53.00    0.00    9.00    0.00    0.00    3.00    0.00    0.00    0.00   35.00
20:05:05       8   34.38    0.00    2.08    0.00    0.00    1.04    0.00    0.00    0.00   62.50
20:05:05       9   34.74    0.00    2.11    0.00    0.00    0.00    0.00    0.00    0.00   63.16
20:05:05      10   28.72    0.00    2.13    0.00    0.00    0.00    0.00    0.00    0.00   69.15
20:05:05      11   31.31    0.00    4.04    0.00    0.00    1.01    0.00    0.00    0.00   63.64
20:05:05      12   37.25    0.00    4.90    0.00    0.00    0.98    0.00    0.00    0.00   56.86
20:05:05      13   36.46    0.00    4.17    0.00    0.00    1.04    0.00    0.00    0.00   58.33
20:05:05      14   40.59    0.00    7.92    0.00    0.00    1.98    0.00    0.00    0.00   49.50
20:05:05      15   41.49    0.00    4.26    0.00    0.00    1.06    0.00    0.00    0.00   53.19
20:05:05      16   60.20    0.00    6.12    0.00    0.00    1.02    0.00    0.00    0.00   32.65
20:05:05      17   58.00    0.00    7.00    0.00    0.00    2.00    0.00    0.00    0.00   33.00
20:05:05      18   56.25    0.00    9.38    0.00    0.00    1.04    0.00    0.00    0.00   33.33
20:05:05      19   57.73    0.00    6.19    0.00    0.00    2.06    0.00    0.00    0.00   34.02
20:05:05      20   61.39    0.00    6.93    0.00    0.00    0.00    0.00    0.00    0.00   31.68
20:05:05      21   57.73    0.00    6.19    0.00    0.00    2.06    0.00    0.00    0.00   34.02
20:05:05      22   54.81    0.00    7.69    0.00    0.00    1.92    0.00    0.00    0.00   35.58
20:05:05      23   55.10    0.00    7.14    0.00    0.00    0.00    0.00    0.00    0.00   37.76
20:05:05      24   87.00    0.00    7.00    0.00    0.00    4.00    0.00    0.00    0.00    2.00
20:05:05      25   86.00    0.00   10.00    0.00    0.00    3.00    0.00    0.00    0.00    1.00
20:05:05      26   78.22    0.00   14.85    0.00    0.00    5.94    0.00    0.00    0.00    0.99
20:05:05      27   84.69    0.00   12.24    0.00    0.00    2.04    0.00    0.00    0.00    1.02
20:05:05      28   86.00    0.00   10.00    0.00    0.00    3.00    0.00    0.00    0.00    1.00
20:05:05      29   85.86    0.00    9.09    0.00    0.00    4.04    0.00    0.00    0.00    1.01
20:05:05      30   82.83    0.00   12.12    0.00    0.00    4.04    0.00    0.00    0.00    1.01
20:05:05      31   79.80    0.00   13.13    0.00    0.00    6.06    0.00    0.00    0.00    1.01

20:05:05     CPU    %usr   %nice    %sys %iowait    %irq   %soft  %steal  %guest  %gnice   %idle
20:05:06     all   59.15    0.00    7.12    0.00    0.00    2.12    0.00    0.00    0.00   31.60
20:05:06       0   55.67    0.00    8.25    0.00    0.00    1.03    0.00    0.00    0.00   35.05
20:05:06       1   58.82    0.00    6.86    0.00    0.00    1.96    0.00    0.00    0.00   32.35
20:05:06       2   59.18    0.00    4.08    0.00    0.00    3.06    0.00    0.00    0.00   33.67
20:05:06       3   57.14    0.00    8.16    0.00    0.00    3.06    0.00    0.00    0.00   31.63
20:05:06       4   61.22    0.00    6.12    0.00    0.00    1.02    0.00    0.00    0.00   31.63
20:05:06       5   61.05    0.00    5.26    0.00    0.00    0.00    0.00    0.00    0.00   33.68
20:05:06       6   59.79    0.00    6.19    0.00    0.00    2.06    0.00    0.00    0.00   31.96
20:05:06       7   56.44    0.00    6.93    0.00    0.00    2.97    0.00    0.00    0.00   33.66
20:05:06       8   32.67    0.00    3.96    0.00    0.00    0.99    0.00    0.00    0.00   62.38
20:05:06       9   33.66    0.00    2.97    0.00    0.00    0.99    0.00    0.00    0.00   62.38
20:05:06      10   39.00    0.00    2.00    0.00    0.00    0.00    0.00    0.00    0.00   59.00
20:05:06      11   39.39    0.00    2.02    0.00    0.00    0.00    0.00    0.00    0.00   58.59
20:05:06      12   31.91    0.00    3.19    0.00    0.00    1.06    0.00    0.00    0.00   63.83
20:05:06      13   31.25    0.00    4.17    0.00    0.00    2.08    0.00    0.00    0.00   62.50
20:05:06      14   35.11    0.00    6.38    0.00    0.00    1.06    0.00    0.00    0.00   57.45
20:05:06      15   37.89    0.00    4.21    0.00    0.00    1.05    0.00    0.00    0.00   56.84
20:05:06      16   60.00    0.00    7.00    0.00    0.00    2.00    0.00    0.00    0.00   31.00
20:05:06      17   63.00    0.00    3.00    0.00    0.00    1.00    0.00    0.00    0.00   33.00
20:05:06      18   53.68    0.00    8.42    0.00    0.00    3.16    0.00    0.00    0.00   34.74
20:05:06      19   60.61    0.00    5.05    0.00    0.00    2.02    0.00    0.00    0.00   32.32
20:05:06      20   59.60    0.00    7.07    0.00    0.00    2.02    0.00    0.00    0.00   31.31
20:05:06      21   59.00    0.00    5.00    0.00    0.00    3.00    0.00    0.00    0.00   33.00
20:05:06      22   56.12    0.00    9.18    0.00    0.00    2.04    0.00    0.00    0.00   32.65
20:05:06      23   58.51    0.00    6.38    0.00    0.00    2.13    0.00    0.00    0.00   32.98
20:05:06      24   81.19    0.00   13.86    0.00    0.00    3.96    0.00    0.00    0.00    0.99
20:05:06      25   82.00    0.00   14.00    0.00    0.00    3.00    0.00    0.00    0.00    1.00
20:05:06      26   82.00    0.00   13.00    0.00    0.00    4.00    0.00    0.00    0.00    1.00
20:05:06      27   84.16    0.00   10.89    0.00    0.00    2.97    0.00    0.00    0.00    1.98
20:05:06      28   85.00    0.00    9.00    0.00    0.00    4.00    0.00    0.00    0.00    2.00
20:05:06      29   85.15    0.00   10.89    0.00    0.00    2.97    0.00    0.00    0.00    0.99
20:05:06      30   81.37    0.00   12.75    0.00    0.00    3.92    0.00    0.00    0.00    1.96
20:05:06      31   84.31    0.00   10.78    0.00    0.00    2.94    0.00    0.00    0.00    1.96

20:05:06     CPU    %usr   %nice    %sys %iowait    %irq   %soft  %steal  %guest  %gnice   %idle
20:05:07     all   60.11    0.00    6.75    0.00    0.00    2.27    0.00    0.00    0.00   30.87
20:05:07       0   59.05    0.00    4.76    0.00    0.00    0.95    0.00    0.00    0.00   35.24
20:05:07       1   52.53    0.00    8.08    0.00    0.00    3.03    0.00    0.00    0.00   36.36
20:05:07       2   59.60    0.00    7.07    0.00    0.00    1.01    0.00    0.00    0.00   32.32
20:05:07       3   58.59    0.00    7.07    0.00    0.00    3.03    0.00    0.00    0.00   31.31
20:05:07       4   60.00    0.00    5.00    0.00    0.00    2.00    0.00    0.00    0.00   33.00
20:05:07       5   60.58    0.00    6.73    0.00    0.00    1.92    0.00    0.00    0.00   30.77
20:05:07       6   60.20    0.00    6.12    0.00    0.00    2.04    0.00    0.00    0.00   31.63
20:05:07       7   56.84    0.00    8.42    0.00    0.00    3.16    0.00    0.00    0.00   31.58
20:05:07       8   35.71    0.00    3.06    0.00    0.00    3.06    0.00    0.00    0.00   58.16
20:05:07       9   49.48    0.00    1.03    0.00    0.00    0.00    0.00    0.00    0.00   49.48
20:05:07      10   37.86    0.00    2.91    0.00    0.00    1.94    0.00    0.00    0.00   57.28
20:05:07      11   36.46    0.00    2.08    0.00    0.00    0.00    0.00    0.00    0.00   61.46
20:05:07      12   37.62    0.00    3.96    0.00    0.00    1.98    0.00    0.00    0.00   56.44
20:05:07      13   31.03    0.00    3.45    0.00    0.00    1.15    0.00    0.00    0.00   64.37
20:05:07      14   35.05    0.00    6.19    0.00    0.00    2.06    0.00    0.00    0.00   56.70
20:05:07      15   40.00    0.00    5.26    0.00    0.00    0.00    0.00    0.00    0.00   54.74
20:05:07      16   57.58    0.00    4.04    0.00    0.00    2.02    0.00    0.00    0.00   36.36
20:05:07      17   55.56    0.00    6.06    0.00    0.00    2.02    0.00    0.00    0.00   36.36
20:05:07      18   61.76    0.00    4.90    0.00    0.00    2.94    0.00    0.00    0.00   30.39
20:05:07      19   62.14    0.00    6.80    0.00    0.00    0.97    0.00    0.00    0.00   30.10
20:05:07      20   57.00    0.00    6.00    0.00    0.00    4.00    0.00    0.00    0.00   33.00
20:05:07      21   62.00    0.00    4.00    0.00    0.00    1.00    0.00    0.00    0.00   33.00
20:05:07      22   59.60    0.00    6.06    0.00    0.00    3.03    0.00    0.00    0.00   31.31
20:05:07      23   61.22    0.00    6.12    0.00    0.00    0.00    0.00    0.00    0.00   32.65
20:05:07      24   83.84    0.00   11.11    0.00    0.00    3.03    0.00    0.00    0.00    2.02
20:05:07      25   83.00    0.00   12.00    0.00    0.00    4.00    0.00    0.00    0.00    1.00
20:05:07      26   82.18    0.00   10.89    0.00    0.00    5.94    0.00    0.00    0.00    0.99
20:05:07      27   86.87    0.00    9.09    0.00    0.00    3.03    0.00    0.00    0.00    1.01
20:05:07      28   86.00    0.00   10.00    0.00    0.00    3.00    0.00    0.00    0.00    1.00
20:05:07      29   82.00    0.00   11.00    0.00    0.00    5.00    0.00    0.00    0.00    2.00
20:05:07      30   81.82    0.00   13.13    0.00    0.00    3.03    0.00    0.00    0.00    2.02
20:05:07      31   84.00    0.00   13.00    0.00    0.00    2.00    0.00    0.00    0.00    1.00

20:05:07     CPU    %usr   %nice    %sys %iowait    %irq   %soft  %steal  %guest  %gnice   %idle
20:05:08     all   59.37    0.00    6.70    0.00    0.00    1.87    0.00    0.00    0.00   32.05
20:05:08       0   52.63    0.00   10.53    0.00    0.00    1.05    0.00    0.00    0.00   35.79
20:05:08       1   60.40    0.00    2.97    0.00    0.00    1.98    0.00    0.00    0.00   34.65
20:05:08       2   63.64    0.00    3.03    0.00    0.00    2.02    0.00    0.00    0.00   31.31
20:05:08       3   60.20    0.00    7.14    0.00    0.00    1.02    0.00    0.00    0.00   31.63
20:05:08       4   59.38    0.00    4.17    0.00    0.00    2.08    0.00    0.00    0.00   34.38
20:05:08       5   57.84    0.00    7.84    0.00    0.00    2.94    0.00    0.00    0.00   31.37
20:05:08       6   58.00    0.00    7.00    0.00    0.00    1.00    0.00    0.00    0.00   34.00
20:05:08       7   56.12    0.00    8.16    0.00    0.00    1.02    0.00    0.00    0.00   34.69
20:05:08       8   31.58    0.00    2.11    0.00    0.00    0.00    0.00    0.00    0.00   66.32
20:05:08       9   33.67    0.00    4.08    0.00    0.00    1.02    0.00    0.00    0.00   61.22
20:05:08      10   37.63    0.00    1.08    0.00    0.00    0.00    0.00    0.00    0.00   61.29
20:05:08      11   38.54    0.00    3.12    0.00    0.00    0.00    0.00    0.00    0.00   58.33
20:05:08      12   30.69    0.00    3.96    0.00    0.00    1.98    0.00    0.00    0.00   63.37
20:05:08      13   33.33    0.00    1.04    0.00    0.00    0.00    0.00    0.00    0.00   65.62
20:05:08      14   41.49    0.00    5.32    0.00    0.00    0.00    0.00    0.00    0.00   53.19
20:05:08      15   39.78    0.00    4.30    0.00    0.00    1.08    0.00    0.00    0.00   54.84
20:05:08      16   57.00    0.00    5.00    0.00    0.00    2.00    0.00    0.00    0.00   36.00
20:05:08      17   54.64    0.00   10.31    0.00    0.00    1.03    0.00    0.00    0.00   34.02
20:05:08      18   55.77    0.00    9.62    0.00    0.00    2.88    0.00    0.00    0.00   31.73
20:05:08      19   64.08    0.00    3.88    0.00    0.00    1.94    0.00    0.00    0.00   30.10
20:05:08      20   58.00    0.00    8.00    0.00    0.00    0.00    0.00    0.00    0.00   34.00
20:05:08      21   61.86    0.00    4.12    0.00    0.00    1.03    0.00    0.00    0.00   32.99
20:05:08      22   56.25    0.00    8.33    0.00    0.00    0.00    0.00    0.00    0.00   35.42
20:05:08      23   55.67    0.00    4.12    0.00    0.00    4.12    0.00    0.00    0.00   36.08
20:05:08      24   84.00    0.00   10.00    0.00    0.00    5.00    0.00    0.00    0.00    1.00
20:05:08      25   85.00    0.00    9.00    0.00    0.00    4.00    0.00    0.00    0.00    2.00
20:05:08      26   85.71    0.00   10.20    0.00    0.00    2.04    0.00    0.00    0.00    2.04
20:05:08      27   85.15    0.00    8.91    0.00    0.00    3.96    0.00    0.00    0.00    1.98
20:05:08      28   87.25    0.00    8.82    0.00    0.00    1.96    0.00    0.00    0.00    1.96
20:05:08      29   80.81    0.00   15.15    0.00    0.00    3.03    0.00    0.00    0.00    1.01
20:05:08      30   80.00    0.00   14.00    0.00    0.00    5.00    0.00    0.00    0.00    1.00
20:05:08      31   85.86    0.00    8.08    0.00    0.00    4.04    0.00    0.00    0.00    2.02

20:05:08     CPU    %usr   %nice    %sys %iowait    %irq   %soft  %steal  %guest  %gnice   %idle
20:05:09     all   58.52    0.00    7.14    0.00    0.00    2.39    0.00    0.00    0.00   31.95
20:05:09       0   58.59    0.00    5.05    0.00    0.00    2.02    0.00    0.00    0.00   34.34
20:05:09       1   55.10    0.00    8.16    0.00    0.00    1.02    0.00    0.00    0.00   35.71
20:05:09       2   57.78    0.00    6.67    0.00    0.00    1.11    0.00    0.00    0.00   34.44
20:05:09       3   58.16    0.00    6.12    0.00    0.00    3.06    0.00    0.00    0.00   32.65
20:05:09       4   55.79    0.00    5.26    0.00    0.00    2.11    0.00    0.00    0.00   36.84
20:05:09       5   57.00    0.00    9.00    0.00    0.00    1.00    0.00    0.00    0.00   33.00
20:05:09       6   55.77    0.00    8.65    0.00    0.00    2.88    0.00    0.00    0.00   32.69
20:05:09       7   60.42    0.00    5.21    0.00    0.00    0.00    0.00    0.00    0.00   34.38
20:05:09       8   36.73    0.00    3.06    0.00    0.00    1.02    0.00    0.00    0.00   59.18
20:05:09       9   37.63    0.00    2.15    0.00    0.00    0.00    0.00    0.00    0.00   60.22
20:05:09      10   36.00    0.00    4.00    0.00    0.00    3.00    0.00    0.00    0.00   57.00
20:05:09      11   32.29    0.00    4.17    0.00    0.00    2.08    0.00    0.00    0.00   61.46
20:05:09      12   41.35    0.00    4.81    0.00    0.00    0.96    0.00    0.00    0.00   52.88
20:05:09      13   38.95    0.00    4.21    0.00    0.00    0.00    0.00    0.00    0.00   56.84
20:05:09      14   34.65    0.00    4.95    0.00    0.00    1.98    0.00    0.00    0.00   58.42
20:05:09      15   33.66    0.00    6.93    0.00    0.00    0.99    0.00    0.00    0.00   58.42
20:05:09      16   54.08    0.00    9.18    0.00    0.00    2.04    0.00    0.00    0.00   34.69
20:05:09      17   56.12    0.00    6.12    0.00    0.00    1.02    0.00    0.00    0.00   36.73
20:05:09      18   54.35    0.00    7.61    0.00    0.00    3.26    0.00    0.00    0.00   34.78
20:05:09      19   55.43    0.00    6.52    0.00    0.00    3.26    0.00    0.00    0.00   34.78
20:05:09      20   56.84    0.00    6.32    0.00    0.00    2.11    0.00    0.00    0.00   34.74
20:05:09      21   57.00    0.00    7.00    0.00    0.00    1.00    0.00    0.00    0.00   35.00
20:05:09      22   56.44    0.00    5.94    0.00    0.00    3.96    0.00    0.00    0.00   33.66
20:05:09      23   57.29    0.00    7.29    0.00    0.00    1.04    0.00    0.00    0.00   34.38
20:05:09      24   82.00    0.00   13.00    0.00    0.00    4.00    0.00    0.00    0.00    1.00
20:05:09      25   83.84    0.00   10.10    0.00    0.00    5.05    0.00    0.00    0.00    1.01
20:05:09      26   84.00    0.00   10.00    0.00    0.00    5.00    0.00    0.00    0.00    1.00
20:05:09      27   85.00    0.00   10.00    0.00    0.00    4.00    0.00    0.00    0.00    1.00
20:05:09      28   85.86    0.00    9.09    0.00    0.00    4.04    0.00    0.00    0.00    1.01
20:05:09      29   82.00    0.00   10.00    0.00    0.00    6.00    0.00    0.00    0.00    2.00
20:05:09      30   85.00    0.00   10.00    0.00    0.00    3.00    0.00    0.00    0.00    2.00
20:05:09      31   84.16    0.00   10.89    0.00    0.00    3.96    0.00    0.00    0.00    0.99

20:05:09     CPU    %usr   %nice    %sys %iowait    %irq   %soft  %steal  %guest  %gnice   %idle
20:05:10     all   58.87    0.00    7.02    0.00    0.00    2.26    0.00    0.00    0.00   31.85
20:05:10       0   59.79    0.00    6.19    0.00    0.00    1.03    0.00    0.00    0.00   32.99
20:05:10       1   58.76    0.00    5.15    0.00    0.00    2.06    0.00    0.00    0.00   34.02
20:05:10       2   60.00    0.00    6.00    0.00    0.00    2.00    0.00    0.00    0.00   32.00
20:05:10       3   59.05    0.00    6.67    0.00    0.00    1.90    0.00    0.00    0.00   32.38
20:05:10       4   53.61    0.00    6.19    0.00    0.00    3.09    0.00    0.00    0.00   37.11
20:05:10       5   48.91    0.00    8.70    0.00    0.00    2.17    0.00    0.00    0.00   40.22
20:05:10       6   59.41    0.00    7.92    0.00    0.00    0.99    0.00    0.00    0.00   31.68
20:05:10       7   56.25    0.00    6.25    0.00    0.00    1.04    0.00    0.00    0.00   36.46
20:05:10       8   35.96    0.00    3.37    0.00    0.00    1.12    0.00    0.00    0.00   59.55
20:05:10       9   37.11    0.00    4.12    0.00    0.00    1.03    0.00    0.00    0.00   57.73
20:05:10      10   35.35    0.00    2.02    0.00    0.00    3.03    0.00    0.00    0.00   59.60
20:05:10      11   36.36    0.00    5.05    0.00    0.00    1.01    0.00    0.00    0.00   57.58
20:05:10      12   40.00    0.00    5.00    0.00    0.00    0.00    0.00    0.00    0.00   55.00
20:05:10      13   34.74    0.00    4.21    0.00    0.00    1.05    0.00    0.00    0.00   60.00
20:05:10      14   38.38    0.00    2.02    0.00    0.00    0.00    0.00    0.00    0.00   59.60
20:05:10      15   34.00    0.00    6.00    0.00    0.00    0.00    0.00    0.00    0.00   60.00
20:05:10      16   58.59    0.00    7.07    0.00    0.00    2.02    0.00    0.00    0.00   32.32
20:05:10      17   59.18    0.00    7.14    0.00    0.00    1.02    0.00    0.00    0.00   32.65
20:05:10      18   63.00    0.00    6.00    0.00    0.00    0.00    0.00    0.00    0.00   31.00
20:05:10      19   59.18    0.00    7.14    0.00    0.00    2.04    0.00    0.00    0.00   31.63
20:05:10      20   53.12    0.00    8.33    0.00    0.00    1.04    0.00    0.00    0.00   37.50
20:05:10      21   55.00    0.00    7.00    0.00    0.00    1.00    0.00    0.00    0.00   37.00
20:05:10      22   56.70    0.00    6.19    0.00    0.00    2.06    0.00    0.00    0.00   35.05
20:05:10      23   55.00    0.00    6.00    0.00    0.00    5.00    0.00    0.00    0.00   34.00
20:05:10      24   89.00    0.00    6.00    0.00    0.00    4.00    0.00    0.00    0.00    1.00
20:05:10      25   83.67    0.00   12.24    0.00    0.00    3.06    0.00    0.00    0.00    1.02
20:05:10      26   84.00    0.00    9.00    0.00    0.00    6.00    0.00    0.00    0.00    1.00
20:05:10      27   82.83    0.00   10.10    0.00    0.00    6.06    0.00    0.00    0.00    1.01
20:05:10      28   80.81    0.00   14.14    0.00    0.00    4.04    0.00    0.00    0.00    1.01
20:05:10      29   83.84    0.00   10.10    0.00    0.00    5.05    0.00    0.00    0.00    1.01
20:05:10      30   83.00    0.00   12.00    0.00    0.00    4.00    0.00    0.00    0.00    1.00
20:05:10      31   84.00    0.00   11.00    0.00    0.00    4.00    0.00    0.00    0.00    1.00

20:05:10     CPU    %usr   %nice    %sys %iowait    %irq   %soft  %steal  %guest  %gnice   %idle
20:05:11     all   59.68    0.00    7.08    0.00    0.00    1.91    0.00    0.00    0.00   31.33
20:05:11       0   60.00    0.00    6.67    0.00    0.00    1.90    0.00    0.00    0.00   31.43
20:05:11       1   61.62    0.00    8.08    0.00    0.00    0.00    0.00    0.00    0.00   30.30
20:05:11       2   61.62    0.00    5.05    0.00    0.00    2.02    0.00    0.00    0.00   31.31
20:05:11       3   61.00    0.00    6.00    0.00    0.00    2.00    0.00    0.00    0.00   31.00
20:05:11       4   57.84    0.00    5.88    0.00    0.00    2.94    0.00    0.00    0.00   33.33
20:05:11       5   57.73    0.00    6.19    0.00    0.00    1.03    0.00    0.00    0.00   35.05
20:05:11       6   53.12    0.00    7.29    0.00    0.00    1.04    0.00    0.00    0.00   38.54
20:05:11       7   56.00    0.00    6.00    0.00    0.00    2.00    0.00    0.00    0.00   36.00
20:05:11       8   32.99    0.00    3.09    0.00    0.00    0.00    0.00    0.00    0.00   63.92
20:05:11       9   32.99    0.00    2.06    0.00    0.00    1.03    0.00    0.00    0.00   63.92
20:05:11      10   37.37    0.00    2.02    0.00    0.00    1.01    0.00    0.00    0.00   59.60
20:05:11      11   36.27    0.00    3.92    0.00    0.00    0.98    0.00    0.00    0.00   58.82
20:05:11      12   38.78    0.00    3.06    0.00    0.00    1.02    0.00    0.00    0.00   57.14
20:05:11      13   42.31    0.00    2.88    0.00    0.00    0.96    0.00    0.00    0.00   53.85
20:05:11      14   42.00    0.00    4.00    0.00    0.00    1.00    0.00    0.00    0.00   53.00
20:05:11      15   43.69    0.00    3.88    0.00    0.00    1.94    0.00    0.00    0.00   50.49
20:05:11      16   62.38    0.00    2.97    0.00    0.00    1.98    0.00    0.00    0.00   32.67
20:05:11      17   55.10    0.00   10.20    0.00    0.00    2.04    0.00    0.00    0.00   32.65
20:05:11      18   61.62    0.00    6.06    0.00    0.00    1.01    0.00    0.00    0.00   31.31
20:05:11      19   56.44    0.00    8.91    0.00    0.00    2.97    0.00    0.00    0.00   31.68
20:05:11      20   54.64    0.00    8.25    0.00    0.00    2.06    0.00    0.00    0.00   35.05
20:05:11      21   56.12    0.00    6.12    0.00    0.00    2.04    0.00    0.00    0.00   35.71
20:05:11      22   54.55    0.00    8.08    0.00    0.00    2.02    0.00    0.00    0.00   35.35
20:05:11      23   57.00    0.00    7.00    0.00    0.00    2.00    0.00    0.00    0.00   34.00
20:05:11      24   84.85    0.00   12.12    0.00    0.00    3.03    0.00    0.00    0.00    0.00
20:05:11      25   82.18    0.00   11.88    0.00    0.00    4.95    0.00    0.00    0.00    0.99
20:05:11      26   81.19    0.00   11.88    0.00    0.00    4.95    0.00    0.00    0.00    1.98
20:05:11      27   85.00    0.00   12.00    0.00    0.00    2.00    0.00    0.00    0.00    1.00
20:05:11      28   86.00    0.00   11.00    0.00    0.00    2.00    0.00    0.00    0.00    1.00
20:05:11      29   80.39    0.00   15.69    0.00    0.00    2.94    0.00    0.00    0.00    0.98
20:05:11      30   86.87    0.00   10.10    0.00    0.00    2.02    0.00    0.00    0.00    1.01
20:05:11      31   88.89    0.00    8.08    0.00    0.00    2.02    0.00    0.00    0.00    1.01

20:05:11     CPU    %usr   %nice    %sys %iowait    %irq   %soft  %steal  %guest  %gnice   %idle
20:05:12     all   59.67    0.00    6.47    0.00    0.00    1.79    0.00    0.00    0.00   32.07
20:05:12       0   61.22    0.00    5.10    0.00    0.00    1.02    0.00    0.00    0.00   32.65
20:05:12       1   56.99    0.00    6.45    0.00    0.00    2.15    0.00    0.00    0.00   34.41
20:05:12       2   58.76    0.00    5.15    0.00    0.00    1.03    0.00    0.00    0.00   35.05
20:05:12       3   55.21    0.00    4.17    0.00    0.00    2.08    0.00    0.00    0.00   38.54
20:05:12       4   58.16    0.00    7.14    0.00    0.00    0.00    0.00    0.00    0.00   34.69
20:05:12       5   56.84    0.00    6.32    0.00    0.00    2.11    0.00    0.00    0.00   34.74
20:05:12       6   56.25    0.00    5.21    0.00    0.00    2.08    0.00    0.00    0.00   36.46
20:05:12       7   62.24    0.00    4.08    0.00    0.00    1.02    0.00    0.00    0.00   32.65
20:05:12       8   33.33    0.00    2.08    0.00    0.00    0.00    0.00    0.00    0.00   64.58
20:05:12       9   33.68    0.00    2.11    0.00    0.00    0.00    0.00    0.00    0.00   64.21
20:05:12      10   38.61    0.00    3.96    0.00    0.00    0.00    0.00    0.00    0.00   57.43
20:05:12      11   34.02    0.00    3.09    0.00    0.00    2.06    0.00    0.00    0.00   60.82
20:05:12      12   42.00    0.00    3.00    0.00    0.00    1.00    0.00    0.00    0.00   54.00
20:05:12      13   38.54    0.00    5.21    0.00    0.00    1.04    0.00    0.00    0.00   55.21
20:05:12      14   40.62    0.00    3.12    0.00    0.00    1.04    0.00    0.00    0.00   55.21
20:05:12      15   41.00    0.00    4.00    0.00    0.00    0.00    0.00    0.00    0.00   55.00
20:05:12      16   59.00    0.00    9.00    0.00    0.00    1.00    0.00    0.00    0.00   31.00
20:05:12      17   59.60    0.00    6.06    0.00    0.00    2.02    0.00    0.00    0.00   32.32
20:05:12      18   57.58    0.00    4.04    0.00    0.00    1.01    0.00    0.00    0.00   37.37
20:05:12      19   57.43    0.00    6.93    0.00    0.00    0.99    0.00    0.00    0.00   34.65
20:05:12      20   59.18    0.00    4.08    0.00    0.00    1.02    0.00    0.00    0.00   35.71
20:05:12      21   58.76    0.00    5.15    0.00    0.00    1.03    0.00    0.00    0.00   35.05
20:05:12      22   56.25    0.00    6.25    0.00    0.00    3.12    0.00    0.00    0.00   34.38
20:05:12      23   53.12    0.00    9.38    0.00    0.00    2.08    0.00    0.00    0.00   35.42
20:05:12      24   83.17    0.00   12.87    0.00    0.00    1.98    0.00    0.00    0.00    1.98
20:05:12      25   86.00    0.00    9.00    0.00    0.00    3.00    0.00    0.00    0.00    2.00
20:05:12      26   91.92    0.00    6.06    0.00    0.00    2.02    0.00    0.00    0.00    0.00
20:05:12      27   84.16    0.00    9.90    0.00    0.00    3.96    0.00    0.00    0.00    1.98
20:05:12      28   81.19    0.00   10.89    0.00    0.00    5.94    0.00    0.00    0.00    1.98
20:05:12      29   79.80    0.00   15.15    0.00    0.00    4.04    0.00    0.00    0.00    1.01
20:05:12      30   83.84    0.00   10.10    0.00    0.00    5.05    0.00    0.00    0.00    1.01
20:05:12      31   85.86    0.00   11.11    0.00    0.00    2.02    0.00    0.00    0.00    1.01

20:05:12     CPU    %usr   %nice    %sys %iowait    %irq   %soft  %steal  %guest  %gnice   %idle
20:05:13     all   59.18    0.00    7.25    0.00    0.00    1.75    0.00    0.00    0.00   31.82
20:05:13       0   61.62    0.00    7.07    0.00    0.00    1.01    0.00    0.00    0.00   30.30
20:05:13       1   59.00    0.00    7.00    0.00    0.00    2.00    0.00    0.00    0.00   32.00
20:05:13       2   54.08    0.00   10.20    0.00    0.00    2.04    0.00    0.00    0.00   33.67
20:05:13       3   60.00    0.00    2.11    0.00    0.00    2.11    0.00    0.00    0.00   35.79
20:05:13       4   55.79    0.00    7.37    0.00    0.00    1.05    0.00    0.00    0.00   35.79
20:05:13       5   54.84    0.00    8.60    0.00    0.00    1.08    0.00    0.00    0.00   35.48
20:05:13       6   61.86    0.00    4.12    0.00    0.00    1.03    0.00    0.00    0.00   32.99
20:05:13       7   56.44    0.00    8.91    0.00    0.00    2.97    0.00    0.00    0.00   31.68
20:05:13       8   37.11    0.00    4.12    0.00    0.00    1.03    0.00    0.00    0.00   57.73
20:05:13       9   35.71    0.00    5.10    0.00    0.00    0.00    0.00    0.00    0.00   59.18
20:05:13      10   35.00    0.00    4.00    0.00    0.00    1.00    0.00    0.00    0.00   60.00
20:05:13      11   34.65    0.00    4.95    0.00    0.00    0.99    0.00    0.00    0.00   59.41
20:05:13      12   31.58    0.00    3.16    0.00    0.00    1.05    0.00    0.00    0.00   64.21
20:05:13      13   34.02    0.00    4.12    0.00    0.00    0.00    0.00    0.00    0.00   61.86
20:05:13      14   39.18    0.00    5.15    0.00    0.00    1.03    0.00    0.00    0.00   54.64
20:05:13      15   34.02    0.00    5.15    0.00    0.00    2.06    0.00    0.00    0.00   58.76
20:05:13      16   58.16    0.00    7.14    0.00    0.00    2.04    0.00    0.00    0.00   32.65
20:05:13      17   59.00    0.00    6.00    0.00    0.00    2.00    0.00    0.00    0.00   33.00
20:05:13      18   59.41    0.00    6.93    0.00    0.00    0.99    0.00    0.00    0.00   32.67
20:05:13      19   56.70    0.00    8.25    0.00    0.00    1.03    0.00    0.00    0.00   34.02
20:05:13      20   58.33    0.00    6.25    0.00    0.00    1.04    0.00    0.00    0.00   34.38
20:05:13      21   60.00    0.00    5.00    0.00    0.00    0.00    0.00    0.00    0.00   35.00
20:05:13      22   56.52    0.00    6.52    0.00    0.00    2.17    0.00    0.00    0.00   34.78
20:05:13      23   61.22    0.00    6.12    0.00    0.00    0.00    0.00    0.00    0.00   32.65
20:05:13      24   81.19    0.00   11.88    0.00    0.00    5.94    0.00    0.00    0.00    0.99
20:05:13      25   83.00    0.00   13.00    0.00    0.00    3.00    0.00    0.00    0.00    1.00
20:05:13      26   82.00    0.00   15.00    0.00    0.00    1.00    0.00    0.00    0.00    2.00
20:05:13      27   85.86    0.00   10.10    0.00    0.00    3.03    0.00    0.00    0.00    1.01
20:05:13      28   87.00    0.00    8.00    0.00    0.00    4.00    0.00    0.00    0.00    1.00
20:05:13      29   84.16    0.00    9.90    0.00    0.00    3.96    0.00    0.00    0.00    1.98
20:05:13      30   84.85    0.00   10.10    0.00    0.00    3.03    0.00    0.00    0.00    2.02
20:05:13      31   86.14    0.00    9.90    0.00    0.00    1.98    0.00    0.00    0.00    1.98

20:05:13     CPU    %usr   %nice    %sys %iowait    %irq   %soft  %steal  %guest  %gnice   %idle
20:05:14     all   58.34    0.00    7.36    0.00    0.00    2.18    0.00    0.00    0.00   32.13
20:05:14       0   58.33    0.00    5.21    0.00    0.00    3.12    0.00    0.00    0.00   33.33
20:05:14       1   58.51    0.00    6.38    0.00    0.00    2.13    0.00    0.00    0.00   32.98
20:05:14       2   58.76    0.00    6.19    0.00    0.00    1.03    0.00    0.00    0.00   34.02
20:05:14       3   51.65    0.00    9.89    0.00    0.00    1.10    0.00    0.00    0.00   37.36
20:05:14       4   53.68    0.00    6.32    0.00    0.00    1.05    0.00    0.00    0.00   38.95
20:05:14       5   54.55    0.00    8.08    0.00    0.00    1.01    0.00    0.00    0.00   36.36
20:05:14       6   58.33    0.00    7.29    0.00    0.00    1.04    0.00    0.00    0.00   33.33
20:05:14       7   58.00    0.00    9.00    0.00    0.00    1.00    0.00    0.00    0.00   32.00
20:05:14       8   36.36    0.00    2.02    0.00    0.00    1.01    0.00    0.00    0.00   60.61
20:05:14       9   36.63    0.00    4.95    0.00    0.00    0.99    0.00    0.00    0.00   57.43
20:05:14      10   33.68    0.00    4.21    0.00    0.00    1.05    0.00    0.00    0.00   61.05
20:05:14      11   33.70    0.00    3.26    0.00    0.00    0.00    0.00    0.00    0.00   63.04
20:05:14      12   33.33    0.00    3.33    0.00    0.00    0.00    0.00    0.00    0.00   63.33
20:05:14      13   36.63    0.00    5.94    0.00    0.00    1.98    0.00    0.00    0.00   55.45
20:05:14      14   39.22    0.00    2.94    0.00    0.00    0.98    0.00    0.00    0.00   56.86
20:05:14      15   38.38    0.00    3.03    0.00    0.00    1.01    0.00    0.00    0.00   57.58
20:05:14      16   60.61    0.00    7.07    0.00    0.00    1.01    0.00    0.00    0.00   31.31
20:05:14      17   61.00    0.00    5.00    0.00    0.00    1.00    0.00    0.00    0.00   33.00
20:05:14      18   54.64    0.00    8.25    0.00    0.00    2.06    0.00    0.00    0.00   35.05
20:05:14      19   56.44    0.00    6.93    0.00    0.00    2.97    0.00    0.00    0.00   33.66
20:05:14      20   53.00    0.00    7.00    0.00    0.00    2.00    0.00    0.00    0.00   38.00
20:05:14      21   57.89    0.00    5.26    0.00    0.00    1.05    0.00    0.00    0.00   35.79
20:05:14      22   58.59    0.00    7.07    0.00    0.00    2.02    0.00    0.00    0.00   32.32
20:05:14      23   58.51    0.00    4.26    0.00    0.00    4.26    0.00    0.00    0.00   32.98
20:05:14      24   83.00    0.00   12.00    0.00    0.00    4.00    0.00    0.00    0.00    1.00
20:05:14      25   80.81    0.00   14.14    0.00    0.00    4.04    0.00    0.00    0.00    1.01
20:05:14      26   83.67    0.00   11.22    0.00    0.00    4.08    0.00    0.00    0.00    1.02
20:05:14      27   83.00    0.00   12.00    0.00    0.00    4.00    0.00    0.00    0.00    1.00
20:05:14      28   83.84    0.00   12.12    0.00    0.00    3.03    0.00    0.00    0.00    1.01
20:05:14      29   79.80    0.00   14.14    0.00    0.00    5.05    0.00    0.00    0.00    1.01
20:05:14      30   85.86    0.00    8.08    0.00    0.00    5.05    0.00    0.00    0.00    1.01
20:05:14      31   81.82    0.00   12.12    0.00    0.00    5.05    0.00    0.00    0.00    1.01

20:05:14     CPU    %usr   %nice    %sys %iowait    %irq   %soft  %steal  %guest  %gnice   %idle
20:05:15     all   59.51    0.00    6.81    0.00    0.00    2.00    0.00    0.00    0.00   31.69
20:05:15       0   60.00    0.00    7.00    0.00    0.00    1.00    0.00    0.00    0.00   32.00
20:05:15       1   56.00    0.00    7.00    0.00    0.00    4.00    0.00    0.00    0.00   33.00
20:05:15       2   60.00    0.00    4.21    0.00    0.00    1.05    0.00    0.00    0.00   34.74
20:05:15       3   59.41    0.00    5.94    0.00    0.00    1.98    0.00    0.00    0.00   32.67
20:05:15       4   53.26    0.00    6.52    0.00    0.00    1.09    0.00    0.00    0.00   39.13
20:05:15       5   53.85    0.00    5.77    0.00    0.00    3.85    0.00    0.00    0.00   36.54
20:05:15       6   56.70    0.00    8.25    0.00    0.00    3.09    0.00    0.00    0.00   31.96
20:05:15       7   55.88    0.00    8.82    0.00    0.00    1.96    0.00    0.00    0.00   33.33
20:05:15       8   34.69    0.00    4.08    0.00    0.00    0.00    0.00    0.00    0.00   61.22
20:05:15       9   36.00    0.00    2.00    0.00    0.00    1.00    0.00    0.00    0.00   61.00
20:05:15      10   42.00    0.00    4.00    0.00    0.00    3.00    0.00    0.00    0.00   51.00
20:05:15      11   42.57    0.00    3.96    0.00    0.00    0.99    0.00    0.00    0.00   52.48
20:05:15      12   33.33    0.00    2.15    0.00    0.00    0.00    0.00    0.00    0.00   64.52
20:05:15      13   36.63    0.00    1.98    0.00    0.00    0.00    0.00    0.00    0.00   61.39
20:05:15      14   43.00    0.00    4.00    0.00    0.00    0.00    0.00    0.00    0.00   53.00
20:05:15      15   42.00    0.00    4.00    0.00    0.00    1.00    0.00    0.00    0.00   53.00
20:05:15      16   62.38    0.00    4.95    0.00    0.00    0.99    0.00    0.00    0.00   31.68
20:05:15      17   61.46    0.00    5.21    0.00    0.00    1.04    0.00    0.00    0.00   32.29
20:05:15      18   59.79    0.00    5.15    0.00    0.00    2.06    0.00    0.00    0.00   32.99
20:05:15      19   58.33    0.00    5.21    0.00    0.00    1.04    0.00    0.00    0.00   35.42
20:05:15      20   52.75    0.00    4.40    0.00    0.00    1.10    0.00    0.00    0.00   41.76
20:05:15      21   53.61    0.00    5.15    0.00    0.00    1.03    0.00    0.00    0.00   40.21
20:05:15      22   59.18    0.00    5.10    0.00    0.00    3.06    0.00    0.00    0.00   32.65
20:05:15      23   61.46    0.00    5.21    0.00    0.00    1.04    0.00    0.00    0.00   32.29
20:05:15      24   86.00    0.00   10.00    0.00    0.00    3.00    0.00    0.00    0.00    1.00
20:05:15      25   85.86    0.00   10.10    0.00    0.00    4.04    0.00    0.00    0.00    0.00
20:05:15      26   78.22    0.00   14.85    0.00    0.00    4.95    0.00    0.00    0.00    1.98
20:05:15      27   82.83    0.00   12.12    0.00    0.00    4.04    0.00    0.00    0.00    1.01
20:05:15      28   83.00    0.00   13.00    0.00    0.00    3.00    0.00    0.00    0.00    1.00
20:05:15      29   83.00    0.00   14.00    0.00    0.00    2.00    0.00    0.00    0.00    1.00
20:05:15      30   85.15    0.00   11.88    0.00    0.00    1.98    0.00    0.00    0.00    0.99
20:05:15      31   83.00    0.00   11.00    0.00    0.00    5.00    0.00    0.00    0.00    1.00

20:05:15     CPU    %usr   %nice    %sys %iowait    %irq   %soft  %steal  %guest  %gnice   %idle
20:05:16     all   58.79    0.00    7.12    0.00    0.00    1.90    0.00    0.00    0.00   32.19
20:05:16       0   55.67    0.00    5.15    0.00    0.00    2.06    0.00    0.00    0.00   37.11
20:05:16       1   51.69    0.00    7.87    0.00    0.00    1.12    0.00    0.00    0.00   39.33
20:05:16       2   56.73    0.00    5.77    0.00    0.00    2.88    0.00    0.00    0.00   34.62
20:05:16       3   60.58    0.00    6.73    0.00    0.00    0.96    0.00    0.00    0.00   31.73
20:05:16       4   58.49    0.00    5.66    0.00    0.00    1.89    0.00    0.00    0.00   33.96
20:05:16       5   53.26    0.00    8.70    0.00    0.00    1.09    0.00    0.00    0.00   36.96
20:05:16       6   55.10    0.00    8.16    0.00    0.00    3.06    0.00    0.00    0.00   33.67
20:05:16       7   58.42    0.00    7.92    0.00    0.00    0.99    0.00    0.00    0.00   32.67
20:05:16       8   35.71    0.00    6.12    0.00    0.00    0.00    0.00    0.00    0.00   58.16
20:05:16       9   38.38    0.00    3.03    0.00    0.00    0.00    0.00    0.00    0.00   58.59
20:05:16      10   34.38    0.00    5.21    0.00    0.00    1.04    0.00    0.00    0.00   59.38
20:05:16      11   38.78    0.00    3.06    0.00    0.00    1.02    0.00    0.00    0.00   57.14
20:05:16      12   34.38    0.00    3.12    0.00    0.00    1.04    0.00    0.00    0.00   61.46
20:05:16      13   40.40    0.00    2.02    0.00    0.00    1.01    0.00    0.00    0.00   56.57
20:05:16      14   37.89    0.00    3.16    0.00    0.00    1.05    0.00    0.00    0.00   57.89
20:05:16      15   39.60    0.00    2.97    0.00    0.00    0.99    0.00    0.00    0.00   56.44
20:05:16      16   57.84    0.00    5.88    0.00    0.00    1.96    0.00    0.00    0.00   34.31
20:05:16      17   54.74    0.00    7.37    0.00    0.00    2.11    0.00    0.00    0.00   35.79
20:05:16      18   59.41    0.00    6.93    0.00    0.00    0.99    0.00    0.00    0.00   32.67
20:05:16      19   58.00    0.00    7.00    0.00    0.00    2.00    0.00    0.00    0.00   33.00
20:05:16      20   56.70    0.00    7.22    0.00    0.00    1.03    0.00    0.00    0.00   35.05
20:05:16      21   53.12    0.00    7.29    0.00    0.00    2.08    0.00    0.00    0.00   37.50
20:05:16      22   58.16    0.00    5.10    0.00    0.00    3.06    0.00    0.00    0.00   33.67
20:05:16      23   60.40    0.00    5.94    0.00    0.00    0.99    0.00    0.00    0.00   32.67
20:05:16      24   79.00    0.00   15.00    0.00    0.00    4.00    0.00    0.00    0.00    2.00
20:05:16      25   83.00    0.00   11.00    0.00    0.00    4.00    0.00    0.00    0.00    2.00
20:05:16      26   87.88    0.00    8.08    0.00    0.00    2.02    0.00    0.00    0.00    2.02
20:05:16      27   82.35    0.00   12.75    0.00    0.00    2.94    0.00    0.00    0.00    1.96
20:05:16      28   83.84    0.00   11.11    0.00    0.00    3.03    0.00    0.00    0.00    2.02
20:05:16      29   87.00    0.00    8.00    0.00    0.00    3.00    0.00    0.00    0.00    2.00
20:05:16      30   83.84    0.00   12.12    0.00    0.00    2.02    0.00    0.00    0.00    2.02
20:05:16      31   81.00    0.00   12.00    0.00    0.00    5.00    0.00    0.00    0.00    2.00

20:05:16     CPU    %usr   %nice    %sys %iowait    %irq   %soft  %steal  %guest  %gnice   %idle
20:05:17     all   59.62    0.00    7.07    0.00    0.00    1.75    0.00    0.00    0.00   31.56
20:05:17       0   58.00    0.00    9.00    0.00    0.00    1.00    0.00    0.00    0.00   32.00
20:05:17       1   59.18    0.00    6.12    0.00    0.00    2.04    0.00    0.00    0.00   32.65
20:05:17       2   59.41    0.00    5.94    0.00    0.00    0.99    0.00    0.00    0.00   33.66
20:05:17       3   61.39    0.00    5.94    0.00    0.00    0.99    0.00    0.00    0.00   31.68
20:05:17       4   61.05    0.00    4.21    0.00    0.00    2.11    0.00    0.00    0.00   32.63
20:05:17       5   61.70    0.00    5.32    0.00    0.00    1.06    0.00    0.00    0.00   31.91
20:05:17       6   57.43    0.00    8.91    0.00    0.00    0.00    0.00    0.00    0.00   33.66
20:05:17       7   53.68    0.00    8.42    0.00    0.00    1.05    0.00    0.00    0.00   36.84
20:05:17       8   34.02    0.00    2.06    0.00    0.00    1.03    0.00    0.00    0.00   62.89
20:05:17       9   31.91    0.00    3.19    0.00    0.00    1.06    0.00    0.00    0.00   63.83
20:05:17      10   37.62    0.00    5.94    0.00    0.00    0.99    0.00    0.00    0.00   55.45
20:05:17      11   39.18    0.00    3.09    0.00    0.00    0.00    0.00    0.00    0.00   57.73
20:05:17      12   35.79    0.00    3.16    0.00    0.00    1.05    0.00    0.00    0.00   60.00
20:05:17      13   38.14    0.00    4.12    0.00    0.00    0.00    0.00    0.00    0.00   57.73
20:05:17      14   39.18    0.00    3.09    0.00    0.00    0.00    0.00    0.00    0.00   57.73
20:05:17      15   35.11    0.00    3.19    0.00    0.00    1.06    0.00    0.00    0.00   60.64
20:05:17      16   59.18    0.00    6.12    0.00    0.00    2.04    0.00    0.00    0.00   32.65
20:05:17      17   60.00    0.00    5.00    0.00    0.00    2.00    0.00    0.00    0.00   33.00
20:05:17      18   59.18    0.00    5.10    0.00    0.00    1.02    0.00    0.00    0.00   34.69
20:05:17      19   59.18    0.00    6.12    0.00    0.00    1.02    0.00    0.00    0.00   33.67
20:05:17      20   59.79    0.00    6.19    0.00    0.00    1.03    0.00    0.00    0.00   32.99
20:05:17      21   57.73    0.00    7.22    0.00    0.00    1.03    0.00    0.00    0.00   34.02
20:05:17      22   61.17    0.00    3.88    0.00    0.00    0.97    0.00    0.00    0.00   33.98
20:05:17      23   51.58    0.00   11.58    0.00    0.00    1.05    0.00    0.00    0.00   35.79
20:05:17      24   82.65    0.00   12.24    0.00    0.00    4.08    0.00    0.00    0.00    1.02
20:05:17      25   83.17    0.00   11.88    0.00    0.00    3.96    0.00    0.00    0.00    0.99
20:05:17      26   88.89    0.00    7.07    0.00    0.00    4.04    0.00    0.00    0.00    0.00
20:05:17      27   83.00    0.00   11.00    0.00    0.00    4.00    0.00    0.00    0.00    2.00
20:05:17      28   86.87    0.00    9.09    0.00    0.00    4.04    0.00    0.00    0.00    0.00
20:05:17      29   81.82    0.00   14.14    0.00    0.00    4.04    0.00    0.00    0.00    0.00
20:05:17      30   81.00    0.00   14.00    0.00    0.00    4.00    0.00    0.00    0.00    1.00
20:05:17      31   83.17    0.00   12.87    0.00    0.00    2.97    0.00    0.00    0.00    0.99

20:05:17     CPU    %usr   %nice    %sys %iowait    %irq   %soft  %steal  %guest  %gnice   %idle
20:05:18     all   58.26    0.00    7.39    0.06    0.00    1.90    0.00    0.00    0.00   32.39
20:05:18       0   58.06    0.00    5.38    0.00    0.00    1.08    0.00    0.00    0.00   35.48
20:05:18       1   56.25    0.00    6.25    0.00    0.00    4.17    0.00    0.00    0.00   33.33
20:05:18       2   53.85    0.00    7.69    0.00    0.00    1.10    0.00    0.00    0.00   37.36
20:05:18       3   53.93    0.00    7.87    0.00    0.00    0.00    0.00    0.00    0.00   38.20
20:05:18       4   56.84    0.00    5.26    0.00    0.00    1.05    0.00    0.00    0.00   36.84
20:05:18       5   56.25    0.00    6.25    0.00    0.00    1.04    0.00    0.00    0.00   36.46
20:05:18       6   54.08    0.00    8.16    0.00    0.00    3.06    0.00    0.00    0.00   34.69
20:05:18       7   56.12    0.00    6.12    0.00    0.00    2.04    0.00    0.00    0.00   35.71
20:05:18       8   36.84    0.00    2.11    0.00    0.00    1.05    0.00    0.00    0.00   60.00
20:05:18       9   33.33    0.00    7.07    0.00    0.00    1.01    0.00    0.00    0.00   58.59
20:05:18      10   29.47    0.00    2.11    0.00    0.00    0.00    0.00    0.00    0.00   68.42
20:05:18      11   27.08    0.00    5.21    2.08    0.00    1.04    0.00    0.00    0.00   64.58
20:05:18      12   42.86    0.00    5.10    0.00    0.00    0.00    0.00    0.00    0.00   52.04
20:05:18      13   41.24    0.00    4.12    0.00    0.00    1.03    0.00    0.00    0.00   53.61
20:05:18      14   41.18    0.00    6.86    0.00    0.00    0.98    0.00    0.00    0.00   50.98
20:05:18      15   38.14    0.00    6.19    0.00    0.00    0.00    0.00    0.00    0.00   55.67
20:05:18      16   57.45    0.00    5.32    0.00    0.00    2.13    0.00    0.00    0.00   35.11
20:05:18      17   57.29    0.00    6.25    0.00    0.00    1.04    0.00    0.00    0.00   35.42
20:05:18      18   52.53    0.00   12.12    0.00    0.00    1.01    0.00    0.00    0.00   34.34
20:05:18      19   54.74    0.00    7.37    0.00    0.00    2.11    0.00    0.00    0.00   35.79
20:05:18      20   58.25    0.00    6.80    0.00    0.00    0.97    0.00    0.00    0.00   33.98
20:05:18      21   57.00    0.00    7.00    0.00    0.00    1.00    0.00    0.00    0.00   35.00
20:05:18      22   55.91    0.00    8.60    0.00    0.00    0.00    0.00    0.00    0.00   35.48
20:05:18      23   58.82    0.00    5.88    0.00    0.00    0.98    0.00    0.00    0.00   34.31
20:05:18      24   83.17    0.00   11.88    0.00    0.00    3.96    0.00    0.00    0.00    0.99
20:05:18      25   86.73    0.00    8.16    0.00    0.00    4.08    0.00    0.00    0.00    1.02
20:05:18      26   82.00    0.00   11.00    0.00    0.00    5.00    0.00    0.00    0.00    2.00
20:05:18      27   85.86    0.00    9.09    0.00    0.00    3.03    0.00    0.00    0.00    2.02
20:05:18      28   80.00    0.00   14.00    0.00    0.00    4.00    0.00    0.00    0.00    2.00
20:05:18      29   81.00    0.00   11.00    0.00    0.00    6.00    0.00    0.00    0.00    2.00
20:05:18      30   86.87    0.00    9.09    0.00    0.00    3.03    0.00    0.00    0.00    1.01
20:05:18      31   85.71    0.00   10.20    0.00    0.00    3.06    0.00    0.00    0.00    1.02

20:05:18     CPU    %usr   %nice    %sys %iowait    %irq   %soft  %steal  %guest  %gnice   %idle
20:05:19     all   60.08    0.00    6.89    0.00    0.00    1.86    0.00    0.00    0.00   31.17
20:05:19       0   63.27    0.00    3.06    0.00    0.00    2.04    0.00    0.00    0.00   31.63
20:05:19       1   59.62    0.00    7.69    0.00    0.00    1.92    0.00    0.00    0.00   30.77
20:05:19       2   60.82    0.00    5.15    0.00    0.00    1.03    0.00    0.00    0.00   32.99
20:05:19       3   60.61    0.00    5.05    0.00    0.00    1.01    0.00    0.00    0.00   33.33
20:05:19       4   61.39    0.00    7.92    0.00    0.00    0.00    0.00    0.00    0.00   30.69
20:05:19       5   56.25    0.00    9.38    0.00    0.00    1.04    0.00    0.00    0.00   33.33
20:05:19       6   63.16    0.00    3.16    0.00    0.00    1.05    0.00    0.00    0.00   32.63
20:05:19       7   60.61    0.00    6.06    0.00    0.00    2.02    0.00    0.00    0.00   31.31
20:05:19       8   41.00    0.00    4.00    0.00    0.00    1.00    0.00    0.00    0.00   54.00
20:05:19       9   40.21    0.00    4.12    0.00    0.00    0.00    0.00    0.00    0.00   55.67
20:05:19      10   20.83    0.00    4.17    0.00    0.00    1.04    0.00    0.00    0.00   73.96
20:05:19      11   19.79    0.00    4.17    0.00    0.00    0.00    0.00    0.00    0.00   76.04
20:05:19      12   39.22    0.00    3.92    0.00    0.00    1.96    0.00    0.00    0.00   54.90
20:05:19      13   40.00    0.00    5.00    0.00    0.00    1.00    0.00    0.00    0.00   54.00
20:05:19      14   41.18    0.00    4.90    0.00    0.00    0.98    0.00    0.00    0.00   52.94
20:05:19      15   38.78    0.00    2.04    0.00    0.00    2.04    0.00    0.00    0.00   57.14
20:05:19      16   58.95    0.00    7.37    0.00    0.00    1.05    0.00    0.00    0.00   32.63
20:05:19      17   61.62    0.00    5.05    0.00    0.00    1.01    0.00    0.00    0.00   32.32
20:05:19      18   60.19    0.00    5.83    0.00    0.00    2.91    0.00    0.00    0.00   31.07
20:05:19      19   58.00    0.00    8.00    0.00    0.00    1.00    0.00    0.00    0.00   33.00
20:05:19      20   57.29    0.00    5.21    0.00    0.00    3.12    0.00    0.00    0.00   34.38
20:05:19      21   58.16    0.00    8.16    0.00    0.00    1.02    0.00    0.00    0.00   32.65
20:05:19      22   57.43    0.00    6.93    0.00    0.00    3.96    0.00    0.00    0.00   31.68
20:05:19      23   61.70    0.00    5.32    0.00    0.00    1.06    0.00    0.00    0.00   31.91
20:05:19      24   82.00    0.00   14.00    0.00    0.00    3.00    0.00    0.00    0.00    1.00
20:05:19      25   84.00    0.00   10.00    0.00    0.00    5.00    0.00    0.00    0.00    1.00
20:05:19      26   88.00    0.00    8.00    0.00    0.00    3.00    0.00    0.00    0.00    1.00
20:05:19      27   81.00    0.00   14.00    0.00    0.00    4.00    0.00    0.00    0.00    1.00
20:05:19      28   85.00    0.00   12.00    0.00    0.00    2.00    0.00    0.00    0.00    1.00
20:05:19      29   90.00    0.00    9.00    0.00    0.00    1.00    0.00    0.00    0.00    0.00
20:05:19      30   84.00    0.00   11.00    0.00    0.00    4.00    0.00    0.00    0.00    1.00
20:05:19      31   85.00    0.00   10.00    0.00    0.00    4.00    0.00    0.00    0.00    1.00

20:05:19     CPU    %usr   %nice    %sys %iowait    %irq   %soft  %steal  %guest  %gnice   %idle
20:05:20     all   59.07    0.00    6.94    0.00    0.00    2.02    0.00    0.00    0.00   31.98
20:05:20       0   59.18    0.00    8.16    0.00    0.00    2.04    0.00    0.00    0.00   30.61
20:05:20       1   61.39    0.00    6.93    0.00    0.00    0.99    0.00    0.00    0.00   30.69
20:05:20       2   52.04    0.00    7.14    0.00    0.00    2.04    0.00    0.00    0.00   38.78
20:05:20       3   51.49    0.00    8.91    0.00    0.00    1.98    0.00    0.00    0.00   37.62
20:05:20       4   54.08    0.00    8.16    0.00    0.00    2.04    0.00    0.00    0.00   35.71
20:05:20       5   59.22    0.00    6.80    0.00    0.00    0.97    0.00    0.00    0.00   33.01
20:05:20       6   58.76    0.00    5.15    0.00    0.00    2.06    0.00    0.00    0.00   34.02
20:05:20       7   54.17    0.00    8.33    0.00    0.00    1.04    0.00    0.00    0.00   36.46
20:05:20       8   37.11    0.00    4.12    0.00    0.00    0.00    0.00    0.00    0.00   58.76
20:05:20       9   38.78    0.00    3.06    0.00    0.00    2.04    0.00    0.00    0.00   56.12
20:05:20      10   36.00    0.00    2.00    0.00    0.00    0.00    0.00    0.00    0.00   62.00
20:05:20      11   35.35    0.00    4.04    0.00    0.00    0.00    0.00    0.00    0.00   60.61
20:05:20      12   34.04    0.00    3.19    0.00    0.00    1.06    0.00    0.00    0.00   61.70
20:05:20      13   39.60    0.00    2.97    0.00    0.00    1.98    0.00    0.00    0.00   55.45
20:05:20      14   44.76    0.00    1.90    0.00    0.00    0.95    0.00    0.00    0.00   52.38
20:05:20      15   42.72    0.00    5.83    0.00    0.00    0.00    0.00    0.00    0.00   51.46
20:05:20      16   57.43    0.00    9.90    0.00    0.00    1.98    0.00    0.00    0.00   30.69
20:05:20      17   60.61    0.00    8.08    0.00    0.00    0.00    0.00    0.00    0.00   31.31
20:05:20      18   50.00    0.00    8.33    0.00    0.00    1.04    0.00    0.00    0.00   40.62
20:05:20      19   52.13    0.00    6.38    0.00    0.00    1.06    0.00    0.00    0.00   40.43
20:05:20      20   61.62    0.00    5.05    0.00    0.00    1.01    0.00    0.00    0.00   32.32
20:05:20      21   54.17    0.00    9.38    0.00    0.00    2.08    0.00    0.00    0.00   34.38
20:05:20      22   57.29    0.00    6.25    0.00    0.00    2.08    0.00    0.00    0.00   34.38
20:05:20      23   62.24    0.00    2.04    0.00    0.00    1.02    0.00    0.00    0.00   34.69
20:05:20      24   83.00    0.00    9.00    0.00    0.00    6.00    0.00    0.00    0.00    2.00
20:05:20      25   81.00    0.00   11.00    0.00    0.00    6.00    0.00    0.00    0.00    2.00
20:05:20      26   80.39    0.00   12.75    0.00    0.00    4.90    0.00    0.00    0.00    1.96
20:05:20      27   86.27    0.00    8.82    0.00    0.00    2.94    0.00    0.00    0.00    1.96
20:05:20      28   84.00    0.00   11.00    0.00    0.00    4.00    0.00    0.00    0.00    1.00
20:05:20      29   89.00    0.00    7.00    0.00    0.00    2.00    0.00    0.00    0.00    2.00
20:05:20      30   85.00    0.00   10.00    0.00    0.00    4.00    0.00    0.00    0.00    1.00
20:05:20      31   83.84    0.00   10.10    0.00    0.00    5.05    0.00    0.00    0.00    1.01

20:05:20     CPU    %usr   %nice    %sys %iowait    %irq   %soft  %steal  %guest  %gnice   %idle
20:05:21     all   59.51    0.00    6.90    0.00    0.00    2.03    0.00    0.00    0.00   31.56
20:05:21       0   61.05    0.00    6.32    0.00    0.00    1.05    0.00    0.00    0.00   31.58
20:05:21       1   60.00    0.00    7.62    0.00    0.00    1.90    0.00    0.00    0.00   30.48
20:05:21       2   59.60    0.00    6.06    0.00    0.00    2.02    0.00    0.00    0.00   32.32
20:05:21       3   61.05    0.00    3.16    0.00    0.00    1.05    0.00    0.00    0.00   34.74
20:05:21       4   56.25    0.00    6.25    0.00    0.00    1.04    0.00    0.00    0.00   36.46
20:05:21       5   59.60    0.00    7.07    0.00    0.00    1.01    0.00    0.00    0.00   32.32
20:05:21       6   52.48    0.00    9.90    0.00    0.00    3.96    0.00    0.00    0.00   33.66
20:05:21       7   57.29    0.00    6.25    0.00    0.00    1.04    0.00    0.00    0.00   35.42
20:05:21       8   34.65    0.00    2.97    0.00    0.00    0.99    0.00    0.00    0.00   61.39
20:05:21       9   33.00    0.00    4.00    0.00    0.00    0.00    0.00    0.00    0.00   63.00
20:05:21      10   36.73    0.00    5.10    0.00    0.00    1.02    0.00    0.00    0.00   57.14
20:05:21      11   41.35    0.00    3.85    0.00    0.00    0.00    0.00    0.00    0.00   54.81
20:05:21      12   34.04    0.00    4.26    0.00    0.00    1.06    0.00    0.00    0.00   60.64
20:05:21      13   39.00    0.00    4.00    0.00    0.00    1.00    0.00    0.00    0.00   56.00
20:05:21      14   39.39    0.00    3.03    0.00    0.00    0.00    0.00    0.00    0.00   57.58
20:05:21      15   39.60    0.00    3.96    0.00    0.00    0.00    0.00    0.00    0.00   56.44
20:05:21      16   63.73    0.00    4.90    0.00    0.00    1.96    0.00    0.00    0.00   29.41
20:05:21      17   63.37    0.00    5.94    0.00    0.00    1.98    0.00    0.00    0.00   28.71
20:05:21      18   60.64    0.00    4.26    0.00    0.00    2.13    0.00    0.00    0.00   32.98
20:05:21      19   59.18    0.00    4.08    0.00    0.00    2.04    0.00    0.00    0.00   34.69
20:05:21      20   51.61    0.00   11.83    0.00    0.00    1.08    0.00    0.00    0.00   35.48
20:05:21      21   55.79    0.00    7.37    0.00    0.00    1.05    0.00    0.00    0.00   35.79
20:05:21      22   54.90    0.00    7.84    0.00    0.00    2.94    0.00    0.00    0.00   34.31
20:05:21      23   55.91    0.00    4.30    0.00    0.00    2.15    0.00    0.00    0.00   37.63
20:05:21      24   88.00    0.00    8.00    0.00    0.00    3.00    0.00    0.00    0.00    1.00
20:05:21      25   82.35    0.00   12.75    0.00    0.00    3.92    0.00    0.00    0.00    0.98
20:05:21      26   86.87    0.00    9.09    0.00    0.00    3.03    0.00    0.00    0.00    1.01
20:05:21      27   81.82    0.00   13.13    0.00    0.00    4.04    0.00    0.00    0.00    1.01
20:05:21      28   82.83    0.00   12.12    0.00    0.00    4.04    0.00    0.00    0.00    1.01
20:05:21      29   82.00    0.00   12.00    0.00    0.00    5.00    0.00    0.00    0.00    1.00
20:05:21      30   85.86    0.00   10.10    0.00    0.00    3.03    0.00    0.00    0.00    1.01
20:05:21      31   83.00    0.00    9.00    0.00    0.00    6.00    0.00    0.00    0.00    2.00

20:05:21     CPU    %usr   %nice    %sys %iowait    %irq   %soft  %steal  %guest  %gnice   %idle
20:05:22     all   59.80    0.00    7.05    0.00    0.00    1.92    0.00    0.00    0.00   31.22
20:05:22       0   56.31    0.00    4.85    0.00    0.00    3.88    0.00    0.00    0.00   34.95
20:05:22       1   55.79    0.00    6.32    0.00    0.00    0.00    0.00    0.00    0.00   37.89
20:05:22       2   60.00    0.00    5.00    0.00    0.00    1.00    0.00    0.00    0.00   34.00
20:05:22       3   59.60    0.00    5.05    0.00    0.00    1.01    0.00    0.00    0.00   34.34
20:05:22       4   59.00    0.00    8.00    0.00    0.00    1.00    0.00    0.00    0.00   32.00
20:05:22       5   57.14    0.00    9.18    0.00    0.00    2.04    0.00    0.00    0.00   31.63
20:05:22       6   60.61    0.00    8.08    0.00    0.00    1.01    0.00    0.00    0.00   30.30
20:05:22       7   62.26    0.00    7.55    0.00    0.00    0.94    0.00    0.00    0.00   29.25
20:05:22       8   34.74    0.00    4.21    0.00    0.00    1.05    0.00    0.00    0.00   60.00
20:05:22       9   38.38    0.00    3.03    0.00    0.00    2.02    0.00    0.00    0.00   56.57
20:05:22      10   33.98    0.00    2.91    0.00    0.00    1.94    0.00    0.00    0.00   61.17
20:05:22      11   30.21    0.00    4.17    0.00    0.00    0.00    0.00    0.00    0.00   65.62
20:05:22      12   34.02    0.00    2.06    0.00    0.00    1.03    0.00    0.00    0.00   62.89
20:05:22      13   37.62    0.00    3.96    0.00    0.00    0.00    0.00    0.00    0.00   58.42
20:05:22      14   41.41    0.00    6.06    0.00    0.00    1.01    0.00    0.00    0.00   51.52
20:05:22      15   51.46    0.00    1.94    0.00    0.00    0.97    0.00    0.00    0.00   45.63
20:05:22      16   54.08    0.00    7.14    0.00    0.00    2.04    0.00    0.00    0.00   36.73
20:05:22      17   56.86    0.00    3.92    0.00    0.00    1.96    0.00    0.00    0.00   37.25
20:05:22      18   53.12    0.00    9.38    0.00    0.00    2.08    0.00    0.00    0.00   35.42
20:05:22      19   56.57    0.00    4.04    0.00    0.00    3.03    0.00    0.00    0.00   36.36
20:05:22      20   60.00    0.00    7.00    0.00    0.00    2.00    0.00    0.00    0.00   31.00
20:05:22      21   61.46    0.00    5.21    0.00    0.00    2.08    0.00    0.00    0.00   31.25
20:05:22      22   60.78    0.00    7.84    0.00    0.00    1.96    0.00    0.00    0.00   29.41
20:05:22      23   63.16    0.00    4.21    0.00    0.00    2.11    0.00    0.00    0.00   30.53
20:05:22      24   81.82    0.00   13.13    0.00    0.00    4.04    0.00    0.00    0.00    1.01
20:05:22      25   83.84    0.00   12.12    0.00    0.00    3.03    0.00    0.00    0.00    1.01
20:05:22      26   81.63    0.00   15.31    0.00    0.00    3.06    0.00    0.00    0.00    0.00
20:05:22      27   87.00    0.00    9.00    0.00    0.00    3.00    0.00    0.00    0.00    1.00
20:05:22      28   85.00    0.00   12.00    0.00    0.00    2.00    0.00    0.00    0.00    1.00
20:05:22      29   84.00    0.00   11.00    0.00    0.00    4.00    0.00    0.00    0.00    1.00
20:05:22      30   84.00    0.00   13.00    0.00    0.00    2.00    0.00    0.00    0.00    1.00
20:05:22      31   86.00    0.00    9.00    0.00    0.00    4.00    0.00    0.00    0.00    1.00

20:05:22     CPU    %usr   %nice    %sys %iowait    %irq   %soft  %steal  %guest  %gnice   %idle
20:05:23     all   59.74    0.00    6.89    0.00    0.00    1.93    0.00    0.00    0.00   31.44
20:05:23       0   54.35    0.00    9.78    0.00    0.00    0.00    0.00    0.00    0.00   35.87
20:05:23       1   59.18    0.00    4.08    0.00    0.00    3.06    0.00    0.00    0.00   33.67
20:05:23       2   57.58    0.00    8.08    0.00    0.00    2.02    0.00    0.00    0.00   32.32
20:05:23       3   58.16    0.00    6.12    0.00    0.00    2.04    0.00    0.00    0.00   33.67
20:05:23       4   60.00    0.00    6.00    0.00    0.00    2.00    0.00    0.00    0.00   32.00
20:05:23       5   58.16    0.00    7.14    0.00    0.00    2.04    0.00    0.00    0.00   32.65
20:05:23       6   59.00    0.00    7.00    0.00    0.00    2.00    0.00    0.00    0.00   32.00
20:05:23       7   56.86    0.00    6.86    0.00    0.00    1.96    0.00    0.00    0.00   34.31
20:05:23       8   40.82    0.00    2.04    0.00    0.00    1.02    0.00    0.00    0.00   56.12
20:05:23       9   35.11    0.00    4.26    0.00    0.00    1.06    0.00    0.00    0.00   59.57
20:05:23      10   32.99    0.00    5.15    0.00    0.00    0.00    0.00    0.00    0.00   61.86
20:05:23      11   31.58    0.00    2.11    0.00    0.00    2.11    0.00    0.00    0.00   64.21
20:05:23      12   29.59    0.00    3.06    0.00    0.00    1.02    0.00    0.00    0.00   66.33
20:05:23      13   34.95    0.00    4.85    0.00    0.00    0.97    0.00    0.00    0.00   59.22
20:05:23      14   43.69    0.00    4.85    0.00    0.00    0.97    0.00    0.00    0.00   50.49
20:05:23      15   45.45    0.00    4.04    0.00    0.00    1.01    0.00    0.00    0.00   49.49
20:05:23      16   59.79    0.00    4.12    0.00    0.00    2.06    0.00    0.00    0.00   34.02
20:05:23      17   61.46    0.00    4.17    0.00    0.00    1.04    0.00    0.00    0.00   33.33
20:05:23      18   60.42    0.00    6.25    0.00    0.00    0.00    0.00    0.00    0.00   33.33
20:05:23      19   59.38    0.00    6.25    0.00    0.00    1.04    0.00    0.00    0.00   33.33
20:05:23      20   56.57    0.00    7.07    0.00    0.00    3.03    0.00    0.00    0.00   33.33
20:05:23      21   59.79    0.00    6.19    0.00    0.00    1.03    0.00    0.00    0.00   32.99
20:05:23      22   60.38    0.00    5.66    0.00    0.00    0.94    0.00    0.00    0.00   33.02
20:05:23      23   58.00    0.00    6.00    0.00    0.00    1.00    0.00    0.00    0.00   35.00
20:05:23      24   90.00    0.00    7.00    0.00    0.00    2.00    0.00    0.00    0.00    1.00
20:05:23      25   81.00    0.00   13.00    0.00    0.00    5.00    0.00    0.00    0.00    1.00
20:05:23      26   84.00    0.00   11.00    0.00    0.00    4.00    0.00    0.00    0.00    1.00
20:05:23      27   83.00    0.00   12.00    0.00    0.00    4.00    0.00    0.00    0.00    1.00
20:05:23      28   84.16    0.00   11.88    0.00    0.00    1.98    0.00    0.00    0.00    1.98
20:05:23      29   83.84    0.00   12.12    0.00    0.00    3.03    0.00    0.00    0.00    1.01
20:05:23      30   84.16    0.00   10.89    0.00    0.00    3.96    0.00    0.00    0.00    0.99
20:05:23      31   84.00    0.00   11.00    0.00    0.00    4.00    0.00    0.00    0.00    1.00

20:05:23     CPU    %usr   %nice    %sys %iowait    %irq   %soft  %steal  %guest  %gnice   %idle
20:05:24     all   59.61    0.00    6.83    0.00    0.00    1.99    0.00    0.00    0.00   31.57
20:05:24       0   58.33    0.00    6.25    0.00    0.00    1.04    0.00    0.00    0.00   34.38
20:05:24       1   59.22    0.00    6.80    0.00    0.00    0.97    0.00    0.00    0.00   33.01
20:05:24       2   57.29    0.00    5.21    0.00    0.00    2.08    0.00    0.00    0.00   35.42
20:05:24       3   59.00    0.00    7.00    0.00    0.00    1.00    0.00    0.00    0.00   33.00
20:05:24       4   56.44    0.00    7.92    0.00    0.00    1.98    0.00    0.00    0.00   33.66
20:05:24       5   60.00    0.00    6.00    0.00    0.00    1.00    0.00    0.00    0.00   33.00
20:05:24       6   60.82    0.00    5.15    0.00    0.00    1.03    0.00    0.00    0.00   32.99
20:05:24       7   56.00    0.00    9.00    0.00    0.00    2.00    0.00    0.00    0.00   33.00
20:05:24       8   32.99    0.00    4.12    0.00    0.00    1.03    0.00    0.00    0.00   61.86
20:05:24       9   35.64    0.00    4.95    0.00    0.00    0.99    0.00    0.00    0.00   58.42
20:05:24      10   40.62    0.00    4.17    0.00    0.00    2.08    0.00    0.00    0.00   53.12
20:05:24      11   43.56    0.00    1.98    0.00    0.00    0.99    0.00    0.00    0.00   53.47
20:05:24      12   36.08    0.00    3.09    0.00    0.00    0.00    0.00    0.00    0.00   60.82
20:05:24      13   35.79    0.00    2.11    0.00    0.00    0.00    0.00    0.00    0.00   62.11
20:05:24      14   37.37    0.00    2.02    0.00    0.00    0.00    0.00    0.00    0.00   60.61
20:05:24      15   33.68    0.00    4.21    0.00    0.00    1.05    0.00    0.00    0.00   61.05
20:05:24      16   57.29    0.00    8.33    0.00    0.00    0.00    0.00    0.00    0.00   34.38
20:05:24      17   56.38    0.00    8.51    0.00    0.00    0.00    0.00    0.00    0.00   35.11
20:05:24      18   56.12    0.00    6.12    0.00    0.00    3.06    0.00    0.00    0.00   34.69
20:05:24      19   59.80    0.00    4.90    0.00    0.00    2.94    0.00    0.00    0.00   32.35
20:05:24      20   58.00    0.00    6.00    0.00    0.00    3.00    0.00    0.00    0.00   33.00
20:05:24      21   58.76    0.00    6.19    0.00    0.00    2.06    0.00    0.00    0.00   32.99
20:05:24      22   59.80    0.00    7.84    0.00    0.00    0.00    0.00    0.00    0.00   32.35
20:05:24      23   57.43    0.00    6.93    0.00    0.00    1.98    0.00    0.00    0.00   33.66
20:05:24      24   83.00    0.00   10.00    0.00    0.00    6.00    0.00    0.00    0.00    1.00
20:05:24      25   87.76    0.00    8.16    0.00    0.00    4.08    0.00    0.00    0.00    0.00
20:05:24      26   87.13    0.00    8.91    0.00    0.00    2.97    0.00    0.00    0.00    0.99
20:05:24      27   85.15    0.00    8.91    0.00    0.00    4.95    0.00    0.00    0.00    0.99
20:05:24      28   80.00    0.00   14.00    0.00    0.00    5.00    0.00    0.00    0.00    1.00
20:05:24      29   84.00    0.00    9.00    0.00    0.00    5.00    0.00    0.00    0.00    2.00
20:05:24      30   83.00    0.00   13.00    0.00    0.00    3.00    0.00    0.00    0.00    1.00
20:05:24      31   86.00    0.00   11.00    0.00    0.00    2.00    0.00    0.00    0.00    1.00

20:05:24     CPU    %usr   %nice    %sys %iowait    %irq   %soft  %steal  %guest  %gnice   %idle
20:05:25     all   59.20    0.00    7.15    0.00    0.00    1.87    0.00    0.00    0.00   31.78
20:05:25       0   59.79    0.00    7.22    0.00    0.00    1.03    0.00    0.00    0.00   31.96
20:05:25       1   55.32    0.00    7.45    0.00    0.00    3.19    0.00    0.00    0.00   34.04
20:05:25       2   60.42    0.00    5.21    0.00    0.00    1.04    0.00    0.00    0.00   33.33
20:05:25       3   56.38    0.00    6.38    0.00    0.00    1.06    0.00    0.00    0.00   36.17
20:05:25       4   60.61    0.00    7.07    0.00    0.00    1.01    0.00    0.00    0.00   31.31
20:05:25       5   58.51    0.00    6.38    0.00    0.00    1.06    0.00    0.00    0.00   34.04
20:05:25       6   54.00    0.00   10.00    0.00    0.00    2.00    0.00    0.00    0.00   34.00
20:05:25       7   56.57    0.00    6.06    0.00    0.00    2.02    0.00    0.00    0.00   35.35
20:05:25       8   38.89    0.00    2.78    0.00    0.00    0.93    0.00    0.00    0.00   57.41
20:05:25       9   34.62    0.00    3.85    0.00    0.00    0.96    0.00    0.00    0.00   60.58
20:05:25      10   38.78    0.00    3.06    0.00    0.00    1.02    0.00    0.00    0.00   57.14
20:05:25      11   41.75    0.00    2.91    0.00    0.00    0.97    0.00    0.00    0.00   54.37
20:05:25      12   36.08    0.00    4.12    0.00    0.00    2.06    0.00    0.00    0.00   57.73
20:05:25      13   39.58    0.00    2.08    0.00    0.00    1.04    0.00    0.00    0.00   57.29
20:05:25      14   39.22    0.00    2.94    0.00    0.00    0.98    0.00    0.00    0.00   56.86
20:05:25      15   34.69    0.00    3.06    0.00    0.00    0.00    0.00    0.00    0.00   62.24
20:05:25      16   60.20    0.00    7.14    0.00    0.00    0.00    0.00    0.00    0.00   32.65
20:05:25      17   56.86    0.00    7.84    0.00    0.00    1.96    0.00    0.00    0.00   33.33
20:05:25      18   56.52    0.00    7.61    0.00    0.00    0.00    0.00    0.00    0.00   35.87
20:05:25      19   58.33    0.00    5.21    0.00    0.00    1.04    0.00    0.00    0.00   35.42
20:05:25      20   58.70    0.00    6.52    0.00    0.00    0.00    0.00    0.00    0.00   34.78
20:05:25      21   60.40    0.00    6.93    0.00    0.00    1.98    0.00    0.00    0.00   30.69
20:05:25      22   57.89    0.00    4.21    0.00    0.00    2.11    0.00    0.00    0.00   35.79
20:05:25      23   56.38    0.00    5.32    0.00    0.00    2.13    0.00    0.00    0.00   36.17
20:05:25      24   83.17    0.00   10.89    0.00    0.00    4.95    0.00    0.00    0.00    0.99
20:05:25      25   84.00    0.00   11.00    0.00    0.00    4.00    0.00    0.00    0.00    1.00
20:05:25      26   83.00    0.00   12.00    0.00    0.00    3.00    0.00    0.00    0.00    2.00
20:05:25      27   82.83    0.00   14.14    0.00    0.00    2.02    0.00    0.00    0.00    1.01
20:05:25      28   85.00    0.00   10.00    0.00    0.00    4.00    0.00    0.00    0.00    1.00
20:05:25      29   82.00    0.00   12.00    0.00    0.00    6.00    0.00    0.00    0.00    0.00
20:05:25      30   82.00    0.00   14.00    0.00    0.00    3.00    0.00    0.00    0.00    1.00
20:05:25      31   82.65    0.00   13.27    0.00    0.00    3.06    0.00    0.00    0.00    1.02

20:05:25     CPU    %usr   %nice    %sys %iowait    %irq   %soft  %steal  %guest  %gnice   %idle
20:05:26     all   59.01    0.00    7.26    0.00    0.00    2.07    0.00    0.00    0.00   31.67
20:05:26       0   58.42    0.00    6.93    0.00    0.00    1.98    0.00    0.00    0.00   32.67
20:05:26       1   58.59    0.00    8.08    0.00    0.00    1.01    0.00    0.00    0.00   32.32
20:05:26       2   57.00    0.00    8.00    0.00    0.00    3.00    0.00    0.00    0.00   32.00
20:05:26       3   52.58    0.00   10.31    0.00    0.00    3.09    0.00    0.00    0.00   34.02
20:05:26       4   58.16    0.00    6.12    0.00    0.00    2.04    0.00    0.00    0.00   33.67
20:05:26       5   57.14    0.00    6.12    0.00    0.00    2.04    0.00    0.00    0.00   34.69
20:05:26       6   60.00    0.00    6.00    0.00    0.00    2.00    0.00    0.00    0.00   32.00
20:05:26       7   58.06    0.00    4.30    0.00    0.00    3.23    0.00    0.00    0.00   34.41
20:05:26       8   37.76    0.00    3.06    0.00    0.00    0.00    0.00    0.00    0.00   59.18
20:05:26       9   37.11    0.00    3.09    0.00    0.00    1.03    0.00    0.00    0.00   58.76
20:05:26      10   35.05    0.00    3.09    0.00    0.00    0.00    0.00    0.00    0.00   61.86
20:05:26      11   32.26    0.00    3.23    0.00    0.00    0.00    0.00    0.00    0.00   64.52
20:05:26      12   46.94    0.00    4.08    0.00    0.00    0.00    0.00    0.00    0.00   48.98
20:05:26      13   45.83    0.00    2.08    0.00    0.00    1.04    0.00    0.00    0.00   51.04
20:05:26      14   28.12    0.00    3.12    0.00    0.00    1.04    0.00    0.00    0.00   67.71
20:05:26      15   28.12    0.00    3.12    0.00    0.00    1.04    0.00    0.00    0.00   67.71
20:05:26      16   59.00    0.00    7.00    0.00    0.00    2.00    0.00    0.00    0.00   32.00
20:05:26      17   57.84    0.00    7.84    0.00    0.00    1.96    0.00    0.00    0.00   32.35
20:05:26      18   56.25    0.00    8.33    0.00    0.00    1.04    0.00    0.00    0.00   34.38
20:05:26      19   58.42    0.00    6.93    0.00    0.00    1.98    0.00    0.00    0.00   32.67
20:05:26      20   56.25    0.00    7.29    0.00    0.00    2.08    0.00    0.00    0.00   34.38
20:05:26      21   58.16    0.00    6.12    0.00    0.00    2.04    0.00    0.00    0.00   33.67
20:05:26      22   53.54    0.00   11.11    0.00    0.00    2.02    0.00    0.00    0.00   33.33
20:05:26      23   57.45    0.00    4.26    0.00    0.00    3.19    0.00    0.00    0.00   35.11
20:05:26      24   84.85    0.00   10.10    0.00    0.00    4.04    0.00    0.00    0.00    1.01
20:05:26      25   82.18    0.00   14.85    0.00    0.00    1.98    0.00    0.00    0.00    0.99
20:05:26      26   85.00    0.00   10.00    0.00    0.00    4.00    0.00    0.00    0.00    1.00
20:05:26      27   85.00    0.00   11.00    0.00    0.00    2.00    0.00    0.00    0.00    2.00
20:05:26      28   90.00    0.00    7.00    0.00    0.00    2.00    0.00    0.00    0.00    1.00
20:05:26      29   82.83    0.00   12.12    0.00    0.00    4.04    0.00    0.00    0.00    1.01
20:05:26      30   83.00    0.00   11.00    0.00    0.00    5.00    0.00    0.00    0.00    1.00
20:05:26      31   80.00    0.00   15.00    0.00    0.00    4.00    0.00    0.00    0.00    1.00

20:05:26     CPU    %usr   %nice    %sys %iowait    %irq   %soft  %steal  %guest  %gnice   %idle
20:05:27     all   59.19    0.00    7.39    0.00    0.00    2.01    0.00    0.00    0.00   31.40
20:05:27       0   58.33    0.00    6.25    0.00    0.00    2.08    0.00    0.00    0.00   33.33
20:05:27       1   59.00    0.00    6.00    0.00    0.00    1.00    0.00    0.00    0.00   34.00
20:05:27       2   58.06    0.00    6.45    0.00    0.00    1.08    0.00    0.00    0.00   34.41
20:05:27       3   58.16    0.00    6.12    0.00    0.00    3.06    0.00    0.00    0.00   32.65
20:05:27       4   58.10    0.00    7.62    0.00    0.00    2.86    0.00    0.00    0.00   31.43
20:05:27       5   60.64    0.00    5.32    0.00    0.00    0.00    0.00    0.00    0.00   34.04
20:05:27       6   58.00    0.00    7.00    0.00    0.00    2.00    0.00    0.00    0.00   33.00
20:05:27       7   57.43    0.00    7.92    0.00    0.00    1.98    0.00    0.00    0.00   32.67
20:05:27       8   27.55    0.00    2.04    0.00    0.00    1.02    0.00    0.00    0.00   69.39
20:05:27       9   27.84    0.00    2.06    0.00    0.00    1.03    0.00    0.00    0.00   69.07
20:05:27      10   38.54    0.00    6.25    0.00    0.00    2.08    0.00    0.00    0.00   53.12
20:05:27      11   45.00    0.00    3.00    0.00    0.00    2.00    0.00    0.00    0.00   50.00
20:05:27      12   28.42    0.00    5.26    0.00    0.00    0.00    0.00    0.00    0.00   66.32
20:05:27      13   30.93    0.00    5.15    0.00    0.00    1.03    0.00    0.00    0.00   62.89
20:05:27      14   40.59    0.00    3.96    0.00    0.00    2.97    0.00    0.00    0.00   52.48
20:05:27      15   39.80    0.00    4.08    0.00    0.00    2.04    0.00    0.00    0.00   54.08
20:05:27      16   57.14    0.00    7.14    0.00    0.00    2.04    0.00    0.00    0.00   33.67
20:05:27      17   59.00    0.00    6.00    0.00    0.00    0.00    0.00    0.00    0.00   35.00
20:05:27      18   59.60    0.00    7.07    0.00    0.00    1.01    0.00    0.00    0.00   32.32
20:05:27      19   58.82    0.00    6.86    0.00    0.00    2.94    0.00    0.00    0.00   31.37
20:05:27      20   60.58    0.00    6.73    0.00    0.00    0.96    0.00    0.00    0.00   31.73
20:05:27      21   58.25    0.00    6.80    0.00    0.00    1.94    0.00    0.00    0.00   33.01
20:05:27      22   58.59    0.00    8.08    0.00    0.00    1.01    0.00    0.00    0.00   32.32
20:05:27      23   59.05    0.00    7.62    0.00    0.00    2.86    0.00    0.00    0.00   30.48
20:05:27      24   82.83    0.00   12.12    0.00    0.00    4.04    0.00    0.00    0.00    1.01
20:05:27      25   80.00    0.00   16.00    0.00    0.00    3.00    0.00    0.00    0.00    1.00
20:05:27      26   83.00    0.00   14.00    0.00    0.00    2.00    0.00    0.00    0.00    1.00
20:05:27      27   84.69    0.00   11.22    0.00    0.00    4.08    0.00    0.00    0.00    0.00
20:05:27      28   85.00    0.00   10.00    0.00    0.00    3.00    0.00    0.00    0.00    2.00
20:05:27      29   87.00    0.00    9.00    0.00    0.00    3.00    0.00    0.00    0.00    1.00
20:05:27      30   86.14    0.00    9.90    0.00    0.00    2.97    0.00    0.00    0.00    0.99
20:05:27      31   83.17    0.00   12.87    0.00    0.00    2.97    0.00    0.00    0.00    0.99

20:05:27     CPU    %usr   %nice    %sys %iowait    %irq   %soft  %steal  %guest  %gnice   %idle
20:05:28     all   60.20    0.00    6.99    0.00    0.00    1.70    0.00    0.00    0.00   31.11
20:05:28       0   57.58    0.00    8.08    0.00    0.00    1.01    0.00    0.00    0.00   33.33
20:05:28       1   60.00    0.00    7.00    0.00    0.00    1.00    0.00    0.00    0.00   32.00
20:05:28       2   59.62    0.00    7.69    0.00    0.00    1.92    0.00    0.00    0.00   30.77
20:05:28       3   55.79    0.00    6.32    0.00    0.00    3.16    0.00    0.00    0.00   34.74
20:05:28       4   58.59    0.00    8.08    0.00    0.00    1.01    0.00    0.00    0.00   32.32
20:05:28       5   57.43    0.00    8.91    0.00    0.00    0.99    0.00    0.00    0.00   32.67
20:05:28       6   58.82    0.00    5.88    0.00    0.00    0.00    0.00    0.00    0.00   35.29
20:05:28       7   54.17    0.00   10.42    0.00    0.00    1.04    0.00    0.00    0.00   34.38
20:05:28       8   42.86    0.00    3.06    0.00    0.00    1.02    0.00    0.00    0.00   53.06
20:05:28       9   40.62    0.00    2.08    0.00    0.00    1.04    0.00    0.00    0.00   56.25
20:05:28      10   35.35    0.00    1.01    0.00    0.00    0.00    0.00    0.00    0.00   63.64
20:05:28      11   34.02    0.00    2.06    0.00    0.00    0.00    0.00    0.00    0.00   63.92
20:05:28      12   35.92    0.00    3.88    0.00    0.00    1.94    0.00    0.00    0.00   58.25
20:05:28      13   31.96    0.00    2.06    0.00    0.00    1.03    0.00    0.00    0.00   64.95
20:05:28      14   47.00    0.00    3.00    0.00    0.00    1.00    0.00    0.00    0.00   49.00
20:05:28      15   40.40    0.00    4.04    0.00    0.00    0.00    0.00    0.00    0.00   55.56
20:05:28      16   54.00    0.00   10.00    0.00    0.00    4.00    0.00    0.00    0.00   32.00
20:05:28      17   58.33    0.00    5.21    0.00    0.00    3.12    0.00    0.00    0.00   33.33
20:05:28      18   62.75    0.00    4.90    0.00    0.00    0.98    0.00    0.00    0.00   31.37
20:05:28      19   60.00    0.00    4.00    0.00    0.00    2.00    0.00    0.00    0.00   34.00
20:05:28      20   57.43    0.00    8.91    0.00    0.00    1.98    0.00    0.00    0.00   31.68
20:05:28      21   61.62    0.00    5.05    0.00    0.00    0.00    0.00    0.00    0.00   33.33
20:05:28      22   60.20    0.00    5.10    0.00    0.00    1.02    0.00    0.00    0.00   33.67
20:05:28      23   56.84    0.00    6.32    0.00    0.00    2.11    0.00    0.00    0.00   34.74
20:05:28      24   82.00    0.00   15.00    0.00    0.00    2.00    0.00    0.00    0.00    1.00
20:05:28      25   84.85    0.00   11.11    0.00    0.00    4.04    0.00    0.00    0.00    0.00
20:05:28      26   84.00    0.00   13.00    0.00    0.00    3.00    0.00    0.00    0.00    0.00
20:05:28      27   86.14    0.00   10.89    0.00    0.00    1.98    0.00    0.00    0.00    0.99
20:05:28      28   86.14    0.00    8.91    0.00    0.00    3.96    0.00    0.00    0.00    0.99
20:05:28      29   86.00    0.00   11.00    0.00    0.00    2.00    0.00    0.00    0.00    1.00
20:05:28      30   87.00    0.00   10.00    0.00    0.00    2.00    0.00    0.00    0.00    1.00
20:05:28      31   85.86    0.00   10.10    0.00    0.00    4.04    0.00    0.00    0.00    0.00

20:05:28     CPU    %usr   %nice    %sys %iowait    %irq   %soft  %steal  %guest  %gnice   %idle
20:05:29     all   59.22    0.00    6.79    0.00    0.00    1.82    0.00    0.00    0.00   32.17
20:05:29       0   54.55    0.00    8.08    0.00    0.00    2.02    0.00    0.00    0.00   35.35
20:05:29       1   57.29    0.00    5.21    0.00    0.00    2.08    0.00    0.00    0.00   35.42
20:05:29       2   55.88    0.00    8.82    0.00    0.00    1.96    0.00    0.00    0.00   33.33
20:05:29       3   57.43    0.00    7.92    0.00    0.00    0.99    0.00    0.00    0.00   33.66
20:05:29       4   53.61    0.00    8.25    0.00    0.00    3.09    0.00    0.00    0.00   35.05
20:05:29       5   59.41    0.00    5.94    0.00    0.00    1.98    0.00    0.00    0.00   32.67
20:05:29       6   55.88    0.00    7.84    0.00    0.00    1.96    0.00    0.00    0.00   34.31
20:05:29       7   56.25    0.00    4.17    0.00    0.00    2.08    0.00    0.00    0.00   37.50
20:05:29       8   34.00    0.00    3.00    0.00    0.00    0.00    0.00    0.00    0.00   63.00
20:05:29       9   31.25    0.00    3.12    0.00    0.00    0.00    0.00    0.00    0.00   65.62
20:05:29      10   37.11    0.00    5.15    0.00    0.00    0.00    0.00    0.00    0.00   57.73
20:05:29      11   42.16    0.00    2.94    0.00    0.00    0.98    0.00    0.00    0.00   53.92
20:05:29      12   38.00    0.00    3.00    0.00    0.00    1.00    0.00    0.00    0.00   58.00
20:05:29      13   39.42    0.00    3.85    0.00    0.00    0.96    0.00    0.00    0.00   55.77
20:05:29      14   44.44    0.00    3.03    0.00    0.00    0.00    0.00    0.00    0.00   52.53
20:05:29      15   40.00    0.00    5.26    0.00    0.00    1.05    0.00    0.00    0.00   53.68
20:05:29      16   60.40    0.00    3.96    0.00    0.00    0.99    0.00    0.00    0.00   34.65
20:05:29      17   57.00    0.00    8.00    0.00    0.00    1.00    0.00    0.00    0.00   34.00
20:05:29      18   59.00    0.00    6.00    0.00    0.00    1.00    0.00    0.00    0.00   34.00
20:05:29      19   57.58    0.00    6.06    0.00    0.00    1.01    0.00    0.00    0.00   35.35
20:05:29      20   59.00    0.00    5.00    0.00    0.00    2.00    0.00    0.00    0.00   34.00
20:05:29      21   56.57    0.00    7.07    0.00    0.00    2.02    0.00    0.00    0.00   34.34
20:05:29      22   56.12    0.00    5.10    0.00    0.00    2.04    0.00    0.00    0.00   36.73
20:05:29      23   56.12    0.00    6.12    0.00    0.00    1.02    0.00    0.00    0.00   36.73
20:05:29      24   82.00    0.00   12.00    0.00    0.00    4.00    0.00    0.00    0.00    2.00
20:05:29      25   83.00    0.00   14.00    0.00    0.00    1.00    0.00    0.00    0.00    2.00
20:05:29      26   83.17    0.00   11.88    0.00    0.00    2.97    0.00    0.00    0.00    1.98
20:05:29      27   84.16    0.00    8.91    0.00    0.00    4.95    0.00    0.00    0.00    1.98
20:05:29      28   84.85    0.00    9.09    0.00    0.00    4.04    0.00    0.00    0.00    2.02
20:05:29      29   87.00    0.00    8.00    0.00    0.00    3.00    0.00    0.00    0.00    2.00
20:05:29      30   85.00    0.00   10.00    0.00    0.00    4.00    0.00    0.00    0.00    1.00
20:05:29      31   85.00    0.00   10.00    0.00    0.00    3.00    0.00    0.00    0.00    2.00

20:05:29     CPU    %usr   %nice    %sys %iowait    %irq   %soft  %steal  %guest  %gnice   %idle
20:05:30     all   58.66    0.00    7.51    0.00    0.00    2.10    0.00    0.00    0.00   31.73
20:05:30       0   54.84    0.00    8.60    0.00    0.00    1.08    0.00    0.00    0.00   35.48
20:05:30       1   56.70    0.00    7.22    0.00    0.00    2.06    0.00    0.00    0.00   34.02
20:05:30       2   60.42    0.00    6.25    0.00    0.00    0.00    0.00    0.00    0.00   33.33
20:05:30       3   56.57    0.00    8.08    0.00    0.00    1.01    0.00    0.00    0.00   34.34
20:05:30       4   55.79    0.00    6.32    0.00    0.00    3.16    0.00    0.00    0.00   34.74
20:05:30       5   59.05    0.00    8.57    0.00    0.00    0.95    0.00    0.00    0.00   31.43
20:05:30       6   62.37    0.00    3.23    0.00    0.00    2.15    0.00    0.00    0.00   32.26
20:05:30       7   60.00    0.00    6.00    0.00    0.00    1.00    0.00    0.00    0.00   33.00
20:05:30       8   32.32    0.00    2.02    0.00    0.00    1.01    0.00    0.00    0.00   64.65
20:05:30       9   29.47    0.00    3.16    0.00    0.00    2.11    0.00    0.00    0.00   65.26
20:05:30      10   43.75    0.00    3.12    0.00    0.00    0.00    0.00    0.00    0.00   53.12
20:05:30      11   39.18    0.00    3.09    0.00    0.00    3.09    0.00    0.00    0.00   54.64
20:05:30      12   38.78    0.00    2.04    0.00    0.00    1.02    0.00    0.00    0.00   58.16
20:05:30      13   36.36    0.00    5.05    0.00    0.00    0.00    0.00    0.00    0.00   58.59
20:05:30      14   36.79    0.00    6.60    0.00    0.00    1.89    0.00    0.00    0.00   54.72
20:05:30      15   35.48    0.00    4.30    0.00    0.00    0.00    0.00    0.00    0.00   60.22
20:05:30      16   55.56    0.00    8.08    0.00    0.00    1.01    0.00    0.00    0.00   35.35
20:05:30      17   57.29    0.00    6.25    0.00    0.00    1.04    0.00    0.00    0.00   35.42
20:05:30      18   58.59    0.00    7.07    0.00    0.00    1.01    0.00    0.00    0.00   33.33
20:05:30      19   56.57    0.00    7.07    0.00    0.00    2.02    0.00    0.00    0.00   34.34
20:05:30      20   54.00    0.00   10.00    0.00    0.00    1.00    0.00    0.00    0.00   35.00
20:05:30      21   57.73    0.00    6.19    0.00    0.00    2.06    0.00    0.00    0.00   34.02
20:05:30      22   56.99    0.00    5.38    0.00    0.00    2.15    0.00    0.00    0.00   35.48
20:05:30      23   58.16    0.00    8.16    0.00    0.00    2.04    0.00    0.00    0.00   31.63
20:05:30      24   83.00    0.00   12.00    0.00    0.00    4.00    0.00    0.00    0.00    1.00
20:05:30      25   81.00    0.00   13.00    0.00    0.00    5.00    0.00    0.00    0.00    1.00
20:05:30      26   84.00    0.00   12.00    0.00    0.00    3.00    0.00    0.00    0.00    1.00
20:05:30      27   79.00    0.00   14.00    0.00    0.00    6.00    0.00    0.00    0.00    1.00
20:05:30      28   84.00    0.00   11.00    0.00    0.00    4.00    0.00    0.00    0.00    1.00
20:05:30      29   83.00    0.00   12.00    0.00    0.00    3.00    0.00    0.00    0.00    2.00
20:05:30      30   81.82    0.00   12.12    0.00    0.00    5.05    0.00    0.00    0.00    1.01
20:05:30      31   84.16    0.00   10.89    0.00    0.00    3.96    0.00    0.00    0.00    0.99

20:05:30     CPU    %usr   %nice    %sys %iowait    %irq   %soft  %steal  %guest  %gnice   %idle
20:05:31     all   58.80    0.00    7.19    0.00    0.00    2.05    0.00    0.00    0.00   31.96
20:05:31       0   55.56    0.00    8.08    0.00    0.00    2.02    0.00    0.00    0.00   34.34
20:05:31       1   56.57    0.00    7.07    0.00    0.00    2.02    0.00    0.00    0.00   34.34
20:05:31       2   57.29    0.00    6.25    0.00    0.00    1.04    0.00    0.00    0.00   35.42
20:05:31       3   58.51    0.00    5.32    0.00    0.00    0.00    0.00    0.00    0.00   36.17
20:05:31       4   58.82    0.00    3.92    0.00    0.00    1.96    0.00    0.00    0.00   35.29
20:05:31       5   51.04    0.00    9.38    0.00    0.00    3.12    0.00    0.00    0.00   36.46
20:05:31       6   57.43    0.00    6.93    0.00    0.00    2.97    0.00    0.00    0.00   32.67
20:05:31       7   60.78    0.00    3.92    0.00    0.00    0.98    0.00    0.00    0.00   34.31
20:05:31       8   32.67    0.00    3.96    0.00    0.00    0.00    0.00    0.00    0.00   63.37
20:05:31       9   30.00    0.00    3.00    0.00    0.00    1.00    0.00    0.00    0.00   66.00
20:05:31      10   38.38    0.00    5.05    0.00    0.00    1.01    0.00    0.00    0.00   55.56
20:05:31      11   40.00    0.00    6.00    0.00    0.00    1.00    0.00    0.00    0.00   53.00
20:05:31      12   44.12    0.00    2.94    0.00    0.00    0.00    0.00    0.00    0.00   52.94
20:05:31      13   37.50    0.00    4.17    0.00    0.00    1.04    0.00    0.00    0.00   57.29
20:05:31      14   40.21    0.00    2.06    0.00    0.00    1.03    0.00    0.00    0.00   56.70
20:05:31      15   40.59    0.00    6.93    0.00    0.00    0.99    0.00    0.00    0.00   51.49
20:05:31      16   56.00    0.00    8.00    0.00    0.00    2.00    0.00    0.00    0.00   34.00
20:05:31      17   58.06    0.00    4.30    0.00    0.00    1.08    0.00    0.00    0.00   36.56
20:05:31      18   59.38    0.00    4.17    0.00    0.00    1.04    0.00    0.00    0.00   35.42
20:05:31      19   59.41    0.00    5.94    0.00    0.00    1.98    0.00    0.00    0.00   32.67
20:05:31      20   55.10    0.00    8.16    0.00    0.00    2.04    0.00    0.00    0.00   34.69
20:05:31      21   57.43    0.00    6.93    0.00    0.00    0.99    0.00    0.00    0.00   34.65
20:05:31      22   61.00    0.00    3.00    0.00    0.00    2.00    0.00    0.00    0.00   34.00
20:05:31      23   54.26    0.00    6.38    0.00    0.00    2.13    0.00    0.00    0.00   37.23
20:05:31      24   83.84    0.00   11.11    0.00    0.00    4.04    0.00    0.00    0.00    1.01
20:05:31      25   84.00    0.00   11.00    0.00    0.00    4.00    0.00    0.00    0.00    1.00
20:05:31      26   77.00    0.00   17.00    0.00    0.00    5.00    0.00    0.00    0.00    1.00
20:05:31      27   84.00    0.00   10.00    0.00    0.00    4.00    0.00    0.00    0.00    2.00
20:05:31      28   84.16    0.00   10.89    0.00    0.00    3.96    0.00    0.00    0.00    0.99
20:05:31      29   82.00    0.00   12.00    0.00    0.00    5.00    0.00    0.00    0.00    1.00
20:05:31      30   84.16    0.00   10.89    0.00    0.00    2.97    0.00    0.00    0.00    1.98
20:05:31      31   80.20    0.00   14.85    0.00    0.00    2.97    0.00    0.00    0.00    1.98

20:05:31     CPU    %usr   %nice    %sys %iowait    %irq   %soft  %steal  %guest  %gnice   %idle
20:05:32     all   59.37    0.00    7.34    0.00    0.00    1.80    0.00    0.00    0.00   31.49
20:05:32       0   60.00    0.00    5.00    0.00    0.00    2.00    0.00    0.00    0.00   33.00
20:05:32       1   61.00    0.00    6.00    0.00    0.00    0.00    0.00    0.00    0.00   33.00
20:05:32       2   56.57    0.00    7.07    0.00    0.00    3.03    0.00    0.00    0.00   33.33
20:05:32       3   61.90    0.00    5.71    0.00    0.00    0.95    0.00    0.00    0.00   31.43
20:05:32       4   59.00    0.00    8.00    0.00    0.00    1.00    0.00    0.00    0.00   32.00
20:05:32       5   61.17    0.00    4.85    0.00    0.00    3.88    0.00    0.00    0.00   30.10
20:05:32       6   57.89    0.00    7.37    0.00    0.00    1.05    0.00    0.00    0.00   33.68
20:05:32       7   52.17    0.00    8.70    0.00    0.00    1.09    0.00    0.00    0.00   38.04
20:05:32       8   35.71    0.00    5.10    0.00    0.00    1.02    0.00    0.00    0.00   58.16
20:05:32       9   36.46    0.00    4.17    0.00    0.00    1.04    0.00    0.00    0.00   58.33
20:05:32      10   35.05    0.00    3.09    0.00    0.00    0.00    0.00    0.00    0.00   61.86
20:05:32      11   32.32    0.00    4.04    0.00    0.00    1.01    0.00    0.00    0.00   62.63
20:05:32      12   35.42    0.00    5.21    0.00    0.00    1.04    0.00    0.00    0.00   58.33
20:05:32      13   36.08    0.00    5.15    0.00    0.00    2.06    0.00    0.00    0.00   56.70
20:05:32      14   33.68    0.00    5.26    0.00    0.00    1.05    0.00    0.00    0.00   60.00
20:05:32      15   33.68    0.00    4.21    0.00    0.00    1.05    0.00    0.00    0.00   61.05
20:05:32      16   56.12    0.00    9.18    0.00    0.00    1.02    0.00    0.00    0.00   33.67
20:05:32      17   60.61    0.00    5.05    0.00    0.00    1.01    0.00    0.00    0.00   33.33
20:05:32      18   61.86    0.00    5.15    0.00    0.00    0.00    0.00    0.00    0.00   32.99
20:05:32      19   57.14    0.00    9.52    0.00    0.00    1.90    0.00    0.00    0.00   31.43
20:05:32      20   62.38    0.00    3.96    0.00    0.00    0.99    0.00    0.00    0.00   32.67
20:05:32      21   59.18    0.00    7.14    0.00    0.00    1.02    0.00    0.00    0.00   32.65
20:05:32      22   57.89    0.00    7.37    0.00    0.00    0.00    0.00    0.00    0.00   34.74
20:05:32      23   57.73    0.00    5.15    0.00    0.00    2.06    0.00    0.00    0.00   35.05
20:05:32      24   81.19    0.00   13.86    0.00    0.00    3.96    0.00    0.00    0.00    0.99
20:05:32      25   86.27    0.00    9.80    0.00    0.00    1.96    0.00    0.00    0.00    1.96
20:05:32      26   84.16    0.00   10.89    0.00    0.00    3.96    0.00    0.00    0.00    0.99
20:05:32      27   85.00    0.00   11.00    0.00    0.00    3.00    0.00    0.00    0.00    1.00
20:05:32      28   84.69    0.00   10.20    0.00    0.00    4.08    0.00    0.00    0.00    1.02
20:05:32      29   78.22    0.00   15.84    0.00    0.00    4.95    0.00    0.00    0.00    0.99
20:05:32      30   86.00    0.00    9.00    0.00    0.00    4.00    0.00    0.00    0.00    1.00
20:05:32      31   85.00    0.00   12.00    0.00    0.00    2.00    0.00    0.00    0.00    1.00

20:05:32     CPU    %usr   %nice    %sys %iowait    %irq   %soft  %steal  %guest  %gnice   %idle
20:05:33     all   59.58    0.00    6.35    0.00    0.00    2.08    0.00    0.00    0.00   31.99
20:05:33       0   57.73    0.00    5.15    0.00    0.00    2.06    0.00    0.00    0.00   35.05
20:05:33       1   61.00    0.00    5.00    0.00    0.00    1.00    0.00    0.00    0.00   33.00
20:05:33       2   52.69    0.00    8.60    0.00    0.00    1.08    0.00    0.00    0.00   37.63
20:05:33       3   56.00    0.00    9.00    0.00    0.00    2.00    0.00    0.00    0.00   33.00
20:05:33       4   56.12    0.00    6.12    0.00    0.00    2.04    0.00    0.00    0.00   35.71
20:05:33       5   56.57    0.00    8.08    0.00    0.00    0.00    0.00    0.00    0.00   35.35
20:05:33       6   60.40    0.00    4.95    0.00    0.00    2.97    0.00    0.00    0.00   31.68
20:05:33       7   56.25    0.00    6.25    0.00    0.00    2.08    0.00    0.00    0.00   35.42
20:05:33       8   41.90    0.00    3.81    0.00    0.00    0.00    0.00    0.00    0.00   54.29
20:05:33       9   36.46    0.00    4.17    0.00    0.00    1.04    0.00    0.00    0.00   58.33
20:05:33      10   39.60    0.00    1.98    0.00    0.00    0.99    0.00    0.00    0.00   57.43
20:05:33      11   43.43    0.00    1.01    0.00    0.00    1.01    0.00    0.00    0.00   54.55
20:05:33      12   32.98    0.00    3.19    0.00    0.00    0.00    0.00    0.00    0.00   63.83
20:05:33      13   37.86    0.00    2.91    0.00    0.00    0.97    0.00    0.00    0.00   58.25
20:05:33      14   35.00    0.00    5.00    0.00    0.00    2.00    0.00    0.00    0.00   58.00
20:05:33      15   38.61    0.00    3.96    0.00    0.00    0.99    0.00    0.00    0.00   56.44
20:05:33      16   61.22    0.00    5.10    0.00    0.00    1.02    0.00    0.00    0.00   32.65
20:05:33      17   57.58    0.00    6.06    0.00    0.00    2.02    0.00    0.00    0.00   34.34
20:05:33      18   59.41    0.00    4.95    0.00    0.00    0.99    0.00    0.00    0.00   34.65
20:05:33      19   55.56    0.00    7.07    0.00    0.00    2.02    0.00    0.00    0.00   35.35
20:05:33      20   58.76    0.00    6.19    0.00    0.00    0.00    0.00    0.00    0.00   35.05
20:05:33      21   54.74    0.00    6.32    0.00    0.00    2.11    0.00    0.00    0.00   36.84
20:05:33      22   56.84    0.00    6.32    0.00    0.00    2.11    0.00    0.00    0.00   34.74
20:05:33      23   61.00    0.00    4.00    0.00    0.00    2.00    0.00    0.00    0.00   33.00
20:05:33      24   86.00    0.00    9.00    0.00    0.00    3.00    0.00    0.00    0.00    2.00
20:05:33      25   86.87    0.00    9.09    0.00    0.00    3.03    0.00    0.00    0.00    1.01
20:05:33      26   87.00    0.00    8.00    0.00    0.00    4.00    0.00    0.00    0.00    1.00
20:05:33      27   82.35    0.00   11.76    0.00    0.00    3.92    0.00    0.00    0.00    1.96
20:05:33      28   84.00    0.00   12.00    0.00    0.00    2.00    0.00    0.00    0.00    2.00
20:05:33      29   82.83    0.00   10.10    0.00    0.00    6.06    0.00    0.00    0.00    1.01
20:05:33      30   85.00    0.00    9.00    0.00    0.00    5.00    0.00    0.00    0.00    1.00
20:05:33      31   83.00    0.00    9.00    0.00    0.00    7.00    0.00    0.00    0.00    1.00

20:05:33     CPU    %usr   %nice    %sys %iowait    %irq   %soft  %steal  %guest  %gnice   %idle
20:05:34     all   59.41    0.00    7.22    0.00    0.00    2.03    0.00    0.00    0.00   31.34
20:05:34       0   59.57    0.00    5.32    0.00    0.00    1.06    0.00    0.00    0.00   34.04
20:05:34       1   59.79    0.00    8.25    0.00    0.00    1.03    0.00    0.00    0.00   30.93
20:05:34       2   61.90    0.00    5.71    0.00    0.00    0.95    0.00    0.00    0.00   31.43
20:05:34       3   53.68    0.00    9.47    0.00    0.00    3.16    0.00    0.00    0.00   33.68
20:05:34       4   58.82    0.00    7.84    0.00    0.00    1.96    0.00    0.00    0.00   31.37
20:05:34       5   58.76    0.00    7.22    0.00    0.00    0.00    0.00    0.00    0.00   34.02
20:05:34       6   55.91    0.00    7.53    0.00    0.00    2.15    0.00    0.00    0.00   34.41
20:05:34       7   56.19    0.00    9.52    0.00    0.00    1.90    0.00    0.00    0.00   32.38
20:05:34       8   34.69    0.00    5.10    0.00    0.00    2.04    0.00    0.00    0.00   58.16
20:05:34       9   33.66    0.00    6.93    0.00    0.00    1.98    0.00    0.00    0.00   57.43
20:05:34      10   40.62    0.00    3.12    0.00    0.00    1.04    0.00    0.00    0.00   55.21
20:05:34      11   39.80    0.00    4.08    0.00    0.00    0.00    0.00    0.00    0.00   56.12
20:05:34      12   45.10    0.00    2.94    0.00    0.00    1.96    0.00    0.00    0.00   50.00
20:05:34      13   42.42    0.00    6.06    0.00    0.00    1.01    0.00    0.00    0.00   50.51
20:05:34      14   21.88    0.00    4.17    0.00    0.00    0.00    0.00    0.00    0.00   73.96
20:05:34      15   26.53    0.00    1.02    0.00    0.00    0.00    0.00    0.00    0.00   72.45
20:05:34      16   61.22    0.00    5.10    0.00    0.00    2.04    0.00    0.00    0.00   31.63
20:05:34      17   60.00    0.00    6.00    0.00    0.00    3.00    0.00    0.00    0.00   31.00
20:05:34      18   61.17    0.00    5.83    0.00    0.00    1.94    0.00    0.00    0.00   31.07
20:05:34      19   58.59    0.00    8.08    0.00    0.00    2.02    0.00    0.00    0.00   31.31
20:05:34      20   55.21    0.00    8.33    0.00    0.00    2.08    0.00    0.00    0.00   34.38
20:05:34      21   58.59    0.00    6.06    0.00    0.00    2.02    0.00    0.00    0.00   33.33
20:05:34      22   55.32    0.00    6.38    0.00    0.00    3.19    0.00    0.00    0.00   35.11
20:05:34      23   54.74    0.00    8.42    0.00    0.00    2.11    0.00    0.00    0.00   34.74
20:05:34      24   84.85    0.00   10.10    0.00    0.00    4.04    0.00    0.00    0.00    1.01
20:05:34      25   83.17    0.00   10.89    0.00    0.00    4.95    0.00    0.00    0.00    0.99
20:05:34      26   85.71    0.00   10.20    0.00    0.00    3.06    0.00    0.00    0.00    1.02
20:05:34      27   84.00    0.00   11.00    0.00    0.00    4.00    0.00    0.00    0.00    1.00
20:05:34      28   84.31    0.00   11.76    0.00    0.00    2.94    0.00    0.00    0.00    0.98
20:05:34      29   86.87    0.00   10.10    0.00    0.00    2.02    0.00    0.00    0.00    1.01
20:05:34      30   86.73    0.00    9.18    0.00    0.00    3.06    0.00    0.00    0.00    1.02
20:05:34      31   87.88    0.00    9.09    0.00    0.00    2.02    0.00    0.00    0.00    1.01

20:05:34     CPU    %usr   %nice    %sys %iowait    %irq   %soft  %steal  %guest  %gnice   %idle
20:05:35     all   59.23    0.00    7.07    0.00    0.00    2.25    0.00    0.00    0.00   31.44
20:05:35       0   60.78    0.00    6.86    0.00    0.00    0.98    0.00    0.00    0.00   31.37
20:05:35       1   60.58    0.00    8.65    0.00    0.00    0.96    0.00    0.00    0.00   29.81
20:05:35       2   61.39    0.00    5.94    0.00    0.00    0.99    0.00    0.00    0.00   31.68
20:05:35       3   56.12    0.00    7.14    0.00    0.00    3.06    0.00    0.00    0.00   33.67
20:05:35       4   54.55    0.00   10.10    0.00    0.00    2.02    0.00    0.00    0.00   33.33
20:05:35       5   59.57    0.00    5.32    0.00    0.00    1.06    0.00    0.00    0.00   34.04
20:05:35       6   52.58    0.00   12.37    0.00    0.00    2.06    0.00    0.00    0.00   32.99
20:05:35       7   56.67    0.00    5.56    0.00    0.00    1.11    0.00    0.00    0.00   36.67
20:05:35       8   31.91    0.00    2.13    0.00    0.00    1.06    0.00    0.00    0.00   64.89
20:05:35       9   37.74    0.00    5.66    0.00    0.00    0.94    0.00    0.00    0.00   55.66
20:05:35      10   32.97    0.00    2.20    0.00    0.00    2.20    0.00    0.00    0.00   62.64
20:05:35      11   39.80    0.00    3.06    0.00    0.00    1.02    0.00    0.00    0.00   56.12
20:05:35      12   36.36    0.00    4.04    0.00    0.00    2.02    0.00    0.00    0.00   57.58
20:05:35      13   34.69    0.00    4.08    0.00    0.00    1.02    0.00    0.00    0.00   60.20
20:05:35      14   35.42    0.00    3.12    0.00    0.00    0.00    0.00    0.00    0.00   61.46
20:05:35      15   32.63    0.00    4.21    0.00    0.00    2.11    0.00    0.00    0.00   61.05
20:05:35      16   56.12    0.00    8.16    0.00    0.00    2.04    0.00    0.00    0.00   33.67
20:05:35      17   62.75    0.00    4.90    0.00    0.00    1.96    0.00    0.00    0.00   30.39
20:05:35      18   58.16    0.00    7.14    0.00    0.00    2.04    0.00    0.00    0.00   32.65
20:05:35      19   58.82    0.00    7.84    0.00    0.00    0.98    0.00    0.00    0.00   32.35
20:05:35      20   57.14    0.00    7.14    0.00    0.00    2.04    0.00    0.00    0.00   33.67
20:05:35      21   59.60    0.00    6.06    0.00    0.00    1.01    0.00    0.00    0.00   33.33
20:05:35      22   56.70    0.00    8.25    0.00    0.00    2.06    0.00    0.00    0.00   32.99
20:05:35      23   57.73    0.00    5.15    0.00    0.00    3.09    0.00    0.00    0.00   34.02
20:05:35      24   82.00    0.00   11.00    0.00    0.00    6.00    0.00    0.00    0.00    1.00
20:05:35      25   84.69    0.00    9.18    0.00    0.00    5.10    0.00    0.00    0.00    1.02
20:05:35      26   85.15    0.00    8.91    0.00    0.00    4.95    0.00    0.00    0.00    0.99
20:05:35      27   85.86    0.00    9.09    0.00    0.00    4.04    0.00    0.00    0.00    1.01
20:05:35      28   85.86    0.00    9.09    0.00    0.00    4.04    0.00    0.00    0.00    1.01
20:05:35      29   86.14    0.00    9.90    0.00    0.00    2.97    0.00    0.00    0.00    0.99
20:05:35      30   81.19    0.00   12.87    0.00    0.00    4.95    0.00    0.00    0.00    0.99
20:05:35      31   87.00    0.00   10.00    0.00    0.00    2.00    0.00    0.00    0.00    1.00

20:05:35     CPU    %usr   %nice    %sys %iowait    %irq   %soft  %steal  %guest  %gnice   %idle
20:05:36     all   59.10    0.00    7.35    0.00    0.00    1.86    0.00    0.00    0.00   31.68
20:05:36       0   57.43    0.00    7.92    0.00    0.00    1.98    0.00    0.00    0.00   32.67
20:05:36       1   54.26    0.00    9.57    0.00    0.00    1.06    0.00    0.00    0.00   35.11
20:05:36       2   57.14    0.00    7.14    0.00    0.00    2.04    0.00    0.00    0.00   33.67
20:05:36       3   55.43    0.00    8.70    0.00    0.00    1.09    0.00    0.00    0.00   34.78
20:05:36       4   61.17    0.00    3.88    0.00    0.00    1.94    0.00    0.00    0.00   33.01
20:05:36       5   56.00    0.00    7.00    0.00    0.00    2.00    0.00    0.00    0.00   35.00
20:05:36       6   58.33    0.00    7.29    0.00    0.00    1.04    0.00    0.00    0.00   33.33
20:05:36       7   59.41    0.00    7.92    0.00    0.00    0.00    0.00    0.00    0.00   32.67
20:05:36       8   37.25    0.00    3.92    0.00    0.00    0.98    0.00    0.00    0.00   57.84
20:05:36       9   32.99    0.00    4.12    0.00    0.00    1.03    0.00    0.00    0.00   61.86
20:05:36      10   33.33    0.00    3.03    0.00    0.00    2.02    0.00    0.00    0.00   61.62
20:05:36      11   34.02    0.00    3.09    0.00    0.00    2.06    0.00    0.00    0.00   60.82
20:05:36      12   40.59    0.00    1.98    0.00    0.00    2.97    0.00    0.00    0.00   54.46
20:05:36      13   40.21    0.00    3.09    0.00    0.00    1.03    0.00    0.00    0.00   55.67
20:05:36      14   37.37    0.00    5.05    0.00    0.00    1.01    0.00    0.00    0.00   56.57
20:05:36      15   40.78    0.00    6.80    0.00    0.00    0.00    0.00    0.00    0.00   52.43
20:05:36      16   59.18    0.00    4.08    0.00    0.00    2.04    0.00    0.00    0.00   34.69
20:05:36      17   57.14    0.00    6.12    0.00    0.00    1.02    0.00    0.00    0.00   35.71
20:05:36      18   55.10    0.00    8.16    0.00    0.00    2.04    0.00    0.00    0.00   34.69
20:05:36      19   59.79    0.00    4.12    0.00    0.00    1.03    0.00    0.00    0.00   35.05
20:05:36      20   59.41    0.00    5.94    0.00    0.00    0.99    0.00    0.00    0.00   33.66
20:05:36      21   58.00    0.00    7.00    0.00    0.00    1.00    0.00    0.00    0.00   34.00
20:05:36      22   58.16    0.00    7.14    0.00    0.00    2.04    0.00    0.00    0.00   32.65
20:05:36      23   55.10    0.00    7.14    0.00    0.00    3.06    0.00    0.00    0.00   34.69
20:05:36      24   87.00    0.00   11.00    0.00    0.00    1.00    0.00    0.00    0.00    1.00
20:05:36      25   81.19    0.00   12.87    0.00    0.00    3.96    0.00    0.00    0.00    1.98
20:05:36      26   83.00    0.00   13.00    0.00    0.00    3.00    0.00    0.00    0.00    1.00
20:05:36      27   82.00    0.00   13.00    0.00    0.00    4.00    0.00    0.00    0.00    1.00
20:05:36      28   84.85    0.00   11.11    0.00    0.00    3.03    0.00    0.00    0.00    1.01
20:05:36      29   84.00    0.00   12.00    0.00    0.00    3.00    0.00    0.00    0.00    1.00
20:05:36      30   85.00    0.00   11.00    0.00    0.00    3.00    0.00    0.00    0.00    1.00
20:05:36      31   84.16    0.00   10.89    0.00    0.00    2.97    0.00    0.00    0.00    1.98

20:05:36     CPU    %usr   %nice    %sys %iowait    %irq   %soft  %steal  %guest  %gnice   %idle
20:05:37     all   58.67    0.00    7.53    0.00    0.00    1.99    0.00    0.00    0.00   31.82
20:05:37       0   57.55    0.00    7.55    0.00    0.00    2.83    0.00    0.00    0.00   32.08
20:05:37       1   53.61    0.00    9.28    0.00    0.00    2.06    0.00    0.00    0.00   35.05
20:05:37       2   58.06    0.00    5.38    0.00    0.00    1.08    0.00    0.00    0.00   35.48
20:05:37       3   60.82    0.00    5.15    0.00    0.00    1.03    0.00    0.00    0.00   32.99
20:05:37       4   53.19    0.00    6.38    0.00    0.00    3.19    0.00    0.00    0.00   37.23
20:05:37       5   58.76    0.00    5.15    0.00    0.00    1.03    0.00    0.00    0.00   35.05
20:05:37       6   55.67    0.00   10.31    0.00    0.00    0.00    0.00    0.00    0.00   34.02
20:05:37       7   61.32    0.00    5.66    0.00    0.00    0.94    0.00    0.00    0.00   32.08
20:05:37       8   39.80    0.00    3.06    0.00    0.00    1.02    0.00    0.00    0.00   56.12
20:05:37       9   39.58    0.00    3.12    0.00    0.00    1.04    0.00    0.00    0.00   56.25
20:05:37      10   38.14    0.00    5.15    0.00    0.00    0.00    0.00    0.00    0.00   56.70
20:05:37      11   39.81    0.00    3.88    0.00    0.00    1.94    0.00    0.00    0.00   54.37
20:05:37      12   36.63    0.00    4.95    0.00    0.00    0.00    0.00    0.00    0.00   58.42
20:05:37      13   34.34    0.00    5.05    0.00    0.00    1.01    0.00    0.00    0.00   59.60
20:05:37      14   36.89    0.00    3.88    0.00    0.00    1.94    0.00    0.00    0.00   57.28
20:05:37      15   36.63    0.00    1.98    0.00    0.00    1.98    0.00    0.00    0.00   59.41
20:05:37      16   56.70    0.00    7.22    0.00    0.00    1.03    0.00    0.00    0.00   35.05
20:05:37      17   58.00    0.00    8.00    0.00    0.00    1.00    0.00    0.00    0.00   33.00
20:05:37      18   52.63    0.00    9.47    0.00    0.00    2.11    0.00    0.00    0.00   35.79
20:05:37      19   61.46    0.00    4.17    0.00    0.00    2.08    0.00    0.00    0.00   32.29
20:05:37      20   55.21    0.00    7.29    0.00    0.00    2.08    0.00    0.00    0.00   35.42
20:05:37      21   55.79    0.00    8.42    0.00    0.00    0.00    0.00    0.00    0.00   35.79
20:05:37      22   57.14    0.00    6.12    0.00    0.00    2.04    0.00    0.00    0.00   34.69
20:05:37      23   54.17    0.00    7.29    0.00    0.00    3.12    0.00    0.00    0.00   35.42
20:05:37      24   83.17    0.00   11.88    0.00    0.00    2.97    0.00    0.00    0.00    1.98
20:05:37      25   81.00    0.00   14.00    0.00    0.00    4.00    0.00    0.00    0.00    1.00
20:05:37      26   84.16    0.00   11.88    0.00    0.00    1.98    0.00    0.00    0.00    1.98
20:05:37      27   85.15    0.00   10.89    0.00    0.00    2.97    0.00    0.00    0.00    0.99
20:05:37      28   80.81    0.00   12.12    0.00    0.00    6.06    0.00    0.00    0.00    1.01
20:05:37      29   80.20    0.00   13.86    0.00    0.00    3.96    0.00    0.00    0.00    1.98
20:05:37      30   84.00    0.00   12.00    0.00    0.00    2.00    0.00    0.00    0.00    2.00
20:05:37      31   84.16    0.00    9.90    0.00    0.00    4.95    0.00    0.00    0.00    0.99

20:05:37     CPU    %usr   %nice    %sys %iowait    %irq   %soft  %steal  %guest  %gnice   %idle
20:05:38     all   59.40    0.00    6.96    0.00    0.00    2.01    0.00    0.00    0.00   31.63
20:05:38       0   54.26    0.00    7.45    0.00    0.00    1.06    0.00    0.00    0.00   37.23
20:05:38       1   59.41    0.00    3.96    0.00    0.00    0.99    0.00    0.00    0.00   35.64
20:05:38       2   54.55    0.00    7.07    0.00    0.00    3.03    0.00    0.00    0.00   35.35
20:05:38       3   55.67    0.00    8.25    0.00    0.00    1.03    0.00    0.00    0.00   35.05
20:05:38       4   57.89    0.00    7.37    0.00    0.00    2.11    0.00    0.00    0.00   32.63
20:05:38       5   54.84    0.00    8.60    0.00    0.00    2.15    0.00    0.00    0.00   34.41
20:05:38       6   57.89    0.00    7.37    0.00    0.00    2.11    0.00    0.00    0.00   32.63
20:05:38       7   60.40    0.00    4.95    0.00    0.00    1.98    0.00    0.00    0.00   32.67
20:05:38       8   39.18    0.00    3.09    0.00    0.00    1.03    0.00    0.00    0.00   56.70
20:05:38       9   40.21    0.00    2.06    0.00    0.00    2.06    0.00    0.00    0.00   55.67
20:05:38      10   30.53    0.00    4.21    0.00    0.00    1.05    0.00    0.00    0.00   64.21
20:05:38      11   35.05    0.00    3.09    0.00    0.00    1.03    0.00    0.00    0.00   60.82
20:05:38      12   37.11    0.00    3.09    0.00    0.00    2.06    0.00    0.00    0.00   57.73
20:05:38      13   37.50    0.00    2.08    0.00    0.00    1.04    0.00    0.00    0.00   59.38
20:05:38      14   40.00    0.00    5.00    0.00    0.00    1.00    0.00    0.00    0.00   54.00
20:05:38      15   37.76    0.00    4.08    0.00    0.00    1.02    0.00    0.00    0.00   57.14
20:05:38      16   52.00    0.00    9.00    0.00    0.00    3.00    0.00    0.00    0.00   36.00
20:05:38      17   55.21    0.00    7.29    0.00    0.00    1.04    0.00    0.00    0.00   36.46
20:05:38      18   58.00    0.00    5.00    0.00    0.00    2.00    0.00    0.00    0.00   35.00
20:05:38      19   56.00    0.00    8.00    0.00    0.00    2.00    0.00    0.00    0.00   34.00
20:05:38      20   63.64    0.00    3.03    0.00    0.00    2.02    0.00    0.00    0.00   31.31
20:05:38      21   56.44    0.00    8.91    0.00    0.00    1.98    0.00    0.00    0.00   32.67
20:05:38      22   59.60    0.00    7.07    0.00    0.00    1.01    0.00    0.00    0.00   32.32
20:05:38      23   58.70    0.00    5.43    0.00    0.00    1.09    0.00    0.00    0.00   34.78
20:05:38      24   86.00    0.00   10.00    0.00    0.00    3.00    0.00    0.00    0.00    1.00
20:05:38      25   85.86    0.00   10.10    0.00    0.00    3.03    0.00    0.00    0.00    1.01
20:05:38      26   89.00    0.00    9.00    0.00    0.00    2.00    0.00    0.00    0.00    0.00
20:05:38      27   86.00    0.00   11.00    0.00    0.00    2.00    0.00    0.00    0.00    1.00
20:05:38      28   83.00    0.00   14.00    0.00    0.00    2.00    0.00    0.00    0.00    1.00
20:05:38      29   83.67    0.00   13.27    0.00    0.00    3.06    0.00    0.00    0.00    0.00
20:05:38      30   83.84    0.00   10.10    0.00    0.00    6.06    0.00    0.00    0.00    0.00
20:05:38      31   86.73    0.00    9.18    0.00    0.00    4.08    0.00    0.00    0.00    0.00

20:05:38     CPU    %usr   %nice    %sys %iowait    %irq   %soft  %steal  %guest  %gnice   %idle
20:05:39     all   59.82    0.00    7.08    0.09    0.00    1.86    0.00    0.00    0.00   31.14
20:05:39       0   55.10    0.00    7.14    0.00    0.00    2.04    0.00    0.00    0.00   35.71
20:05:39       1   55.79    0.00    6.32    0.00    0.00    1.05    0.00    0.00    0.00   36.84
20:05:39       2   59.38    0.00    5.21    0.00    0.00    2.08    0.00    0.00    0.00   33.33
20:05:39       3   57.58    0.00    8.08    0.00    0.00    2.02    0.00    0.00    0.00   32.32
20:05:39       4   59.80    0.00    4.90    0.00    0.00    2.94    0.00    0.00    0.00   32.35
20:05:39       5   58.51    0.00    7.45    0.00    0.00    1.06    0.00    0.00    0.00   32.98
20:05:39       6   57.58    0.00    8.08    0.00    0.00    2.02    0.00    0.00    0.00   32.32
20:05:39       7   58.33    0.00    8.33    0.00    0.00    1.04    0.00    0.00    0.00   32.29
20:05:39       8   38.95    0.00    4.21    0.00    0.00    1.05    0.00    0.00    0.00   55.79
20:05:39       9   39.58    0.00    1.04    0.00    0.00    1.04    0.00    0.00    0.00   58.33
20:05:39      10   37.89    0.00    2.11    0.00    0.00    1.05    0.00    0.00    0.00   58.95
20:05:39      11   38.24    0.00    5.88    0.00    0.00    1.96    0.00    0.00    0.00   53.92
20:05:39      12   31.00    0.00    3.00    0.00    0.00    1.00    0.00    0.00    0.00   65.00
20:05:39      13   32.00    0.00    1.00    0.00    0.00    1.00    0.00    0.00    0.00   66.00
20:05:39      14   40.20    0.00    4.90    2.94    0.00    0.00    0.00    0.00    0.00   51.96
20:05:39      15   40.78    0.00    3.88    0.00    0.00    0.97    0.00    0.00    0.00   54.37
20:05:39      16   56.57    0.00    6.06    0.00    0.00    2.02    0.00    0.00    0.00   35.35
20:05:39      17   60.40    0.00    4.95    0.00    0.00    0.99    0.00    0.00    0.00   33.66
20:05:39      18   60.42    0.00    5.21    0.00    0.00    1.04    0.00    0.00    0.00   33.33
20:05:39      19   60.19    0.00    7.77    0.00    0.00    0.97    0.00    0.00    0.00   31.07
20:05:39      20   59.60    0.00    6.06    0.00    0.00    2.02    0.00    0.00    0.00   32.32
20:05:39      21   62.63    0.00    4.04    0.00    0.00    2.02    0.00    0.00    0.00   31.31
20:05:39      22   57.14    0.00    9.18    0.00    0.00    2.04    0.00    0.00    0.00   31.63
20:05:39      23   62.14    0.00    6.80    0.00    0.00    0.97    0.00    0.00    0.00   30.10
20:05:39      24   86.00    0.00   10.00    0.00    0.00    3.00    0.00    0.00    0.00    1.00
20:05:39      25   86.00    0.00   11.00    0.00    0.00    2.00    0.00    0.00    0.00    1.00
20:05:39      26   85.15    0.00    8.91    0.00    0.00    3.96    0.00    0.00    0.00    1.98
20:05:39      27   82.18    0.00   10.89    0.00    0.00    4.95    0.00    0.00    0.00    1.98
20:05:39      28   80.20    0.00   16.83    0.00    0.00    1.98    0.00    0.00    0.00    0.99
20:05:39      29   82.18    0.00   11.88    0.00    0.00    4.95    0.00    0.00    0.00    0.99
20:05:39      30   85.15    0.00   11.88    0.00    0.00    1.98    0.00    0.00    0.00    0.99
20:05:39      31   84.16    0.00   12.87    0.00    0.00    1.98    0.00    0.00    0.00    0.99

20:05:39     CPU    %usr   %nice    %sys %iowait    %irq   %soft  %steal  %guest  %gnice   %idle
20:05:40     all   59.50    0.00    6.87    0.00    0.00    1.97    0.00    0.00    0.00   31.66
20:05:40       0   55.21    0.00    7.29    0.00    0.00    2.08    0.00    0.00    0.00   35.42
20:05:40       1   57.58    0.00    7.07    0.00    0.00    3.03    0.00    0.00    0.00   32.32
20:05:40       2   59.79    0.00    6.19    0.00    0.00    1.03    0.00    0.00    0.00   32.99
20:05:40       3   56.25    0.00    8.33    0.00    0.00    0.00    0.00    0.00    0.00   35.42
20:05:40       4   62.11    0.00    3.16    0.00    0.00    1.05    0.00    0.00    0.00   33.68
20:05:40       5   60.42    0.00    4.17    0.00    0.00    2.08    0.00    0.00    0.00   33.33
20:05:40       6   57.58    0.00    6.06    0.00    0.00    2.02    0.00    0.00    0.00   34.34
20:05:40       7   62.75    0.00    4.90    0.00    0.00    0.98    0.00    0.00    0.00   31.37
20:05:40       8   34.74    0.00    3.16    0.00    0.00    1.05    0.00    0.00    0.00   61.05
20:05:40       9   37.25    0.00    2.94    0.00    0.00    0.98    0.00    0.00    0.00   58.82
20:05:40      10   38.14    0.00    4.12    0.00    0.00    0.00    0.00    0.00    0.00   57.73
20:05:40      11   36.08    0.00    4.12    0.00    0.00    2.06    0.00    0.00    0.00   57.73
20:05:40      12   42.31    0.00    4.81    0.00    0.00    0.96    0.00    0.00    0.00   51.92
20:05:40      13   37.08    0.00    2.25    0.00    0.00    1.12    0.00    0.00    0.00   59.55
20:05:40      14   33.66    0.00    2.97    0.00    0.00    0.99    0.00    0.00    0.00   62.38
20:05:40      15   32.32    0.00    4.04    0.00    0.00    1.01    0.00    0.00    0.00   62.63
20:05:40      16   60.78    0.00    6.86    0.00    0.00    0.00    0.00    0.00    0.00   32.35
20:05:40      17   52.63    0.00    9.47    0.00    0.00    3.16    0.00    0.00    0.00   34.74
20:05:40      18   57.29    0.00    6.25    0.00    0.00    2.08    0.00    0.00    0.00   34.38
20:05:40      19   57.29    0.00    8.33    0.00    0.00    1.04    0.00    0.00    0.00   33.33
20:05:40      20   59.41    0.00    8.91    0.00    0.00    0.99    0.00    0.00    0.00   30.69
20:05:40      21   57.14    0.00    6.12    0.00    0.00    2.04    0.00    0.00    0.00   34.69
20:05:40      22   57.00    0.00    6.00    0.00    0.00    4.00    0.00    0.00    0.00   33.00
20:05:40      23   57.43    0.00    6.93    0.00    0.00    1.98    0.00    0.00    0.00   33.66
20:05:40      24   87.88    0.00    9.09    0.00    0.00    2.02    0.00    0.00    0.00    1.01
20:05:40      25   88.89    0.00    7.07    0.00    0.00    3.03    0.00    0.00    0.00    1.01
20:05:40      26   84.85    0.00   12.12    0.00    0.00    2.02    0.00    0.00    0.00    1.01
20:05:40      27   83.84    0.00   11.11    0.00    0.00    4.04    0.00    0.00    0.00    1.01
20:05:40      28   85.86    0.00    9.09    0.00    0.00    4.04    0.00    0.00    0.00    1.01
20:05:40      29   81.82    0.00   13.13    0.00    0.00    4.04    0.00    0.00    0.00    1.01
20:05:40      30   83.67    0.00   12.24    0.00    0.00    3.06    0.00    0.00    0.00    1.02
20:05:40      31   82.18    0.00   10.89    0.00    0.00    4.95    0.00    0.00    0.00    1.98

20:05:40     CPU    %usr   %nice    %sys %iowait    %irq   %soft  %steal  %guest  %gnice   %idle
20:05:41     all   59.17    0.00    6.76    0.00    0.00    1.68    0.00    0.00    0.00   32.38
20:05:41       0   60.00    0.00    5.26    0.00    0.00    2.11    0.00    0.00    0.00   32.63
20:05:41       1   62.00    0.00    6.00    0.00    0.00    1.00    0.00    0.00    0.00   31.00
20:05:41       2   56.57    0.00    7.07    0.00    0.00    1.01    0.00    0.00    0.00   35.35
20:05:41       3   58.42    0.00    5.94    0.00    0.00    1.98    0.00    0.00    0.00   33.66
20:05:41       4   55.67    0.00    7.22    0.00    0.00    1.03    0.00    0.00    0.00   36.08
20:05:41       5   53.47    0.00    9.90    0.00    0.00    1.98    0.00    0.00    0.00   34.65
20:05:41       6   55.32    0.00    7.45    0.00    0.00    1.06    0.00    0.00    0.00   36.17
20:05:41       7   57.00    0.00    6.00    0.00    0.00    2.00    0.00    0.00    0.00   35.00
20:05:41       8   30.21    0.00    2.08    0.00    0.00    0.00    0.00    0.00    0.00   67.71
20:05:41       9   32.65    0.00    4.08    0.00    0.00    0.00    0.00    0.00    0.00   63.27
20:05:41      10   34.34    0.00    3.03    0.00    0.00    1.01    0.00    0.00    0.00   61.62
20:05:41      11   30.21    0.00    5.21    0.00    0.00    1.04    0.00    0.00    0.00   63.54
20:05:41      12   43.56    0.00    0.99    0.00    0.00    0.99    0.00    0.00    0.00   54.46
20:05:41      13   41.41    0.00    3.03    0.00    0.00    0.00    0.00    0.00    0.00   55.56
20:05:41      14   40.21    0.00    5.15    0.00    0.00    0.00    0.00    0.00    0.00   54.64
20:05:41      15   40.40    0.00    5.05    0.00    0.00    1.01    0.00    0.00    0.00   53.54
20:05:41      16   57.45    0.00    6.38    0.00    0.00    2.13    0.00    0.00    0.00   34.04
20:05:41      17   58.00    0.00    7.00    0.00    0.00    2.00    0.00    0.00    0.00   33.00
20:05:41      18   57.29    0.00    5.21    0.00    0.00    2.08    0.00    0.00    0.00   35.42
20:05:41      19   60.78    0.00    5.88    0.00    0.00    0.98    0.00    0.00    0.00   32.35
20:05:41      20   58.33    0.00    5.21    0.00    0.00    2.08    0.00    0.00    0.00   34.38
20:05:41      21   60.44    0.00    2.20    0.00    0.00    0.00    0.00    0.00    0.00   37.36
20:05:41      22   56.44    0.00    5.94    0.00    0.00    1.98    0.00    0.00    0.00   35.64
20:05:41      23   58.00    0.00    4.00    0.00    0.00    2.00    0.00    0.00    0.00   36.00
20:05:41      24   81.82    0.00   13.13    0.00    0.00    3.03    0.00    0.00    0.00    2.02
20:05:41      25   83.17    0.00   10.89    0.00    0.00    3.96    0.00    0.00    0.00    1.98
20:05:41      26   88.89    0.00    8.08    0.00    0.00    2.02    0.00    0.00    0.00    1.01
20:05:41      27   81.82    0.00   12.12    0.00    0.00    4.04    0.00    0.00    0.00    2.02
20:05:41      28   85.00    0.00   11.00    0.00    0.00    2.00    0.00    0.00    0.00    2.00
20:05:41      29   82.00    0.00   12.00    0.00    0.00    4.00    0.00    0.00    0.00    2.00
20:05:41      30   82.35    0.00   12.75    0.00    0.00    2.94    0.00    0.00    0.00    1.96
20:05:41      31   86.73    0.00   10.20    0.00    0.00    2.04    0.00    0.00    0.00    1.02

20:05:41     CPU    %usr   %nice    %sys %iowait    %irq   %soft  %steal  %guest  %gnice   %idle
20:05:42     all   59.69    0.00    6.77    0.00    0.00    1.78    0.00    0.00    0.00   31.77
20:05:42       0   58.00    0.00    6.00    0.00    0.00    1.00    0.00    0.00    0.00   35.00
20:05:42       1   59.41    0.00    5.94    0.00    0.00    0.99    0.00    0.00    0.00   33.66
20:05:42       2   61.11    0.00    3.33    0.00    0.00    1.11    0.00    0.00    0.00   34.44
20:05:42       3   60.00    0.00    4.21    0.00    0.00    1.05    0.00    0.00    0.00   34.74
20:05:42       4   56.99    0.00    5.38    0.00    0.00    2.15    0.00    0.00    0.00   35.48
20:05:42       5   57.89    0.00    6.32    0.00    0.00    1.05    0.00    0.00    0.00   34.74
20:05:42       6   60.78    0.00    6.86    0.00    0.00    0.98    0.00    0.00    0.00   31.37
20:05:42       7   59.38    0.00    5.21    0.00    0.00    2.08    0.00    0.00    0.00   33.33
20:05:42       8   33.00    0.00    4.00    0.00    0.00    1.00    0.00    0.00    0.00   62.00
20:05:42       9   33.67    0.00    3.06    0.00    0.00    0.00    0.00    0.00    0.00   63.27
20:05:42      10   39.00    0.00    5.00    0.00    0.00    1.00    0.00    0.00    0.00   55.00
20:05:42      11   39.58    0.00    5.21    0.00    0.00    0.00    0.00    0.00    0.00   55.21
20:05:42      12   41.24    0.00    3.09    0.00    0.00    0.00    0.00    0.00    0.00   55.67
20:05:42      13   38.78    0.00    7.14    0.00    0.00    1.02    0.00    0.00    0.00   53.06
20:05:42      14   33.66    0.00    4.95    0.00    0.00    0.99    0.00    0.00    0.00   60.40
20:05:42      15   37.11    0.00    1.03    0.00    0.00    0.00    0.00    0.00    0.00   61.86
20:05:42      16   56.38    0.00    6.38    0.00    0.00    0.00    0.00    0.00    0.00   37.23
20:05:42      17   56.00    0.00    9.00    0.00    0.00    1.00    0.00    0.00    0.00   34.00
20:05:42      18   55.79    0.00    7.37    0.00    0.00    2.11    0.00    0.00    0.00   34.74
20:05:42      19   60.40    0.00    5.94    0.00    0.00    0.99    0.00    0.00    0.00   32.67
20:05:42      20   62.00    0.00    3.00    0.00    0.00    1.00    0.00    0.00    0.00   34.00
20:05:42      21   56.57    0.00    6.06    0.00    0.00    2.02    0.00    0.00    0.00   35.35
20:05:42      22   60.58    0.00    7.69    0.00    0.00    0.96    0.00    0.00    0.00   30.77
20:05:42      23   60.42    0.00    6.25    0.00    0.00    1.04    0.00    0.00    0.00   32.29
20:05:42      24   87.88    0.00    7.07    0.00    0.00    4.04    0.00    0.00    0.00    1.01
20:05:42      25   86.00    0.00   10.00    0.00    0.00    3.00    0.00    0.00    0.00    1.00
20:05:42      26   82.00    0.00   10.00    0.00    0.00    6.00    0.00    0.00    0.00    2.00
20:05:42      27   84.85    0.00   12.12    0.00    0.00    2.02    0.00    0.00    0.00    1.01
20:05:42      28   86.00    0.00    9.00    0.00    0.00    4.00    0.00    0.00    0.00    1.00
20:05:42      29   77.45    0.00   14.71    0.00    0.00    5.88    0.00    0.00    0.00    1.96
20:05:42      30   81.00    0.00   13.00    0.00    0.00    4.00    0.00    0.00    0.00    2.00
20:05:42      31   84.00    0.00   11.00    0.00    0.00    4.00    0.00    0.00    0.00    1.00

20:05:42     CPU    %usr   %nice    %sys %iowait    %irq   %soft  %steal  %guest  %gnice   %idle
20:05:43     all   59.69    0.00    6.72    0.00    0.00    1.95    0.00    0.00    0.00   31.64
20:05:43       0   56.00    0.00    7.00    0.00    0.00    1.00    0.00    0.00    0.00   36.00
20:05:43       1   57.94    0.00    7.48    0.00    0.00    0.93    0.00    0.00    0.00   33.64
20:05:43       2   56.73    0.00    9.62    0.00    0.00    1.92    0.00    0.00    0.00   31.73
20:05:43       3   56.52    0.00    3.26    0.00    0.00    3.26    0.00    0.00    0.00   36.96
20:05:43       4   59.18    0.00    7.14    0.00    0.00    0.00    0.00    0.00    0.00   33.67
20:05:43       5   58.42    0.00    4.95    0.00    0.00    2.97    0.00    0.00    0.00   33.66
20:05:43       6   59.38    0.00    4.17    0.00    0.00    1.04    0.00    0.00    0.00   35.42
20:05:43       7   55.67    0.00    7.22    0.00    0.00    1.03    0.00    0.00    0.00   36.08
20:05:43       8   32.65    0.00    4.08    0.00    0.00    1.02    0.00    0.00    0.00   62.24
20:05:43       9   36.89    0.00    3.88    0.00    0.00    0.00    0.00    0.00    0.00   59.22
20:05:43      10   41.35    0.00    3.85    0.00    0.00    0.96    0.00    0.00    0.00   53.85
20:05:43      11   34.04    0.00    4.26    0.00    0.00    1.06    0.00    0.00    0.00   60.64
20:05:43      12   40.20    0.00    5.88    0.00    0.00    0.00    0.00    0.00    0.00   53.92
20:05:43      13   41.75    0.00    3.88    0.00    0.00    0.97    0.00    0.00    0.00   53.40
20:05:43      14   43.69    0.00    1.94    0.00    0.00    1.94    0.00    0.00    0.00   52.43
20:05:43      15   39.18    0.00    3.09    0.00    0.00    1.03    0.00    0.00    0.00   56.70
20:05:43      16   57.84    0.00    6.86    0.00    0.00    0.98    0.00    0.00    0.00   34.31
20:05:43      17   57.73    0.00    5.15    0.00    0.00    1.03    0.00    0.00    0.00   36.08
20:05:43      18   57.29    0.00    6.25    0.00    0.00    1.04    0.00    0.00    0.00   35.42
20:05:43      19   58.51    0.00    3.19    0.00    0.00    2.13    0.00    0.00    0.00   36.17
20:05:43      20   54.55    0.00   11.11    0.00    0.00    1.01    0.00    0.00    0.00   33.33
20:05:43      21   59.14    0.00    5.38    0.00    0.00    1.08    0.00    0.00    0.00   34.41
20:05:43      22   55.45    0.00    8.91    0.00    0.00    1.98    0.00    0.00    0.00   33.66
20:05:43      23   57.00    0.00    7.00    0.00    0.00    3.00    0.00    0.00    0.00   33.00
20:05:43      24   83.00    0.00   11.00    0.00    0.00    5.00    0.00    0.00    0.00    1.00
20:05:43      25   82.00    0.00   10.00    0.00    0.00    7.00    0.00    0.00    0.00    1.00
20:05:43      26   86.27    0.00    9.80    0.00    0.00    2.94    0.00    0.00    0.00    0.98
20:05:43      27   85.15    0.00   10.89    0.00    0.00    2.97    0.00    0.00    0.00    0.99
20:05:43      28   86.14    0.00    8.91    0.00    0.00    3.96    0.00    0.00    0.00    0.99
20:05:43      29   87.88    0.00    7.07    0.00    0.00    4.04    0.00    0.00    0.00    1.01
20:05:43      30   86.73    0.00   10.20    0.00    0.00    3.06    0.00    0.00    0.00    0.00
20:05:43      31   85.15    0.00   10.89    0.00    0.00    1.98    0.00    0.00    0.00    1.98

20:05:43     CPU    %usr   %nice    %sys %iowait    %irq   %soft  %steal  %guest  %gnice   %idle
20:05:44     all   59.82    0.00    6.76    0.00    0.00    1.89    0.00    0.00    0.00   31.53
20:05:44       0   60.00    0.00    6.67    0.00    0.00    1.90    0.00    0.00    0.00   31.43
20:05:44       1   58.16    0.00    8.16    0.00    0.00    0.00    0.00    0.00    0.00   33.67
20:05:44       2   57.73    0.00    7.22    0.00    0.00    2.06    0.00    0.00    0.00   32.99
20:05:44       3   53.61    0.00    9.28    0.00    0.00    3.09    0.00    0.00    0.00   34.02
20:05:44       4   58.24    0.00    4.40    0.00    0.00    1.10    0.00    0.00    0.00   36.26
20:05:44       5   59.41    0.00    5.94    0.00    0.00    2.97    0.00    0.00    0.00   31.68
20:05:44       6   57.43    0.00    4.95    0.00    0.00    1.98    0.00    0.00    0.00   35.64
20:05:44       7   59.05    0.00    5.71    0.00    0.00    0.95    0.00    0.00    0.00   34.29
20:05:44       8   38.78    0.00    1.02    0.00    0.00    0.00    0.00    0.00    0.00   60.20
20:05:44       9   34.74    0.00    3.16    0.00    0.00    1.05    0.00    0.00    0.00   61.05
20:05:44      10   31.96    0.00    4.12    0.00    0.00    1.03    0.00    0.00    0.00   62.89
20:05:44      11   33.68    0.00    3.16    0.00    0.00    1.05    0.00    0.00    0.00   62.11
20:05:44      12   41.84    0.00    5.10    0.00    0.00    1.02    0.00    0.00    0.00   52.04
20:05:44      13   45.45    0.00    4.04    0.00    0.00    0.00    0.00    0.00    0.00   50.51
20:05:44      14   38.14    0.00    3.09    0.00    0.00    1.03    0.00    0.00    0.00   57.73
20:05:44      15   36.17    0.00    2.13    0.00    0.00    0.00    0.00    0.00    0.00   61.70
20:05:44      16   61.76    0.00    5.88    0.00    0.00    0.98    0.00    0.00    0.00   31.37
20:05:44      17   58.59    0.00    7.07    0.00    0.00    0.00    0.00    0.00    0.00   34.34
20:05:44      18   62.63    0.00    4.04    0.00    0.00    1.01    0.00    0.00    0.00   32.32
20:05:44      19   61.54    0.00    4.81    0.00    0.00    2.88    0.00    0.00    0.00   30.77
20:05:44      20   57.55    0.00    7.55    0.00    0.00    1.89    0.00    0.00    0.00   33.02
20:05:44      21   54.26    0.00    5.32    0.00    0.00    3.19    0.00    0.00    0.00   37.23
20:05:44      22   59.60    0.00    3.03    0.00    0.00    1.01    0.00    0.00    0.00   36.36
20:05:44      23   58.82    0.00    5.88    0.00    0.00    0.98    0.00    0.00    0.00   34.31
20:05:44      24   84.00    0.00   10.00    0.00    0.00    5.00    0.00    0.00    0.00    1.00
20:05:44      25   87.00    0.00    9.00    0.00    0.00    3.00    0.00    0.00    0.00    1.00
20:05:44      26   86.87    0.00    8.08    0.00    0.00    4.04    0.00    0.00    0.00    1.01
20:05:44      27   80.00    0.00   16.00    0.00    0.00    3.00    0.00    0.00    0.00    1.00
20:05:44      28   79.80    0.00   15.15    0.00    0.00    4.04    0.00    0.00    0.00    1.01
20:05:44      29   85.86    0.00   12.12    0.00    0.00    1.01    0.00    0.00    0.00    1.01
20:05:44      30   80.81    0.00   12.12    0.00    0.00    6.06    0.00    0.00    0.00    1.01
20:05:44      31   84.85    0.00   11.11    0.00    0.00    3.03    0.00    0.00    0.00    1.01

20:05:44     CPU    %usr   %nice    %sys %iowait    %irq   %soft  %steal  %guest  %gnice   %idle
20:05:45     all   58.86    0.00    7.02    0.00    0.00    1.93    0.00    0.00    0.00   32.19
20:05:45       0   55.10    0.00    8.16    0.00    0.00    1.02    0.00    0.00    0.00   35.71
20:05:45       1   56.57    0.00    6.06    0.00    0.00    2.02    0.00    0.00    0.00   35.35
20:05:45       2   54.64    0.00    6.19    0.00    0.00    2.06    0.00    0.00    0.00   37.11
20:05:45       3   55.79    0.00    5.26    0.00    0.00    2.11    0.00    0.00    0.00   36.84
20:05:45       4   57.29    0.00    9.38    0.00    0.00    1.04    0.00    0.00    0.00   32.29
20:05:45       5   58.49    0.00    9.43    0.00    0.00    1.89    0.00    0.00    0.00   30.19
20:05:45       6   55.67    0.00    6.19    0.00    0.00    3.09    0.00    0.00    0.00   35.05
20:05:45       7   56.12    0.00    8.16    0.00    0.00    2.04    0.00    0.00    0.00   33.67
20:05:45       8   30.53    0.00    4.21    0.00    0.00    0.00    0.00    0.00    0.00   65.26
20:05:45       9   31.96    0.00    3.09    0.00    0.00    0.00    0.00    0.00    0.00   64.95
20:05:45      10   39.39    0.00    3.03    0.00    0.00    1.01    0.00    0.00    0.00   56.57
20:05:45      11   39.39    0.00    3.03    0.00    0.00    1.01    0.00    0.00    0.00   56.57
20:05:45      12   31.58    0.00    3.16    0.00    0.00    1.05    0.00    0.00    0.00   64.21
20:05:45      13   39.00    0.00    3.00    0.00    0.00    1.00    0.00    0.00    0.00   57.00
20:05:45      14   44.00    0.00    4.00    0.00    0.00    1.00    0.00    0.00    0.00   51.00
20:05:45      15   37.89    0.00    5.26    0.00    0.00    1.05    0.00    0.00    0.00   55.79
20:05:45      16   56.70    0.00    5.15    0.00    0.00    2.06    0.00    0.00    0.00   36.08
20:05:45      17   55.56    0.00    6.06    0.00    0.00    2.02    0.00    0.00    0.00   36.36
20:05:45      18   60.00    0.00    3.00    0.00    0.00    1.00    0.00    0.00    0.00   36.00
20:05:45      19   55.79    0.00    4.21    0.00    0.00    2.11    0.00    0.00    0.00   37.89
20:05:45      20   57.73    0.00    7.22    0.00    0.00    1.03    0.00    0.00    0.00   34.02
20:05:45      21   61.54    0.00    6.73    0.00    0.00    1.92    0.00    0.00    0.00   29.81
20:05:45      22   59.41    0.00    6.93    0.00    0.00    0.99    0.00    0.00    0.00   32.67
20:05:45      23   59.60    0.00    7.07    0.00    0.00    0.00    0.00    0.00    0.00   33.33
20:05:45      24   85.15    0.00    9.90    0.00    0.00    2.97    0.00    0.00    0.00    1.98
20:05:45      25   82.18    0.00   10.89    0.00    0.00    4.95    0.00    0.00    0.00    1.98
20:05:45      26   83.00    0.00   11.00    0.00    0.00    5.00    0.00    0.00    0.00    1.00
20:05:45      27   83.00    0.00   12.00    0.00    0.00    3.00    0.00    0.00    0.00    2.00
20:05:45      28   83.17    0.00   10.89    0.00    0.00    3.96    0.00    0.00    0.00    1.98
20:05:45      29   83.17    0.00   11.88    0.00    0.00    2.97    0.00    0.00    0.00    1.98
20:05:45      30   84.00    0.00   11.00    0.00    0.00    3.00    0.00    0.00    0.00    2.00
20:05:45      31   83.00    0.00   12.00    0.00    0.00    3.00    0.00    0.00    0.00    2.00

20:05:45     CPU    %usr   %nice    %sys %iowait    %irq   %soft  %steal  %guest  %gnice   %idle
20:05:46     all   59.07    0.00    7.49    0.00    0.00    1.87    0.00    0.00    0.00   31.57
20:05:46       0   60.78    0.00    5.88    0.00    0.00    1.96    0.00    0.00    0.00   31.37
20:05:46       1   59.00    0.00    6.00    0.00    0.00    2.00    0.00    0.00    0.00   33.00
20:05:46       2   53.92    0.00    6.86    0.00    0.00    1.96    0.00    0.00    0.00   37.25
20:05:46       3   48.89    0.00    5.56    0.00    0.00    4.44    0.00    0.00    0.00   41.11
20:05:46       4   57.73    0.00   10.31    0.00    0.00    1.03    0.00    0.00    0.00   30.93
20:05:46       5   58.70    0.00    7.61    0.00    0.00    1.09    0.00    0.00    0.00   32.61
20:05:46       6   61.62    0.00    7.07    0.00    0.00    0.00    0.00    0.00    0.00   31.31
20:05:46       7   61.00    0.00    8.00    0.00    0.00    0.00    0.00    0.00    0.00   31.00
20:05:46       8   32.65    0.00    4.08    0.00    0.00    2.04    0.00    0.00    0.00   61.22
20:05:46       9   34.62    0.00    4.81    0.00    0.00    1.92    0.00    0.00    0.00   58.65
20:05:46      10   30.53    0.00    2.11    0.00    0.00    1.05    0.00    0.00    0.00   66.32
20:05:46      11   30.53    0.00    3.16    0.00    0.00    1.05    0.00    0.00    0.00   65.26
20:05:46      12   43.00    0.00    3.00    0.00    0.00    1.00    0.00    0.00    0.00   53.00
20:05:46      13   43.00    0.00    5.00    0.00    0.00    1.00    0.00    0.00    0.00   51.00
20:05:46      14   41.41    0.00    4.04    0.00    0.00    0.00    0.00    0.00    0.00   54.55
20:05:46      15   39.80    0.00    5.10    0.00    0.00    0.00    0.00    0.00    0.00   55.10
20:05:46      16   62.00    0.00    5.00    0.00    0.00    0.00    0.00    0.00    0.00   33.00
20:05:46      17   60.61    0.00    7.07    0.00    0.00    1.01    0.00    0.00    0.00   31.31
20:05:46      18   50.53    0.00    7.37    0.00    0.00    3.16    0.00    0.00    0.00   38.95
20:05:46      19   56.38    0.00    3.19    0.00    0.00    0.00    0.00    0.00    0.00   40.43
20:05:46      20   60.42    0.00    6.25    0.00    0.00    1.04    0.00    0.00    0.00   32.29
20:05:46      21   60.00    0.00    5.00    0.00    0.00    2.00    0.00    0.00    0.00   33.00
20:05:46      22   58.59    0.00    8.08    0.00    0.00    1.01    0.00    0.00    0.00   32.32
20:05:46      23   58.51    0.00    6.38    0.00    0.00    2.13    0.00    0.00    0.00   32.98
20:05:46      24   84.00    0.00   14.00    0.00    0.00    1.00    0.00    0.00    0.00    1.00
20:05:46      25   83.00    0.00   13.00    0.00    0.00    3.00    0.00    0.00    0.00    1.00
20:05:46      26   80.81    0.00   13.13    0.00    0.00    5.05    0.00    0.00    0.00    1.01
20:05:46      27   82.18    0.00   11.88    0.00    0.00    4.95    0.00    0.00    0.00    0.99
20:05:46      28   81.82    0.00   13.13    0.00    0.00    4.04    0.00    0.00    0.00    1.01
20:05:46      29   85.00    0.00   11.00    0.00    0.00    3.00    0.00    0.00    0.00    1.00
20:05:46      30   83.17    0.00   12.87    0.00    0.00    2.97    0.00    0.00    0.00    0.99
20:05:46      31   81.19    0.00   12.87    0.00    0.00    4.95    0.00    0.00    0.00    0.99

20:05:46     CPU    %usr   %nice    %sys %iowait    %irq   %soft  %steal  %guest  %gnice   %idle
20:05:47     all   59.52    0.00    6.71    0.00    0.00    1.76    0.00    0.00    0.00   32.01
20:05:47       0   57.89    0.00    8.42    0.00    0.00    1.05    0.00    0.00    0.00   32.63
20:05:47       1   60.82    0.00    8.25    0.00    0.00    0.00    0.00    0.00    0.00   30.93
20:05:47       2   59.38    0.00    5.21    0.00    0.00    1.04    0.00    0.00    0.00   34.38
20:05:47       3   57.84    0.00    6.86    0.00    0.00    1.96    0.00    0.00    0.00   33.33
20:05:47       4   49.48    0.00    8.25    0.00    0.00    1.03    0.00    0.00    0.00   41.24
20:05:47       5   52.04    0.00    5.10    0.00    0.00    3.06    0.00    0.00    0.00   39.80
20:05:47       6   56.70    0.00    7.22    0.00    0.00    1.03    0.00    0.00    0.00   35.05
20:05:47       7   58.16    0.00    7.14    0.00    0.00    2.04    0.00    0.00    0.00   32.65
20:05:47       8   32.95    0.00    1.14    0.00    0.00    0.00    0.00    0.00    0.00   65.91
20:05:47       9   35.16    0.00    2.20    0.00    0.00    0.00    0.00    0.00    0.00   62.64
20:05:47      10   38.38    0.00    3.03    0.00    0.00    1.01    0.00    0.00    0.00   57.58
20:05:47      11   36.08    0.00    4.12    0.00    0.00    1.03    0.00    0.00    0.00   58.76
20:05:47      12   32.29    0.00    4.17    0.00    0.00    2.08    0.00    0.00    0.00   61.46
20:05:47      13   35.05    0.00    3.09    0.00    0.00    0.00    0.00    0.00    0.00   61.86
20:05:47      14   43.69    0.00    4.85    0.00    0.00    1.94    0.00    0.00    0.00   49.51
20:05:47      15   37.63    0.00    3.23    0.00    0.00    3.23    0.00    0.00    0.00   55.91
20:05:47      16   61.86    0.00    6.19    0.00    0.00    1.03    0.00    0.00    0.00   30.93
20:05:47      17   61.76    0.00    6.86    0.00    0.00    0.98    0.00    0.00    0.00   30.39
20:05:47      18   59.38    0.00    5.21    0.00    0.00    1.04    0.00    0.00    0.00   34.38
20:05:47      19   58.82    0.00    6.86    0.00    0.00    0.98    0.00    0.00    0.00   33.33
20:05:47      20   52.58    0.00    5.15    0.00    0.00    2.06    0.00    0.00    0.00   40.21
20:05:47      21   54.46    0.00    7.92    0.00    0.00    0.99    0.00    0.00    0.00   36.63
20:05:47      22   57.45    0.00    5.32    0.00    0.00    2.13    0.00    0.00    0.00   35.11
20:05:47      23   57.73    0.00    5.15    0.00    0.00    2.06    0.00    0.00    0.00   35.05
20:05:47      24   87.88    0.00    9.09    0.00    0.00    3.03    0.00    0.00    0.00    0.00
20:05:47      25   88.00    0.00    8.00    0.00    0.00    4.00    0.00    0.00    0.00    0.00
20:05:47      26   84.16    0.00   11.88    0.00    0.00    1.98    0.00    0.00    0.00    1.98
20:05:47      27   82.83    0.00   11.11    0.00    0.00    5.05    0.00    0.00    0.00    1.01
20:05:47      28   88.00    0.00    9.00    0.00    0.00    2.00    0.00    0.00    0.00    1.00
20:05:47      29   83.17    0.00   12.87    0.00    0.00    2.97    0.00    0.00    0.00    0.99
20:05:47      30   86.00    0.00   10.00    0.00    0.00    3.00    0.00    0.00    0.00    1.00
20:05:47      31   87.00    0.00   10.00    0.00    0.00    2.00    0.00    0.00    0.00    1.00

20:05:47     CPU    %usr   %nice    %sys %iowait    %irq   %soft  %steal  %guest  %gnice   %idle
20:05:48     all   59.85    0.00    6.72    0.00    0.00    1.81    0.00    0.00    0.00   31.61
20:05:48       0   56.12    0.00    8.16    0.00    0.00    0.00    0.00    0.00    0.00   35.71
20:05:48       1   61.17    0.00    4.85    0.00    0.00    0.97    0.00    0.00    0.00   33.01
20:05:48       2   57.00    0.00    7.00    0.00    0.00    3.00    0.00    0.00    0.00   33.00
20:05:48       3   58.59    0.00    4.04    0.00    0.00    2.02    0.00    0.00    0.00   35.35
20:05:48       4   60.00    0.00    7.00    0.00    0.00    2.00    0.00    0.00    0.00   31.00
20:05:48       5   58.00    0.00    9.00    0.00    0.00    2.00    0.00    0.00    0.00   31.00
20:05:48       6   59.18    0.00    6.12    0.00    0.00    1.02    0.00    0.00    0.00   33.67
20:05:48       7   55.56    0.00    5.56    0.00    0.00    1.11    0.00    0.00    0.00   37.78
20:05:48       8   38.61    0.00    3.96    0.00    0.00    0.00    0.00    0.00    0.00   57.43
20:05:48       9   37.62    0.00    1.98    0.00    0.00    0.99    0.00    0.00    0.00   59.41
20:05:48      10   35.05    0.00    4.12    0.00    0.00    0.00    0.00    0.00    0.00   60.82
20:05:48      11   34.38    0.00    2.08    0.00    0.00    1.04    0.00    0.00    0.00   62.50
20:05:48      12   42.11    0.00    2.11    0.00    0.00    0.00    0.00    0.00    0.00   55.79
20:05:48      13   42.00    0.00    5.00    0.00    0.00    1.00    0.00    0.00    0.00   52.00
20:05:48      14   37.11    0.00    5.15    0.00    0.00    1.03    0.00    0.00    0.00   56.70
20:05:48      15   33.33    0.00    2.22    0.00    0.00    1.11    0.00    0.00    0.00   63.33
20:05:48      16   56.84    0.00    5.26    0.00    0.00    1.05    0.00    0.00    0.00   36.84
20:05:48      17   57.45    0.00    5.32    0.00    0.00    1.06    0.00    0.00    0.00   36.17
20:05:48      18   58.76    0.00    6.19    0.00    0.00    1.03    0.00    0.00    0.00   34.02
20:05:48      19   57.58    0.00    5.05    0.00    0.00    2.02    0.00    0.00    0.00   35.35
20:05:48      20   58.16    0.00    8.16    0.00    0.00    1.02    0.00    0.00    0.00   32.65
20:05:48      21   57.00    0.00    8.00    0.00    0.00    3.00    0.00    0.00    0.00   32.00
20:05:48      22   58.59    0.00    5.05    0.00    0.00    4.04    0.00    0.00    0.00   32.32
20:05:48      23   59.60    0.00    4.04    0.00    0.00    2.02    0.00    0.00    0.00   34.34
20:05:48      24   83.84    0.00   12.12    0.00    0.00    3.03    0.00    0.00    0.00    1.01
20:05:48      25   84.85    0.00   11.11    0.00    0.00    3.03    0.00    0.00    0.00    1.01
20:05:48      26   85.15    0.00    9.90    0.00    0.00    3.96    0.00    0.00    0.00    0.99
20:05:48      27   81.82    0.00   14.14    0.00    0.00    4.04    0.00    0.00    0.00    0.00
20:05:48      28   84.85    0.00   12.12    0.00    0.00    2.02    0.00    0.00    0.00    1.01
20:05:48      29   86.87    0.00   10.10    0.00    0.00    2.02    0.00    0.00    0.00    1.01
20:05:48      30   85.86    0.00    9.09    0.00    0.00    4.04    0.00    0.00    0.00    1.01
20:05:48      31   87.00    0.00   10.00    0.00    0.00    3.00    0.00    0.00    0.00    0.00

20:05:48     CPU    %usr   %nice    %sys %iowait    %irq   %soft  %steal  %guest  %gnice   %idle
20:05:49     all   59.75    0.00    6.85    0.00    0.00    1.99    0.00    0.00    0.00   31.41
20:05:49       0   60.58    0.00    6.73    0.00    0.00    2.88    0.00    0.00    0.00   29.81
20:05:49       1   60.40    0.00    6.93    0.00    0.00    0.99    0.00    0.00    0.00   31.68
20:05:49       2   58.06    0.00    7.53    0.00    0.00    0.00    0.00    0.00    0.00   34.41
20:05:49       3   61.76    0.00    5.88    0.00    0.00    1.96    0.00    0.00    0.00   30.39
20:05:49       4   61.86    0.00    4.12    0.00    0.00    2.06    0.00    0.00    0.00   31.96
20:05:49       5   60.61    0.00    6.06    0.00    0.00    3.03    0.00    0.00    0.00   30.30
20:05:49       6   59.79    0.00    5.15    0.00    0.00    2.06    0.00    0.00    0.00   32.99
20:05:49       7   62.00    0.00    6.00    0.00    0.00    1.00    0.00    0.00    0.00   31.00
20:05:49       8   31.00    0.00    3.00    0.00    0.00    2.00    0.00    0.00    0.00   64.00
20:05:49       9   32.35    0.00    3.92    0.00    0.00    0.00    0.00    0.00    0.00   63.73
20:05:49      10   35.71    0.00    2.04    0.00    0.00    1.02    0.00    0.00    0.00   61.22
20:05:49      11   35.00    0.00    5.00    0.00    0.00    0.00    0.00    0.00    0.00   60.00
20:05:49      12   33.67    0.00    5.10    0.00    0.00    1.02    0.00    0.00    0.00   60.20
20:05:49      13   38.46    0.00    2.88    0.00    0.00    2.88    0.00    0.00    0.00   55.77
20:05:49      14   34.38    0.00    4.17    0.00    0.00    1.04    0.00    0.00    0.00   60.42
20:05:49      15   32.61    0.00    3.26    0.00    0.00    0.00    0.00    0.00    0.00   64.13
20:05:49      16   56.70    0.00    9.28    0.00    0.00    2.06    0.00    0.00    0.00   31.96
20:05:49      17   58.59    0.00    6.06    0.00    0.00    1.01    0.00    0.00    0.00   34.34
20:05:49      18   58.16    0.00    8.16    0.00    0.00    2.04    0.00    0.00    0.00   31.63
20:05:49      19   60.78    0.00    6.86    0.00    0.00    1.96    0.00    0.00    0.00   30.39
20:05:49      20   58.95    0.00    7.37    0.00    0.00    2.11    0.00    0.00    0.00   31.58
20:05:49      21   63.64    0.00    5.05    0.00    0.00    1.01    0.00    0.00    0.00   30.30
20:05:49      22   62.24    0.00    5.10    0.00    0.00    0.00    0.00    0.00    0.00   32.65
20:05:49      23   62.77    0.00    5.32    0.00    0.00    0.00    0.00    0.00    0.00   31.91
20:05:49      24   82.18    0.00    9.90    0.00    0.00    6.93    0.00    0.00    0.00    0.99
20:05:49      25   83.00    0.00   11.00    0.00    0.00    5.00    0.00    0.00    0.00    1.00
20:05:49      26   82.00    0.00   14.00    0.00    0.00    2.00    0.00    0.00    0.00    2.00
20:05:49      27   84.16    0.00    9.90    0.00    0.00    2.97    0.00    0.00    0.00    2.97
20:05:49      28   82.18    0.00   10.89    0.00    0.00    5.94    0.00    0.00    0.00    0.99
20:05:49      29   84.85    0.00   10.10    0.00    0.00    4.04    0.00    0.00    0.00    1.01
20:05:49      30   82.18    0.00   13.86    0.00    0.00    1.98    0.00    0.00    0.00    1.98
20:05:49      31   88.00    0.00    8.00    0.00    0.00    2.00    0.00    0.00    0.00    2.00

20:05:49     CPU    %usr   %nice    %sys %iowait    %irq   %soft  %steal  %guest  %gnice   %idle
20:05:50     all   59.66    0.00    6.77    0.00    0.00    1.84    0.00    0.00    0.00   31.72
20:05:50       0   58.06    0.00    4.30    0.00    0.00    1.08    0.00    0.00    0.00   36.56
20:05:50       1   59.00    0.00    7.00    0.00    0.00    0.00    0.00    0.00    0.00   34.00
20:05:50       2   58.16    0.00    6.12    0.00    0.00    4.08    0.00    0.00    0.00   31.63
20:05:50       3   61.00    0.00    7.00    0.00    0.00    1.00    0.00    0.00    0.00   31.00
20:05:50       4   53.76    0.00    6.45    0.00    0.00    1.08    0.00    0.00    0.00   38.71
20:05:50       5   56.86    0.00    5.88    0.00    0.00    1.96    0.00    0.00    0.00   35.29
20:05:50       6   62.50    0.00    4.17    0.00    0.00    0.00    0.00    0.00    0.00   33.33
20:05:50       7   57.89    0.00    6.32    0.00    0.00    0.00    0.00    0.00    0.00   35.79
20:05:50       8   26.88    0.00    3.23    0.00    0.00    0.00    0.00    0.00    0.00   69.89
20:05:50       9   32.00    0.00    3.00    0.00    0.00    1.00    0.00    0.00    0.00   64.00
20:05:50      10   32.61    0.00    4.35    0.00    0.00    0.00    0.00    0.00    0.00   63.04
20:05:50      11   34.04    0.00    4.26    0.00    0.00    1.06    0.00    0.00    0.00   60.64
20:05:50      12   44.79    0.00    2.08    0.00    0.00    1.04    0.00    0.00    0.00   52.08
20:05:50      13   47.00    0.00    3.00    0.00    0.00    1.00    0.00    0.00    0.00   49.00
20:05:50      14   34.02    0.00    5.15    0.00    0.00    1.03    0.00    0.00    0.00   59.79
20:05:50      15   38.61    0.00    4.95    0.00    0.00    1.98    0.00    0.00    0.00   54.46
20:05:50      16   56.86    0.00    7.84    0.00    0.00    1.96    0.00    0.00    0.00   33.33
20:05:50      17   55.88    0.00    7.84    0.00    0.00    1.96    0.00    0.00    0.00   34.31
20:05:50      18   64.36    0.00    4.95    0.00    0.00    0.00    0.00    0.00    0.00   30.69
20:05:50      19   57.43    0.00    7.92    0.00    0.00    2.97    0.00    0.00    0.00   31.68
20:05:50      20   57.00    0.00    7.00    0.00    0.00    2.00    0.00    0.00    0.00   34.00
20:05:50      21   54.17    0.00    6.25    0.00    0.00    2.08    0.00    0.00    0.00   37.50
20:05:50      22   61.62    0.00    5.05    0.00    0.00    1.01    0.00    0.00    0.00   32.32
20:05:50      23   61.46    0.00    4.17    0.00    0.00    1.04    0.00    0.00    0.00   33.33
20:05:50      24   85.00    0.00   11.00    0.00    0.00    3.00    0.00    0.00    0.00    1.00
20:05:50      25   81.19    0.00   12.87    0.00    0.00    4.95    0.00    0.00    0.00    0.99
20:05:50      26   82.83    0.00   12.12    0.00    0.00    4.04    0.00    0.00    0.00    1.01
20:05:50      27   85.00    0.00   10.00    0.00    0.00    4.00    0.00    0.00    0.00    1.00
20:05:50      28   84.85    0.00   10.10    0.00    0.00    4.04    0.00    0.00    0.00    1.01
20:05:50      29   84.00    0.00   12.00    0.00    0.00    3.00    0.00    0.00    0.00    1.00
20:05:50      30   88.00    0.00    7.00    0.00    0.00    4.00    0.00    0.00    0.00    1.00
20:05:50      31   85.00    0.00   12.00    0.00    0.00    2.00    0.00    0.00    0.00    1.00

20:05:50     CPU    %usr   %nice    %sys %iowait    %irq   %soft  %steal  %guest  %gnice   %idle
20:05:51     all   59.66    0.00    6.77    0.00    0.00    1.72    0.00    0.00    0.00   31.86
20:05:51       0   58.06    0.00    6.45    0.00    0.00    1.08    0.00    0.00    0.00   34.41
20:05:51       1   59.41    0.00    8.91    0.00    0.00    0.99    0.00    0.00    0.00   30.69
20:05:51       2   58.59    0.00    8.08    0.00    0.00    1.01    0.00    0.00    0.00   32.32
20:05:51       3   62.24    0.00    4.08    0.00    0.00    1.02    0.00    0.00    0.00   32.65
20:05:51       4   61.05    0.00    3.16    0.00    0.00    3.16    0.00    0.00    0.00   32.63
20:05:51       5   59.80    0.00    5.88    0.00    0.00    1.96    0.00    0.00    0.00   32.35
20:05:51       6   58.76    0.00    6.19    0.00    0.00    2.06    0.00    0.00    0.00   32.99
20:05:51       7   56.57    0.00    8.08    0.00    0.00    0.00    0.00    0.00    0.00   35.35
20:05:51       8   36.46    0.00    1.04    0.00    0.00    0.00    0.00    0.00    0.00   62.50
20:05:51       9   37.37    0.00    3.03    0.00    0.00    1.01    0.00    0.00    0.00   58.59
20:05:51      10   36.84    0.00    2.11    0.00    0.00    1.05    0.00    0.00    0.00   60.00
20:05:51      11   35.42    0.00    4.17    0.00    0.00    1.04    0.00    0.00    0.00   59.38
20:05:51      12   29.90    0.00    3.09    0.00    0.00    0.00    0.00    0.00    0.00   67.01
20:05:51      13   30.61    0.00    2.04    0.00    0.00    1.02    0.00    0.00    0.00   66.33
20:05:51      14   40.59    0.00    1.98    0.00    0.00    1.98    0.00    0.00    0.00   55.45
20:05:51      15   41.18    0.00    1.96    0.00    0.00    0.00    0.00    0.00    0.00   56.86
20:05:51      16   60.20    0.00    5.10    0.00    0.00    2.04    0.00    0.00    0.00   32.65
20:05:51      17   54.64    0.00   11.34    0.00    0.00    2.06    0.00    0.00    0.00   31.96
20:05:51      18   60.20    0.00    8.16    0.00    0.00    0.00    0.00    0.00    0.00   31.63
20:05:51      19   60.61    0.00    6.06    0.00    0.00    1.01    0.00    0.00    0.00   32.32
20:05:51      20   57.14    0.00    8.16    0.00    0.00    1.02    0.00    0.00    0.00   33.67
20:05:51      21   58.42    0.00    8.91    0.00    0.00    0.99    0.00    0.00    0.00   31.68
20:05:51      22   57.58    0.00    8.08    0.00    0.00    1.01    0.00    0.00    0.00   33.33
20:05:51      23   54.95    0.00    8.79    0.00    0.00    1.10    0.00    0.00    0.00   35.16
20:05:51      24   84.00    0.00   10.00    0.00    0.00    4.00    0.00    0.00    0.00    2.00
20:05:51      25   88.89    0.00    7.07    0.00    0.00    2.02    0.00    0.00    0.00    2.02
20:05:51      26   76.00    0.00   16.00    0.00    0.00    6.00    0.00    0.00    0.00    2.00
20:05:51      27   84.85    0.00   10.10    0.00    0.00    4.04    0.00    0.00    0.00    1.01
20:05:51      28   88.12    0.00    5.94    0.00    0.00    3.96    0.00    0.00    0.00    1.98
20:05:51      29   84.16    0.00   11.88    0.00    0.00    1.98    0.00    0.00    0.00    1.98
20:05:51      30   86.00    0.00    9.00    0.00    0.00    4.00    0.00    0.00    0.00    1.00
20:05:51      31   85.86    0.00   11.11    0.00    0.00    2.02    0.00    0.00    0.00    1.01

20:05:51     CPU    %usr   %nice    %sys %iowait    %irq   %soft  %steal  %guest  %gnice   %idle
20:05:52     all   59.39    0.00    6.69    0.00    0.00    1.84    0.00    0.00    0.00   32.07
20:05:52       0   61.62    0.00    5.05    0.00    0.00    2.02    0.00    0.00    0.00   31.31
20:05:52       1   60.42    0.00    6.25    0.00    0.00    1.04    0.00    0.00    0.00   32.29
20:05:52       2   60.00    0.00    6.00    0.00    0.00    1.00    0.00    0.00    0.00   33.00
20:05:52       3   55.91    0.00    7.53    0.00    0.00    1.08    0.00    0.00    0.00   35.48
20:05:52       4   57.14    0.00    5.10    0.00    0.00    1.02    0.00    0.00    0.00   36.73
20:05:52       5   53.00    0.00    9.00    0.00    0.00    2.00    0.00    0.00    0.00   36.00
20:05:52       6   60.20    0.00    6.12    0.00    0.00    1.02    0.00    0.00    0.00   32.65
20:05:52       7   61.86    0.00    6.19    0.00    0.00    2.06    0.00    0.00    0.00   29.90
20:05:52       8   36.84    0.00    4.21    0.00    0.00    0.00    0.00    0.00    0.00   58.95
20:05:52       9   34.00    0.00    6.00    0.00    0.00    0.00    0.00    0.00    0.00   60.00
20:05:52      10   28.12    0.00    4.17    0.00    0.00    1.04    0.00    0.00    0.00   66.67
20:05:52      11   30.93    0.00    3.09    0.00    0.00    1.03    0.00    0.00    0.00   64.95
20:05:52      12   39.58    0.00    2.08    0.00    0.00    1.04    0.00    0.00    0.00   57.29
20:05:52      13   36.00    0.00    7.00    0.00    0.00    1.00    0.00    0.00    0.00   56.00
20:05:52      14   38.38    0.00    2.02    0.00    0.00    2.02    0.00    0.00    0.00   57.58
20:05:52      15   38.61    0.00    2.97    0.00    0.00    2.97    0.00    0.00    0.00   55.45
20:05:52      16   57.14    0.00    7.14    0.00    0.00    2.04    0.00    0.00    0.00   33.67
20:05:52      17   60.78    0.00    6.86    0.00    0.00    0.98    0.00    0.00    0.00   31.37
20:05:52      18   56.70    0.00    7.22    0.00    0.00    1.03    0.00    0.00    0.00   35.05
20:05:52      19   57.14    0.00    6.12    0.00    0.00    2.04    0.00    0.00    0.00   34.69
20:05:52      20   57.73    0.00    2.06    0.00    0.00    2.06    0.00    0.00    0.00   38.14
20:05:52      21   58.00    0.00    3.00    0.00    0.00    2.00    0.00    0.00    0.00   37.00
20:05:52      22   61.00    0.00    6.00    0.00    0.00    1.00    0.00    0.00    0.00   32.00
20:05:52      23   60.82    0.00    5.15    0.00    0.00    2.06    0.00    0.00    0.00   31.96
20:05:52      24   83.00    0.00   11.00    0.00    0.00    4.00    0.00    0.00    0.00    2.00
20:05:52      25   83.84    0.00   11.11    0.00    0.00    3.03    0.00    0.00    0.00    2.02
20:05:52      26   85.00    0.00    9.00    0.00    0.00    5.00    0.00    0.00    0.00    1.00
20:05:52      27   86.14    0.00    9.90    0.00    0.00    2.97    0.00    0.00    0.00    0.99
20:05:52      28   86.00    0.00    9.00    0.00    0.00    3.00    0.00    0.00    0.00    2.00
20:05:52      29   85.86    0.00   10.10    0.00    0.00    3.03    0.00    0.00    0.00    1.01
20:05:52      30   81.82    0.00   14.14    0.00    0.00    2.02    0.00    0.00    0.00    2.02
20:05:52      31   83.00    0.00   13.00    0.00    0.00    2.00    0.00    0.00    0.00    2.00

20:05:52     CPU    %usr   %nice    %sys %iowait    %irq   %soft  %steal  %guest  %gnice   %idle
20:05:53     all   59.44    0.00    7.10    0.00    0.00    1.94    0.00    0.00    0.00   31.52
20:05:53       0   59.18    0.00    6.12    0.00    0.00    1.02    0.00    0.00    0.00   33.67
20:05:53       1   56.86    0.00    6.86    0.00    0.00    3.92    0.00    0.00    0.00   32.35
20:05:53       2   63.00    0.00    4.00    0.00    0.00    2.00    0.00    0.00    0.00   31.00
20:05:53       3   60.00    0.00    6.00    0.00    0.00    2.00    0.00    0.00    0.00   32.00
20:05:53       4   58.76    0.00    8.25    0.00    0.00    1.03    0.00    0.00    0.00   31.96
20:05:53       5   58.51    0.00    7.45    0.00    0.00    2.13    0.00    0.00    0.00   31.91
20:05:53       6   58.33    0.00    8.33    0.00    0.00    1.04    0.00    0.00    0.00   32.29
20:05:53       7   59.79    0.00    7.22    0.00    0.00    1.03    0.00    0.00    0.00   31.96
20:05:53       8   23.16    0.00    5.26    0.00    0.00    0.00    0.00    0.00    0.00   71.58
20:05:53       9   22.58    0.00    4.30    0.00    0.00    1.08    0.00    0.00    0.00   72.04
20:05:53      10   35.71    0.00    1.02    0.00    0.00    1.02    0.00    0.00    0.00   62.24
20:05:53      11   34.38    0.00    2.08    0.00    0.00    1.04    0.00    0.00    0.00   62.50
20:05:53      12   37.50    0.00    2.08    0.00    0.00    1.04    0.00    0.00    0.00   59.38
20:05:53      13   42.00    0.00    2.00    0.00    0.00    1.00    0.00    0.00    0.00   55.00
20:05:53      14   37.37    0.00    4.04    0.00    0.00    3.03    0.00    0.00    0.00   55.56
20:05:53      15   36.56    0.00    3.23    0.00    0.00    0.00    0.00    0.00    0.00   60.22
20:05:53      16   58.42    0.00    7.92    0.00    0.00    0.99    0.00    0.00    0.00   32.67
20:05:53      17   60.22    0.00    3.23    0.00    0.00    1.08    0.00    0.00    0.00   35.48
20:05:53      18   60.42    0.00    7.29    0.00    0.00    1.04    0.00    0.00    0.00   31.25
20:05:53      19   60.00    0.00    7.00    0.00    0.00    1.00    0.00    0.00    0.00   32.00
20:05:53      20   62.75    0.00    5.88    0.00    0.00    1.96    0.00    0.00    0.00   29.41
20:05:53      21   57.00    0.00   11.00    0.00    0.00    2.00    0.00    0.00    0.00   30.00
20:05:53      22   63.64    0.00    5.05    0.00    0.00    1.01    0.00    0.00    0.00   30.30
20:05:53      23   61.05    0.00    6.32    0.00    0.00    1.05    0.00    0.00    0.00   31.58
20:05:53      24   86.00    0.00   10.00    0.00    0.00    3.00    0.00    0.00    0.00    1.00
20:05:53      25   83.17    0.00    9.90    0.00    0.00    5.94    0.00    0.00    0.00    0.99
20:05:53      26   80.81    0.00   16.16    0.00    0.00    2.02    0.00    0.00    0.00    1.01
20:05:53      27   82.18    0.00   12.87    0.00    0.00    2.97    0.00    0.00    0.00    1.98
20:05:53      28   85.86    0.00   11.11    0.00    0.00    2.02    0.00    0.00    0.00    1.01
20:05:53      29   85.15    0.00   10.89    0.00    0.00    1.98    0.00    0.00    0.00    1.98
20:05:53      30   81.00    0.00   12.00    0.00    0.00    5.00    0.00    0.00    0.00    2.00
20:05:53      31   82.00    0.00   11.00    0.00    0.00    6.00    0.00    0.00    0.00    1.00

20:05:53     CPU    %usr   %nice    %sys %iowait    %irq   %soft  %steal  %guest  %gnice   %idle
20:05:54     all   59.58    0.00    7.20    0.00    0.00    1.68    0.00    0.00    0.00   31.55
20:05:54       0   60.64    0.00    4.26    0.00    0.00    0.00    0.00    0.00    0.00   35.11
20:05:54       1   57.84    0.00    7.84    0.00    0.00    0.98    0.00    0.00    0.00   33.33
20:05:54       2   61.86    0.00    7.22    0.00    0.00    0.00    0.00    0.00    0.00   30.93
20:05:54       3   60.78    0.00    7.84    0.00    0.00    1.96    0.00    0.00    0.00   29.41
20:05:54       4   57.29    0.00    6.25    0.00    0.00    2.08    0.00    0.00    0.00   34.38
20:05:54       5   54.90    0.00    8.82    0.00    0.00    1.96    0.00    0.00    0.00   34.31
20:05:54       6   60.78    0.00    3.92    0.00    0.00    0.98    0.00    0.00    0.00   34.31
20:05:54       7   55.34    0.00    7.77    0.00    0.00    1.94    0.00    0.00    0.00   34.95
20:05:54       8   38.78    0.00    4.08    0.00    0.00    3.06    0.00    0.00    0.00   54.08
20:05:54       9   39.39    0.00    2.02    0.00    0.00    1.01    0.00    0.00    0.00   57.58
20:05:54      10   30.93    0.00    2.06    0.00    0.00    1.03    0.00    0.00    0.00   65.98
20:05:54      11   30.69    0.00    1.98    0.00    0.00    0.99    0.00    0.00    0.00   66.34
20:05:54      12   43.30    0.00    4.12    0.00    0.00    0.00    0.00    0.00    0.00   52.58
20:05:54      13   42.00    0.00    5.00    0.00    0.00    2.00    0.00    0.00    0.00   51.00
20:05:54      14   35.71    0.00    3.06    0.00    0.00    1.02    0.00    0.00    0.00   60.20
20:05:54      15   40.59    0.00    1.98    0.00    0.00    0.99    0.00    0.00    0.00   56.44
20:05:54      16   61.00    0.00    4.00    0.00    0.00    1.00    0.00    0.00    0.00   34.00
20:05:54      17   60.42    0.00    4.17    0.00    0.00    1.04    0.00    0.00    0.00   34.38
20:05:54      18   57.58    0.00    9.09    0.00    0.00    2.02    0.00    0.00    0.00   31.31
20:05:54      19   59.79    0.00    8.25    0.00    0.00    1.03    0.00    0.00    0.00   30.93
20:05:54      20   51.11    0.00   11.11    0.00    0.00    1.11    0.00    0.00    0.00   36.67
20:05:54      21   56.04    0.00    7.69    0.00    0.00    0.00    0.00    0.00    0.00   36.26
20:05:54      22   62.00    0.00    3.00    0.00    0.00    0.00    0.00    0.00    0.00   35.00
20:05:54      23   54.08    0.00    8.16    0.00    0.00    2.04    0.00    0.00    0.00   35.71
20:05:54      24   84.16    0.00   11.88    0.00    0.00    2.97    0.00    0.00    0.00    0.99
20:05:54      25   80.81    0.00   15.15    0.00    0.00    3.03    0.00    0.00    0.00    1.01
20:05:54      26   88.00    0.00    8.00    0.00    0.00    3.00    0.00    0.00    0.00    1.00
20:05:54      27   81.82    0.00   12.12    0.00    0.00    5.05    0.00    0.00    0.00    1.01
20:05:54      28   84.85    0.00   10.10    0.00    0.00    4.04    0.00    0.00    0.00    1.01
20:05:54      29   81.63    0.00   14.29    0.00    0.00    4.08    0.00    0.00    0.00    0.00
20:05:54      30   83.84    0.00   14.14    0.00    0.00    2.02    0.00    0.00    0.00    0.00
20:05:54      31   86.87    0.00   11.11    0.00    0.00    1.01    0.00    0.00    0.00    1.01

20:05:54     CPU    %usr   %nice    %sys %iowait    %irq   %soft  %steal  %guest  %gnice   %idle
20:05:55     all   58.79    0.00    6.92    0.00    0.00    2.19    0.00    0.00    0.00   32.10
20:05:55       0   50.49    0.00    7.77    0.00    0.00    1.94    0.00    0.00    0.00   39.81
20:05:55       1   46.88    0.00    8.33    0.00    0.00    2.08    0.00    0.00    0.00   42.71
20:05:55       2   57.29    0.00    6.25    0.00    0.00    3.12    0.00    0.00    0.00   33.33
20:05:55       3   60.42    0.00    6.25    0.00    0.00    2.08    0.00    0.00    0.00   31.25
20:05:55       4   58.42    0.00    5.94    0.00    0.00    2.97    0.00    0.00    0.00   32.67
20:05:55       5   59.22    0.00    8.74    0.00    0.00    1.94    0.00    0.00    0.00   30.10
20:05:55       6   60.00    0.00    6.00    0.00    0.00    2.00    0.00    0.00    0.00   32.00
20:05:55       7   58.51    0.00    7.45    0.00    0.00    1.06    0.00    0.00    0.00   32.98
20:05:55       8   37.37    0.00    4.04    0.00    0.00    0.00    0.00    0.00    0.00   58.59
20:05:55       9   37.76    0.00    3.06    0.00    0.00    0.00    0.00    0.00    0.00   59.18
20:05:55      10   41.00    0.00    1.00    0.00    0.00    2.00    0.00    0.00    0.00   56.00
20:05:55      11   34.04    0.00    4.26    0.00    0.00    1.06    0.00    0.00    0.00   60.64
20:05:55      12   38.24    0.00    2.94    0.00    0.00    0.98    0.00    0.00    0.00   57.84
20:05:55      13   32.99    0.00    2.06    0.00    0.00    1.03    0.00    0.00    0.00   63.92
20:05:55      14   31.11    0.00    4.44    0.00    0.00    1.11    0.00    0.00    0.00   63.33
20:05:55      15   42.72    0.00    3.88    0.00    0.00    0.97    0.00    0.00    0.00   52.43
20:05:55      16   48.96    0.00    7.29    0.00    0.00    2.08    0.00    0.00    0.00   41.67
20:05:55      17   51.06    0.00    6.38    0.00    0.00    1.06    0.00    0.00    0.00   41.49
20:05:55      18   55.32    0.00    9.57    0.00    0.00    2.13    0.00    0.00    0.00   32.98
20:05:55      19   58.00    0.00    8.00    0.00    0.00    3.00    0.00    0.00    0.00   31.00
20:05:55      20   59.57    0.00    6.38    0.00    0.00    0.00    0.00    0.00    0.00   34.04
20:05:55      21   58.82    0.00    8.82    0.00    0.00    1.96    0.00    0.00    0.00   30.39
20:05:55      22   60.40    0.00    4.95    0.00    0.00    3.96    0.00    0.00    0.00   30.69
20:05:55      23   58.76    0.00    6.19    0.00    0.00    2.06    0.00    0.00    0.00   32.99
20:05:55      24   85.86    0.00    9.09    0.00    0.00    3.03    0.00    0.00    0.00    2.02
20:05:55      25   82.00    0.00   11.00    0.00    0.00    5.00    0.00    0.00    0.00    2.00
20:05:55      26   82.83    0.00   13.13    0.00    0.00    3.03    0.00    0.00    0.00    1.01
20:05:55      27   86.00    0.00    8.00    0.00    0.00    5.00    0.00    0.00    0.00    1.00
20:05:55      28   86.00    0.00   10.00    0.00    0.00    3.00    0.00    0.00    0.00    1.00
20:05:55      29   85.15    0.00    8.91    0.00    0.00    3.96    0.00    0.00    0.00    1.98
20:05:55      30   83.17    0.00   11.88    0.00    0.00    2.97    0.00    0.00    0.00    1.98
20:05:55      31   87.00    0.00    9.00    0.00    0.00    3.00    0.00    0.00    0.00    1.00

20:05:55     CPU    %usr   %nice    %sys %iowait    %irq   %soft  %steal  %guest  %gnice   %idle
20:05:56     all   59.65    0.00    7.03    0.00    0.00    1.86    0.00    0.00    0.00   31.45
20:05:56       0   57.58    0.00    7.07    0.00    0.00    2.02    0.00    0.00    0.00   33.33
20:05:56       1   58.16    0.00    8.16    0.00    0.00    1.02    0.00    0.00    0.00   32.65
20:05:56       2   56.00    0.00    6.00    0.00    0.00    3.00    0.00    0.00    0.00   35.00
20:05:56       3   57.43    0.00    5.94    0.00    0.00    1.98    0.00    0.00    0.00   34.65
20:05:56       4   58.59    0.00    8.08    0.00    0.00    2.02    0.00    0.00    0.00   31.31
20:05:56       5   59.18    0.00    7.14    0.00    0.00    2.04    0.00    0.00    0.00   31.63
20:05:56       6   53.92    0.00    9.80    0.00    0.00    0.98    0.00    0.00    0.00   35.29
20:05:56       7   54.74    0.00    6.32    0.00    0.00    2.11    0.00    0.00    0.00   36.84
20:05:56       8   34.34    0.00    3.03    0.00    0.00    0.00    0.00    0.00    0.00   62.63
20:05:56       9   30.85    0.00    3.19    0.00    0.00    0.00    0.00    0.00    0.00   65.96
20:05:56      10   40.40    0.00    4.04    0.00    0.00    0.00    0.00    0.00    0.00   55.56
20:05:56      11   40.59    0.00    3.96    0.00    0.00    0.00    0.00    0.00    0.00   55.45
20:05:56      12   43.00    0.00    3.00    0.00    0.00    0.00    0.00    0.00    0.00   54.00
20:05:56      13   42.00    0.00    2.00    0.00    0.00    1.00    0.00    0.00    0.00   55.00
20:05:56      14   43.14    0.00    1.96    0.00    0.00    1.96    0.00    0.00    0.00   52.94
20:05:56      15   39.80    0.00    5.10    0.00    0.00    1.02    0.00    0.00    0.00   54.08
20:05:56      16   56.99    0.00    7.53    0.00    0.00    1.08    0.00    0.00    0.00   34.41
20:05:56      17   57.89    0.00    6.32    0.00    0.00    1.05    0.00    0.00    0.00   34.74
20:05:56      18   55.34    0.00    8.74    0.00    0.00    1.94    0.00    0.00    0.00   33.98
20:05:56      19   55.21    0.00    7.29    0.00    0.00    1.04    0.00    0.00    0.00   36.46
20:05:56      20   58.82    0.00    8.82    0.00    0.00    1.96    0.00    0.00    0.00   30.39
20:05:56      21   58.59    0.00    7.07    0.00    0.00    1.01    0.00    0.00    0.00   33.33
20:05:56      22   58.42    0.00    4.95    0.00    0.00    0.99    0.00    0.00    0.00   35.64
20:05:56      23   54.55    0.00    7.07    0.00    0.00    2.02    0.00    0.00    0.00   36.36
20:05:56      24   84.85    0.00   12.12    0.00    0.00    2.02    0.00    0.00    0.00    1.01
20:05:56      25   86.00    0.00   11.00    0.00    0.00    2.00    0.00    0.00    0.00    1.00
20:05:56      26   90.00    0.00    5.00    0.00    0.00    4.00    0.00    0.00    0.00    1.00
20:05:56      27   80.00    0.00   14.00    0.00    0.00    5.00    0.00    0.00    0.00    1.00
20:05:56      28   88.00    0.00    6.00    0.00    0.00    5.00    0.00    0.00    0.00    1.00
20:05:56      29   85.71    0.00   10.20    0.00    0.00    4.08    0.00    0.00    0.00    0.00
20:05:56      30   83.00    0.00   13.00    0.00    0.00    3.00    0.00    0.00    0.00    1.00
20:05:56      31   84.00    0.00   11.00    0.00    0.00    4.00    0.00    0.00    0.00    1.00

20:05:56     CPU    %usr   %nice    %sys %iowait    %irq   %soft  %steal  %guest  %gnice   %idle
20:05:57     all   59.32    0.00    7.26    0.00    0.00    2.18    0.00    0.00    0.00   31.24
20:05:57       0   62.89    0.00    4.12    0.00    0.00    0.00    0.00    0.00    0.00   32.99
20:05:57       1   57.14    0.00    9.18    0.00    0.00    1.02    0.00    0.00    0.00   32.65
20:05:57       2   57.14    0.00    8.16    0.00    0.00    2.04    0.00    0.00    0.00   32.65
20:05:57       3   59.41    0.00    6.93    0.00    0.00    1.98    0.00    0.00    0.00   31.68
20:05:57       4   56.70    0.00    6.19    0.00    0.00    3.09    0.00    0.00    0.00   34.02
20:05:57       5   59.41    0.00    6.93    0.00    0.00    1.98    0.00    0.00    0.00   31.68
20:05:57       6   57.45    0.00    6.38    0.00    0.00    1.06    0.00    0.00    0.00   35.11
20:05:57       7   59.00    0.00    6.00    0.00    0.00    1.00    0.00    0.00    0.00   34.00
20:05:57       8   32.67    0.00    3.96    0.00    0.00    0.99    0.00    0.00    0.00   62.38
20:05:57       9   37.11    0.00    1.03    0.00    0.00    0.00    0.00    0.00    0.00   61.86
20:05:57      10   29.70    0.00    3.96    0.00    0.00    0.99    0.00    0.00    0.00   65.35
20:05:57      11   24.47    0.00    3.19    0.00    0.00    1.06    0.00    0.00    0.00   71.28
20:05:57      12   45.92    0.00    2.04    0.00    0.00    1.02    0.00    0.00    0.00   51.02
20:05:57      13   44.44    0.00    4.04    0.00    0.00    1.01    0.00    0.00    0.00   50.51
20:05:57      14   38.38    0.00    6.06    0.00    0.00    1.01    0.00    0.00    0.00   54.55
20:05:57      15   41.24    0.00    3.09    0.00    0.00    2.06    0.00    0.00    0.00   53.61
20:05:57      16   55.56    0.00    8.08    0.00    0.00    2.02    0.00    0.00    0.00   34.34
20:05:57      17   61.54    0.00    6.73    0.00    0.00    1.92    0.00    0.00    0.00   29.81
20:05:57      18   58.00    0.00    6.00    0.00    0.00    2.00    0.00    0.00    0.00   34.00
20:05:57      19   53.61    0.00    9.28    0.00    0.00    3.09    0.00    0.00    0.00   34.02
20:05:57      20   58.25    0.00    7.77    0.00    0.00    1.94    0.00    0.00    0.00   32.04
20:05:57      21   58.82    0.00    8.82    0.00    0.00    0.98    0.00    0.00    0.00   31.37
20:05:57      22   59.00    0.00    7.00    0.00    0.00    1.00    0.00    0.00    0.00   33.00
20:05:57      23   56.52    0.00    7.61    0.00    0.00    1.09    0.00    0.00    0.00   34.78
20:05:57      24   83.00    0.00   12.00    0.00    0.00    4.00    0.00    0.00    0.00    1.00
20:05:57      25   82.83    0.00   12.12    0.00    0.00    4.04    0.00    0.00    0.00    1.01
20:05:57      26   82.83    0.00   12.12    0.00    0.00    4.04    0.00    0.00    0.00    1.01
20:05:57      27   83.00    0.00   10.00    0.00    0.00    6.00    0.00    0.00    0.00    1.00
20:05:57      28   82.83    0.00   11.11    0.00    0.00    6.06    0.00    0.00    0.00    0.00
20:05:57      29   87.25    0.00    7.84    0.00    0.00    3.92    0.00    0.00    0.00    0.98
20:05:57      30   87.76    0.00   11.22    0.00    0.00    1.02    0.00    0.00    0.00    0.00
20:05:57      31   81.00    0.00   13.00    0.00    0.00    6.00    0.00    0.00    0.00    0.00

20:05:57     CPU    %usr   %nice    %sys %iowait    %irq   %soft  %steal  %guest  %gnice   %idle
20:05:58     all   58.52    0.00    6.97    0.00    0.00    2.10    0.00    0.00    0.00   32.41
20:05:58       0   59.18    0.00    6.12    0.00    0.00    1.02    0.00    0.00    0.00   33.67
20:05:58       1   53.40    0.00   10.68    0.00    0.00    2.91    0.00    0.00    0.00   33.01
20:05:58       2   58.76    0.00    5.15    0.00    0.00    2.06    0.00    0.00    0.00   34.02
20:05:58       3   58.33    0.00    4.17    0.00    0.00    2.08    0.00    0.00    0.00   35.42
20:05:58       4   51.06    0.00    9.57    0.00    0.00    2.13    0.00    0.00    0.00   37.23
20:05:58       5   56.70    0.00    6.19    0.00    0.00    2.06    0.00    0.00    0.00   35.05
20:05:58       6   58.00    0.00    6.00    0.00    0.00    2.00    0.00    0.00    0.00   34.00
20:05:58       7   60.40    0.00    4.95    0.00    0.00    0.99    0.00    0.00    0.00   33.66
20:05:58       8   32.29    0.00    3.12    0.00    0.00    1.04    0.00    0.00    0.00   63.54
20:05:58       9   32.00    0.00    6.00    0.00    0.00    1.00    0.00    0.00    0.00   61.00
20:05:58      10   25.53    0.00    2.13    0.00    0.00    2.13    0.00    0.00    0.00   70.21
20:05:58      11   28.12    0.00    4.17    0.00    0.00    0.00    0.00    0.00    0.00   67.71
20:05:58      12   38.95    0.00    5.26    0.00    0.00    1.05    0.00    0.00    0.00   54.74
20:05:58      13   40.82    0.00    3.06    0.00    0.00    2.04    0.00    0.00    0.00   54.08
20:05:58      14   37.89    0.00    4.21    0.00    0.00    1.05    0.00    0.00    0.00   56.84
20:05:58      15   45.83    0.00    2.08    0.00    0.00    0.00    0.00    0.00    0.00   52.08
20:05:58      16   59.60    0.00    4.04    0.00    0.00    2.02    0.00    0.00    0.00   34.34
20:05:58      17   57.29    0.00    7.29    0.00    0.00    1.04    0.00    0.00    0.00   34.38
20:05:58      18   58.82    0.00    7.84    0.00    0.00    0.00    0.00    0.00    0.00   33.33
20:05:58      19   58.33    0.00    4.17    0.00    0.00    2.08    0.00    0.00    0.00   35.42
20:05:58      20   55.32    0.00    8.51    0.00    0.00    0.00    0.00    0.00    0.00   36.17
20:05:58      21   57.73    0.00    6.19    0.00    0.00    1.03    0.00    0.00    0.00   35.05
20:05:58      22   56.84    0.00    7.37    0.00    0.00    0.00    0.00    0.00    0.00   35.79
20:05:58      23   59.41    0.00    5.94    0.00    0.00    0.99    0.00    0.00    0.00   33.66
20:05:58      24   83.33    0.00    9.80    0.00    0.00    4.90    0.00    0.00    0.00    1.96
20:05:58      25   86.27    0.00    6.86    0.00    0.00    4.90    0.00    0.00    0.00    1.96
20:05:58      26   81.82    0.00   13.13    0.00    0.00    4.04    0.00    0.00    0.00    1.01
20:05:58      27   83.00    0.00   10.00    0.00    0.00    6.00    0.00    0.00    0.00    1.00
20:05:58      28   84.16    0.00   10.89    0.00    0.00    2.97    0.00    0.00    0.00    1.98
20:05:58      29   80.00    0.00   14.00    0.00    0.00    4.00    0.00    0.00    0.00    2.00
20:05:58      30   80.20    0.00   13.86    0.00    0.00    3.96    0.00    0.00    0.00    1.98
20:05:58      31   84.00    0.00    9.00    0.00    0.00    5.00    0.00    0.00    0.00    2.00

20:05:58     CPU    %usr   %nice    %sys %iowait    %irq   %soft  %steal  %guest  %gnice   %idle
20:05:59     all   60.27    0.00    6.90    0.16    0.00    1.46    0.00    0.00    0.00   31.22
20:05:59       0   60.20    0.00    7.14    0.00    0.00    1.02    0.00    0.00    0.00   31.63
20:05:59       1   59.79    0.00    5.15    0.00    0.00    2.06    0.00    0.00    0.00   32.99
20:05:59       2   52.00    0.00    9.00    0.00    0.00    2.00    0.00    0.00    0.00   37.00
20:05:59       3   59.57    0.00    2.13    0.00    0.00    1.06    0.00    0.00    0.00   37.23
20:05:59       4   57.14    0.00    9.18    0.00    0.00    0.00    0.00    0.00    0.00   33.67
20:05:59       5   61.00    0.00    4.00    0.00    0.00    2.00    0.00    0.00    0.00   33.00
20:05:59       6   61.46    0.00    6.25    0.00    0.00    1.04    0.00    0.00    0.00   31.25
20:05:59       7   62.14    0.00    4.85    0.00    0.00    1.94    0.00    0.00    0.00   31.07
20:05:59       8   37.00    0.00    4.00    0.00    0.00    1.00    0.00    0.00    0.00   58.00
20:05:59       9   35.71    0.00    3.06    0.00    0.00    1.02    0.00    0.00    0.00   60.20
20:05:59      10   35.64    0.00    2.97    2.97    0.00    0.00    0.00    0.00    0.00   58.42
20:05:59      11   29.59    0.00    4.08    2.04    0.00    0.00    0.00    0.00    0.00   64.29
20:05:59      12   47.06    0.00    2.94    0.00    0.00    0.98    0.00    0.00    0.00   49.02
20:05:59      13   40.00    0.00    5.26    0.00    0.00    1.05    0.00    0.00    0.00   53.68
20:05:59      14   38.61    0.00    3.96    0.00    0.00    0.99    0.00    0.00    0.00   56.44
20:05:59      15   34.38    0.00    4.17    0.00    0.00    1.04    0.00    0.00    0.00   60.42
20:05:59      16   57.43    0.00    9.90    0.00    0.00    0.99    0.00    0.00    0.00   31.68
20:05:59      17   59.18    0.00    7.14    0.00    0.00    0.00    0.00    0.00    0.00   33.67
20:05:59      18   57.28    0.00    4.85    0.00    0.00    1.94    0.00    0.00    0.00   35.92
20:05:59      19   58.16    0.00    5.10    0.00    0.00    1.02    0.00    0.00    0.00   35.71
20:05:59      20   59.00    0.00    9.00    0.00    0.00    1.00    0.00    0.00    0.00   31.00
20:05:59      21   59.57    0.00    3.19    0.00    0.00    3.19    0.00    0.00    0.00   34.04
20:05:59      22   53.68    0.00   10.53    0.00    0.00    2.11    0.00    0.00    0.00   33.68
20:05:59      23   60.61    0.00    7.07    0.00    0.00    1.01    0.00    0.00    0.00   31.31
20:05:59      24   84.85    0.00   11.11    0.00    0.00    3.03    0.00    0.00    0.00    1.01
20:05:59      25   89.00    0.00    8.00    0.00    0.00    2.00    0.00    0.00    0.00    1.00
20:05:59      26   87.13    0.00    8.91    0.00    0.00    1.98    0.00    0.00    0.00    1.98
20:05:59      27   85.15    0.00    9.90    0.00    0.00    3.96    0.00    0.00    0.00    0.99
20:05:59      28   85.71    0.00   12.24    0.00    0.00    2.04    0.00    0.00    0.00    0.00
20:05:59      29   85.86    0.00   12.12    0.00    0.00    2.02    0.00    0.00    0.00    0.00
20:05:59      30   86.00    0.00   11.00    0.00    0.00    2.00    0.00    0.00    0.00    1.00
20:05:59      31   86.73    0.00   12.24    0.00    0.00    1.02    0.00    0.00    0.00    0.00

20:05:59     CPU    %usr   %nice    %sys %iowait    %irq   %soft  %steal  %guest  %gnice   %idle
20:06:00     all   59.07    0.00    7.08    0.00    0.00    2.24    0.00    0.00    0.00   31.61
20:06:00       0   60.00    0.00    4.21    0.00    0.00    2.11    0.00    0.00    0.00   33.68
20:06:00       1   59.00    0.00    8.00    0.00    0.00    2.00    0.00    0.00    0.00   31.00
20:06:00       2   56.44    0.00    6.93    0.00    0.00    1.98    0.00    0.00    0.00   34.65
20:06:00       3   53.19    0.00    6.38    0.00    0.00    2.13    0.00    0.00    0.00   38.30
20:06:00       4   58.16    0.00    6.12    0.00    0.00    2.04    0.00    0.00    0.00   33.67
20:06:00       5   56.70    0.00    8.25    0.00    0.00    2.06    0.00    0.00    0.00   32.99
20:06:00       6   58.95    0.00    6.32    0.00    0.00    2.11    0.00    0.00    0.00   32.63
20:06:00       7   64.08    0.00    5.83    0.00    0.00    0.97    0.00    0.00    0.00   29.13
20:06:00       8   34.38    0.00    4.17    0.00    0.00    1.04    0.00    0.00    0.00   60.42
20:06:00       9   34.69    0.00    3.06    0.00    0.00    1.02    0.00    0.00    0.00   61.22
20:06:00      10   27.72    0.00    4.95    0.00    0.00    0.00    0.00    0.00    0.00   67.33
20:06:00      11   25.00    0.00    5.00    0.00    0.00    0.00    0.00    0.00    0.00   70.00
20:06:00      12   38.54    0.00    3.12    0.00    0.00    2.08    0.00    0.00    0.00   56.25
20:06:00      13   41.24    0.00    5.15    0.00    0.00    2.06    0.00    0.00    0.00   51.55
20:06:00      14   44.12    0.00    1.96    0.00    0.00    0.98    0.00    0.00    0.00   52.94
20:06:00      15   43.14    0.00    3.92    0.00    0.00    0.98    0.00    0.00    0.00   51.96
20:06:00      16   60.00    0.00    6.00    0.00    0.00    1.00    0.00    0.00    0.00   33.00
20:06:00      17   62.38    0.00    3.96    0.00    0.00    1.98    0.00    0.00    0.00   31.68
20:06:00      18   55.67    0.00    4.12    0.00    0.00    2.06    0.00    0.00    0.00   38.14
20:06:00      19   55.79    0.00    6.32    0.00    0.00    1.05    0.00    0.00    0.00   36.84
20:06:00      20   59.60    0.00    8.08    0.00    0.00    1.01    0.00    0.00    0.00   31.31
20:06:00      21   56.70    0.00    6.19    0.00    0.00    4.12    0.00    0.00    0.00   32.99
20:06:00      22   59.80    0.00    6.86    0.00    0.00    1.96    0.00    0.00    0.00   31.37
20:06:00      23   60.00    0.00    6.00    0.00    0.00    2.00    0.00    0.00    0.00   32.00
20:06:00      24   83.84    0.00   10.10    0.00    0.00    5.05    0.00    0.00    0.00    1.01
20:06:00      25   80.61    0.00   15.31    0.00    0.00    3.06    0.00    0.00    0.00    1.02
20:06:00      26   81.00    0.00   12.00    0.00    0.00    6.00    0.00    0.00    0.00    1.00
20:06:00      27   84.69    0.00   13.27    0.00    0.00    1.02    0.00    0.00    0.00    1.02
20:06:00      28   86.14    0.00    8.91    0.00    0.00    3.96    0.00    0.00    0.00    0.99
20:06:00      29   83.17    0.00   12.87    0.00    0.00    1.98    0.00    0.00    0.00    1.98
20:06:00      30   81.00    0.00   12.00    0.00    0.00    6.00    0.00    0.00    0.00    1.00
20:06:00      31   82.18    0.00   10.89    0.00    0.00    5.94    0.00    0.00    0.00    0.99

20:06:00     CPU    %usr   %nice    %sys %iowait    %irq   %soft  %steal  %guest  %gnice   %idle
20:06:01     all   58.85    0.00    7.44    0.00    0.00    1.93    0.00    0.00    0.00   31.77
20:06:01       0   60.82    0.00    6.19    0.00    0.00    2.06    0.00    0.00    0.00   30.93
20:06:01       1   59.38    0.00    7.29    0.00    0.00    1.04    0.00    0.00    0.00   32.29
20:06:01       2   58.16    0.00    7.14    0.00    0.00    0.00    0.00    0.00    0.00   34.69
20:06:01       3   59.41    0.00    5.94    0.00    0.00    0.99    0.00    0.00    0.00   33.66
20:06:01       4   61.00    0.00    6.00    0.00    0.00    2.00    0.00    0.00    0.00   31.00
20:06:01       5   56.12    0.00    8.16    0.00    0.00    3.06    0.00    0.00    0.00   32.65
20:06:01       6   55.79    0.00    6.32    0.00    0.00    1.05    0.00    0.00    0.00   36.84
20:06:01       7   53.06    0.00    9.18    0.00    0.00    1.02    0.00    0.00    0.00   36.73
20:06:01       8   33.66    0.00    2.97    0.00    0.00    0.99    0.00    0.00    0.00   62.38
20:06:01       9   35.92    0.00    2.91    0.00    0.00    0.97    0.00    0.00    0.00   60.19
20:06:01      10   35.05    0.00    4.12    0.00    0.00    1.03    0.00    0.00    0.00   59.79
20:06:01      11   36.00    0.00    4.00    0.00    0.00    1.00    0.00    0.00    0.00   59.00
20:06:01      12   36.08    0.00    3.09    0.00    0.00    2.06    0.00    0.00    0.00   58.76
20:06:01      13   37.11    0.00    4.12    0.00    0.00    1.03    0.00    0.00    0.00   57.73
20:06:01      14   40.40    0.00    3.03    0.00    0.00    2.02    0.00    0.00    0.00   54.55
20:06:01      15   41.49    0.00    2.13    0.00    0.00    0.00    0.00    0.00    0.00   56.38
20:06:01      16   58.33    0.00    6.25    0.00    0.00    2.08    0.00    0.00    0.00   33.33
20:06:01      17   59.38    0.00    9.38    0.00    0.00    0.00    0.00    0.00    0.00   31.25
20:06:01      18   57.73    0.00    7.22    0.00    0.00    0.00    0.00    0.00    0.00   35.05
20:06:01      19   54.74    0.00    7.37    0.00    0.00    2.11    0.00    0.00    0.00   35.79
20:06:01      20   58.49    0.00    7.55    0.00    0.00    2.83    0.00    0.00    0.00   31.13
20:06:01      21   58.42    0.00    8.91    0.00    0.00    0.99    0.00    0.00    0.00   31.68
20:06:01      22   54.08    0.00    7.14    0.00    0.00    2.04    0.00    0.00    0.00   36.73
20:06:01      23   53.26    0.00    5.43    0.00    0.00    1.09    0.00    0.00    0.00   40.22
20:06:01      24   84.00    0.00   14.00    0.00    0.00    1.00    0.00    0.00    0.00    1.00
20:06:01      25   83.17    0.00   11.88    0.00    0.00    2.97    0.00    0.00    0.00    1.98
20:06:01      26   84.16    0.00   12.87    0.00    0.00    1.98    0.00    0.00    0.00    0.99
20:06:01      27   86.14    0.00    8.91    0.00    0.00    3.96    0.00    0.00    0.00    0.99
20:06:01      28   82.18    0.00   11.88    0.00    0.00    3.96    0.00    0.00    0.00    1.98
20:06:01      29   82.00    0.00   12.00    0.00    0.00    5.00    0.00    0.00    0.00    1.00
20:06:01      30   81.19    0.00   12.87    0.00    0.00    4.95    0.00    0.00    0.00    0.99
20:06:01      31   82.00    0.00   11.00    0.00    0.00    6.00    0.00    0.00    0.00    1.00

20:06:01     CPU    %usr   %nice    %sys %iowait    %irq   %soft  %steal  %guest  %gnice   %idle
20:06:02     all   59.46    0.00    6.64    0.00    0.00    2.12    0.00    0.00    0.00   31.78
20:06:02       0   57.58    0.00    8.08    0.00    0.00    2.02    0.00    0.00    0.00   32.32
20:06:02       1   61.39    0.00    4.95    0.00    0.00    1.98    0.00    0.00    0.00   31.68
20:06:02       2   58.42    0.00    4.95    0.00    0.00    0.99    0.00    0.00    0.00   35.64
20:06:02       3   54.08    0.00    6.12    0.00    0.00    3.06    0.00    0.00    0.00   36.73
20:06:02       4   61.00    0.00    7.00    0.00    0.00    1.00    0.00    0.00    0.00   31.00
20:06:02       5   61.05    0.00    5.26    0.00    0.00    1.05    0.00    0.00    0.00   32.63
20:06:02       6   58.76    0.00    6.19    0.00    0.00    1.03    0.00    0.00    0.00   34.02
20:06:02       7   61.70    0.00    4.26    0.00    0.00    1.06    0.00    0.00    0.00   32.98
20:06:02       8   30.61    0.00    2.04    0.00    0.00    2.04    0.00    0.00    0.00   65.31
20:06:02       9   33.66    0.00    4.95    0.00    0.00    0.00    0.00    0.00    0.00   61.39
20:06:02      10   34.65    0.00    3.96    0.00    0.00    1.98    0.00    0.00    0.00   59.41
20:06:02      11   34.69    0.00    2.04    0.00    0.00    2.04    0.00    0.00    0.00   61.22
20:06:02      12   37.76    0.00    5.10    0.00    0.00    1.02    0.00    0.00    0.00   56.12
20:06:02      13   41.75    0.00    4.85    0.00    0.00    1.94    0.00    0.00    0.00   51.46
20:06:02      14   34.04    0.00    3.19    0.00    0.00    1.06    0.00    0.00    0.00   61.70
20:06:02      15   35.35    0.00    4.04    0.00    0.00    1.01    0.00    0.00    0.00   59.60
20:06:02      16   59.38    0.00    4.17    0.00    0.00    2.08    0.00    0.00    0.00   34.38
20:06:02      17   58.16    0.00    8.16    0.00    0.00    1.02    0.00    0.00    0.00   32.65
20:06:02      18   57.14    0.00    5.10    0.00    0.00    2.04    0.00    0.00    0.00   35.71
20:06:02      19   61.00    0.00    2.00    0.00    0.00    2.00    0.00    0.00    0.00   35.00
20:06:02      20   58.33    0.00    7.29    0.00    0.00    1.04    0.00    0.00    0.00   33.33
20:06:02      21   63.37    0.00    5.94    0.00    0.00    0.00    0.00    0.00    0.00   30.69
20:06:02      22   57.84    0.00    7.84    0.00    0.00    1.96    0.00    0.00    0.00   32.35
20:06:02      23   58.33    0.00    6.25    0.00    0.00    2.08    0.00    0.00    0.00   33.33
20:06:02      24   84.00    0.00    8.00    0.00    0.00    7.00    0.00    0.00    0.00    1.00
20:06:02      25   82.83    0.00   12.12    0.00    0.00    4.04    0.00    0.00    0.00    1.01
20:06:02      26   83.67    0.00    9.18    0.00    0.00    6.12    0.00    0.00    0.00    1.02
20:06:02      27   85.00    0.00    9.00    0.00    0.00    4.00    0.00    0.00    0.00    2.00
20:06:02      28   82.00    0.00   15.00    0.00    0.00    2.00    0.00    0.00    0.00    1.00
20:06:02      29   84.00    0.00   11.00    0.00    0.00    4.00    0.00    0.00    0.00    1.00
20:06:02      30   83.00    0.00   13.00    0.00    0.00    3.00    0.00    0.00    0.00    1.00
20:06:02      31   86.14    0.00   10.89    0.00    0.00    1.98    0.00    0.00    0.00    0.99

20:06:02     CPU    %usr   %nice    %sys %iowait    %irq   %soft  %steal  %guest  %gnice   %idle
20:06:03     all   59.67    0.00    7.14    0.00    0.00    1.77    0.00    0.00    0.00   31.42
20:06:03       0   60.82    0.00    5.15    0.00    0.00    1.03    0.00    0.00    0.00   32.99
20:06:03       1   58.00    0.00    6.00    0.00    0.00    3.00    0.00    0.00    0.00   33.00
20:06:03       2   59.38    0.00    6.25    0.00    0.00    1.04    0.00    0.00    0.00   33.33
20:06:03       3   57.29    0.00    6.25    0.00    0.00    3.12    0.00    0.00    0.00   33.33
20:06:03       4   60.20    0.00    6.12    0.00    0.00    1.02    0.00    0.00    0.00   32.65
20:06:03       5   59.80    0.00    5.88    0.00    0.00    2.94    0.00    0.00    0.00   31.37
20:06:03       6   55.32    0.00    8.51    0.00    0.00    2.13    0.00    0.00    0.00   34.04
20:06:03       7   58.16    0.00    8.16    0.00    0.00    2.04    0.00    0.00    0.00   31.63
20:06:03       8   36.73    0.00    5.10    0.00    0.00    0.00    0.00    0.00    0.00   58.16
20:06:03       9   38.61    0.00    1.98    0.00    0.00    0.99    0.00    0.00    0.00   58.42
20:06:03      10   32.61    0.00    3.26    0.00    0.00    0.00    0.00    0.00    0.00   64.13
20:06:03      11   37.00    0.00    4.00    0.00    0.00    0.00    0.00    0.00    0.00   59.00
20:06:03      12   33.98    0.00    3.88    0.00    0.00    0.97    0.00    0.00    0.00   61.17
20:06:03      13   31.00    0.00    4.00    0.00    0.00    1.00    0.00    0.00    0.00   64.00
20:06:03      14   39.39    0.00    4.04    0.00    0.00    1.01    0.00    0.00    0.00   55.56
20:06:03      15   36.00    0.00    6.00    0.00    0.00    0.00    0.00    0.00    0.00   58.00
20:06:03      16   59.14    0.00    5.38    0.00    0.00    1.08    0.00    0.00    0.00   34.41
20:06:03      17   59.79    0.00    5.15    0.00    0.00    1.03    0.00    0.00    0.00   34.02
20:06:03      18   60.00    0.00    5.26    0.00    0.00    1.05    0.00    0.00    0.00   33.68
20:06:03      19   60.82    0.00    6.19    0.00    0.00    1.03    0.00    0.00    0.00   31.96
20:06:03      20   56.57    0.00    9.09    0.00    0.00    3.03    0.00    0.00    0.00   31.31
20:06:03      21   60.40    0.00    5.94    0.00    0.00    1.98    0.00    0.00    0.00   31.68
20:06:03      22   58.95    0.00    8.42    0.00    0.00    1.05    0.00    0.00    0.00   31.58
20:06:03      23   62.00    0.00    6.00    0.00    0.00    1.00    0.00    0.00    0.00   31.00
20:06:03      24   80.39    0.00   12.75    0.00    0.00    4.90    0.00    0.00    0.00    1.96
20:06:03      25   86.27    0.00    8.82    0.00    0.00    3.92    0.00    0.00    0.00    0.98
20:06:03      26   85.44    0.00   10.68    0.00    0.00    1.94    0.00    0.00    0.00    1.94
20:06:03      27   80.20    0.00   14.85    0.00    0.00    3.96    0.00    0.00    0.00    0.99
20:06:03      28   87.13    0.00    7.92    0.00    0.00    3.96    0.00    0.00    0.00    0.99
20:06:03      29   80.39    0.00   15.69    0.00    0.00    1.96    0.00    0.00    0.00    1.96
20:06:03      30   87.13    0.00    9.90    0.00    0.00    1.98    0.00    0.00    0.00    0.99
20:06:03      31   85.15    0.00   10.89    0.00    0.00    1.98    0.00    0.00    0.00    1.98

20:06:03     CPU    %usr   %nice    %sys %iowait    %irq   %soft  %steal  %guest  %gnice   %idle
20:06:04     all   58.92    0.00    6.99    0.00    0.00    2.14    0.00    0.00    0.00   31.95
20:06:04       0   60.58    0.00    5.77    0.00    0.00    1.92    0.00    0.00    0.00   31.73
20:06:04       1   57.14    0.00    7.14    0.00    0.00    1.02    0.00    0.00    0.00   34.69
20:06:04       2   51.61    0.00    8.60    0.00    0.00    2.15    0.00    0.00    0.00   37.63
20:06:04       3   56.38    0.00    5.32    0.00    0.00    2.13    0.00    0.00    0.00   36.17
20:06:04       4   60.58    0.00    6.73    0.00    0.00    0.96    0.00    0.00    0.00   31.73
20:06:04       5   61.17    0.00    4.85    0.00    0.00    2.91    0.00    0.00    0.00   31.07
20:06:04       6   60.22    0.00    4.30    0.00    0.00    2.15    0.00    0.00    0.00   33.33
20:06:04       7   57.84    0.00    7.84    0.00    0.00    2.94    0.00    0.00    0.00   31.37
20:06:04       8   34.04    0.00    3.19    0.00    0.00    1.06    0.00    0.00    0.00   61.70
20:06:04       9   30.11    0.00    3.23    0.00    0.00    3.23    0.00    0.00    0.00   63.44
20:06:04      10   29.79    0.00    2.13    0.00    0.00    1.06    0.00    0.00    0.00   67.02
20:06:04      11   34.38    0.00    2.08    0.00    0.00    0.00    0.00    0.00    0.00   63.54
20:06:04      12   40.43    0.00    2.13    0.00    0.00    0.00    0.00    0.00    0.00   57.45
20:06:04      13   40.40    0.00    4.04    0.00    0.00    0.00    0.00    0.00    0.00   55.56
20:06:04      14   36.73    0.00    4.08    0.00    0.00    0.00    0.00    0.00    0.00   59.18
20:06:04      15   41.75    0.00    1.94    0.00    0.00    0.97    0.00    0.00    0.00   55.34
20:06:04      16   52.63    0.00    7.37    0.00    0.00    4.21    0.00    0.00    0.00   35.79
20:06:04      17   55.56    0.00    9.09    0.00    0.00    2.02    0.00    0.00    0.00   33.33
20:06:04      18   52.75    0.00    6.59    0.00    0.00    1.10    0.00    0.00    0.00   39.56
20:06:04      19   51.04    0.00   11.46    0.00    0.00    1.04    0.00    0.00    0.00   36.46
20:06:04      20   61.05    0.00    4.21    0.00    0.00    1.05    0.00    0.00    0.00   33.68
20:06:04      21   57.29    0.00    8.33    0.00    0.00    1.04    0.00    0.00    0.00   33.33
20:06:04      22   61.86    0.00    5.15    0.00    0.00    1.03    0.00    0.00    0.00   31.96
20:06:04      23   61.76    0.00    5.88    0.00    0.00    1.96    0.00    0.00    0.00   30.39
20:06:04      24   82.18    0.00   11.88    0.00    0.00    4.95    0.00    0.00    0.00    0.99
20:06:04      25   84.85    0.00   11.11    0.00    0.00    3.03    0.00    0.00    0.00    1.01
20:06:04      26   86.00    0.00   11.00    0.00    0.00    2.00    0.00    0.00    0.00    1.00
20:06:04      27   84.00    0.00   11.00    0.00    0.00    4.00    0.00    0.00    0.00    1.00
20:06:04      28   82.00    0.00   14.00    0.00    0.00    3.00    0.00    0.00    0.00    1.00
20:06:04      29   85.00    0.00   11.00    0.00    0.00    3.00    0.00    0.00    0.00    1.00
20:06:04      30   81.00    0.00   11.00    0.00    0.00    7.00    0.00    0.00    0.00    1.00
20:06:04      31   84.00    0.00   10.00    0.00    0.00    5.00    0.00    0.00    0.00    1.00

20:06:04     CPU    %usr   %nice    %sys %iowait    %irq   %soft  %steal  %guest  %gnice   %idle
20:06:05     all   59.68    0.00    7.06    0.00    0.00    1.99    0.00    0.00    0.00   31.27
20:06:05       0   55.91    0.00    7.53    0.00    0.00    2.15    0.00    0.00    0.00   34.41
20:06:05       1   56.57    0.00    8.08    0.00    0.00    3.03    0.00    0.00    0.00   32.32
20:06:05       2   57.00    0.00    6.00    0.00    0.00    2.00    0.00    0.00    0.00   35.00
20:06:05       3   59.80    0.00    4.90    0.00    0.00    0.98    0.00    0.00    0.00   34.31
20:06:05       4   60.42    0.00    5.21    0.00    0.00    1.04    0.00    0.00    0.00   33.33
20:06:05       5   60.64    0.00    6.38    0.00    0.00    0.00    0.00    0.00    0.00   32.98
20:06:05       6   57.84    0.00    7.84    0.00    0.00    1.96    0.00    0.00    0.00   32.35
20:06:05       7   58.16    0.00    5.10    0.00    0.00    3.06    0.00    0.00    0.00   33.67
20:06:05       8   36.89    0.00    0.97    0.00    0.00    0.97    0.00    0.00    0.00   61.17
20:06:05       9   32.65    0.00    2.04    0.00    0.00    1.02    0.00    0.00    0.00   64.29
20:06:05      10   41.00    0.00    3.00    0.00    0.00    2.00    0.00    0.00    0.00   54.00
20:06:05      11   34.69    0.00    5.10    0.00    0.00    1.02    0.00    0.00    0.00   59.18
20:06:05      12   40.40    0.00    4.04    0.00    0.00    1.01    0.00    0.00    0.00   54.55
20:06:05      13   35.71    0.00    5.10    0.00    0.00    1.02    0.00    0.00    0.00   58.16
20:06:05      14   40.43    0.00    2.13    0.00    0.00    0.00    0.00    0.00    0.00   57.45
20:06:05      15   43.14    0.00    4.90    0.00    0.00    0.00    0.00    0.00    0.00   51.96
20:06:05      16   61.46    0.00    6.25    0.00    0.00    0.00    0.00    0.00    0.00   32.29
20:06:05      17   54.17    0.00    8.33    0.00    0.00    2.08    0.00    0.00    0.00   35.42
20:06:05      18   58.33    0.00    4.17    0.00    0.00    1.04    0.00    0.00    0.00   36.46
20:06:05      19   56.70    0.00    7.22    0.00    0.00    1.03    0.00    0.00    0.00   35.05
20:06:05      20   59.18    0.00    6.12    0.00    0.00    1.02    0.00    0.00    0.00   33.67
20:06:05      21   54.90    0.00   10.78    0.00    0.00    1.96    0.00    0.00    0.00   32.35
20:06:05      22   60.38    0.00    6.60    0.00    0.00    1.89    0.00    0.00    0.00   31.13
20:06:05      23   58.33    0.00    5.21    0.00    0.00    2.08    0.00    0.00    0.00   34.38
20:06:05      24   81.82    0.00   14.14    0.00    0.00    4.04    0.00    0.00    0.00    0.00
20:06:05      25   86.00    0.00    9.00    0.00    0.00    4.00    0.00    0.00    0.00    1.00
20:06:05      26   81.00    0.00   15.00    0.00    0.00    4.00    0.00    0.00    0.00    0.00
20:06:05      27   84.16    0.00    8.91    0.00    0.00    5.94    0.00    0.00    0.00    0.99
20:06:05      28   85.00    0.00   10.00    0.00    0.00    4.00    0.00    0.00    0.00    1.00
20:06:05      29   82.65    0.00   13.27    0.00    0.00    4.08    0.00    0.00    0.00    0.00
20:06:05      30   88.00    0.00   10.00    0.00    0.00    2.00    0.00    0.00    0.00    0.00
20:06:05      31   84.85    0.00   12.12    0.00    0.00    3.03    0.00    0.00    0.00    0.00

20:06:05     CPU    %usr   %nice    %sys %iowait    %irq   %soft  %steal  %guest  %gnice   %idle
20:06:06     all   58.58    0.00    7.51    0.00    0.00    1.96    0.00    0.00    0.00   31.96
20:06:06       0   56.70    0.00    8.25    0.00    0.00    1.03    0.00    0.00    0.00   34.02
20:06:06       1   56.84    0.00    8.42    0.00    0.00    2.11    0.00    0.00    0.00   32.63
20:06:06       2   53.54    0.00   10.10    0.00    0.00    3.03    0.00    0.00    0.00   33.33
20:06:06       3   57.61    0.00    4.35    0.00    0.00    1.09    0.00    0.00    0.00   36.96
20:06:06       4   58.00    0.00    7.00    0.00    0.00    1.00    0.00    0.00    0.00   34.00
20:06:06       5   57.14    0.00    5.10    0.00    0.00    3.06    0.00    0.00    0.00   34.69
20:06:06       6   58.59    0.00    8.08    0.00    0.00    1.01    0.00    0.00    0.00   32.32
20:06:06       7   58.10    0.00    6.67    0.00    0.00    2.86    0.00    0.00    0.00   32.38
20:06:06       8   38.61    0.00    4.95    0.00    0.00    0.00    0.00    0.00    0.00   56.44
20:06:06       9   39.00    0.00    5.00    0.00    0.00    1.00    0.00    0.00    0.00   55.00
20:06:06      10   39.05    0.00    4.76    0.00    0.00    0.95    0.00    0.00    0.00   55.24
20:06:06      11   35.71    0.00    4.08    0.00    0.00    1.02    0.00    0.00    0.00   59.18
20:06:06      12   34.69    0.00    4.08    0.00    0.00    2.04    0.00    0.00    0.00   59.18
20:06:06      13   35.79    0.00    3.16    0.00    0.00    1.05    0.00    0.00    0.00   60.00
20:06:06      14   28.87    0.00    4.12    0.00    0.00    2.06    0.00    0.00    0.00   64.95
20:06:06      15   34.38    0.00    4.17    0.00    0.00    1.04    0.00    0.00    0.00   60.42
20:06:06      16   54.64    0.00    6.19    0.00    0.00    3.09    0.00    0.00    0.00   36.08
20:06:06      17   57.29    0.00    7.29    0.00    0.00    1.04    0.00    0.00    0.00   34.38
20:06:06      18   60.78    0.00    5.88    0.00    0.00    0.98    0.00    0.00    0.00   32.35
20:06:06      19   56.00    0.00    7.00    0.00    0.00    2.00    0.00    0.00    0.00   35.00
20:06:06      20   56.25    0.00    7.29    0.00    0.00    2.08    0.00    0.00    0.00   34.38
20:06:06      21   59.22    0.00    5.83    0.00    0.00    0.97    0.00    0.00    0.00   33.98
20:06:06      22   58.59    0.00    5.05    0.00    0.00    3.03    0.00    0.00    0.00   33.33
20:06:06      23   56.12    0.00    8.16    0.00    0.00    1.02    0.00    0.00    0.00   34.69
20:06:06      24   80.81    0.00   14.14    0.00    0.00    3.03    0.00    0.00    0.00    2.02
20:06:06      25   83.84    0.00   11.11    0.00    0.00    4.04    0.00    0.00    0.00    1.01
20:06:06      26   82.18    0.00   12.87    0.00    0.00    2.97    0.00    0.00    0.00    1.98
20:06:06      27   80.20    0.00   14.85    0.00    0.00    3.96    0.00    0.00    0.00    0.99
20:06:06      28   86.14    0.00    9.90    0.00    0.00    2.97    0.00    0.00    0.00    0.99
20:06:06      29   84.16    0.00    9.90    0.00    0.00    3.96    0.00    0.00    0.00    1.98
20:06:06      30   85.00    0.00   12.00    0.00    0.00    1.00    0.00    0.00    0.00    2.00
20:06:06      31   86.27    0.00    9.80    0.00    0.00    1.96    0.00    0.00    0.00    1.96

20:06:06     CPU    %usr   %nice    %sys %iowait    %irq   %soft  %steal  %guest  %gnice   %idle
20:06:07     all   60.27    0.00    7.35    0.00    0.00    2.02    0.00    0.00    0.00   30.36
20:06:07       0   61.46    0.00    5.21    0.00    0.00    1.04    0.00    0.00    0.00   32.29
20:06:07       1   64.71    0.00    3.92    0.00    0.00    0.98    0.00    0.00    0.00   30.39
20:06:07       2   56.67    0.00    7.78    0.00    0.00    0.00    0.00    0.00    0.00   35.56
20:06:07       3   60.40    0.00    5.94    0.00    0.00    1.98    0.00    0.00    0.00   31.68
20:06:07       4   61.62    0.00    4.04    0.00    0.00    2.02    0.00    0.00    0.00   32.32
20:06:07       5   59.00    0.00    9.00    0.00    0.00    1.00    0.00    0.00    0.00   31.00
20:06:07       6   60.58    0.00    6.73    0.00    0.00    1.92    0.00    0.00    0.00   30.77
20:06:07       7   59.22    0.00    6.80    0.00    0.00    2.91    0.00    0.00    0.00   31.07
20:06:07       8   41.24    0.00    2.06    0.00    0.00    1.03    0.00    0.00    0.00   55.67
20:06:07       9   53.00    0.00    4.00    0.00    0.00    2.00    0.00    0.00    0.00   41.00
20:06:07      10   31.25    0.00    4.17    0.00    0.00    0.00    0.00    0.00    0.00   64.58
20:06:07      11   35.29    0.00    4.90    0.00    0.00    1.96    0.00    0.00    0.00   57.84
20:06:07      12   28.87    0.00    4.12    0.00    0.00    0.00    0.00    0.00    0.00   67.01
20:06:07      13   29.70    0.00    5.94    0.00    0.00    0.99    0.00    0.00    0.00   63.37
20:06:07      14   42.27    0.00    3.09    0.00    0.00    1.03    0.00    0.00    0.00   53.61
20:06:07      15   43.75    0.00    3.12    0.00    0.00    1.04    0.00    0.00    0.00   52.08
20:06:07      16   58.59    0.00    7.07    0.00    0.00    2.02    0.00    0.00    0.00   32.32
20:06:07      17   58.51    0.00    6.38    0.00    0.00    1.06    0.00    0.00    0.00   34.04
20:06:07      18   59.79    0.00    5.15    0.00    0.00    2.06    0.00    0.00    0.00   32.99
20:06:07      19   59.80    0.00    5.88    0.00    0.00    2.94    0.00    0.00    0.00   31.37
20:06:07      20   57.00    0.00    9.00    0.00    0.00    1.00    0.00    0.00    0.00   33.00
20:06:07      21   55.56    0.00   10.10    0.00    0.00    2.02    0.00    0.00    0.00   32.32
20:06:07      22   59.18    0.00    7.14    0.00    0.00    2.04    0.00    0.00    0.00   31.63
20:06:07      23   59.60    0.00    6.06    0.00    0.00    2.02    0.00    0.00    0.00   32.32
20:06:07      24   84.16    0.00    9.90    0.00    0.00    4.95    0.00    0.00    0.00    0.99
20:06:07      25   82.18    0.00   12.87    0.00    0.00    3.96    0.00    0.00    0.00    0.99
20:06:07      26   83.84    0.00   13.13    0.00    0.00    3.03    0.00    0.00    0.00    0.00
20:06:07      27   85.86    0.00   11.11    0.00    0.00    2.02    0.00    0.00    0.00    1.01
20:06:07      28   84.85    0.00   12.12    0.00    0.00    2.02    0.00    0.00    0.00    1.01
20:06:07      29   86.14    0.00   11.88    0.00    0.00    1.98    0.00    0.00    0.00    0.00
20:06:07      30   82.00    0.00   12.00    0.00    0.00    5.00    0.00    0.00    0.00    1.00
20:06:07      31   79.00    0.00   14.00    0.00    0.00    6.00    0.00    0.00    0.00    1.00

20:06:07     CPU    %usr   %nice    %sys %iowait    %irq   %soft  %steal  %guest  %gnice   %idle
20:06:08     all   58.88    0.00    7.36    0.00    0.00    2.19    0.00    0.00    0.00   31.57
20:06:08       0   57.73    0.00    9.28    0.00    0.00    0.00    0.00    0.00    0.00   32.99
20:06:08       1   57.00    0.00    9.00    0.00    0.00    1.00    0.00    0.00    0.00   33.00
20:06:08       2   56.84    0.00    7.37    0.00    0.00    3.16    0.00    0.00    0.00   32.63
20:06:08       3   62.11    0.00    4.21    0.00    0.00    2.11    0.00    0.00    0.00   31.58
20:06:08       4   59.62    0.00    7.69    0.00    0.00    0.96    0.00    0.00    0.00   31.73
20:06:08       5   59.38    0.00    4.17    0.00    0.00    2.08    0.00    0.00    0.00   34.38
20:06:08       6   56.99    0.00    7.53    0.00    0.00    1.08    0.00    0.00    0.00   34.41
20:06:08       7   62.38    0.00    4.95    0.00    0.00    0.99    0.00    0.00    0.00   31.68
20:06:08       8   31.91    0.00    3.19    0.00    0.00    1.06    0.00    0.00    0.00   63.83
20:06:08       9   39.18    0.00    2.06    0.00    0.00    0.00    0.00    0.00    0.00   58.76
20:06:08      10   41.18    0.00    1.96    0.00    0.00    0.98    0.00    0.00    0.00   55.88
20:06:08      11   36.17    0.00    4.26    0.00    0.00    0.00    0.00    0.00    0.00   59.57
20:06:08      12   31.63    0.00    2.04    0.00    0.00    1.02    0.00    0.00    0.00   65.31
20:06:08      13   30.39    0.00    3.92    0.00    0.00    1.96    0.00    0.00    0.00   63.73
20:06:08      14   39.80    0.00    4.08    0.00    0.00    1.02    0.00    0.00    0.00   55.10
20:06:08      15   32.26    0.00    5.38    0.00    0.00    1.08    0.00    0.00    0.00   61.29
20:06:08      16   58.00    0.00    7.00    0.00    0.00    2.00    0.00    0.00    0.00   33.00
20:06:08      17   59.18    0.00    6.12    0.00    0.00    2.04    0.00    0.00    0.00   32.65
20:06:08      18   60.58    0.00    8.65    0.00    0.00    1.92    0.00    0.00    0.00   28.85
20:06:08      19   62.24    0.00    6.12    0.00    0.00    1.02    0.00    0.00    0.00   30.61
20:06:08      20   53.68    0.00    8.42    0.00    0.00    2.11    0.00    0.00    0.00   35.79
20:06:08      21   54.17    0.00    9.38    0.00    0.00    2.08    0.00    0.00    0.00   34.38
20:06:08      22   60.20    0.00    5.10    0.00    0.00    1.02    0.00    0.00    0.00   33.67
20:06:08      23   61.76    0.00    4.90    0.00    0.00    1.96    0.00    0.00    0.00   31.37
20:06:08      24   77.00    0.00   14.00    0.00    0.00    7.00    0.00    0.00    0.00    2.00
20:06:08      25   83.17    0.00   10.89    0.00    0.00    3.96    0.00    0.00    0.00    1.98
20:06:08      26   81.00    0.00   13.00    0.00    0.00    5.00    0.00    0.00    0.00    1.00
20:06:08      27   83.67    0.00   13.27    0.00    0.00    2.04    0.00    0.00    0.00    1.02
20:06:08      28   84.00    0.00   10.00    0.00    0.00    5.00    0.00    0.00    0.00    1.00
20:06:08      29   80.20    0.00   11.88    0.00    0.00    5.94    0.00    0.00    0.00    1.98
20:06:08      30   81.19    0.00   12.87    0.00    0.00    3.96    0.00    0.00    0.00    1.98
20:06:08      31   83.17    0.00   11.88    0.00    0.00    3.96    0.00    0.00    0.00    0.99

20:06:08     CPU    %usr   %nice    %sys %iowait    %irq   %soft  %steal  %guest  %gnice   %idle
20:06:09     all   59.57    0.00    6.88    0.00    0.00    1.91    0.00    0.00    0.00   31.65
20:06:09       0   55.79    0.00    5.26    0.00    0.00    3.16    0.00    0.00    0.00   35.79
20:06:09       1   59.22    0.00    7.77    0.00    0.00    1.94    0.00    0.00    0.00   31.07
20:06:09       2   57.73    0.00    8.25    0.00    0.00    0.00    0.00    0.00    0.00   34.02
20:06:09       3   55.32    0.00    6.38    0.00    0.00    2.13    0.00    0.00    0.00   36.17
20:06:09       4   58.95    0.00    4.21    0.00    0.00    2.11    0.00    0.00    0.00   34.74
20:06:09       5   55.91    0.00    6.45    0.00    0.00    1.08    0.00    0.00    0.00   36.56
20:06:09       6   56.84    0.00    6.32    0.00    0.00    2.11    0.00    0.00    0.00   34.74
20:06:09       7   58.33    0.00    6.25    0.00    0.00    2.08    0.00    0.00    0.00   33.33
20:06:09       8   34.95    0.00    3.88    0.00    0.00    0.00    0.00    0.00    0.00   61.17
20:06:09       9   29.59    0.00    5.10    0.00    0.00    1.02    0.00    0.00    0.00   64.29
20:06:09      10   43.56    0.00    3.96    0.00    0.00    0.99    0.00    0.00    0.00   51.49
20:06:09      11   46.39    0.00    2.06    0.00    0.00    0.00    0.00    0.00    0.00   51.55
20:06:09      12   33.67    0.00    2.04    0.00    0.00    2.04    0.00    0.00    0.00   62.24
20:06:09      13   40.38    0.00    2.88    0.00    0.00    0.96    0.00    0.00    0.00   55.77
20:06:09      14   40.00    0.00    4.00    0.00    0.00    1.00    0.00    0.00    0.00   55.00
20:06:09      15   37.37    0.00    6.06    0.00    0.00    1.01    0.00    0.00    0.00   55.56
20:06:09      16   51.58    0.00    9.47    0.00    0.00    4.21    0.00    0.00    0.00   34.74
20:06:09      17   55.67    0.00    7.22    0.00    0.00    3.09    0.00    0.00    0.00   34.02
20:06:09      18   60.20    0.00    4.08    0.00    0.00    1.02    0.00    0.00    0.00   34.69
20:06:09      19   55.67    0.00    7.22    0.00    0.00    2.06    0.00    0.00    0.00   35.05
20:06:09      20   60.00    0.00    5.00    0.00    0.00    2.00    0.00    0.00    0.00   33.00
20:06:09      21   58.95    0.00    4.21    0.00    0.00    2.11    0.00    0.00    0.00   34.74
20:06:09      22   58.16    0.00    7.14    0.00    0.00    2.04    0.00    0.00    0.00   32.65
20:06:09      23   57.73    0.00    6.19    0.00    0.00    0.00    0.00    0.00    0.00   36.08
20:06:09      24   84.00    0.00   14.00    0.00    0.00    2.00    0.00    0.00    0.00    0.00
20:06:09      25   87.88    0.00    9.09    0.00    0.00    3.03    0.00    0.00    0.00    0.00
20:06:09      26   84.85    0.00   11.11    0.00    0.00    3.03    0.00    0.00    0.00    1.01
20:06:09      27   86.27    0.00    8.82    0.00    0.00    3.92    0.00    0.00    0.00    0.98
20:06:09      28   83.17    0.00   11.88    0.00    0.00    3.96    0.00    0.00    0.00    0.99
20:06:09      29   88.66    0.00   10.31    0.00    0.00    1.03    0.00    0.00    0.00    0.00
20:06:09      30   86.87    0.00    9.09    0.00    0.00    3.03    0.00    0.00    0.00    1.01
20:06:09      31   81.82    0.00   14.14    0.00    0.00    3.03    0.00    0.00    0.00    1.01

20:06:09     CPU    %usr   %nice    %sys %iowait    %irq   %soft  %steal  %guest  %gnice   %idle
20:06:10     all   58.90    0.00    6.94    0.03    0.00    1.98    0.00    0.00    0.00   32.15
20:06:10       0   58.16    0.00    8.16    0.00    0.00    0.00    0.00    0.00    0.00   33.67
20:06:10       1   59.18    0.00    6.12    0.00    0.00    1.02    0.00    0.00    0.00   33.67
20:06:10       2   57.61    0.00    4.35    0.00    0.00    2.17    0.00    0.00    0.00   35.87
20:06:10       3   55.67    0.00    9.28    0.00    0.00    2.06    0.00    0.00    0.00   32.99
20:06:10       4   52.63    0.00    8.42    0.00    0.00    3.16    0.00    0.00    0.00   35.79
20:06:10       5   61.17    0.00    5.83    0.00    0.00    0.00    0.00    0.00    0.00   33.01
20:06:10       6   57.58    0.00    7.07    0.00    0.00    2.02    0.00    0.00    0.00   33.33
20:06:10       7   61.00    0.00    7.00    0.00    0.00    0.00    0.00    0.00    0.00   32.00
20:06:10       8   34.34    0.00    2.02    0.00    0.00    1.01    0.00    0.00    0.00   62.63
20:06:10       9   30.93    0.00    2.06    1.03    0.00    1.03    0.00    0.00    0.00   64.95
20:06:10      10   34.38    0.00    3.12    0.00    0.00    1.04    0.00    0.00    0.00   61.46
20:06:10      11   33.68    0.00    3.16    0.00    0.00    2.11    0.00    0.00    0.00   61.05
20:06:10      12   33.68    0.00    3.16    0.00    0.00    1.05    0.00    0.00    0.00   62.11
20:06:10      13   35.42    0.00    3.12    0.00    0.00    0.00    0.00    0.00    0.00   61.46
20:06:10      14   41.41    0.00    4.04    0.00    0.00    1.01    0.00    0.00    0.00   53.54
20:06:10      15   41.67    0.00    5.21    0.00    0.00    1.04    0.00    0.00    0.00   52.08
20:06:10      16   59.79    0.00    5.15    0.00    0.00    1.03    0.00    0.00    0.00   34.02
20:06:10      17   59.57    0.00    4.26    0.00    0.00    1.06    0.00    0.00    0.00   35.11
20:06:10      18   60.42    0.00    6.25    0.00    0.00    1.04    0.00    0.00    0.00   32.29
20:06:10      19   59.60    0.00    7.07    0.00    0.00    0.00    0.00    0.00    0.00   33.33
20:06:10      20   56.70    0.00    5.15    0.00    0.00    2.06    0.00    0.00    0.00   36.08
20:06:10      21   55.10    0.00    8.16    0.00    0.00    2.04    0.00    0.00    0.00   34.69
20:06:10      22   55.32    0.00    4.26    0.00    0.00    4.26    0.00    0.00    0.00   36.17
20:06:10      23   55.67    0.00    9.28    0.00    0.00    1.03    0.00    0.00    0.00   34.02
20:06:10      24   85.86    0.00    8.08    0.00    0.00    4.04    0.00    0.00    0.00    2.02
20:06:10      25   79.21    0.00   14.85    0.00    0.00    3.96    0.00    0.00    0.00    1.98
20:06:10      26   84.31    0.00    9.80    0.00    0.00    3.92    0.00    0.00    0.00    1.96
20:06:10      27   80.00    0.00   13.00    0.00    0.00    6.00    0.00    0.00    0.00    1.00
20:06:10      28   86.00    0.00   10.00    0.00    0.00    3.00    0.00    0.00    0.00    1.00
20:06:10      29   83.84    0.00   10.10    0.00    0.00    5.05    0.00    0.00    0.00    1.01
20:06:10      30   81.19    0.00   13.86    0.00    0.00    2.97    0.00    0.00    0.00    1.98
20:06:10      31   86.00    0.00    9.00    0.00    0.00    3.00    0.00    0.00    0.00    2.00

20:06:10     CPU    %usr   %nice    %sys %iowait    %irq   %soft  %steal  %guest  %gnice   %idle
20:06:11     all   59.29    0.00    7.38    0.00    0.00    1.86    0.00    0.00    0.00   31.46
20:06:11       0   56.12    0.00    6.12    0.00    0.00    2.04    0.00    0.00    0.00   35.71
20:06:11       1   56.86    0.00    9.80    0.00    0.00    0.98    0.00    0.00    0.00   32.35
20:06:11       2   59.00    0.00    7.00    0.00    0.00    1.00    0.00    0.00    0.00   33.00
20:06:11       3   62.00    0.00    5.00    0.00    0.00    1.00    0.00    0.00    0.00   32.00
20:06:11       4   60.00    0.00    7.00    0.00    0.00    0.00    0.00    0.00    0.00   33.00
20:06:11       5   60.40    0.00    3.96    0.00    0.00    2.97    0.00    0.00    0.00   32.67
20:06:11       6   56.25    0.00    6.25    0.00    0.00    2.08    0.00    0.00    0.00   35.42
20:06:11       7   57.84    0.00    8.82    0.00    0.00    0.98    0.00    0.00    0.00   32.35
20:06:11       8   35.05    0.00    6.19    0.00    0.00    1.03    0.00    0.00    0.00   57.73
20:06:11       9   39.80    0.00    3.06    0.00    0.00    0.00    0.00    0.00    0.00   57.14
20:06:11      10   32.63    0.00    3.16    0.00    0.00    1.05    0.00    0.00    0.00   63.16
20:06:11      11   35.35    0.00    3.03    0.00    0.00    1.01    0.00    0.00    0.00   60.61
20:06:11      12   37.50    0.00    5.21    0.00    0.00    1.04    0.00    0.00    0.00   56.25
20:06:11      13   36.46    0.00    4.17    0.00    0.00    1.04    0.00    0.00    0.00   58.33
20:06:11      14   34.74    0.00    2.11    0.00    0.00    1.05    0.00    0.00    0.00   62.11
20:06:11      15   35.64    0.00    3.96    0.00    0.00    0.99    0.00    0.00    0.00   59.41
20:06:11      16   54.46    0.00    8.91    0.00    0.00    2.97    0.00    0.00    0.00   33.66
20:06:11      17   59.41    0.00    6.93    0.00    0.00    1.98    0.00    0.00    0.00   31.68
20:06:11      18   55.10    0.00   10.20    0.00    0.00    2.04    0.00    0.00    0.00   32.65
20:06:11      19   62.14    0.00    5.83    0.00    0.00    0.97    0.00    0.00    0.00   31.07
20:06:11      20   56.12    0.00    7.14    0.00    0.00    3.06    0.00    0.00    0.00   33.67
20:06:11      21   56.12    0.00    8.16    0.00    0.00    1.02    0.00    0.00    0.00   34.69
20:06:11      22   60.00    0.00    6.00    0.00    0.00    1.00    0.00    0.00    0.00   33.00
20:06:11      23   58.16    0.00    7.14    0.00    0.00    2.04    0.00    0.00    0.00   32.65
20:06:11      24   83.00    0.00   12.00    0.00    0.00    4.00    0.00    0.00    0.00    1.00
20:06:11      25   86.00    0.00    9.00    0.00    0.00    4.00    0.00    0.00    0.00    1.00
20:06:11      26   84.00    0.00   11.00    0.00    0.00    4.00    0.00    0.00    0.00    1.00
20:06:11      27   82.00    0.00   14.00    0.00    0.00    3.00    0.00    0.00    0.00    1.00
20:06:11      28   87.76    0.00    8.16    0.00    0.00    3.06    0.00    0.00    0.00    1.02
20:06:11      29   85.00    0.00   12.00    0.00    0.00    2.00    0.00    0.00    0.00    1.00
20:06:11      30   82.83    0.00   13.13    0.00    0.00    3.03    0.00    0.00    0.00    1.01
20:06:11      31   84.85    0.00   11.11    0.00    0.00    3.03    0.00    0.00    0.00    1.01

20:06:11     CPU    %usr   %nice    %sys %iowait    %irq   %soft  %steal  %guest  %gnice   %idle
20:06:12     all   58.66    0.00    7.19    0.00    0.00    1.86    0.00    0.00    0.00   32.28
20:06:12       0   54.64    0.00    9.28    0.00    0.00    1.03    0.00    0.00    0.00   35.05
20:06:12       1   54.90    0.00    7.84    0.00    0.00    1.96    0.00    0.00    0.00   35.29
20:06:12       2   57.28    0.00    6.80    0.00    0.00    2.91    0.00    0.00    0.00   33.01
20:06:12       3   54.64    0.00    7.22    0.00    0.00    3.09    0.00    0.00    0.00   35.05
20:06:12       4   58.33    0.00    6.25    0.00    0.00    1.04    0.00    0.00    0.00   34.38
20:06:12       5   58.42    0.00    5.94    0.00    0.00    1.98    0.00    0.00    0.00   33.66
20:06:12       6   53.19    0.00    8.51    0.00    0.00    2.13    0.00    0.00    0.00   36.17
20:06:12       7   55.67    0.00    7.22    0.00    0.00    2.06    0.00    0.00    0.00   35.05
20:06:12       8   40.78    0.00    3.88    0.00    0.00    0.97    0.00    0.00    0.00   54.37
20:06:12       9   37.11    0.00    4.12    0.00    0.00    1.03    0.00    0.00    0.00   57.73
20:06:12      10   33.67    0.00    6.12    0.00    0.00    1.02    0.00    0.00    0.00   59.18
20:06:12      11   36.36    0.00    3.03    0.00    0.00    1.01    0.00    0.00    0.00   59.60
20:06:12      12   36.36    0.00    3.03    0.00    0.00    1.01    0.00    0.00    0.00   59.60
20:06:12      13   37.11    0.00    4.12    0.00    0.00    1.03    0.00    0.00    0.00   57.73
20:06:12      14   38.78    0.00    3.06    0.00    0.00    0.00    0.00    0.00    0.00   58.16
20:06:12      15   36.17    0.00    3.19    0.00    0.00    0.00    0.00    0.00    0.00   60.64
20:06:12      16   54.64    0.00    6.19    0.00    0.00    2.06    0.00    0.00    0.00   37.11
20:06:12      17   53.47    0.00    8.91    0.00    0.00    1.98    0.00    0.00    0.00   35.64
20:06:12      18   57.28    0.00    7.77    0.00    0.00    0.97    0.00    0.00    0.00   33.98
20:06:12      19   58.42    0.00    6.93    0.00    0.00    0.99    0.00    0.00    0.00   33.66
20:06:12      20   57.14    0.00    5.10    0.00    0.00    2.04    0.00    0.00    0.00   35.71
20:06:12      21   59.22    0.00    6.80    0.00    0.00    0.97    0.00    0.00    0.00   33.01
20:06:12      22   61.05    0.00    3.16    0.00    0.00    1.05    0.00    0.00    0.00   34.74
20:06:12      23   59.00    0.00    6.00    0.00    0.00    1.00    0.00    0.00    0.00   34.00
20:06:12      24   85.15    0.00   10.89    0.00    0.00    1.98    0.00    0.00    0.00    1.98
20:06:12      25   84.85    0.00   10.10    0.00    0.00    3.03    0.00    0.00    0.00    2.02
20:06:12      26   82.83    0.00   11.11    0.00    0.00    4.04    0.00    0.00    0.00    2.02
20:06:12      27   82.18    0.00   10.89    0.00    0.00    4.95    0.00    0.00    0.00    1.98
20:06:12      28   84.00    0.00   12.00    0.00    0.00    3.00    0.00    0.00    0.00    1.00
20:06:12      29   80.81    0.00   14.14    0.00    0.00    3.03    0.00    0.00    0.00    2.02
20:06:12      30   85.00    0.00   10.00    0.00    0.00    3.00    0.00    0.00    0.00    2.00
20:06:12      31   85.00    0.00   10.00    0.00    0.00    3.00    0.00    0.00    0.00    2.00

20:06:12     CPU    %usr   %nice    %sys %iowait    %irq   %soft  %steal  %guest  %gnice   %idle
20:06:13     all   59.70    0.00    6.75    0.00    0.00    1.74    0.00    0.00    0.00   31.81
20:06:13       0   59.41    0.00    5.94    0.00    0.00    0.99    0.00    0.00    0.00   33.66
20:06:13       1   56.25    0.00    7.29    0.00    0.00    1.04    0.00    0.00    0.00   35.42
20:06:13       2   53.68    0.00    8.42    0.00    0.00    2.11    0.00    0.00    0.00   35.79
20:06:13       3   57.29    0.00    4.17    0.00    0.00    2.08    0.00    0.00    0.00   36.46
20:06:13       4   59.41    0.00    7.92    0.00    0.00    0.00    0.00    0.00    0.00   32.67
20:06:13       5   58.42    0.00    6.93    0.00    0.00    1.98    0.00    0.00    0.00   32.67
20:06:13       6   60.22    0.00    5.38    0.00    0.00    0.00    0.00    0.00    0.00   34.41
20:06:13       7   59.18    0.00    6.12    0.00    0.00    1.02    0.00    0.00    0.00   33.67
20:06:13       8   30.93    0.00    3.09    0.00    0.00    1.03    0.00    0.00    0.00   64.95
20:06:13       9   30.93    0.00    3.09    0.00    0.00    0.00    0.00    0.00    0.00   65.98
20:06:13      10   38.24    0.00    2.94    0.00    0.00    0.00    0.00    0.00    0.00   58.82
20:06:13      11   34.74    0.00    2.11    0.00    0.00    1.05    0.00    0.00    0.00   62.11
20:06:13      12   46.32    0.00    3.16    0.00    0.00    1.05    0.00    0.00    0.00   49.47
20:06:13      13   48.51    0.00    2.97    0.00    0.00    0.99    0.00    0.00    0.00   47.52
20:06:13      14   36.46    0.00    2.08    0.00    0.00    0.00    0.00    0.00    0.00   61.46
20:06:13      15   38.00    0.00    3.00    0.00    0.00    1.00    0.00    0.00    0.00   58.00
20:06:13      16   61.17    0.00    2.91    0.00    0.00    2.91    0.00    0.00    0.00   33.01
20:06:13      17   57.00    0.00    6.00    0.00    0.00    2.00    0.00    0.00    0.00   35.00
20:06:13      18   55.21    0.00    6.25    0.00    0.00    2.08    0.00    0.00    0.00   36.46
20:06:13      19   57.43    0.00    6.93    0.00    0.00    0.99    0.00    0.00    0.00   34.65
20:06:13      20   62.00    0.00    5.00    0.00    0.00    1.00    0.00    0.00    0.00   32.00
20:06:13      21   59.60    0.00    7.07    0.00    0.00    1.01    0.00    0.00    0.00   32.32
20:06:13      22   58.76    0.00    7.22    0.00    0.00    0.00    0.00    0.00    0.00   34.02
20:06:13      23   59.00    0.00    7.00    0.00    0.00    1.00    0.00    0.00    0.00   33.00
20:06:13      24   84.85    0.00   12.12    0.00    0.00    2.02    0.00    0.00    0.00    1.01
20:06:13      25   84.85    0.00   11.11    0.00    0.00    3.03    0.00    0.00    0.00    1.01
20:06:13      26   84.00    0.00   11.00    0.00    0.00    4.00    0.00    0.00    0.00    1.00
20:06:13      27   87.76    0.00    9.18    0.00    0.00    2.04    0.00    0.00    0.00    1.02
20:06:13      28   84.00    0.00   12.00    0.00    0.00    3.00    0.00    0.00    0.00    1.00
20:06:13      29   79.21    0.00   12.87    0.00    0.00    6.93    0.00    0.00    0.00    0.99
20:06:13      30   82.83    0.00   11.11    0.00    0.00    4.04    0.00    0.00    0.00    2.02
20:06:13      31   81.00    0.00   13.00    0.00    0.00    5.00    0.00    0.00    0.00    1.00

20:06:13     CPU    %usr   %nice    %sys %iowait    %irq   %soft  %steal  %guest  %gnice   %idle
20:06:14     all   58.51    0.00    7.51    0.00    0.00    2.07    0.00    0.00    0.00   31.91
20:06:14       0   57.89    0.00    6.32    0.00    0.00    1.05    0.00    0.00    0.00   34.74
20:06:14       1   57.89    0.00    7.37    0.00    0.00    1.05    0.00    0.00    0.00   33.68
20:06:14       2   54.00    0.00    9.00    0.00    0.00    2.00    0.00    0.00    0.00   35.00
20:06:14       3   53.12    0.00   10.42    0.00    0.00    1.04    0.00    0.00    0.00   35.42
20:06:14       4   59.60    0.00    5.05    0.00    0.00    2.02    0.00    0.00    0.00   33.33
20:06:14       5   54.74    0.00    7.37    0.00    0.00    1.05    0.00    0.00    0.00   36.84
20:06:14       6   55.21    0.00    7.29    0.00    0.00    2.08    0.00    0.00    0.00   35.42
20:06:14       7   59.79    0.00    6.19    0.00    0.00    1.03    0.00    0.00    0.00   32.99
20:06:14       8   28.57    0.00    4.08    0.00    0.00    2.04    0.00    0.00    0.00   65.31
20:06:14       9   26.80    0.00    5.15    0.00    0.00    1.03    0.00    0.00    0.00   67.01
20:06:14      10   35.71    0.00    3.06    0.00    0.00    1.02    0.00    0.00    0.00   60.20
20:06:14      11   37.00    0.00    4.00    0.00    0.00    1.00    0.00    0.00    0.00   58.00
20:06:14      12   40.59    0.00    4.95    0.00    0.00    1.98    0.00    0.00    0.00   52.48
20:06:14      13   45.54    0.00    2.97    0.00    0.00    0.99    0.00    0.00    0.00   50.50
20:06:14      14   37.76    0.00    2.04    0.00    0.00    3.06    0.00    0.00    0.00   57.14
20:06:14      15   44.04    0.00    5.50    0.00    0.00    0.92    0.00    0.00    0.00   49.54
20:06:14      16   58.95    0.00    6.32    0.00    0.00    0.00    0.00    0.00    0.00   34.74
20:06:14      17   56.84    0.00    7.37    0.00    0.00    1.05    0.00    0.00    0.00   34.74
20:06:14      18   57.58    0.00    7.07    0.00    0.00    2.02    0.00    0.00    0.00   33.33
20:06:14      19   57.73    0.00    5.15    0.00    0.00    2.06    0.00    0.00    0.00   35.05
20:06:14      20   55.67    0.00    7.22    0.00    0.00    3.09    0.00    0.00    0.00   34.02
20:06:14      21   57.45    0.00    6.38    0.00    0.00    0.00    0.00    0.00    0.00   36.17
20:06:14      22   58.16    0.00    5.10    0.00    0.00    2.04    0.00    0.00    0.00   34.69
20:06:14      23   57.89    0.00    5.26    0.00    0.00    2.11    0.00    0.00    0.00   34.74
20:06:14      24   79.00    0.00   16.00    0.00    0.00    4.00    0.00    0.00    0.00    1.00
20:06:14      25   82.00    0.00   12.00    0.00    0.00    4.00    0.00    0.00    0.00    2.00
20:06:14      26   82.00    0.00   13.00    0.00    0.00    4.00    0.00    0.00    0.00    1.00
20:06:14      27   85.00    0.00   10.00    0.00    0.00    4.00    0.00    0.00    0.00    1.00
20:06:14      28   84.85    0.00   12.12    0.00    0.00    2.02    0.00    0.00    0.00    1.01
20:06:14      29   80.81    0.00   13.13    0.00    0.00    5.05    0.00    0.00    0.00    1.01
20:06:14      30   85.86    0.00   10.10    0.00    0.00    4.04    0.00    0.00    0.00    0.00
20:06:14      31   83.17    0.00   12.87    0.00    0.00    2.97    0.00    0.00    0.00    0.99

20:06:14     CPU    %usr   %nice    %sys %iowait    %irq   %soft  %steal  %guest  %gnice   %idle
20:06:15     all   59.53    0.00    6.72    0.00    0.00    1.83    0.00    0.00    0.00   31.91
20:06:15       0   59.22    0.00    5.83    0.00    0.00    0.97    0.00    0.00    0.00   33.98
20:06:15       1   60.00    0.00    4.76    0.00    0.00    1.90    0.00    0.00    0.00   33.33
20:06:15       2   57.84    0.00    6.86    0.00    0.00    0.98    0.00    0.00    0.00   34.31
20:06:15       3   56.38    0.00    5.32    0.00    0.00    2.13    0.00    0.00    0.00   36.17
20:06:15       4   55.56    0.00    8.08    0.00    0.00    2.02    0.00    0.00    0.00   34.34
20:06:15       5   58.00    0.00    7.00    0.00    0.00    2.00    0.00    0.00    0.00   33.00
20:06:15       6   56.00    0.00    9.00    0.00    0.00    3.00    0.00    0.00    0.00   32.00
20:06:15       7   60.19    0.00    4.85    0.00    0.00    1.94    0.00    0.00    0.00   33.01
20:06:15       8   35.42    0.00    1.04    0.00    0.00    1.04    0.00    0.00    0.00   62.50
20:06:15       9   42.31    0.00    0.00    0.00    0.00    1.92    0.00    0.00    0.00   55.77
20:06:15      10   39.80    0.00    3.06    0.00    0.00    0.00    0.00    0.00    0.00   57.14
20:06:15      11   40.82    0.00    3.06    0.00    0.00    0.00    0.00    0.00    0.00   56.12
20:06:15      12   37.11    0.00    5.15    0.00    0.00    0.00    0.00    0.00    0.00   57.73
20:06:15      13   39.39    0.00    4.04    0.00    0.00    0.00    0.00    0.00    0.00   56.57
20:06:15      14   34.44    0.00    3.33    0.00    0.00    0.00    0.00    0.00    0.00   62.22
20:06:15      15   34.78    0.00    2.17    0.00    0.00    0.00    0.00    0.00    0.00   63.04
20:06:15      16   59.41    0.00    3.96    0.00    0.00    1.98    0.00    0.00    0.00   34.65
20:06:15      17   60.42    0.00    5.21    0.00    0.00    1.04    0.00    0.00    0.00   33.33
20:06:15      18   56.44    0.00    5.94    0.00    0.00    1.98    0.00    0.00    0.00   35.64
20:06:15      19   54.26    0.00    6.38    0.00    0.00    2.13    0.00    0.00    0.00   37.23
20:06:15      20   57.73    0.00    7.22    0.00    0.00    1.03    0.00    0.00    0.00   34.02
20:06:15      21   55.00    0.00    7.00    0.00    0.00    2.00    0.00    0.00    0.00   36.00
20:06:15      22   56.12    0.00    7.14    0.00    0.00    2.04    0.00    0.00    0.00   34.69
20:06:15      23   60.82    0.00    5.15    0.00    0.00    1.03    0.00    0.00    0.00   32.99
20:06:15      24   81.82    0.00   14.14    0.00    0.00    3.03    0.00    0.00    0.00    1.01
20:06:15      25   85.15    0.00   10.89    0.00    0.00    2.97    0.00    0.00    0.00    0.99
20:06:15      26   87.13    0.00    7.92    0.00    0.00    2.97    0.00    0.00    0.00    1.98
20:06:15      27   80.39    0.00   13.73    0.00    0.00    3.92    0.00    0.00    0.00    1.96
20:06:15      28   85.00    0.00    9.00    0.00    0.00    5.00    0.00    0.00    0.00    1.00
20:06:15      29   84.00    0.00   13.00    0.00    0.00    2.00    0.00    0.00    0.00    1.00
20:06:15      30   82.18    0.00   12.87    0.00    0.00    2.97    0.00    0.00    0.00    1.98
20:06:15      31   84.00    0.00   11.00    0.00    0.00    4.00    0.00    0.00    0.00    1.00

20:06:15     CPU    %usr   %nice    %sys %iowait    %irq   %soft  %steal  %guest  %gnice   %idle
20:06:16     all   59.30    0.00    7.22    0.00    0.00    1.99    0.00    0.00    0.00   31.49
20:06:16       0   60.40    0.00    4.95    0.00    0.00    3.96    0.00    0.00    0.00   30.69
20:06:16       1   62.63    0.00    6.06    0.00    0.00    0.00    0.00    0.00    0.00   31.31
20:06:16       2   59.38    0.00    5.21    0.00    0.00    1.04    0.00    0.00    0.00   34.38
20:06:16       3   60.20    0.00    5.10    0.00    0.00    1.02    0.00    0.00    0.00   33.67
20:06:16       4   57.14    0.00    6.12    0.00    0.00    2.04    0.00    0.00    0.00   34.69
20:06:16       5   56.84    0.00    7.37    0.00    0.00    1.05    0.00    0.00    0.00   34.74
20:06:16       6   59.38    0.00    7.29    0.00    0.00    1.04    0.00    0.00    0.00   32.29
20:06:16       7   59.41    0.00    6.93    0.00    0.00    0.99    0.00    0.00    0.00   32.67
20:06:16       8   36.63    0.00    5.94    0.00    0.00    0.99    0.00    0.00    0.00   56.44
20:06:16       9   39.00    0.00    3.00    0.00    0.00    2.00    0.00    0.00    0.00   56.00
20:06:16      10   32.32    0.00    2.02    0.00    0.00    1.01    0.00    0.00    0.00   64.65
20:06:16      11   29.90    0.00    4.12    0.00    0.00    0.00    0.00    0.00    0.00   65.98
20:06:16      12   40.00    0.00    4.00    0.00    0.00    1.00    0.00    0.00    0.00   55.00
20:06:16      13   39.39    0.00    3.03    0.00    0.00    2.02    0.00    0.00    0.00   55.56
20:06:16      14   35.42    0.00    3.12    0.00    0.00    1.04    0.00    0.00    0.00   60.42
20:06:16      15   37.76    0.00    5.10    0.00    0.00    1.02    0.00    0.00    0.00   56.12
20:06:16      16   60.00    0.00    6.32    0.00    0.00    2.11    0.00    0.00    0.00   31.58
20:06:16      17   59.60    0.00    7.07    0.00    0.00    2.02    0.00    0.00    0.00   31.31
20:06:16      18   58.16    0.00    6.12    0.00    0.00    2.04    0.00    0.00    0.00   33.67
20:06:16      19   54.64    0.00    9.28    0.00    0.00    2.06    0.00    0.00    0.00   34.02
20:06:16      20   58.33    0.00    4.17    0.00    0.00    2.08    0.00    0.00    0.00   35.42
20:06:16      21   57.14    0.00    7.14    0.00    0.00    1.02    0.00    0.00    0.00   34.69
20:06:16      22   55.00    0.00   10.00    0.00    0.00    2.00    0.00    0.00    0.00   33.00
20:06:16      23   60.00    0.00    6.00    0.00    0.00    1.00    0.00    0.00    0.00   33.00
20:06:16      24   85.15    0.00   10.89    0.00    0.00    2.97    0.00    0.00    0.00    0.99
20:06:16      25   80.81    0.00   13.13    0.00    0.00    5.05    0.00    0.00    0.00    1.01
20:06:16      26   82.00    0.00   12.00    0.00    0.00    5.00    0.00    0.00    0.00    1.00
20:06:16      27   84.00    0.00   12.00    0.00    0.00    3.00    0.00    0.00    0.00    1.00
20:06:16      28   81.37    0.00   12.75    0.00    0.00    3.92    0.00    0.00    0.00    1.96
20:06:16      29   85.00    0.00   10.00    0.00    0.00    3.00    0.00    0.00    0.00    2.00
20:06:16      30   86.00    0.00   11.00    0.00    0.00    2.00    0.00    0.00    0.00    1.00
20:06:16      31   81.19    0.00   12.87    0.00    0.00    3.96    0.00    0.00    0.00    1.98

20:06:16     CPU    %usr   %nice    %sys %iowait    %irq   %soft  %steal  %guest  %gnice   %idle
20:06:17     all   60.16    0.00    7.26    0.00    0.00    1.58    0.00    0.00    0.00   31.01
20:06:17       0   63.37    0.00    4.95    0.00    0.00    0.00    0.00    0.00    0.00   31.68
20:06:17       1   56.70    0.00    8.25    0.00    0.00    2.06    0.00    0.00    0.00   32.99
20:06:17       2   57.58    0.00    6.06    0.00    0.00    2.02    0.00    0.00    0.00   34.34
20:06:17       3   59.00    0.00    7.00    0.00    0.00    1.00    0.00    0.00    0.00   33.00
20:06:17       4   60.61    0.00    9.09    0.00    0.00    0.00    0.00    0.00    0.00   30.30
20:06:17       5   62.00    0.00    6.00    0.00    0.00    1.00    0.00    0.00    0.00   31.00
20:06:17       6   56.70    0.00    5.15    0.00    0.00    2.06    0.00    0.00    0.00   36.08
20:06:17       7   53.19    0.00    9.57    0.00    0.00    1.06    0.00    0.00    0.00   36.17
20:06:17       8   35.05    0.00    4.12    0.00    0.00    1.03    0.00    0.00    0.00   59.79
20:06:17       9   36.46    0.00    4.17    0.00    0.00    0.00    0.00    0.00    0.00   59.38
20:06:17      10   40.40    0.00    2.02    0.00    0.00    1.01    0.00    0.00    0.00   56.57
20:06:17      11   37.62    0.00    3.96    0.00    0.00    0.99    0.00    0.00    0.00   57.43
20:06:17      12   40.62    0.00    2.08    0.00    0.00    0.00    0.00    0.00    0.00   57.29
20:06:17      13   42.42    0.00    3.03    0.00    0.00    0.00    0.00    0.00    0.00   54.55
20:06:17      14   39.00    0.00    2.00    0.00    0.00    2.00    0.00    0.00    0.00   57.00
20:06:17      15   38.00    0.00    3.00    0.00    0.00    1.00    0.00    0.00    0.00   58.00
20:06:17      16   59.79    0.00    5.15    0.00    0.00    2.06    0.00    0.00    0.00   32.99
20:06:17      17   56.57    0.00    9.09    0.00    0.00    1.01    0.00    0.00    0.00   33.33
20:06:17      18   55.00    0.00    9.00    0.00    0.00    1.00    0.00    0.00    0.00   35.00
20:06:17      19   58.42    0.00    8.91    0.00    0.00    0.00    0.00    0.00    0.00   32.67
20:06:17      20   58.59    0.00    8.08    0.00    0.00    2.02    0.00    0.00    0.00   31.31
20:06:17      21   61.39    0.00    5.94    0.00    0.00    0.99    0.00    0.00    0.00   31.68
20:06:17      22   59.79    0.00    5.15    0.00    0.00    2.06    0.00    0.00    0.00   32.99
20:06:17      23   55.10    0.00    8.16    0.00    0.00    2.04    0.00    0.00    0.00   34.69
20:06:17      24   87.13    0.00    9.90    0.00    0.00    1.98    0.00    0.00    0.00    0.99
20:06:17      25   86.14    0.00   10.89    0.00    0.00    1.98    0.00    0.00    0.00    0.99
20:06:17      26   85.00    0.00   10.00    0.00    0.00    4.00    0.00    0.00    0.00    1.00
20:06:17      27   84.00    0.00   11.00    0.00    0.00    4.00    0.00    0.00    0.00    1.00
20:06:17      28   80.00    0.00   15.00    0.00    0.00    4.00    0.00    0.00    0.00    1.00
20:06:17      29   83.17    0.00   12.87    0.00    0.00    2.97    0.00    0.00    0.00    0.99
20:06:17      30   83.17    0.00   11.88    0.00    0.00    3.96    0.00    0.00    0.00    0.99
20:06:17      31   88.89    0.00   10.10    0.00    0.00    1.01    0.00    0.00    0.00    0.00

20:06:17     CPU    %usr   %nice    %sys %iowait    %irq   %soft  %steal  %guest  %gnice   %idle
20:06:18     all   59.60    0.00    6.82    0.00    0.00    1.87    0.00    0.00    0.00   31.70
20:06:18       0   55.00    0.00   11.00    0.00    0.00    1.00    0.00    0.00    0.00   33.00
20:06:18       1   54.84    0.00    7.53    0.00    0.00    0.00    0.00    0.00    0.00   37.63
20:06:18       2   61.86    0.00    6.19    0.00    0.00    1.03    0.00    0.00    0.00   30.93
20:06:18       3   62.24    0.00    5.10    0.00    0.00    1.02    0.00    0.00    0.00   31.63
20:06:18       4   59.00    0.00    4.00    0.00    0.00    2.00    0.00    0.00    0.00   35.00
20:06:18       5   59.60    0.00    4.04    0.00    0.00    3.03    0.00    0.00    0.00   33.33
20:06:18       6   59.22    0.00    7.77    0.00    0.00    0.97    0.00    0.00    0.00   32.04
20:06:18       7   63.37    0.00    2.97    0.00    0.00    0.00    0.00    0.00    0.00   33.66
20:06:18       8   36.08    0.00    4.12    0.00    0.00    1.03    0.00    0.00    0.00   58.76
20:06:18       9   35.35    0.00    4.04    0.00    0.00    2.02    0.00    0.00    0.00   58.59
20:06:18      10   32.65    0.00    5.10    0.00    0.00    2.04    0.00    0.00    0.00   60.20
20:06:18      11   34.04    0.00    3.19    0.00    0.00    1.06    0.00    0.00    0.00   61.70
20:06:18      12   38.24    0.00    2.94    0.00    0.00    0.98    0.00    0.00    0.00   57.84
20:06:18      13   40.38    0.00    2.88    0.00    0.00    1.92    0.00    0.00    0.00   54.81
20:06:18      14   35.35    0.00    5.05    0.00    0.00    0.00    0.00    0.00    0.00   59.60
20:06:18      15   36.84    0.00    2.11    0.00    0.00    1.05    0.00    0.00    0.00   60.00
20:06:18      16   56.25    0.00    6.25    0.00    0.00    2.08    0.00    0.00    0.00   35.42
20:06:18      17   52.63    0.00   10.53    0.00    0.00    1.05    0.00    0.00    0.00   35.79
20:06:18      18   60.20    0.00    6.12    0.00    0.00    2.04    0.00    0.00    0.00   31.63
20:06:18      19   58.59    0.00    8.08    0.00    0.00    1.01    0.00    0.00    0.00   32.32
20:06:18      20   59.18    0.00    7.14    0.00    0.00    0.00    0.00    0.00    0.00   33.67
20:06:18      21   58.33    0.00    6.25    0.00    0.00    1.04    0.00    0.00    0.00   34.38
20:06:18      22   60.61    0.00    5.05    0.00    0.00    2.02    0.00    0.00    0.00   32.32
20:06:18      23   54.84    0.00    7.53    0.00    0.00    2.15    0.00    0.00    0.00   35.48
20:06:18      24   85.86    0.00   11.11    0.00    0.00    2.02    0.00    0.00    0.00    1.01
20:06:18      25   84.85    0.00   11.11    0.00    0.00    3.03    0.00    0.00    0.00    1.01
20:06:18      26   87.00    0.00    8.00    0.00    0.00    4.00    0.00    0.00    0.00    1.00
20:06:18      27   82.00    0.00   11.00    0.00    0.00    6.00    0.00    0.00    0.00    1.00
20:06:18      28   85.00    0.00   12.00    0.00    0.00    2.00    0.00    0.00    0.00    1.00
20:06:18      29   86.87    0.00    7.07    0.00    0.00    5.05    0.00    0.00    0.00    1.01
20:06:18      30   87.00    0.00    9.00    0.00    0.00    3.00    0.00    0.00    0.00    1.00
20:06:18      31   80.20    0.00   13.86    0.00    0.00    3.96    0.00    0.00    0.00    1.98

20:06:18     CPU    %usr   %nice    %sys %iowait    %irq   %soft  %steal  %guest  %gnice   %idle
20:06:19     all   58.05    0.00    6.64    0.00    0.00    1.68    0.00    0.00    0.00   33.64
20:06:19       0   60.78    0.00    4.90    0.00    0.00    1.96    0.00    0.00    0.00   32.35
20:06:19       1   58.00    0.00    5.00    0.00    0.00    3.00    0.00    0.00    0.00   34.00
20:06:19       2   53.54    0.00   10.10    0.00    0.00    1.01    0.00    0.00    0.00   35.35
20:06:19       3   56.25    0.00    5.21    0.00    0.00    1.04    0.00    0.00    0.00   37.50
20:06:19       4   56.00    0.00    7.00    0.00    0.00    0.00    0.00    0.00    0.00   37.00
20:06:19       5   55.21    0.00    6.25    0.00    0.00    2.08    0.00    0.00    0.00   36.46
20:06:19       6   52.58    0.00    7.22    0.00    0.00    2.06    0.00    0.00    0.00   38.14
20:06:19       7   56.84    0.00    6.32    0.00    0.00    1.05    0.00    0.00    0.00   35.79
20:06:19       8   27.45    0.00    0.00    0.00    0.00    0.98    0.00    0.00    0.00   71.57
20:06:19       9   22.34    0.00    3.19    0.00    0.00    0.00    0.00    0.00    0.00   74.47
20:06:19      10   36.08    0.00    3.09    0.00    0.00    0.00    0.00    0.00    0.00   60.82
20:06:19      11   37.89    0.00    3.16    0.00    0.00    0.00    0.00    0.00    0.00   58.95
20:06:19      12   38.54    0.00    5.21    0.00    0.00    2.08    0.00    0.00    0.00   54.17
20:06:19      13   38.38    0.00    4.04    0.00    0.00    1.01    0.00    0.00    0.00   56.57
20:06:19      14   35.35    0.00    5.05    0.00    0.00    1.01    0.00    0.00    0.00   58.59
20:06:19      15   46.08    0.00    3.92    0.00    0.00    0.98    0.00    0.00    0.00   49.02
20:06:19      16   56.12    0.00    9.18    0.00    0.00    1.02    0.00    0.00    0.00   33.67
20:06:19      17   57.14    0.00    6.12    0.00    0.00    2.04    0.00    0.00    0.00   34.69
20:06:19      18   56.57    0.00    6.06    0.00    0.00    1.01    0.00    0.00    0.00   36.36
20:06:19      19   58.76    0.00    5.15    0.00    0.00    1.03    0.00    0.00    0.00   35.05
20:06:19      20   56.00    0.00    5.00    0.00    0.00    2.00    0.00    0.00    0.00   37.00
20:06:19      21   57.43    0.00    6.93    0.00    0.00    0.99    0.00    0.00    0.00   34.65
20:06:19      22   57.43    0.00    6.93    0.00    0.00    0.00    0.00    0.00    0.00   35.64
20:06:19      23   54.55    0.00    8.08    0.00    0.00    1.01    0.00    0.00    0.00   36.36
20:06:19      24   88.78    0.00    5.10    0.00    0.00    3.06    0.00    0.00    0.00    3.06
20:06:19      25   84.00    0.00   10.00    0.00    0.00    3.00    0.00    0.00    0.00    3.00
20:06:19      26   80.00    0.00   13.00    0.00    0.00    3.00    0.00    0.00    0.00    4.00
20:06:19      27   84.16    0.00    7.92    0.00    0.00    2.97    0.00    0.00    0.00    4.95
20:06:19      28   82.35    0.00   10.78    0.00    0.00    2.94    0.00    0.00    0.00    3.92
20:06:19      29   81.19    0.00   10.89    0.00    0.00    4.95    0.00    0.00    0.00    2.97
20:06:19      30   84.69    0.00    9.18    0.00    0.00    3.06    0.00    0.00    0.00    3.06
20:06:19      31   82.18    0.00   11.88    0.00    0.00    2.97    0.00    0.00    0.00    2.97

20:06:19     CPU    %usr   %nice    %sys %iowait    %irq   %soft  %steal  %guest  %gnice   %idle
20:06:20     all    5.06    0.00    0.66    0.00    0.00    0.16    0.00    0.00    0.00   94.12
20:06:20       0    7.00    0.00    0.00    0.00    0.00    0.00    0.00    0.00    0.00   93.00
20:06:20       1    5.94    0.00    2.97    0.00    0.00    1.98    0.00    0.00    0.00   89.11
20:06:20       2    0.00    0.00    0.00    0.00    0.00    0.00    0.00    0.00    0.00  100.00
20:06:20       3    3.03    0.00    0.00    0.00    0.00    0.00    0.00    0.00    0.00   96.97
20:06:20       4    0.00    0.00    0.00    0.00    0.00    0.00    0.00    0.00    0.00  100.00
20:06:20       5    3.00    0.00    0.00    0.00    0.00    0.00    0.00    0.00    0.00   97.00
20:06:20       6    0.00    0.00    0.00    0.00    0.00    0.00    0.00    0.00    0.00  100.00
20:06:20       7    2.02    0.00    1.01    0.00    0.00    0.00    0.00    0.00    0.00   96.97
20:06:20       8    0.00    0.00    0.00    0.00    0.00    0.00    0.00    0.00    0.00  100.00
20:06:20       9    0.00    0.00    0.00    0.00    0.00    0.00    0.00    0.00    0.00  100.00
20:06:20      10    0.00    0.00    1.01    0.00    0.00    0.00    0.00    0.00    0.00   98.99
20:06:20      11    6.00    0.00    1.00    0.00    0.00    0.00    0.00    0.00    0.00   93.00
20:06:20      12    0.00    0.00    0.00    0.00    0.00    0.00    0.00    0.00    0.00  100.00
20:06:20      13    0.00    0.00    0.00    0.00    0.00    0.00    0.00    0.00    0.00  100.00
20:06:20      14    0.00    0.00    0.00    0.00    0.00    0.00    0.00    0.00    0.00  100.00
20:06:20      15    1.01    0.00    1.01    0.00    0.00    0.00    0.00    0.00    0.00   97.98
20:06:20      16    0.00    0.00    0.00    0.00    0.00    0.00    0.00    0.00    0.00  100.00
20:06:20      17    0.00    0.00    0.00    0.00    0.00    0.00    0.00    0.00    0.00  100.00
20:06:20      18    4.04    0.00    0.00    0.00    0.00    0.00    0.00    0.00    0.00   95.96
20:06:20      19    0.00    0.00    0.00    0.00    0.00    0.00    0.00    0.00    0.00  100.00
20:06:20      20    2.00    0.00    0.00    0.00    0.00    0.00    0.00    0.00    0.00   98.00
20:06:20      21   12.87    0.00    0.99    0.00    0.00    0.00    0.00    0.00    0.00   86.14
20:06:20      22   58.00    0.00    8.00    0.00    0.00    1.00    0.00    0.00    0.00   33.00
20:06:20      23    0.00    0.00    0.00    0.00    0.00    0.00    0.00    0.00    0.00  100.00
20:06:20      24    3.96    0.00    0.00    0.00    0.00    0.00    0.00    0.00    0.00   96.04
20:06:20      25    5.05    0.00    0.00    0.00    0.00    0.00    0.00    0.00    0.00   94.95
20:06:20      26    6.12    0.00    0.00    0.00    0.00    1.02    0.00    0.00    0.00   92.86
20:06:20      27    0.00    0.00    0.00    0.00    0.00    0.00    0.00    0.00    0.00  100.00
20:06:20      28    2.04    0.00    0.00    0.00    0.00    0.00    0.00    0.00    0.00   97.96
20:06:20      29   30.93    0.00    4.12    0.00    0.00    1.03    0.00    0.00    0.00   63.92
20:06:20      30    4.95    0.00    0.99    0.00    0.00    0.00    0.00    0.00    0.00   94.06
20:06:20      31    4.08    0.00    0.00    0.00    0.00    0.00    0.00    0.00    0.00   95.92

20:06:20     CPU    %usr   %nice    %sys %iowait    %irq   %soft  %steal  %guest  %gnice   %idle
20:06:21     all    2.74    0.00    0.50    0.00    0.00    0.06    0.00    0.00    0.00   96.69
20:06:21       0    0.00    0.00    0.00    0.00    0.00    0.00    0.00    0.00    0.00  100.00
20:06:21       1    0.00    0.00    0.00    0.00    0.00    0.00    0.00    0.00    0.00  100.00
20:06:21       2    0.00    0.00    0.00    0.00    0.00    0.00    0.00    0.00    0.00  100.00
20:06:21       3    0.00    0.00    0.00    0.00    0.00    0.00    0.00    0.00    0.00  100.00
20:06:21       4    0.00    0.00    0.00    0.00    0.00    0.00    0.00    0.00    0.00  100.00
20:06:21       5    0.00    0.00    0.00    0.00    0.00    0.00    0.00    0.00    0.00  100.00
20:06:21       6   33.01    0.00    6.80    0.00    0.00    0.97    0.00    0.00    0.00   59.22
20:06:21       7    0.00    0.00    0.00    0.00    0.00    0.00    0.00    0.00    0.00  100.00
20:06:21       8    0.00    0.00    0.00    0.00    0.00    0.00    0.00    0.00    0.00  100.00
20:06:21       9    0.00    0.00    0.00    0.00    0.00    0.00    0.00    0.00    0.00  100.00
20:06:21      10    0.00    0.00    0.00    0.00    0.00    0.00    0.00    0.00    0.00  100.00
20:06:21      11    0.00    0.00    0.00    0.00    0.00    0.00    0.00    0.00    0.00  100.00
20:06:21      12    0.00    0.00    0.00    0.00    0.00    0.00    0.00    0.00    0.00  100.00
20:06:21      13    0.00    0.00    0.00    0.00    0.00    0.00    0.00    0.00    0.00  100.00
20:06:21      14    0.00    0.00    0.00    0.00    0.00    0.00    0.00    0.00    0.00  100.00
20:06:21      15    0.00    0.00    0.00    0.00    0.00    0.00    0.00    0.00    0.00  100.00
20:06:21      16    0.00    0.00    0.00    0.00    0.00    0.00    0.00    0.00    0.00  100.00
20:06:21      17    0.00    0.00    0.00    0.00    0.00    0.00    0.00    0.00    0.00  100.00
20:06:21      18    0.00    0.00    0.00    0.00    0.00    0.00    0.00    0.00    0.00  100.00
20:06:21      19    0.00    0.00    0.00    0.00    0.00    0.00    0.00    0.00    0.00  100.00
20:06:21      20    0.00    0.00    0.00    0.00    0.00    0.00    0.00    0.00    0.00  100.00
20:06:21      21    0.00    0.00    0.00    0.00    0.00    0.00    0.00    0.00    0.00  100.00
20:06:21      22   23.76    0.00    4.95    0.00    0.00    0.99    0.00    0.00    0.00   70.30
20:06:21      23    1.01    0.00    0.00    0.00    0.00    0.00    0.00    0.00    0.00   98.99
20:06:21      24    0.00    0.00    0.00    0.00    0.00    0.00    0.00    0.00    0.00  100.00
20:06:21      25    0.00    0.00    0.00    0.00    0.00    0.00    0.00    0.00    0.00  100.00
20:06:21      26    0.00    0.00    0.00    0.00    0.00    0.00    0.00    0.00    0.00  100.00
20:06:21      27    0.00    0.00    0.00    0.00    0.00    0.00    0.00    0.00    0.00  100.00
20:06:21      28    0.00    0.00    0.00    0.00    0.00    0.00    0.00    0.00    0.00  100.00
20:06:21      29   30.43    0.00    4.35    0.00    0.00    0.00    0.00    0.00    0.00   65.22
20:06:21      30    0.00    0.00    0.00    0.00    0.00    0.00    0.00    0.00    0.00  100.00
20:06:21      31    0.00    0.00    0.00    0.00    0.00    0.00    0.00    0.00    0.00  100.00

20:06:21     CPU    %usr   %nice    %sys %iowait    %irq   %soft  %steal  %guest  %gnice   %idle
20:06:22     all    2.73    0.00    0.60    0.00    0.00    0.19    0.00    0.00    0.00   96.48
20:06:22       0    0.00    0.00    0.00    0.00    0.00    0.00    0.00    0.00    0.00  100.00
20:06:22       1    0.00    0.00    0.00    0.00    0.00    0.00    0.00    0.00    0.00  100.00
20:06:22       2    0.00    0.00    0.00    0.00    0.00    0.00    0.00    0.00    0.00  100.00
20:06:22       3    0.00    0.00    0.00    0.00    0.00    0.00    0.00    0.00    0.00  100.00
20:06:22       4    0.00    0.00    0.00    0.00    0.00    0.00    0.00    0.00    0.00  100.00
20:06:22       5    0.00    0.00    0.00    0.00    0.00    0.00    0.00    0.00    0.00  100.00
20:06:22       6   55.10    0.00    4.08    0.00    0.00    0.00    0.00    0.00    0.00   40.82
20:06:22       7    0.00    0.00    0.00    0.00    0.00    0.00    0.00    0.00    0.00  100.00
20:06:22       8    0.00    0.00    0.00    0.00    0.00    0.00    0.00    0.00    0.00  100.00
20:06:22       9    0.00    0.00    0.00    0.00    0.00    0.00    0.00    0.00    0.00  100.00
20:06:22      10    1.00    0.00    0.00    0.00    0.00    0.00    0.00    0.00    0.00   99.00
20:06:22      11    1.00    0.00    0.00    0.00    0.00    0.00    0.00    0.00    0.00   99.00
20:06:22      12    0.00    0.00    1.00    0.00    0.00    0.00    0.00    0.00    0.00   99.00
20:06:22      13    0.00    0.00    0.00    0.00    0.00    0.00    0.00    0.00    0.00  100.00
20:06:22      14    0.00    0.00    0.00    0.00    0.00    0.00    0.00    0.00    0.00  100.00
20:06:22      15    0.00    0.00    0.00    0.00    0.00    0.00    0.00    0.00    0.00  100.00
20:06:22      16    0.00    0.00    0.00    0.00    0.00    0.00    0.00    0.00    0.00  100.00
20:06:22      17    0.00    0.00    0.00    0.00    0.00    0.00    0.00    0.00    0.00  100.00
20:06:22      18    0.00    0.00    0.00    0.00    0.00    0.00    0.00    0.00    0.00  100.00
20:06:22      19    0.00    0.00    0.00    0.00    0.00    0.00    0.00    0.00    0.00  100.00
20:06:22      20    0.00    0.00    0.00    0.00    0.00    0.00    0.00    0.00    0.00  100.00
20:06:22      21    1.00    0.00    0.00    0.00    0.00    0.00    0.00    0.00    0.00   99.00
20:06:22      22    0.00    0.00    0.00    0.00    0.00    0.00    0.00    0.00    0.00  100.00
20:06:22      23    0.00    0.00    0.00    0.00    0.00    0.00    0.00    0.00    0.00  100.00
20:06:22      24    0.00    0.00    0.00    0.00    0.00    0.00    0.00    0.00    0.00  100.00
20:06:22      25    0.00    0.00   10.00    0.00    0.00    0.00    0.00    0.00    0.00   90.00
20:06:22      26    0.00    0.00    0.00    0.00    0.00    3.85    0.00    0.00    0.00   96.15
20:06:22      27    0.00    0.00    0.00    0.00    0.00    0.00    0.00    0.00    0.00  100.00
20:06:22      28    0.00    0.00    0.00    0.00    0.00    0.00    0.00    0.00    0.00  100.00
20:06:22      29   30.00    0.00    4.00    0.00    0.00    2.00    0.00    0.00    0.00   64.00
20:06:22      30    0.00    0.00    0.00    0.00    0.00    0.00    0.00    0.00    0.00  100.00
20:06:22      31    0.00    0.00    0.00    0.00    0.00    0.00    0.00    0.00    0.00  100.00

Average:     CPU    %usr   %nice    %sys %iowait    %irq   %soft  %steal  %guest  %gnice   %idle
Average:     all   57.66    0.00    6.81    0.00    0.00    1.88    0.00    0.00    0.00   33.65
Average:       0   56.13    0.00    6.49    0.00    0.00    1.64    0.00    0.00    0.00   35.74
Average:       1   56.06    0.00    6.47    0.00    0.00    1.86    0.00    0.00    0.00   35.61
Average:       2   56.16    0.00    6.42    0.00    0.00    1.52    0.00    0.00    0.00   35.90
Average:       3   56.09    0.00    6.23    0.00    0.00    1.67    0.00    0.00    0.00   36.00
Average:       4   56.19    0.00    6.56    0.00    0.00    1.52    0.00    0.00    0.00   35.72
Average:       5   56.22    0.00    6.54    0.00    0.00    1.61    0.00    0.00    0.00   35.64
Average:       6   56.74    0.00    6.57    0.00    0.00    1.59    0.00    0.00    0.00   35.10
Average:       7   56.54    0.00    6.36    0.00    0.00    1.47    0.00    0.00    0.00   35.63
Average:       8   33.54    0.00    3.25    0.00    0.00    0.84    0.00    0.00    0.00   62.38
Average:       9   33.90    0.00    3.20    0.03    0.00    0.81    0.00    0.00    0.00   62.06
Average:      10   34.23    0.00    3.29    0.03    0.00    0.84    0.00    0.00    0.00   61.62
Average:      11   34.18    0.00    3.34    0.05    0.00    0.91    0.00    0.00    0.00   61.52
Average:      12   35.26    0.00    3.31    0.00    0.00    0.82    0.00    0.00    0.00   60.62
Average:      13   35.53    0.00    3.37    0.01    0.00    0.94    0.00    0.00    0.00   60.15
Average:      14   36.81    0.00    3.62    0.02    0.00    0.97    0.00    0.00    0.00   58.59
Average:      15   36.68    0.00    3.67    0.00    0.00    0.94    0.00    0.00    0.00   58.72
Average:      16   56.34    0.00    6.25    0.00    0.00    1.59    0.00    0.00    0.00   35.82
Average:      17   55.97    0.00    6.59    0.00    0.00    1.55    0.00    0.00    0.00   35.89
Average:      18   56.20    0.00    6.36    0.00    0.00    1.58    0.00    0.00    0.00   35.86
Average:      19   56.25    0.00    6.33    0.00    0.00    1.58    0.00    0.00    0.00   35.84
Average:      20   56.30    0.00    6.51    0.00    0.00    1.54    0.00    0.00    0.00   35.65
Average:      21   56.58    0.00    6.22    0.00    0.00    1.41    0.00    0.00    0.00   35.80
Average:      22   57.03    0.00    6.32    0.00    0.00    1.60    0.00    0.00    0.00   35.06
Average:      23   56.32    0.00    6.27    0.00    0.00    1.57    0.00    0.00    0.00   35.83
Average:      24   82.45    0.00   10.94    0.00    0.00    3.47    0.00    0.00    0.00    3.15
Average:      25   82.68    0.00   10.87    0.00    0.00    3.41    0.00    0.00    0.00    3.03
Average:      26   82.46    0.00   10.97    0.00    0.00    3.59    0.00    0.00    0.00    2.98
Average:      27   82.38    0.00   10.83    0.00    0.00    3.53    0.00    0.00    0.00    3.26
Average:      28   82.76    0.00   10.82    0.00    0.00    3.35    0.00    0.00    0.00    3.07
Average:      29   82.79    0.00   11.24    0.00    0.00    3.47    0.00    0.00    0.00    2.50
Average:      30   82.35    0.00   11.10    0.00    0.00    3.40    0.00    0.00    0.00    3.15
Average:      31   82.49    0.00   10.97    0.00    0.00    3.34    0.00    0.00    0.00    3.20
