Linux 5.15.0-177-generic (node0.paper.datacntr-effcy-pg0.utah.cloudlab.us) 	07/10/26 	_x86_64_	(32 CPU)

20:12:13     CPU    %usr   %nice    %sys %iowait    %irq   %soft  %steal  %guest  %gnice   %idle
20:12:14     all   23.30    0.00    3.86    4.91    0.00    2.96    0.00    0.00    0.00   64.97
20:12:14       0    1.39    0.00    1.39    0.00    0.00   33.33    0.00    0.00    0.00   63.89
20:12:14       1   15.62    0.00    4.17    0.00    0.00    0.00    0.00    0.00    0.00   80.21
20:12:14       2    0.00    0.00    0.00    0.00    0.00   26.32    0.00    0.00    0.00   73.68
20:12:14       3   81.19    0.00   17.82    0.00    0.00    0.00    0.00    0.00    0.00    0.99
20:12:14       4   15.31    0.00    3.06   36.73    0.00    1.02    0.00    0.00    0.00   43.88
20:12:14       5    7.00    0.00    5.00   45.00    0.00    4.00    0.00    0.00    0.00   39.00
20:12:14       6    7.00    0.00    5.00    0.00    0.00    0.00    0.00    0.00    0.00   88.00
20:12:14       7    8.25    0.00    1.03    0.00    0.00    1.03    0.00    0.00    0.00   89.69
20:12:14       8    0.00    0.00    0.00    0.00    0.00    0.00    0.00    0.00    0.00  100.00
20:12:14       9    0.00    0.00    0.00    0.00    0.00    0.00    0.00    0.00    0.00  100.00
20:12:14      10    0.00    0.00    0.00    0.00    0.00    0.00    0.00    0.00    0.00  100.00
20:12:14      11    0.00    0.00    0.00    0.00    0.00    0.00    0.00    0.00    0.00  100.00
20:12:14      12    2.00    0.00    2.00    0.00    0.00    0.00    0.00    0.00    0.00   96.00
20:12:14      13   78.57    0.00   18.37    0.00    0.00    0.00    0.00    0.00    0.00    3.06
20:12:14      14    5.00    0.00    2.00    0.00    0.00    0.00    0.00    0.00    0.00   93.00
20:12:14      15    6.93    0.00    0.99    0.00    0.00    0.99    0.00    0.00    0.00   91.09
20:12:14      16    4.12    0.00    0.00    0.00    0.00    0.00    0.00    0.00    0.00   95.88
20:12:14      17   69.70    0.00   17.17    0.00    0.00    0.00    0.00    0.00    0.00   13.13
20:12:14      18    1.01    0.00    0.00    0.00    0.00    0.00    0.00    0.00    0.00   98.99
20:12:14      19    0.00    0.00    0.00    0.00    0.00    0.00    0.00    0.00    0.00  100.00
20:12:14      20   14.14    0.00    7.07   32.32    0.00    1.01    0.00    0.00    0.00   45.45
20:12:14      21    5.32    0.00    5.32   48.94    0.00    2.13    0.00    0.00    0.00   38.30
20:12:14      22   10.00    0.00    2.00    0.00    0.00    0.00    0.00    0.00    0.00   88.00
20:12:14      23    7.37    0.00    0.00    0.00    0.00    0.00    0.00    0.00    0.00   92.63
20:12:14      24   65.35    0.00    6.93    0.00    0.00    0.00    0.00    0.00    0.00   27.72
20:12:14      25   39.39    0.00    3.03    0.00    0.00    1.01    0.00    0.00    0.00   56.57
20:12:14      26   60.78    0.00    4.90    0.00    0.00    0.98    0.00    0.00    0.00   33.33
20:12:14      27   50.00    0.00    4.00    0.00    0.00    0.00    0.00    0.00    0.00   46.00
20:12:14      28   40.40    0.00    1.01    0.00    0.00    1.01    0.00    0.00    0.00   57.58
20:12:14      29   39.39    0.00    4.04    0.00    0.00    0.00    0.00    0.00    0.00   56.57
20:12:14      30   60.82    0.00    5.15    0.00    0.00    0.00    0.00    0.00    0.00   34.02
20:12:14      31   64.29    0.00    4.08    0.00    0.00    0.00    0.00    0.00    0.00   31.63

20:12:14     CPU    %usr   %nice    %sys %iowait    %irq   %soft  %steal  %guest  %gnice   %idle
20:12:15     all   42.26    0.00    7.62    3.07    0.00    2.09    0.00    0.00    0.00   44.97
20:12:15       0   30.30    0.00    8.08    7.07    0.00    2.02    0.00    0.00    0.00   52.53
20:12:15       1   74.75    0.00   16.16    0.00    0.00    3.03    0.00    0.00    0.00    6.06
20:12:15       2   58.42    0.00   15.84    0.00    0.00    2.97    0.00    0.00    0.00   22.77
20:12:15       3   74.75    0.00   12.12    0.00    0.00    1.01    0.00    0.00    0.00   12.12
20:12:15       4   27.72    0.00   13.86   11.88    0.00    3.96    0.00    0.00    0.00   42.57
20:12:15       5   27.84    0.00   10.31   18.56    0.00    4.12    0.00    0.00    0.00   39.18
20:12:15       6   32.99    0.00   10.31    0.00    0.00    1.03    0.00    0.00    0.00   55.67
20:12:15       7   36.36    0.00    7.07    1.01    0.00    2.02    0.00    0.00    0.00   53.54
20:12:15       8    0.00    0.00    0.00    0.00    0.00    0.00    0.00    0.00    0.00  100.00
20:12:15       9    0.00    0.00    0.00    0.00    0.00    0.00    0.00    0.00    0.00  100.00
20:12:15      10    0.00    0.00    0.00    0.00    0.00    0.00    0.00    0.00    0.00  100.00
20:12:15      11    0.00    0.00    0.00    0.00    0.00    0.00    0.00    0.00    0.00  100.00
20:12:15      12    0.00    0.00    0.00    0.00    0.00    0.00    0.00    0.00    0.00  100.00
20:12:15      13   19.00    0.00    2.00    0.00    0.00    0.00    0.00    0.00    0.00   79.00
20:12:15      14   19.39    0.00    2.04    0.00    0.00    1.02    0.00    0.00    0.00   77.55
20:12:15      15   15.79    0.00    2.11    0.00    0.00    2.11    0.00    0.00    0.00   80.00
20:12:15      16   33.67    0.00    6.12    9.18    0.00    1.02    0.00    0.00    0.00   50.00
20:12:15      17   31.96    0.00    6.19    8.25    0.00    2.06    0.00    0.00    0.00   51.55
20:12:15      18   25.25    0.00    5.05    4.04    0.00    4.04    0.00    0.00    0.00   61.62
20:12:15      19   38.61    0.00    6.93    2.97    0.00    1.98    0.00    0.00    0.00   49.50
20:12:15      20   27.66    0.00    9.57   19.15    0.00    4.26    0.00    0.00    0.00   39.36
20:12:15      21   28.87    0.00    9.28   16.49    0.00    3.09    0.00    0.00    0.00   42.27
20:12:15      22   35.35    0.00    8.08    1.01    0.00    2.02    0.00    0.00    0.00   53.54
20:12:15      23   37.37    0.00    6.06    0.00    0.00    2.02    0.00    0.00    0.00   54.55
20:12:15      24   87.00    0.00    6.00    0.00    0.00    4.00    0.00    0.00    0.00    3.00
20:12:15      25   85.86    0.00   11.11    0.00    0.00    1.01    0.00    0.00    0.00    2.02
20:12:15      26   83.84    0.00   13.13    0.00    0.00    2.02    0.00    0.00    0.00    1.01
20:12:15      27   83.00    0.00   11.00    0.00    0.00    3.00    0.00    0.00    0.00    3.00
20:12:15      28   79.00    0.00   14.00    0.00    0.00    4.00    0.00    0.00    0.00    3.00
20:12:15      29   86.00    0.00    8.00    0.00    0.00    4.00    0.00    0.00    0.00    2.00
20:12:15      30   86.00    0.00    9.00    0.00    0.00    2.00    0.00    0.00    0.00    3.00
20:12:15      31   81.00    0.00   14.00    0.00    0.00    3.00    0.00    0.00    0.00    2.00

20:12:15     CPU    %usr   %nice    %sys %iowait    %irq   %soft  %steal  %guest  %gnice   %idle
20:12:16     all   53.15    0.00   12.49    2.74    0.00    3.76    0.00    0.00    0.00   27.85
20:12:16       0   35.35    0.00   14.14   23.23    0.00    2.02    0.00    0.00    0.00   25.25
20:12:16       1   28.28    0.00   13.13   18.18    0.00   18.18    0.00    0.00    0.00   22.22
20:12:16       2   71.29    0.00   18.81    0.00    0.00    0.00    0.00    0.00    0.00    9.90
20:12:16       3   66.32    0.00   14.74    1.05    0.00    0.00    0.00    0.00    0.00   17.89
20:12:16       4   50.52    0.00    8.25    1.03    0.00    3.09    0.00    0.00    0.00   37.11
20:12:16       5   49.49    0.00   10.10    0.00    0.00    2.02    0.00    0.00    0.00   38.38
20:12:16       6   49.47    0.00   12.63    0.00    0.00    3.16    0.00    0.00    0.00   34.74
20:12:16       7   52.13    0.00    9.57    0.00    0.00    3.19    0.00    0.00    0.00   35.11
20:12:16       8   19.59    0.00    4.12    0.00    0.00    1.03    0.00    0.00    0.00   75.26
20:12:16       9   22.77    0.00    5.94    0.00    0.00    0.00    0.00    0.00    0.00   71.29
20:12:16      10   45.63    0.00    9.71    0.00    0.00    2.91    0.00    0.00    0.00   41.75
20:12:16      11   43.00    0.00    9.00    0.00    0.00    3.00    0.00    0.00    0.00   45.00
20:12:16      12   60.61    0.00   12.12    0.00    0.00    2.02    0.00    0.00    0.00   25.25
20:12:16      13   38.14    0.00    5.15    0.00    0.00    3.09    0.00    0.00    0.00   53.61
20:12:16      14   48.98    0.00   10.20    0.00    0.00    3.06    0.00    0.00    0.00   37.76
20:12:16      15   51.96    0.00    9.80    0.00    0.00    1.96    0.00    0.00    0.00   36.27
20:12:16      16   41.49    0.00    8.51   20.21    0.00    1.06    0.00    0.00    0.00   28.72
20:12:16      17   31.25    0.00   14.58   22.92    0.00    3.12    0.00    0.00    0.00   28.12
20:12:16      18   52.13    0.00   19.15    0.00    0.00    0.00    0.00    0.00    0.00   28.72
20:12:16      19   58.59    0.00   19.19    0.00    0.00    2.02    0.00    0.00    0.00   20.20
20:12:16      20   47.37    0.00    9.47    1.05    0.00    3.16    0.00    0.00    0.00   38.95
20:12:16      21   49.47    0.00    9.47    1.05    0.00    1.05    0.00    0.00    0.00   38.95
20:12:16      22   53.47    0.00    9.90    0.00    0.00    3.96    0.00    0.00    0.00   32.67
20:12:16      23   51.02    0.00   11.22    0.00    0.00    4.08    0.00    0.00    0.00   33.67
20:12:16      24   74.49    0.00   15.31    0.00    0.00    7.14    0.00    0.00    0.00    3.06
20:12:16      25   75.00    0.00   15.00    0.00    0.00    7.00    0.00    0.00    0.00    3.00
20:12:16      26   71.72    0.00   14.14    0.00    0.00    8.08    0.00    0.00    0.00    6.06
20:12:16      27   66.67    0.00   21.21    0.00    0.00    9.09    0.00    0.00    0.00    3.03
20:12:16      28   73.20    0.00   16.49    0.00    0.00    5.15    0.00    0.00    0.00    5.15
20:12:16      29   72.00    0.00   14.00    0.00    0.00    7.00    0.00    0.00    0.00    7.00
20:12:16      30   73.74    0.00   16.16    0.00    0.00    6.06    0.00    0.00    0.00    4.04
20:12:16      31   74.49    0.00   18.37    0.00    0.00    3.06    0.00    0.00    0.00    4.08

20:12:16     CPU    %usr   %nice    %sys %iowait    %irq   %soft  %steal  %guest  %gnice   %idle
20:12:17     all   59.54    0.00   14.19    2.30    0.00    4.82    0.00    0.00    0.00   19.14
20:12:17       0   37.89    0.00    9.47   17.89    0.00    2.11    0.00    0.00    0.00   32.63
20:12:17       1   37.86    0.00    7.77   15.53    0.00   14.56    0.00    0.00    0.00   24.27
20:12:17       2   77.78    0.00   12.12    0.00    0.00    2.02    0.00    0.00    0.00    8.08
20:12:17       3   47.92    0.00   27.08    0.00    0.00    3.12    0.00    0.00    0.00   21.88
20:12:17       4   57.29    0.00   15.62    1.04    0.00    2.08    0.00    0.00    0.00   23.96
20:12:17       5   55.67    0.00   14.43    0.00    0.00    2.06    0.00    0.00    0.00   27.84
20:12:17       6   59.60    0.00   11.11    0.00    0.00    4.04    0.00    0.00    0.00   25.25
20:12:17       7   53.54    0.00   15.15    0.00    0.00    4.04    0.00    0.00    0.00   27.27
20:12:17       8   61.39    0.00   13.86    0.00    0.00    0.99    0.00    0.00    0.00   23.76
20:12:17       9   58.95    0.00   11.58    0.00    0.00    3.16    0.00    0.00    0.00   26.32
20:12:17      10   50.98    0.00   14.71    0.00    0.00    3.92    0.00    0.00    0.00   30.39
20:12:17      11   58.95    0.00   10.53    0.00    0.00    3.16    0.00    0.00    0.00   27.37
20:12:17      12   54.64    0.00   15.46    0.00    0.00    2.06    0.00    0.00    0.00   27.84
20:12:17      13   58.00    0.00   11.00    0.00    0.00    3.00    0.00    0.00    0.00   28.00
20:12:17      14   66.33    0.00    8.16    0.00    0.00    2.04    0.00    0.00    0.00   23.47
20:12:17      15   58.16    0.00   14.29    0.00    0.00    4.08    0.00    0.00    0.00   23.47
20:12:17      16   35.71    0.00   10.20   16.33    0.00    3.06    0.00    0.00    0.00   34.69
20:12:17      17   34.00    0.00   13.00   20.00    0.00    2.00    0.00    0.00    0.00   31.00
20:12:17      18   75.49    0.00   15.69    0.98    0.00    0.98    0.00    0.00    0.00    6.86
20:12:17      19   66.34    0.00   15.84    0.00    0.00    1.98    0.00    0.00    0.00   15.84
20:12:17      20   56.12    0.00   12.24    0.00    0.00    1.02    0.00    0.00    0.00   30.61
20:12:17      21   60.82    0.00    9.28    0.00    0.00    2.06    0.00    0.00    0.00   27.84
20:12:17      22   58.00    0.00   13.00    1.00    0.00    4.00    0.00    0.00    0.00   24.00
20:12:17      23   50.00    0.00   16.67    0.98    0.00    5.88    0.00    0.00    0.00   26.47
20:12:17      24   68.00    0.00   19.00    0.00    0.00    9.00    0.00    0.00    0.00    4.00
20:12:17      25   73.00    0.00   16.00    0.00    0.00   10.00    0.00    0.00    0.00    1.00
20:12:17      26   73.00    0.00   18.00    0.00    0.00    7.00    0.00    0.00    0.00    2.00
20:12:17      27   65.66    0.00   19.19    0.00    0.00   12.12    0.00    0.00    0.00    3.03
20:12:17      28   78.22    0.00   14.85    0.00    0.00    6.93    0.00    0.00    0.00    0.00
20:12:17      29   75.25    0.00   14.85    0.00    0.00    8.91    0.00    0.00    0.00    0.99
20:12:17      30   69.31    0.00   17.82    0.00    0.00    9.90    0.00    0.00    0.00    2.97
20:12:17      31   69.31    0.00   15.84    0.00    0.00   11.88    0.00    0.00    0.00    2.97

20:12:17     CPU    %usr   %nice    %sys %iowait    %irq   %soft  %steal  %guest  %gnice   %idle
20:12:18     all   59.38    0.00   15.70    1.66    0.00    5.38    0.00    0.00    0.00   17.89
20:12:18       0   25.26    0.00   13.68   14.74    0.00    2.11    0.00    0.00    0.00   44.21
20:12:18       1   23.23    0.00    8.08    5.05    0.00   23.23    0.00    0.00    0.00   40.40
20:12:18       2   64.00    0.00   19.00    0.00    0.00    1.00    0.00    0.00    0.00   16.00
20:12:18       3   63.16    0.00   18.95    0.00    0.00    2.11    0.00    0.00    0.00   15.79
20:12:18       4   59.38    0.00   12.50    0.00    0.00    5.21    0.00    0.00    0.00   22.92
20:12:18       5   61.22    0.00   13.27    0.00    0.00    4.08    0.00    0.00    0.00   21.43
20:12:18       6   61.22    0.00   12.24    0.00    0.00    3.06    0.00    0.00    0.00   23.47
20:12:18       7   58.06    0.00   18.28    0.00    0.00    2.15    0.00    0.00    0.00   21.51
20:12:18       8   64.71    0.00   10.78    0.00    0.00    3.92    0.00    0.00    0.00   20.59
20:12:18       9   61.46    0.00   13.54    0.00    0.00    4.17    0.00    0.00    0.00   20.83
20:12:18      10   61.46    0.00   11.46    0.00    0.00    5.21    0.00    0.00    0.00   21.88
20:12:18      11   58.76    0.00   15.46    0.00    0.00    3.09    0.00    0.00    0.00   22.68
20:12:18      12   64.08    0.00   13.59    0.00    0.00    3.88    0.00    0.00    0.00   18.45
20:12:18      13   63.00    0.00   16.00    0.00    0.00    2.00    0.00    0.00    0.00   19.00
20:12:18      14   60.61    0.00   16.16    0.00    0.00    4.04    0.00    0.00    0.00   19.19
20:12:18      15   64.00    0.00   11.00    0.00    0.00    1.00    0.00    0.00    0.00   24.00
20:12:18      16   26.04    0.00   15.62   14.58    0.00    1.04    0.00    0.00    0.00   42.71
20:12:18      17   20.88    0.00   17.58   19.78    0.00    2.20    0.00    0.00    0.00   39.56
20:12:18      18   60.20    0.00   24.49    0.00    0.00    1.02    0.00    0.00    0.00   14.29
20:12:18      19   62.24    0.00   16.33    1.02    0.00    2.04    0.00    0.00    0.00   18.37
20:12:18      20   61.22    0.00   14.29    0.00    0.00    3.06    0.00    0.00    0.00   21.43
20:12:18      21   58.59    0.00   18.18    0.00    0.00    3.03    0.00    0.00    0.00   20.20
20:12:18      22   57.89    0.00   14.74    0.00    0.00    4.21    0.00    0.00    0.00   23.16
20:12:18      23   61.62    0.00   13.13    0.00    0.00    3.03    0.00    0.00    0.00   22.22
20:12:18      24   69.00    0.00   17.00    0.00    0.00   13.00    0.00    0.00    0.00    1.00
20:12:18      25   70.71    0.00   17.17    0.00    0.00   11.11    0.00    0.00    0.00    1.01
20:12:18      26   70.00    0.00   18.00    0.00    0.00   11.00    0.00    0.00    0.00    1.00
20:12:18      27   73.53    0.00   18.63    0.00    0.00    6.86    0.00    0.00    0.00    0.98
20:12:18      28   66.67    0.00   22.22    0.00    0.00   11.11    0.00    0.00    0.00    0.00
20:12:18      29   70.00    0.00   18.00    0.00    0.00   12.00    0.00    0.00    0.00    0.00
20:12:18      30   75.00    0.00   18.00    0.00    0.00    7.00    0.00    0.00    0.00    0.00
20:12:18      31   76.00    0.00   15.00    0.00    0.00    9.00    0.00    0.00    0.00    0.00

20:12:18     CPU    %usr   %nice    %sys %iowait    %irq   %soft  %steal  %guest  %gnice   %idle
20:12:19     all   58.63    0.00   15.01    1.67    0.00    4.56    0.00    0.00    0.00   20.12
20:12:19       0   28.72    0.00   13.83   14.89    0.00    1.06    0.00    0.00    0.00   41.49
20:12:19       1   19.79    0.00   12.50    5.21    0.00   21.88    0.00    0.00    0.00   40.62
20:12:19       2   56.25    0.00   16.67    0.00    0.00    2.08    0.00    0.00    0.00   25.00
20:12:19       3   58.42    0.00   10.89    0.00    0.00    2.97    0.00    0.00    0.00   27.72
20:12:19       4   55.91    0.00   12.90    0.00    0.00    5.38    0.00    0.00    0.00   25.81
20:12:19       5   60.61    0.00   30.30    0.00    0.00    1.01    0.00    0.00    0.00    8.08
20:12:19       6   58.00    0.00   11.00    1.00    0.00    3.00    0.00    0.00    0.00   27.00
20:12:19       7   61.39    0.00   10.89    0.99    0.00    1.98    0.00    0.00    0.00   24.75
20:12:19       8   52.17    0.00   14.13    0.00    0.00    2.17    0.00    0.00    0.00   31.52
20:12:19       9   59.38    0.00   11.46    0.00    0.00    3.12    0.00    0.00    0.00   26.04
20:12:19      10   60.64    0.00   10.64    0.00    0.00    2.13    0.00    0.00    0.00   26.60
20:12:19      11   60.20    0.00   13.27    0.00    0.00    2.04    0.00    0.00    0.00   24.49
20:12:19      12   58.76    0.00   11.34    0.00    0.00    4.12    0.00    0.00    0.00   25.77
20:12:19      13   57.58    0.00   24.24    0.00    0.00    2.02    0.00    0.00    0.00   16.16
20:12:19      14   60.20    0.00   12.24    0.00    0.00    2.04    0.00    0.00    0.00   25.51
20:12:19      15   62.24    0.00   10.20    0.00    0.00    6.12    0.00    0.00    0.00   21.43
20:12:19      16   26.88    0.00   12.90   15.05    0.00    1.08    0.00    0.00    0.00   44.09
20:12:19      17   27.17    0.00   16.30   16.30    0.00    0.00    0.00    0.00    0.00   40.22
20:12:19      18   58.16    0.00   13.27    0.00    0.00    3.06    0.00    0.00    0.00   25.51
20:12:19      19   53.68    0.00   12.63    0.00    0.00    4.21    0.00    0.00    0.00   29.47
20:12:19      20   60.00    0.00   12.63    1.05    0.00    2.11    0.00    0.00    0.00   24.21
20:12:19      21   53.54    0.00   22.22    0.00    0.00    5.05    0.00    0.00    0.00   19.19
20:12:19      22   56.38    0.00   12.77    0.00    0.00    4.26    0.00    0.00    0.00   26.60
20:12:19      23   58.59    0.00   25.25    1.01    0.00    1.01    0.00    0.00    0.00   14.14
20:12:19      24   81.00    0.00   11.00    0.00    0.00    7.00    0.00    0.00    0.00    1.00
20:12:19      25   72.00    0.00   17.00    0.00    0.00    9.00    0.00    0.00    0.00    2.00
20:12:19      26   76.77    0.00   14.14    0.00    0.00    7.07    0.00    0.00    0.00    2.02
20:12:19      27   72.45    0.00   18.37    0.00    0.00    8.16    0.00    0.00    0.00    1.02
20:12:19      28   74.75    0.00   17.17    0.00    0.00    7.07    0.00    0.00    0.00    1.01
20:12:19      29   72.00    0.00   19.00    0.00    0.00    7.00    0.00    0.00    0.00    2.00
20:12:19      30   76.53    0.00   15.31    0.00    0.00    7.14    0.00    0.00    0.00    1.02
20:12:19      31   78.00    0.00   13.00    0.00    0.00    9.00    0.00    0.00    0.00    0.00

20:12:19     CPU    %usr   %nice    %sys %iowait    %irq   %soft  %steal  %guest  %gnice   %idle
20:12:20     all   62.09    0.00   15.32    0.03    0.00    4.48    0.00    0.00    0.00   18.09
20:12:20       0   55.79    0.00   12.63    0.00    0.00    0.00    0.00    0.00    0.00   31.58
20:12:20       1   47.87    0.00   12.77    0.00    0.00    1.06    0.00    0.00    0.00   38.30
20:12:20       2   64.00    0.00   15.00    0.00    0.00    2.00    0.00    0.00    0.00   19.00
20:12:20       3   56.57    0.00   17.17    0.00    0.00    2.02    0.00    0.00    0.00   24.24
20:12:20       4   52.04    0.00   15.31    1.02    0.00    4.08    0.00    0.00    0.00   27.55
20:12:20       5   58.59    0.00   11.11    0.00    0.00    4.04    0.00    0.00    0.00   26.26
20:12:20       6   56.70    0.00   14.43    0.00    0.00    3.09    0.00    0.00    0.00   25.77
20:12:20       7   44.79    0.00   33.33    0.00    0.00    3.12    0.00    0.00    0.00   18.75
20:12:20       8   62.63    0.00   14.14    0.00    0.00    5.05    0.00    0.00    0.00   18.18
20:12:20       9   60.42    0.00   12.50    0.00    0.00    2.08    0.00    0.00    0.00   25.00
20:12:20      10   59.00    0.00   11.00    0.00    0.00    4.00    0.00    0.00    0.00   26.00
20:12:20      11   59.00    0.00   15.00    0.00    0.00    4.00    0.00    0.00    0.00   22.00
20:12:20      12   62.14    0.00   13.59    0.00    0.00    6.80    0.00    0.00    0.00   17.48
20:12:20      13   80.20    0.00   16.83    0.00    0.00    0.00    0.00    0.00    0.00    2.97
20:12:20      14   64.08    0.00   10.68    0.00    0.00    2.91    0.00    0.00    0.00   22.33
20:12:20      15   60.00    0.00   16.00    0.00    0.00    5.00    0.00    0.00    0.00   19.00
20:12:20      16   44.57    0.00   20.65    0.00    0.00    1.09    0.00    0.00    0.00   33.70
20:12:20      17   56.12    0.00   15.31    0.00    0.00    2.04    0.00    0.00    0.00   26.53
20:12:20      18   61.17    0.00   13.59    0.00    0.00    3.88    0.00    0.00    0.00   21.36
20:12:20      19   65.98    0.00   10.31    0.00    0.00    2.06    0.00    0.00    0.00   21.65
20:12:20      20   61.00    0.00   12.00    0.00    0.00    2.00    0.00    0.00    0.00   25.00
20:12:20      21   59.62    0.00   12.50    0.00    0.00    3.85    0.00    0.00    0.00   24.04
20:12:20      22   60.00    0.00   11.00    0.00    0.00    2.00    0.00    0.00    0.00   27.00
20:12:20      23   55.43    0.00   10.87    0.00    0.00    2.17    0.00    0.00    0.00   31.52
20:12:20      24   71.29    0.00   17.82    0.00    0.00    9.90    0.00    0.00    0.00    0.99
20:12:20      25   80.20    0.00   12.87    0.00    0.00    6.93    0.00    0.00    0.00    0.00
20:12:20      26   71.29    0.00   18.81    0.00    0.00    9.90    0.00    0.00    0.00    0.00
20:12:20      27   77.23    0.00   13.86    0.00    0.00    6.93    0.00    0.00    0.00    1.98
20:12:20      28   65.35    0.00   22.77    0.00    0.00    9.90    0.00    0.00    0.00    1.98
20:12:20      29   69.70    0.00   19.19    0.00    0.00   10.10    0.00    0.00    0.00    1.01
20:12:20      30   70.59    0.00   17.65    0.00    0.00    9.80    0.00    0.00    0.00    1.96
20:12:20      31   68.32    0.00   19.80    0.00    0.00    9.90    0.00    0.00    0.00    1.98

20:12:20     CPU    %usr   %nice    %sys %iowait    %irq   %soft  %steal  %guest  %gnice   %idle
20:12:21     all   65.40    0.00   14.77    0.00    0.00    5.01    0.00    0.00    0.00   14.83
20:12:21       0   60.20    0.00   17.35    0.00    0.00    2.04    0.00    0.00    0.00   20.41
20:12:21       1   56.38    0.00   23.40    0.00    0.00    3.19    0.00    0.00    0.00   17.02
20:12:21       2   61.39    0.00    9.90    0.00    0.00    2.97    0.00    0.00    0.00   25.74
20:12:21       3   66.67    0.00   14.14    0.00    0.00    2.02    0.00    0.00    0.00   17.17
20:12:21       4   65.31    0.00   10.20    0.00    0.00    4.08    0.00    0.00    0.00   20.41
20:12:21       5   63.64    0.00   13.13    0.00    0.00    5.05    0.00    0.00    0.00   18.18
20:12:21       6   69.07    0.00    9.28    0.00    0.00    3.09    0.00    0.00    0.00   18.56
20:12:21       7   64.95    0.00   13.40    0.00    0.00    2.06    0.00    0.00    0.00   19.59
20:12:21       8   73.27    0.00    9.90    0.00    0.00    1.98    0.00    0.00    0.00   14.85
20:12:21       9   64.65    0.00   15.15    0.00    0.00    3.03    0.00    0.00    0.00   17.17
20:12:21      10   58.95    0.00   20.00    0.00    0.00    3.16    0.00    0.00    0.00   17.89
20:12:21      11   66.33    0.00   10.20    0.00    0.00    5.10    0.00    0.00    0.00   18.37
20:12:21      12   63.27    0.00   13.27    0.00    0.00    5.10    0.00    0.00    0.00   18.37
20:12:21      13   77.45    0.00   18.63    0.00    0.00    0.00    0.00    0.00    0.00    3.92
20:12:21      14   66.67    0.00    9.38    0.00    0.00    4.17    0.00    0.00    0.00   19.79
20:12:21      15   68.69    0.00   11.11    0.00    0.00    2.02    0.00    0.00    0.00   18.18
20:12:21      16   63.64    0.00   15.15    0.00    0.00    2.02    0.00    0.00    0.00   19.19
20:12:21      17   68.75    0.00   17.71    0.00    0.00    1.04    0.00    0.00    0.00   12.50
20:12:21      18   61.62    0.00   13.13    0.00    0.00    3.03    0.00    0.00    0.00   22.22
20:12:21      19   62.77    0.00    8.51    0.00    0.00    4.26    0.00    0.00    0.00   24.47
20:12:21      20   60.00    0.00   13.68    0.00    0.00    5.26    0.00    0.00    0.00   21.05
20:12:21      21   61.62    0.00   12.12    0.00    0.00    4.04    0.00    0.00    0.00   22.22
20:12:21      22   60.19    0.00   13.59    0.00    0.00    4.85    0.00    0.00    0.00   21.36
20:12:21      23   63.73    0.00    9.80    0.00    0.00    5.88    0.00    0.00    0.00   20.59
20:12:21      24   67.33    0.00   19.80    0.00    0.00    9.90    0.00    0.00    0.00    2.97
20:12:21      25   72.00    0.00   17.00    0.00    0.00   10.00    0.00    0.00    0.00    1.00
20:12:21      26   61.00    0.00   22.00    0.00    0.00   12.00    0.00    0.00    0.00    5.00
20:12:21      27   70.00    0.00   19.00    0.00    0.00    9.00    0.00    0.00    0.00    2.00
20:12:21      28   67.68    0.00   19.19    0.00    0.00   10.10    0.00    0.00    0.00    3.03
20:12:21      29   69.00    0.00   15.00    0.00    0.00   11.00    0.00    0.00    0.00    5.00
20:12:21      30   68.37    0.00   19.39    0.00    0.00    9.18    0.00    0.00    0.00    3.06
20:12:21      31   67.00    0.00   19.00    0.00    0.00    9.00    0.00    0.00    0.00    5.00

20:12:21     CPU    %usr   %nice    %sys %iowait    %irq   %soft  %steal  %guest  %gnice   %idle
20:12:22     all   65.33    0.00   16.00    0.16    0.00    5.10    0.00    0.00    0.00   13.42
20:12:22       0   65.00    0.00   12.00    0.00    0.00    3.00    0.00    0.00    0.00   20.00
20:12:22       1   58.59    0.00   17.17    0.00    0.00    4.04    0.00    0.00    0.00   20.20
20:12:22       2   61.05    0.00   15.79    0.00    0.00    3.16    0.00    0.00    0.00   20.00
20:12:22       3   65.00    0.00   13.00    0.00    0.00    2.00    0.00    0.00    0.00   20.00
20:12:22       4   72.73    0.00   15.15    0.00    0.00    2.02    0.00    0.00    0.00   10.10
20:12:22       5   64.95    0.00   18.56    1.03    0.00    3.09    0.00    0.00    0.00   12.37
20:12:22       6   63.00    0.00   13.00    0.00    0.00    4.00    0.00    0.00    0.00   20.00
20:12:22       7   56.38    0.00   18.09    0.00    0.00    4.26    0.00    0.00    0.00   21.28
20:12:22       8   68.04    0.00   12.37    0.00    0.00    3.09    0.00    0.00    0.00   16.49
20:12:22       9   67.65    0.00   14.71    0.00    0.00    1.96    0.00    0.00    0.00   15.69
20:12:22      10   67.68    0.00   14.14    0.00    0.00    4.04    0.00    0.00    0.00   14.14
20:12:22      11   61.46    0.00   13.54    0.00    0.00    5.21    0.00    0.00    0.00   19.79
20:12:22      12   64.29    0.00   11.22    0.00    0.00    4.08    0.00    0.00    0.00   20.41
20:12:22      13   81.25    0.00    9.38    0.00    0.00    1.04    0.00    0.00    0.00    8.33
20:12:22      14   67.37    0.00   14.74    0.00    0.00    5.26    0.00    0.00    0.00   12.63
20:12:22      15   61.86    0.00   15.46    0.00    0.00    5.15    0.00    0.00    0.00   17.53
20:12:22      16   64.21    0.00   11.58    0.00    0.00    4.21    0.00    0.00    0.00   20.00
20:12:22      17   60.61    0.00   15.15    0.00    0.00    3.03    0.00    0.00    0.00   21.21
20:12:22      18   60.61    0.00   14.14    1.01    0.00    6.06    0.00    0.00    0.00   18.18
20:12:22      19   62.00    0.00   15.00    0.00    0.00    4.00    0.00    0.00    0.00   19.00
20:12:22      20   68.75    0.00   11.46    2.08    0.00    4.17    0.00    0.00    0.00   13.54
20:12:22      21   52.13    0.00   29.79    1.06    0.00    3.19    0.00    0.00    0.00   13.83
20:12:22      22   61.70    0.00   17.02    0.00    0.00    2.13    0.00    0.00    0.00   19.15
20:12:22      23   65.31    0.00   12.24    0.00    0.00    3.06    0.00    0.00    0.00   19.39
20:12:22      24   74.75    0.00   19.19    0.00    0.00    6.06    0.00    0.00    0.00    0.00
20:12:22      25   72.00    0.00   18.00    0.00    0.00    9.00    0.00    0.00    0.00    1.00
20:12:22      26   68.00    0.00   18.00    0.00    0.00   11.00    0.00    0.00    0.00    3.00
20:12:22      27   66.00    0.00   20.00    0.00    0.00   11.00    0.00    0.00    0.00    3.00
20:12:22      28   66.00    0.00   20.00    0.00    0.00   11.00    0.00    0.00    0.00    3.00
20:12:22      29   62.63    0.00   21.21    0.00    0.00   13.13    0.00    0.00    0.00    3.03
20:12:22      30   67.33    0.00   21.78    0.00    0.00    8.91    0.00    0.00    0.00    1.98
20:12:22      31   71.00    0.00   19.00    0.00    0.00    7.00    0.00    0.00    0.00    3.00

20:12:22     CPU    %usr   %nice    %sys %iowait    %irq   %soft  %steal  %guest  %gnice   %idle
20:12:23     all   60.50    0.00   17.42    1.64    0.00    4.44    0.00    0.00    0.00   16.01
20:12:23       0   63.64    0.00   17.17    0.00    0.00    2.02    0.00    0.00    0.00   17.17
20:12:23       1   65.31    0.00   14.29    1.02    0.00    2.04    0.00    0.00    0.00   17.35
20:12:23       2   44.44    0.00   22.22   11.11    0.00    3.03    0.00    0.00    0.00   19.19
20:12:23       3   45.83    0.00   22.92   12.50    0.00    3.12    0.00    0.00    0.00   15.62
20:12:23       4   66.67    0.00   10.10    0.00    0.00    2.02    0.00    0.00    0.00   21.21
20:12:23       5   61.36    0.00   23.86    0.00    0.00    2.27    0.00    0.00    0.00   12.50
20:12:23       6   60.00    0.00   15.79    1.05    0.00    6.32    0.00    0.00    0.00   16.84
20:12:23       7   63.00    0.00   18.00    0.00    0.00    2.00    0.00    0.00    0.00   17.00
20:12:23       8   65.31    0.00   14.29    0.00    0.00    3.06    0.00    0.00    0.00   17.35
20:12:23       9   59.18    0.00   17.35    0.00    0.00    3.06    0.00    0.00    0.00   20.41
20:12:23      10   65.31    0.00   12.24    0.00    0.00    4.08    0.00    0.00    0.00   18.37
20:12:23      11   62.38    0.00   15.84    0.00    0.00    3.96    0.00    0.00    0.00   17.82
20:12:23      12   64.65    0.00   14.14    0.00    0.00    2.02    0.00    0.00    0.00   19.19
20:12:23      13   62.24    0.00   15.31    0.00    0.00    4.08    0.00    0.00    0.00   18.37
20:12:23      14   62.89    0.00   14.43    0.00    0.00    2.06    0.00    0.00    0.00   20.62
20:12:23      15   62.24    0.00   17.35    0.00    0.00    1.02    0.00    0.00    0.00   19.39
20:12:23      16   64.21    0.00   24.21    0.00    0.00    4.21    0.00    0.00    0.00    7.37
20:12:23      17   62.63    0.00   19.19    0.00    0.00    3.03    0.00    0.00    0.00   15.15
20:12:23      18   50.00    0.00   10.20    2.04    0.00    2.04    0.00    0.00    0.00   35.71
20:12:23      19   52.08    0.00    7.29   16.67    0.00    2.08    0.00    0.00    0.00   21.88
20:12:23      20   62.24    0.00   16.33    0.00    0.00    2.04    0.00    0.00    0.00   19.39
20:12:23      21   38.16    0.00   23.68   10.53    0.00    1.32    0.00    0.00    0.00   26.32
20:12:23      22   60.42    0.00   14.58    0.00    0.00    5.21    0.00    0.00    0.00   19.79
20:12:23      23   62.63    0.00   16.16    0.00    0.00    5.05    0.00    0.00    0.00   16.16
20:12:23      24   72.73    0.00   16.16    0.00    0.00   10.10    0.00    0.00    0.00    1.01
20:12:23      25   57.58    0.00   22.22    0.00    0.00    9.09    0.00    0.00    0.00   11.11
20:12:23      26   59.00    0.00   21.00    0.00    0.00    8.00    0.00    0.00    0.00   12.00
20:12:23      27   58.59    0.00   20.20    0.00    0.00   10.10    0.00    0.00    0.00   11.11
20:12:23      28   60.40    0.00   19.80    0.00    0.00    6.93    0.00    0.00    0.00   12.87
20:12:23      29   68.04    0.00   19.59    0.00    0.00   10.31    0.00    0.00    0.00    2.06
20:12:23      30   67.00    0.00   23.00    0.00    0.00    7.00    0.00    0.00    0.00    3.00
20:12:23      31   60.20    0.00   20.41    0.00    0.00    8.16    0.00    0.00    0.00   11.22

20:12:23     CPU    %usr   %nice    %sys %iowait    %irq   %soft  %steal  %guest  %gnice   %idle
20:12:24     all   63.38    0.00   18.02    1.49    0.00    5.13    0.00    0.00    0.00   11.97
20:12:24       0   47.92    0.00   15.62    8.33    0.00    1.04    0.00    0.00    0.00   27.08
20:12:24       1   47.83    0.00   13.04    4.35    0.00    5.43    0.00    0.00    0.00   29.35
20:12:24       2   57.00    0.00   13.00    2.00    0.00    3.00    0.00    0.00    0.00   25.00
20:12:24       3   53.00    0.00   17.00    9.00    0.00    2.00    0.00    0.00    0.00   19.00
20:12:24       4   54.74    0.00   18.95    0.00    0.00    3.16    0.00    0.00    0.00   23.16
20:12:24       5   62.63    0.00   23.23    0.00    0.00    3.03    0.00    0.00    0.00   11.11
20:12:24       6   70.41    0.00   19.39    0.00    0.00    3.06    0.00    0.00    0.00    7.14
20:12:24       7   75.76    0.00   18.18    0.00    0.00    2.02    0.00    0.00    0.00    4.04
20:12:24       8   69.70    0.00   17.17    0.00    0.00    4.04    0.00    0.00    0.00    9.09
20:12:24       9   73.27    0.00   14.85    0.00    0.00    2.97    0.00    0.00    0.00    8.91
20:12:24      10   70.41    0.00   18.37    0.00    0.00    3.06    0.00    0.00    0.00    8.16
20:12:24      11   66.67    0.00   17.17    1.01    0.00    6.06    0.00    0.00    0.00    9.09
20:12:24      12   71.00    0.00   15.00    0.00    0.00    4.00    0.00    0.00    0.00   10.00
20:12:24      13   66.33    0.00   16.33    0.00    0.00    6.12    0.00    0.00    0.00   11.22
20:12:24      14   70.41    0.00   16.33    0.00    0.00    5.10    0.00    0.00    0.00    8.16
20:12:24      15   71.43    0.00   14.29    0.00    0.00    6.12    0.00    0.00    0.00    8.16
20:12:24      16   47.92    0.00   13.54    6.25    0.00    4.17    0.00    0.00    0.00   28.12
20:12:24      17   49.02    0.00   17.65    8.82    0.00    1.96    0.00    0.00    0.00   22.55
20:12:24      18   59.79    0.00   13.40    4.12    0.00    4.12    0.00    0.00    0.00   18.56
20:12:24      19   51.04    0.00   14.58    4.17    0.00    3.12    0.00    0.00    0.00   27.08
20:12:24      20   62.63    0.00   18.18    0.00    0.00    4.04    0.00    0.00    0.00   15.15
20:12:24      21   66.33    0.00   17.35    0.00    0.00    3.06    0.00    0.00    0.00   13.27
20:12:24      22   73.74    0.00   14.14    0.00    0.00    3.03    0.00    0.00    0.00    9.09
20:12:24      23   73.00    0.00   16.00    0.00    0.00    4.00    0.00    0.00    0.00    7.00
20:12:24      24   66.34    0.00   22.77    0.00    0.00    7.92    0.00    0.00    0.00    2.97
20:12:24      25   62.63    0.00   23.23    0.00    0.00    9.09    0.00    0.00    0.00    5.05
20:12:24      26   66.00    0.00   22.00    0.00    0.00   10.00    0.00    0.00    0.00    2.00
20:12:24      27   58.42    0.00   28.71    0.00    0.00    9.90    0.00    0.00    0.00    2.97
20:12:24      28   67.35    0.00   22.45    0.00    0.00    9.18    0.00    0.00    0.00    1.02
20:12:24      29   63.37    0.00   21.78    0.00    0.00   10.89    0.00    0.00    0.00    3.96
20:12:24      30   61.39    0.00   23.76    0.00    0.00   10.89    0.00    0.00    0.00    3.96
20:12:24      31   68.69    0.00   18.18    0.00    0.00    8.08    0.00    0.00    0.00    5.05

20:12:24     CPU    %usr   %nice    %sys %iowait    %irq   %soft  %steal  %guest  %gnice   %idle
20:12:25     all   64.67    0.00   17.65    1.36    0.00    5.63    0.00    0.00    0.00   10.69
20:12:25       0   46.15    0.00   16.48    2.20    0.00    2.20    0.00    0.00    0.00   32.97
20:12:25       1   56.57    0.00   12.12    1.01    0.00    4.04    0.00    0.00    0.00   26.26
20:12:25       2   50.00    0.00   13.00    8.00    0.00    6.00    0.00    0.00    0.00   23.00
20:12:25       3   49.02    0.00   10.78   12.75    0.00    6.86    0.00    0.00    0.00   20.59
20:12:25       4   71.72    0.00   19.19    0.00    0.00    2.02    0.00    0.00    0.00    7.07
20:12:25       5   72.28    0.00   17.82    0.00    0.00    4.95    0.00    0.00    0.00    4.95
20:12:25       6   77.78    0.00   15.15    0.00    0.00    3.03    0.00    0.00    0.00    4.04
20:12:25       7   82.00    0.00   15.00    0.00    0.00    2.00    0.00    0.00    0.00    1.00
20:12:25       8   76.00    0.00   18.00    0.00    0.00    3.00    0.00    0.00    0.00    3.00
20:12:25       9   77.55    0.00   15.31    0.00    0.00    3.06    0.00    0.00    0.00    4.08
20:12:25      10   78.43    0.00   14.71    0.00    0.00    1.96    0.00    0.00    0.00    4.90
20:12:25      11   75.51    0.00   15.31    0.00    0.00    4.08    0.00    0.00    0.00    5.10
20:12:25      12   77.78    0.00   15.15    0.00    0.00    3.03    0.00    0.00    0.00    4.04
20:12:25      13   73.00    0.00   19.00    0.00    0.00    3.00    0.00    0.00    0.00    5.00
20:12:25      14   72.00    0.00   17.00    0.00    0.00    6.00    0.00    0.00    0.00    5.00
20:12:25      15   75.00    0.00   16.00    0.00    0.00    6.00    0.00    0.00    0.00    3.00
20:12:25      16   50.00    0.00   12.50    2.08    0.00    3.12    0.00    0.00    0.00   32.29
20:12:25      17   46.39    0.00   19.59    1.03    0.00    2.06    0.00    0.00    0.00   30.93
20:12:25      18   44.33    0.00   13.40    8.25    0.00    7.22    0.00    0.00    0.00   26.80
20:12:25      19   46.24    0.00   12.90    8.60    0.00    2.15    0.00    0.00    0.00   30.11
20:12:25      20   73.27    0.00   16.83    0.00    0.00    2.97    0.00    0.00    0.00    6.93
20:12:25      21   70.59    0.00   18.63    0.00    0.00    5.88    0.00    0.00    0.00    4.90
20:12:25      22   78.00    0.00   15.00    0.00    0.00    3.00    0.00    0.00    0.00    4.00
20:12:25      23   76.29    0.00   16.49    0.00    0.00    3.09    0.00    0.00    0.00    4.12
20:12:25      24   58.76    0.00   21.65    0.00    0.00   12.37    0.00    0.00    0.00    7.22
20:12:25      25   61.39    0.00   22.77    0.00    0.00   12.87    0.00    0.00    0.00    2.97
20:12:25      26   61.22    0.00   22.45    0.00    0.00   12.24    0.00    0.00    0.00    4.08
20:12:25      27   65.00    0.00   18.00    0.00    0.00    8.00    0.00    0.00    0.00    9.00
20:12:25      28   53.61    0.00   26.80    0.00    0.00   10.31    0.00    0.00    0.00    9.28
20:12:25      29   52.53    0.00   30.30    0.00    0.00   13.13    0.00    0.00    0.00    4.04
20:12:25      30   61.00    0.00   22.00    0.00    0.00   10.00    0.00    0.00    0.00    7.00
20:12:25      31   55.56    0.00   25.25    0.00    0.00   10.10    0.00    0.00    0.00    9.09

20:12:25     CPU    %usr   %nice    %sys %iowait    %irq   %soft  %steal  %guest  %gnice   %idle
20:12:26     all   64.85    0.00   17.89    1.70    0.00    5.65    0.00    0.00    0.00    9.91
20:12:26       0   73.47    0.00   21.43    0.00    0.00    3.06    0.00    0.00    0.00    2.04
20:12:26       1   84.85    0.00   11.11    0.00    0.00    3.03    0.00    0.00    0.00    1.01
20:12:26       2   38.54    0.00   10.42    3.12    0.00    4.17    0.00    0.00    0.00   43.75
20:12:26       3   36.84    0.00   11.58    5.26    0.00    4.21    0.00    0.00    0.00   42.11
20:12:26       4   55.56    0.00   15.15    8.08    0.00    9.09    0.00    0.00    0.00   12.12
20:12:26       5   64.00    0.00   17.00    4.00    0.00    3.00    0.00    0.00    0.00   12.00
20:12:26       6   75.00    0.00   20.00    0.00    0.00    4.00    0.00    0.00    0.00    1.00
20:12:26       7   74.00    0.00   18.00    0.00    0.00    5.00    0.00    0.00    0.00    3.00
20:12:26       8   78.22    0.00   15.84    0.00    0.00    1.98    0.00    0.00    0.00    3.96
20:12:26       9   71.29    0.00   17.82    0.00    0.00    7.92    0.00    0.00    0.00    2.97
20:12:26      10   82.00    0.00   12.00    0.00    0.00    4.00    0.00    0.00    0.00    2.00
20:12:26      11   76.00    0.00   16.00    0.00    0.00    5.00    0.00    0.00    0.00    3.00
20:12:26      12   84.00    0.00   11.00    0.00    0.00    3.00    0.00    0.00    0.00    2.00
20:12:26      13   75.25    0.00   17.82    0.00    0.00    4.95    0.00    0.00    0.00    1.98
20:12:26      14   76.29    0.00   16.49    0.00    0.00    4.12    0.00    0.00    0.00    3.09
20:12:26      15   74.26    0.00   16.83    0.00    0.00    5.94    0.00    0.00    0.00    2.97
20:12:26      16   56.44    0.00   38.61    0.00    0.00    2.97    0.00    0.00    0.00    1.98
20:12:26      17   75.49    0.00   16.67    0.98    0.00    4.90    0.00    0.00    0.00    1.96
20:12:26      18   39.58    0.00   11.46    7.29    0.00    4.17    0.00    0.00    0.00   37.50
20:12:26      19   39.00    0.00   12.00   12.00    0.00    5.00    0.00    0.00    0.00   32.00
20:12:26      20   60.82    0.00   14.43    8.25    0.00    4.12    0.00    0.00    0.00   12.37
20:12:26      21   63.92    0.00   16.49    6.19    0.00    2.06    0.00    0.00    0.00   11.34
20:12:26      22   77.00    0.00   17.00    0.00    0.00    4.00    0.00    0.00    0.00    2.00
20:12:26      23   78.00    0.00   17.00    0.00    0.00    2.00    0.00    0.00    0.00    3.00
20:12:26      24   59.79    0.00   21.65    0.00    0.00   12.37    0.00    0.00    0.00    6.19
20:12:26      25   56.00    0.00   24.00    0.00    0.00   13.00    0.00    0.00    0.00    7.00
20:12:26      26   61.22    0.00   20.41    0.00    0.00    5.10    0.00    0.00    0.00   13.27
20:12:26      27   54.17    0.00   22.92    0.00    0.00   11.46    0.00    0.00    0.00   11.46
20:12:26      28   54.90    0.00   23.53    0.00    0.00   10.78    0.00    0.00    0.00   10.78
20:12:26      29   61.39    0.00   21.78    0.00    0.00    7.92    0.00    0.00    0.00    8.91
20:12:26      30   53.12    0.00   21.88    0.00    0.00   10.42    0.00    0.00    0.00   14.58
20:12:26      31   60.20    0.00   23.47    0.00    0.00    8.16    0.00    0.00    0.00    8.16

20:12:26     CPU    %usr   %nice    %sys %iowait    %irq   %soft  %steal  %guest  %gnice   %idle
20:12:27     all   68.34    0.00   17.69    0.19    0.00    5.37    0.00    0.00    0.00    8.40
20:12:27       0   72.73    0.00   19.19    0.00    0.00    4.04    0.00    0.00    0.00    4.04
20:12:27       1   69.00    0.00   14.00    1.00    0.00    4.00    0.00    0.00    0.00   12.00
20:12:27       2   75.25    0.00   19.80    0.00    0.00    2.97    0.00    0.00    0.00    1.98
20:12:27       3   76.53    0.00   17.35    0.00    0.00    3.06    0.00    0.00    0.00    3.06
20:12:27       4   43.62    0.00   17.02    2.13    0.00    4.26    0.00    0.00    0.00   32.98
20:12:27       5   49.49    0.00   15.15    0.00    0.00    2.02    0.00    0.00    0.00   33.33
20:12:27       6   77.00    0.00   17.00    0.00    0.00    4.00    0.00    0.00    0.00    2.00
20:12:27       7   73.00    0.00   21.00    0.00    0.00    5.00    0.00    0.00    0.00    1.00
20:12:27       8   82.83    0.00   13.13    0.00    0.00    3.03    0.00    0.00    0.00    1.01
20:12:27       9   79.80    0.00   16.16    0.00    0.00    2.02    0.00    0.00    0.00    2.02
20:12:27      10   75.00    0.00   16.00    0.00    0.00    4.00    0.00    0.00    0.00    5.00
20:12:27      11   80.00    0.00   13.00    0.00    0.00    6.00    0.00    0.00    0.00    1.00
20:12:27      12   76.24    0.00   15.84    0.00    0.00    3.96    0.00    0.00    0.00    3.96
20:12:27      13   79.38    0.00   15.46    0.00    0.00    3.09    0.00    0.00    0.00    2.06
20:12:27      14   81.19    0.00   11.88    0.00    0.00    4.95    0.00    0.00    0.00    1.98
20:12:27      15   78.79    0.00   15.15    0.00    0.00    4.04    0.00    0.00    0.00    2.02
20:12:27      16   70.41    0.00   20.41    1.02    0.00    4.08    0.00    0.00    0.00    4.08
20:12:27      17   78.22    0.00   13.86    0.00    0.00    1.98    0.00    0.00    0.00    5.94
20:12:27      18   77.00    0.00   16.00    0.00    0.00    4.00    0.00    0.00    0.00    3.00
20:12:27      19   73.74    0.00   20.20    0.00    0.00    2.02    0.00    0.00    0.00    4.04
20:12:27      20   50.00    0.00   18.09    0.00    0.00    2.13    0.00    0.00    0.00   29.79
20:12:27      21   44.00    0.00   13.00    2.00    0.00    5.00    0.00    0.00    0.00   36.00
20:12:27      22   76.24    0.00   15.84    0.00    0.00    5.94    0.00    0.00    0.00    1.98
20:12:27      23   81.00    0.00   14.00    0.00    0.00    3.00    0.00    0.00    0.00    2.00
20:12:27      24   55.79    0.00   25.26    0.00    0.00    9.47    0.00    0.00    0.00    9.47
20:12:27      25   53.12    0.00   25.00    0.00    0.00   11.46    0.00    0.00    0.00   10.42
20:12:27      26   57.58    0.00   20.20    0.00    0.00   13.13    0.00    0.00    0.00    9.09
20:12:27      27   62.63    0.00   21.21    0.00    0.00    9.09    0.00    0.00    0.00    7.07
20:12:27      28   56.57    0.00   22.22    0.00    0.00   12.12    0.00    0.00    0.00    9.09
20:12:27      29   57.58    0.00   22.22    0.00    0.00   12.12    0.00    0.00    0.00    8.08
20:12:27      30   60.61    0.00   20.20    0.00    0.00    7.07    0.00    0.00    0.00   12.12
20:12:27      31   58.59    0.00   22.22    0.00    0.00    9.09    0.00    0.00    0.00   10.10

20:12:27     CPU    %usr   %nice    %sys %iowait    %irq   %soft  %steal  %guest  %gnice   %idle
20:12:28     all   69.48    0.00   18.47    0.00    0.00    6.04    0.00    0.00    0.00    6.01
20:12:28       0   73.53    0.00   13.73    0.00    0.00    3.92    0.00    0.00    0.00    8.82
20:12:28       1   66.34    0.00    9.90    0.00    0.00    1.98    0.00    0.00    0.00   21.78
20:12:28       2   76.29    0.00   15.46    0.00    0.00    2.06    0.00    0.00    0.00    6.19
20:12:28       3   73.27    0.00   14.85    0.00    0.00    6.93    0.00    0.00    0.00    4.95
20:12:28       4   69.00    0.00   23.00    0.00    0.00    5.00    0.00    0.00    0.00    3.00
20:12:28       5   77.55    0.00   16.33    0.00    0.00    4.08    0.00    0.00    0.00    2.04
20:12:28       6   78.35    0.00   13.40    0.00    0.00    4.12    0.00    0.00    0.00    4.12
20:12:28       7   72.73    0.00   15.15    0.00    0.00    5.05    0.00    0.00    0.00    7.07
20:12:28       8   72.45    0.00   18.37    0.00    0.00    5.10    0.00    0.00    0.00    4.08
20:12:28       9   80.81    0.00   13.13    0.00    0.00    4.04    0.00    0.00    0.00    2.02
20:12:28      10   74.75    0.00   17.17    0.00    0.00    4.04    0.00    0.00    0.00    4.04
20:12:28      11   73.74    0.00   16.16    0.00    0.00    6.06    0.00    0.00    0.00    4.04
20:12:28      12   75.76    0.00   20.20    0.00    0.00    2.02    0.00    0.00    0.00    2.02
20:12:28      13   73.27    0.00   15.84    0.00    0.00    3.96    0.00    0.00    0.00    6.93
20:12:28      14   78.57    0.00   11.22    0.00    0.00    4.08    0.00    0.00    0.00    6.12
20:12:28      15   73.00    0.00   14.00    0.00    0.00    7.00    0.00    0.00    0.00    6.00
20:12:28      16   72.00    0.00   15.00    0.00    0.00    4.00    0.00    0.00    0.00    9.00
20:12:28      17   64.58    0.00   14.58    0.00    0.00    4.17    0.00    0.00    0.00   16.67
20:12:28      18   69.39    0.00   17.35    0.00    0.00    6.12    0.00    0.00    0.00    7.14
20:12:28      19   71.29    0.00   16.83    0.00    0.00    6.93    0.00    0.00    0.00    4.95
20:12:28      20   54.00    0.00   42.00    0.00    0.00    2.00    0.00    0.00    0.00    2.00
20:12:28      21   81.82    0.00   15.15    0.00    0.00    1.01    0.00    0.00    0.00    2.02
20:12:28      22   71.72    0.00   19.19    0.00    0.00    3.03    0.00    0.00    0.00    6.06
20:12:28      23   70.10    0.00   17.53    0.00    0.00    4.12    0.00    0.00    0.00    8.25
20:12:28      24   63.00    0.00   20.00    0.00    0.00   12.00    0.00    0.00    0.00    5.00
20:12:28      25   57.00    0.00   28.00    0.00    0.00   11.00    0.00    0.00    0.00    4.00
20:12:28      26   62.63    0.00   23.23    0.00    0.00   10.10    0.00    0.00    0.00    4.04
20:12:28      27   59.60    0.00   21.21    0.00    0.00   11.11    0.00    0.00    0.00    8.08
20:12:28      28   59.80    0.00   24.51    0.00    0.00   10.78    0.00    0.00    0.00    4.90
20:12:28      29   55.00    0.00   22.00    0.00    0.00   12.00    0.00    0.00    0.00   11.00
20:12:28      30   59.00    0.00   25.00    0.00    0.00   13.00    0.00    0.00    0.00    3.00
20:12:28      31   64.00    0.00   21.00    0.00    0.00   12.00    0.00    0.00    0.00    3.00

20:12:28     CPU    %usr   %nice    %sys %iowait    %irq   %soft  %steal  %guest  %gnice   %idle
20:12:29     all   69.66    0.00   19.21    0.00    0.00    6.46    0.00    0.00    0.00    4.67
20:12:29       0   74.47    0.00   13.83    0.00    0.00    5.32    0.00    0.00    0.00    6.38
20:12:29       1   76.77    0.00   13.13    0.00    0.00    4.04    0.00    0.00    0.00    6.06
20:12:29       2   67.65    0.00   20.59    0.00    0.00    5.88    0.00    0.00    0.00    5.88
20:12:29       3   75.00    0.00   17.00    0.00    0.00    3.00    0.00    0.00    0.00    5.00
20:12:29       4   70.00    0.00   21.00    0.00    0.00    5.00    0.00    0.00    0.00    4.00
20:12:29       5   74.00    0.00   16.00    0.00    0.00    5.00    0.00    0.00    0.00    5.00
20:12:29       6   73.74    0.00   16.16    0.00    0.00    4.04    0.00    0.00    0.00    6.06
20:12:29       7   70.30    0.00   19.80    0.00    0.00    3.96    0.00    0.00    0.00    5.94
20:12:29       8   77.00    0.00   14.00    0.00    0.00    5.00    0.00    0.00    0.00    4.00
20:12:29       9   84.00    0.00   15.00    0.00    0.00    0.00    0.00    0.00    0.00    1.00
20:12:29      10   76.00    0.00   12.00    0.00    0.00    5.00    0.00    0.00    0.00    7.00
20:12:29      11   74.75    0.00   18.18    0.00    0.00    4.04    0.00    0.00    0.00    3.03
20:12:29      12   72.73    0.00   16.16    0.00    0.00    6.06    0.00    0.00    0.00    5.05
20:12:29      13   70.41    0.00   16.33    0.00    0.00    6.12    0.00    0.00    0.00    7.14
20:12:29      14   80.81    0.00   15.15    0.00    0.00    3.03    0.00    0.00    0.00    1.01
20:12:29      15   78.00    0.00   14.00    0.00    0.00    5.00    0.00    0.00    0.00    3.00
20:12:29      16   74.26    0.00   11.88    0.00    0.00    4.95    0.00    0.00    0.00    8.91
20:12:29      17   71.29    0.00   15.84    0.00    0.00    2.97    0.00    0.00    0.00    9.90
20:12:29      18   71.13    0.00   18.56    0.00    0.00    6.19    0.00    0.00    0.00    4.12
20:12:29      19   74.00    0.00   15.00    0.00    0.00    5.00    0.00    0.00    0.00    6.00
20:12:29      20   47.00    0.00   47.00    0.00    0.00    3.00    0.00    0.00    0.00    3.00
20:12:29      21   73.00    0.00   16.00    0.00    0.00    4.00    0.00    0.00    0.00    7.00
20:12:29      22   75.76    0.00   13.13    0.00    0.00    6.06    0.00    0.00    0.00    5.05
20:12:29      23   76.24    0.00   15.84    0.00    0.00    3.96    0.00    0.00    0.00    3.96
20:12:29      24   58.00    0.00   26.00    0.00    0.00   12.00    0.00    0.00    0.00    4.00
20:12:29      25   56.44    0.00   29.70    0.00    0.00   10.89    0.00    0.00    0.00    2.97
20:12:29      26   62.00    0.00   23.00    0.00    0.00   11.00    0.00    0.00    0.00    4.00
20:12:29      27   57.28    0.00   25.24    0.00    0.00   14.56    0.00    0.00    0.00    2.91
20:12:29      28   63.27    0.00   21.43    0.00    0.00   13.27    0.00    0.00    0.00    2.04
20:12:29      29   56.44    0.00   24.75    0.00    0.00   14.85    0.00    0.00    0.00    3.96
20:12:29      30   58.00    0.00   27.00    0.00    0.00   12.00    0.00    0.00    0.00    3.00
20:12:29      31   60.61    0.00   25.25    0.00    0.00   11.11    0.00    0.00    0.00    3.03

20:12:29     CPU    %usr   %nice    %sys %iowait    %irq   %soft  %steal  %guest  %gnice   %idle
20:12:30     all   69.17    0.00   19.67    0.00    0.00    6.02    0.00    0.00    0.00    5.14
20:12:30       0   69.00    0.00   18.00    0.00    0.00    5.00    0.00    0.00    0.00    8.00
20:12:30       1   70.10    0.00   16.49    0.00    0.00    4.12    0.00    0.00    0.00    9.28
20:12:30       2   72.45    0.00   20.41    0.00    0.00    3.06    0.00    0.00    0.00    4.08
20:12:30       3   80.00    0.00   13.68    0.00    0.00    2.11    0.00    0.00    0.00    4.21
20:12:30       4   65.00    0.00   30.00    0.00    0.00    1.00    0.00    0.00    0.00    4.00
20:12:30       5   74.49    0.00   17.35    0.00    0.00    2.04    0.00    0.00    0.00    6.12
20:12:30       6   74.23    0.00   15.46    0.00    0.00    5.15    0.00    0.00    0.00    5.15
20:12:30       7   76.00    0.00   14.00    0.00    0.00    5.00    0.00    0.00    0.00    5.00
20:12:30       8   79.80    0.00   12.12    0.00    0.00    5.05    0.00    0.00    0.00    3.03
20:12:30       9   87.88    0.00   10.10    0.00    0.00    0.00    0.00    0.00    0.00    2.02
20:12:30      10   73.00    0.00   17.00    0.00    0.00    4.00    0.00    0.00    0.00    6.00
20:12:30      11   67.68    0.00   20.20    0.00    0.00    5.05    0.00    0.00    0.00    7.07
20:12:30      12   73.79    0.00   15.53    0.00    0.00    4.85    0.00    0.00    0.00    5.83
20:12:30      13   71.29    0.00   18.81    0.00    0.00    3.96    0.00    0.00    0.00    5.94
20:12:30      14   75.00    0.00   14.00    0.00    0.00    6.00    0.00    0.00    0.00    5.00
20:12:30      15   75.76    0.00   16.16    0.00    0.00    5.05    0.00    0.00    0.00    3.03
20:12:30      16   69.00    0.00   21.00    0.00    0.00    4.00    0.00    0.00    0.00    6.00
20:12:30      17   69.31    0.00   19.80    0.00    0.00    2.97    0.00    0.00    0.00    7.92
20:12:30      18   73.00    0.00   16.00    0.00    0.00    4.00    0.00    0.00    0.00    7.00
20:12:30      19   70.00    0.00   20.00    0.00    0.00    5.00    0.00    0.00    0.00    5.00
20:12:30      20   65.00    0.00   28.00    0.00    0.00    3.00    0.00    0.00    0.00    4.00
20:12:30      21   73.47    0.00   16.33    0.00    0.00    4.08    0.00    0.00    0.00    6.12
20:12:30      22   73.27    0.00   15.84    0.00    0.00    4.95    0.00    0.00    0.00    5.94
20:12:30      23   71.00    0.00   19.00    0.00    0.00    5.00    0.00    0.00    0.00    5.00
20:12:30      24   55.45    0.00   23.76    0.00    0.00   18.81    0.00    0.00    0.00    1.98
20:12:30      25   57.00    0.00   32.00    0.00    0.00    9.00    0.00    0.00    0.00    2.00
20:12:30      26   55.56    0.00   28.28    0.00    0.00   10.10    0.00    0.00    0.00    6.06
20:12:30      27   50.50    0.00   23.76    0.00    0.00   11.88    0.00    0.00    0.00   13.86
20:12:30      28   61.17    0.00   23.30    0.00    0.00   11.65    0.00    0.00    0.00    3.88
20:12:30      29   62.63    0.00   24.24    0.00    0.00   12.12    0.00    0.00    0.00    1.01
20:12:30      30   60.40    0.00   23.76    0.00    0.00   13.86    0.00    0.00    0.00    1.98
20:12:30      31   62.63    0.00   24.24    0.00    0.00   10.10    0.00    0.00    0.00    3.03

20:12:30     CPU    %usr   %nice    %sys %iowait    %irq   %soft  %steal  %guest  %gnice   %idle
20:12:31     all   69.84    0.00   19.46    0.03    0.00    5.86    0.00    0.00    0.00    4.80
20:12:31       0   71.13    0.00   13.40    0.00    0.00    8.25    0.00    0.00    0.00    7.22
20:12:31       1   67.65    0.00   18.63    0.98    0.00    5.88    0.00    0.00    0.00    6.86
20:12:31       2   73.53    0.00   20.59    0.00    0.00    2.94    0.00    0.00    0.00    2.94
20:12:31       3   68.27    0.00   21.15    0.00    0.00    5.77    0.00    0.00    0.00    4.81
20:12:31       4   60.19    0.00   24.27    0.00    0.00    5.83    0.00    0.00    0.00    9.71
20:12:31       5   72.28    0.00   16.83    0.00    0.00    2.97    0.00    0.00    0.00    7.92
20:12:31       6   71.15    0.00   19.23    0.00    0.00    4.81    0.00    0.00    0.00    4.81
20:12:31       7   72.00    0.00   15.00    0.00    0.00    5.00    0.00    0.00    0.00    8.00
20:12:31       8   76.77    0.00   16.16    0.00    0.00    4.04    0.00    0.00    0.00    3.03
20:12:31       9   85.44    0.00   11.65    0.00    0.00    0.97    0.00    0.00    0.00    1.94
20:12:31      10   78.00    0.00   11.00    0.00    0.00    4.00    0.00    0.00    0.00    7.00
20:12:31      11   77.23    0.00   15.84    0.00    0.00    1.98    0.00    0.00    0.00    4.95
20:12:31      12   77.78    0.00   13.13    0.00    0.00    6.06    0.00    0.00    0.00    3.03
20:12:31      13   73.00    0.00   17.00    0.00    0.00    4.00    0.00    0.00    0.00    6.00
20:12:31      14   66.00    0.00   27.00    0.00    0.00    4.00    0.00    0.00    0.00    3.00
20:12:31      15   76.29    0.00   15.46    0.00    0.00    4.12    0.00    0.00    0.00    4.12
20:12:31      16   73.27    0.00   14.85    0.00    0.00    3.96    0.00    0.00    0.00    7.92
20:12:31      17   75.76    0.00   17.17    0.00    0.00    2.02    0.00    0.00    0.00    5.05
20:12:31      18   67.65    0.00   21.57    0.00    0.00    5.88    0.00    0.00    0.00    4.90
20:12:31      19   71.43    0.00   22.45    0.00    0.00    3.06    0.00    0.00    0.00    3.06
20:12:31      20   70.83    0.00   18.75    0.00    0.00    5.21    0.00    0.00    0.00    5.21
20:12:31      21   74.75    0.00   15.15    0.00    0.00    4.04    0.00    0.00    0.00    6.06
20:12:31      22   76.00    0.00   16.00    0.00    0.00    2.00    0.00    0.00    0.00    6.00
20:12:31      23   74.00    0.00   19.00    0.00    0.00    2.00    0.00    0.00    0.00    5.00
20:12:31      24   62.38    0.00   22.77    0.00    0.00   12.87    0.00    0.00    0.00    1.98
20:12:31      25   61.39    0.00   23.76    0.00    0.00   12.87    0.00    0.00    0.00    1.98
20:12:31      26   60.40    0.00   23.76    0.00    0.00   12.87    0.00    0.00    0.00    2.97
20:12:31      27   59.60    0.00   28.28    0.00    0.00    9.09    0.00    0.00    0.00    3.03
20:12:31      28   63.27    0.00   24.49    0.00    0.00   10.20    0.00    0.00    0.00    2.04
20:12:31      29   59.60    0.00   26.26    0.00    0.00    9.09    0.00    0.00    0.00    5.05
20:12:31      30   60.61    0.00   25.25    0.00    0.00   10.10    0.00    0.00    0.00    4.04
20:12:31      31   57.43    0.00   26.73    0.00    0.00   11.88    0.00    0.00    0.00    3.96

20:12:31     CPU    %usr   %nice    %sys %iowait    %irq   %soft  %steal  %guest  %gnice   %idle
20:12:32     all   70.37    0.00   15.94    0.86    0.00    5.43    0.00    0.00    0.00    7.40
20:12:32       0   87.00    0.00    5.00    1.00    0.00    3.00    0.00    0.00    0.00    4.00
20:12:32       1   57.45    0.00   14.89    1.06    0.00    8.51    0.00    0.00    0.00   18.09
20:12:32       2   78.79    0.00   16.16    0.00    0.00    3.03    0.00    0.00    0.00    2.02
20:12:32       3   77.55    0.00   16.33    0.00    0.00    4.08    0.00    0.00    0.00    2.04
20:12:32       4   56.12    0.00   17.35    8.16    0.00    5.10    0.00    0.00    0.00   13.27
20:12:32       5   97.96    0.00    1.02    0.00    0.00    1.02    0.00    0.00    0.00    0.00
20:12:32       6   77.78    0.00   16.16    0.00    0.00    4.04    0.00    0.00    0.00    2.02
20:12:32       7   98.00    0.00    2.00    0.00    0.00    0.00    0.00    0.00    0.00    0.00
20:12:32       8   74.26    0.00   19.80    0.00    0.00    3.96    0.00    0.00    0.00    1.98
20:12:32       9   88.66    0.00   10.31    0.00    0.00    1.03    0.00    0.00    0.00    0.00
20:12:32      10   72.73    0.00   21.21    0.00    0.00    4.04    0.00    0.00    0.00    2.02
20:12:32      11   79.00    0.00   17.00    0.00    0.00    3.00    0.00    0.00    0.00    1.00
20:12:32      12   76.24    0.00   15.84    0.00    0.00    5.94    0.00    0.00    0.00    1.98
20:12:32      13   80.00    0.00   13.00    0.00    0.00    3.00    0.00    0.00    0.00    4.00
20:12:32      14   59.41    0.00   37.62    0.00    0.00    1.98    0.00    0.00    0.00    0.99
20:12:32      15   72.00    0.00   18.00    0.00    0.00    6.00    0.00    0.00    0.00    4.00
20:12:32      16   81.72    0.00    7.53    0.00    0.00    2.15    0.00    0.00    0.00    8.60
20:12:32      17   61.22    0.00   19.39    1.02    0.00    2.04    0.00    0.00    0.00   16.33
20:12:32      18   76.24    0.00   15.84    0.00    0.00    4.95    0.00    0.00    0.00    2.97
20:12:32      19   93.88    0.00    4.08    0.00    0.00    1.02    0.00    0.00    0.00    1.02
20:12:32      20   60.40    0.00   12.87    8.91    0.00    5.94    0.00    0.00    0.00   11.88
20:12:32      21   58.16    0.00   15.31    7.14    0.00    6.12    0.00    0.00    0.00   13.27
20:12:32      22   81.63    0.00   12.24    0.00    0.00    4.08    0.00    0.00    0.00    2.04
20:12:32      23   76.00    0.00   19.00    0.00    0.00    3.00    0.00    0.00    0.00    2.00
20:12:32      24   51.02    0.00   19.39    0.00    0.00   11.22    0.00    0.00    0.00   18.37
20:12:32      25   52.04    0.00   23.47    0.00    0.00    9.18    0.00    0.00    0.00   15.31
20:12:32      26   53.12    0.00   23.96    0.00    0.00   10.42    0.00    0.00    0.00   12.50
20:12:32      27   53.06    0.00   20.41    0.00    0.00   10.20    0.00    0.00    0.00   16.33
20:12:32      28   56.57    0.00   19.19    0.00    0.00   12.12    0.00    0.00    0.00   12.12
20:12:32      29   56.70    0.00   17.53    0.00    0.00   10.31    0.00    0.00    0.00   15.46
20:12:32      30   50.00    0.00   15.62    0.00    0.00   12.50    0.00    0.00    0.00   21.88
20:12:32      31   54.74    0.00   22.11    0.00    0.00   11.58    0.00    0.00    0.00   11.58

20:12:32     CPU    %usr   %nice    %sys %iowait    %irq   %soft  %steal  %guest  %gnice   %idle
20:12:33     all   76.08    0.00   14.42    0.79    0.00    4.02    0.00    0.00    0.00    4.68
20:12:33       0   99.01    0.00    0.99    0.00    0.00    0.00    0.00    0.00    0.00    0.00
20:12:33       1   73.74    0.00   20.20    0.00    0.00    2.02    0.00    0.00    0.00    4.04
20:12:33       2   80.81    0.00   17.17    0.00    0.00    1.01    0.00    0.00    0.00    1.01
20:12:33       3   94.06    0.00    3.96    0.00    0.00    1.98    0.00    0.00    0.00    0.00
20:12:33       4   63.73    0.00   13.73    4.90    0.00    1.96    0.00    0.00    0.00   15.69
20:12:33       5   95.96    0.00    2.02    0.00    0.00    1.01    0.00    0.00    0.00    1.01
20:12:33       6   91.00    0.00    7.00    0.00    0.00    2.00    0.00    0.00    0.00    0.00
20:12:33       7   90.00    0.00    8.00    0.00    0.00    1.00    0.00    0.00    0.00    1.00
20:12:33       8   76.77    0.00   15.15    0.00    0.00    8.08    0.00    0.00    0.00    0.00
20:12:33       9   77.45    0.00   16.67    0.00    0.00    3.92    0.00    0.00    0.00    1.96
20:12:33      10   90.00    0.00    9.00    0.00    0.00    1.00    0.00    0.00    0.00    0.00
20:12:33      11   81.82    0.00   13.13    0.00    0.00    4.04    0.00    0.00    0.00    1.01
20:12:33      12   80.00    0.00   16.00    0.00    0.00    3.00    0.00    0.00    0.00    1.00
20:12:33      13   79.21    0.00   14.85    0.00    0.00    4.95    0.00    0.00    0.00    0.99
20:12:33      14   82.00    0.00   14.00    0.00    0.00    3.00    0.00    0.00    0.00    1.00
20:12:33      15   90.10    0.00    6.93    0.00    0.00    2.97    0.00    0.00    0.00    0.00
20:12:33      16   76.00    0.00   18.00    0.00    0.00    5.00    0.00    0.00    0.00    1.00
20:12:33      17   77.00    0.00   20.00    0.00    0.00    2.00    0.00    0.00    0.00    1.00
20:12:33      18   81.00    0.00   16.00    0.00    0.00    2.00    0.00    0.00    0.00    1.00
20:12:33      19   99.01    0.00    0.00    0.00    0.00    0.00    0.00    0.00    0.00    0.99
20:12:33      20   67.01    0.00   17.53    3.09    0.00    2.06    0.00    0.00    0.00   10.31
20:12:33      21   44.79    0.00   19.79   17.71    0.00    6.25    0.00    0.00    0.00   11.46
20:12:33      22   85.00    0.00   10.00    0.00    0.00    4.00    0.00    0.00    0.00    1.00
20:12:33      23   80.00    0.00   15.00    0.00    0.00    4.00    0.00    0.00    0.00    1.00
20:12:33      24   54.64    0.00   24.74    0.00    0.00    9.28    0.00    0.00    0.00   11.34
20:12:33      25   73.00    0.00   17.00    0.00    0.00    4.00    0.00    0.00    0.00    6.00
20:12:33      26   51.49    0.00   21.78    0.00    0.00    9.90    0.00    0.00    0.00   16.83
20:12:33      27   67.68    0.00   16.16    0.00    0.00    7.07    0.00    0.00    0.00    9.09
20:12:33      28   54.55    0.00   23.23    0.00    0.00    8.08    0.00    0.00    0.00   14.14
20:12:33      29   48.94    0.00   25.53    0.00    0.00    8.51    0.00    0.00    0.00   17.02
20:12:33      30   73.47    0.00   18.37    0.00    0.00    2.04    0.00    0.00    0.00    6.12
20:12:33      31   50.52    0.00   21.65    0.00    0.00   13.40    0.00    0.00    0.00   14.43

20:12:33     CPU    %usr   %nice    %sys %iowait    %irq   %soft  %steal  %guest  %gnice   %idle
20:12:34     all   78.90    0.00   11.46    0.41    0.00    3.49    0.00    0.00    0.00    5.73
20:12:34       0   93.94    0.00    4.04    0.00    0.00    2.02    0.00    0.00    0.00    0.00
20:12:34       1   60.82    0.00   16.49    7.22    0.00    7.22    0.00    0.00    0.00    8.25
20:12:34       2   76.00    0.00   17.00    0.00    0.00    5.00    0.00    0.00    0.00    2.00
20:12:34       3  100.00    0.00    0.00    0.00    0.00    0.00    0.00    0.00    0.00    0.00
20:12:34       4   95.05    0.00    2.97    0.00    0.00    0.99    0.00    0.00    0.00    0.99
20:12:34       5   89.90    0.00    9.09    0.00    0.00    0.00    0.00    0.00    0.00    1.01
20:12:34       6  100.00    0.00    0.00    0.00    0.00    0.00    0.00    0.00    0.00    0.00
20:12:34       7   71.00    0.00   24.00    0.00    0.00    3.00    0.00    0.00    0.00    2.00
20:12:34       8   74.75    0.00   16.16    0.00    0.00    6.06    0.00    0.00    0.00    3.03
20:12:34       9   80.61    0.00   14.29    0.00    0.00    4.08    0.00    0.00    0.00    1.02
20:12:34      10   87.88    0.00    8.08    0.00    0.00    2.02    0.00    0.00    0.00    2.02
20:12:34      11   87.13    0.00    8.91    0.00    0.00    3.96    0.00    0.00    0.00    0.00
20:12:34      12   78.79    0.00   14.14    0.00    0.00    4.04    0.00    0.00    0.00    3.03
20:12:34      13   78.79    0.00   13.13    0.00    0.00    4.04    0.00    0.00    0.00    4.04
20:12:34      14   83.84    0.00   11.11    0.00    0.00    4.04    0.00    0.00    0.00    1.01
20:12:34      15  100.00    0.00    0.00    0.00    0.00    0.00    0.00    0.00    0.00    0.00
20:12:34      16   72.00    0.00   15.00    1.00    0.00    4.00    0.00    0.00    0.00    8.00
20:12:34      17   84.00    0.00    9.00    2.00    0.00    1.00    0.00    0.00    0.00    4.00
20:12:34      18   75.00    0.00   19.00    0.00    0.00    4.00    0.00    0.00    0.00    2.00
20:12:34      19   80.81    0.00   17.17    0.00    0.00    2.02    0.00    0.00    0.00    0.00
20:12:34      20   93.94    0.00    6.06    0.00    0.00    0.00    0.00    0.00    0.00    0.00
20:12:34      21   82.35    0.00    5.88    0.00    0.00    0.00    0.00    0.00    0.00   11.76
20:12:34      22  100.00    0.00    0.00    0.00    0.00    0.00    0.00    0.00    0.00    0.00
20:12:34      23   85.00    0.00   12.00    0.00    0.00    2.00    0.00    0.00    0.00    1.00
20:12:34      24   51.49    0.00   12.87    0.00    0.00   11.88    0.00    0.00    0.00   23.76
20:12:34      25   74.74    0.00   11.58    0.00    0.00    4.21    0.00    0.00    0.00    9.47
20:12:34      26   53.19    0.00   20.21    0.00    0.00    7.45    0.00    0.00    0.00   19.15
20:12:34      27   82.83    0.00    8.08    3.03    0.00    5.05    0.00    0.00    0.00    1.01
20:12:34      28   43.88    0.00   18.37    0.00    0.00    8.16    0.00    0.00    0.00   29.59
20:12:34      29   45.92    0.00   21.43    0.00    0.00    7.14    0.00    0.00    0.00   25.51
20:12:34      30   57.84    0.00   16.67    0.00    0.00    5.88    0.00    0.00    0.00   19.61
20:12:34      31   81.00    0.00   15.00    0.00    0.00    3.00    0.00    0.00    0.00    1.00

20:12:34     CPU    %usr   %nice    %sys %iowait    %irq   %soft  %steal  %guest  %gnice   %idle
20:12:35     all   78.69    0.00   11.69    0.63    0.00    3.70    0.00    0.00    0.00    5.30
20:12:35       0   83.17    0.00   12.87    0.00    0.00    2.97    0.00    0.00    0.00    0.99
20:12:35       1   88.00    0.00    8.00    0.00    0.00    3.00    0.00    0.00    0.00    1.00
20:12:35       2   77.78    0.00   15.15    0.00    0.00    6.06    0.00    0.00    0.00    1.01
20:12:35       3   99.00    0.00    0.00    0.00    0.00    1.00    0.00    0.00    0.00    0.00
20:12:35       4  100.00    0.00    0.00    0.00    0.00    0.00    0.00    0.00    0.00    0.00
20:12:35       5   79.00    0.00   14.00    0.00    0.00    2.00    0.00    0.00    0.00    5.00
20:12:35       6   84.31    0.00   11.76    0.00    0.00    2.94    0.00    0.00    0.00    0.98
20:12:35       7   59.41    0.00   33.66    0.00    0.00    5.94    0.00    0.00    0.00    0.99
20:12:35       8   80.81    0.00   15.15    0.00    0.00    2.02    0.00    0.00    0.00    2.02
20:12:35       9   93.07    0.00    4.95    0.00    0.00    0.99    0.00    0.00    0.00    0.99
20:12:35      10   74.49    0.00   15.31    1.02    0.00    3.06    0.00    0.00    0.00    6.12
20:12:35      11   77.45    0.00    8.82    2.94    0.00    3.92    0.00    0.00    0.00    6.86
20:12:35      12   85.15    0.00    9.90    0.00    0.00    3.96    0.00    0.00    0.00    0.99
20:12:35      13   75.00    0.00   21.00    0.00    0.00    3.00    0.00    0.00    0.00    1.00
20:12:35      14   88.00    0.00    9.00    0.00    0.00    2.00    0.00    0.00    0.00    1.00
20:12:35      15   96.04    0.00    0.99    0.00    0.00    1.98    0.00    0.00    0.00    0.99
20:12:35      16   97.00    0.00    3.00    0.00    0.00    0.00    0.00    0.00    0.00    0.00
20:12:35      17   97.03    0.00    1.98    0.00    0.00    0.00    0.00    0.00    0.00    0.99
20:12:35      18   71.00    0.00   22.00    0.00    0.00    5.00    0.00    0.00    0.00    2.00
20:12:35      19   79.21    0.00   12.87    0.00    0.00    5.94    0.00    0.00    0.00    1.98
20:12:35      20   64.36    0.00   12.87    1.98    0.00    8.91    0.00    0.00    0.00   11.88
20:12:35      21  100.00    0.00    0.00    0.00    0.00    0.00    0.00    0.00    0.00    0.00
20:12:35      22   98.02    0.00    1.98    0.00    0.00    0.00    0.00    0.00    0.00    0.00
20:12:35      23   94.00    0.00    6.00    0.00    0.00    0.00    0.00    0.00    0.00    0.00
20:12:35      24   57.58    0.00   23.23    0.00    0.00    7.07    0.00    0.00    0.00   12.12
20:12:35      25   84.31    0.00   10.78    0.00    0.00    2.94    0.00    0.00    0.00    1.96
20:12:35      26   39.58    0.00   12.50    2.08    0.00    6.25    0.00    0.00    0.00   39.58
20:12:35      27   27.08    0.00   14.58   12.50    0.00    9.38    0.00    0.00    0.00   36.46
20:12:35      28   55.32    0.00   21.28    0.00    0.00    7.45    0.00    0.00    0.00   15.96
20:12:35      29   53.61    0.00   21.65    0.00    0.00   12.37    0.00    0.00    0.00   12.37
20:12:35      30   75.00    0.00   16.00    0.00    0.00    5.00    0.00    0.00    0.00    4.00
20:12:35      31   77.55    0.00   14.29    0.00    0.00    4.08    0.00    0.00    0.00    4.08

20:12:35     CPU    %usr   %nice    %sys %iowait    %irq   %soft  %steal  %guest  %gnice   %idle
20:12:36     all   83.20    0.00   10.80    0.63    0.00    3.47    0.00    0.00    0.00    1.89
20:12:36       0   78.57    0.00   13.27    0.00    0.00    6.12    0.00    0.00    0.00    2.04
20:12:36       1   99.00    0.00    1.00    0.00    0.00    0.00    0.00    0.00    0.00    0.00
20:12:36       2   73.00    0.00   18.00    0.00    0.00    6.00    0.00    0.00    0.00    3.00
20:12:36       3   94.95    0.00    4.04    0.00    0.00    1.01    0.00    0.00    0.00    0.00
20:12:36       4   65.62    0.00   15.62    9.38    0.00    8.33    0.00    0.00    0.00    1.04
20:12:36       5   81.82    0.00   13.13    0.00    0.00    3.03    0.00    0.00    0.00    2.02
20:12:36       6   77.55    0.00   14.29    0.00    0.00    5.10    0.00    0.00    0.00    3.06
20:12:36       7   77.55    0.00   17.35    0.00    0.00    3.06    0.00    0.00    0.00    2.04
20:12:36       8   86.14    0.00    9.90    0.00    0.00    2.97    0.00    0.00    0.00    0.99
20:12:36       9   87.88    0.00   10.10    0.00    0.00    2.02    0.00    0.00    0.00    0.00
20:12:36      10  100.00    0.00    0.00    0.00    0.00    0.00    0.00    0.00    0.00    0.00
20:12:36      11  100.00    0.00    0.00    0.00    0.00    0.00    0.00    0.00    0.00    0.00
20:12:36      12   93.00    0.00    6.00    0.00    0.00    0.00    0.00    0.00    0.00    1.00
20:12:36      13   87.88    0.00    8.08    0.00    0.00    3.03    0.00    0.00    0.00    1.01
20:12:36      14   94.06    0.00    4.95    0.00    0.00    0.99    0.00    0.00    0.00    0.00
20:12:36      15   98.00    0.00    1.00    0.00    0.00    1.00    0.00    0.00    0.00    0.00
20:12:36      16   94.95    0.00    3.03    0.00    0.00    1.01    0.00    0.00    0.00    1.01
20:12:36      17   99.00    0.00    1.00    0.00    0.00    0.00    0.00    0.00    0.00    0.00
20:12:36      18   78.35    0.00   15.46    0.00    0.00    4.12    0.00    0.00    0.00    2.06
20:12:36      19   77.78    0.00   14.14    0.00    0.00    5.05    0.00    0.00    0.00    3.03
20:12:36      20   80.21    0.00    9.38    5.21    0.00    2.08    0.00    0.00    0.00    3.12
20:12:36      21   78.00    0.00   13.00    0.00    0.00    6.00    0.00    0.00    0.00    3.00
20:12:36      22   87.88    0.00    9.09    0.00    0.00    2.02    0.00    0.00    0.00    1.01
20:12:36      23   72.00    0.00   21.00    0.00    0.00    4.00    0.00    0.00    0.00    3.00
20:12:36      24   74.00    0.00   19.00    0.00    0.00    5.00    0.00    0.00    0.00    2.00
20:12:36      25   75.26    0.00   13.40    0.00    0.00    6.19    0.00    0.00    0.00    5.15
20:12:36      26   90.00    0.00    8.00    0.00    0.00    2.00    0.00    0.00    0.00    0.00
20:12:36      27   78.22    0.00    8.91    5.94    0.00    6.93    0.00    0.00    0.00    0.00
20:12:36      28   67.01    0.00   20.62    0.00    0.00    7.22    0.00    0.00    0.00    5.15
20:12:36      29   74.00    0.00   15.00    0.00    0.00    6.00    0.00    0.00    0.00    5.00
20:12:36      30   61.70    0.00   21.28    0.00    0.00    5.32    0.00    0.00    0.00   11.70
20:12:36      31   76.00    0.00   18.00    0.00    0.00    6.00    0.00    0.00    0.00    0.00

20:12:36     CPU    %usr   %nice    %sys %iowait    %irq   %soft  %steal  %guest  %gnice   %idle
20:12:37     all   84.25    0.00   10.09    0.94    0.00    3.11    0.00    0.00    0.00    1.60
20:12:37       0   87.13    0.00    7.92    0.00    0.00    3.96    0.00    0.00    0.00    0.99
20:12:37       1   85.86    0.00   12.12    0.00    0.00    2.02    0.00    0.00    0.00    0.00
20:12:37       2   80.00    0.00   16.00    0.00    0.00    3.00    0.00    0.00    0.00    1.00
20:12:37       3   94.06    0.00    4.95    0.00    0.00    0.00    0.00    0.00    0.00    0.99
20:12:37       4   83.67    0.00   12.24    0.00    0.00    3.06    0.00    0.00    0.00    1.02
20:12:37       5   84.00    0.00   12.00    0.00    0.00    3.00    0.00    0.00    0.00    1.00
20:12:37       6   69.00    0.00   24.00    0.00    0.00    6.00    0.00    0.00    0.00    1.00
20:12:37       7   86.00    0.00   11.00    0.00    0.00    2.00    0.00    0.00    0.00    1.00
20:12:37       8   84.00    0.00    9.00    0.00    0.00    3.00    0.00    0.00    0.00    4.00
20:12:37       9   89.90    0.00    3.03    3.03    0.00    2.02    0.00    0.00    0.00    2.02
20:12:37      10  100.00    0.00    0.00    0.00    0.00    0.00    0.00    0.00    0.00    0.00
20:12:37      11  100.00    0.00    0.00    0.00    0.00    0.00    0.00    0.00    0.00    0.00
20:12:37      12   91.09    0.00    5.94    0.00    0.00    1.98    0.00    0.00    0.00    0.99
20:12:37      13   83.00    0.00   12.00    0.00    0.00    4.00    0.00    0.00    0.00    1.00
20:12:37      14   93.94    0.00    3.03    0.00    0.00    3.03    0.00    0.00    0.00    0.00
20:12:37      15   96.00    0.00    4.00    0.00    0.00    0.00    0.00    0.00    0.00    0.00
20:12:37      16   90.00    0.00    8.00    0.00    0.00    1.00    0.00    0.00    0.00    1.00
20:12:37      17  100.00    0.00    0.00    0.00    0.00    0.00    0.00    0.00    0.00    0.00
20:12:37      18   95.00    0.00    4.00    0.00    0.00    1.00    0.00    0.00    0.00    0.00
20:12:37      19   98.00    0.00    2.00    0.00    0.00    0.00    0.00    0.00    0.00    0.00
20:12:37      20   86.27    0.00    5.88    0.00    0.00    1.96    0.00    0.00    0.00    5.88
20:12:37      21   76.00    0.00   19.00    0.00    0.00    4.00    0.00    0.00    0.00    1.00
20:12:37      22   93.00    0.00    3.00    0.00    0.00    4.00    0.00    0.00    0.00    0.00
20:12:37      23   63.64    0.00   32.32    0.00    0.00    3.03    0.00    0.00    0.00    1.01
20:12:37      24   90.91    0.00    3.03    0.00    0.00    0.00    0.00    0.00    0.00    6.06
20:12:37      25   43.30    0.00   16.49   27.84    0.00   10.31    0.00    0.00    0.00    2.06
20:12:37      26   87.88    0.00    9.09    0.00    0.00    3.03    0.00    0.00    0.00    0.00
20:12:37      27   85.15    0.00   10.89    0.00    0.00    2.97    0.00    0.00    0.00    0.99
20:12:37      28   70.83    0.00   16.67    0.00    0.00    8.33    0.00    0.00    0.00    4.17
20:12:37      29   56.52    0.00   22.83    0.00    0.00    7.61    0.00    0.00    0.00   13.04
20:12:37      30   73.74    0.00   17.17    0.00    0.00    7.07    0.00    0.00    0.00    2.02
20:12:37      31   74.00    0.00   17.00    0.00    0.00    9.00    0.00    0.00    0.00    0.00

20:12:37     CPU    %usr   %nice    %sys %iowait    %irq   %soft  %steal  %guest  %gnice   %idle
20:12:38     all   78.46    0.00   11.96    0.53    0.00    3.82    0.00    0.00    0.00    5.22
20:12:38       0   95.05    0.00    3.96    0.00    0.00    0.99    0.00    0.00    0.00    0.00
20:12:38       1   99.00    0.00    1.00    0.00    0.00    0.00    0.00    0.00    0.00    0.00
20:12:38       2   89.11    0.00    7.92    0.00    0.00    1.98    0.00    0.00    0.00    0.99
20:12:38       3   77.67    0.00   12.62    0.00    0.00    5.83    0.00    0.00    0.00    3.88
20:12:38       4   83.17    0.00    8.91    0.00    0.00    4.95    0.00    0.00    0.00    2.97
20:12:38       5   76.24    0.00   16.83    0.00    0.00    3.96    0.00    0.00    0.00    2.97
20:12:38       6   84.31    0.00   10.78    0.00    0.00    3.92    0.00    0.00    0.00    0.98
20:12:38       7   90.10    0.00    8.91    0.00    0.00    0.99    0.00    0.00    0.00    0.00
20:12:38       8   73.27    0.00   14.85    2.97    0.00    4.95    0.00    0.00    0.00    3.96
20:12:38       9   73.27    0.00   13.86    5.94    0.00    1.98    0.00    0.00    0.00    4.95
20:12:38      10   74.51    0.00   16.67    0.00    0.00    3.92    0.00    0.00    0.00    4.90
20:12:38      11  100.00    0.00    0.00    0.00    0.00    0.00    0.00    0.00    0.00    0.00
20:12:38      12   84.16    0.00   12.87    0.99    0.00    0.00    0.00    0.00    0.00    1.98
20:12:38      13   76.24    0.00   14.85    0.00    0.00    5.94    0.00    0.00    0.00    2.97
20:12:38      14   80.39    0.00   14.71    0.00    0.00    2.94    0.00    0.00    0.00    1.96
20:12:38      15   95.00    0.00    4.00    0.00    0.00    1.00    0.00    0.00    0.00    0.00
20:12:38      16   72.28    0.00   18.81    0.99    0.00    5.94    0.00    0.00    0.00    1.98
20:12:38      17   99.00    0.00    1.00    0.00    0.00    0.00    0.00    0.00    0.00    0.00
20:12:38      18   88.12    0.00    6.93    0.00    0.00    1.98    0.00    0.00    0.00    2.97
20:12:38      19   87.13    0.00    9.90    0.00    0.00    1.98    0.00    0.00    0.00    0.99
20:12:38      20   91.09    0.00    5.94    0.00    0.00    1.98    0.00    0.00    0.00    0.99
20:12:38      21   74.76    0.00   18.45    0.00    0.00    3.88    0.00    0.00    0.00    2.91
20:12:38      22   80.00    0.00   16.00    0.00    0.00    3.00    0.00    0.00    0.00    1.00
20:12:38      23   74.00    0.00   21.00    0.00    0.00    3.00    0.00    0.00    0.00    2.00
20:12:38      24   93.00    0.00    4.00    0.00    0.00    1.00    0.00    0.00    0.00    2.00
20:12:38      25   48.00    0.00   11.00    6.00    0.00    5.00    0.00    0.00    0.00   30.00
20:12:38      26   59.18    0.00   21.43    0.00    0.00    6.12    0.00    0.00    0.00   13.27
20:12:38      27   79.00    0.00   11.00    0.00    0.00    6.00    0.00    0.00    0.00    4.00
20:12:38      28   53.61    0.00   18.56    0.00    0.00    8.25    0.00    0.00    0.00   19.59
20:12:38      29   49.02    0.00   20.59    0.00    0.00    8.82    0.00    0.00    0.00   21.57
20:12:38      30   46.39    0.00   20.62    0.00    0.00   14.43    0.00    0.00    0.00   18.56
20:12:38      31   62.24    0.00   15.31    0.00    0.00    8.16    0.00    0.00    0.00   14.29

20:12:38     CPU    %usr   %nice    %sys %iowait    %irq   %soft  %steal  %guest  %gnice   %idle
20:12:39     all   83.41    0.00   10.29    0.37    0.00    3.09    0.00    0.00    0.00    2.84
20:12:39       0   82.18    0.00   13.86    0.00    0.00    1.98    0.00    0.00    0.00    1.98
20:12:39       1   78.22    0.00    9.90    5.94    0.00    5.94    0.00    0.00    0.00    0.00
20:12:39       2   90.91    0.00    6.06    0.00    0.00    3.03    0.00    0.00    0.00    0.00
20:12:39       3   93.94    0.00    5.05    0.00    0.00    1.01    0.00    0.00    0.00    0.00
20:12:39       4   87.13    0.00    8.91    0.00    0.00    2.97    0.00    0.00    0.00    0.99
20:12:39       5   70.59    0.00   19.61    0.00    0.00    5.88    0.00    0.00    0.00    3.92
20:12:39       6   83.00    0.00   13.00    0.00    0.00    2.00    0.00    0.00    0.00    2.00
20:12:39       7   77.00    0.00   21.00    0.00    0.00    1.00    0.00    0.00    0.00    1.00
20:12:39       8   83.84    0.00    9.09    5.05    0.00    2.02    0.00    0.00    0.00    0.00
20:12:39       9  100.00    0.00    0.00    0.00    0.00    0.00    0.00    0.00    0.00    0.00
20:12:39      10   85.15    0.00   11.88    0.00    0.00    0.99    0.00    0.00    0.00    1.98
20:12:39      11   97.00    0.00    3.00    0.00    0.00    0.00    0.00    0.00    0.00    0.00
20:12:39      12   78.43    0.00   12.75    0.00    0.00    6.86    0.00    0.00    0.00    1.96
20:12:39      13   96.08    0.00    2.94    0.00    0.00    0.98    0.00    0.00    0.00    0.00
20:12:39      14   88.12    0.00    8.91    0.00    0.00    1.98    0.00    0.00    0.00    0.99
20:12:39      15   96.04    0.00    2.97    0.00    0.00    0.99    0.00    0.00    0.00    0.00
20:12:39      16   92.08    0.00    5.94    0.00    0.00    0.99    0.00    0.00    0.00    0.99
20:12:39      17   97.03    0.00    0.99    0.00    0.00    0.99    0.00    0.00    0.00    0.99
20:12:39      18   85.15    0.00   12.87    0.00    0.00    1.98    0.00    0.00    0.00    0.00
20:12:39      19   92.08    0.00    5.94    0.00    0.00    0.99    0.00    0.00    0.00    0.99
20:12:39      20   79.21    0.00   12.87    0.00    0.00    5.94    0.00    0.00    0.00    1.98
20:12:39      21   90.82    0.00    7.14    0.00    0.00    2.04    0.00    0.00    0.00    0.00
20:12:39      22   80.20    0.00   15.84    0.00    0.00    1.98    0.00    0.00    0.00    1.98
20:12:39      23   84.16    0.00   11.88    0.00    0.00    3.96    0.00    0.00    0.00    0.00
20:12:39      24   92.16    0.00    4.90    0.98    0.00    0.98    0.00    0.00    0.00    0.98
20:12:39      25   89.11    0.00    5.94    0.00    0.00    2.97    0.00    0.00    0.00    1.98
20:12:39      26   70.71    0.00   16.16    0.00    0.00    5.05    0.00    0.00    0.00    8.08
20:12:39      27   83.00    0.00    8.00    0.00    0.00    3.00    0.00    0.00    0.00    6.00
20:12:39      28   53.61    0.00   18.56    0.00    0.00   10.31    0.00    0.00    0.00   17.53
20:12:39      29   56.12    0.00   22.45    0.00    0.00    7.14    0.00    0.00    0.00   14.29
20:12:39      30   58.33    0.00   17.71    0.00    0.00    7.29    0.00    0.00    0.00   16.67
20:12:39      31   75.00    0.00   14.00    0.00    0.00    6.00    0.00    0.00    0.00    5.00

20:12:39     CPU    %usr   %nice    %sys %iowait    %irq   %soft  %steal  %guest  %gnice   %idle
20:12:40     all   82.29    0.00   10.91    0.53    0.00    4.17    0.00    0.00    0.00    2.10
20:12:40       0   77.23    0.00    9.90    1.98    0.00    2.97    0.00    0.00    0.00    7.92
20:12:40       1   52.48    0.00   17.82   13.86    0.00   14.85    0.00    0.00    0.00    0.99
20:12:40       2   85.15    0.00   10.89    0.00    0.00    2.97    0.00    0.00    0.00    0.99
20:12:40       3   96.04    0.00    2.97    0.00    0.00    0.99    0.00    0.00    0.00    0.00
20:12:40       4   77.67    0.00   11.65    0.97    0.00    4.85    0.00    0.00    0.00    4.85
20:12:40       5   76.00    0.00   18.00    0.00    0.00    5.00    0.00    0.00    0.00    1.00
20:12:40       6   75.00    0.00   17.00    0.00    0.00    7.00    0.00    0.00    0.00    1.00
20:12:40       7   75.00    0.00   19.00    0.00    0.00    5.00    0.00    0.00    0.00    1.00
20:12:40       8   99.00    0.00    1.00    0.00    0.00    0.00    0.00    0.00    0.00    0.00
20:12:40       9  100.00    0.00    0.00    0.00    0.00    0.00    0.00    0.00    0.00    0.00
20:12:40      10   88.78    0.00    9.18    0.00    0.00    2.04    0.00    0.00    0.00    0.00
20:12:40      11   80.20    0.00   14.85    0.00    0.00    3.96    0.00    0.00    0.00    0.99
20:12:40      12   79.00    0.00   15.00    0.00    0.00    5.00    0.00    0.00    0.00    1.00
20:12:40      13   79.59    0.00   14.29    0.00    0.00    5.10    0.00    0.00    0.00    1.02
20:12:40      14   95.00    0.00    4.00    0.00    0.00    1.00    0.00    0.00    0.00    0.00
20:12:40      15   88.89    0.00    8.08    0.00    0.00    3.03    0.00    0.00    0.00    0.00
20:12:40      16   83.84    0.00   11.11    0.00    0.00    3.03    0.00    0.00    0.00    2.02
20:12:40      17   99.00    0.00    1.00    0.00    0.00    0.00    0.00    0.00    0.00    0.00
20:12:40      18   98.99    0.00    1.01    0.00    0.00    0.00    0.00    0.00    0.00    0.00
20:12:40      19   91.00    0.00    5.00    0.00    0.00    3.00    0.00    0.00    0.00    1.00
20:12:40      20   97.98    0.00    1.01    0.00    0.00    1.01    0.00    0.00    0.00    0.00
20:12:40      21   84.00    0.00   10.00    0.00    0.00    5.00    0.00    0.00    0.00    1.00
20:12:40      22   96.00    0.00    3.00    0.00    0.00    1.00    0.00    0.00    0.00    0.00
20:12:40      23   72.00    0.00   24.00    0.00    0.00    3.00    0.00    0.00    0.00    1.00
20:12:40      24   89.00    0.00    8.00    0.00    0.00    3.00    0.00    0.00    0.00    0.00
20:12:40      25   89.00    0.00    9.00    0.00    0.00    2.00    0.00    0.00    0.00    0.00
20:12:40      26   66.67    0.00   18.18    0.00    0.00    7.07    0.00    0.00    0.00    8.08
20:12:40      27   58.16    0.00   19.39    0.00    0.00   13.27    0.00    0.00    0.00    9.18
20:12:40      28   76.77    0.00   17.17    0.00    0.00    4.04    0.00    0.00    0.00    2.02
20:12:40      29   63.92    0.00   20.62    0.00    0.00    8.25    0.00    0.00    0.00    7.22
20:12:40      30   81.82    0.00   11.11    0.00    0.00    5.05    0.00    0.00    0.00    2.02
20:12:40      31   59.18    0.00   16.33    0.00    0.00   11.22    0.00    0.00    0.00   13.27

20:12:40     CPU    %usr   %nice    %sys %iowait    %irq   %soft  %steal  %guest  %gnice   %idle
20:12:41     all   78.58    0.00   12.74    0.85    0.00    3.82    0.00    0.00    0.00    4.01
20:12:41       0   83.84    0.00    8.08    0.00    0.00    2.02    0.00    0.00    0.00    6.06
20:12:41       1   74.75    0.00    8.08    3.03    0.00    6.06    0.00    0.00    0.00    8.08
20:12:41       2   78.79    0.00   16.16    0.00    0.00    3.03    0.00    0.00    0.00    2.02
20:12:41       3   92.93    0.00    6.06    0.00    0.00    1.01    0.00    0.00    0.00    0.00
20:12:41       4   78.79    0.00   15.15    0.00    0.00    5.05    0.00    0.00    0.00    1.01
20:12:41       5   80.00    0.00   13.00    0.00    0.00    5.00    0.00    0.00    0.00    2.00
20:12:41       6   88.12    0.00    8.91    0.00    0.00    1.98    0.00    0.00    0.00    0.99
20:12:41       7   65.00    0.00   29.00    0.00    0.00    4.00    0.00    0.00    0.00    2.00
20:12:41       8   92.08    0.00    2.97    0.00    0.00    0.99    0.00    0.00    0.00    3.96
20:12:41       9  100.00    0.00    0.00    0.00    0.00    0.00    0.00    0.00    0.00    0.00
20:12:41      10   79.41    0.00   14.71    0.00    0.00    3.92    0.00    0.00    0.00    1.96
20:12:41      11   86.14    0.00    7.92    0.00    0.00    3.96    0.00    0.00    0.00    1.98
20:12:41      12   82.00    0.00   13.00    0.00    0.00    2.00    0.00    0.00    0.00    3.00
20:12:41      13   76.00    0.00   15.00    2.00    0.00    3.00    0.00    0.00    0.00    4.00
20:12:41      14   98.02    0.00    0.99    0.00    0.00    0.99    0.00    0.00    0.00    0.00
20:12:41      15   81.19    0.00   12.87    0.00    0.00    3.96    0.00    0.00    0.00    1.98
20:12:41      16   68.09    0.00   10.64    6.38    0.00    2.13    0.00    0.00    0.00   12.77
20:12:41      17   78.79    0.00    6.06    7.07    0.00    1.01    0.00    0.00    0.00    7.07
20:12:41      18   83.00    0.00   12.00    0.00    0.00    4.00    0.00    0.00    0.00    1.00
20:12:41      19   90.00    0.00    7.00    0.00    0.00    2.00    0.00    0.00    0.00    1.00
20:12:41      20   91.00    0.00    6.00    0.00    0.00    2.00    0.00    0.00    0.00    1.00
20:12:41      21   77.23    0.00   15.84    0.00    0.00    4.95    0.00    0.00    0.00    1.98
20:12:41      22   97.03    0.00    2.97    0.00    0.00    0.00    0.00    0.00    0.00    0.00
20:12:41      23   68.00    0.00   26.00    0.00    0.00    5.00    0.00    0.00    0.00    1.00
20:12:41      24   67.00    0.00   18.00    0.00    0.00    8.00    0.00    0.00    0.00    7.00
20:12:41      25   70.59    0.00   16.67    0.00    0.00    3.92    0.00    0.00    0.00    8.82
20:12:41      26   59.60    0.00   20.20    0.00    0.00   10.10    0.00    0.00    0.00   10.10
20:12:41      27   65.66    0.00   20.20    0.00    0.00    7.07    0.00    0.00    0.00    7.07
20:12:41      28   81.63    0.00   11.22    0.00    0.00    5.10    0.00    0.00    0.00    2.04
20:12:41      29   51.02    0.00   21.43    9.18    0.00    4.08    0.00    0.00    0.00   14.29
20:12:41      30   70.30    0.00   15.84    0.00    0.00    6.93    0.00    0.00    0.00    6.93
20:12:41      31   57.00    0.00   26.00    0.00    0.00    9.00    0.00    0.00    0.00    8.00

20:12:41     CPU    %usr   %nice    %sys %iowait    %irq   %soft  %steal  %guest  %gnice   %idle
20:12:42     all   82.84    0.00   11.87    0.13    0.00    3.73    0.00    0.00    0.00    1.44
20:12:42       0   92.93    0.00    5.05    0.00    0.00    0.00    0.00    0.00    0.00    2.02
20:12:42       1   67.65    0.00   16.67    1.96    0.00   13.73    0.00    0.00    0.00    0.00
20:12:42       2   84.00    0.00   12.00    0.00    0.00    4.00    0.00    0.00    0.00    0.00
20:12:42       3   80.39    0.00   12.75    0.00    0.00    5.88    0.00    0.00    0.00    0.98
20:12:42       4   77.45    0.00   15.69    0.00    0.00    4.90    0.00    0.00    0.00    1.96
20:12:42       5   72.00    0.00   21.00    0.00    0.00    6.00    0.00    0.00    0.00    1.00
20:12:42       6   98.02    0.00    0.99    0.00    0.00    0.99    0.00    0.00    0.00    0.00
20:12:42       7   72.28    0.00   25.74    0.00    0.00    0.99    0.00    0.00    0.00    0.99
20:12:42       8  100.00    0.00    0.00    0.00    0.00    0.00    0.00    0.00    0.00    0.00
20:12:42       9  100.00    0.00    0.00    0.00    0.00    0.00    0.00    0.00    0.00    0.00
20:12:42      10   83.84    0.00   10.10    0.00    0.00    5.05    0.00    0.00    0.00    1.01
20:12:42      11   97.00    0.00    0.00    0.00    0.00    1.00    0.00    0.00    0.00    2.00
20:12:42      12   81.82    0.00   15.15    0.00    0.00    3.03    0.00    0.00    0.00    0.00
20:12:42      13   75.00    0.00   17.00    0.00    0.00    7.00    0.00    0.00    0.00    1.00
20:12:42      14  100.00    0.00    0.00    0.00    0.00    0.00    0.00    0.00    0.00    0.00
20:12:42      15   79.21    0.00   15.84    0.00    0.00    3.96    0.00    0.00    0.00    0.99
20:12:42      16   90.10    0.00    4.95    0.99    0.00    1.98    0.00    0.00    0.00    1.98
20:12:42      17  100.00    0.00    0.00    0.00    0.00    0.00    0.00    0.00    0.00    0.00
20:12:42      18   78.43    0.00   16.67    0.00    0.00    3.92    0.00    0.00    0.00    0.98
20:12:42      19   97.98    0.00    2.02    0.00    0.00    0.00    0.00    0.00    0.00    0.00
20:12:42      20   79.80    0.00   15.15    0.00    0.00    4.04    0.00    0.00    0.00    1.01
20:12:42      21   83.00    0.00   16.00    1.00    0.00    0.00    0.00    0.00    0.00    0.00
20:12:42      22   82.83    0.00   13.13    0.00    0.00    3.03    0.00    0.00    0.00    1.01
20:12:42      23   80.00    0.00   15.00    0.00    0.00    4.00    0.00    0.00    0.00    1.00
20:12:42      24   72.73    0.00   19.19    0.00    0.00    8.08    0.00    0.00    0.00    0.00
20:12:42      25   89.90    0.00    7.07    0.00    0.00    3.03    0.00    0.00    0.00    0.00
20:12:42      26   52.13    0.00   25.53    0.00    0.00    9.57    0.00    0.00    0.00   12.77
20:12:42      27   50.51    0.00   30.30    0.00    0.00    9.09    0.00    0.00    0.00   10.10
20:12:42      28  100.00    0.00    0.00    0.00    0.00    0.00    0.00    0.00    0.00    0.00
20:12:42      29   96.08    0.00    1.96    0.00    0.00    1.96    0.00    0.00    0.00    0.00
20:12:42      30   72.45    0.00   20.41    0.00    0.00    7.14    0.00    0.00    0.00    0.00
20:12:42      31   60.82    0.00   25.77    0.00    0.00    7.22    0.00    0.00    0.00    6.19

20:12:42     CPU    %usr   %nice    %sys %iowait    %irq   %soft  %steal  %guest  %gnice   %idle
20:12:43     all   78.31    0.00   12.25    0.66    0.00    4.10    0.00    0.00    0.00    4.67
20:12:43       0   76.77    0.00   13.13    3.03    0.00    2.02    0.00    0.00    0.00    5.05
20:12:43       1   57.89    0.00    9.47    6.32    0.00   14.74    0.00    0.00    0.00   11.58
20:12:43       2   89.90    0.00    5.05    0.00    0.00    4.04    0.00    0.00    0.00    1.01
20:12:43       3   99.00    0.00    0.00    0.00    0.00    1.00    0.00    0.00    0.00    0.00
20:12:43       4   78.79    0.00   17.17    0.00    0.00    3.03    0.00    0.00    0.00    1.01
20:12:43       5   78.79    0.00   16.16    0.00    0.00    4.04    0.00    0.00    0.00    1.01
20:12:43       6   81.82    0.00   13.13    0.00    0.00    3.03    0.00    0.00    0.00    2.02
20:12:43       7   71.72    0.00   23.23    0.00    0.00    4.04    0.00    0.00    0.00    1.01
20:12:43       8   84.00    0.00   12.00    0.00    0.00    3.00    0.00    0.00    0.00    1.00
20:12:43       9   98.00    0.00    1.00    0.00    0.00    1.00    0.00    0.00    0.00    0.00
20:12:43      10   77.78    0.00   15.15    0.00    0.00    5.05    0.00    0.00    0.00    2.02
20:12:43      11   84.85    0.00   11.11    0.00    0.00    3.03    0.00    0.00    0.00    1.01
20:12:43      12  100.00    0.00    0.00    0.00    0.00    0.00    0.00    0.00    0.00    0.00
20:12:43      13  100.00    0.00    0.00    0.00    0.00    0.00    0.00    0.00    0.00    0.00
20:12:43      14   81.82    0.00   12.12    0.00    0.00    5.05    0.00    0.00    0.00    1.01
20:12:43      15  100.00    0.00    0.00    0.00    0.00    0.00    0.00    0.00    0.00    0.00
20:12:43      16   66.00    0.00   16.00   10.00    0.00    3.00    0.00    0.00    0.00    5.00
20:12:43      17   78.00    0.00   11.00    2.00    0.00    2.00    0.00    0.00    0.00    7.00
20:12:43      18   87.00    0.00    9.00    0.00    0.00    2.00    0.00    0.00    0.00    2.00
20:12:43      19   75.00    0.00   16.00    0.00    0.00    7.00    0.00    0.00    0.00    2.00
20:12:43      20   75.00    0.00   18.00    0.00    0.00    5.00    0.00    0.00    0.00    2.00
20:12:43      21   76.24    0.00   17.82    0.00    0.00    4.95    0.00    0.00    0.00    0.99
20:12:43      22   85.15    0.00    9.90    0.00    0.00    2.97    0.00    0.00    0.00    1.98
20:12:43      23   88.89    0.00    7.07    0.00    0.00    3.03    0.00    0.00    0.00    1.01
20:12:43      24   57.73    0.00   18.56    0.00    0.00    6.19    0.00    0.00    0.00   17.53
20:12:43      25   47.31    0.00   22.58    0.00    0.00    6.45    0.00    0.00    0.00   23.66
20:12:43      26   44.21    0.00   23.16    0.00    0.00    9.47    0.00    0.00    0.00   23.16
20:12:43      27   47.42    0.00   19.59    0.00    0.00    9.28    0.00    0.00    0.00   23.71
20:12:43      28   77.23    0.00   15.84    0.00    0.00    4.95    0.00    0.00    0.00    1.98
20:12:43      29  100.00    0.00    0.00    0.00    0.00    0.00    0.00    0.00    0.00    0.00
20:12:43      30   54.08    0.00   23.47    0.00    0.00    9.18    0.00    0.00    0.00   13.27
20:12:43      31   79.21    0.00   16.83    0.00    0.00    3.96    0.00    0.00    0.00    0.00

20:12:43     CPU    %usr   %nice    %sys %iowait    %irq   %soft  %steal  %guest  %gnice   %idle
20:12:44     all   78.08    0.00   12.88    0.56    0.00    4.16    0.00    0.00    0.00    4.32
20:12:44       0  100.00    0.00    0.00    0.00    0.00    0.00    0.00    0.00    0.00    0.00
20:12:44       1   61.76    0.00   14.71   13.73    0.00    8.82    0.00    0.00    0.00    0.98
20:12:44       2  100.00    0.00    0.00    0.00    0.00    0.00    0.00    0.00    0.00    0.00
20:12:44       3   95.96    0.00    3.03    0.00    0.00    0.00    0.00    0.00    0.00    1.01
20:12:44       4   93.94    0.00    4.04    0.00    0.00    1.01    0.00    0.00    0.00    1.01
20:12:44       5   76.92    0.00   14.42    0.96    0.00    5.77    0.00    0.00    0.00    1.92
20:12:44       6   77.00    0.00   16.00    0.00    0.00    6.00    0.00    0.00    0.00    1.00
20:12:44       7   73.27    0.00   21.78    0.00    0.00    2.97    0.00    0.00    0.00    1.98
20:12:44       8   84.00    0.00   11.00    1.00    0.00    3.00    0.00    0.00    0.00    1.00
20:12:44       9   91.00    0.00    9.00    0.00    0.00    0.00    0.00    0.00    0.00    0.00
20:12:44      10   77.00    0.00   15.00    0.00    0.00    6.00    0.00    0.00    0.00    2.00
20:12:44      11   75.25    0.00   17.82    0.00    0.00    4.95    0.00    0.00    0.00    1.98
20:12:44      12   74.26    0.00   20.79    0.00    0.00    2.97    0.00    0.00    0.00    1.98
20:12:44      13   99.01    0.00    0.99    0.00    0.00    0.00    0.00    0.00    0.00    0.00
20:12:44      14   75.25    0.00   16.83    0.00    0.00    5.94    0.00    0.00    0.00    1.98
20:12:44      15  100.00    0.00    0.00    0.00    0.00    0.00    0.00    0.00    0.00    0.00
20:12:44      16  100.00    0.00    0.00    0.00    0.00    0.00    0.00    0.00    0.00    0.00
20:12:44      17   91.92    0.00    4.04    1.01    0.00    0.00    0.00    0.00    0.00    3.03
20:12:44      18   75.00    0.00   18.00    0.00    0.00    6.00    0.00    0.00    0.00    1.00
20:12:44      19   81.19    0.00   12.87    0.00    0.00    4.95    0.00    0.00    0.00    0.99
20:12:44      20   83.00    0.00   13.00    0.00    0.00    4.00    0.00    0.00    0.00    0.00
20:12:44      21   75.76    0.00   18.18    1.01    0.00    4.04    0.00    0.00    0.00    1.01
20:12:44      22   80.00    0.00   15.00    0.00    0.00    4.00    0.00    0.00    0.00    1.00
20:12:44      23   60.00    0.00   35.00    0.00    0.00    4.00    0.00    0.00    0.00    1.00
20:12:44      24   61.22    0.00   19.39    0.00    0.00   10.20    0.00    0.00    0.00    9.18
20:12:44      25   56.25    0.00   18.75    0.00    0.00    9.38    0.00    0.00    0.00   15.62
20:12:44      26   52.53    0.00   16.16    0.00    0.00    8.08    0.00    0.00    0.00   23.23
20:12:44      27   61.00    0.00   19.00    0.00    0.00    7.00    0.00    0.00    0.00   13.00
20:12:44      28   51.00    0.00   20.00    0.00    0.00    5.00    0.00    0.00    0.00   24.00
20:12:44      29   67.33    0.00   11.88    0.00    0.00    5.94    0.00    0.00    0.00   14.85
20:12:44      30   55.67    0.00   18.56    0.00    0.00   11.34    0.00    0.00    0.00   14.43
20:12:44      31   90.91    0.00    7.07    0.00    0.00    2.02    0.00    0.00    0.00    0.00

20:12:44     CPU    %usr   %nice    %sys %iowait    %irq   %soft  %steal  %guest  %gnice   %idle
20:12:45     all   79.63    0.00   14.21    0.28    0.00    4.04    0.00    0.00    0.00    1.84
20:12:45       0   87.88    0.00    5.05    0.00    0.00    1.01    0.00    0.00    0.00    6.06
20:12:45       1   69.07    0.00   17.53    6.19    0.00    7.22    0.00    0.00    0.00    0.00
20:12:45       2   80.20    0.00   14.85    0.00    0.00    4.95    0.00    0.00    0.00    0.00
20:12:45       3   91.09    0.00    6.93    0.00    0.00    1.98    0.00    0.00    0.00    0.00
20:12:45       4   73.27    0.00   23.76    0.00    0.00    2.97    0.00    0.00    0.00    0.00
20:12:45       5   79.00    0.00   14.00    0.00    0.00    7.00    0.00    0.00    0.00    0.00
20:12:45       6   77.00    0.00   17.00    0.00    0.00    5.00    0.00    0.00    0.00    1.00
20:12:45       7   93.00    0.00    6.00    0.00    0.00    1.00    0.00    0.00    0.00    0.00
20:12:45       8   98.99    0.00    1.01    0.00    0.00    0.00    0.00    0.00    0.00    0.00
20:12:45       9   99.01    0.00    0.99    0.00    0.00    0.00    0.00    0.00    0.00    0.00
20:12:45      10   98.02    0.00    0.99    0.00    0.00    0.99    0.00    0.00    0.00    0.00
20:12:45      11   76.47    0.00   15.69    0.00    0.00    6.86    0.00    0.00    0.00    0.98
20:12:45      12   80.20    0.00   15.84    0.00    0.00    3.96    0.00    0.00    0.00    0.00
20:12:45      13   79.21    0.00   14.85    0.00    0.00    4.95    0.00    0.00    0.00    0.99
20:12:45      14   87.00    0.00   11.00    0.00    0.00    2.00    0.00    0.00    0.00    0.00
20:12:45      15   94.95    0.00    4.04    0.00    0.00    1.01    0.00    0.00    0.00    0.00
20:12:45      16   93.07    0.00    4.95    0.00    0.00    0.99    0.00    0.00    0.00    0.99
20:12:45      17   80.58    0.00   10.68    0.97    0.00    2.91    0.00    0.00    0.00    4.85
20:12:45      18   78.43    0.00   16.67    0.00    0.00    3.92    0.00    0.00    0.00    0.98
20:12:45      19   79.41    0.00   14.71    0.00    0.00    4.90    0.00    0.00    0.00    0.98
20:12:45      20   81.00    0.00   15.00    2.00    0.00    1.00    0.00    0.00    0.00    1.00
20:12:45      21   77.45    0.00   18.63    0.00    0.00    2.94    0.00    0.00    0.00    0.98
20:12:45      22   75.25    0.00   21.78    0.00    0.00    1.98    0.00    0.00    0.00    0.99
20:12:45      23   74.00    0.00   21.00    0.00    0.00    4.00    0.00    0.00    0.00    1.00
20:12:45      24   67.00    0.00   22.00    0.00    0.00    5.00    0.00    0.00    0.00    6.00
20:12:45      25   74.51    0.00   17.65    0.00    0.00    6.86    0.00    0.00    0.00    0.98
20:12:45      26   78.00    0.00   18.00    0.00    0.00    3.00    0.00    0.00    0.00    1.00
20:12:45      27   59.41    0.00   23.76    0.00    0.00    9.90    0.00    0.00    0.00    6.93
20:12:45      28   56.12    0.00   23.47    0.00    0.00    8.16    0.00    0.00    0.00   12.24
20:12:45      29   70.71    0.00   19.19    0.00    0.00    5.05    0.00    0.00    0.00    5.05
20:12:45      30   74.26    0.00   17.82    0.00    0.00    6.93    0.00    0.00    0.00    0.99
20:12:45      31   64.00    0.00   20.00    0.00    0.00   11.00    0.00    0.00    0.00    5.00

20:12:45     CPU    %usr   %nice    %sys %iowait    %irq   %soft  %steal  %guest  %gnice   %idle
20:12:46     all   76.38    0.00   13.70    0.73    0.00    3.88    0.00    0.00    0.00    5.31
20:12:46       0   96.97    0.00    2.02    1.01    0.00    0.00    0.00    0.00    0.00    0.00
20:12:46       1   40.82    0.00   22.45   19.39    0.00   17.35    0.00    0.00    0.00    0.00
20:12:46       2   72.45    0.00   21.43    1.02    0.00    2.04    0.00    0.00    0.00    3.06
20:12:46       3   91.92    0.00    6.06    0.00    0.00    1.01    0.00    0.00    0.00    1.01
20:12:46       4   76.00    0.00   18.00    1.00    0.00    4.00    0.00    0.00    0.00    1.00
20:12:46       5   62.24    0.00   32.65    0.00    0.00    3.06    0.00    0.00    0.00    2.04
20:12:46       6   75.25    0.00   17.82    0.00    0.00    3.96    0.00    0.00    0.00    2.97
20:12:46       7   95.96    0.00    2.02    0.00    0.00    1.01    0.00    0.00    0.00    1.01
20:12:46       8   98.99    0.00    1.01    0.00    0.00    0.00    0.00    0.00    0.00    0.00
20:12:46       9  100.00    0.00    0.00    0.00    0.00    0.00    0.00    0.00    0.00    0.00
20:12:46      10   89.00    0.00    8.00    1.00    0.00    2.00    0.00    0.00    0.00    0.00
20:12:46      11   79.80    0.00   17.17    0.00    0.00    2.02    0.00    0.00    0.00    1.01
20:12:46      12   97.98    0.00    1.01    0.00    0.00    0.00    0.00    0.00    0.00    1.01
20:12:46      13   81.63    0.00   12.24    0.00    0.00    4.08    0.00    0.00    0.00    2.04
20:12:46      14  100.00    0.00    0.00    0.00    0.00    0.00    0.00    0.00    0.00    0.00
20:12:46      15   94.95    0.00    4.04    0.00    0.00    0.00    0.00    0.00    0.00    1.01
20:12:46      16   73.74    0.00   19.19    0.00    0.00    3.03    0.00    0.00    0.00    4.04
20:12:46      17   72.45    0.00   17.35    0.00    0.00    4.08    0.00    0.00    0.00    6.12
20:12:46      18   99.00    0.00    0.00    0.00    0.00    0.00    0.00    0.00    0.00    1.00
20:12:46      19   78.35    0.00   15.46    0.00    0.00    4.12    0.00    0.00    0.00    2.06
20:12:46      20   72.45    0.00   17.35    0.00    0.00    7.14    0.00    0.00    0.00    3.06
20:12:46      21   68.69    0.00   24.24    0.00    0.00    5.05    0.00    0.00    0.00    2.02
20:12:46      22   74.49    0.00   17.35    0.00    0.00    5.10    0.00    0.00    0.00    3.06
20:12:46      23   78.79    0.00   15.15    0.00    0.00    5.05    0.00    0.00    0.00    1.01
20:12:46      24   51.06    0.00   17.02    0.00    0.00    8.51    0.00    0.00    0.00   23.40
20:12:46      25   85.00    0.00   11.00    0.00    0.00    4.00    0.00    0.00    0.00    0.00
20:12:46      26   48.45    0.00   26.80    0.00    0.00    9.28    0.00    0.00    0.00   15.46
20:12:46      27   45.83    0.00   18.75    0.00    0.00    9.38    0.00    0.00    0.00   26.04
20:12:46      28   49.48    0.00   22.68    0.00    0.00    7.22    0.00    0.00    0.00   20.62
20:12:46      29   45.16    0.00   19.35    0.00    0.00    6.45    0.00    0.00    0.00   29.03
20:12:46      30   90.91    0.00    8.08    0.00    0.00    1.01    0.00    0.00    0.00    0.00
20:12:46      31   48.96    0.00   25.00    0.00    0.00    5.21    0.00    0.00    0.00   20.83

20:12:46     CPU    %usr   %nice    %sys %iowait    %irq   %soft  %steal  %guest  %gnice   %idle
20:12:47     all   76.50    0.00   13.50    0.66    0.00    4.32    0.00    0.00    0.00    5.01
20:12:47       0   97.00    0.00    2.00    0.00    0.00    1.00    0.00    0.00    0.00    0.00
20:12:47       1   66.00    0.00   12.00    8.00    0.00   11.00    0.00    0.00    0.00    3.00
20:12:47       2   86.14    0.00    9.90    0.00    0.00    2.97    0.00    0.00    0.00    0.99
20:12:47       3   87.13    0.00    9.90    0.00    0.00    1.98    0.00    0.00    0.00    0.99
20:12:47       4   77.00    0.00   16.00    0.00    0.00    5.00    0.00    0.00    0.00    2.00
20:12:47       5   66.00    0.00   31.00    0.00    0.00    2.00    0.00    0.00    0.00    1.00
20:12:47       6   79.80    0.00   13.13    0.00    0.00    6.06    0.00    0.00    0.00    1.01
20:12:47       7   88.00    0.00   10.00    0.00    0.00    2.00    0.00    0.00    0.00    0.00
20:12:47       8   93.07    0.00    1.98    0.00    0.00    2.97    0.00    0.00    0.00    1.98
20:12:47       9   92.00    0.00    3.00    0.00    0.00    1.00    0.00    0.00    0.00    4.00
20:12:47      10   82.83    0.00   12.12    0.00    0.00    3.03    0.00    0.00    0.00    2.02
20:12:47      11   80.81    0.00   14.14    0.00    0.00    3.03    0.00    0.00    0.00    2.02
20:12:47      12   89.00    0.00    7.00    0.00    0.00    2.00    0.00    0.00    0.00    2.00
20:12:47      13   93.07    0.00    3.96    0.00    0.00    0.99    0.00    0.00    0.00    1.98
20:12:47      14   83.00    0.00   11.00    0.00    0.00    5.00    0.00    0.00    0.00    1.00
20:12:47      15   88.12    0.00    3.96    0.00    0.00    1.98    0.00    0.00    0.00    5.94
20:12:47      16   65.00    0.00   14.00    4.00    0.00    2.00    0.00    0.00    0.00   15.00
20:12:47      17   73.53    0.00   11.76    6.86    0.00    2.94    0.00    0.00    0.00    4.90
20:12:47      18   83.00    0.00   13.00    0.00    0.00    3.00    0.00    0.00    0.00    1.00
20:12:47      19   84.69    0.00   11.22    0.00    0.00    2.04    0.00    0.00    0.00    2.04
20:12:47      20   80.39    0.00   14.71    0.00    0.00    2.94    0.00    0.00    0.00    1.96
20:12:47      21   76.00    0.00   19.00    0.00    0.00    4.00    0.00    0.00    0.00    1.00
20:12:47      22   76.00    0.00   19.00    0.00    0.00    4.00    0.00    0.00    0.00    1.00
20:12:47      23   75.25    0.00   18.81    0.00    0.00    3.96    0.00    0.00    0.00    1.98
20:12:47      24   52.04    0.00   22.45    0.00    0.00   11.22    0.00    0.00    0.00   14.29
20:12:47      25   76.77    0.00   12.12    0.00    0.00    5.05    0.00    0.00    0.00    6.06
20:12:47      26   53.06    0.00   20.41    0.00    0.00    9.18    0.00    0.00    0.00   17.35
20:12:47      27   59.00    0.00   22.00    0.00    0.00    5.00    0.00    0.00    0.00   14.00
20:12:47      28   51.06    0.00   18.09    0.00    0.00    9.57    0.00    0.00    0.00   21.28
20:12:47      29   59.41    0.00   18.81    0.00    0.00    7.92    0.00    0.00    0.00   13.86
20:12:47      30   66.67    0.00   17.17    0.00    0.00    7.07    0.00    0.00    0.00    9.09
20:12:47      31   64.29    0.00   19.39    2.04    0.00    7.14    0.00    0.00    0.00    7.14

20:12:47     CPU    %usr   %nice    %sys %iowait    %irq   %soft  %steal  %guest  %gnice   %idle
20:12:48     all   70.89    0.00   15.14    1.28    0.00    5.33    0.00    0.00    0.00    7.36
20:12:48       0   79.41    0.00   11.76    0.00    0.00    6.86    0.00    0.00    0.00    1.96
20:12:48       1  100.00    0.00    0.00    0.00    0.00    0.00    0.00    0.00    0.00    0.00
20:12:48       2   81.82    0.00   13.13    0.00    0.00    4.04    0.00    0.00    0.00    1.01
20:12:48       3   78.43    0.00   12.75    0.00    0.00    6.86    0.00    0.00    0.00    1.96
20:12:48       4   67.71    0.00    7.29    6.25    0.00    3.12    0.00    0.00    0.00   15.62
20:12:48       5   54.64    0.00   16.49    7.22    0.00    4.12    0.00    0.00    0.00   17.53
20:12:48       6   72.55    0.00   21.57    0.00    0.00    3.92    0.00    0.00    0.00    1.96
20:12:48       7   75.49    0.00   17.65    0.00    0.00    4.90    0.00    0.00    0.00    1.96
20:12:48       8   79.21    0.00   15.84    0.00    0.00    3.96    0.00    0.00    0.00    0.99
20:12:48       9   76.24    0.00   16.83    0.00    0.00    4.95    0.00    0.00    0.00    1.98
20:12:48      10   81.19    0.00   12.87    0.00    0.00    3.96    0.00    0.00    0.00    1.98
20:12:48      11   78.00    0.00   15.00    0.00    0.00    6.00    0.00    0.00    0.00    1.00
20:12:48      12   79.41    0.00   16.67    0.00    0.00    1.96    0.00    0.00    0.00    1.96
20:12:48      13   99.01    0.00    0.99    0.00    0.00    0.00    0.00    0.00    0.00    0.00
20:12:48      14   73.53    0.00   17.65    0.00    0.00    4.90    0.00    0.00    0.00    3.92
20:12:48      15   80.81    0.00   14.14    0.00    0.00    2.02    0.00    0.00    0.00    3.03
20:12:48      16  100.00    0.00    0.00    0.00    0.00    0.00    0.00    0.00    0.00    0.00
20:12:48      17   79.00    0.00   12.00    0.00    0.00    7.00    0.00    0.00    0.00    2.00
20:12:48      18   61.86    0.00   29.90    0.00    0.00    4.12    0.00    0.00    0.00    4.12
20:12:48      19   73.53    0.00   19.61    0.00    0.00    4.90    0.00    0.00    0.00    1.96
20:12:48      20   59.18    0.00   12.24    9.18    0.00    3.06    0.00    0.00    0.00   16.33
20:12:48      21   48.45    0.00   19.59   11.34    0.00    4.12    0.00    0.00    0.00   16.49
20:12:48      22   99.01    0.00    0.99    0.00    0.00    0.00    0.00    0.00    0.00    0.00
20:12:48      23   83.84    0.00   14.14    0.00    0.00    2.02    0.00    0.00    0.00    0.00
20:12:48      24   59.18    0.00   19.39    0.00    0.00    9.18    0.00    0.00    0.00   12.24
20:12:48      25   51.02    0.00   23.47    0.00    0.00   15.31    0.00    0.00    0.00   10.20
20:12:48      26   52.48    0.00   24.75    0.00    0.00   12.87    0.00    0.00    0.00    9.90
20:12:48      27   58.59    0.00   21.21    0.00    0.00   12.12    0.00    0.00    0.00    8.08
20:12:48      28   56.00    0.00   20.00    0.00    0.00   11.00    0.00    0.00    0.00   13.00
20:12:48      29   57.14    0.00   22.45    0.00    0.00    8.16    0.00    0.00    0.00   12.24
20:12:48      30   41.24    0.00   20.62    1.03    0.00    7.22    0.00    0.00    0.00   29.90
20:12:48      31   25.25    0.00   14.14    7.07    0.00    8.08    0.00    0.00    0.00   45.45

20:12:48     CPU    %usr   %nice    %sys %iowait    %irq   %soft  %steal  %guest  %gnice   %idle
20:12:49     all   74.49    0.00   13.39    0.28    0.00    4.27    0.00    0.00    0.00    7.57
20:12:49       0   93.00    0.00    5.00    0.00    0.00    1.00    0.00    0.00    0.00    1.00
20:12:49       1   96.94    0.00    2.04    0.00    0.00    0.00    0.00    0.00    0.00    1.02
20:12:49       2   92.00    0.00    7.00    0.00    0.00    1.00    0.00    0.00    0.00    0.00
20:12:49       3   89.80    0.00    8.16    0.00    0.00    2.04    0.00    0.00    0.00    0.00
20:12:49       4   76.77    0.00    5.05    2.02    0.00    1.01    0.00    0.00    0.00   15.15
20:12:49       5   62.50    0.00   13.54    0.00    0.00    2.08    0.00    0.00    0.00   21.88
20:12:49       6   84.85    0.00   13.13    0.00    0.00    1.01    0.00    0.00    0.00    1.01
20:12:49       7   76.77    0.00   15.15    0.00    0.00    7.07    0.00    0.00    0.00    1.01
20:12:49       8   76.00    0.00   18.00    0.00    0.00    4.00    0.00    0.00    0.00    2.00
20:12:49       9   67.68    0.00   29.29    0.00    0.00    2.02    0.00    0.00    0.00    1.01
20:12:49      10   71.72    0.00   20.20    0.00    0.00    7.07    0.00    0.00    0.00    1.01
20:12:49      11   77.00    0.00   14.00    0.00    0.00    7.00    0.00    0.00    0.00    2.00
20:12:49      12   78.00    0.00   16.00    0.00    0.00    4.00    0.00    0.00    0.00    2.00
20:12:49      13  100.00    0.00    0.00    0.00    0.00    0.00    0.00    0.00    0.00    0.00
20:12:49      14   76.00    0.00   18.00    0.00    0.00    4.00    0.00    0.00    0.00    2.00
20:12:49      15   88.24    0.00    6.86    0.00    0.00    3.92    0.00    0.00    0.00    0.98
20:12:49      16  100.00    0.00    0.00    0.00    0.00    0.00    0.00    0.00    0.00    0.00
20:12:49      17   76.24    0.00   17.82    0.00    0.00    4.95    0.00    0.00    0.00    0.99
20:12:49      18   76.00    0.00   21.00    0.00    0.00    1.00    0.00    0.00    0.00    2.00
20:12:49      19   78.00    0.00   14.00    0.00    0.00    6.00    0.00    0.00    0.00    2.00
20:12:49      20   74.75    0.00    5.05    6.06    0.00    2.02    0.00    0.00    0.00   12.12
20:12:49      21   59.79    0.00   11.34    1.03    0.00    4.12    0.00    0.00    0.00   23.71
20:12:49      22   91.92    0.00    6.06    0.00    0.00    1.01    0.00    0.00    0.00    1.01
20:12:49      23   79.21    0.00   15.84    0.00    0.00    2.97    0.00    0.00    0.00    1.98
20:12:49      24   49.49    0.00   23.23    0.00    0.00   12.12    0.00    0.00    0.00   15.15
20:12:49      25   43.88    0.00   18.37    0.00    0.00   10.20    0.00    0.00    0.00   27.55
20:12:49      26   46.32    0.00   20.00    0.00    0.00    9.47    0.00    0.00    0.00   24.21
20:12:49      27   51.52    0.00   17.17    0.00    0.00    6.06    0.00    0.00    0.00   25.25
20:12:49      28   53.19    0.00   20.21    0.00    0.00   11.70    0.00    0.00    0.00   14.89
20:12:49      29   70.71    0.00   20.20    0.00    0.00    6.06    0.00    0.00    0.00    3.03
20:12:49      30   51.06    0.00   15.96    0.00    0.00   10.64    0.00    0.00    0.00   22.34
20:12:49      31   68.42    0.00   11.58    0.00    0.00    2.11    0.00    0.00    0.00   17.89

20:12:49     CPU    %usr   %nice    %sys %iowait    %irq   %soft  %steal  %guest  %gnice   %idle
20:12:50     all   79.07    0.00   12.74    0.00    0.00    4.20    0.00    0.00    0.00    3.98
20:12:50       0   99.01    0.00    0.99    0.00    0.00    0.00    0.00    0.00    0.00    0.00
20:12:50       1   91.00    0.00    8.00    0.00    0.00    1.00    0.00    0.00    0.00    0.00
20:12:50       2   91.09    0.00    6.93    0.00    0.00    0.99    0.00    0.00    0.00    0.99
20:12:50       3   91.18    0.00    7.84    0.00    0.00    0.00    0.00    0.00    0.00    0.98
20:12:50       4  100.00    0.00    0.00    0.00    0.00    0.00    0.00    0.00    0.00    0.00
20:12:50       5   86.87    0.00    9.09    0.00    0.00    3.03    0.00    0.00    0.00    1.01
20:12:50       6   70.30    0.00   24.75    0.00    0.00    3.96    0.00    0.00    0.00    0.99
20:12:50       7   72.00    0.00   22.00    0.00    0.00    5.00    0.00    0.00    0.00    1.00
20:12:50       8   76.77    0.00   14.14    0.00    0.00    7.07    0.00    0.00    0.00    2.02
20:12:50       9   76.24    0.00   16.83    0.00    0.00    5.94    0.00    0.00    0.00    0.99
20:12:50      10   77.45    0.00   15.69    0.00    0.00    4.90    0.00    0.00    0.00    1.96
20:12:50      11   77.23    0.00   13.86    0.00    0.00    6.93    0.00    0.00    0.00    1.98
20:12:50      12   82.00    0.00   13.00    0.00    0.00    3.00    0.00    0.00    0.00    2.00
20:12:50      13  100.00    0.00    0.00    0.00    0.00    0.00    0.00    0.00    0.00    0.00
20:12:50      14   80.00    0.00   15.00    0.00    0.00    3.00    0.00    0.00    0.00    2.00
20:12:50      15  100.00    0.00    0.00    0.00    0.00    0.00    0.00    0.00    0.00    0.00
20:12:50      16  100.00    0.00    0.00    0.00    0.00    0.00    0.00    0.00    0.00    0.00
20:12:50      17   90.91    0.00    8.08    0.00    0.00    1.01    0.00    0.00    0.00    0.00
20:12:50      18   77.00    0.00   20.00    0.00    0.00    3.00    0.00    0.00    0.00    0.00
20:12:50      19   85.00    0.00   12.00    0.00    0.00    3.00    0.00    0.00    0.00    0.00
20:12:50      20  100.00    0.00    0.00    0.00    0.00    0.00    0.00    0.00    0.00    0.00
20:12:50      21   79.80    0.00   13.13    0.00    0.00    5.05    0.00    0.00    0.00    2.02
20:12:50      22   68.32    0.00   24.75    0.00    0.00    5.94    0.00    0.00    0.00    0.99
20:12:50      23   75.76    0.00   17.17    0.00    0.00    5.05    0.00    0.00    0.00    2.02
20:12:50      24   46.32    0.00   24.21    0.00    0.00    9.47    0.00    0.00    0.00   20.00
20:12:50      25   48.96    0.00   21.88    0.00    0.00   12.50    0.00    0.00    0.00   16.67
20:12:50      26   50.00    0.00   18.37    0.00    0.00    9.18    0.00    0.00    0.00   22.45
20:12:50      27   46.81    0.00   22.34    0.00    0.00   12.77    0.00    0.00    0.00   18.09
20:12:50      28   58.42    0.00   19.80    0.00    0.00    6.93    0.00    0.00    0.00   14.85
20:12:50      29   86.00    0.00   10.00    0.00    0.00    4.00    0.00    0.00    0.00    0.00
20:12:50      30   51.55    0.00   20.62    0.00    0.00   10.31    0.00    0.00    0.00   17.53
20:12:50      31   88.12    0.00    8.91    0.00    0.00    2.97    0.00    0.00    0.00    0.00

20:12:50     CPU    %usr   %nice    %sys %iowait    %irq   %soft  %steal  %guest  %gnice   %idle
20:12:51     all   76.92    0.00   12.93    0.00    0.00    4.07    0.00    0.00    0.00    6.08
20:12:51       0   96.94    0.00    2.04    0.00    0.00    0.00    0.00    0.00    0.00    1.02
20:12:51       1   79.00    0.00   15.00    0.00    0.00    4.00    0.00    0.00    0.00    2.00
20:12:51       2   77.00    0.00   15.00    0.00    0.00    6.00    0.00    0.00    0.00    2.00
20:12:51       3   91.92    0.00    5.05    0.00    0.00    3.03    0.00    0.00    0.00    0.00
20:12:51       4   91.00    0.00    6.00    0.00    0.00    2.00    0.00    0.00    0.00    1.00
20:12:51       5   94.00    0.00    4.00    0.00    0.00    1.00    0.00    0.00    0.00    1.00
20:12:51       6   80.81    0.00   16.16    0.00    0.00    2.02    0.00    0.00    0.00    1.01
20:12:51       7   75.00    0.00   20.00    0.00    0.00    4.00    0.00    0.00    0.00    1.00
20:12:51       8   82.18    0.00   14.85    0.00    0.00    1.98    0.00    0.00    0.00    0.99
20:12:51       9   89.90    0.00    7.07    0.00    0.00    2.02    0.00    0.00    0.00    1.01
20:12:51      10   74.75    0.00   19.19    0.00    0.00    5.05    0.00    0.00    0.00    1.01
20:12:51      11   80.81    0.00   12.12    0.00    0.00    5.05    0.00    0.00    0.00    2.02
20:12:51      12   79.00    0.00   17.00    0.00    0.00    3.00    0.00    0.00    0.00    1.00
20:12:51      13   90.82    0.00    8.16    0.00    0.00    0.00    0.00    0.00    0.00    1.02
20:12:51      14   89.00    0.00    8.00    0.00    0.00    2.00    0.00    0.00    0.00    1.00
20:12:51      15   95.96    0.00    1.01    0.00    0.00    0.00    0.00    0.00    0.00    3.03
20:12:51      16   85.00    0.00    7.00    0.00    0.00    4.00    0.00    0.00    0.00    4.00
20:12:51      17   93.00    0.00    4.00    0.00    0.00    2.00    0.00    0.00    0.00    1.00
20:12:51      18   75.25    0.00   17.82    0.00    0.00    4.95    0.00    0.00    0.00    1.98
20:12:51      19   83.00    0.00   11.00    0.00    0.00    4.00    0.00    0.00    0.00    2.00
20:12:51      20   88.89    0.00    6.06    0.00    0.00    2.02    0.00    0.00    0.00    3.03
20:12:51      21   78.00    0.00   16.00    0.00    0.00    4.00    0.00    0.00    0.00    2.00
20:12:51      22   85.86    0.00   10.10    0.00    0.00    3.03    0.00    0.00    0.00    1.01
20:12:51      23   68.69    0.00   27.27    0.00    0.00    3.03    0.00    0.00    0.00    1.01
20:12:51      24   61.00    0.00   20.00    0.00    0.00    6.00    0.00    0.00    0.00   13.00
20:12:51      25   69.70    0.00   18.18    0.00    0.00    7.07    0.00    0.00    0.00    5.05
20:12:51      26   46.32    0.00   17.89    0.00    0.00    9.47    0.00    0.00    0.00   26.32
20:12:51      27   50.00    0.00   18.09    0.00    0.00    8.51    0.00    0.00    0.00   23.40
20:12:51      28   47.52    0.00   20.79    0.00    0.00    7.92    0.00    0.00    0.00   23.76
20:12:51      29   59.60    0.00   15.15    0.00    0.00    5.05    0.00    0.00    0.00   20.20
20:12:51      30   50.00    0.00   17.35    0.00    0.00   10.20    0.00    0.00    0.00   22.45
20:12:51      31   48.45    0.00   16.49    0.00    0.00    8.25    0.00    0.00    0.00   26.80

20:12:51     CPU    %usr   %nice    %sys %iowait    %irq   %soft  %steal  %guest  %gnice   %idle
20:12:52     all   77.53    0.00   14.36    0.00    0.00    4.36    0.00    0.00    0.00    3.76
20:12:52       0   96.00    0.00    4.00    0.00    0.00    0.00    0.00    0.00    0.00    0.00
20:12:52       1   88.89    0.00    9.09    0.00    0.00    2.02    0.00    0.00    0.00    0.00
20:12:52       2   65.31    0.00   28.57    0.00    0.00    5.10    0.00    0.00    0.00    1.02
20:12:52       3   89.11    0.00    8.91    0.00    0.00    0.99    0.00    0.00    0.00    0.99
20:12:52       4   75.00    0.00   18.00    0.00    0.00    5.00    0.00    0.00    0.00    2.00
20:12:52       5   96.04    0.00    1.98    0.00    0.00    0.99    0.00    0.00    0.00    0.99
20:12:52       6   77.78    0.00   14.14    0.00    0.00    7.07    0.00    0.00    0.00    1.01
20:12:52       7   79.59    0.00   16.33    0.00    0.00    1.02    0.00    0.00    0.00    3.06
20:12:52       8   80.61    0.00   15.31    0.00    0.00    2.04    0.00    0.00    0.00    2.04
20:12:52       9   91.00    0.00    3.00    0.00    0.00    0.00    0.00    0.00    0.00    6.00
20:12:52      10   73.00    0.00   21.00    0.00    0.00    4.00    0.00    0.00    0.00    2.00
20:12:52      11   77.78    0.00   17.17    0.00    0.00    4.04    0.00    0.00    0.00    1.01
20:12:52      12   79.80    0.00   15.15    0.00    0.00    4.04    0.00    0.00    0.00    1.01
20:12:52      13   85.29    0.00    8.82    0.00    0.00    3.92    0.00    0.00    0.00    1.96
20:12:52      14  100.00    0.00    0.00    0.00    0.00    0.00    0.00    0.00    0.00    0.00
20:12:52      15   83.84    0.00   11.11    0.00    0.00    4.04    0.00    0.00    0.00    1.01
20:12:52      16   77.55    0.00   16.33    0.00    0.00    5.10    0.00    0.00    0.00    1.02
20:12:52      17   85.86    0.00    9.09    0.00    0.00    5.05    0.00    0.00    0.00    0.00
20:12:52      18   69.70    0.00   26.26    0.00    0.00    3.03    0.00    0.00    0.00    1.01
20:12:52      19   87.88    0.00    9.09    0.00    0.00    2.02    0.00    0.00    0.00    1.01
20:12:52      20   73.74    0.00   19.19    0.00    0.00    5.05    0.00    0.00    0.00    2.02
20:12:52      21   72.73    0.00   19.19    0.00    0.00    6.06    0.00    0.00    0.00    2.02
20:12:52      22   99.00    0.00    1.00    0.00    0.00    0.00    0.00    0.00    0.00    0.00
20:12:52      23   85.00    0.00   12.00    0.00    0.00    3.00    0.00    0.00    0.00    0.00
20:12:52      24   85.86    0.00   12.12    0.00    0.00    2.02    0.00    0.00    0.00    0.00
20:12:52      25   73.27    0.00   16.83    0.00    0.00    6.93    0.00    0.00    0.00    2.97
20:12:52      26   49.48    0.00   19.59    0.00    0.00   11.34    0.00    0.00    0.00   19.59
20:12:52      27   52.69    0.00   21.51    0.00    0.00    8.60    0.00    0.00    0.00   17.20
20:12:52      28   50.50    0.00   22.77    0.00    0.00    9.90    0.00    0.00    0.00   16.83
20:12:52      29   60.00    0.00   18.95    0.00    0.00    9.47    0.00    0.00    0.00   11.58
20:12:52      30   51.02    0.00   23.47    0.00    0.00    9.18    0.00    0.00    0.00   16.33
20:12:52      31   63.27    0.00   21.43    0.00    0.00    9.18    0.00    0.00    0.00    6.12

20:12:52     CPU    %usr   %nice    %sys %iowait    %irq   %soft  %steal  %guest  %gnice   %idle
20:12:53     all   73.67    0.00   16.59    0.00    0.00    5.26    0.00    0.00    0.00    4.48
20:12:53       0   77.78    0.00   16.16    0.00    0.00    4.04    0.00    0.00    0.00    2.02
20:12:53       1   98.02    0.00    1.98    0.00    0.00    0.00    0.00    0.00    0.00    0.00
20:12:53       2   58.00    0.00   39.00    0.00    0.00    2.00    0.00    0.00    0.00    1.00
20:12:53       3   80.41    0.00   11.34    0.00    0.00    5.15    0.00    0.00    0.00    3.09
20:12:53       4   73.00    0.00   17.00    0.00    0.00    5.00    0.00    0.00    0.00    5.00
20:12:53       5   77.23    0.00   17.82    0.00    0.00    2.97    0.00    0.00    0.00    1.98
20:12:53       6   76.00    0.00   18.00    0.00    0.00    4.00    0.00    0.00    0.00    2.00
20:12:53       7   79.80    0.00   11.11    0.00    0.00    7.07    0.00    0.00    0.00    2.02
20:12:53       8   79.41    0.00   11.76    0.00    0.00    5.88    0.00    0.00    0.00    2.94
20:12:53       9   79.00    0.00   14.00    0.00    0.00    3.00    0.00    0.00    0.00    4.00
20:12:53      10   77.23    0.00   17.82    0.00    0.00    2.97    0.00    0.00    0.00    1.98
20:12:53      11   71.29    0.00   17.82    0.00    0.00    2.97    0.00    0.00    0.00    7.92
20:12:53      12   75.25    0.00   15.84    0.00    0.00    5.94    0.00    0.00    0.00    2.97
20:12:53      13   79.80    0.00   14.14    0.00    0.00    4.04    0.00    0.00    0.00    2.02
20:12:53      14   78.79    0.00   11.11    0.00    0.00    3.03    0.00    0.00    0.00    7.07
20:12:53      15   83.00    0.00   11.00    0.00    0.00    4.00    0.00    0.00    0.00    2.00
20:12:53      16   76.77    0.00   14.14    0.00    0.00    4.04    0.00    0.00    0.00    5.05
20:12:53      17  100.00    0.00    0.00    0.00    0.00    0.00    0.00    0.00    0.00    0.00
20:12:53      18   74.00    0.00   19.00    0.00    0.00    5.00    0.00    0.00    0.00    2.00
20:12:53      19   75.00    0.00   17.00    0.00    0.00    5.00    0.00    0.00    0.00    3.00
20:12:53      20   72.55    0.00   20.59    0.00    0.00    2.94    0.00    0.00    0.00    3.92
20:12:53      21   75.25    0.00   15.84    0.00    0.00    4.95    0.00    0.00    0.00    3.96
20:12:53      22  100.00    0.00    0.00    0.00    0.00    0.00    0.00    0.00    0.00    0.00
20:12:53      23   84.31    0.00   12.75    0.00    0.00    0.98    0.00    0.00    0.00    1.96
20:12:53      24   55.00    0.00   22.00    0.00    0.00    9.00    0.00    0.00    0.00   14.00
20:12:53      25   59.18    0.00   22.45    0.00    0.00    9.18    0.00    0.00    0.00    9.18
20:12:53      26   55.10    0.00   23.47    0.00    0.00   12.24    0.00    0.00    0.00    9.18
20:12:53      27   57.43    0.00   22.77    0.00    0.00   11.88    0.00    0.00    0.00    7.92
20:12:53      28   53.54    0.00   22.22    0.00    0.00   13.13    0.00    0.00    0.00   11.11
20:12:53      29   56.86    0.00   27.45    0.00    0.00    7.84    0.00    0.00    0.00    7.84
20:12:53      30   54.74    0.00   26.32    0.00    0.00   10.53    0.00    0.00    0.00    8.42
20:12:53      31   61.86    0.00   19.59    0.00    0.00   10.31    0.00    0.00    0.00    8.25

20:12:53     CPU    %usr   %nice    %sys %iowait    %irq   %soft  %steal  %guest  %gnice   %idle
20:12:54     all   72.12    0.00   16.02    0.82    0.00    4.98    0.00    0.00    0.00    6.05
20:12:54       0   80.20    0.00   14.85    0.00    0.00    1.98    0.00    0.00    0.00    2.97
20:12:54       1  100.00    0.00    0.00    0.00    0.00    0.00    0.00    0.00    0.00    0.00
20:12:54       2   69.00    0.00   25.00    0.00    0.00    4.00    0.00    0.00    0.00    2.00
20:12:54       3   81.19    0.00   14.85    0.00    0.00    2.97    0.00    0.00    0.00    0.99
20:12:54       4   47.00    0.00   21.00   13.00    0.00    9.00    0.00    0.00    0.00   10.00
20:12:54       5   69.07    0.00   11.34    1.03    0.00    4.12    0.00    0.00    0.00   14.43
20:12:54       6   97.00    0.00    2.00    0.00    0.00    1.00    0.00    0.00    0.00    0.00
20:12:54       7   77.78    0.00   12.12    0.00    0.00    7.07    0.00    0.00    0.00    3.03
20:12:54       8   79.00    0.00   15.00    0.00    0.00    4.00    0.00    0.00    0.00    2.00
20:12:54       9   77.00    0.00   18.00    0.00    0.00    3.00    0.00    0.00    0.00    2.00
20:12:54      10   77.00    0.00   17.00    0.00    0.00    4.00    0.00    0.00    0.00    2.00
20:12:54      11   77.23    0.00   16.83    0.00    0.00    2.97    0.00    0.00    0.00    2.97
20:12:54      12   80.81    0.00   15.15    0.00    0.00    3.03    0.00    0.00    0.00    1.01
20:12:54      13   79.80    0.00   14.14    0.00    0.00    5.05    0.00    0.00    0.00    1.01
20:12:54      14   77.55    0.00   16.33    0.00    0.00    4.08    0.00    0.00    0.00    2.04
20:12:54      15   84.16    0.00   10.89    0.00    0.00    2.97    0.00    0.00    0.00    1.98
20:12:54      16   83.67    0.00   12.24    0.00    0.00    3.06    0.00    0.00    0.00    1.02
20:12:54      17  100.00    0.00    0.00    0.00    0.00    0.00    0.00    0.00    0.00    0.00
20:12:54      18   63.00    0.00   30.00    0.00    0.00    4.00    0.00    0.00    0.00    3.00
20:12:54      19   74.00    0.00   18.00    0.00    0.00    6.00    0.00    0.00    0.00    2.00
20:12:54      20   65.35    0.00   13.86    2.97    0.00    3.96    0.00    0.00    0.00   13.86
20:12:54      21   56.38    0.00   12.77    9.57    0.00    6.38    0.00    0.00    0.00   14.89
20:12:54      22   79.21    0.00   12.87    0.00    0.00    4.95    0.00    0.00    0.00    2.97
20:12:54      23   83.84    0.00   12.12    0.00    0.00    3.03    0.00    0.00    0.00    1.01
20:12:54      24   55.00    0.00   20.00    0.00    0.00   11.00    0.00    0.00    0.00   14.00
20:12:54      25   56.44    0.00   18.81    0.00    0.00    8.91    0.00    0.00    0.00   15.84
20:12:54      26   51.61    0.00   24.73    0.00    0.00    8.60    0.00    0.00    0.00   15.05
20:12:54      27   55.79    0.00   22.11    0.00    0.00   10.53    0.00    0.00    0.00   11.58
20:12:54      28   51.55    0.00   26.80    0.00    0.00    8.25    0.00    0.00    0.00   13.40
20:12:54      29   58.82    0.00   24.51    0.00    0.00    8.82    0.00    0.00    0.00    7.84
20:12:54      30   68.69    0.00   20.20    0.00    0.00    7.07    0.00    0.00    0.00    4.04
20:12:54      31   46.32    0.00   20.00    0.00    0.00    6.32    0.00    0.00    0.00   27.37

20:12:54     CPU    %usr   %nice    %sys %iowait    %irq   %soft  %steal  %guest  %gnice   %idle
20:12:55     all   77.86    0.00   13.41    0.31    0.00    4.22    0.00    0.00    0.00    4.19
20:12:55       0  100.00    0.00    0.00    0.00    0.00    0.00    0.00    0.00    0.00    0.00
20:12:55       1   88.00    0.00    6.00    0.00    0.00    5.00    0.00    0.00    0.00    1.00
20:12:55       2   70.00    0.00   27.00    0.00    0.00    3.00    0.00    0.00    0.00    0.00
20:12:55       3   82.83    0.00   10.10    0.00    0.00    6.06    0.00    0.00    0.00    1.01
20:12:55       4   99.01    0.00    0.00    0.00    0.00    0.00    0.00    0.00    0.00    0.99
20:12:55       5   74.26    0.00   19.80    0.99    0.00    2.97    0.00    0.00    0.00    1.98
20:12:55       6   98.02    0.00    0.99    0.00    0.00    0.99    0.00    0.00    0.00    0.00
20:12:55       7   99.01    0.00    0.99    0.00    0.00    0.00    0.00    0.00    0.00    0.00
20:12:55       8   76.00    0.00   20.00    0.00    0.00    3.00    0.00    0.00    0.00    1.00
20:12:55       9   79.21    0.00   15.84    0.00    0.00    2.97    0.00    0.00    0.00    1.98
20:12:55      10   81.00    0.00   14.00    0.00    0.00    4.00    0.00    0.00    0.00    1.00
20:12:55      11   79.00    0.00   16.00    0.00    0.00    4.00    0.00    0.00    0.00    1.00
20:12:55      12   75.25    0.00   17.82    0.99    0.00    4.95    0.00    0.00    0.00    0.99
20:12:55      13   99.00    0.00    1.00    0.00    0.00    0.00    0.00    0.00    0.00    0.00
20:12:55      14   79.21    0.00   15.84    0.00    0.00    3.96    0.00    0.00    0.00    0.99
20:12:55      15   81.00    0.00   13.00    0.00    0.00    5.00    0.00    0.00    0.00    1.00
20:12:55      16  100.00    0.00    0.00    0.00    0.00    0.00    0.00    0.00    0.00    0.00
20:12:55      17   77.00    0.00   15.00    0.00    0.00    5.00    0.00    0.00    0.00    3.00
20:12:55      18   65.00    0.00   28.00    0.00    0.00    6.00    0.00    0.00    0.00    1.00
20:12:55      19   96.00    0.00    3.00    0.00    0.00    1.00    0.00    0.00    0.00    0.00
20:12:55      20   53.61    0.00   21.65    8.25    0.00    6.19    0.00    0.00    0.00   10.31
20:12:55      21  100.00    0.00    0.00    0.00    0.00    0.00    0.00    0.00    0.00    0.00
20:12:55      22   77.23    0.00   17.82    0.00    0.00    3.96    0.00    0.00    0.00    0.99
20:12:55      23   78.22    0.00   16.83    0.00    0.00    3.96    0.00    0.00    0.00    0.99
20:12:55      24   45.00    0.00   23.00    0.00    0.00   12.00    0.00    0.00    0.00   20.00
20:12:55      25   54.46    0.00   15.84    0.00    0.00    9.90    0.00    0.00    0.00   19.80
20:12:55      26   46.88    0.00   22.92    0.00    0.00    8.33    0.00    0.00    0.00   21.88
20:12:55      27   46.53    0.00   26.73    0.00    0.00    8.91    0.00    0.00    0.00   17.82
20:12:55      28   45.74    0.00   22.34    0.00    0.00   11.70    0.00    0.00    0.00   20.21
20:12:55      29   90.00    0.00    7.00    0.00    0.00    3.00    0.00    0.00    0.00    0.00
20:12:55      30   82.00    0.00   14.00    0.00    0.00    4.00    0.00    0.00    0.00    0.00
20:12:55      31   69.31    0.00   17.82    0.00    0.00    5.94    0.00    0.00    0.00    6.93

20:12:55     CPU    %usr   %nice    %sys %iowait    %irq   %soft  %steal  %guest  %gnice   %idle
20:12:56     all   76.36    0.00   13.41    0.35    0.00    4.82    0.00    0.00    0.00    5.07
20:12:56       0   85.71    0.00    6.12    4.08    0.00    1.02    0.00    0.00    0.00    3.06
20:12:56       1   74.75    0.00   10.10    5.05    0.00    9.09    0.00    0.00    0.00    1.01
20:12:56       2   76.00    0.00   17.00    0.00    0.00    5.00    0.00    0.00    0.00    2.00
20:12:56       3   94.00    0.00    4.00    0.00    0.00    0.00    0.00    0.00    0.00    2.00
20:12:56       4   74.75    0.00   16.16    0.00    0.00    8.08    0.00    0.00    0.00    1.01
20:12:56       5   88.00    0.00    7.00    0.00    0.00    3.00    0.00    0.00    0.00    2.00
20:12:56       6   79.59    0.00   15.31    0.00    0.00    3.06    0.00    0.00    0.00    2.04
20:12:56       7   84.54    0.00   10.31    0.00    0.00    2.06    0.00    0.00    0.00    3.09
20:12:56       8   83.00    0.00   13.00    0.00    0.00    3.00    0.00    0.00    0.00    1.00
20:12:56       9   81.82    0.00   12.12    0.00    0.00    4.04    0.00    0.00    0.00    2.02
20:12:56      10   77.23    0.00   13.86    0.00    0.00    6.93    0.00    0.00    0.00    1.98
20:12:56      11   79.00    0.00   14.00    0.00    0.00    6.00    0.00    0.00    0.00    1.00
20:12:56      12   58.16    0.00    8.16    0.00    0.00    4.08    0.00    0.00    0.00   29.59
20:12:56      13   99.01    0.00    0.00    0.00    0.00    0.00    0.00    0.00    0.00    0.99
20:12:56      14   78.00    0.00   15.00    0.00    0.00    5.00    0.00    0.00    0.00    2.00
20:12:56      15   75.00    0.00   17.00    0.00    0.00    6.00    0.00    0.00    0.00    2.00
20:12:56      16   92.00    0.00    2.00    0.00    0.00    1.00    0.00    0.00    0.00    5.00
20:12:56      17   91.09    0.00    5.94    0.00    0.00    0.99    0.00    0.00    0.00    1.98
20:12:56      18   66.00    0.00   31.00    0.00    0.00    2.00    0.00    0.00    0.00    1.00
20:12:56      19   78.00    0.00   17.00    0.00    0.00    3.00    0.00    0.00    0.00    2.00
20:12:56      20  100.00    0.00    0.00    0.00    0.00    0.00    0.00    0.00    0.00    0.00
20:12:56      21   79.21    0.00   13.86    0.00    0.00    4.95    0.00    0.00    0.00    1.98
20:12:56      22   84.00    0.00   11.00    0.00    0.00    3.00    0.00    0.00    0.00    2.00
20:12:56      23   77.23    0.00   15.84    0.00    0.00    4.95    0.00    0.00    0.00    1.98
20:12:56      24   66.33    0.00   16.33    2.04    0.00    4.08    0.00    0.00    0.00   11.22
20:12:56      25   57.29    0.00   18.75    0.00    0.00    8.33    0.00    0.00    0.00   15.62
20:12:56      26   46.53    0.00   21.78    0.00    0.00   15.84    0.00    0.00    0.00   15.84
20:12:56      27   59.60    0.00   24.24    0.00    0.00    9.09    0.00    0.00    0.00    7.07
20:12:56      28   46.46    0.00   24.24    0.00    0.00   10.10    0.00    0.00    0.00   19.19
20:12:56      29   66.67    0.00   17.71    0.00    0.00    7.29    0.00    0.00    0.00    8.33
20:12:56      30   60.20    0.00   18.37    0.00    0.00    9.18    0.00    0.00    0.00   12.24
20:12:56      31   82.65    0.00   12.24    0.00    0.00    4.08    0.00    0.00    0.00    1.02

20:12:56     CPU    %usr   %nice    %sys %iowait    %irq   %soft  %steal  %guest  %gnice   %idle
20:12:57     all   78.76    0.00   12.15    0.92    0.00    3.82    0.00    0.00    0.00    4.35
20:12:57       0   95.05    0.00    1.98    0.00    0.00    1.98    0.00    0.00    0.00    0.99
20:12:57       1   80.81    0.00   16.16    0.00    0.00    2.02    0.00    0.00    0.00    1.01
20:12:57       2   71.00    0.00   23.00    0.00    0.00    4.00    0.00    0.00    0.00    2.00
20:12:57       3   79.80    0.00   13.13    0.00    0.00    6.06    0.00    0.00    0.00    1.01
20:12:57       4   42.27    0.00   19.59   20.62    0.00    9.28    0.00    0.00    0.00    8.25
20:12:57       5  100.00    0.00    0.00    0.00    0.00    0.00    0.00    0.00    0.00    0.00
20:12:57       6   89.90    0.00    8.08    0.00    0.00    2.02    0.00    0.00    0.00    0.00
20:12:57       7   81.00    0.00   15.00    0.00    0.00    3.00    0.00    0.00    0.00    1.00
20:12:57       8   95.96    0.00    3.03    0.00    0.00    0.00    0.00    0.00    0.00    1.01
20:12:57       9   78.43    0.00   17.65    0.00    0.00    1.96    0.00    0.00    0.00    1.96
20:12:57      10   61.86    0.00   12.37    9.28    0.00    4.12    0.00    0.00    0.00   12.37
20:12:57      11   76.77    0.00   18.18    0.00    0.00    3.03    0.00    0.00    0.00    2.02
20:12:57      12   77.78    0.00   16.16    0.00    0.00    5.05    0.00    0.00    0.00    1.01
20:12:57      13   82.83    0.00   12.12    0.00    0.00    4.04    0.00    0.00    0.00    1.01
20:12:57      14   81.19    0.00   12.87    0.00    0.00    3.96    0.00    0.00    0.00    1.98
20:12:57      15   79.00    0.00   14.00    0.00    0.00    5.00    0.00    0.00    0.00    2.00
20:12:57      16  100.00    0.00    0.00    0.00    0.00    0.00    0.00    0.00    0.00    0.00
20:12:57      17   82.65    0.00   13.27    0.00    0.00    3.06    0.00    0.00    0.00    1.02
20:12:57      18   66.67    0.00   28.28    0.00    0.00    5.05    0.00    0.00    0.00    0.00
20:12:57      19   99.00    0.00    1.00    0.00    0.00    0.00    0.00    0.00    0.00    0.00
20:12:57      20   98.02    0.00    0.00    0.00    0.00    0.00    0.00    0.00    0.00    1.98
20:12:57      21  100.00    0.00    0.00    0.00    0.00    0.00    0.00    0.00    0.00    0.00
20:12:57      22   98.00    0.00    1.00    0.00    0.00    1.00    0.00    0.00    0.00    0.00
20:12:57      23   91.84    0.00    6.12    0.00    0.00    2.04    0.00    0.00    0.00    0.00
20:12:57      24   78.57    0.00   11.22    0.00    0.00    7.14    0.00    0.00    0.00    3.06
20:12:57      25   60.20    0.00   21.43    0.00    0.00    7.14    0.00    0.00    0.00   11.22
20:12:57      26   49.47    0.00   20.00    0.00    0.00    8.42    0.00    0.00    0.00   22.11
20:12:57      27   79.00    0.00   11.00    0.00    0.00    2.00    0.00    0.00    0.00    8.00
20:12:57      28   45.83    0.00   21.88    0.00    0.00   11.46    0.00    0.00    0.00   20.83
20:12:57      29   60.40    0.00   13.86    0.00    0.00    6.93    0.00    0.00    0.00   18.81
20:12:57      30   49.46    0.00   25.81    0.00    0.00    8.60    0.00    0.00    0.00   16.13
20:12:57      31   81.19    0.00   12.87    0.00    0.00    4.95    0.00    0.00    0.00    0.99

20:12:57     CPU    %usr   %nice    %sys %iowait    %irq   %soft  %steal  %guest  %gnice   %idle
20:12:58     all   69.62    0.00   15.64    1.82    0.00    5.20    0.00    0.00    0.00    7.71
20:12:58       0   37.76    0.00   15.31   22.45    0.00    1.02    0.00    0.00    0.00   23.47
20:12:58       1   37.63    0.00   10.75   11.83    0.00   19.35    0.00    0.00    0.00   20.43
20:12:58       2   72.28    0.00   23.76    0.00    0.00    1.98    0.00    0.00    0.00    1.98
20:12:58       3   75.49    0.00   17.65    0.00    0.00    3.92    0.00    0.00    0.00    2.94
20:12:58       4   62.00    0.00   11.00    3.00    0.00    3.00    0.00    0.00    0.00   21.00
20:12:58       5   83.67    0.00    9.18    0.00    0.00    4.08    0.00    0.00    0.00    3.06
20:12:58       6   79.00    0.00   15.00    0.00    0.00    4.00    0.00    0.00    0.00    2.00
20:12:58       7   73.27    0.00   19.80    0.00    0.00    5.94    0.00    0.00    0.00    0.99
20:12:58       8   83.17    0.00   12.87    0.00    0.00    2.97    0.00    0.00    0.00    0.99
20:12:58       9   74.00    0.00   21.00    0.00    0.00    3.00    0.00    0.00    0.00    2.00
20:12:58      10   69.90    0.00   13.59    0.00    0.00    3.88    0.00    0.00    0.00   12.62
20:12:58      11   80.58    0.00   13.59    0.00    0.00    2.91    0.00    0.00    0.00    2.91
20:12:58      12   78.22    0.00   16.83    0.00    0.00    2.97    0.00    0.00    0.00    1.98
20:12:58      13   70.30    0.00   21.78    0.00    0.00    5.94    0.00    0.00    0.00    1.98
20:12:58      14   77.78    0.00   15.15    0.00    0.00    5.05    0.00    0.00    0.00    2.02
20:12:58      15   76.24    0.00   18.81    0.00    0.00    2.97    0.00    0.00    0.00    1.98
20:12:58      16   40.40    0.00   12.12   21.21    0.00    1.01    0.00    0.00    0.00   25.25
20:12:58      17   89.00    0.00    4.00    1.00    0.00    0.00    0.00    0.00    0.00    6.00
20:12:58      18   76.00    0.00   18.00    0.00    0.00    4.00    0.00    0.00    0.00    2.00
20:12:58      19   75.25    0.00   18.81    0.00    0.00    3.96    0.00    0.00    0.00    1.98
20:12:58      20   70.10    0.00   17.53    0.00    0.00    5.15    0.00    0.00    0.00    7.22
20:12:58      21   99.00    0.00    1.00    0.00    0.00    0.00    0.00    0.00    0.00    0.00
20:12:58      22   87.13    0.00   12.87    0.00    0.00    0.00    0.00    0.00    0.00    0.00
20:12:58      23  100.00    0.00    0.00    0.00    0.00    0.00    0.00    0.00    0.00    0.00
20:12:58      24   60.82    0.00   19.59    0.00    0.00   12.37    0.00    0.00    0.00    7.22
20:12:58      25   62.00    0.00   18.00    0.00    0.00    9.00    0.00    0.00    0.00   11.00
20:12:58      26   52.58    0.00   20.62    0.00    0.00   12.37    0.00    0.00    0.00   14.43
20:12:58      27   58.33    0.00   20.83    0.00    0.00    5.21    0.00    0.00    0.00   15.62
20:12:58      28   57.00    0.00   19.00    0.00    0.00   11.00    0.00    0.00    0.00   13.00
20:12:58      29   55.00    0.00   22.00    0.00    0.00   12.00    0.00    0.00    0.00   11.00
20:12:58      30   48.51    0.00   19.80    0.00    0.00   11.88    0.00    0.00    0.00   19.80
20:12:58      31   60.61    0.00   20.20    0.00    0.00    7.07    0.00    0.00    0.00   12.12

20:12:58     CPU    %usr   %nice    %sys %iowait    %irq   %soft  %steal  %guest  %gnice   %idle
20:12:59     all   72.11    0.00   13.36    1.11    0.00    4.34    0.00    0.00    0.00    9.09
20:12:59       0   55.10    0.00   11.22    7.14    0.00    0.00    0.00    0.00    0.00   26.53
20:12:59       1   54.46    0.00    9.90   13.86    0.00   11.88    0.00    0.00    0.00    9.90
20:12:59       2   87.00    0.00   13.00    0.00    0.00    0.00    0.00    0.00    0.00    0.00
20:12:59       3   76.53    0.00   18.37    0.00    0.00    5.10    0.00    0.00    0.00    0.00
20:12:59       4   78.57    0.00   12.24    2.04    0.00    6.12    0.00    0.00    0.00    1.02
20:12:59       5   75.76    0.00   19.19    0.00    0.00    3.03    0.00    0.00    0.00    2.02
20:12:59       6   94.06    0.00    3.96    0.00    0.00    1.98    0.00    0.00    0.00    0.00
20:12:59       7   91.84    0.00    7.14    0.00    0.00    1.02    0.00    0.00    0.00    0.00
20:12:59       8   81.00    0.00   14.00    0.00    0.00    3.00    0.00    0.00    0.00    2.00
20:12:59       9   76.00    0.00   19.00    0.00    0.00    4.00    0.00    0.00    0.00    1.00
20:12:59      10   90.00    0.00    8.00    0.00    0.00    1.00    0.00    0.00    0.00    1.00
20:12:59      11   77.78    0.00   16.16    0.00    0.00    5.05    0.00    0.00    0.00    1.01
20:12:59      12   68.00    0.00   27.00    0.00    0.00    4.00    0.00    0.00    0.00    1.00
20:12:59      13   75.00    0.00   21.00    0.00    0.00    3.00    0.00    0.00    0.00    1.00
20:12:59      14   80.00    0.00   14.00    0.00    0.00    6.00    0.00    0.00    0.00    0.00
20:12:59      15   77.78    0.00   18.18    0.00    0.00    3.03    0.00    0.00    0.00    1.01
20:12:59      16   43.75    0.00   13.54   12.50    0.00    2.08    0.00    0.00    0.00   28.12
20:12:59      17  100.00    0.00    0.00    0.00    0.00    0.00    0.00    0.00    0.00    0.00
20:12:59      18   78.00    0.00   14.00    0.00    0.00    6.00    0.00    0.00    0.00    2.00
20:12:59      19   87.88    0.00    8.08    0.00    0.00    2.02    0.00    0.00    0.00    2.02
20:12:59      20   87.00    0.00    7.00    0.00    0.00    1.00    0.00    0.00    0.00    5.00
20:12:59      21   92.00    0.00    7.00    0.00    0.00    1.00    0.00    0.00    0.00    0.00
20:12:59      22   99.00    0.00    1.00    0.00    0.00    0.00    0.00    0.00    0.00    0.00
20:12:59      23   97.03    0.00    1.98    0.00    0.00    0.00    0.00    0.00    0.00    0.99
20:12:59      24   49.47    0.00   20.00    0.00    0.00    9.47    0.00    0.00    0.00   21.05
20:12:59      25   48.98    0.00   17.35    0.00    0.00    9.18    0.00    0.00    0.00   24.49
20:12:59      26   38.78    0.00   23.47    0.00    0.00    6.12    0.00    0.00    0.00   31.63
20:12:59      27   46.39    0.00   18.56    0.00    0.00   12.37    0.00    0.00    0.00   22.68
20:12:59      28   35.16    0.00   12.09    0.00    0.00    6.59    0.00    0.00    0.00   46.15
20:12:59      29   67.33    0.00   17.82    0.00    0.00    6.93    0.00    0.00    0.00    7.92
20:12:59      30   40.43    0.00   19.15    0.00    0.00    8.51    0.00    0.00    0.00   31.91
20:12:59      31   47.96    0.00   15.31    0.00    0.00   10.20    0.00    0.00    0.00   26.53

20:12:59     CPU    %usr   %nice    %sys %iowait    %irq   %soft  %steal  %guest  %gnice   %idle
20:13:00     all   78.34    0.00   11.32    0.38    0.00    4.09    0.00    0.00    0.00    5.87
20:13:00       0   88.00    0.00    8.00    0.00    0.00    2.00    0.00    0.00    0.00    2.00
20:13:00       1   98.99    0.00    0.00    1.01    0.00    0.00    0.00    0.00    0.00    0.00
20:13:00       2   79.00    0.00   15.00    0.00    0.00    4.00    0.00    0.00    0.00    2.00
20:13:00       3   81.19    0.00   10.89    0.00    0.00    5.94    0.00    0.00    0.00    1.98
20:13:00       4   66.33    0.00   16.33    8.16    0.00    9.18    0.00    0.00    0.00    0.00
20:13:00       5   76.00    0.00   20.00    0.00    0.00    3.00    0.00    0.00    0.00    1.00
20:13:00       6   97.98    0.00    1.01    0.00    0.00    0.00    0.00    0.00    0.00    1.01
20:13:00       7   96.00    0.00    3.00    0.00    0.00    1.00    0.00    0.00    0.00    0.00
20:13:00       8   78.79    0.00   15.15    0.00    0.00    5.05    0.00    0.00    0.00    1.01
20:13:00       9   78.79    0.00   15.15    0.00    0.00    4.04    0.00    0.00    0.00    2.02
20:13:00      10   97.98    0.00    1.01    0.00    0.00    1.01    0.00    0.00    0.00    0.00
20:13:00      11   75.76    0.00   17.17    0.00    0.00    4.04    0.00    0.00    0.00    3.03
20:13:00      12   81.00    0.00   13.00    0.00    0.00    4.00    0.00    0.00    0.00    2.00
20:13:00      13   68.37    0.00   25.51    0.00    0.00    5.10    0.00    0.00    0.00    1.02
20:13:00      14   78.79    0.00   15.15    0.00    0.00    4.04    0.00    0.00    0.00    2.02
20:13:00      15   79.59    0.00   13.27    0.00    0.00    5.10    0.00    0.00    0.00    2.04
20:13:00      16   83.17    0.00    6.93    0.00    0.00    1.98    0.00    0.00    0.00    7.92
20:13:00      17   94.00    0.00    3.00    0.00    0.00    1.00    0.00    0.00    0.00    2.00
20:13:00      18   83.67    0.00   12.24    0.00    0.00    3.06    0.00    0.00    0.00    1.02
20:13:00      19   99.00    0.00    1.00    0.00    0.00    0.00    0.00    0.00    0.00    0.00
20:13:00      20   85.00    0.00   10.00    0.00    0.00    2.00    0.00    0.00    0.00    3.00
20:13:00      21   78.79    0.00   11.11    3.03    0.00    5.05    0.00    0.00    0.00    2.02
20:13:00      22  100.00    0.00    0.00    0.00    0.00    0.00    0.00    0.00    0.00    0.00
20:13:00      23   94.00    0.00    4.00    0.00    0.00    1.00    0.00    0.00    0.00    1.00
20:13:00      24   71.13    0.00   10.31    0.00    0.00    6.19    0.00    0.00    0.00   12.37
20:13:00      25   55.79    0.00   17.89    0.00    0.00    5.26    0.00    0.00    0.00   21.05
20:13:00      26   56.25    0.00   16.67    0.00    0.00    8.33    0.00    0.00    0.00   18.75
20:13:00      27   57.89    0.00   20.00    0.00    0.00    8.42    0.00    0.00    0.00   13.68
20:13:00      28   58.95    0.00   14.74    0.00    0.00    6.32    0.00    0.00    0.00   20.00
20:13:00      29   63.27    0.00   11.22    0.00    0.00    6.12    0.00    0.00    0.00   19.39
20:13:00      30   50.52    0.00   18.56    0.00    0.00   11.34    0.00    0.00    0.00   19.59
20:13:00      31   46.32    0.00   16.84    0.00    0.00    8.42    0.00    0.00    0.00   28.42

20:13:00     CPU    %usr   %nice    %sys %iowait    %irq   %soft  %steal  %guest  %gnice   %idle
20:13:01     all   80.06    0.00   11.74    0.44    0.00    3.50    0.00    0.00    0.00    4.26
20:13:01       0   79.80    0.00   18.18    0.00    0.00    1.01    0.00    0.00    0.00    1.01
20:13:01       1   82.83    0.00   13.13    0.00    0.00    2.02    0.00    0.00    0.00    2.02
20:13:01       2   99.00    0.00    1.00    0.00    0.00    0.00    0.00    0.00    0.00    0.00
20:13:01       3   89.90    0.00    8.08    0.00    0.00    1.01    0.00    0.00    0.00    1.01
20:13:01       4   77.23    0.00    7.92    6.93    0.00    3.96    0.00    0.00    0.00    3.96
20:13:01       5   79.59    0.00   10.20    2.04    0.00    2.04    0.00    0.00    0.00    6.12
20:13:01       6   82.18    0.00   10.89    0.00    0.00    4.95    0.00    0.00    0.00    1.98
20:13:01       7   89.00    0.00    8.00    0.00    0.00    2.00    0.00    0.00    0.00    1.00
20:13:01       8   93.00    0.00    3.00    0.00    0.00    1.00    0.00    0.00    0.00    3.00
20:13:01       9   91.00    0.00    8.00    0.00    0.00    0.00    0.00    0.00    0.00    1.00
20:13:01      10   89.00    0.00    9.00    0.00    0.00    1.00    0.00    0.00    0.00    1.00
20:13:01      11   82.00    0.00   12.00    0.00    0.00    4.00    0.00    0.00    0.00    2.00
20:13:01      12   74.49    0.00   21.43    0.00    0.00    4.08    0.00    0.00    0.00    0.00
20:13:01      13   75.25    0.00   18.81    0.00    0.00    3.96    0.00    0.00    0.00    1.98
20:13:01      14   98.00    0.00    2.00    0.00    0.00    0.00    0.00    0.00    0.00    0.00
20:13:01      15   80.39    0.00   12.75    0.00    0.00    4.90    0.00    0.00    0.00    1.96
20:13:01      16   80.00    0.00   14.00    0.00    0.00    4.00    0.00    0.00    0.00    2.00
20:13:01      17   90.91    0.00    6.06    0.00    0.00    2.02    0.00    0.00    0.00    1.01
20:13:01      18   89.90    0.00    7.07    0.00    0.00    2.02    0.00    0.00    0.00    1.01
20:13:01      19   90.00    0.00    8.00    0.00    0.00    1.00    0.00    0.00    0.00    1.00
20:13:01      20   67.35    0.00   14.29    5.10    0.00    8.16    0.00    0.00    0.00    5.10
20:13:01      21   86.14    0.00    6.93    0.00    0.00    2.97    0.00    0.00    0.00    3.96
20:13:01      22   91.92    0.00    6.06    0.00    0.00    1.01    0.00    0.00    0.00    1.01
20:13:01      23   78.00    0.00   17.00    0.00    0.00    3.00    0.00    0.00    0.00    2.00
20:13:01      24   64.95    0.00   18.56    0.00    0.00    5.15    0.00    0.00    0.00   11.34
20:13:01      25   85.00    0.00    2.00    0.00    0.00    1.00    0.00    0.00    0.00   12.00
20:13:01      26   57.73    0.00   17.53    0.00    0.00    7.22    0.00    0.00    0.00   17.53
20:13:01      27   71.88    0.00   16.67    0.00    0.00    5.21    0.00    0.00    0.00    6.25
20:13:01      28   65.66    0.00   19.19    0.00    0.00    7.07    0.00    0.00    0.00    8.08
20:13:01      29   59.18    0.00   23.47    0.00    0.00    8.16    0.00    0.00    0.00    9.18
20:13:01      30   66.67    0.00   20.20    0.00    0.00    7.07    0.00    0.00    0.00    6.06
20:13:01      31   48.89    0.00   15.56    0.00    0.00   12.22    0.00    0.00    0.00   23.33

20:13:01     CPU    %usr   %nice    %sys %iowait    %irq   %soft  %steal  %guest  %gnice   %idle
20:13:02     all   78.33    0.00   13.80    0.53    0.00    4.39    0.00    0.00    0.00    2.95
20:13:02       0   87.88    0.00    7.07    0.00    0.00    3.03    0.00    0.00    0.00    2.02
20:13:02       1   69.70    0.00   17.17    2.02    0.00   10.10    0.00    0.00    0.00    1.01
20:13:02       2   80.00    0.00   16.00    0.00    0.00    4.00    0.00    0.00    0.00    0.00
20:13:02       3   90.10    0.00    7.92    0.00    0.00    0.99    0.00    0.00    0.00    0.99
20:13:02       4   61.62    0.00   12.12   15.15    0.00    9.09    0.00    0.00    0.00    2.02
20:13:02       5   79.21    0.00   14.85    0.00    0.00    3.96    0.00    0.00    0.00    1.98
20:13:02       6   98.00    0.00    1.00    0.00    0.00    0.00    0.00    0.00    0.00    1.00
20:13:02       7   76.24    0.00   17.82    0.00    0.00    4.95    0.00    0.00    0.00    0.99
20:13:02       8   78.79    0.00   19.19    0.00    0.00    2.02    0.00    0.00    0.00    0.00
20:13:02       9   91.92    0.00    5.05    0.00    0.00    2.02    0.00    0.00    0.00    1.01
20:13:02      10   80.20    0.00   12.87    0.00    0.00    5.94    0.00    0.00    0.00    0.99
20:13:02      11   77.78    0.00   16.16    0.00    0.00    5.05    0.00    0.00    0.00    1.01
20:13:02      12   72.00    0.00   23.00    0.00    0.00    4.00    0.00    0.00    0.00    1.00
20:13:02      13   76.77    0.00   16.16    0.00    0.00    6.06    0.00    0.00    0.00    1.01
20:13:02      14   90.00    0.00    7.00    0.00    0.00    1.00    0.00    0.00    0.00    2.00
20:13:02      15   86.00    0.00   11.00    0.00    0.00    2.00    0.00    0.00    0.00    1.00
20:13:02      16   77.23    0.00   12.87    0.00    0.00    3.96    0.00    0.00    0.00    5.94
20:13:02      17   89.11    0.00    8.91    0.00    0.00    0.99    0.00    0.00    0.00    0.99
20:13:02      18   91.00    0.00    5.00    0.00    0.00    2.00    0.00    0.00    0.00    2.00
20:13:02      19   81.00    0.00   14.00    0.00    0.00    3.00    0.00    0.00    0.00    2.00
20:13:02      20   93.00    0.00    4.00    0.00    0.00    2.00    0.00    0.00    0.00    1.00
20:13:02      21   94.00    0.00    4.00    0.00    0.00    0.00    0.00    0.00    0.00    2.00
20:13:02      22   84.16    0.00   10.89    0.00    0.00    2.97    0.00    0.00    0.00    1.98
20:13:02      23   79.80    0.00   17.17    0.00    0.00    2.02    0.00    0.00    0.00    1.01
20:13:02      24   74.51    0.00   17.65    0.00    0.00    5.88    0.00    0.00    0.00    1.96
20:13:02      25   71.88    0.00   16.67    0.00    0.00    7.29    0.00    0.00    0.00    4.17
20:13:02      26   69.70    0.00   20.20    0.00    0.00    9.09    0.00    0.00    0.00    1.01
20:13:02      27   56.00    0.00   25.00    0.00    0.00    8.00    0.00    0.00    0.00   11.00
20:13:02      28   57.43    0.00   21.78    0.00    0.00    7.92    0.00    0.00    0.00   12.87
20:13:02      29   62.00    0.00   23.00    0.00    0.00    7.00    0.00    0.00    0.00    8.00
20:13:02      30   72.92    0.00   15.62    0.00    0.00    6.25    0.00    0.00    0.00    5.21
20:13:02      31   55.21    0.00   20.83    0.00    0.00    8.33    0.00    0.00    0.00   15.62

20:13:02     CPU    %usr   %nice    %sys %iowait    %irq   %soft  %steal  %guest  %gnice   %idle
20:13:03     all   75.43    0.00   13.74    0.69    0.00    4.10    0.00    0.00    0.00    6.05
20:13:03       0   52.94    0.00    9.80    2.94    0.00    2.94    0.00    0.00    0.00   31.37
20:13:03       1   48.42    0.00    7.37    9.47    0.00    8.42    0.00    0.00    0.00   26.32
20:13:03       2   80.00    0.00   16.00    0.00    0.00    3.00    0.00    0.00    0.00    1.00
20:13:03       3   73.74    0.00   18.18    0.00    0.00    6.06    0.00    0.00    0.00    2.02
20:13:03       4   92.93    0.00    5.05    0.00    0.00    1.01    0.00    0.00    0.00    1.01
20:13:03       5   89.90    0.00    6.06    0.00    0.00    3.03    0.00    0.00    0.00    1.01
20:13:03       6   98.00    0.00    2.00    0.00    0.00    0.00    0.00    0.00    0.00    0.00
20:13:03       7   79.80    0.00   16.16    0.00    0.00    4.04    0.00    0.00    0.00    0.00
20:13:03       8   80.81    0.00   13.13    0.00    0.00    2.02    0.00    0.00    0.00    4.04
20:13:03       9   81.19    0.00   14.85    0.00    0.00    1.98    0.00    0.00    0.00    1.98
20:13:03      10   76.00    0.00   19.00    0.00    0.00    4.00    0.00    0.00    0.00    1.00
20:13:03      11   75.49    0.00   18.63    0.00    0.00    4.90    0.00    0.00    0.00    0.98
20:13:03      12   82.18    0.00   13.86    0.00    0.00    2.97    0.00    0.00    0.00    0.99
20:13:03      13   80.81    0.00   10.10    0.00    0.00    3.03    0.00    0.00    0.00    6.06
20:13:03      14   88.00    0.00    9.00    0.00    0.00    0.00    0.00    0.00    0.00    3.00
20:13:03      15   80.81    0.00   16.16    0.00    0.00    3.03    0.00    0.00    0.00    0.00
20:13:03      16   70.00    0.00    9.00    4.00    0.00    1.00    0.00    0.00    0.00   16.00
20:13:03      17   75.51    0.00    4.08    6.12    0.00    1.02    0.00    0.00    0.00   13.27
20:13:03      18   72.73    0.00   24.24    0.00    0.00    2.02    0.00    0.00    0.00    1.01
20:13:03      19   73.00    0.00   18.00    0.00    0.00    8.00    0.00    0.00    0.00    1.00
20:13:03      20   84.00    0.00   12.00    0.00    0.00    3.00    0.00    0.00    0.00    1.00
20:13:03      21   84.16    0.00    9.90    0.00    0.00    4.95    0.00    0.00    0.00    0.99
20:13:03      22   86.87    0.00   11.11    0.00    0.00    1.01    0.00    0.00    0.00    1.01
20:13:03      23   84.00    0.00   13.00    0.00    0.00    2.00    0.00    0.00    0.00    1.00
20:13:03      24   61.29    0.00   20.43    0.00    0.00    8.60    0.00    0.00    0.00    9.68
20:13:03      25   69.61    0.00   16.67    0.00    0.00    7.84    0.00    0.00    0.00    5.88
20:13:03      26   87.00    0.00   11.00    0.00    0.00    2.00    0.00    0.00    0.00    0.00
20:13:03      27   55.32    0.00   22.34    0.00    0.00    8.51    0.00    0.00    0.00   13.83
20:13:03      28   66.33    0.00   13.27    0.00    0.00    9.18    0.00    0.00    0.00   11.22
20:13:03      29   61.62    0.00   18.18    0.00    0.00    7.07    0.00    0.00    0.00   13.13
20:13:03      30   61.62    0.00   20.20    0.00    0.00    8.08    0.00    0.00    0.00   10.10
20:13:03      31   56.12    0.00   21.43    0.00    0.00    7.14    0.00    0.00    0.00   15.31

20:13:03     CPU    %usr   %nice    %sys %iowait    %irq   %soft  %steal  %guest  %gnice   %idle
20:13:04     all   78.44    0.00   13.68    0.00    0.00    4.66    0.00    0.00    0.00    3.22
20:13:04       0   85.86    0.00   10.10    0.00    0.00    3.03    0.00    0.00    0.00    1.01
20:13:04       1   87.00    0.00    8.00    0.00    0.00    1.00    0.00    0.00    0.00    4.00
20:13:04       2   84.85    0.00    9.09    0.00    0.00    3.03    0.00    0.00    0.00    3.03
20:13:04       3   81.19    0.00   12.87    0.00    0.00    4.95    0.00    0.00    0.00    0.99
20:13:04       4   76.47    0.00   18.63    0.00    0.00    2.94    0.00    0.00    0.00    1.96
20:13:04       5   92.08    0.00    5.94    0.00    0.00    0.99    0.00    0.00    0.00    0.99
20:13:04       6   86.00    0.00    9.00    0.00    0.00    2.00    0.00    0.00    0.00    3.00
20:13:04       7   77.23    0.00   15.84    0.00    0.00    3.96    0.00    0.00    0.00    2.97
20:13:04       8   83.00    0.00   13.00    0.00    0.00    3.00    0.00    0.00    0.00    1.00
20:13:04       9   94.95    0.00    4.04    0.00    0.00    1.01    0.00    0.00    0.00    0.00
20:13:04      10   82.18    0.00   13.86    0.00    0.00    2.97    0.00    0.00    0.00    0.99
20:13:04      11   73.74    0.00   19.19    0.00    0.00    6.06    0.00    0.00    0.00    1.01
20:13:04      12  100.00    0.00    0.00    0.00    0.00    0.00    0.00    0.00    0.00    0.00
20:13:04      13   80.20    0.00   13.86    0.00    0.00    4.95    0.00    0.00    0.00    0.99
20:13:04      14   89.00    0.00   10.00    0.00    0.00    1.00    0.00    0.00    0.00    0.00
20:13:04      15   77.23    0.00   14.85    0.00    0.00    5.94    0.00    0.00    0.00    1.98
20:13:04      16   83.84    0.00   10.10    0.00    0.00    3.03    0.00    0.00    0.00    3.03
20:13:04      17   71.57    0.00   20.59    0.00    0.00    5.88    0.00    0.00    0.00    1.96
20:13:04      18   79.00    0.00   15.00    0.00    0.00    5.00    0.00    0.00    0.00    1.00
20:13:04      19   69.00    0.00   25.00    0.00    0.00    4.00    0.00    0.00    0.00    2.00
20:13:04      20   87.76    0.00    7.14    0.00    0.00    2.04    0.00    0.00    0.00    3.06
20:13:04      21   81.82    0.00   13.13    0.00    0.00    4.04    0.00    0.00    0.00    1.01
20:13:04      22   86.87    0.00    6.06    0.00    0.00    3.03    0.00    0.00    0.00    4.04
20:13:04      23   85.29    0.00    9.80    0.00    0.00    0.98    0.00    0.00    0.00    3.92
20:13:04      24   53.92    0.00   23.53    0.00    0.00    8.82    0.00    0.00    0.00   13.73
20:13:04      25   71.00    0.00   18.00    0.00    0.00    7.00    0.00    0.00    0.00    4.00
20:13:04      26   75.00    0.00   16.00    0.00    0.00    8.00    0.00    0.00    0.00    1.00
20:13:04      27   53.19    0.00   21.28    0.00    0.00    9.57    0.00    0.00    0.00   15.96
20:13:04      28   81.82    0.00   14.14    0.00    0.00    4.04    0.00    0.00    0.00    0.00
20:13:04      29   51.52    0.00   22.22    0.00    0.00   13.13    0.00    0.00    0.00   13.13
20:13:04      30   74.75    0.00   13.13    0.00    0.00   12.12    0.00    0.00    0.00    0.00
20:13:04      31   52.00    0.00   24.00    0.00    0.00   12.00    0.00    0.00    0.00   12.00

20:13:04     CPU    %usr   %nice    %sys %iowait    %irq   %soft  %steal  %guest  %gnice   %idle
20:13:05     all   78.87    0.00   12.86    0.00    0.00    3.93    0.00    0.00    0.00    4.34
20:13:05       0   79.00    0.00   13.00    0.00    0.00    6.00    0.00    0.00    0.00    2.00
20:13:05       1   90.00    0.00    7.00    0.00    0.00    2.00    0.00    0.00    0.00    1.00
20:13:05       2   77.23    0.00   15.84    0.00    0.00    2.97    0.00    0.00    0.00    3.96
20:13:05       3   81.82    0.00   13.13    0.00    0.00    3.03    0.00    0.00    0.00    2.02
20:13:05       4   82.83    0.00    9.09    0.00    0.00    2.02    0.00    0.00    0.00    6.06
20:13:05       5   78.00    0.00   15.00    0.00    0.00    5.00    0.00    0.00    0.00    2.00
20:13:05       6   90.00    0.00    8.00    0.00    0.00    1.00    0.00    0.00    0.00    1.00
20:13:05       7   85.86    0.00    9.09    0.00    0.00    2.02    0.00    0.00    0.00    3.03
20:13:05       8   79.21    0.00   12.87    0.00    0.00    3.96    0.00    0.00    0.00    3.96
20:13:05       9   86.00    0.00   10.00    0.00    0.00    3.00    0.00    0.00    0.00    1.00
20:13:05      10   86.00    0.00   10.00    0.00    0.00    3.00    0.00    0.00    0.00    1.00
20:13:05      11   70.30    0.00   26.73    0.00    0.00    1.98    0.00    0.00    0.00    0.99
20:13:05      12   84.85    0.00   12.12    0.00    0.00    2.02    0.00    0.00    0.00    1.01
20:13:05      13   78.79    0.00   16.16    0.00    0.00    4.04    0.00    0.00    0.00    1.01
20:13:05      14   99.01    0.00    0.00    0.00    0.00    0.00    0.00    0.00    0.00    0.99
20:13:05      15   82.00    0.00   14.00    0.00    0.00    3.00    0.00    0.00    0.00    1.00
20:13:05      16   89.90    0.00    7.07    0.00    0.00    2.02    0.00    0.00    0.00    1.01
20:13:05      17   83.84    0.00   12.12    0.00    0.00    3.03    0.00    0.00    0.00    1.01
20:13:05      18   89.00    0.00    6.00    0.00    0.00    3.00    0.00    0.00    0.00    2.00
20:13:05      19   81.37    0.00   12.75    0.00    0.00    3.92    0.00    0.00    0.00    1.96
20:13:05      20   89.22    0.00    5.88    0.00    0.00    2.94    0.00    0.00    0.00    1.96
20:13:05      21   88.00    0.00    6.00    0.00    0.00    3.00    0.00    0.00    0.00    3.00
20:13:05      22   93.94    0.00    3.03    0.00    0.00    0.00    0.00    0.00    0.00    3.03
20:13:05      23   82.83    0.00   15.15    0.00    0.00    1.01    0.00    0.00    0.00    1.01
20:13:05      24   66.33    0.00   16.33    0.00    0.00    4.08    0.00    0.00    0.00   13.27
20:13:05      25   74.26    0.00   14.85    0.00    0.00    4.95    0.00    0.00    0.00    5.94
20:13:05      26   67.00    0.00   17.00    0.00    0.00    8.00    0.00    0.00    0.00    8.00
20:13:05      27   44.21    0.00   24.21    0.00    0.00   13.68    0.00    0.00    0.00   17.89
20:13:05      28   77.55    0.00   11.22    0.00    0.00    7.14    0.00    0.00    0.00    4.08
20:13:05      29   52.63    0.00   23.16    0.00    0.00    8.42    0.00    0.00    0.00   15.79
20:13:05      30   60.20    0.00   20.41    0.00    0.00    9.18    0.00    0.00    0.00   10.20
20:13:05      31   48.45    0.00   25.77    0.00    0.00    7.22    0.00    0.00    0.00   18.56

20:13:05     CPU    %usr   %nice    %sys %iowait    %irq   %soft  %steal  %guest  %gnice   %idle
20:13:06     all   76.57    0.00   15.33    0.00    0.00    4.30    0.00    0.00    0.00    3.80
20:13:06       0   89.80    0.00    6.12    0.00    0.00    1.02    0.00    0.00    0.00    3.06
20:13:06       1   96.97    0.00    1.01    0.00    0.00    0.00    0.00    0.00    0.00    2.02
20:13:06       2   75.76    0.00   16.16    0.00    0.00    4.04    0.00    0.00    0.00    4.04
20:13:06       3   74.76    0.00   19.42    0.00    0.00    3.88    0.00    0.00    0.00    1.94
20:13:06       4   74.26    0.00   17.82    0.00    0.00    4.95    0.00    0.00    0.00    2.97
20:13:06       5   76.00    0.00   16.00    0.00    0.00    6.00    0.00    0.00    0.00    2.00
20:13:06       6   75.25    0.00   17.82    0.00    0.00    4.95    0.00    0.00    0.00    1.98
20:13:06       7   80.20    0.00   16.83    0.00    0.00    1.98    0.00    0.00    0.00    0.99
20:13:06       8   83.33    0.00   11.76    0.00    0.00    2.94    0.00    0.00    0.00    1.96
20:13:06       9   80.39    0.00   12.75    0.00    0.00    4.90    0.00    0.00    0.00    1.96
20:13:06      10   80.20    0.00   12.87    0.00    0.00    3.96    0.00    0.00    0.00    2.97
20:13:06      11   85.00    0.00   10.00    0.00    0.00    4.00    0.00    0.00    0.00    1.00
20:13:06      12   56.00    0.00   40.00    0.00    0.00    3.00    0.00    0.00    0.00    1.00
20:13:06      13   73.53    0.00   17.65    0.00    0.00    6.86    0.00    0.00    0.00    1.96
20:13:06      14  100.00    0.00    0.00    0.00    0.00    0.00    0.00    0.00    0.00    0.00
20:13:06      15   81.82    0.00   14.14    0.00    0.00    2.02    0.00    0.00    0.00    2.02
20:13:06      16   85.86    0.00    7.07    0.00    0.00    3.03    0.00    0.00    0.00    4.04
20:13:06      17   92.08    0.00    3.96    0.00    0.00    0.99    0.00    0.00    0.00    2.97
20:13:06      18   93.00    0.00    5.00    0.00    0.00    1.00    0.00    0.00    0.00    1.00
20:13:06      19   77.78    0.00   17.17    0.00    0.00    3.03    0.00    0.00    0.00    2.02
20:13:06      20   80.20    0.00   13.86    0.00    0.00    3.96    0.00    0.00    0.00    1.98
20:13:06      21   79.00    0.00   14.00    0.00    0.00    5.00    0.00    0.00    0.00    2.00
20:13:06      22  100.00    0.00    0.00    0.00    0.00    0.00    0.00    0.00    0.00    0.00
20:13:06      23   80.20    0.00   16.83    0.00    0.00    1.98    0.00    0.00    0.00    0.99
20:13:06      24   59.00    0.00   23.00    0.00    0.00    8.00    0.00    0.00    0.00   10.00
20:13:06      25   67.33    0.00   17.82    0.00    0.00    7.92    0.00    0.00    0.00    6.93
20:13:06      26   62.38    0.00   22.77    0.00    0.00    5.94    0.00    0.00    0.00    8.91
20:13:06      27   50.00    0.00   29.17    0.00    0.00    6.25    0.00    0.00    0.00   14.58
20:13:06      28   66.67    0.00   22.22    0.00    0.00    7.07    0.00    0.00    0.00    4.04
20:13:06      29   49.50    0.00   27.72    0.00    0.00   10.89    0.00    0.00    0.00   11.88
20:13:06      30   68.00    0.00   19.00    0.00    0.00    6.00    0.00    0.00    0.00    7.00
20:13:06      31   55.88    0.00   20.59    0.00    0.00   11.76    0.00    0.00    0.00   11.76

20:13:06     CPU    %usr   %nice    %sys %iowait    %irq   %soft  %steal  %guest  %gnice   %idle
20:13:07     all   76.82    0.00   14.24    0.00    0.00    4.66    0.00    0.00    0.00    4.28
20:13:07       0   66.00    0.00   29.00    0.00    0.00    4.00    0.00    0.00    0.00    1.00
20:13:07       1   79.21    0.00   12.87    0.00    0.00    4.95    0.00    0.00    0.00    2.97
20:13:07       2   91.92    0.00    5.05    0.00    0.00    1.01    0.00    0.00    0.00    2.02
20:13:07       3   79.00    0.00   14.00    0.00    0.00    5.00    0.00    0.00    0.00    2.00
20:13:07       4   95.96    0.00    3.03    0.00    0.00    1.01    0.00    0.00    0.00    0.00
20:13:07       5   87.00    0.00    9.00    0.00    0.00    3.00    0.00    0.00    0.00    1.00
20:13:07       6   88.00    0.00    9.00    0.00    0.00    2.00    0.00    0.00    0.00    1.00
20:13:07       7   93.00    0.00    7.00    0.00    0.00    0.00    0.00    0.00    0.00    0.00
20:13:07       8   75.00    0.00   16.00    0.00    0.00    6.00    0.00    0.00    0.00    3.00
20:13:07       9   80.81    0.00   10.10    0.00    0.00    6.06    0.00    0.00    0.00    3.03
20:13:07      10   77.00    0.00   17.00    0.00    0.00    5.00    0.00    0.00    0.00    1.00
20:13:07      11   78.79    0.00   15.15    0.00    0.00    5.05    0.00    0.00    0.00    1.01
20:13:07      12   78.22    0.00   14.85    0.00    0.00    4.95    0.00    0.00    0.00    1.98
20:13:07      13   72.73    0.00   18.18    0.00    0.00    7.07    0.00    0.00    0.00    2.02
20:13:07      14  100.00    0.00    0.00    0.00    0.00    0.00    0.00    0.00    0.00    0.00
20:13:07      15   83.00    0.00   13.00    0.00    0.00    3.00    0.00    0.00    0.00    1.00
20:13:07      16   61.39    0.00   31.68    0.00    0.00    4.95    0.00    0.00    0.00    1.98
20:13:07      17   78.57    0.00   14.29    0.00    0.00    5.10    0.00    0.00    0.00    2.04
20:13:07      18   74.00    0.00   16.00    0.00    0.00    5.00    0.00    0.00    0.00    5.00
20:13:07      19   77.23    0.00   16.83    0.00    0.00    3.96    0.00    0.00    0.00    1.98
20:13:07      20   85.86    0.00   11.11    0.00    0.00    3.03    0.00    0.00    0.00    0.00
20:13:07      21   93.07    0.00    3.96    0.00    0.00    1.98    0.00    0.00    0.00    0.99
20:13:07      22   99.01    0.00    0.99    0.00    0.00    0.00    0.00    0.00    0.00    0.00
20:13:07      23   95.00    0.00    5.00    0.00    0.00    0.00    0.00    0.00    0.00    0.00
20:13:07      24   56.70    0.00   22.68    0.00    0.00    8.25    0.00    0.00    0.00   12.37
20:13:07      25   78.00    0.00   11.00    0.00    0.00    8.00    0.00    0.00    0.00    3.00
20:13:07      26   50.54    0.00   21.51    0.00    0.00    8.60    0.00    0.00    0.00   19.35
20:13:07      27   54.08    0.00   24.49    0.00    0.00    7.14    0.00    0.00    0.00   14.29
20:13:07      28   65.00    0.00   17.00    0.00    0.00   11.00    0.00    0.00    0.00    7.00
20:13:07      29   54.26    0.00   24.47    0.00    0.00    6.38    0.00    0.00    0.00   14.89
20:13:07      30   48.48    0.00   25.25    0.00    0.00    9.09    0.00    0.00    0.00   17.17
20:13:07      31   56.25    0.00   17.71    0.00    0.00    9.38    0.00    0.00    0.00   16.67

20:13:07     CPU    %usr   %nice    %sys %iowait    %irq   %soft  %steal  %guest  %gnice   %idle
20:13:08     all   75.39    0.00   15.28    0.06    0.00    4.36    0.00    0.00    0.00    4.92
20:13:08       0   86.00    0.00    9.00    0.00    0.00    2.00    0.00    0.00    0.00    3.00
20:13:08       1   84.00    0.00   11.00    0.00    0.00    2.00    0.00    0.00    0.00    3.00
20:13:08       2   76.00    0.00   18.00    0.00    0.00    2.00    0.00    0.00    0.00    4.00
20:13:08       3   81.00    0.00   11.00    0.00    0.00    4.00    0.00    0.00    0.00    4.00
20:13:08       4   87.25    0.00    8.82    0.00    0.00    2.94    0.00    0.00    0.00    0.98
20:13:08       5   80.81    0.00   10.10    0.00    0.00    4.04    0.00    0.00    0.00    5.05
20:13:08       6   64.00    0.00   34.00    0.00    0.00    1.00    0.00    0.00    0.00    1.00
20:13:08       7   84.00    0.00   12.00    0.00    0.00    2.00    0.00    0.00    0.00    2.00
20:13:08       8   78.22    0.00   13.86    0.00    0.00    2.97    0.00    0.00    0.00    4.95
20:13:08       9   75.49    0.00   18.63    0.00    0.00    2.94    0.00    0.00    0.00    2.94
20:13:08      10   75.25    0.00   16.83    0.00    0.00    5.94    0.00    0.00    0.00    1.98
20:13:08      11   76.70    0.00   17.48    0.00    0.00    2.91    0.00    0.00    0.00    2.91
20:13:08      12   76.47    0.00   15.69    0.00    0.00    4.90    0.00    0.00    0.00    2.94
20:13:08      13   80.39    0.00   13.73    0.00    0.00    2.94    0.00    0.00    0.00    2.94
20:13:08      14   91.00    0.00    5.00    0.00    0.00    1.00    0.00    0.00    0.00    3.00
20:13:08      15   83.17    0.00   11.88    0.00    0.00    3.96    0.00    0.00    0.00    0.99
20:13:08      16   78.22    0.00   12.87    0.00    0.00    5.94    0.00    0.00    0.00    2.97
20:13:08      17   81.19    0.00   10.89    0.00    0.00    1.98    0.00    0.00    0.00    5.94
20:13:08      18   84.85    0.00    8.08    0.00    0.00    4.04    0.00    0.00    0.00    3.03
20:13:08      19   74.00    0.00   19.00    0.00    0.00    4.00    0.00    0.00    0.00    3.00
20:13:08      20   78.00    0.00   11.00    1.00    0.00    2.00    0.00    0.00    0.00    8.00
20:13:08      21   74.26    0.00   14.85    0.99    0.00    5.94    0.00    0.00    0.00    3.96
20:13:08      22   83.84    0.00   11.11    0.00    0.00    4.04    0.00    0.00    0.00    1.01
20:13:08      23   86.87    0.00   10.10    0.00    0.00    0.00    0.00    0.00    0.00    3.03
20:13:08      24   69.31    0.00   14.85    0.00    0.00    7.92    0.00    0.00    0.00    7.92
20:13:08      25   66.67    0.00   20.20    0.00    0.00    6.06    0.00    0.00    0.00    7.07
20:13:08      26   58.59    0.00   19.19    0.00    0.00    8.08    0.00    0.00    0.00   14.14
20:13:08      27   53.00    0.00   24.00    0.00    0.00   12.00    0.00    0.00    0.00   11.00
20:13:08      28   70.41    0.00   19.39    0.00    0.00    5.10    0.00    0.00    0.00    5.10
20:13:08      29   60.78    0.00   23.53    0.00    0.00    6.86    0.00    0.00    0.00    8.82
20:13:08      30   60.00    0.00   21.00    0.00    0.00    8.00    0.00    0.00    0.00   11.00
20:13:08      31   52.94    0.00   21.57    0.00    0.00    9.80    0.00    0.00    0.00   15.69

20:13:08     CPU    %usr   %nice    %sys %iowait    %irq   %soft  %steal  %guest  %gnice   %idle
20:13:09     all   69.80    0.00   15.94    0.85    0.00    5.04    0.00    0.00    0.00    8.38
20:13:09       0   79.41    0.00    5.88    2.94    0.00    0.98    0.00    0.00    0.00   10.78
20:13:09       1   67.33    0.00    8.91    7.92    0.00   14.85    0.00    0.00    0.00    0.99
20:13:09       2   73.00    0.00   19.00    0.00    0.00    4.00    0.00    0.00    0.00    4.00
20:13:09       3   84.00    0.00   13.00    0.00    0.00    2.00    0.00    0.00    0.00    1.00
20:13:09       4   77.00    0.00    9.00    0.00    0.00    2.00    0.00    0.00    0.00   12.00
20:13:09       5   74.51    0.00   11.76    0.00    0.00    3.92    0.00    0.00    0.00    9.80
20:13:09       6   71.00    0.00   21.00    0.00    0.00    5.00    0.00    0.00    0.00    3.00
20:13:09       7   74.00    0.00   21.00    0.00    0.00    3.00    0.00    0.00    0.00    2.00
20:13:09       8   74.49    0.00   17.35    0.00    0.00    3.06    0.00    0.00    0.00    5.10
20:13:09       9   78.00    0.00   15.00    0.00    0.00    5.00    0.00    0.00    0.00    2.00
20:13:09      10   76.53    0.00   16.33    0.00    0.00    5.10    0.00    0.00    0.00    2.04
20:13:09      11   74.00    0.00   16.00    0.00    0.00    8.00    0.00    0.00    0.00    2.00
20:13:09      12   81.44    0.00    7.22    0.00    0.00    5.15    0.00    0.00    0.00    6.19
20:13:09      13   78.79    0.00   17.17    0.00    0.00    2.02    0.00    0.00    0.00    2.02
20:13:09      14   79.00    0.00    8.00    0.00    0.00    3.00    0.00    0.00    0.00   10.00
20:13:09      15   80.00    0.00   16.00    0.00    0.00    2.00    0.00    0.00    0.00    2.00
20:13:09      16   66.02    0.00   12.62    6.80    0.00    0.97    0.00    0.00    0.00   13.59
20:13:09      17   69.39    0.00    8.16    9.18    0.00    2.04    0.00    0.00    0.00   11.22
20:13:09      18   75.51    0.00   16.33    0.00    0.00    5.10    0.00    0.00    0.00    3.06
20:13:09      19   82.00    0.00   14.00    0.00    0.00    2.00    0.00    0.00    0.00    2.00
20:13:09      20   78.43    0.00    8.82    0.00    0.00    2.94    0.00    0.00    0.00    9.80
20:13:09      21   76.00    0.00   13.00    0.00    0.00    2.00    0.00    0.00    0.00    9.00
20:13:09      22   77.00    0.00   17.00    0.00    0.00    3.00    0.00    0.00    0.00    3.00
20:13:09      23   62.24    0.00   33.67    0.00    0.00    3.06    0.00    0.00    0.00    1.02
20:13:09      24   51.00    0.00   20.00    0.00    0.00   10.00    0.00    0.00    0.00   19.00
20:13:09      25   50.53    0.00   22.11    0.00    0.00    8.42    0.00    0.00    0.00   18.95
20:13:09      26   47.92    0.00   19.79    0.00    0.00   10.42    0.00    0.00    0.00   21.88
20:13:09      27   48.00    0.00   25.00    0.00    0.00    9.00    0.00    0.00    0.00   18.00
20:13:09      28   55.10    0.00   22.45    0.00    0.00    7.14    0.00    0.00    0.00   15.31
20:13:09      29   50.00    0.00   16.67    0.00    0.00   11.46    0.00    0.00    0.00   21.88
20:13:09      30   69.07    0.00   17.53    0.00    0.00    6.19    0.00    0.00    0.00    7.22
20:13:09      31   49.48    0.00   21.65    0.00    0.00    9.28    0.00    0.00    0.00   19.59

20:13:09     CPU    %usr   %nice    %sys %iowait    %irq   %soft  %steal  %guest  %gnice   %idle
20:13:10     all   65.94    0.00   17.72    1.96    0.00    5.99    0.00    0.00    0.00    8.39
20:13:10       0   38.78    0.00    8.16   12.24    0.00    2.04    0.00    0.00    0.00   38.78
20:13:10       1   34.74    0.00    9.47   21.05    0.00   13.68    0.00    0.00    0.00   21.05
20:13:10       2   75.00    0.00   17.00    0.00    0.00    5.00    0.00    0.00    0.00    3.00
20:13:10       3   71.72    0.00   21.21    0.00    0.00    4.04    0.00    0.00    0.00    3.03
20:13:10       4   72.16    0.00   17.53    1.03    0.00    5.15    0.00    0.00    0.00    4.12
20:13:10       5   73.74    0.00   17.17    0.00    0.00    6.06    0.00    0.00    0.00    3.03
20:13:10       6   75.76    0.00   18.18    0.00    0.00    3.03    0.00    0.00    0.00    3.03
20:13:10       7   70.71    0.00   23.23    0.00    0.00    4.04    0.00    0.00    0.00    2.02
20:13:10       8   79.21    0.00   12.87    0.00    0.00    4.95    0.00    0.00    0.00    2.97
20:13:10       9   78.00    0.00   15.00    0.00    0.00    5.00    0.00    0.00    0.00    2.00
20:13:10      10   77.78    0.00   15.15    0.00    0.00    4.04    0.00    0.00    0.00    3.03
20:13:10      11   81.82    0.00   13.13    0.00    0.00    2.02    0.00    0.00    0.00    3.03
20:13:10      12   70.30    0.00   18.81    0.00    0.00    5.94    0.00    0.00    0.00    4.95
20:13:10      13   75.76    0.00   17.17    0.00    0.00    4.04    0.00    0.00    0.00    3.03
20:13:10      14   77.45    0.00   16.67    0.00    0.00    2.94    0.00    0.00    0.00    2.94
20:13:10      15   81.19    0.00   13.86    0.00    0.00    2.97    0.00    0.00    0.00    1.98
20:13:10      16   35.35    0.00    8.08   11.11    0.00    4.04    0.00    0.00    0.00   41.41
20:13:10      17   33.33    0.00    8.33   17.71    0.00    2.08    0.00    0.00    0.00   38.54
20:13:10      18   79.80    0.00   12.12    0.00    0.00    5.05    0.00    0.00    0.00    3.03
20:13:10      19   83.00    0.00   16.00    1.00    0.00    0.00    0.00    0.00    0.00    0.00
20:13:10      20   75.76    0.00   16.16    0.00    0.00    5.05    0.00    0.00    0.00    3.03
20:13:10      21   78.79    0.00   16.16    0.00    0.00    3.03    0.00    0.00    0.00    2.02
20:13:10      22   78.57    0.00   16.33    0.00    0.00    3.06    0.00    0.00    0.00    2.04
20:13:10      23   60.00    0.00   36.00    0.00    0.00    2.00    0.00    0.00    0.00    2.00
20:13:10      24   60.58    0.00   20.19    0.00    0.00   11.54    0.00    0.00    0.00    7.69
20:13:10      25   53.61    0.00   24.74    0.00    0.00   12.37    0.00    0.00    0.00    9.28
20:13:10      26   56.70    0.00   22.68    0.00    0.00   10.31    0.00    0.00    0.00   10.31
20:13:10      27   53.76    0.00   22.58    0.00    0.00    9.68    0.00    0.00    0.00   13.98
20:13:10      28   64.00    0.00   18.00    0.00    0.00   12.00    0.00    0.00    0.00    6.00
20:13:10      29   52.04    0.00   27.55    0.00    0.00   12.24    0.00    0.00    0.00    8.16
20:13:10      30   52.94    0.00   25.49    0.00    0.00    9.80    0.00    0.00    0.00   11.76
20:13:10      31   53.92    0.00   21.57    0.00    0.00   14.71    0.00    0.00    0.00    9.80

20:13:10     CPU    %usr   %nice    %sys %iowait    %irq   %soft  %steal  %guest  %gnice   %idle
20:13:11     all   64.60    0.00   18.47    2.07    0.00    5.61    0.00    0.00    0.00    9.25
20:13:11       0   31.96    0.00    8.25   16.49    0.00    2.06    0.00    0.00    0.00   41.24
20:13:11       1   34.00    0.00    7.00    6.00    0.00   16.00    0.00    0.00    0.00   37.00
20:13:11       2   73.27    0.00   19.80    0.00    0.00    3.96    0.00    0.00    0.00    2.97
20:13:11       3   77.78    0.00   15.15    0.00    0.00    4.04    0.00    0.00    0.00    3.03
20:13:11       4   59.18    0.00   18.37    0.00    0.00    3.06    0.00    0.00    0.00   19.39
20:13:11       5   75.25    0.00   17.82    0.00    0.00    3.96    0.00    0.00    0.00    2.97
20:13:11       6   74.75    0.00   18.18    0.00    0.00    5.05    0.00    0.00    0.00    2.02
20:13:11       7   67.68    0.00   28.28    0.00    0.00    3.03    0.00    0.00    0.00    1.01
20:13:11       8   76.00    0.00   16.00    0.00    0.00    6.00    0.00    0.00    0.00    2.00
20:13:11       9   75.76    0.00   17.17    0.00    0.00    4.04    0.00    0.00    0.00    3.03
20:13:11      10   78.22    0.00   15.84    0.00    0.00    2.97    0.00    0.00    0.00    2.97
20:13:11      11   78.57    0.00   16.33    0.00    0.00    3.06    0.00    0.00    0.00    2.04
20:13:11      12   75.25    0.00   16.83    0.00    0.00    3.96    0.00    0.00    0.00    3.96
20:13:11      13   73.27    0.00   15.84    0.00    0.00    7.92    0.00    0.00    0.00    2.97
20:13:11      14   77.32    0.00   17.53    0.00    0.00    3.09    0.00    0.00    0.00    2.06
20:13:11      15   78.00    0.00   13.00    0.00    0.00    3.00    0.00    0.00    0.00    6.00
20:13:11      16   28.42    0.00   10.53   22.11    0.00    1.05    0.00    0.00    0.00   37.89
20:13:11      17   29.29    0.00   11.11   22.22    0.00    1.01    0.00    0.00    0.00   36.36
20:13:11      18   76.24    0.00   18.81    0.00    0.00    2.97    0.00    0.00    0.00    1.98
20:13:11      19   78.57    0.00   15.31    1.02    0.00    3.06    0.00    0.00    0.00    2.04
20:13:11      20   71.57    0.00   16.67    0.00    0.00    6.86    0.00    0.00    0.00    4.90
20:13:11      21   78.22    0.00   14.85    0.00    0.00    3.96    0.00    0.00    0.00    2.97
20:13:11      22   75.49    0.00   15.69    0.00    0.00    5.88    0.00    0.00    0.00    2.94
20:13:11      23   66.67    0.00   28.43    0.00    0.00    3.92    0.00    0.00    0.00    0.98
20:13:11      24   57.00    0.00   17.00    0.00    0.00   14.00    0.00    0.00    0.00   12.00
20:13:11      25   48.57    0.00   25.71    0.00    0.00   12.38    0.00    0.00    0.00   13.33
20:13:11      26   54.64    0.00   26.80    0.00    0.00   10.31    0.00    0.00    0.00    8.25
20:13:11      27   53.92    0.00   27.45    0.00    0.00    7.84    0.00    0.00    0.00   10.78
20:13:11      28   59.18    0.00   24.49    0.00    0.00    9.18    0.00    0.00    0.00    7.14
20:13:11      29   62.00    0.00   25.00    0.00    0.00    8.00    0.00    0.00    0.00    5.00
20:13:11      30   61.46    0.00   22.92    0.00    0.00    7.29    0.00    0.00    0.00    8.33
20:13:11      31   57.00    0.00   28.00    0.00    0.00    6.00    0.00    0.00    0.00    9.00

20:13:11     CPU    %usr   %nice    %sys %iowait    %irq   %soft  %steal  %guest  %gnice   %idle
20:13:12     all   66.17    0.00   18.42    1.60    0.00    5.88    0.00    0.00    0.00    7.92
20:13:12       0   71.29    0.00   13.86    3.96    0.00    0.99    0.00    0.00    0.00    9.90
20:13:12       1   55.00    0.00   15.00    1.00    0.00    7.00    0.00    0.00    0.00   22.00
20:13:12       2   49.46    0.00   12.90    8.60    0.00    7.53    0.00    0.00    0.00   21.51
20:13:12       3   65.98    0.00   17.53    4.12    0.00    2.06    0.00    0.00    0.00   10.31
20:13:12       4   70.00    0.00   18.00    0.00    0.00    6.00    0.00    0.00    0.00    6.00
20:13:12       5   72.73    0.00   21.21    0.00    0.00    4.04    0.00    0.00    0.00    2.02
20:13:12       6   72.00    0.00   21.00    0.00    0.00    5.00    0.00    0.00    0.00    2.00
20:13:12       7   65.35    0.00   29.70    0.00    0.00    2.97    0.00    0.00    0.00    1.98
20:13:12       8   73.53    0.00   19.61    0.00    0.00    3.92    0.00    0.00    0.00    2.94
20:13:12       9   76.00    0.00   16.00    0.00    0.00    5.00    0.00    0.00    0.00    3.00
20:13:12      10   79.00    0.00   16.00    0.00    0.00    4.00    0.00    0.00    0.00    1.00
20:13:12      11   75.00    0.00   17.00    0.00    0.00    7.00    0.00    0.00    0.00    1.00
20:13:12      12   78.57    0.00   13.27    0.00    0.00    6.12    0.00    0.00    0.00    2.04
20:13:12      13   77.78    0.00   15.15    0.00    0.00    5.05    0.00    0.00    0.00    2.02
20:13:12      14   83.17    0.00   11.88    0.00    0.00    2.97    0.00    0.00    0.00    1.98
20:13:12      15   77.23    0.00   15.84    0.00    0.00    4.95    0.00    0.00    0.00    1.98
20:13:12      16   73.47    0.00   14.29    5.10    0.00    1.02    0.00    0.00    0.00    6.12
20:13:12      17   56.57    0.00   17.17    1.01    0.00    2.02    0.00    0.00    0.00   23.23
20:13:12      18   50.00    0.00   14.29   12.24    0.00    4.08    0.00    0.00    0.00   19.39
20:13:12      19   39.60    0.00   16.83   15.84    0.00    6.93    0.00    0.00    0.00   20.79
20:13:12      20   75.49    0.00   16.67    0.00    0.00    4.90    0.00    0.00    0.00    2.94
20:13:12      21   74.75    0.00   17.17    0.00    0.00    6.06    0.00    0.00    0.00    2.02
20:13:12      22   81.63    0.00   14.29    0.00    0.00    2.04    0.00    0.00    0.00    2.04
20:13:12      23   68.37    0.00   25.51    0.00    0.00    5.10    0.00    0.00    0.00    1.02
20:13:12      24   50.98    0.00   25.49    0.00    0.00   11.76    0.00    0.00    0.00   11.76
20:13:12      25   54.08    0.00   24.49    0.00    0.00   13.27    0.00    0.00    0.00    8.16
20:13:12      26   58.00    0.00   20.00    0.00    0.00    7.00    0.00    0.00    0.00   15.00
20:13:12      27   56.12    0.00   20.41    0.00    0.00   12.24    0.00    0.00    0.00   11.22
20:13:12      28   60.00    0.00   22.11    0.00    0.00    8.42    0.00    0.00    0.00    9.47
20:13:12      29   57.69    0.00   23.08    0.00    0.00    8.65    0.00    0.00    0.00   10.58
20:13:12      30   61.62    0.00   18.18    0.00    0.00   10.10    0.00    0.00    0.00   10.10
20:13:12      31   56.00    0.00   25.00    0.00    0.00   10.00    0.00    0.00    0.00    9.00

20:13:12     CPU    %usr   %nice    %sys %iowait    %irq   %soft  %steal  %guest  %gnice   %idle
20:13:13     all   66.59    0.00   17.99    1.47    0.00    5.73    0.00    0.00    0.00    8.21
20:13:13       0   80.81    0.00   14.14    0.00    0.00    2.02    0.00    0.00    0.00    3.03
20:13:13       1   71.43    0.00   21.43    0.00    0.00    5.10    0.00    0.00    0.00    2.04
20:13:13       2   36.73    0.00   10.20   10.20    0.00    4.08    0.00    0.00    0.00   38.78
20:13:13       3   29.17    0.00   13.54   13.54    0.00    5.21    0.00    0.00    0.00   38.54
20:13:13       4   76.77    0.00   15.15    0.00    0.00    5.05    0.00    0.00    0.00    3.03
20:13:13       5   78.79    0.00   15.15    0.00    0.00    4.04    0.00    0.00    0.00    2.02
20:13:13       6   75.25    0.00   18.81    0.00    0.00    3.96    0.00    0.00    0.00    1.98
20:13:13       7   73.27    0.00   21.78    0.00    0.00    3.96    0.00    0.00    0.00    0.99
20:13:13       8   76.47    0.00   17.65    0.00    0.00    2.94    0.00    0.00    0.00    2.94
20:13:13       9   77.55    0.00   17.35    0.00    0.00    3.06    0.00    0.00    0.00    2.04
20:13:13      10   78.00    0.00   12.00    0.00    0.00    7.00    0.00    0.00    0.00    3.00
20:13:13      11   82.00    0.00   13.00    0.00    0.00    3.00    0.00    0.00    0.00    2.00
20:13:13      12   79.21    0.00   14.85    0.00    0.00    4.95    0.00    0.00    0.00    0.99
20:13:13      13   73.27    0.00   16.83    0.00    0.00    6.93    0.00    0.00    0.00    2.97
20:13:13      14   76.24    0.00   16.83    0.00    0.00    4.95    0.00    0.00    0.00    1.98
20:13:13      15   76.00    0.00   18.00    0.00    0.00    4.00    0.00    0.00    0.00    2.00
20:13:13      16   80.81    0.00   17.17    0.00    0.00    0.00    0.00    0.00    0.00    2.02
20:13:13      17   74.00    0.00   17.00    1.00    0.00    3.00    0.00    0.00    0.00    5.00
20:13:13      18   35.29    0.00   12.75   10.78    0.00    3.92    0.00    0.00    0.00   37.25
20:13:13      19   37.25    0.00    8.82   11.76    0.00    4.90    0.00    0.00    0.00   37.25
20:13:13      20   76.24    0.00   16.83    0.00    0.00    4.95    0.00    0.00    0.00    1.98
20:13:13      21   74.26    0.00   17.82    0.00    0.00    5.94    0.00    0.00    0.00    1.98
20:13:13      22   77.23    0.00   16.83    0.00    0.00    2.97    0.00    0.00    0.00    2.97
20:13:13      23   64.36    0.00   29.70    0.00    0.00    4.95    0.00    0.00    0.00    0.99
20:13:13      24   57.14    0.00   22.45    0.00    0.00   14.29    0.00    0.00    0.00    6.12
20:13:13      25   57.73    0.00   26.80    0.00    0.00    9.28    0.00    0.00    0.00    6.19
20:13:13      26   60.42    0.00   22.92    0.00    0.00    8.33    0.00    0.00    0.00    8.33
20:13:13      27   60.00    0.00   21.00    0.00    0.00   10.00    0.00    0.00    0.00    9.00
20:13:13      28   54.26    0.00   25.53    0.00    0.00    9.57    0.00    0.00    0.00   10.64
20:13:13      29   60.19    0.00   21.36    0.00    0.00   10.68    0.00    0.00    0.00    7.77
20:13:13      30   58.42    0.00   21.78    0.00    0.00   10.89    0.00    0.00    0.00    8.91
20:13:13      31   60.40    0.00   20.79    0.00    0.00    9.90    0.00    0.00    0.00    8.91

20:13:13     CPU    %usr   %nice    %sys %iowait    %irq   %soft  %steal  %guest  %gnice   %idle
20:13:14     all   65.70    0.00   18.26    1.63    0.00    5.44    0.00    0.00    0.00    8.97
20:13:14       0   57.00    0.00   14.00    6.00    0.00    1.00    0.00    0.00    0.00   22.00
20:13:14       1   28.26    0.00   15.22   22.83    0.00   16.30    0.00    0.00    0.00   17.39
20:13:14       2   64.08    0.00   13.59    0.00    0.00    3.88    0.00    0.00    0.00   18.45
20:13:14       3   59.60    0.00   16.16    0.00    0.00    2.02    0.00    0.00    0.00   22.22
20:13:14       4   71.15    0.00   21.15    0.00    0.00    2.88    0.00    0.00    0.00    4.81
20:13:14       5   73.00    0.00   20.00    0.00    0.00    4.00    0.00    0.00    0.00    3.00
20:13:14       6   75.25    0.00   18.81    0.00    0.00    3.96    0.00    0.00    0.00    1.98
20:13:14       7   63.37    0.00   31.68    0.00    0.00    1.98    0.00    0.00    0.00    2.97
20:13:14       8   79.59    0.00   13.27    0.00    0.00    3.06    0.00    0.00    0.00    4.08
20:13:14       9   73.53    0.00   18.63    0.00    0.00    2.94    0.00    0.00    0.00    4.90
20:13:14      10   76.00    0.00   16.00    0.00    0.00    5.00    0.00    0.00    0.00    3.00
20:13:14      11   77.23    0.00   14.85    0.00    0.00    4.95    0.00    0.00    0.00    2.97
20:13:14      12   72.45    0.00   18.37    0.00    0.00    6.12    0.00    0.00    0.00    3.06
20:13:14      13   77.00    0.00   15.00    0.00    0.00    5.00    0.00    0.00    0.00    3.00
20:13:14      14   78.00    0.00   15.00    0.00    0.00    5.00    0.00    0.00    0.00    2.00
20:13:14      15   74.51    0.00   16.67    0.00    0.00    4.90    0.00    0.00    0.00    3.92
20:13:14      16   59.18    0.00   13.27   10.20    0.00    1.02    0.00    0.00    0.00   16.33
20:13:14      17   46.81    0.00   17.02   15.96    0.00    0.00    0.00    0.00    0.00   20.21
20:13:14      18   64.71    0.00   13.73    0.00    0.00    2.94    0.00    0.00    0.00   18.63
20:13:14      19   69.07    0.00   12.37    0.00    0.00    2.06    0.00    0.00    0.00   16.49
20:13:14      20   70.71    0.00   21.21    0.00    0.00    5.05    0.00    0.00    0.00    3.03
20:13:14      21   80.58    0.00   12.62    0.00    0.00    2.91    0.00    0.00    0.00    3.88
20:13:14      22   82.00    0.00   14.00    0.00    0.00    3.00    0.00    0.00    0.00    1.00
20:13:14      23   74.26    0.00   18.81    0.00    0.00    3.96    0.00    0.00    0.00    2.97
20:13:14      24   59.41    0.00   20.79    0.00    0.00    9.90    0.00    0.00    0.00    9.90
20:13:14      25   55.88    0.00   28.43    0.00    0.00    9.80    0.00    0.00    0.00    5.88
20:13:14      26   58.00    0.00   22.00    0.00    0.00   13.00    0.00    0.00    0.00    7.00
20:13:14      27   57.73    0.00   20.62    0.00    0.00    8.25    0.00    0.00    0.00   13.40
20:13:14      28   52.04    0.00   19.39    0.00    0.00   10.20    0.00    0.00    0.00   18.37
20:13:14      29   53.47    0.00   25.74    0.00    0.00   11.88    0.00    0.00    0.00    8.91
20:13:14      30   63.73    0.00   19.61    0.00    0.00    7.84    0.00    0.00    0.00    8.82
20:13:14      31   50.00    0.00   25.49    0.00    0.00    9.80    0.00    0.00    0.00   14.71

20:13:14     CPU    %usr   %nice    %sys %iowait    %irq   %soft  %steal  %guest  %gnice   %idle
20:13:15     all   66.18    0.00   17.81    2.06    0.00    5.54    0.00    0.00    0.00    8.42
20:13:15       0   30.85    0.00    8.51   12.77    0.00    3.19    0.00    0.00    0.00   44.68
20:13:15       1   30.53    0.00    8.42   13.68    0.00   16.84    0.00    0.00    0.00   30.53
20:13:15       2   77.78    0.00   16.16    0.00    0.00    4.04    0.00    0.00    0.00    2.02
20:13:15       3   82.83    0.00   14.14    0.00    0.00    2.02    0.00    0.00    0.00    1.01
20:13:15       4   57.58    0.00   34.34    1.01    0.00    4.04    0.00    0.00    0.00    3.03
20:13:15       5   70.59    0.00   21.57    0.00    0.00    3.92    0.00    0.00    0.00    3.92
20:13:15       6   76.53    0.00   16.33    0.00    0.00    4.08    0.00    0.00    0.00    3.06
20:13:15       7   74.49    0.00   20.41    0.00    0.00    3.06    0.00    0.00    0.00    2.04
20:13:15       8   80.20    0.00   11.88    0.00    0.00    5.94    0.00    0.00    0.00    1.98
20:13:15       9   74.00    0.00   17.00    0.00    0.00    6.00    0.00    0.00    0.00    3.00
20:13:15      10   77.23    0.00   13.86    0.00    0.00    4.95    0.00    0.00    0.00    3.96
20:13:15      11   76.53    0.00   18.37    0.00    0.00    2.04    0.00    0.00    0.00    3.06
20:13:15      12   73.27    0.00   20.79    0.00    0.00    2.97    0.00    0.00    0.00    2.97
20:13:15      13   81.63    0.00   12.24    0.00    0.00    3.06    0.00    0.00    0.00    3.06
20:13:15      14   76.00    0.00   15.00    0.00    0.00    6.00    0.00    0.00    0.00    3.00
20:13:15      15   76.53    0.00   15.31    0.00    0.00    6.12    0.00    0.00    0.00    2.04
20:13:15      16   31.31    0.00    9.09   25.25    0.00    1.01    0.00    0.00    0.00   33.33
20:13:15      17   31.91    0.00    9.57   14.89    0.00    1.06    0.00    0.00    0.00   42.55
20:13:15      18   80.00    0.00   16.00    0.00    0.00    1.00    0.00    0.00    0.00    3.00
20:13:15      19   75.49    0.00   16.67    0.00    0.00    4.90    0.00    0.00    0.00    2.94
20:13:15      20   71.29    0.00   23.76    0.00    0.00    2.97    0.00    0.00    0.00    1.98
20:13:15      21   82.65    0.00   12.24    0.00    0.00    2.04    0.00    0.00    0.00    3.06
20:13:15      22   81.19    0.00   15.84    0.00    0.00    1.98    0.00    0.00    0.00    0.99
20:13:15      23   81.00    0.00   14.00    0.00    0.00    3.00    0.00    0.00    0.00    2.00
20:13:15      24   57.73    0.00   23.71    0.00    0.00    8.25    0.00    0.00    0.00   10.31
20:13:15      25   56.70    0.00   22.68    0.00    0.00    9.28    0.00    0.00    0.00   11.34
20:13:15      26   52.00    0.00   26.00    0.00    0.00   14.00    0.00    0.00    0.00    8.00
20:13:15      27   53.00    0.00   28.00    0.00    0.00   10.00    0.00    0.00    0.00    9.00
20:13:15      28   56.70    0.00   24.74    0.00    0.00    9.28    0.00    0.00    0.00    9.28
20:13:15      29   61.62    0.00   18.18    0.00    0.00   10.10    0.00    0.00    0.00   10.10
20:13:15      30   59.60    0.00   23.23    0.00    0.00   10.10    0.00    0.00    0.00    7.07
20:13:15      31   62.50    0.00   20.83    0.00    0.00   10.42    0.00    0.00    0.00    6.25

20:13:15     CPU    %usr   %nice    %sys %iowait    %irq   %soft  %steal  %guest  %gnice   %idle
20:13:16     all   64.44    0.00   19.04    1.70    0.00    5.78    0.00    0.00    0.00    9.05
20:13:16       0   24.00    0.00   16.00   24.00    0.00    3.00    0.00    0.00    0.00   33.00
20:13:16       1   29.17    0.00   10.42    6.25    0.00   15.62    0.00    0.00    0.00   38.54
20:13:16       2   79.00    0.00   14.00    0.00    0.00    4.00    0.00    0.00    0.00    3.00
20:13:16       3   74.00    0.00   20.00    0.00    0.00    3.00    0.00    0.00    0.00    3.00
20:13:16       4   67.65    0.00   24.51    0.00    0.00    1.96    0.00    0.00    0.00    5.88
20:13:16       5   73.47    0.00   20.41    0.00    0.00    3.06    0.00    0.00    0.00    3.06
20:13:16       6   75.51    0.00   15.31    0.00    0.00    7.14    0.00    0.00    0.00    2.04
20:13:16       7   79.80    0.00   15.15    0.00    0.00    3.03    0.00    0.00    0.00    2.02
20:13:16       8   77.00    0.00   17.00    0.00    0.00    3.00    0.00    0.00    0.00    3.00
20:13:16       9   71.57    0.00   22.55    0.00    0.00    1.96    0.00    0.00    0.00    3.92
20:13:16      10   73.00    0.00   17.00    0.00    0.00    6.00    0.00    0.00    0.00    4.00
20:13:16      11   77.00    0.00   17.00    0.00    0.00    3.00    0.00    0.00    0.00    3.00
20:13:16      12   77.78    0.00   13.13    0.00    0.00    5.05    0.00    0.00    0.00    4.04
20:13:16      13   73.27    0.00   16.83    0.00    0.00    6.93    0.00    0.00    0.00    2.97
20:13:16      14   76.77    0.00   16.16    0.00    0.00    4.04    0.00    0.00    0.00    3.03
20:13:16      15   76.24    0.00   15.84    0.00    0.00    3.96    0.00    0.00    0.00    3.96
20:13:16      16   38.14    0.00   10.31   11.34    0.00    2.06    0.00    0.00    0.00   38.14
20:13:16      17   33.33    0.00    8.08   13.13    0.00    2.02    0.00    0.00    0.00   43.43
20:13:16      18   70.00    0.00   21.00    0.00    0.00    6.00    0.00    0.00    0.00    3.00
20:13:16      19   73.47    0.00   18.37    0.00    0.00    5.10    0.00    0.00    0.00    3.06
20:13:16      20   60.40    0.00   33.66    0.00    0.00    3.96    0.00    0.00    0.00    1.98
20:13:16      21   78.22    0.00   14.85    0.00    0.00    3.96    0.00    0.00    0.00    2.97
20:13:16      22   78.79    0.00   17.17    0.00    0.00    2.02    0.00    0.00    0.00    2.02
20:13:16      23   70.71    0.00   22.22    0.00    0.00    4.04    0.00    0.00    0.00    3.03
20:13:16      24   58.00    0.00   26.00    0.00    0.00    9.00    0.00    0.00    0.00    7.00
20:13:16      25   55.45    0.00   20.79    0.00    0.00   11.88    0.00    0.00    0.00   11.88
20:13:16      26   57.14    0.00   25.51    0.00    0.00    7.14    0.00    0.00    0.00   10.20
20:13:16      27   56.57    0.00   23.23    0.00    0.00   11.11    0.00    0.00    0.00    9.09
20:13:16      28   52.43    0.00   29.13    0.00    0.00    8.74    0.00    0.00    0.00    9.71
20:13:16      29   58.16    0.00   20.41    0.00    0.00   12.24    0.00    0.00    0.00    9.18
20:13:16      30   56.70    0.00   23.71    0.00    0.00    9.28    0.00    0.00    0.00   10.31
20:13:16      31   57.14    0.00   22.45    0.00    0.00   12.24    0.00    0.00    0.00    8.16

20:13:16     CPU    %usr   %nice    %sys %iowait    %irq   %soft  %steal  %guest  %gnice   %idle
20:13:17     all   68.03    0.00   18.62    0.00    0.00    5.53    0.00    0.00    0.00    7.81
20:13:17       0   50.51    0.00   12.12    0.00    0.00    3.03    0.00    0.00    0.00   34.34
20:13:17       1   50.53    0.00   16.84    0.00    0.00    1.05    0.00    0.00    0.00   31.58
20:13:17       2   83.51    0.00   10.31    0.00    0.00    2.06    0.00    0.00    0.00    4.12
20:13:17       3   75.76    0.00   18.18    0.00    0.00    3.03    0.00    0.00    0.00    3.03
20:13:17       4   75.00    0.00   16.00    0.00    0.00    6.00    0.00    0.00    0.00    3.00
20:13:17       5   68.63    0.00   21.57    0.00    0.00    5.88    0.00    0.00    0.00    3.92
20:13:17       6   76.77    0.00   16.16    0.00    0.00    4.04    0.00    0.00    0.00    3.03
20:13:17       7   79.21    0.00   11.88    0.00    0.00    4.95    0.00    0.00    0.00    3.96
20:13:17       8   79.21    0.00   14.85    0.00    0.00    0.00    0.00    0.00    0.00    5.94
20:13:17       9   79.21    0.00   12.87    0.00    0.00    3.96    0.00    0.00    0.00    3.96
20:13:17      10   78.79    0.00   14.14    0.00    0.00    4.04    0.00    0.00    0.00    3.03
20:13:17      11   76.77    0.00   15.15    0.00    0.00    6.06    0.00    0.00    0.00    2.02
20:13:17      12   75.25    0.00   15.84    0.00    0.00    4.95    0.00    0.00    0.00    3.96
20:13:17      13   71.29    0.00   17.82    0.00    0.00    4.95    0.00    0.00    0.00    5.94
20:13:17      14   75.25    0.00   15.84    0.00    0.00    3.96    0.00    0.00    0.00    4.95
20:13:17      15   80.00    0.00   14.00    0.00    0.00    3.00    0.00    0.00    0.00    3.00
20:13:17      16   55.88    0.00   12.75    0.00    0.00    1.96    0.00    0.00    0.00   29.41
20:13:17      17   55.34    0.00   10.68    0.00    0.00    2.91    0.00    0.00    0.00   31.07
20:13:17      18   76.00    0.00   18.00    0.00    0.00    3.00    0.00    0.00    0.00    3.00
20:13:17      19   73.74    0.00   17.17    0.00    0.00    6.06    0.00    0.00    0.00    3.03
20:13:17      20   50.00    0.00   46.00    0.00    0.00    3.00    0.00    0.00    0.00    1.00
20:13:17      21   73.00    0.00   18.00    0.00    0.00    4.00    0.00    0.00    0.00    5.00
20:13:17      22   76.77    0.00   15.15    0.00    0.00    4.04    0.00    0.00    0.00    4.04
20:13:17      23   70.00    0.00   20.00    0.00    0.00    6.00    0.00    0.00    0.00    4.00
20:13:17      24   57.58    0.00   24.24    0.00    0.00   12.12    0.00    0.00    0.00    6.06
20:13:17      25   60.40    0.00   20.79    0.00    0.00    9.90    0.00    0.00    0.00    8.91
20:13:17      26   56.57    0.00   25.25    0.00    0.00    8.08    0.00    0.00    0.00   10.10
20:13:17      27   55.56    0.00   29.29    0.00    0.00   10.10    0.00    0.00    0.00    5.05
20:13:17      28   62.00    0.00   22.00    0.00    0.00   12.00    0.00    0.00    0.00    4.00
20:13:17      29   61.00    0.00   24.00    0.00    0.00   11.00    0.00    0.00    0.00    4.00
20:13:17      30   61.76    0.00   24.51    0.00    0.00    8.82    0.00    0.00    0.00    4.90
20:13:17      31   55.88    0.00   24.51    0.00    0.00   12.75    0.00    0.00    0.00    6.86

20:13:17     CPU    %usr   %nice    %sys %iowait    %irq   %soft  %steal  %guest  %gnice   %idle
20:13:18     all   70.25    0.00   19.12    0.00    0.00    5.34    0.00    0.00    0.00    5.28
20:13:18       0   70.00    0.00   19.00    0.00    0.00    5.00    0.00    0.00    0.00    6.00
20:13:18       1   73.00    0.00   18.00    0.00    0.00    2.00    0.00    0.00    0.00    7.00
20:13:18       2   76.77    0.00   16.16    0.00    0.00    2.02    0.00    0.00    0.00    5.05
20:13:18       3   71.29    0.00   17.82    0.00    0.00    3.96    0.00    0.00    0.00    6.93
20:13:18       4   57.14    0.00   39.80    0.00    0.00    1.02    0.00    0.00    0.00    2.04
20:13:18       5   79.38    0.00   14.43    0.00    0.00    2.06    0.00    0.00    0.00    4.12
20:13:18       6   73.53    0.00   15.69    0.00    0.00    3.92    0.00    0.00    0.00    6.86
20:13:18       7   72.28    0.00   16.83    0.00    0.00    4.95    0.00    0.00    0.00    5.94
20:13:18       8   84.16    0.00    9.90    0.00    0.00    0.99    0.00    0.00    0.00    4.95
20:13:18       9   74.49    0.00   16.33    0.00    0.00    5.10    0.00    0.00    0.00    4.08
20:13:18      10   73.53    0.00   14.71    0.00    0.00    6.86    0.00    0.00    0.00    4.90
20:13:18      11   73.00    0.00   15.00    0.00    0.00    5.00    0.00    0.00    0.00    7.00
20:13:18      12   75.25    0.00   17.82    0.00    0.00    3.96    0.00    0.00    0.00    2.97
20:13:18      13   79.59    0.00   14.29    0.00    0.00    3.06    0.00    0.00    0.00    3.06
20:13:18      14   76.24    0.00   14.85    0.00    0.00    3.96    0.00    0.00    0.00    4.95
20:13:18      15   75.51    0.00   15.31    0.00    0.00    4.08    0.00    0.00    0.00    5.10
20:13:18      16   76.00    0.00   13.00    0.00    0.00    4.00    0.00    0.00    0.00    7.00
20:13:18      17   77.55    0.00   16.33    0.00    0.00    2.04    0.00    0.00    0.00    4.08
20:13:18      18   75.00    0.00   13.46    0.00    0.00    3.85    0.00    0.00    0.00    7.69
20:13:18      19   76.00    0.00   15.00    0.00    0.00    2.00    0.00    0.00    0.00    7.00
20:13:18      20   62.38    0.00   31.68    0.00    0.00    1.98    0.00    0.00    0.00    3.96
20:13:18      21   74.26    0.00   17.82    0.00    0.00    1.98    0.00    0.00    0.00    5.94
20:13:18      22   64.65    0.00   21.21    0.00    0.00    8.08    0.00    0.00    0.00    6.06
20:13:18      23   74.75    0.00   18.18    0.00    0.00    3.03    0.00    0.00    0.00    4.04
20:13:18      24   59.80    0.00   26.47    0.00    0.00   10.78    0.00    0.00    0.00    2.94
20:13:18      25   61.22    0.00   24.49    0.00    0.00   11.22    0.00    0.00    0.00    3.06
20:13:18      26   59.41    0.00   19.80    0.00    0.00   10.89    0.00    0.00    0.00    9.90
20:13:18      27   55.00    0.00   25.00    0.00    0.00   10.00    0.00    0.00    0.00   10.00
20:13:18      28   65.69    0.00   19.61    0.00    0.00   10.78    0.00    0.00    0.00    3.92
20:13:18      29   59.60    0.00   28.28    0.00    0.00    9.09    0.00    0.00    0.00    3.03
20:13:18      30   58.42    0.00   24.75    0.00    0.00   11.88    0.00    0.00    0.00    4.95
20:13:18      31   63.27    0.00   21.43    0.00    0.00   11.22    0.00    0.00    0.00    4.08

20:13:18     CPU    %usr   %nice    %sys %iowait    %irq   %soft  %steal  %guest  %gnice   %idle
20:13:19     all   70.70    0.00   19.12    0.03    0.00    5.44    0.00    0.00    0.00    4.71
20:13:19       0   79.41    0.00   14.71    0.00    0.00    2.94    0.00    0.00    0.00    2.94
20:13:19       1   73.00    0.00   15.00    1.00    0.00    3.00    0.00    0.00    0.00    8.00
20:13:19       2   73.20    0.00   16.49    0.00    0.00    6.19    0.00    0.00    0.00    4.12
20:13:19       3   75.51    0.00   15.31    0.00    0.00    5.10    0.00    0.00    0.00    4.08
20:13:19       4   72.00    0.00   23.00    0.00    0.00    2.00    0.00    0.00    0.00    3.00
20:13:19       5   69.39    0.00   22.45    0.00    0.00    5.10    0.00    0.00    0.00    3.06
20:13:19       6   81.25    0.00   11.46    0.00    0.00    3.12    0.00    0.00    0.00    4.17
20:13:19       7   76.24    0.00   15.84    0.00    0.00    3.96    0.00    0.00    0.00    3.96
20:13:19       8   83.84    0.00   11.11    0.00    0.00    0.00    0.00    0.00    0.00    5.05
20:13:19       9   71.43    0.00   17.35    0.00    0.00    4.08    0.00    0.00    0.00    7.14
20:13:19      10   78.35    0.00   13.40    0.00    0.00    4.12    0.00    0.00    0.00    4.12
20:13:19      11   71.58    0.00   17.89    0.00    0.00    5.26    0.00    0.00    0.00    5.26
20:13:19      12   76.24    0.00   15.84    0.00    0.00    4.95    0.00    0.00    0.00    2.97
20:13:19      13   73.00    0.00   17.00    0.00    0.00    4.00    0.00    0.00    0.00    6.00
20:13:19      14   70.41    0.00   15.31    0.00    0.00    8.16    0.00    0.00    0.00    6.12
20:13:19      15   77.78    0.00   17.17    0.00    0.00    3.03    0.00    0.00    0.00    2.02
20:13:19      16   77.45    0.00   16.67    0.00    0.00    1.96    0.00    0.00    0.00    3.92
20:13:19      17   77.55    0.00   14.29    0.00    0.00    3.06    0.00    0.00    0.00    5.10
20:13:19      18   77.55    0.00   13.27    0.00    0.00    2.04    0.00    0.00    0.00    7.14
20:13:19      19   72.16    0.00   17.53    0.00    0.00    6.19    0.00    0.00    0.00    4.12
20:13:19      20   70.41    0.00   22.45    0.00    0.00    3.06    0.00    0.00    0.00    4.08
20:13:19      21   60.61    0.00   35.35    0.00    0.00    2.02    0.00    0.00    0.00    2.02
20:13:19      22   70.71    0.00   18.18    0.00    0.00    5.05    0.00    0.00    0.00    6.06
20:13:19      23   74.00    0.00   17.00    0.00    0.00    5.00    0.00    0.00    0.00    4.00
20:13:19      24   64.29    0.00   18.37    0.00    0.00   11.22    0.00    0.00    0.00    6.12
20:13:19      25   62.00    0.00   20.00    0.00    0.00   14.00    0.00    0.00    0.00    4.00
20:13:19      26   61.39    0.00   22.77    0.00    0.00    8.91    0.00    0.00    0.00    6.93
20:13:19      27   58.16    0.00   23.47    0.00    0.00    7.14    0.00    0.00    0.00   11.22
20:13:19      28   59.60    0.00   28.28    0.00    0.00    9.09    0.00    0.00    0.00    3.03
20:13:19      29   53.00    0.00   31.00    0.00    0.00   11.00    0.00    0.00    0.00    5.00
20:13:19      30   57.58    0.00   28.28    0.00    0.00   11.11    0.00    0.00    0.00    3.03
20:13:19      31   63.64    0.00   25.25    0.00    0.00    8.08    0.00    0.00    0.00    3.03

20:13:19     CPU    %usr   %nice    %sys %iowait    %irq   %soft  %steal  %guest  %gnice   %idle
20:13:20     all   67.25    0.00   20.25    0.00    0.00    5.60    0.00    0.00    0.00    6.90
20:13:20       0   66.67    0.00   15.05    0.00    0.00    4.30    0.00    0.00    0.00   13.98
20:13:20       1   62.77    0.00   17.02    0.00    0.00    5.32    0.00    0.00    0.00   14.89
20:13:20       2   70.10    0.00   18.56    0.00    0.00    4.12    0.00    0.00    0.00    7.22
20:13:20       3   72.28    0.00   17.82    0.00    0.00    3.96    0.00    0.00    0.00    5.94
20:13:20       4   72.45    0.00   17.35    0.00    0.00    4.08    0.00    0.00    0.00    6.12
20:13:20       5   67.65    0.00   25.49    0.00    0.00    3.92    0.00    0.00    0.00    2.94
20:13:20       6   75.00    0.00   15.00    0.00    0.00    3.00    0.00    0.00    0.00    7.00
20:13:20       7   57.43    0.00   20.79    0.00    0.00    2.97    0.00    0.00    0.00   18.81
20:13:20       8   68.37    0.00   16.33    0.00    0.00    3.06    0.00    0.00    0.00   12.24
20:13:20       9   74.26    0.00   13.86    0.00    0.00    4.95    0.00    0.00    0.00    6.93
20:13:20      10   70.71    0.00   21.21    0.00    0.00    3.03    0.00    0.00    0.00    5.05
20:13:20      11   72.73    0.00   17.17    0.00    0.00    5.05    0.00    0.00    0.00    5.05
20:13:20      12   70.71    0.00   20.20    0.00    0.00    5.05    0.00    0.00    0.00    4.04
20:13:20      13   76.77    0.00   16.16    0.00    0.00    3.03    0.00    0.00    0.00    4.04
20:13:20      14   74.49    0.00   16.33    0.00    0.00    5.10    0.00    0.00    0.00    4.08
20:13:20      15   75.76    0.00   16.16    0.00    0.00    4.04    0.00    0.00    0.00    4.04
20:13:20      16   59.78    0.00   15.22    0.00    0.00    2.17    0.00    0.00    0.00   22.83
20:13:20      17   60.20    0.00   18.37    0.00    0.00    2.04    0.00    0.00    0.00   19.39
20:13:20      18   75.00    0.00   21.00    0.00    0.00    2.00    0.00    0.00    0.00    2.00
20:13:20      19   71.43    0.00   19.39    0.00    0.00    4.08    0.00    0.00    0.00    5.10
20:13:20      20   71.43    0.00   20.41    0.00    0.00    4.08    0.00    0.00    0.00    4.08
20:13:20      21   59.00    0.00   33.00    0.00    0.00    5.00    0.00    0.00    0.00    3.00
20:13:20      22   69.39    0.00   19.39    0.00    0.00    5.10    0.00    0.00    0.00    6.12
20:13:20      23   66.67    0.00   17.71    0.00    0.00    6.25    0.00    0.00    0.00    9.38
20:13:20      24   62.38    0.00   26.73    0.00    0.00    6.93    0.00    0.00    0.00    3.96
20:13:20      25   58.00    0.00   23.00    0.00    0.00   14.00    0.00    0.00    0.00    5.00
20:13:20      26   64.36    0.00   22.77    0.00    0.00    8.91    0.00    0.00    0.00    3.96
20:13:20      27   58.42    0.00   26.73    0.00    0.00   10.89    0.00    0.00    0.00    3.96
20:13:20      28   65.35    0.00   22.77    0.00    0.00    8.91    0.00    0.00    0.00    2.97
20:13:20      29   62.00    0.00   23.00    0.00    0.00   13.00    0.00    0.00    0.00    2.00
20:13:20      30   58.00    0.00   26.00    0.00    0.00   12.00    0.00    0.00    0.00    4.00
20:13:20      31   62.24    0.00   26.53    0.00    0.00    8.16    0.00    0.00    0.00    3.06

20:13:20     CPU    %usr   %nice    %sys %iowait    %irq   %soft  %steal  %guest  %gnice   %idle
20:13:21     all   68.65    0.00   18.79    0.06    0.00    5.87    0.00    0.00    0.00    6.62
20:13:21       0   71.57    0.00   16.67    0.00    0.00    5.88    0.00    0.00    0.00    5.88
20:13:21       1   69.00    0.00   17.00    0.00    0.00    5.00    0.00    0.00    0.00    9.00
20:13:21       2   73.79    0.00   17.48    0.00    0.00    2.91    0.00    0.00    0.00    5.83
20:13:21       3   67.68    0.00   17.17    0.00    0.00    6.06    0.00    0.00    0.00    9.09
20:13:21       4   69.31    0.00   18.81    1.98    0.00    1.98    0.00    0.00    0.00    7.92
20:13:21       5   57.58    0.00   37.37    0.00    0.00    3.03    0.00    0.00    0.00    2.02
20:13:21       6   73.53    0.00   13.73    0.00    0.00    3.92    0.00    0.00    0.00    8.82
20:13:21       7   67.65    0.00   19.61    0.00    0.00    4.90    0.00    0.00    0.00    7.84
20:13:21       8   76.77    0.00   14.14    0.00    0.00    2.02    0.00    0.00    0.00    7.07
20:13:21       9   72.73    0.00   16.16    0.00    0.00    5.05    0.00    0.00    0.00    6.06
20:13:21      10   70.71    0.00   17.17    0.00    0.00    6.06    0.00    0.00    0.00    6.06
20:13:21      11   79.00    0.00   13.00    0.00    0.00    1.00    0.00    0.00    0.00    7.00
20:13:21      12   75.49    0.00   15.69    0.00    0.00    2.94    0.00    0.00    0.00    5.88
20:13:21      13   77.45    0.00   12.75    0.00    0.00    2.94    0.00    0.00    0.00    6.86
20:13:21      14   78.00    0.00   14.00    0.00    0.00    2.00    0.00    0.00    0.00    6.00
20:13:21      15   76.00    0.00   13.00    0.00    0.00    6.00    0.00    0.00    0.00    5.00
20:13:21      16   67.65    0.00   17.65    0.00    0.00    3.92    0.00    0.00    0.00   10.78
20:13:21      17   73.96    0.00   14.58    0.00    0.00    3.12    0.00    0.00    0.00    8.33
20:13:21      18   75.00    0.00   20.00    0.00    0.00    2.00    0.00    0.00    0.00    3.00
20:13:21      19   72.00    0.00   16.00    0.00    0.00    3.00    0.00    0.00    0.00    9.00
20:13:21      20   72.28    0.00   15.84    0.00    0.00    2.97    0.00    0.00    0.00    8.91
20:13:21      21   68.04    0.00   25.77    0.00    0.00    3.09    0.00    0.00    0.00    3.09
20:13:21      22   76.04    0.00   13.54    0.00    0.00    3.12    0.00    0.00    0.00    7.29
20:13:21      23   75.76    0.00   14.14    0.00    0.00    4.04    0.00    0.00    0.00    6.06
20:13:21      24   59.41    0.00   22.77    0.00    0.00   11.88    0.00    0.00    0.00    5.94
20:13:21      25   56.57    0.00   27.27    0.00    0.00   10.10    0.00    0.00    0.00    6.06
20:13:21      26   53.47    0.00   24.75    0.00    0.00   12.87    0.00    0.00    0.00    8.91
20:13:21      27   60.20    0.00   21.43    0.00    0.00   12.24    0.00    0.00    0.00    6.12
20:13:21      28   56.00    0.00   23.00    0.00    0.00   15.00    0.00    0.00    0.00    6.00
20:13:21      29   54.46    0.00   25.74    0.00    0.00   13.86    0.00    0.00    0.00    5.94
20:13:21      30   56.44    0.00   23.76    0.00    0.00   14.85    0.00    0.00    0.00    4.95
20:13:21      31   63.73    0.00   21.57    0.00    0.00    9.80    0.00    0.00    0.00    4.90

20:13:21     CPU    %usr   %nice    %sys %iowait    %irq   %soft  %steal  %guest  %gnice   %idle
20:13:22     all   67.22    0.00   18.39    1.56    0.00    6.38    0.00    0.00    0.00    6.44
20:13:22       0   72.73    0.00   16.16    1.01    0.00    5.05    0.00    0.00    0.00    5.05
20:13:22       1   74.00    0.00   16.00    0.00    0.00    6.00    0.00    0.00    0.00    4.00
20:13:22       2   77.55    0.00   17.35    0.00    0.00    2.04    0.00    0.00    0.00    3.06
20:13:22       3   75.00    0.00   16.00    0.00    0.00    7.00    0.00    0.00    0.00    2.00
20:13:22       4   22.92    0.00   21.88   25.00    0.00    7.29    0.00    0.00    0.00   22.92
20:13:22       5   35.42    0.00   19.79   15.62    0.00    3.12    0.00    0.00    0.00   26.04
20:13:22       6   74.23    0.00   17.53    0.00    0.00    5.15    0.00    0.00    0.00    3.09
20:13:22       7   74.75    0.00   18.18    0.00    0.00    3.03    0.00    0.00    0.00    4.04
20:13:22       8   79.00    0.00   16.00    0.00    0.00    3.00    0.00    0.00    0.00    2.00
20:13:22       9   74.00    0.00   15.00    0.00    0.00    5.00    0.00    0.00    0.00    6.00
20:13:22      10   79.41    0.00   13.73    0.00    0.00    3.92    0.00    0.00    0.00    2.94
20:13:22      11   77.00    0.00   16.00    0.00    0.00    5.00    0.00    0.00    0.00    2.00
20:13:22      12   75.49    0.00   18.63    0.00    0.00    3.92    0.00    0.00    0.00    1.96
20:13:22      13   77.00    0.00   16.00    0.00    0.00    5.00    0.00    0.00    0.00    2.00
20:13:22      14   71.29    0.00   17.82    0.00    0.00    7.92    0.00    0.00    0.00    2.97
20:13:22      15   74.00    0.00   18.00    0.00    0.00    4.00    0.00    0.00    0.00    4.00
20:13:22      16   75.73    0.00   17.48    0.00    0.00    2.91    0.00    0.00    0.00    3.88
20:13:22      17   76.24    0.00   14.85    0.00    0.00    3.96    0.00    0.00    0.00    4.95
20:13:22      18   76.24    0.00   17.82    0.00    0.00    3.96    0.00    0.00    0.00    1.98
20:13:22      19   78.64    0.00   15.53    0.00    0.00    2.91    0.00    0.00    0.00    2.91
20:13:22      20   40.82    0.00   14.29    6.12    0.00    5.10    0.00    0.00    0.00   33.67
20:13:22      21   35.42    0.00   25.00    4.17    0.00    2.08    0.00    0.00    0.00   33.33
20:13:22      22   80.39    0.00   13.73    0.00    0.00    1.96    0.00    0.00    0.00    3.92
20:13:22      23   73.53    0.00   19.61    0.00    0.00    2.94    0.00    0.00    0.00    3.92
20:13:22      24   66.67    0.00   20.20    0.00    0.00   12.12    0.00    0.00    0.00    1.01
20:13:22      25   59.60    0.00   22.22    0.00    0.00   14.14    0.00    0.00    0.00    4.04
20:13:22      26   61.00    0.00   20.00    0.00    0.00   14.00    0.00    0.00    0.00    5.00
20:13:22      27   60.78    0.00   23.53    0.00    0.00   10.78    0.00    0.00    0.00    4.90
20:13:22      28   61.22    0.00   21.43    0.00    0.00   14.29    0.00    0.00    0.00    3.06
20:13:22      29   58.00    0.00   25.00    0.00    0.00   14.00    0.00    0.00    0.00    3.00
20:13:22      30   67.33    0.00   17.82    0.00    0.00   12.87    0.00    0.00    0.00    1.98
20:13:22      31   59.80    0.00   26.47    0.00    0.00    9.80    0.00    0.00    0.00    3.92

20:13:22     CPU    %usr   %nice    %sys %iowait    %irq   %soft  %steal  %guest  %gnice   %idle
20:13:23     all   65.11    0.00   18.97    1.70    0.00    6.48    0.00    0.00    0.00    7.74
20:13:23       0   72.00    0.00   21.00    0.00    0.00    3.00    0.00    0.00    0.00    4.00
20:13:23       1   68.37    0.00   22.45    0.00    0.00    5.10    0.00    0.00    0.00    4.08
20:13:23       2   77.23    0.00   14.85    0.00    0.00    4.95    0.00    0.00    0.00    2.97
20:13:23       3   75.76    0.00   16.16    0.00    0.00    3.03    0.00    0.00    0.00    5.05
20:13:23       4   24.44    0.00   15.56   13.33    0.00    3.33    0.00    0.00    0.00   43.33
20:13:23       5   26.80    0.00   14.43   15.46    0.00    6.19    0.00    0.00    0.00   37.11
20:13:23       6   70.30    0.00   21.78    0.00    0.00    4.95    0.00    0.00    0.00    2.97
20:13:23       7   69.00    0.00   21.00    0.00    0.00    8.00    0.00    0.00    0.00    2.00
20:13:23       8   77.23    0.00   13.86    0.00    0.00    4.95    0.00    0.00    0.00    3.96
20:13:23       9   80.00    0.00   13.00    0.00    0.00    4.00    0.00    0.00    0.00    3.00
20:13:23      10   75.00    0.00   15.00    0.00    0.00    6.00    0.00    0.00    0.00    4.00
20:13:23      11   81.00    0.00   10.00    0.00    0.00    6.00    0.00    0.00    0.00    3.00
20:13:23      12   75.00    0.00   16.00    0.00    0.00    5.00    0.00    0.00    0.00    4.00
20:13:23      13   78.22    0.00   14.85    0.00    0.00    3.96    0.00    0.00    0.00    2.97
20:13:23      14   75.49    0.00   15.69    0.00    0.00    6.86    0.00    0.00    0.00    1.96
20:13:23      15   76.77    0.00   14.14    0.00    0.00    6.06    0.00    0.00    0.00    3.03
20:13:23      16   74.00    0.00   20.00    0.00    0.00    4.00    0.00    0.00    0.00    2.00
20:13:23      17   76.77    0.00   17.17    0.00    0.00    4.04    0.00    0.00    0.00    2.02
20:13:23      18   79.21    0.00   16.83    0.00    0.00    2.97    0.00    0.00    0.00    0.99
20:13:23      19   74.00    0.00   20.00    0.00    0.00    4.00    0.00    0.00    0.00    2.00
20:13:23      20   26.37    0.00   13.19   15.38    0.00    5.49    0.00    0.00    0.00   39.56
20:13:23      21   29.00    0.00   16.00   13.00    0.00    4.00    0.00    0.00    0.00   38.00
20:13:23      22   70.00    0.00   22.00    0.00    0.00    5.00    0.00    0.00    0.00    3.00
20:13:23      23   73.00    0.00   18.00    0.00    0.00    6.00    0.00    0.00    0.00    3.00
20:13:23      24   54.55    0.00   24.24    0.00    0.00   15.15    0.00    0.00    0.00    6.06
20:13:23      25   54.90    0.00   22.55    0.00    0.00   16.67    0.00    0.00    0.00    5.88
20:13:23      26   59.41    0.00   25.74    0.00    0.00    9.90    0.00    0.00    0.00    4.95
20:13:23      27   59.41    0.00   27.72    0.00    0.00   10.89    0.00    0.00    0.00    1.98
20:13:23      28   58.95    0.00   25.26    0.00    0.00    9.47    0.00    0.00    0.00    6.32
20:13:23      29   64.65    0.00   21.21    0.00    0.00    9.09    0.00    0.00    0.00    5.05
20:13:23      30   60.19    0.00   27.18    0.00    0.00    8.74    0.00    0.00    0.00    3.88
20:13:23      31   57.58    0.00   29.29    0.00    0.00   10.10    0.00    0.00    0.00    3.03

20:13:23     CPU    %usr   %nice    %sys %iowait    %irq   %soft  %steal  %guest  %gnice   %idle
20:13:24     all   66.72    0.00   19.30    1.30    0.00    6.37    0.00    0.00    0.00    6.31
20:13:24       0   71.43    0.00   17.35    0.00    0.00    4.08    0.00    0.00    0.00    7.14
20:13:24       1   76.77    0.00   14.14    1.01    0.00    5.05    0.00    0.00    0.00    3.03
20:13:24       2   70.71    0.00   20.20    0.00    0.00    6.06    0.00    0.00    0.00    3.03
20:13:24       3   73.74    0.00   22.22    0.00    0.00    2.02    0.00    0.00    0.00    2.02
20:13:24       4   31.46    0.00   19.10   14.61    0.00    5.62    0.00    0.00    0.00   29.21
20:13:24       5   85.00    0.00   14.00    1.00    0.00    0.00    0.00    0.00    0.00    0.00
20:13:24       6   71.13    0.00   17.53    0.00    0.00    6.19    0.00    0.00    0.00    5.15
20:13:24       7   77.78    0.00   14.14    0.00    0.00    4.04    0.00    0.00    0.00    4.04
20:13:24       8   70.00    0.00   21.00    0.00    0.00    4.00    0.00    0.00    0.00    5.00
20:13:24       9   74.00    0.00   16.00    0.00    0.00    4.00    0.00    0.00    0.00    6.00
20:13:24      10   76.00    0.00   14.00    0.00    0.00    4.00    0.00    0.00    0.00    6.00
20:13:24      11   74.00    0.00   18.00    0.00    0.00    5.00    0.00    0.00    0.00    3.00
20:13:24      12   75.51    0.00   13.27    0.00    0.00    6.12    0.00    0.00    0.00    5.10
20:13:24      13   74.75    0.00   17.17    0.00    0.00    4.04    0.00    0.00    0.00    4.04
20:13:24      14   76.53    0.00   16.33    0.00    0.00    4.08    0.00    0.00    0.00    3.06
20:13:24      15   75.76    0.00   18.18    0.00    0.00    4.04    0.00    0.00    0.00    2.02
20:13:24      16   77.78    0.00   10.10    0.00    0.00    4.04    0.00    0.00    0.00    8.08
20:13:24      17   76.00    0.00   16.00    0.00    0.00    2.00    0.00    0.00    0.00    6.00
20:13:24      18   71.72    0.00   19.19    0.00    0.00    7.07    0.00    0.00    0.00    2.02
20:13:24      19   73.27    0.00   15.84    0.00    0.00    7.92    0.00    0.00    0.00    2.97
20:13:24      20   31.52    0.00   20.65   13.04    0.00    4.35    0.00    0.00    0.00   30.43
20:13:24      21   29.29    0.00   24.24   14.14    0.00    8.08    0.00    0.00    0.00   24.24
20:13:24      22   71.72    0.00   21.21    0.00    0.00    4.04    0.00    0.00    0.00    3.03
20:13:24      23   76.00    0.00   15.00    0.00    0.00    5.00    0.00    0.00    0.00    4.00
20:13:24      24   61.22    0.00   24.49    0.00    0.00    9.18    0.00    0.00    0.00    5.10
20:13:24      25   55.56    0.00   23.23    0.00    0.00   11.11    0.00    0.00    0.00   10.10
20:13:24      26   67.00    0.00   22.00    0.00    0.00    8.00    0.00    0.00    0.00    3.00
20:13:24      27   60.61    0.00   25.25    0.00    0.00   11.11    0.00    0.00    0.00    3.03
20:13:24      28   55.10    0.00   31.63    0.00    0.00    9.18    0.00    0.00    0.00    4.08
20:13:24      29   53.47    0.00   27.72    0.00    0.00   14.85    0.00    0.00    0.00    3.96
20:13:24      30   59.60    0.00   24.24    0.00    0.00   12.12    0.00    0.00    0.00    4.04
20:13:24      31   54.08    0.00   24.49    0.00    0.00   17.35    0.00    0.00    0.00    4.08

20:13:24     CPU    %usr   %nice    %sys %iowait    %irq   %soft  %steal  %guest  %gnice   %idle
20:13:25     all   66.37    0.00   19.70    1.58    0.00    5.97    0.00    0.00    0.00    6.38
20:13:25       0   72.73    0.00   19.19    0.00    0.00    1.01    0.00    0.00    0.00    7.07
20:13:25       1   70.10    0.00   19.59    0.00    0.00    5.15    0.00    0.00    0.00    5.15
20:13:25       2   77.78    0.00   17.17    0.00    0.00    2.02    0.00    0.00    0.00    3.03
20:13:25       3   71.29    0.00   19.80    0.00    0.00    5.94    0.00    0.00    0.00    2.97
20:13:25       4   27.47    0.00   18.68   10.99    0.00    4.40    0.00    0.00    0.00   38.46
20:13:25       5   43.75    0.00   17.71   22.92    0.00    4.17    0.00    0.00    0.00   11.46
20:13:25       6   72.28    0.00   20.79    0.00    0.00    3.96    0.00    0.00    0.00    2.97
20:13:25       7   74.00    0.00   19.00    0.00    0.00    5.00    0.00    0.00    0.00    2.00
20:13:25       8   79.00    0.00   13.00    0.00    0.00    4.00    0.00    0.00    0.00    4.00
20:13:25       9   78.79    0.00   13.13    0.00    0.00    6.06    0.00    0.00    0.00    2.02
20:13:25      10   77.78    0.00   18.18    0.00    0.00    2.02    0.00    0.00    0.00    2.02
20:13:25      11   73.27    0.00   18.81    0.00    0.00    5.94    0.00    0.00    0.00    1.98
20:13:25      12   71.43    0.00   16.33    0.00    0.00    8.16    0.00    0.00    0.00    4.08
20:13:25      13   75.51    0.00   14.29    0.00    0.00    8.16    0.00    0.00    0.00    2.04
20:13:25      14   80.00    0.00   14.00    0.00    0.00    2.00    0.00    0.00    0.00    4.00
20:13:25      15   75.49    0.00   18.63    0.00    0.00    3.92    0.00    0.00    0.00    1.96
20:13:25      16   70.00    0.00   16.00    0.00    0.00    3.00    0.00    0.00    0.00   11.00
20:13:25      17   72.28    0.00   18.81    0.00    0.00    3.96    0.00    0.00    0.00    4.95
20:13:25      18   72.73    0.00   20.20    0.00    0.00    5.05    0.00    0.00    0.00    2.02
20:13:25      19   77.00    0.00   17.00    0.00    0.00    4.00    0.00    0.00    0.00    2.00
20:13:25      20   26.60    0.00   19.15   13.83    0.00    3.19    0.00    0.00    0.00   37.23
20:13:25      21   61.00    0.00   20.00    5.00    0.00    4.00    0.00    0.00    0.00   10.00
20:13:25      22   72.00    0.00   19.00    0.00    0.00    4.00    0.00    0.00    0.00    5.00
20:13:25      23   75.00    0.00   18.00    0.00    0.00    3.00    0.00    0.00    0.00    4.00
20:13:25      24   56.57    0.00   24.24    0.00    0.00   13.13    0.00    0.00    0.00    6.06
20:13:25      25   58.59    0.00   24.24    0.00    0.00   14.14    0.00    0.00    0.00    3.03
20:13:25      26   57.29    0.00   22.92    0.00    0.00   14.58    0.00    0.00    0.00    5.21
20:13:25      27   58.00    0.00   24.00    0.00    0.00   11.00    0.00    0.00    0.00    7.00
20:13:25      28   57.58    0.00   28.28    0.00    0.00   11.11    0.00    0.00    0.00    3.03
20:13:25      29   64.00    0.00   26.00    0.00    0.00    8.00    0.00    0.00    0.00    2.00
20:13:25      30   59.00    0.00   28.00    0.00    0.00    8.00    0.00    0.00    0.00    5.00
20:13:25      31   58.59    0.00   26.26    0.00    0.00    9.09    0.00    0.00    0.00    6.06

20:13:25     CPU    %usr   %nice    %sys %iowait    %irq   %soft  %steal  %guest  %gnice   %idle
20:13:26     all   68.67    0.00   17.98    1.52    0.00    5.39    0.00    0.00    0.00    6.44
20:13:26       0   68.37    0.00   23.47    0.00    0.00    4.08    0.00    0.00    0.00    4.08
20:13:26       1   70.41    0.00   19.39    0.00    0.00    5.10    0.00    0.00    0.00    5.10
20:13:26       2   75.76    0.00   17.17    0.00    0.00    4.04    0.00    0.00    0.00    3.03
20:13:26       3   79.80    0.00   15.15    0.00    0.00    3.03    0.00    0.00    0.00    2.02
20:13:26       4   30.23    0.00   16.28   19.77    0.00    1.16    0.00    0.00    0.00   32.56
20:13:26       5   63.27    0.00   15.31    9.18    0.00    3.06    0.00    0.00    0.00    9.18
20:13:26       6   78.00    0.00   14.00    0.00    0.00    5.00    0.00    0.00    0.00    3.00
20:13:26       7   75.25    0.00   15.84    0.00    0.00    5.94    0.00    0.00    0.00    2.97
20:13:26       8   79.00    0.00   13.00    0.00    0.00    4.00    0.00    0.00    0.00    4.00
20:13:26       9   76.24    0.00   17.82    0.00    0.00    2.97    0.00    0.00    0.00    2.97
20:13:26      10   75.00    0.00   14.00    0.00    0.00    5.00    0.00    0.00    0.00    6.00
20:13:26      11   72.92    0.00   19.79    0.00    0.00    2.08    0.00    0.00    0.00    5.21
20:13:26      12   76.77    0.00   17.17    0.00    0.00    3.03    0.00    0.00    0.00    3.03
20:13:26      13   80.00    0.00   12.00    0.00    0.00    3.00    0.00    0.00    0.00    5.00
20:13:26      14   81.00    0.00   13.00    0.00    0.00    4.00    0.00    0.00    0.00    2.00
20:13:26      15   80.41    0.00   16.49    0.00    0.00    2.06    0.00    0.00    0.00    1.03
20:13:26      16   72.28    0.00   15.84    0.00    0.00    2.97    0.00    0.00    0.00    8.91
20:13:26      17   79.80    0.00   14.14    0.00    0.00    3.03    0.00    0.00    0.00    3.03
20:13:26      18   75.25    0.00   18.81    0.00    0.00    2.97    0.00    0.00    0.00    2.97
20:13:26      19   74.26    0.00   19.80    0.00    0.00    3.96    0.00    0.00    0.00    1.98
20:13:26      20   48.94    0.00   15.96    7.45    0.00    2.13    0.00    0.00    0.00   25.53
20:13:26      21   30.43    0.00   17.39   16.30    0.00    5.43    0.00    0.00    0.00   30.43
20:13:26      22   76.77    0.00   17.17    0.00    0.00    4.04    0.00    0.00    0.00    2.02
20:13:26      23   76.53    0.00   14.29    0.00    0.00    7.14    0.00    0.00    0.00    2.04
20:13:26      24   66.67    0.00   19.19    0.00    0.00    8.08    0.00    0.00    0.00    6.06
20:13:26      25   55.56    0.00   27.27    0.00    0.00   11.11    0.00    0.00    0.00    6.06
20:13:26      26   60.19    0.00   23.30    0.00    0.00   10.68    0.00    0.00    0.00    5.83
20:13:26      27   64.29    0.00   19.39    0.00    0.00   12.24    0.00    0.00    0.00    4.08
20:13:26      28   60.61    0.00   24.24    0.00    0.00   10.10    0.00    0.00    0.00    5.05
20:13:26      29   60.40    0.00   23.76    0.00    0.00   10.89    0.00    0.00    0.00    4.95
20:13:26      30   62.63    0.00   23.23    0.00    0.00    9.09    0.00    0.00    0.00    5.05
20:13:26      31   61.62    0.00   21.21    0.00    0.00   10.10    0.00    0.00    0.00    7.07

20:13:26     CPU    %usr   %nice    %sys %iowait    %irq   %soft  %steal  %guest  %gnice   %idle
20:13:27     all   66.20    0.00   19.82    1.55    0.00    5.80    0.00    0.00    0.00    6.63
20:13:27       0   72.28    0.00   17.82    0.00    0.00    3.96    0.00    0.00    0.00    5.94
20:13:27       1   73.96    0.00   18.75    0.00    0.00    5.21    0.00    0.00    0.00    2.08
20:13:27       2   74.75    0.00   17.17    0.00    0.00    5.05    0.00    0.00    0.00    3.03
20:13:27       3   73.74    0.00   20.20    0.00    0.00    3.03    0.00    0.00    0.00    3.03
20:13:27       4   42.39    0.00   16.30   10.87    0.00    3.26    0.00    0.00    0.00   27.17
20:13:27       5   62.24    0.00   18.37    5.10    0.00    2.04    0.00    0.00    0.00   12.24
20:13:27       6   72.28    0.00   20.79    0.00    0.00    4.95    0.00    0.00    0.00    1.98
20:13:27       7   72.45    0.00   19.39    0.00    0.00    3.06    0.00    0.00    0.00    5.10
20:13:27       8   73.74    0.00   18.18    0.00    0.00    6.06    0.00    0.00    0.00    2.02
20:13:27       9   72.00    0.00   19.00    0.00    0.00    6.00    0.00    0.00    0.00    3.00
20:13:27      10   77.67    0.00   13.59    0.00    0.00    4.85    0.00    0.00    0.00    3.88
20:13:27      11   73.27    0.00   18.81    0.00    0.00    3.96    0.00    0.00    0.00    3.96
20:13:27      12   77.23    0.00   17.82    0.00    0.00    2.97    0.00    0.00    0.00    1.98
20:13:27      13   72.28    0.00   17.82    0.00    0.00    3.96    0.00    0.00    0.00    5.94
20:13:27      14   73.74    0.00   17.17    0.00    0.00    3.03    0.00    0.00    0.00    6.06
20:13:27      15   78.00    0.00   13.00    0.00    0.00    6.00    0.00    0.00    0.00    3.00
20:13:27      16   75.51    0.00   17.35    0.00    0.00    3.06    0.00    0.00    0.00    4.08
20:13:27      17   71.72    0.00   18.18    0.00    0.00    5.05    0.00    0.00    0.00    5.05
20:13:27      18   71.00    0.00   20.00    0.00    0.00    4.00    0.00    0.00    0.00    5.00
20:13:27      19   73.00    0.00   18.00    0.00    0.00    5.00    0.00    0.00    0.00    4.00
20:13:27      20   34.38    0.00   16.67   18.75    0.00    4.17    0.00    0.00    0.00   26.04
20:13:27      21   17.78    0.00   24.44   17.78    0.00    6.67    0.00    0.00    0.00   33.33
20:13:27      22   68.32    0.00   18.81    0.00    0.00    6.93    0.00    0.00    0.00    5.94
20:13:27      23   76.29    0.00   17.53    0.00    0.00    3.09    0.00    0.00    0.00    3.09
20:13:27      24   65.31    0.00   21.43    0.00    0.00    9.18    0.00    0.00    0.00    4.08
20:13:27      25   62.24    0.00   21.43    0.00    0.00   10.20    0.00    0.00    0.00    6.12
20:13:27      26   59.18    0.00   23.47    0.00    0.00   13.27    0.00    0.00    0.00    4.08
20:13:27      27   56.57    0.00   22.22    0.00    0.00   11.11    0.00    0.00    0.00   10.10
20:13:27      28   55.56    0.00   29.29    0.00    0.00   11.11    0.00    0.00    0.00    4.04
20:13:27      29   53.54    0.00   32.32    0.00    0.00   10.10    0.00    0.00    0.00    4.04
20:13:27      30   63.27    0.00   22.45    0.00    0.00   10.20    0.00    0.00    0.00    4.08
20:13:27      31   64.58    0.00   27.08    0.00    0.00    5.21    0.00    0.00    0.00    3.12

20:13:27     CPU    %usr   %nice    %sys %iowait    %irq   %soft  %steal  %guest  %gnice   %idle
20:13:28     all   65.63    0.00   19.67    1.62    0.00    5.89    0.00    0.00    0.00    7.19
20:13:28       0   74.23    0.00   20.62    0.00    0.00    2.06    0.00    0.00    0.00    3.09
20:13:28       1   71.29    0.00   19.80    0.99    0.00    4.95    0.00    0.00    0.00    2.97
20:13:28       2   72.73    0.00   19.19    0.00    0.00    3.03    0.00    0.00    0.00    5.05
20:13:28       3   71.13    0.00   20.62    0.00    0.00    3.09    0.00    0.00    0.00    5.15
20:13:28       4   46.46    0.00   17.17   16.16    0.00    5.05    0.00    0.00    0.00   15.15
20:13:28       5   20.48    0.00   19.28   15.66    0.00    2.41    0.00    0.00    0.00   42.17
20:13:28       6   72.00    0.00   19.00    0.00    0.00    6.00    0.00    0.00    0.00    3.00
20:13:28       7   75.76    0.00   19.19    0.00    0.00    1.01    0.00    0.00    0.00    4.04
20:13:28       8   82.83    0.00   11.11    0.00    0.00    3.03    0.00    0.00    0.00    3.03
20:13:28       9   75.00    0.00   15.00    0.00    0.00    8.00    0.00    0.00    0.00    2.00
20:13:28      10   72.92    0.00   16.67    0.00    0.00    4.17    0.00    0.00    0.00    6.25
20:13:28      11   69.70    0.00   16.16    0.00    0.00    6.06    0.00    0.00    0.00    8.08
20:13:28      12   67.33    0.00   23.76    0.00    0.00    4.95    0.00    0.00    0.00    3.96
20:13:28      13   75.00    0.00   16.00    0.00    0.00    4.00    0.00    0.00    0.00    5.00
20:13:28      14   75.00    0.00   19.00    0.00    0.00    4.00    0.00    0.00    0.00    2.00
20:13:28      15   77.32    0.00   15.46    0.00    0.00    3.09    0.00    0.00    0.00    4.12
20:13:28      16   69.31    0.00   18.81    0.99    0.00    5.94    0.00    0.00    0.00    4.95
20:13:28      17   72.82    0.00   16.50    0.00    0.00    3.88    0.00    0.00    0.00    6.80
20:13:28      18   72.45    0.00   19.39    0.00    0.00    4.08    0.00    0.00    0.00    4.08
20:13:28      19   69.70    0.00   20.20    0.00    0.00    6.06    0.00    0.00    0.00    4.04
20:13:28      20   64.95    0.00   14.43    4.12    0.00    3.09    0.00    0.00    0.00   13.40
20:13:28      21   25.53    0.00   17.02   17.02    0.00    3.19    0.00    0.00    0.00   37.23
20:13:28      22   77.00    0.00   15.00    0.00    0.00    5.00    0.00    0.00    0.00    3.00
20:13:28      23   70.10    0.00   21.65    0.00    0.00    4.12    0.00    0.00    0.00    4.12
20:13:28      24   55.00    0.00   22.00    0.00    0.00   12.00    0.00    0.00    0.00   11.00
20:13:28      25   58.25    0.00   26.21    0.00    0.00   11.65    0.00    0.00    0.00    3.88
20:13:28      26   58.00    0.00   28.00    0.00    0.00    9.00    0.00    0.00    0.00    5.00
20:13:28      27   56.12    0.00   21.43    0.00    0.00   12.24    0.00    0.00    0.00   10.20
20:13:28      28   59.60    0.00   26.26    0.00    0.00   10.10    0.00    0.00    0.00    4.04
20:13:28      29   65.00    0.00   21.00    0.00    0.00   11.00    0.00    0.00    0.00    3.00
20:13:28      30   57.43    0.00   27.72    0.00    0.00   11.88    0.00    0.00    0.00    2.97
20:13:28      31   61.00    0.00   25.00    0.00    0.00    9.00    0.00    0.00    0.00    5.00

20:13:28     CPU    %usr   %nice    %sys %iowait    %irq   %soft  %steal  %guest  %gnice   %idle
20:13:29     all   63.45    0.00   18.15    1.90    0.00    6.05    0.00    0.00    0.00   10.45
20:13:29       0   32.29    0.00   12.50   11.46    0.00    3.12    0.00    0.00    0.00   40.62
20:13:29       1   34.69    0.00   10.20    7.14    0.00   16.33    0.00    0.00    0.00   31.63
20:13:29       2   74.00    0.00   18.00    0.00    0.00    6.00    0.00    0.00    0.00    2.00
20:13:29       3   77.45    0.00   16.67    0.00    0.00    3.92    0.00    0.00    0.00    1.96
20:13:29       4   70.00    0.00   17.00    0.00    0.00    3.00    0.00    0.00    0.00   10.00
20:13:29       5   35.87    0.00   19.57    0.00    0.00    2.17    0.00    0.00    0.00   42.39
20:13:29       6   81.00    0.00   14.00    0.00    0.00    4.00    0.00    0.00    0.00    1.00
20:13:29       7   73.74    0.00   19.19    0.00    0.00    6.06    0.00    0.00    0.00    1.01
20:13:29       8   79.21    0.00   13.86    0.00    0.00    2.97    0.00    0.00    0.00    3.96
20:13:29       9   77.78    0.00   19.19    0.00    0.00    2.02    0.00    0.00    0.00    1.01
20:13:29      10   75.00    0.00   19.00    0.00    0.00    5.00    0.00    0.00    0.00    1.00
20:13:29      11   79.00    0.00   16.00    0.00    0.00    4.00    0.00    0.00    0.00    1.00
20:13:29      12   75.51    0.00   17.35    0.00    0.00    6.12    0.00    0.00    0.00    1.02
20:13:29      13   78.79    0.00   16.16    0.00    0.00    5.05    0.00    0.00    0.00    0.00
20:13:29      14   80.81    0.00   13.13    0.00    0.00    4.04    0.00    0.00    0.00    2.02
20:13:29      15   76.47    0.00   14.71    0.00    0.00    6.86    0.00    0.00    0.00    1.96
20:13:29      16   35.00    0.00   12.00   21.00    0.00    1.00    0.00    0.00    0.00   31.00
20:13:29      17   32.29    0.00   13.54   20.83    0.00    1.04    0.00    0.00    0.00   32.29
20:13:29      18   71.29    0.00   20.79    0.00    0.00    5.94    0.00    0.00    0.00    1.98
20:13:29      19   78.79    0.00   14.14    0.00    0.00    5.05    0.00    0.00    0.00    2.02
20:13:29      20   57.14    0.00   14.29    1.02    0.00    1.02    0.00    0.00    0.00   26.53
20:13:29      21   35.42    0.00   19.79    0.00    0.00    3.12    0.00    0.00    0.00   41.67
20:13:29      22   77.55    0.00   16.33    0.00    0.00    5.10    0.00    0.00    0.00    1.02
20:13:29      23   77.78    0.00   16.16    0.00    0.00    5.05    0.00    0.00    0.00    1.01
20:13:29      24   51.52    0.00   31.31    0.00    0.00   10.10    0.00    0.00    0.00    7.07
20:13:29      25   60.61    0.00   26.26    0.00    0.00   10.10    0.00    0.00    0.00    3.03
20:13:29      26   58.76    0.00   22.68    0.00    0.00   10.31    0.00    0.00    0.00    8.25
20:13:29      27   53.06    0.00   21.43    0.00    0.00    7.14    0.00    0.00    0.00   18.37
20:13:29      28   54.64    0.00   28.87    0.00    0.00   10.31    0.00    0.00    0.00    6.19
20:13:29      29   59.18    0.00   21.43    0.00    0.00   13.27    0.00    0.00    0.00    6.12
20:13:29      30   57.58    0.00   24.24    0.00    0.00   11.11    0.00    0.00    0.00    7.07
20:13:29      31   61.22    0.00   21.43    0.00    0.00   13.27    0.00    0.00    0.00    4.08

20:13:29     CPU    %usr   %nice    %sys %iowait    %irq   %soft  %steal  %guest  %gnice   %idle
20:13:30     all   65.81    0.00   18.62    1.98    0.00    6.07    0.00    0.00    0.00    7.52
20:13:30       0   23.40    0.00   11.70   18.09    0.00    3.19    0.00    0.00    0.00   43.62
20:13:30       1   39.58    0.00    9.38   11.46    0.00   13.54    0.00    0.00    0.00   26.04
20:13:30       2   76.77    0.00   16.16    0.00    0.00    4.04    0.00    0.00    0.00    3.03
20:13:30       3   74.49    0.00   18.37    0.00    0.00    5.10    0.00    0.00    0.00    2.04
20:13:30       4   73.47    0.00   19.39    0.00    0.00    5.10    0.00    0.00    0.00    2.04
20:13:30       5   70.41    0.00   24.49    0.00    0.00    3.06    0.00    0.00    0.00    2.04
20:13:30       6   76.24    0.00   13.86    0.00    0.00    5.94    0.00    0.00    0.00    3.96
20:13:30       7   74.75    0.00   18.18    0.00    0.00    4.04    0.00    0.00    0.00    3.03
20:13:30       8   81.00    0.00   13.00    0.00    0.00    4.00    0.00    0.00    0.00    2.00
20:13:30       9   74.26    0.00   15.84    0.00    0.00    7.92    0.00    0.00    0.00    1.98
20:13:30      10   74.49    0.00   18.37    0.00    0.00    3.06    0.00    0.00    0.00    4.08
20:13:30      11   77.00    0.00   17.00    0.00    0.00    3.00    0.00    0.00    0.00    3.00
20:13:30      12   78.35    0.00   15.46    0.00    0.00    2.06    0.00    0.00    0.00    4.12
20:13:30      13   77.45    0.00   11.76    0.00    0.00    4.90    0.00    0.00    0.00    5.88
20:13:30      14   78.22    0.00   11.88    0.00    0.00    6.93    0.00    0.00    0.00    2.97
20:13:30      15   78.00    0.00   15.00    0.00    0.00    5.00    0.00    0.00    0.00    2.00
20:13:30      16   26.04    0.00   10.42   20.83    0.00    1.04    0.00    0.00    0.00   41.67
20:13:30      17   30.56    0.00   14.81   13.89    0.00    2.78    0.00    0.00    0.00   37.96
20:13:30      18   78.79    0.00   13.13    0.00    0.00    5.05    0.00    0.00    0.00    3.03
20:13:30      19   81.00    0.00   14.00    0.00    0.00    3.00    0.00    0.00    0.00    2.00
20:13:30      20   77.78    0.00   16.16    0.00    0.00    3.03    0.00    0.00    0.00    3.03
20:13:30      21   57.00    0.00   40.00    0.00    0.00    2.00    0.00    0.00    0.00    1.00
20:13:30      22   75.00    0.00   17.00    0.00    0.00    5.00    0.00    0.00    0.00    3.00
20:13:30      23   75.00    0.00   17.00    0.00    0.00    4.00    0.00    0.00    0.00    4.00
20:13:30      24   56.57    0.00   29.29    0.00    0.00   10.10    0.00    0.00    0.00    4.04
20:13:30      25   61.22    0.00   25.51    0.00    0.00   10.20    0.00    0.00    0.00    3.06
20:13:30      26   53.54    0.00   30.30    0.00    0.00   11.11    0.00    0.00    0.00    5.05
20:13:30      27   61.39    0.00   24.75    0.00    0.00    9.90    0.00    0.00    0.00    3.96
20:13:30      28   59.79    0.00   23.71    0.00    0.00   12.37    0.00    0.00    0.00    4.12
20:13:30      29   56.44    0.00   26.73    0.00    0.00   10.89    0.00    0.00    0.00    5.94
20:13:30      30   58.42    0.00   28.71    0.00    0.00    9.90    0.00    0.00    0.00    2.97
20:13:30      31   67.68    0.00   14.14    0.00    0.00   13.13    0.00    0.00    0.00    5.05

20:13:30     CPU    %usr   %nice    %sys %iowait    %irq   %soft  %steal  %guest  %gnice   %idle
20:13:31     all   64.65    0.00   18.58    2.04    0.00    6.11    0.00    0.00    0.00    8.62
20:13:31       0   26.04    0.00   11.46   21.88    0.00    1.04    0.00    0.00    0.00   39.58
20:13:31       1   30.61    0.00    7.14    7.14    0.00   17.35    0.00    0.00    0.00   37.76
20:13:31       2   75.00    0.00   20.00    0.00    0.00    2.00    0.00    0.00    0.00    3.00
20:13:31       3   69.31    0.00   20.79    0.00    0.00    5.94    0.00    0.00    0.00    3.96
20:13:31       4   75.76    0.00   15.15    0.00    0.00    3.03    0.00    0.00    0.00    6.06
20:13:31       5   68.63    0.00   25.49    0.00    0.00    3.92    0.00    0.00    0.00    1.96
20:13:31       6   76.77    0.00   13.13    0.00    0.00    6.06    0.00    0.00    0.00    4.04
20:13:31       7   74.00    0.00   17.00    0.00    0.00    4.00    0.00    0.00    0.00    5.00
20:13:31       8   70.59    0.00   18.63    0.00    0.00    4.90    0.00    0.00    0.00    5.88
20:13:31       9   74.75    0.00   17.17    0.00    0.00    4.04    0.00    0.00    0.00    4.04
20:13:31      10   73.27    0.00   18.81    0.00    0.00    4.95    0.00    0.00    0.00    2.97
20:13:31      11   73.27    0.00   17.82    0.00    0.00    4.95    0.00    0.00    0.00    3.96
20:13:31      12   72.28    0.00   18.81    0.00    0.00    4.95    0.00    0.00    0.00    3.96
20:13:31      13   74.51    0.00   17.65    0.00    0.00    3.92    0.00    0.00    0.00    3.92
20:13:31      14   73.74    0.00   18.18    0.00    0.00    4.04    0.00    0.00    0.00    4.04
20:13:31      15   74.26    0.00   17.82    0.00    0.00    3.96    0.00    0.00    0.00    3.96
20:13:31      16   26.53    0.00   11.22   19.39    0.00    3.06    0.00    0.00    0.00   39.80
20:13:31      17   27.27    0.00   13.13   18.18    0.00    2.02    0.00    0.00    0.00   39.39
20:13:31      18   77.55    0.00   13.27    0.00    0.00    5.10    0.00    0.00    0.00    4.08
20:13:31      19   79.80    0.00   11.11    0.00    0.00    5.05    0.00    0.00    0.00    4.04
20:13:31      20   77.23    0.00   15.84    0.00    0.00    2.97    0.00    0.00    0.00    3.96
20:13:31      21   71.72    0.00   24.24    0.00    0.00    3.03    0.00    0.00    0.00    1.01
20:13:31      22   74.00    0.00   20.00    0.00    0.00    3.00    0.00    0.00    0.00    3.00
20:13:31      23   76.00    0.00   16.00    0.00    0.00    5.00    0.00    0.00    0.00    3.00
20:13:31      24   55.56    0.00   27.27    0.00    0.00    7.07    0.00    0.00    0.00   10.10
20:13:31      25   55.67    0.00   25.77    0.00    0.00   12.37    0.00    0.00    0.00    6.19
20:13:31      26   63.37    0.00   22.77    0.00    0.00    9.90    0.00    0.00    0.00    3.96
20:13:31      27   62.63    0.00   21.21    0.00    0.00   11.11    0.00    0.00    0.00    5.05
20:13:31      28   59.41    0.00   20.79    0.00    0.00   14.85    0.00    0.00    0.00    4.95
20:13:31      29   57.00    0.00   23.00    0.00    0.00   12.00    0.00    0.00    0.00    8.00
20:13:31      30   58.00    0.00   31.00    0.00    0.00    7.00    0.00    0.00    0.00    4.00
20:13:31      31   60.61    0.00   22.22    0.00    0.00   13.13    0.00    0.00    0.00    4.04

20:13:31     CPU    %usr   %nice    %sys %iowait    %irq   %soft  %steal  %guest  %gnice   %idle
20:13:32     all   53.46    0.00   15.47    1.90    0.00    4.87    0.00    0.00    0.00   24.30
20:13:32       0   31.25    0.00   11.46   10.42    0.00    1.04    0.00    0.00    0.00   45.83
20:13:32       1   33.66    0.00   10.89   12.87    0.00    6.93    0.00    0.00    0.00   35.64
20:13:32       2   77.78    0.00   16.16    0.00    0.00    2.02    0.00    0.00    0.00    4.04
20:13:32       3   65.00    0.00   11.00    0.00    0.00    2.00    0.00    0.00    0.00   22.00
20:13:32       4   52.04    0.00   19.39    7.14    0.00    4.08    0.00    0.00    0.00   17.35
20:13:32       5   52.48    0.00   15.84    2.97    0.00    5.94    0.00    0.00    0.00   22.77
20:13:32       6   54.08    0.00   22.45    0.00    0.00    3.06    0.00    0.00    0.00   20.41
20:13:32       7   60.82    0.00   14.43    0.00    0.00    3.09    0.00    0.00    0.00   21.65
20:13:32       8   62.89    0.00   12.37    0.00    0.00    2.06    0.00    0.00    0.00   22.68
20:13:32       9   60.20    0.00   13.27    0.00    0.00    2.04    0.00    0.00    0.00   24.49
20:13:32      10   56.57    0.00   17.17    0.00    0.00    4.04    0.00    0.00    0.00   22.22
20:13:32      11   62.38    0.00   11.88    0.00    0.00    2.97    0.00    0.00    0.00   22.77
20:13:32      12   60.00    0.00   13.00    0.00    0.00    5.00    0.00    0.00    0.00   22.00
20:13:32      13   62.24    0.00   12.24    1.02    0.00    3.06    0.00    0.00    0.00   21.43
20:13:32      14   58.59    0.00   15.15    0.00    0.00    3.03    0.00    0.00    0.00   23.23
20:13:32      15   61.00    0.00   13.00    0.00    0.00    3.00    0.00    0.00    0.00   23.00
20:13:32      16   30.93    0.00    7.22   10.31    0.00    5.15    0.00    0.00    0.00   46.39
20:13:32      17   37.50    0.00    6.25    5.21    0.00    1.04    0.00    0.00    0.00   50.00
20:13:32      18   56.12    0.00   17.35    0.00    0.00    4.08    0.00    0.00    0.00   22.45
20:13:32      19   60.40    0.00   13.86    0.00    0.00    3.96    0.00    0.00    0.00   21.78
20:13:32      20   55.56    0.00   17.17    5.05    0.00    4.04    0.00    0.00    0.00   18.18
20:13:32      21   58.00    0.00   12.00    5.00    0.00    4.00    0.00    0.00    0.00   21.00
20:13:32      22   56.57    0.00   19.19    0.00    0.00    3.03    0.00    0.00    0.00   21.21
20:13:32      23   65.66    0.00    8.08    0.00    0.00    5.05    0.00    0.00    0.00   21.21
20:13:32      24   46.32    0.00   14.74    0.00    0.00   11.58    0.00    0.00    0.00   27.37
20:13:32      25   46.94    0.00   19.39    0.00    0.00    9.18    0.00    0.00    0.00   24.49
20:13:32      26   47.96    0.00   21.43    0.00    0.00    8.16    0.00    0.00    0.00   22.45
20:13:32      27   43.88    0.00   20.41    0.00    0.00   11.22    0.00    0.00    0.00   24.49
20:13:32      28   50.00    0.00   21.00    1.00    0.00    6.00    0.00    0.00    0.00   22.00
20:13:32      29   43.00    0.00   26.00    0.00    0.00    9.00    0.00    0.00    0.00   22.00
20:13:32      30   51.00    0.00   19.00    0.00    0.00    9.00    0.00    0.00    0.00   21.00
20:13:32      31   48.51    0.00   21.78    0.00    0.00    7.92    0.00    0.00    0.00   21.78

20:13:32     CPU    %usr   %nice    %sys %iowait    %irq   %soft  %steal  %guest  %gnice   %idle
20:13:33     all   40.34    0.00   12.00    0.26    0.00    3.93    0.00    0.00    0.00   43.47
20:13:33       0   44.79    0.00    7.29    0.00    0.00    3.12    0.00    0.00    0.00   44.79
20:13:33       1   39.18    0.00   14.43    0.00    0.00    3.09    0.00    0.00    0.00   43.30
20:13:33       2   82.00    0.00   18.00    0.00    0.00    0.00    0.00    0.00    0.00    0.00
20:13:33       3   41.67    0.00    8.33    0.00    0.00    4.17    0.00    0.00    0.00   45.83
20:13:33       4   39.00    0.00   10.00    4.00    0.00    3.00    0.00    0.00    0.00   44.00
20:13:33       5   37.11    0.00   12.37    1.03    0.00    2.06    0.00    0.00    0.00   47.42
20:13:33       6   43.88    0.00    8.16    0.00    0.00    4.08    0.00    0.00    0.00   43.88
20:13:33       7   40.00    0.00   14.00    0.00    0.00    3.00    0.00    0.00    0.00   43.00
20:13:33       8   44.55    0.00    6.93    0.00    0.00    1.98    0.00    0.00    0.00   46.53
20:13:33       9   37.76    0.00    9.18    0.00    0.00    5.10    0.00    0.00    0.00   47.96
20:13:33      10   41.84    0.00    7.14    0.00    0.00    2.04    0.00    0.00    0.00   48.98
20:13:33      11   42.55    0.00    7.45    0.00    0.00    1.06    0.00    0.00    0.00   48.94
20:13:33      12   44.44    0.00    6.06    0.00    0.00    3.03    0.00    0.00    0.00   46.46
20:13:33      13   39.80    0.00   11.22    0.00    0.00    4.08    0.00    0.00    0.00   44.90
20:13:33      14   41.41    0.00   14.14    0.00    0.00    1.01    0.00    0.00    0.00   43.43
20:13:33      15   39.18    0.00   13.40    0.00    0.00    2.06    0.00    0.00    0.00   45.36
20:13:33      16   40.82    0.00   11.22    0.00    0.00    4.08    0.00    0.00    0.00   43.88
20:13:33      17   45.00    0.00    9.00    0.00    0.00    3.00    0.00    0.00    0.00   43.00
20:13:33      18   41.41    0.00   11.11    0.00    0.00    5.05    0.00    0.00    0.00   42.42
20:13:33      19   46.39    0.00    7.22    0.00    0.00    3.09    0.00    0.00    0.00   43.30
20:13:33      20   37.11    0.00   13.40    0.00    0.00    2.06    0.00    0.00    0.00   47.42
20:13:33      21   36.84    0.00   10.53    3.16    0.00    3.16    0.00    0.00    0.00   46.32
20:13:33      22   41.84    0.00   10.20    0.00    0.00    4.08    0.00    0.00    0.00   43.88
20:13:33      23   40.00    0.00   12.63    0.00    0.00    2.11    0.00    0.00    0.00   45.26
20:13:33      24   32.65    0.00   15.31    0.00    0.00    8.16    0.00    0.00    0.00   43.88
20:13:33      25   29.59    0.00   19.39    0.00    0.00    7.14    0.00    0.00    0.00   43.88
20:13:33      26   31.63    0.00   18.37    0.00    0.00    6.12    0.00    0.00    0.00   43.88
20:13:33      27   34.34    0.00   16.16    0.00    0.00    6.06    0.00    0.00    0.00   43.43
20:13:33      28   33.00    0.00   15.00    0.00    0.00    8.00    0.00    0.00    0.00   44.00
20:13:33      29   31.96    0.00   17.53    0.00    0.00    6.19    0.00    0.00    0.00   44.33
20:13:33      30   32.99    0.00   14.43    0.00    0.00    7.22    0.00    0.00    0.00   45.36
20:13:33      31   35.35    0.00   14.14    0.00    0.00    7.07    0.00    0.00    0.00   43.43

20:13:33     CPU    %usr   %nice    %sys %iowait    %irq   %soft  %steal  %guest  %gnice   %idle
20:13:34     all   41.92    0.00   11.26    0.00    0.00    3.64    0.00    0.00    0.00   43.18
20:13:34       0   43.30    0.00   11.34    0.00    0.00    1.03    0.00    0.00    0.00   44.33
20:13:34       1   42.42    0.00   10.10    0.00    0.00    3.03    0.00    0.00    0.00   44.44
20:13:34       2   84.00    0.00   16.00    0.00    0.00    0.00    0.00    0.00    0.00    0.00
20:13:34       3   42.86    0.00   10.20    0.00    0.00    2.04    0.00    0.00    0.00   44.90
20:13:34       4   42.42    0.00   12.12    0.00    0.00    2.02    0.00    0.00    0.00   43.43
20:13:34       5   44.90    0.00    8.16    0.00    0.00    2.04    0.00    0.00    0.00   44.90
20:13:34       6   42.00    0.00   12.00    0.00    0.00    2.00    0.00    0.00    0.00   44.00
20:13:34       7   47.00    0.00    6.00    0.00    0.00    4.00    0.00    0.00    0.00   43.00
20:13:34       8   43.00    0.00    8.00    0.00    0.00    2.00    0.00    0.00    0.00   47.00
20:13:34       9   41.00    0.00    9.00    0.00    0.00    3.00    0.00    0.00    0.00   47.00
20:13:34      10   40.40    0.00    9.09    0.00    0.00    3.03    0.00    0.00    0.00   47.47
20:13:34      11   40.59    0.00    8.91    0.00    0.00    2.97    0.00    0.00    0.00   47.52
20:13:34      12   40.40    0.00    9.09    0.00    0.00    1.01    0.00    0.00    0.00   49.49
20:13:34      13   35.05    0.00   11.34    0.00    0.00    2.06    0.00    0.00    0.00   51.55
20:13:34      14   40.21    0.00   11.34    0.00    0.00    2.06    0.00    0.00    0.00   46.39
20:13:34      15   36.63    0.00   16.83    0.00    0.00    1.98    0.00    0.00    0.00   44.55
20:13:34      16   41.24    0.00   11.34    0.00    0.00    2.06    0.00    0.00    0.00   45.36
20:13:34      17   43.43    0.00   10.10    0.00    0.00    2.02    0.00    0.00    0.00   44.44
20:13:34      18   46.53    0.00    7.92    0.00    0.00    2.97    0.00    0.00    0.00   42.57
20:13:34      19   43.88    0.00   11.22    0.00    0.00    1.02    0.00    0.00    0.00   43.88
20:13:34      20   40.59    0.00   11.88    0.00    0.00    3.96    0.00    0.00    0.00   43.56
20:13:34      21   39.00    0.00   15.00    0.00    0.00    3.00    0.00    0.00    0.00   43.00
20:13:34      22   41.00    0.00   14.00    0.00    0.00    2.00    0.00    0.00    0.00   43.00
20:13:34      23   44.55    0.00    8.91    0.00    0.00    2.97    0.00    0.00    0.00   43.56
20:13:34      24   35.00    0.00   13.00    0.00    0.00    9.00    0.00    0.00    0.00   43.00
20:13:34      25   37.00    0.00   13.00    0.00    0.00    7.00    0.00    0.00    0.00   43.00
20:13:34      26   40.59    0.00   10.89    0.00    0.00    5.94    0.00    0.00    0.00   42.57
20:13:34      27   37.62    0.00   11.88    0.00    0.00    7.92    0.00    0.00    0.00   42.57
20:13:34      28   36.63    0.00   12.87    0.00    0.00    7.92    0.00    0.00    0.00   42.57
20:13:34      29   36.00    0.00   14.00    0.00    0.00    7.00    0.00    0.00    0.00   43.00
20:13:34      30   35.00    0.00   13.00    0.00    0.00    9.00    0.00    0.00    0.00   43.00
20:13:34      31   37.25    0.00   11.76    0.00    0.00    7.84    0.00    0.00    0.00   43.14

20:13:34     CPU    %usr   %nice    %sys %iowait    %irq   %soft  %steal  %guest  %gnice   %idle
20:13:35     all   40.20    0.00   11.02    0.00    0.00    3.29    0.00    0.00    0.00   45.49
20:13:35       0   40.20    0.00   12.75    0.00    0.00    1.96    0.00    0.00    0.00   45.10
20:13:35       1   39.80    0.00   11.22    0.00    0.00    3.06    0.00    0.00    0.00   45.92
20:13:35       2   84.00    0.00   16.00    0.00    0.00    0.00    0.00    0.00    0.00    0.00
20:13:35       3   35.35    0.00   14.14    0.00    0.00    4.04    0.00    0.00    0.00   46.46
20:13:35       4   40.00    0.00   12.00    0.00    0.00    3.00    0.00    0.00    0.00   45.00
20:13:35       5   44.00    0.00    8.00    0.00    0.00    3.00    0.00    0.00    0.00   45.00
20:13:35       6   43.30    0.00    8.25    0.00    0.00    3.09    0.00    0.00    0.00   45.36
20:13:35       7   41.67    0.00   10.42    0.00    0.00    1.04    0.00    0.00    0.00   46.88
20:13:35       8   41.41    0.00    6.06    0.00    0.00    3.03    0.00    0.00    0.00   49.49
20:13:35       9   34.38    0.00   11.46    0.00    0.00    2.08    0.00    0.00    0.00   52.08
20:13:35      10   42.00    0.00    7.00    0.00    0.00    2.00    0.00    0.00    0.00   49.00
20:13:35      11   41.41    0.00    7.07    0.00    0.00    4.04    0.00    0.00    0.00   47.47
20:13:35      12   42.00    0.00    7.00    0.00    0.00    2.00    0.00    0.00    0.00   49.00
20:13:35      13   40.82    0.00    8.16    0.00    0.00    2.04    0.00    0.00    0.00   48.98
20:13:35      14   39.18    0.00    9.28    0.00    0.00    3.09    0.00    0.00    0.00   48.45
20:13:35      15   34.38    0.00   15.62    0.00    0.00    1.04    0.00    0.00    0.00   48.96
20:13:35      16   39.39    0.00   13.13    0.00    0.00    2.02    0.00    0.00    0.00   45.45
20:13:35      17   46.46    0.00    6.06    0.00    0.00    2.02    0.00    0.00    0.00   45.45
20:13:35      18   46.00    0.00    8.00    0.00    0.00    1.00    0.00    0.00    0.00   45.00
20:13:35      19   39.39    0.00   12.12    0.00    0.00    2.02    0.00    0.00    0.00   46.46
20:13:35      20   39.18    0.00   12.37    0.00    0.00    2.06    0.00    0.00    0.00   46.39
20:13:35      21   40.40    0.00   11.11    0.00    0.00    3.03    0.00    0.00    0.00   45.45
20:13:35      22   43.00    0.00    9.00    0.00    0.00    3.00    0.00    0.00    0.00   45.00
20:13:35      23   42.27    0.00   11.34    0.00    0.00    1.03    0.00    0.00    0.00   45.36
20:13:35      24   30.61    0.00   15.31    0.00    0.00    6.12    0.00    0.00    0.00   47.96
20:13:35      25   32.32    0.00   15.15    0.00    0.00    5.05    0.00    0.00    0.00   47.47
20:13:35      26   34.34    0.00   13.13    0.00    0.00    5.05    0.00    0.00    0.00   47.47
20:13:35      27   34.00    0.00   13.00    0.00    0.00    6.00    0.00    0.00    0.00   47.00
20:13:35      28   32.00    0.00   13.00    0.00    0.00    8.00    0.00    0.00    0.00   47.00
20:13:35      29   33.67    0.00   10.20    0.00    0.00    8.16    0.00    0.00    0.00   47.96
20:13:35      30   30.93    0.00   13.40    0.00    0.00    8.25    0.00    0.00    0.00   47.42
20:13:35      31   37.37    0.00   12.12    0.00    0.00    4.04    0.00    0.00    0.00   46.46

20:13:35     CPU    %usr   %nice    %sys %iowait    %irq   %soft  %steal  %guest  %gnice   %idle
20:13:36     all   58.18    0.00   17.07    1.34    0.00    5.17    0.00    0.00    0.00   18.25
20:13:36       0   62.00    0.00   16.00    0.00    0.00    6.00    0.00    0.00    0.00   16.00
20:13:36       1   61.86    0.00   20.62    0.00    0.00    2.06    0.00    0.00    0.00   15.46
20:13:36       2   62.75    0.00   15.69    4.90    0.00    1.96    0.00    0.00    0.00   14.71
20:13:36       3   37.00    0.00   14.00   17.00    0.00    2.00    0.00    0.00    0.00   30.00
20:13:36       4   63.37    0.00   16.83    0.00    0.00    2.97    0.00    0.00    0.00   16.83
20:13:36       5   66.34    0.00   15.84    0.00    0.00    1.98    0.00    0.00    0.00   15.84
20:13:36       6   64.00    0.00   14.00    0.00    0.00    6.00    0.00    0.00    0.00   16.00
20:13:36       7   60.00    0.00   18.00    0.00    0.00    6.00    0.00    0.00    0.00   16.00
20:13:36       8   65.69    0.00   15.69    0.00    0.00    3.92    0.00    0.00    0.00   14.71
20:13:36       9   65.31    0.00   16.33    0.00    0.00    2.04    0.00    0.00    0.00   16.33
20:13:36      10   65.00    0.00   16.00    0.00    0.00    4.00    0.00    0.00    0.00   15.00
20:13:36      11   70.00    0.00   12.00    0.00    0.00    2.00    0.00    0.00    0.00   16.00
20:13:36      12   68.00    0.00   13.00    0.00    0.00    3.00    0.00    0.00    0.00   16.00
20:13:36      13   63.73    0.00   14.71    0.00    0.00    3.92    0.00    0.00    0.00   17.65
20:13:36      14   64.65    0.00   15.15    0.00    0.00    4.04    0.00    0.00    0.00   16.16
20:13:36      15   48.00    0.00   34.00    0.00    0.00    3.00    0.00    0.00    0.00   15.00
20:13:36      16   65.00    0.00   14.00    0.00    0.00    4.00    0.00    0.00    0.00   17.00
20:13:36      17   67.33    0.00   10.89    0.00    0.00    4.95    0.00    0.00    0.00   16.83
20:13:36      18   51.52    0.00   12.12   12.12    0.00    1.01    0.00    0.00    0.00   23.23
20:13:36      19   46.46    0.00   14.14    9.09    0.00    2.02    0.00    0.00    0.00   28.28
20:13:36      20   66.34    0.00   14.85    0.00    0.00    2.97    0.00    0.00    0.00   15.84
20:13:36      21   61.39    0.00   14.85    0.00    0.00    8.91    0.00    0.00    0.00   14.85
20:13:36      22   62.00    0.00   17.00    0.00    0.00    5.00    0.00    0.00    0.00   16.00
20:13:36      23   61.00    0.00   19.00    0.00    0.00    4.00    0.00    0.00    0.00   16.00
20:13:36      24   50.50    0.00   18.81    0.00    0.00    8.91    0.00    0.00    0.00   21.78
20:13:36      25   48.04    0.00   19.61    0.00    0.00    8.82    0.00    0.00    0.00   23.53
20:13:36      26   47.52    0.00   22.77    0.00    0.00    9.90    0.00    0.00    0.00   19.80
20:13:36      27   49.50    0.00   22.77    0.00    0.00    7.92    0.00    0.00    0.00   19.80
20:13:36      28   49.50    0.00   20.79    0.00    0.00   11.88    0.00    0.00    0.00   17.82
20:13:36      29   50.00    0.00   19.00    0.00    0.00    9.00    0.00    0.00    0.00   22.00
20:13:36      30   50.50    0.00   17.82    0.00    0.00   10.89    0.00    0.00    0.00   20.79
20:13:36      31   47.52    0.00   19.80    0.00    0.00    9.90    0.00    0.00    0.00   22.77

20:13:36     CPU    %usr   %nice    %sys %iowait    %irq   %soft  %steal  %guest  %gnice   %idle
20:13:37     all   69.04    0.00   18.81    1.16    0.00    5.94    0.00    0.00    0.00    5.06
20:13:37       0   75.00    0.00   17.00    0.00    0.00    6.00    0.00    0.00    0.00    2.00
20:13:37       1   77.00    0.00   14.00    1.00    0.00    6.00    0.00    0.00    0.00    2.00
20:13:37       2   40.00    0.00   20.00   18.95    0.00    9.47    0.00    0.00    0.00   11.58
20:13:37       3   68.69    0.00   18.18    6.06    0.00    1.01    0.00    0.00    0.00    6.06
20:13:37       4   73.20    0.00   14.43    0.00    0.00    3.09    0.00    0.00    0.00    9.28
20:13:37       5   72.28    0.00   19.80    0.00    0.00    4.95    0.00    0.00    0.00    2.97
20:13:37       6   74.26    0.00   17.82    0.00    0.00    4.95    0.00    0.00    0.00    2.97
20:13:37       7   81.19    0.00   13.86    0.00    0.00    2.97    0.00    0.00    0.00    1.98
20:13:37       8   79.00    0.00   14.00    0.00    0.00    6.00    0.00    0.00    0.00    1.00
20:13:37       9   77.00    0.00   17.00    0.00    0.00    4.00    0.00    0.00    0.00    2.00
20:13:37      10   76.77    0.00   18.18    0.00    0.00    4.04    0.00    0.00    0.00    1.01
20:13:37      11   76.24    0.00   18.81    0.00    0.00    2.97    0.00    0.00    0.00    1.98
20:13:37      12   79.21    0.00   13.86    0.00    0.00    4.95    0.00    0.00    0.00    1.98
20:13:37      13   67.68    0.00   21.21    0.00    0.00    6.06    0.00    0.00    0.00    5.05
20:13:37      14   76.47    0.00   16.67    0.00    0.00    3.92    0.00    0.00    0.00    2.94
20:13:37      15   63.37    0.00   31.68    0.00    0.00    2.97    0.00    0.00    0.00    1.98
20:13:37      16   75.00    0.00   19.00    0.00    0.00    4.00    0.00    0.00    0.00    2.00
20:13:37      17   79.00    0.00   14.00    0.00    0.00    5.00    0.00    0.00    0.00    2.00
20:13:37      18   69.39    0.00   17.35    4.08    0.00    0.00    0.00    0.00    0.00    9.18
20:13:37      19   62.00    0.00   17.00    8.00    0.00    3.00    0.00    0.00    0.00   10.00
20:13:37      20   71.84    0.00   18.45    0.00    0.00    4.85    0.00    0.00    0.00    4.85
20:13:37      21   71.43    0.00   19.39    0.00    0.00    6.12    0.00    0.00    0.00    3.06
20:13:37      22   78.79    0.00   13.13    0.00    0.00    4.04    0.00    0.00    0.00    4.04
20:13:37      23   77.00    0.00   17.00    0.00    0.00    3.00    0.00    0.00    0.00    3.00
20:13:37      24   59.60    0.00   20.20    0.00    0.00   14.14    0.00    0.00    0.00    6.06
20:13:37      25   60.00    0.00   24.00    0.00    0.00   10.00    0.00    0.00    0.00    6.00
20:13:37      26   62.75    0.00   22.55    0.00    0.00    8.82    0.00    0.00    0.00    5.88
20:13:37      27   60.40    0.00   21.78    0.00    0.00   10.89    0.00    0.00    0.00    6.93
20:13:37      28   55.00    0.00   24.00    0.00    0.00   11.00    0.00    0.00    0.00   10.00
20:13:37      29   54.00    0.00   20.00    0.00    0.00   12.00    0.00    0.00    0.00   14.00
20:13:37      30   57.00    0.00   26.00    0.00    0.00    8.00    0.00    0.00    0.00    9.00
20:13:37      31   57.69    0.00   21.15    0.00    0.00   11.54    0.00    0.00    0.00    9.62

20:13:37     CPU    %usr   %nice    %sys %iowait    %irq   %soft  %steal  %guest  %gnice   %idle
20:13:38     all   63.13    0.00   17.46    2.84    0.00    5.55    0.00    0.00    0.00   11.03
20:13:38       0   73.27    0.00   14.85    0.00    0.00    5.94    0.00    0.00    0.00    5.94
20:13:38       1   65.66    0.00   15.15    1.01    0.00    6.06    0.00    0.00    0.00   12.12
20:13:38       2   42.71    0.00   10.42    3.12    0.00    3.12    0.00    0.00    0.00   40.62
20:13:38       3   39.80    0.00    9.18   10.20    0.00    4.08    0.00    0.00    0.00   36.73
20:13:38       4   55.67    0.00   14.43   18.56    0.00    2.06    0.00    0.00    0.00    9.28
20:13:38       5   55.10    0.00   15.31   13.27    0.00    3.06    0.00    0.00    0.00   13.27
20:13:38       6   85.00    0.00   10.00    0.00    0.00    3.00    0.00    0.00    0.00    2.00
20:13:38       7   73.47    0.00   21.43    1.02    0.00    3.06    0.00    0.00    0.00    1.02
20:13:38       8   75.49    0.00   15.69    0.00    0.00    4.90    0.00    0.00    0.00    3.92
20:13:38       9   70.30    0.00   25.74    0.00    0.00    2.97    0.00    0.00    0.00    0.99
20:13:38      10   77.23    0.00   15.84    0.00    0.00    3.96    0.00    0.00    0.00    2.97
20:13:38      11   75.25    0.00   17.82    0.00    0.00    4.95    0.00    0.00    0.00    1.98
20:13:38      12   74.26    0.00   19.80    0.00    0.00    3.96    0.00    0.00    0.00    1.98
20:13:38      13   74.75    0.00   18.18    0.00    0.00    4.04    0.00    0.00    0.00    3.03
20:13:38      14   73.00    0.00   17.00    0.00    0.00    6.00    0.00    0.00    0.00    4.00
20:13:38      15   71.72    0.00   19.19    0.00    0.00    7.07    0.00    0.00    0.00    2.02
20:13:38      16   68.69    0.00   18.18    1.01    0.00    5.05    0.00    0.00    0.00    7.07
20:13:38      17   73.74    0.00   16.16    0.00    0.00    3.03    0.00    0.00    0.00    7.07
20:13:38      18   40.62    0.00    8.33    8.33    0.00    3.12    0.00    0.00    0.00   39.58
20:13:38      19   40.00    0.00   12.00   10.00    0.00    3.00    0.00    0.00    0.00   35.00
20:13:38      20   53.47    0.00   11.88   17.82    0.00    6.93    0.00    0.00    0.00    9.90
20:13:38      21   57.14    0.00   15.31    7.14    0.00    4.08    0.00    0.00    0.00   16.33
20:13:38      22   77.23    0.00   16.83    0.00    0.00    3.96    0.00    0.00    0.00    1.98
20:13:38      23   82.35    0.00   14.71    0.00    0.00    1.96    0.00    0.00    0.00    0.98
20:13:38      24   59.79    0.00   20.62    0.00    0.00   12.37    0.00    0.00    0.00    7.22
20:13:38      25   53.61    0.00   25.77    0.00    0.00    8.25    0.00    0.00    0.00   12.37
20:13:38      26   51.52    0.00   28.28    0.00    0.00    9.09    0.00    0.00    0.00   11.11
20:13:38      27   51.02    0.00   20.41    0.00    0.00    7.14    0.00    0.00    0.00   21.43
20:13:38      28   50.51    0.00   26.26    0.00    0.00   11.11    0.00    0.00    0.00   12.12
20:13:38      29   59.60    0.00   22.22    0.00    0.00    9.09    0.00    0.00    0.00    9.09
20:13:38      30   54.46    0.00   22.77    0.00    0.00   12.87    0.00    0.00    0.00    9.90
20:13:38      31   59.38    0.00   18.75    0.00    0.00    8.33    0.00    0.00    0.00   13.54

20:13:38     CPU    %usr   %nice    %sys %iowait    %irq   %soft  %steal  %guest  %gnice   %idle
20:13:39     all   62.70    0.00   17.89    3.31    0.00    6.09    0.00    0.00    0.00   10.00
20:13:39       0   62.24    0.00   19.39    8.16    0.00    1.02    0.00    0.00    0.00    9.18
20:13:39       1   59.41    0.00   15.84    5.94    0.00    9.90    0.00    0.00    0.00    8.91
20:13:39       2   73.74    0.00   18.18    0.00    0.00    5.05    0.00    0.00    0.00    3.03
20:13:39       3   72.73    0.00   17.17    0.00    0.00    6.06    0.00    0.00    0.00    4.04
20:13:39       4   31.25    0.00    9.38   20.83    0.00    3.12    0.00    0.00    0.00   35.42
20:13:39       5   29.17    0.00   11.46   16.67    0.00    4.17    0.00    0.00    0.00   38.54
20:13:39       6   77.00    0.00   15.00    0.00    0.00    5.00    0.00    0.00    0.00    3.00
20:13:39       7   75.49    0.00   17.65    0.00    0.00    2.94    0.00    0.00    0.00    3.92
20:13:39       8   77.78    0.00   13.13    0.00    0.00    6.06    0.00    0.00    0.00    3.03
20:13:39       9   72.73    0.00   16.16    0.00    0.00    8.08    0.00    0.00    0.00    3.03
20:13:39      10   72.00    0.00   20.00    0.00    0.00    2.00    0.00    0.00    0.00    6.00
20:13:39      11   64.65    0.00   30.30    0.00    0.00    3.03    0.00    0.00    0.00    2.02
20:13:39      12   78.00    0.00   14.00    0.00    0.00    5.00    0.00    0.00    0.00    3.00
20:13:39      13   74.26    0.00   17.82    0.00    0.00    4.95    0.00    0.00    0.00    2.97
20:13:39      14   74.75    0.00   18.18    0.00    0.00    4.04    0.00    0.00    0.00    3.03
20:13:39      15   76.77    0.00   14.14    0.00    0.00    6.06    0.00    0.00    0.00    3.03
20:13:39      16   67.00    0.00   11.00    8.00    0.00    3.00    0.00    0.00    0.00   11.00
20:13:39      17   58.59    0.00   19.19    8.08    0.00    4.04    0.00    0.00    0.00   10.10
20:13:39      18   73.27    0.00   18.81    0.00    0.00    4.95    0.00    0.00    0.00    2.97
20:13:39      19   72.73    0.00   22.22    0.00    0.00    3.03    0.00    0.00    0.00    2.02
20:13:39      20   29.00    0.00   13.00   20.00    0.00    4.00    0.00    0.00    0.00   34.00
20:13:39      21   28.12    0.00   12.50   19.79    0.00    3.12    0.00    0.00    0.00   36.46
20:13:39      22   74.00    0.00   19.00    0.00    0.00    5.00    0.00    0.00    0.00    2.00
20:13:39      23   76.53    0.00   18.37    0.00    0.00    3.06    0.00    0.00    0.00    2.04
20:13:39      24   54.55    0.00   23.23    0.00    0.00   11.11    0.00    0.00    0.00   11.11
20:13:39      25   58.59    0.00   24.24    0.00    0.00    9.09    0.00    0.00    0.00    8.08
20:13:39      26   53.61    0.00   21.65    0.00    0.00   10.31    0.00    0.00    0.00   14.43
20:13:39      27   52.08    0.00   26.04    0.00    0.00   13.54    0.00    0.00    0.00    8.33
20:13:39      28   62.75    0.00   16.67    0.00    0.00   12.75    0.00    0.00    0.00    7.84
20:13:39      29   54.64    0.00   20.62    0.00    0.00    8.25    0.00    0.00    0.00   16.49
20:13:39      30   53.06    0.00   20.41    0.00    0.00   13.27    0.00    0.00    0.00   13.27
20:13:39      31   61.39    0.00   17.82    0.00    0.00    9.90    0.00    0.00    0.00   10.89

20:13:39     CPU    %usr   %nice    %sys %iowait    %irq   %soft  %steal  %guest  %gnice   %idle
20:13:40     all   64.66    0.00   18.65    3.23    0.00    5.32    0.00    0.00    0.00    8.14
20:13:40       0   36.36    0.00   11.11   27.27    0.00    2.02    0.00    0.00    0.00   23.23
20:13:40       1   30.93    0.00    9.28   19.59    0.00   17.53    0.00    0.00    0.00   22.68
20:13:40       2   80.00    0.00   17.00    0.00    0.00    2.00    0.00    0.00    0.00    1.00
20:13:40       3   76.00    0.00   19.00    0.00    0.00    4.00    0.00    0.00    0.00    1.00
20:13:40       4   69.70    0.00   12.12    0.00    0.00    3.03    0.00    0.00    0.00   15.15
20:13:40       5   65.26    0.00   16.84    0.00    0.00    3.16    0.00    0.00    0.00   14.74
20:13:40       6   75.25    0.00   19.80    0.00    0.00    2.97    0.00    0.00    0.00    1.98
20:13:40       7   75.25    0.00   18.81    0.00    0.00    3.96    0.00    0.00    0.00    1.98
20:13:40       8   81.82    0.00   14.14    0.00    0.00    2.02    0.00    0.00    0.00    2.02
20:13:40       9   78.43    0.00   16.67    0.00    0.00    2.94    0.00    0.00    0.00    1.96
20:13:40      10   78.22    0.00   16.83    0.00    0.00    2.97    0.00    0.00    0.00    1.98
20:13:40      11   72.73    0.00   20.20    0.00    0.00    5.05    0.00    0.00    0.00    2.02
20:13:40      12   72.00    0.00   19.00    0.00    0.00    5.00    0.00    0.00    0.00    4.00
20:13:40      13   61.00    0.00   34.00    0.00    0.00    4.00    0.00    0.00    0.00    1.00
20:13:40      14   70.71    0.00   24.24    0.00    0.00    4.04    0.00    0.00    0.00    1.01
20:13:40      15   79.80    0.00   16.16    0.00    0.00    2.02    0.00    0.00    0.00    2.02
20:13:40      16   27.84    0.00   12.37   28.87    0.00    2.06    0.00    0.00    0.00   28.87
20:13:40      17   30.85    0.00   11.70   28.72    0.00    0.00    0.00    0.00    0.00   28.72
20:13:40      18   78.00    0.00   15.00    0.00    0.00    4.00    0.00    0.00    0.00    3.00
20:13:40      19   78.00    0.00   16.00    0.00    0.00    4.00    0.00    0.00    0.00    2.00
20:13:40      20   68.75    0.00   10.42    0.00    0.00    4.17    0.00    0.00    0.00   16.67
20:13:40      21   64.29    0.00   18.37    1.02    0.00    1.02    0.00    0.00    0.00   15.31
20:13:40      22   78.00    0.00   16.00    0.00    0.00    5.00    0.00    0.00    0.00    1.00
20:13:40      23   74.26    0.00   20.79    0.00    0.00    2.97    0.00    0.00    0.00    1.98
20:13:40      24   53.54    0.00   28.28    0.00    0.00   11.11    0.00    0.00    0.00    7.07
20:13:40      25   63.16    0.00   23.16    0.00    0.00    6.32    0.00    0.00    0.00    7.37
20:13:40      26   57.73    0.00   18.56    0.00    0.00   15.46    0.00    0.00    0.00    8.25
20:13:40      27   56.57    0.00   22.22    0.00    0.00   10.10    0.00    0.00    0.00   11.11
20:13:40      28   57.73    0.00   23.71    0.00    0.00    9.28    0.00    0.00    0.00    9.28
20:13:40      29   60.20    0.00   21.43    0.00    0.00   11.22    0.00    0.00    0.00    7.14
20:13:40      30   55.21    0.00   29.17    0.00    0.00    5.21    0.00    0.00    0.00   10.42
20:13:40      31   56.00    0.00   24.00    0.00    0.00   12.00    0.00    0.00    0.00    8.00

20:13:40     CPU    %usr   %nice    %sys %iowait    %irq   %soft  %steal  %guest  %gnice   %idle
20:13:41     all   65.78    0.00   17.77    3.53    0.00    6.30    0.00    0.00    0.00    6.62
20:13:41       0   27.84    0.00   13.40   34.02    0.00    1.03    0.00    0.00    0.00   23.71
20:13:41       1   28.16    0.00   11.65   22.33    0.00   15.53    0.00    0.00    0.00   22.33
20:13:41       2   74.75    0.00   19.19    0.00    0.00    4.04    0.00    0.00    0.00    2.02
20:13:41       3   76.77    0.00   13.13    0.00    0.00    5.05    0.00    0.00    0.00    5.05
20:13:41       4   81.00    0.00   15.00    0.00    0.00    2.00    0.00    0.00    0.00    2.00
20:13:41       5   75.00    0.00   17.00    0.00    0.00    6.00    0.00    0.00    0.00    2.00
20:13:41       6   77.55    0.00   17.35    0.00    0.00    4.08    0.00    0.00    0.00    1.02
20:13:41       7   77.23    0.00   15.84    0.00    0.00    4.95    0.00    0.00    0.00    1.98
20:13:41       8   78.00    0.00   12.00    0.00    0.00    8.00    0.00    0.00    0.00    2.00
20:13:41       9   74.00    0.00   19.00    0.00    0.00    5.00    0.00    0.00    0.00    2.00
20:13:41      10   79.80    0.00   16.16    0.00    0.00    3.03    0.00    0.00    0.00    1.01
20:13:41      11   78.00    0.00   18.00    0.00    0.00    2.00    0.00    0.00    0.00    2.00
20:13:41      12   78.57    0.00   13.27    0.00    0.00    5.10    0.00    0.00    0.00    3.06
20:13:41      13   74.00    0.00   19.00    0.00    0.00    4.00    0.00    0.00    0.00    3.00
20:13:41      14   72.45    0.00   16.33    0.00    0.00    7.14    0.00    0.00    0.00    4.08
20:13:41      15   73.53    0.00   17.65    0.00    0.00    4.90    0.00    0.00    0.00    3.92
20:13:41      16   30.77    0.00   13.46   26.92    0.00    0.96    0.00    0.00    0.00   27.88
20:13:41      17   27.27    0.00   13.13   28.28    0.00    3.03    0.00    0.00    0.00   28.28
20:13:41      18   77.78    0.00   18.18    0.00    0.00    2.02    0.00    0.00    0.00    2.02
20:13:41      19   74.75    0.00   18.18    0.00    0.00    4.04    0.00    0.00    0.00    3.03
20:13:41      20   77.55    0.00   17.35    0.00    0.00    3.06    0.00    0.00    0.00    2.04
20:13:41      21   74.49    0.00   16.33    0.00    0.00    4.08    0.00    0.00    0.00    5.10
20:13:41      22   77.23    0.00   15.84    0.00    0.00    3.96    0.00    0.00    0.00    2.97
20:13:41      23   73.74    0.00   21.21    0.00    0.00    4.04    0.00    0.00    0.00    1.01
20:13:41      24   56.25    0.00   23.96    0.00    0.00   10.42    0.00    0.00    0.00    9.38
20:13:41      25   58.76    0.00   21.65    0.00    0.00   11.34    0.00    0.00    0.00    8.25
20:13:41      26   59.79    0.00   23.71    0.00    0.00   10.31    0.00    0.00    0.00    6.19
20:13:41      27   51.55    0.00   22.68    0.00    0.00   15.46    0.00    0.00    0.00   10.31
20:13:41      28   59.18    0.00   22.45    0.00    0.00   14.29    0.00    0.00    0.00    4.08
20:13:41      29   64.36    0.00   20.79    0.00    0.00   10.89    0.00    0.00    0.00    3.96
20:13:41      30   63.92    0.00   20.62    0.00    0.00    8.25    0.00    0.00    0.00    7.22
20:13:41      31   52.00    0.00   26.00    0.00    0.00   14.00    0.00    0.00    0.00    8.00

20:13:41     CPU    %usr   %nice    %sys %iowait    %irq   %soft  %steal  %guest  %gnice   %idle
20:13:42     all   55.77    0.00   15.40    3.26    0.00    4.96    0.00    0.00    0.00   20.61
20:13:42       0   41.05    0.00   10.53   18.95    0.00    1.05    0.00    0.00    0.00   28.42
20:13:42       1   39.60    0.00   11.88    8.91    0.00    9.90    0.00    0.00    0.00   29.70
20:13:42       2   72.28    0.00   16.83    0.00    0.00    3.96    0.00    0.00    0.00    6.93
20:13:42       3   75.00    0.00   15.00    0.00    0.00    5.00    0.00    0.00    0.00    5.00
20:13:42       4   53.12    0.00   19.79    7.29    0.00    2.08    0.00    0.00    0.00   17.71
20:13:42       5   81.19    0.00   13.86    0.99    0.00    0.00    0.00    0.00    0.00    3.96
20:13:42       6   57.58    0.00   16.16    0.00    0.00    4.04    0.00    0.00    0.00   22.22
20:13:42       7   64.00    0.00   18.00    0.00    0.00    6.00    0.00    0.00    0.00   12.00
20:13:42       8   64.36    0.00   15.84    0.00    0.00    3.96    0.00    0.00    0.00   15.84
20:13:42       9   50.51    0.00   10.10    4.04    0.00    3.03    0.00    0.00    0.00   32.32
20:13:42      10   43.88    0.00   14.29    0.00    0.00    3.06    0.00    0.00    0.00   38.78
20:13:42      11   60.20    0.00   21.43    0.00    0.00    5.10    0.00    0.00    0.00   13.27
20:13:42      12   59.00    0.00   16.00    0.00    0.00    3.00    0.00    0.00    0.00   22.00
20:13:42      13   59.00    0.00   11.00    0.00    0.00    3.00    0.00    0.00    0.00   27.00
20:13:42      14   59.60    0.00   12.12    0.00    0.00    4.04    0.00    0.00    0.00   24.24
20:13:42      15   61.86    0.00    8.25    0.00    0.00    1.03    0.00    0.00    0.00   28.87
20:13:42      16   40.20    0.00   14.71   24.51    0.00    1.96    0.00    0.00    0.00   18.63
20:13:42      17   38.78    0.00   12.24   22.45    0.00    3.06    0.00    0.00    0.00   23.47
20:13:42      18   61.00    0.00   14.00    0.00    0.00    3.00    0.00    0.00    0.00   22.00
20:13:42      19   75.00    0.00   16.00    0.00    0.00    4.00    0.00    0.00    0.00    5.00
20:13:42      20   59.79    0.00   16.49    7.22    0.00    2.06    0.00    0.00    0.00   14.43
20:13:42      21   68.00    0.00   12.00    6.00    0.00    3.00    0.00    0.00    0.00   11.00
20:13:42      22   69.00    0.00   12.00    0.00    0.00    6.00    0.00    0.00    0.00   13.00
20:13:42      23   65.26    0.00   12.63    0.00    0.00    6.32    0.00    0.00    0.00   15.79
20:13:42      24   43.88    0.00   19.39    4.08    0.00   11.22    0.00    0.00    0.00   21.43
20:13:42      25   48.96    0.00   19.79    0.00    0.00    7.29    0.00    0.00    0.00   23.96
20:13:42      26   38.38    0.00   14.14    0.00    0.00    5.05    0.00    0.00    0.00   42.42
20:13:42      27   47.42    0.00   16.49    0.00    0.00    8.25    0.00    0.00    0.00   27.84
20:13:42      28   48.48    0.00   21.21    0.00    0.00    8.08    0.00    0.00    0.00   22.22
20:13:42      29   46.00    0.00   20.00    0.00    0.00   10.00    0.00    0.00    0.00   24.00
20:13:42      30   42.86    0.00   21.43    0.00    0.00    9.18    0.00    0.00    0.00   26.53
20:13:42      31   47.47    0.00   19.19    0.00    0.00   12.12    0.00    0.00    0.00   21.21

Average:     CPU    %usr   %nice    %sys %iowait    %irq   %soft  %steal  %guest  %gnice   %idle
Average:     all   68.58    0.00   15.41    1.04    0.00    4.86    0.00    0.00    0.00   10.12
Average:       0   66.64    0.00   11.63    3.97    0.00    3.00    0.00    0.00    0.00   14.75
Average:       1   63.47    0.00   12.21    4.05    0.00    6.94    0.00    0.00    0.00   13.33
Average:       2   72.59    0.00   15.62    0.78    0.00    3.61    0.00    0.00    0.00    7.39
Average:       3   74.56    0.00   13.32    1.02    0.00    3.22    0.00    0.00    0.00    7.88
Average:       4   65.76    0.00   14.86    3.68    0.00    3.73    0.00    0.00    0.00   11.97
Average:       5   68.70    0.00   15.53    2.20    0.00    3.36    0.00    0.00    0.00   10.20
Average:       6   74.53    0.00   14.06    0.02    0.00    3.64    0.00    0.00    0.00    7.76
Average:       7   72.71    0.00   16.22    0.03    0.00    3.36    0.00    0.00    0.00    7.67
Average:       8   74.90    0.00   12.61    0.10    0.00    3.25    0.00    0.00    0.00    9.14
Average:       9   74.99    0.00   12.74    0.15    0.00    3.02    0.00    0.00    0.00    9.11
Average:      10   73.23    0.00   13.59    0.12    0.00    3.68    0.00    0.00    0.00    9.37
Average:      11   73.12    0.00   14.25    0.05    0.00    3.86    0.00    0.00    0.00    8.73
Average:      12   72.98    0.00   14.46    0.02    0.00    3.76    0.00    0.00    0.00    8.78
Average:      13   75.21    0.00   13.94    0.03    0.00    3.60    0.00    0.00    0.00    7.21
Average:      14   75.94    0.00   12.52    0.00    0.00    3.37    0.00    0.00    0.00    8.17
Average:      15   75.81    0.00   12.76    0.00    0.00    3.43    0.00    0.00    0.00    8.00
Average:      16   65.62    0.00   12.22    4.45    0.00    2.56    0.00    0.00    0.00   15.15
Average:      17   68.61    0.00   11.58    4.05    0.00    2.27    0.00    0.00    0.00   13.50
Average:      18   70.23    0.00   15.45    0.84    0.00    3.49    0.00    0.00    0.00   10.00
Average:      19   72.22    0.00   13.55    1.14    0.00    3.42    0.00    0.00    0.00    9.66
Average:      20   67.30    0.00   14.90    2.73    0.00    3.34    0.00    0.00    0.00   11.72
Average:      21   66.54    0.00   15.30    2.90    0.00    3.62    0.00    0.00    0.00   11.63
Average:      22   76.61    0.00   12.56    0.02    0.00    3.14    0.00    0.00    0.00    7.67
Average:      23   72.79    0.00   16.31    0.02    0.00    3.30    0.00    0.00    0.00    7.58
Average:      24   61.29    0.00   19.51    0.08    0.00    9.09    0.00    0.00    0.00   10.03
Average:      25   61.49    0.00   19.43    0.37    0.00    8.72    0.00    0.00    0.00    9.99
Average:      26   58.23    0.00   20.49    0.02    0.00    9.01    0.00    0.00    0.00   12.25
Average:      27   57.93    0.00   20.65    0.24    0.00    9.09    0.00    0.00    0.00   12.09
Average:      28   58.92    0.00   20.50    0.01    0.00    9.12    0.00    0.00    0.00   11.45
Average:      29   59.84    0.00   20.34    0.10    0.00    9.00    0.00    0.00    0.00   10.71
Average:      30   60.39    0.00   20.41    0.01    0.00    8.83    0.00    0.00    0.00   10.35
Average:      31   60.60    0.00   19.81    0.10    0.00    8.79    0.00    0.00    0.00   10.69
